key,group,type,default,secret,required,editable_by,approval,snapshot_on_business,runtime_reload,description,enum,lifecycle,required_in,reload_strategy,restart_required,secret_ref_policy,validator,owner,change_risk,rollback_supported,schema_version,display_name,ui_group,control_type,unit,min_value,max_value,step,pattern,option_source,help_text,risk_prompt,visible_when,enabled_when,dependency_keys,cross_field_rule_ids,approver_role,impact_scope,preview_strategy,rollback_strategy,audit_event,ui_order,ui_schema_version,maturity
platform.brand.name,platform,string,合伙云 Pro,False,False,"['operations_admin', 'platform_engineer']",NONE,False,True,平台品牌名,,VERSIONED_BUSINESS_CONFIGURATION,DEFAULT_OR_ACTIVE_VERSION,ATOMIC_HOT_RELOAD,False,NOT_SECRET,type+range+cross_field+business_invariant,platform_owner,MEDIUM,True,1,平台品牌名,平台品牌,TEXT_INPUT,,,,,,none,平台品牌名。值来源、环境、生效和回滚必须遵守配置生命周期；禁止在业务代码中另设默认值。,修改后按生效策略刷新；页面展示影响范围和可回滚版本。,当前环境和配置依赖满足；秘密字段仅显示“已配置/未配置”,具备编辑角色，当前无激活任务；涉及生产/资金/安全时会话已升级,,,operations_admin,平台品牌领域；具体受影响页面、接口和任务由需求追踪矩阵反向查询,保存前显示旧值/新值、依赖校验、跨字段规则、受影响环境和业务快照差异,激活后保留不可变版本；通过审批回滚到最近已验证版本，不直接修改历史版本,config.platform.changed,1,1.2.2,FROZEN_OPERATIONAL_V1.2.2
platform.brand.slogan,platform,string,合作共赢 · 云创未来,False,False,"['operations_admin', 'platform_engineer']",NONE,False,True,品牌口号,,VERSIONED_BUSINESS_CONFIGURATION,DEFAULT_OR_ACTIVE_VERSION,ATOMIC_HOT_RELOAD,False,NOT_SECRET,type+range+cross_field+business_invariant,platform_owner,MEDIUM,True,1,品牌口号,平台品牌,TEXTAREA,,,,,,none,品牌口号。值来源、环境、生效和回滚必须遵守配置生命周期；禁止在业务代码中另设默认值。,修改后按生效策略刷新；页面展示影响范围和可回滚版本。,当前环境和配置依赖满足；秘密字段仅显示“已配置/未配置”,具备编辑角色，当前无激活任务；涉及生产/资金/安全时会话已升级,,,operations_admin,平台品牌领域；具体受影响页面、接口和任务由需求追踪矩阵反向查询,保存前显示旧值/新值、依赖校验、跨字段规则、受影响环境和业务快照差异,激活后保留不可变版本；通过审批回滚到最近已验证版本，不直接修改历史版本,config.platform.changed,2,1.2.2,FROZEN_OPERATIONAL_V1.2.2
platform.base_domain,domain,string,orbexa.cc,False,False,"['platform_engineer', 'release_manager']",TWO_PERSON,False,False,根域名,,STARTUP_CONFIGURATION,"STAGING,PRODUCTION",RESTART_REQUIRED,True,NOT_SECRET,type+range+cross_field,domain_owner,HIGH,True,1,根域名,域名与环境,DOMAIN_INPUT,,,,,"^(?=.{1,253}$)([a-z0-9](?:[a-z0-9-]{0,61}[a-z0-9])?\.)+[a-z]{2,63}$",none,根域名。值来源、环境、生效和回滚必须遵守配置生命周期；禁止在业务代码中另设默认值。,该配置可能影响资金、安全、域名或生产流量；保存只生成草稿，审批和影响预览通过后方可激活。,当前环境和配置依赖满足；秘密字段仅显示“已配置/未配置”,具备编辑角色，当前无激活任务；涉及生产/资金/安全时会话已升级,,CFG-RULE-009;CFG-RULE-010,security_admin,域名与环境领域；具体受影响页面、接口和任务由需求追踪矩阵反向查询,保存前显示旧值/新值、依赖校验、跨字段规则、受影响环境和业务快照差异,激活后保留不可变版本；通过审批回滚到最近已验证版本，不直接修改历史版本,config.domain.changed,1,1.2.2,FROZEN_OPERATIONAL_V1.2.2
domain.www.host,domain,string,www.orbexa.cc,False,False,"['platform_engineer', 'release_manager']",TWO_PERSON,False,False,www服务域名,,STARTUP_CONFIGURATION,"STAGING,PRODUCTION",RESTART_REQUIRED,True,NOT_SECRET,type+range+cross_field,domain_owner,HIGH,True,1,www服务域名,域名与环境,DOMAIN_INPUT,,,,,"^(?=.{1,253}$)([a-z0-9](?:[a-z0-9-]{0,61}[a-z0-9])?\.)+[a-z]{2,63}$",none,www服务域名。值来源、环境、生效和回滚必须遵守配置生命周期；禁止在业务代码中另设默认值。,该配置可能影响资金、安全、域名或生产流量；保存只生成草稿，审批和影响预览通过后方可激活。,当前环境和配置依赖满足；秘密字段仅显示“已配置/未配置”,具备编辑角色，当前无激活任务；涉及生产/资金/安全时会话已升级,,CFG-RULE-009;CFG-RULE-010,security_admin,域名与环境领域；具体受影响页面、接口和任务由需求追踪矩阵反向查询,保存前显示旧值/新值、依赖校验、跨字段规则、受影响环境和业务快照差异,激活后保留不可变版本；通过审批回滚到最近已验证版本，不直接修改历史版本,config.domain.changed,2,1.2.2,FROZEN_OPERATIONAL_V1.2.2
domain.api.host,domain,string,api.orbexa.cc,False,False,"['platform_engineer', 'release_manager']",TWO_PERSON,False,False,api服务域名,,STARTUP_CONFIGURATION,"STAGING,PRODUCTION",RESTART_REQUIRED,True,NOT_SECRET,type+range+cross_field,domain_owner,HIGH,True,1,api服务域名,域名与环境,DOMAIN_INPUT,,,,,"^(?=.{1,253}$)([a-z0-9](?:[a-z0-9-]{0,61}[a-z0-9])?\.)+[a-z]{2,63}$",none,api服务域名。值来源、环境、生效和回滚必须遵守配置生命周期；禁止在业务代码中另设默认值。,该配置可能影响资金、安全、域名或生产流量；保存只生成草稿，审批和影响预览通过后方可激活。,当前环境和配置依赖满足；秘密字段仅显示“已配置/未配置”,具备编辑角色，当前无激活任务；涉及生产/资金/安全时会话已升级,,CFG-RULE-009;CFG-RULE-010,security_admin,域名与环境领域；具体受影响页面、接口和任务由需求追踪矩阵反向查询,保存前显示旧值/新值、依赖校验、跨字段规则、受影响环境和业务快照差异,激活后保留不可变版本；通过审批回滚到最近已验证版本，不直接修改历史版本,config.domain.changed,3,1.2.2,FROZEN_OPERATIONAL_V1.2.2
domain.ws.host,domain,string,ws.orbexa.cc,False,False,"['platform_engineer', 'release_manager']",TWO_PERSON,False,False,ws服务域名,,STARTUP_CONFIGURATION,"STAGING,PRODUCTION",RESTART_REQUIRED,True,NOT_SECRET,type+range+cross_field,domain_owner,HIGH,True,1,ws服务域名,域名与环境,DOMAIN_INPUT,,,,,"^(?=.{1,253}$)([a-z0-9](?:[a-z0-9-]{0,61}[a-z0-9])?\.)+[a-z]{2,63}$",none,ws服务域名。值来源、环境、生效和回滚必须遵守配置生命周期；禁止在业务代码中另设默认值。,该配置可能影响资金、安全、域名或生产流量；保存只生成草稿，审批和影响预览通过后方可激活。,当前环境和配置依赖满足；秘密字段仅显示“已配置/未配置”,具备编辑角色，当前无激活任务；涉及生产/资金/安全时会话已升级,,CFG-RULE-009;CFG-RULE-010,security_admin,域名与环境领域；具体受影响页面、接口和任务由需求追踪矩阵反向查询,保存前显示旧值/新值、依赖校验、跨字段规则、受影响环境和业务快照差异,激活后保留不可变版本；通过审批回滚到最近已验证版本，不直接修改历史版本,config.domain.changed,4,1.2.2,FROZEN_OPERATIONAL_V1.2.2
domain.admin.host,domain,string,admin.orbexa.cc,False,False,"['platform_engineer', 'release_manager']",TWO_PERSON,False,False,admin服务域名,,STARTUP_CONFIGURATION,"STAGING,PRODUCTION",RESTART_REQUIRED,True,NOT_SECRET,type+range+cross_field,domain_owner,HIGH,True,1,admin服务域名,域名与环境,DOMAIN_INPUT,,,,,"^(?=.{1,253}$)([a-z0-9](?:[a-z0-9-]{0,61}[a-z0-9])?\.)+[a-z]{2,63}$",none,admin服务域名。值来源、环境、生效和回滚必须遵守配置生命周期；禁止在业务代码中另设默认值。,该配置可能影响资金、安全、域名或生产流量；保存只生成草稿，审批和影响预览通过后方可激活。,当前环境和配置依赖满足；秘密字段仅显示“已配置/未配置”,具备编辑角色，当前无激活任务；涉及生产/资金/安全时会话已升级,,CFG-RULE-009;CFG-RULE-010,security_admin,域名与环境领域；具体受影响页面、接口和任务由需求追踪矩阵反向查询,保存前显示旧值/新值、依赖校验、跨字段规则、受影响环境和业务快照差异,激活后保留不可变版本；通过审批回滚到最近已验证版本，不直接修改历史版本,config.domain.changed,5,1.2.2,FROZEN_OPERATIONAL_V1.2.2
domain.h5.host,domain,string,h5.orbexa.cc,False,False,"['platform_engineer', 'release_manager']",TWO_PERSON,False,False,h5服务域名,,STARTUP_CONFIGURATION,"STAGING,PRODUCTION",RESTART_REQUIRED,True,NOT_SECRET,type+range+cross_field,domain_owner,HIGH,True,1,h5服务域名,域名与环境,DOMAIN_INPUT,,,,,"^(?=.{1,253}$)([a-z0-9](?:[a-z0-9-]{0,61}[a-z0-9])?\.)+[a-z]{2,63}$",none,h5服务域名。值来源、环境、生效和回滚必须遵守配置生命周期；禁止在业务代码中另设默认值。,该配置可能影响资金、安全、域名或生产流量；保存只生成草稿，审批和影响预览通过后方可激活。,当前环境和配置依赖满足；秘密字段仅显示“已配置/未配置”,具备编辑角色，当前无激活任务；涉及生产/资金/安全时会话已升级,,CFG-RULE-009;CFG-RULE-010,security_admin,域名与环境领域；具体受影响页面、接口和任务由需求追踪矩阵反向查询,保存前显示旧值/新值、依赖校验、跨字段规则、受影响环境和业务快照差异,激活后保留不可变版本；通过审批回滚到最近已验证版本，不直接修改历史版本,config.domain.changed,6,1.2.2,FROZEN_OPERATIONAL_V1.2.2
domain.download.host,domain,string,download.orbexa.cc,False,False,"['platform_engineer', 'release_manager']",TWO_PERSON,False,False,download服务域名,,STARTUP_CONFIGURATION,"STAGING,PRODUCTION",RESTART_REQUIRED,True,NOT_SECRET,type+range+cross_field,domain_owner,HIGH,True,1,download服务域名,域名与环境,DOMAIN_INPUT,,,,,"^(?=.{1,253}$)([a-z0-9](?:[a-z0-9-]{0,61}[a-z0-9])?\.)+[a-z]{2,63}$",none,download服务域名。值来源、环境、生效和回滚必须遵守配置生命周期；禁止在业务代码中另设默认值。,该配置可能影响资金、安全、域名或生产流量；保存只生成草稿，审批和影响预览通过后方可激活。,当前环境和配置依赖满足；秘密字段仅显示“已配置/未配置”,具备编辑角色，当前无激活任务；涉及生产/资金/安全时会话已升级,,CFG-RULE-009;CFG-RULE-010,security_admin,域名与环境领域；具体受影响页面、接口和任务由需求追踪矩阵反向查询,保存前显示旧值/新值、依赖校验、跨字段规则、受影响环境和业务快照差异,激活后保留不可变版本；通过审批回滚到最近已验证版本，不直接修改历史版本,config.domain.changed,7,1.2.2,FROZEN_OPERATIONAL_V1.2.2
domain.assets.host,domain,string,assets.orbexa.cc,False,False,"['platform_engineer', 'release_manager']",TWO_PERSON,False,False,assets服务域名,,STARTUP_CONFIGURATION,"STAGING,PRODUCTION",RESTART_REQUIRED,True,NOT_SECRET,type+range+cross_field,domain_owner,HIGH,True,1,assets服务域名,域名与环境,DOMAIN_INPUT,,,,,"^(?=.{1,253}$)([a-z0-9](?:[a-z0-9-]{0,61}[a-z0-9])?\.)+[a-z]{2,63}$",none,assets服务域名。值来源、环境、生效和回滚必须遵守配置生命周期；禁止在业务代码中另设默认值。,该配置可能影响资金、安全、域名或生产流量；保存只生成草稿，审批和影响预览通过后方可激活。,当前环境和配置依赖满足；秘密字段仅显示“已配置/未配置”,具备编辑角色，当前无激活任务；涉及生产/资金/安全时会话已升级,,CFG-RULE-009;CFG-RULE-010,security_admin,域名与环境领域；具体受影响页面、接口和任务由需求追踪矩阵反向查询,保存前显示旧值/新值、依赖校验、跨字段规则、受影响环境和业务快照差异,激活后保留不可变版本；通过审批回滚到最近已验证版本，不直接修改历史版本,config.domain.changed,8,1.2.2,FROZEN_OPERATIONAL_V1.2.2
domain.stg_api.host,domain,string,stg-api.orbexa.cc,False,False,"['platform_engineer', 'release_manager']",TWO_PERSON,False,False,stg-api服务域名,,STARTUP_CONFIGURATION,"STAGING,PRODUCTION",RESTART_REQUIRED,True,NOT_SECRET,type+range+cross_field,domain_owner,HIGH,True,1,stg-api服务域名,域名与环境,DOMAIN_INPUT,,,,,"^(?=.{1,253}$)([a-z0-9](?:[a-z0-9-]{0,61}[a-z0-9])?\.)+[a-z]{2,63}$",none,stg-api服务域名。值来源、环境、生效和回滚必须遵守配置生命周期；禁止在业务代码中另设默认值。,该配置可能影响资金、安全、域名或生产流量；保存只生成草稿，审批和影响预览通过后方可激活。,当前环境和配置依赖满足；秘密字段仅显示“已配置/未配置”,具备编辑角色，当前无激活任务；涉及生产/资金/安全时会话已升级,,CFG-RULE-009;CFG-RULE-010,security_admin,域名与环境领域；具体受影响页面、接口和任务由需求追踪矩阵反向查询,保存前显示旧值/新值、依赖校验、跨字段规则、受影响环境和业务快照差异,激活后保留不可变版本；通过审批回滚到最近已验证版本，不直接修改历史版本,config.domain.changed,9,1.2.2,FROZEN_OPERATIONAL_V1.2.2
domain.stg_ws.host,domain,string,stg-ws.orbexa.cc,False,False,"['platform_engineer', 'release_manager']",TWO_PERSON,False,False,stg-ws服务域名,,STARTUP_CONFIGURATION,"STAGING,PRODUCTION",RESTART_REQUIRED,True,NOT_SECRET,type+range+cross_field,domain_owner,HIGH,True,1,stg-ws服务域名,域名与环境,DOMAIN_INPUT,,,,,"^(?=.{1,253}$)([a-z0-9](?:[a-z0-9-]{0,61}[a-z0-9])?\.)+[a-z]{2,63}$",none,stg-ws服务域名。值来源、环境、生效和回滚必须遵守配置生命周期；禁止在业务代码中另设默认值。,该配置可能影响资金、安全、域名或生产流量；保存只生成草稿，审批和影响预览通过后方可激活。,当前环境和配置依赖满足；秘密字段仅显示“已配置/未配置”,具备编辑角色，当前无激活任务；涉及生产/资金/安全时会话已升级,,CFG-RULE-009;CFG-RULE-010,security_admin,域名与环境领域；具体受影响页面、接口和任务由需求追踪矩阵反向查询,保存前显示旧值/新值、依赖校验、跨字段规则、受影响环境和业务快照差异,激活后保留不可变版本；通过审批回滚到最近已验证版本，不直接修改历史版本,config.domain.changed,10,1.2.2,FROZEN_OPERATIONAL_V1.2.2
domain.stg_admin.host,domain,string,stg-admin.orbexa.cc,False,False,"['platform_engineer', 'release_manager']",TWO_PERSON,False,False,stg-admin服务域名,,STARTUP_CONFIGURATION,"STAGING,PRODUCTION",RESTART_REQUIRED,True,NOT_SECRET,type+range+cross_field,domain_owner,HIGH,True,1,stg-admin服务域名,域名与环境,DOMAIN_INPUT,,,,,"^(?=.{1,253}$)([a-z0-9](?:[a-z0-9-]{0,61}[a-z0-9])?\.)+[a-z]{2,63}$",none,stg-admin服务域名。值来源、环境、生效和回滚必须遵守配置生命周期；禁止在业务代码中另设默认值。,该配置可能影响资金、安全、域名或生产流量；保存只生成草稿，审批和影响预览通过后方可激活。,当前环境和配置依赖满足；秘密字段仅显示“已配置/未配置”,具备编辑角色，当前无激活任务；涉及生产/资金/安全时会话已升级,,CFG-RULE-009;CFG-RULE-010,security_admin,域名与环境领域；具体受影响页面、接口和任务由需求追踪矩阵反向查询,保存前显示旧值/新值、依赖校验、跨字段规则、受影响环境和业务快照差异,激活后保留不可变版本；通过审批回滚到最近已验证版本，不直接修改历史版本,config.domain.changed,11,1.2.2,FROZEN_OPERATIONAL_V1.2.2
domain.stg_h5.host,domain,string,stg-h5.orbexa.cc,False,False,"['platform_engineer', 'release_manager']",TWO_PERSON,False,False,stg-h5服务域名,,STARTUP_CONFIGURATION,"STAGING,PRODUCTION",RESTART_REQUIRED,True,NOT_SECRET,type+range+cross_field,domain_owner,HIGH,True,1,stg-h5服务域名,域名与环境,DOMAIN_INPUT,,,,,"^(?=.{1,253}$)([a-z0-9](?:[a-z0-9-]{0,61}[a-z0-9])?\.)+[a-z]{2,63}$",none,stg-h5服务域名。值来源、环境、生效和回滚必须遵守配置生命周期；禁止在业务代码中另设默认值。,该配置可能影响资金、安全、域名或生产流量；保存只生成草稿，审批和影响预览通过后方可激活。,当前环境和配置依赖满足；秘密字段仅显示“已配置/未配置”,具备编辑角色，当前无激活任务；涉及生产/资金/安全时会话已升级,,CFG-RULE-009;CFG-RULE-010,security_admin,域名与环境领域；具体受影响页面、接口和任务由需求追踪矩阵反向查询,保存前显示旧值/新值、依赖校验、跨字段规则、受影响环境和业务快照差异,激活后保留不可变版本；通过审批回滚到最近已验证版本，不直接修改历史版本,config.domain.changed,12,1.2.2,FROZEN_OPERATIONAL_V1.2.2
domain.stg_download.host,domain,string,stg-download.orbexa.cc,False,False,"['platform_engineer', 'release_manager']",TWO_PERSON,False,False,stg-download服务域名,,STARTUP_CONFIGURATION,"STAGING,PRODUCTION",RESTART_REQUIRED,True,NOT_SECRET,type+range+cross_field,domain_owner,HIGH,True,1,stg-download服务域名,域名与环境,DOMAIN_INPUT,,,,,"^(?=.{1,253}$)([a-z0-9](?:[a-z0-9-]{0,61}[a-z0-9])?\.)+[a-z]{2,63}$",none,stg-download服务域名。值来源、环境、生效和回滚必须遵守配置生命周期；禁止在业务代码中另设默认值。,该配置可能影响资金、安全、域名或生产流量；保存只生成草稿，审批和影响预览通过后方可激活。,当前环境和配置依赖满足；秘密字段仅显示“已配置/未配置”,具备编辑角色，当前无激活任务；涉及生产/资金/安全时会话已升级,,CFG-RULE-009;CFG-RULE-010,security_admin,域名与环境领域；具体受影响页面、接口和任务由需求追踪矩阵反向查询,保存前显示旧值/新值、依赖校验、跨字段规则、受影响环境和业务快照差异,激活后保留不可变版本；通过审批回滚到最近已验证版本，不直接修改历史版本,config.domain.changed,13,1.2.2,FROZEN_OPERATIONAL_V1.2.2
auth.default_login_method,auth,enum,PASSWORD,False,True,"['security_admin', 'platform_engineer']",TWO_PERSON,False,False,默认登录方式,"['PASSWORD', 'SMS']",STARTUP_CONFIGURATION,ALL,RESTART_REQUIRED,True,NOT_SECRET,type+range+cross_field,auth_owner,HIGH,True,1,默认登录方式,账号与安全 / default login method,SELECT,,,,,,"enum:['PASSWORD', 'SMS']",默认登录方式。值来源、环境、生效和回滚必须遵守配置生命周期；禁止在业务代码中另设默认值。,该配置可能影响资金、安全、域名或生产流量；保存只生成草稿，审批和影响预览通过后方可激活。,当前环境和配置依赖满足；秘密字段仅显示“已配置/未配置”,具备编辑角色，当前无激活任务；涉及生产/资金/安全时会话已升级,,CFG-RULE-001;CFG-RULE-002;CFG-RULE-003;CFG-RULE-004;CFG-RULE-005,security_admin,账号与安全领域；具体受影响页面、接口和任务由需求追踪矩阵反向查询,保存前显示旧值/新值、依赖校验、跨字段规则、受影响环境和业务快照差异,激活后保留不可变版本；通过审批回滚到最近已验证版本，不直接修改历史版本,config.auth.changed,1,1.2.2,FROZEN_OPERATIONAL_V1.2.2
auth.security_challenge.provider,auth,enum,INTERNAL_IMAGE,False,True,"['security_admin', 'platform_engineer']",TWO_PERSON,False,False,安全验证供应商,"['INTERNAL_IMAGE', 'SLIDER', 'THIRD_PARTY']",STARTUP_CONFIGURATION,ALL,RESTART_REQUIRED,True,NOT_SECRET,type+range+cross_field,auth_owner,HIGH,True,1,安全验证供应商,账号与安全 / security challenge,SELECT,,,,,,"enum:['INTERNAL_IMAGE', 'SLIDER', 'THIRD_PARTY']",安全验证供应商。值来源、环境、生效和回滚必须遵守配置生命周期；禁止在业务代码中另设默认值。,该配置可能影响资金、安全、域名或生产流量；保存只生成草稿，审批和影响预览通过后方可激活。,当前环境和配置依赖满足；秘密字段仅显示“已配置/未配置”,具备编辑角色，当前无激活任务；涉及生产/资金/安全时会话已升级,,CFG-RULE-001;CFG-RULE-002;CFG-RULE-003;CFG-RULE-004;CFG-RULE-005,security_admin,账号与安全领域；具体受影响页面、接口和任务由需求追踪矩阵反向查询,保存前显示旧值/新值、依赖校验、跨字段规则、受影响环境和业务快照差异,激活后保留不可变版本；通过审批回滚到最近已验证版本，不直接修改历史版本,config.auth.changed,2,1.2.2,FROZEN_OPERATIONAL_V1.2.2
auth.security_challenge.mode,auth,enum,ALWAYS,False,True,"['security_admin', 'platform_engineer']",TWO_PERSON,False,False,登录注册安全验证触发方式,"['ALWAYS', 'RISK_BASED']",STARTUP_CONFIGURATION,ALL,RESTART_REQUIRED,True,NOT_SECRET,type+range+cross_field,auth_owner,HIGH,True,1,登录注册安全验证触发方式,账号与安全 / security challenge,SELECT,,,,,,"enum:['ALWAYS', 'RISK_BASED']",登录注册安全验证触发方式。值来源、环境、生效和回滚必须遵守配置生命周期；禁止在业务代码中另设默认值。,该配置可能影响资金、安全、域名或生产流量；保存只生成草稿，审批和影响预览通过后方可激活。,当前环境和配置依赖满足；秘密字段仅显示“已配置/未配置”,具备编辑角色，当前无激活任务；涉及生产/资金/安全时会话已升级,,CFG-RULE-001;CFG-RULE-002;CFG-RULE-003;CFG-RULE-004;CFG-RULE-005,security_admin,账号与安全领域；具体受影响页面、接口和任务由需求追踪矩阵反向查询,保存前显示旧值/新值、依赖校验、跨字段规则、受影响环境和业务快照差异,激活后保留不可变版本；通过审批回滚到最近已验证版本，不直接修改历史版本,config.auth.changed,3,1.2.2,FROZEN_OPERATIONAL_V1.2.2
auth.password.min_length,auth,integer,8,False,True,"['security_admin', 'platform_engineer']",TWO_PERSON,False,False,密码最小长度,,STARTUP_CONFIGURATION,ALL,RESTART_REQUIRED,True,NOT_SECRET,type+range+cross_field,auth_owner,HIGH,True,1,密码最小长度,账号与安全 / password,NUMBER_INPUT,个/次,0,1000000,1,,none,密码最小长度。值来源、环境、生效和回滚必须遵守配置生命周期；禁止在业务代码中另设默认值。,该配置可能影响资金、安全、域名或生产流量；保存只生成草稿，审批和影响预览通过后方可激活。,当前环境和配置依赖满足；秘密字段仅显示“已配置/未配置”,具备编辑角色，当前无激活任务；涉及生产/资金/安全时会话已升级,,CFG-RULE-001;CFG-RULE-002;CFG-RULE-003;CFG-RULE-004;CFG-RULE-005,security_admin,账号与安全领域；具体受影响页面、接口和任务由需求追踪矩阵反向查询,保存前显示旧值/新值、依赖校验、跨字段规则、受影响环境和业务快照差异,激活后保留不可变版本；通过审批回滚到最近已验证版本，不直接修改历史版本,config.auth.changed,4,1.2.2,FROZEN_OPERATIONAL_V1.2.2
auth.password.max_length,auth,integer,20,False,True,"['security_admin', 'platform_engineer']",TWO_PERSON,False,False,密码最大长度,,STARTUP_CONFIGURATION,ALL,RESTART_REQUIRED,True,NOT_SECRET,type+range+cross_field,auth_owner,HIGH,True,1,密码最大长度,账号与安全 / password,NUMBER_INPUT,个/次,0,1000000,1,,none,密码最大长度。值来源、环境、生效和回滚必须遵守配置生命周期；禁止在业务代码中另设默认值。,该配置可能影响资金、安全、域名或生产流量；保存只生成草稿，审批和影响预览通过后方可激活。,当前环境和配置依赖满足；秘密字段仅显示“已配置/未配置”,具备编辑角色，当前无激活任务；涉及生产/资金/安全时会话已升级,,CFG-RULE-001;CFG-RULE-002;CFG-RULE-003;CFG-RULE-004;CFG-RULE-005,security_admin,账号与安全领域；具体受影响页面、接口和任务由需求追踪矩阵反向查询,保存前显示旧值/新值、依赖校验、跨字段规则、受影响环境和业务快照差异,激活后保留不可变版本；通过审批回滚到最近已验证版本，不直接修改历史版本,config.auth.changed,5,1.2.2,FROZEN_OPERATIONAL_V1.2.2
auth.password.max_failures,auth,integer,5,False,True,"['security_admin', 'platform_engineer']",TWO_PERSON,False,False,连续失败锁定阈值,,STARTUP_CONFIGURATION,ALL,RESTART_REQUIRED,True,NOT_SECRET,type+range+cross_field,auth_owner,HIGH,True,1,连续失败锁定阈值,账号与安全 / password,NUMBER_INPUT,,,,,,none,连续失败锁定阈值。值来源、环境、生效和回滚必须遵守配置生命周期；禁止在业务代码中另设默认值。,该配置可能影响资金、安全、域名或生产流量；保存只生成草稿，审批和影响预览通过后方可激活。,当前环境和配置依赖满足；秘密字段仅显示“已配置/未配置”,具备编辑角色，当前无激活任务；涉及生产/资金/安全时会话已升级,,CFG-RULE-001;CFG-RULE-002;CFG-RULE-003;CFG-RULE-004;CFG-RULE-005,security_admin,账号与安全领域；具体受影响页面、接口和任务由需求追踪矩阵反向查询,保存前显示旧值/新值、依赖校验、跨字段规则、受影响环境和业务快照差异,激活后保留不可变版本；通过审批回滚到最近已验证版本，不直接修改历史版本,config.auth.changed,6,1.2.2,FROZEN_OPERATIONAL_V1.2.2
auth.password.lock_seconds,auth,integer,900,False,True,"['security_admin', 'platform_engineer']",TWO_PERSON,False,False,锁定时长秒,,STARTUP_CONFIGURATION,ALL,RESTART_REQUIRED,True,NOT_SECRET,type+range+cross_field,auth_owner,HIGH,True,1,锁定时长秒,账号与安全 / password,NUMBER_INPUT,秒,1,2592000,1,,none,锁定时长秒。值来源、环境、生效和回滚必须遵守配置生命周期；禁止在业务代码中另设默认值。,该配置可能影响资金、安全、域名或生产流量；保存只生成草稿，审批和影响预览通过后方可激活。,当前环境和配置依赖满足；秘密字段仅显示“已配置/未配置”,具备编辑角色，当前无激活任务；涉及生产/资金/安全时会话已升级,,CFG-RULE-001;CFG-RULE-002;CFG-RULE-003;CFG-RULE-004;CFG-RULE-005,security_admin,账号与安全领域；具体受影响页面、接口和任务由需求追踪矩阵反向查询,保存前显示旧值/新值、依赖校验、跨字段规则、受影响环境和业务快照差异,激活后保留不可变版本；通过审批回滚到最近已验证版本，不直接修改历史版本,config.auth.changed,7,1.2.2,FROZEN_OPERATIONAL_V1.2.2
auth.invite.app_required,auth,boolean,False,False,True,"['security_admin', 'platform_engineer']",TWO_PERSON,False,False,App注册邀请码是否必填,,STARTUP_CONFIGURATION,ALL,RESTART_REQUIRED,True,NOT_SECRET,type+range+cross_field,auth_owner,HIGH,True,1,App注册邀请码是否必填,账号与安全 / invite,SWITCH,,,,,,none,App注册邀请码是否必填。值来源、环境、生效和回滚必须遵守配置生命周期；禁止在业务代码中另设默认值。,该配置可能影响资金、安全、域名或生产流量；保存只生成草稿，审批和影响预览通过后方可激活。,当前环境和配置依赖满足；秘密字段仅显示“已配置/未配置”,具备编辑角色，当前无激活任务；涉及生产/资金/安全时会话已升级,,CFG-RULE-001;CFG-RULE-002;CFG-RULE-003;CFG-RULE-004;CFG-RULE-005,security_admin,账号与安全领域；具体受影响页面、接口和任务由需求追踪矩阵反向查询,保存前显示旧值/新值、依赖校验、跨字段规则、受影响环境和业务快照差异,激活后保留不可变版本；通过审批回滚到最近已验证版本，不直接修改历史版本,config.auth.changed,8,1.2.2,FROZEN_OPERATIONAL_V1.2.2
auth.invite.h5_required,auth,boolean,True,False,True,"['security_admin', 'platform_engineer']",TWO_PERSON,False,False,H5邀请注册邀请码必须填写,,STARTUP_CONFIGURATION,ALL,RESTART_REQUIRED,True,NOT_SECRET,type+range+cross_field,auth_owner,HIGH,True,1,H5邀请注册邀请码必须填写,账号与安全 / invite,SWITCH,,,,,,none,H5邀请注册邀请码必须填写。值来源、环境、生效和回滚必须遵守配置生命周期；禁止在业务代码中另设默认值。,该配置可能影响资金、安全、域名或生产流量；保存只生成草稿，审批和影响预览通过后方可激活。,当前环境和配置依赖满足；秘密字段仅显示“已配置/未配置”,具备编辑角色，当前无激活任务；涉及生产/资金/安全时会话已升级,,CFG-RULE-001;CFG-RULE-002;CFG-RULE-003;CFG-RULE-004;CFG-RULE-005,security_admin,账号与安全领域；具体受影响页面、接口和任务由需求追踪矩阵反向查询,保存前显示旧值/新值、依赖校验、跨字段规则、受影响环境和业务快照差异,激活后保留不可变版本；通过审批回滚到最近已验证版本，不直接修改历史版本,config.auth.changed,9,1.2.2,FROZEN_OPERATIONAL_V1.2.2
auth.nickname.prefix,auth,string,合伙人,False,True,"['security_admin', 'platform_engineer']",TWO_PERSON,False,False,随机用户名固定前缀,,STARTUP_CONFIGURATION,ALL,RESTART_REQUIRED,True,NOT_SECRET,type+range+cross_field,auth_owner,HIGH,True,1,随机用户名固定前缀,账号与安全 / nickname,TEXT_INPUT,,,,,,none,随机用户名固定前缀。值来源、环境、生效和回滚必须遵守配置生命周期；禁止在业务代码中另设默认值。,该配置可能影响资金、安全、域名或生产流量；保存只生成草稿，审批和影响预览通过后方可激活。,当前环境和配置依赖满足；秘密字段仅显示“已配置/未配置”,具备编辑角色，当前无激活任务；涉及生产/资金/安全时会话已升级,,CFG-RULE-001;CFG-RULE-002;CFG-RULE-003;CFG-RULE-004;CFG-RULE-005,security_admin,账号与安全领域；具体受影响页面、接口和任务由需求追踪矩阵反向查询,保存前显示旧值/新值、依赖校验、跨字段规则、受影响环境和业务快照差异,激活后保留不可变版本；通过审批回滚到最近已验证版本，不直接修改历史版本,config.auth.changed,10,1.2.2,FROZEN_OPERATIONAL_V1.2.2
auth.nickname.random_digits,auth,integer,4,False,True,"['security_admin', 'platform_engineer']",TWO_PERSON,False,False,随机用户名初始数字位数,,STARTUP_CONFIGURATION,ALL,RESTART_REQUIRED,True,NOT_SECRET,type+range+cross_field,auth_owner,HIGH,True,1,随机用户名初始数字位数,账号与安全 / nickname,NUMBER_INPUT,个/次,0,1000000,1,,none,随机用户名初始数字位数。值来源、环境、生效和回滚必须遵守配置生命周期；禁止在业务代码中另设默认值。,该配置可能影响资金、安全、域名或生产流量；保存只生成草稿，审批和影响预览通过后方可激活。,当前环境和配置依赖满足；秘密字段仅显示“已配置/未配置”,具备编辑角色，当前无激活任务；涉及生产/资金/安全时会话已升级,,CFG-RULE-001;CFG-RULE-002;CFG-RULE-003;CFG-RULE-004;CFG-RULE-005,security_admin,账号与安全领域；具体受影响页面、接口和任务由需求追踪矩阵反向查询,保存前显示旧值/新值、依赖校验、跨字段规则、受影响环境和业务快照差异,激活后保留不可变版本；通过审批回滚到最近已验证版本，不直接修改历史版本,config.auth.changed,11,1.2.2,FROZEN_OPERATIONAL_V1.2.2
sms.active_provider,sms,enum,ALIYUN,False,False,"['platform_engineer', 'security_admin']",OWNER_REVIEW,False,False,短信激活服务商,"['ALIYUN', 'MOCK']",ACTIVATION_GATED_CONFIGURATION,ACTIVATION_GATED,ACTIVATE_VERSION,False,NOT_SECRET,type+provider_connection_test,sms_owner,HIGH,True,1,短信激活服务商,短信 / active provider,SELECT,,,,,,"enum:['ALIYUN', 'MOCK']",短信激活服务商。值来源、环境、生效和回滚必须遵守配置生命周期；禁止在业务代码中另设默认值。,该配置可能影响资金、安全、域名或生产流量；保存只生成草稿，审批和影响预览通过后方可激活。,当前环境和配置依赖满足；秘密字段仅显示“已配置/未配置”,具备编辑角色，当前无激活任务；涉及生产/资金/安全时会话已升级,,CFG-RULE-038;CFG-RULE-039;CFG-RULE-040;CFG-RULE-041,security_admin,短信领域；具体受影响页面、接口和任务由需求追踪矩阵反向查询,保存前显示旧值/新值、依赖校验、跨字段规则、受影响环境和业务快照差异,激活后保留不可变版本；通过审批回滚到最近已验证版本，不直接修改历史版本,config.sms.changed,1,1.2.2,FROZEN_OPERATIONAL_V1.2.2
sms.aliyun.region_id,sms,string,cn-hangzhou,False,False,"['platform_engineer', 'security_admin']",OWNER_REVIEW,False,False,阿里云短信Region,,ACTIVATION_GATED_CONFIGURATION,ACTIVATION_GATED,ACTIVATE_VERSION,False,NOT_SECRET,type+provider_connection_test,sms_owner,HIGH,True,1,阿里云短信Region,短信 / aliyun,TEXT_INPUT,,,,,,none,阿里云短信Region。值来源、环境、生效和回滚必须遵守配置生命周期；禁止在业务代码中另设默认值。,该配置可能影响资金、安全、域名或生产流量；保存只生成草稿，审批和影响预览通过后方可激活。,当前环境和配置依赖满足；秘密字段仅显示“已配置/未配置”,具备编辑角色，当前无激活任务；涉及生产/资金/安全时会话已升级,sms.active_provider,CFG-RULE-038;CFG-RULE-039;CFG-RULE-040;CFG-RULE-041,security_admin,短信领域；具体受影响页面、接口和任务由需求追踪矩阵反向查询,保存前显示旧值/新值、依赖校验、跨字段规则、受影响环境和业务快照差异,激活后保留不可变版本；通过审批回滚到最近已验证版本，不直接修改历史版本,config.sms.changed,2,1.2.2,FROZEN_OPERATIONAL_V1.2.2
sms.aliyun.endpoint,sms,string,dysmsapi.aliyuncs.com,False,False,"['platform_engineer', 'security_admin']",OWNER_REVIEW,False,False,阿里云短信Endpoint,,ACTIVATION_GATED_CONFIGURATION,ACTIVATION_GATED,ACTIVATE_VERSION,False,NOT_SECRET,type+provider_connection_test,sms_owner,HIGH,True,1,阿里云短信Endpoint,短信 / aliyun,URL_INPUT,,,,,^https://[^\s]+$,none,阿里云短信Endpoint。值来源、环境、生效和回滚必须遵守配置生命周期；禁止在业务代码中另设默认值。,该配置可能影响资金、安全、域名或生产流量；保存只生成草稿，审批和影响预览通过后方可激活。,当前环境和配置依赖满足；秘密字段仅显示“已配置/未配置”,具备编辑角色，当前无激活任务；涉及生产/资金/安全时会话已升级,sms.active_provider,CFG-RULE-038;CFG-RULE-039;CFG-RULE-040;CFG-RULE-041,security_admin,短信领域；具体受影响页面、接口和任务由需求追踪矩阵反向查询,保存前显示旧值/新值、依赖校验、跨字段规则、受影响环境和业务快照差异,激活后保留不可变版本；通过审批回滚到最近已验证版本，不直接修改历史版本,config.sms.changed,3,1.2.2,FROZEN_OPERATIONAL_V1.2.2
sms.aliyun.access_key_id,sms,secret_ref,,True,False,"['platform_engineer', 'security_admin']",TWO_PERSON,False,False,阿里云短信AccessKey ID,,SECRET_REFERENCE,ACTIVATION_GATED,ACTIVATE_VERSION,False,VAULT_OR_KMS_REFERENCE_ONLY,secret_ref_exists+provider_connection_test,sms_owner,CRITICAL,True,1,阿里云短信AccessKey ID,短信 / aliyun,SECRET_REF_PICKER,,,,,,none,阿里云短信AccessKey ID。值来源、环境、生效和回滚必须遵守配置生命周期；禁止在业务代码中另设默认值。,仅保存Vault/KMS SecretRef，页面永不回显秘密；激活前必须连接测试和双人审批。,当前环境和配置依赖满足；秘密字段仅显示“已配置/未配置”,具备编辑角色，当前无激活任务；涉及生产/资金/安全时会话已升级,sms.active_provider,CFG-RULE-038;CFG-RULE-039;CFG-RULE-040;CFG-RULE-041,security_admin,短信领域；具体受影响页面、接口和任务由需求追踪矩阵反向查询,保存前显示旧值/新值、依赖校验、跨字段规则、受影响环境和业务快照差异,激活后保留不可变版本；通过审批回滚到最近已验证版本，不直接修改历史版本,config.sms.changed,4,1.2.2,FROZEN_OPERATIONAL_V1.2.2
sms.aliyun.access_key_secret,sms,secret_ref,,True,False,"['platform_engineer', 'security_admin']",TWO_PERSON,False,False,阿里云短信AccessKey Secret,,SECRET_REFERENCE,ACTIVATION_GATED,ACTIVATE_VERSION,False,VAULT_OR_KMS_REFERENCE_ONLY,secret_ref_exists+provider_connection_test,sms_owner,CRITICAL,True,1,阿里云短信AccessKey Secret,短信 / aliyun,SECRET_REF_PICKER,,,,,,none,阿里云短信AccessKey Secret。值来源、环境、生效和回滚必须遵守配置生命周期；禁止在业务代码中另设默认值。,仅保存Vault/KMS SecretRef，页面永不回显秘密；激活前必须连接测试和双人审批。,当前环境和配置依赖满足；秘密字段仅显示“已配置/未配置”,具备编辑角色，当前无激活任务；涉及生产/资金/安全时会话已升级,sms.active_provider,CFG-RULE-038;CFG-RULE-039;CFG-RULE-040;CFG-RULE-041,security_admin,短信领域；具体受影响页面、接口和任务由需求追踪矩阵反向查询,保存前显示旧值/新值、依赖校验、跨字段规则、受影响环境和业务快照差异,激活后保留不可变版本；通过审批回滚到最近已验证版本，不直接修改历史版本,config.sms.changed,5,1.2.2,FROZEN_OPERATIONAL_V1.2.2
sms.aliyun.sign_name,sms,string,,False,False,"['platform_engineer', 'security_admin']",TWO_PERSON,False,False,阿里云短信签名,,ACTIVATION_GATED_CONFIGURATION,ACTIVATION_GATED,ACTIVATE_VERSION,False,NOT_SECRET,type+provider_connection_test,sms_owner,HIGH,True,1,阿里云短信签名,短信 / aliyun,TEXT_INPUT,,,,,,none,阿里云短信签名。值来源、环境、生效和回滚必须遵守配置生命周期；禁止在业务代码中另设默认值。,该配置可能影响资金、安全、域名或生产流量；保存只生成草稿，审批和影响预览通过后方可激活。,当前环境和配置依赖满足；秘密字段仅显示“已配置/未配置”,具备编辑角色，当前无激活任务；涉及生产/资金/安全时会话已升级,sms.active_provider,CFG-RULE-038;CFG-RULE-039;CFG-RULE-040;CFG-RULE-041,security_admin,短信领域；具体受影响页面、接口和任务由需求追踪矩阵反向查询,保存前显示旧值/新值、依赖校验、跨字段规则、受影响环境和业务快照差异,激活后保留不可变版本；通过审批回滚到最近已验证版本，不直接修改历史版本,config.sms.changed,6,1.2.2,FROZEN_OPERATIONAL_V1.2.2
sms.aliyun.template.login,sms,string,,False,False,"['platform_engineer', 'security_admin']",TWO_PERSON,False,False,login短信模板Code,,ACTIVATION_GATED_CONFIGURATION,ACTIVATION_GATED,ACTIVATE_VERSION,False,NOT_SECRET,type+provider_connection_test,sms_owner,HIGH,True,1,login短信模板Code,短信 / aliyun,TEXT_INPUT,,,,,,none,login短信模板Code。值来源、环境、生效和回滚必须遵守配置生命周期；禁止在业务代码中另设默认值。,该配置可能影响资金、安全、域名或生产流量；保存只生成草稿，审批和影响预览通过后方可激活。,当前环境和配置依赖满足；秘密字段仅显示“已配置/未配置”,具备编辑角色，当前无激活任务；涉及生产/资金/安全时会话已升级,sms.active_provider,CFG-RULE-038;CFG-RULE-039;CFG-RULE-040;CFG-RULE-041,security_admin,短信领域；具体受影响页面、接口和任务由需求追踪矩阵反向查询,保存前显示旧值/新值、依赖校验、跨字段规则、受影响环境和业务快照差异,激活后保留不可变版本；通过审批回滚到最近已验证版本，不直接修改历史版本,config.sms.changed,7,1.2.2,FROZEN_OPERATIONAL_V1.2.2
sms.aliyun.template.register,sms,string,,False,False,"['platform_engineer', 'security_admin']",TWO_PERSON,False,False,register短信模板Code,,ACTIVATION_GATED_CONFIGURATION,ACTIVATION_GATED,ACTIVATE_VERSION,False,NOT_SECRET,type+provider_connection_test,sms_owner,HIGH,True,1,register短信模板Code,短信 / aliyun,TEXT_INPUT,,,,,,none,register短信模板Code。值来源、环境、生效和回滚必须遵守配置生命周期；禁止在业务代码中另设默认值。,该配置可能影响资金、安全、域名或生产流量；保存只生成草稿，审批和影响预览通过后方可激活。,当前环境和配置依赖满足；秘密字段仅显示“已配置/未配置”,具备编辑角色，当前无激活任务；涉及生产/资金/安全时会话已升级,sms.active_provider,CFG-RULE-038;CFG-RULE-039;CFG-RULE-040;CFG-RULE-041,security_admin,短信领域；具体受影响页面、接口和任务由需求追踪矩阵反向查询,保存前显示旧值/新值、依赖校验、跨字段规则、受影响环境和业务快照差异,激活后保留不可变版本；通过审批回滚到最近已验证版本，不直接修改历史版本,config.sms.changed,8,1.2.2,FROZEN_OPERATIONAL_V1.2.2
sms.aliyun.template.reset_password,sms,string,,False,False,"['platform_engineer', 'security_admin']",TWO_PERSON,False,False,reset_password短信模板Code,,ACTIVATION_GATED_CONFIGURATION,ACTIVATION_GATED,ACTIVATE_VERSION,False,NOT_SECRET,type+provider_connection_test,sms_owner,HIGH,True,1,reset_password短信模板Code,短信 / aliyun,TEXT_INPUT,,,,,,none,reset_password短信模板Code。值来源、环境、生效和回滚必须遵守配置生命周期；禁止在业务代码中另设默认值。,该配置可能影响资金、安全、域名或生产流量；保存只生成草稿，审批和影响预览通过后方可激活。,当前环境和配置依赖满足；秘密字段仅显示“已配置/未配置”,具备编辑角色，当前无激活任务；涉及生产/资金/安全时会话已升级,sms.active_provider,CFG-RULE-038;CFG-RULE-039;CFG-RULE-040;CFG-RULE-041,security_admin,短信领域；具体受影响页面、接口和任务由需求追踪矩阵反向查询,保存前显示旧值/新值、依赖校验、跨字段规则、受影响环境和业务快照差异,激活后保留不可变版本；通过审批回滚到最近已验证版本，不直接修改历史版本,config.sms.changed,9,1.2.2,FROZEN_OPERATIONAL_V1.2.2
sms.aliyun.template.security_notice,sms,string,,False,False,"['platform_engineer', 'security_admin']",TWO_PERSON,False,False,security_notice短信模板Code,,ACTIVATION_GATED_CONFIGURATION,ACTIVATION_GATED,ACTIVATE_VERSION,False,NOT_SECRET,type+provider_connection_test,sms_owner,HIGH,True,1,security_notice短信模板Code,短信 / aliyun,TEXT_INPUT,,,,,,none,security_notice短信模板Code。值来源、环境、生效和回滚必须遵守配置生命周期；禁止在业务代码中另设默认值。,该配置可能影响资金、安全、域名或生产流量；保存只生成草稿，审批和影响预览通过后方可激活。,当前环境和配置依赖满足；秘密字段仅显示“已配置/未配置”,具备编辑角色，当前无激活任务；涉及生产/资金/安全时会话已升级,sms.active_provider,CFG-RULE-038;CFG-RULE-039;CFG-RULE-040;CFG-RULE-041,security_admin,短信领域；具体受影响页面、接口和任务由需求追踪矩阵反向查询,保存前显示旧值/新值、依赖校验、跨字段规则、受影响环境和业务快照差异,激活后保留不可变版本；通过审批回滚到最近已验证版本，不直接修改历史版本,config.sms.changed,10,1.2.2,FROZEN_OPERATIONAL_V1.2.2
sms.code.length,sms,integer,6,False,False,"['platform_engineer', 'security_admin']",OWNER_REVIEW,False,False,验证码位数,,ACTIVATION_GATED_CONFIGURATION,ACTIVATION_GATED,ACTIVATE_VERSION,False,NOT_SECRET,type+provider_connection_test,sms_owner,HIGH,True,1,验证码位数,短信 / code,NUMBER_INPUT,个/次,0,1000000,1,,none,验证码位数。值来源、环境、生效和回滚必须遵守配置生命周期；禁止在业务代码中另设默认值。,该配置可能影响资金、安全、域名或生产流量；保存只生成草稿，审批和影响预览通过后方可激活。,当前环境和配置依赖满足；秘密字段仅显示“已配置/未配置”,具备编辑角色，当前无激活任务；涉及生产/资金/安全时会话已升级,,CFG-RULE-038;CFG-RULE-039;CFG-RULE-040;CFG-RULE-041,security_admin,短信领域；具体受影响页面、接口和任务由需求追踪矩阵反向查询,保存前显示旧值/新值、依赖校验、跨字段规则、受影响环境和业务快照差异,激活后保留不可变版本；通过审批回滚到最近已验证版本，不直接修改历史版本,config.sms.changed,11,1.2.2,FROZEN_OPERATIONAL_V1.2.2
sms.code.ttl_seconds,sms,integer,300,False,False,"['platform_engineer', 'security_admin']",OWNER_REVIEW,False,False,验证码有效期秒,,ACTIVATION_GATED_CONFIGURATION,ACTIVATION_GATED,ACTIVATE_VERSION,False,NOT_SECRET,type+provider_connection_test,sms_owner,HIGH,True,1,验证码有效期秒,短信 / code,NUMBER_INPUT,秒,1,2592000,1,,none,验证码有效期秒。值来源、环境、生效和回滚必须遵守配置生命周期；禁止在业务代码中另设默认值。,该配置可能影响资金、安全、域名或生产流量；保存只生成草稿，审批和影响预览通过后方可激活。,当前环境和配置依赖满足；秘密字段仅显示“已配置/未配置”,具备编辑角色，当前无激活任务；涉及生产/资金/安全时会话已升级,,CFG-RULE-038;CFG-RULE-039;CFG-RULE-040;CFG-RULE-041,security_admin,短信领域；具体受影响页面、接口和任务由需求追踪矩阵反向查询,保存前显示旧值/新值、依赖校验、跨字段规则、受影响环境和业务快照差异,激活后保留不可变版本；通过审批回滚到最近已验证版本，不直接修改历史版本,config.sms.changed,12,1.2.2,FROZEN_OPERATIONAL_V1.2.2
sms.send.cooldown_seconds,sms,integer,60,False,False,"['platform_engineer', 'security_admin']",OWNER_REVIEW,False,False,发送冷却秒,,ACTIVATION_GATED_CONFIGURATION,ACTIVATION_GATED,ACTIVATE_VERSION,False,NOT_SECRET,type+provider_connection_test,sms_owner,HIGH,True,1,发送冷却秒,短信 / send,NUMBER_INPUT,秒,1,2592000,1,,none,发送冷却秒。值来源、环境、生效和回滚必须遵守配置生命周期；禁止在业务代码中另设默认值。,该配置可能影响资金、安全、域名或生产流量；保存只生成草稿，审批和影响预览通过后方可激活。,当前环境和配置依赖满足；秘密字段仅显示“已配置/未配置”,具备编辑角色，当前无激活任务；涉及生产/资金/安全时会话已升级,,CFG-RULE-038;CFG-RULE-039;CFG-RULE-040;CFG-RULE-041,security_admin,短信领域；具体受影响页面、接口和任务由需求追踪矩阵反向查询,保存前显示旧值/新值、依赖校验、跨字段规则、受影响环境和业务快照差异,激活后保留不可变版本；通过审批回滚到最近已验证版本，不直接修改历史版本,config.sms.changed,13,1.2.2,FROZEN_OPERATIONAL_V1.2.2
sms.send.daily_phone_limit,sms,integer,10,False,False,"['platform_engineer', 'security_admin']",OWNER_REVIEW,False,False,单手机号每日发送上限,,ACTIVATION_GATED_CONFIGURATION,ACTIVATION_GATED,ACTIVATE_VERSION,False,NOT_SECRET,type+provider_connection_test,sms_owner,HIGH,True,1,单手机号每日发送上限,短信 / send,NUMBER_INPUT,,,,,,none,单手机号每日发送上限。值来源、环境、生效和回滚必须遵守配置生命周期；禁止在业务代码中另设默认值。,该配置可能影响资金、安全、域名或生产流量；保存只生成草稿，审批和影响预览通过后方可激活。,当前环境和配置依赖满足；秘密字段仅显示“已配置/未配置”,具备编辑角色，当前无激活任务；涉及生产/资金/安全时会话已升级,,CFG-RULE-038;CFG-RULE-039;CFG-RULE-040;CFG-RULE-041,security_admin,短信领域；具体受影响页面、接口和任务由需求追踪矩阵反向查询,保存前显示旧值/新值、依赖校验、跨字段规则、受影响环境和业务快照差异,激活后保留不可变版本；通过审批回滚到最近已验证版本，不直接修改历史版本,config.sms.changed,14,1.2.2,FROZEN_OPERATIONAL_V1.2.2
sms.send.daily_ip_limit,sms,integer,50,False,False,"['platform_engineer', 'security_admin']",OWNER_REVIEW,False,False,单IP每日发送上限,,ACTIVATION_GATED_CONFIGURATION,ACTIVATION_GATED,ACTIVATE_VERSION,False,NOT_SECRET,type+provider_connection_test,sms_owner,HIGH,True,1,单IP每日发送上限,短信 / send,NUMBER_INPUT,,,,,,none,单IP每日发送上限。值来源、环境、生效和回滚必须遵守配置生命周期；禁止在业务代码中另设默认值。,该配置可能影响资金、安全、域名或生产流量；保存只生成草稿，审批和影响预览通过后方可激活。,当前环境和配置依赖满足；秘密字段仅显示“已配置/未配置”,具备编辑角色，当前无激活任务；涉及生产/资金/安全时会话已升级,,CFG-RULE-038;CFG-RULE-039;CFG-RULE-040;CFG-RULE-041,security_admin,短信领域；具体受影响页面、接口和任务由需求追踪矩阵反向查询,保存前显示旧值/新值、依赖校验、跨字段规则、受影响环境和业务快照差异,激活后保留不可变版本；通过审批回滚到最近已验证版本，不直接修改历史版本,config.sms.changed,15,1.2.2,FROZEN_OPERATIONAL_V1.2.2
sms.provider.timeout_ms,sms,integer,5000,False,False,"['platform_engineer', 'security_admin']",OWNER_REVIEW,False,False,短信供应商超时,,ACTIVATION_GATED_CONFIGURATION,ACTIVATION_GATED,ACTIVATE_VERSION,False,NOT_SECRET,type+provider_connection_test,sms_owner,HIGH,True,1,短信供应商超时,短信 / provider,NUMBER_INPUT,毫秒,100,300000,100,,provider_registry,短信供应商超时。值来源、环境、生效和回滚必须遵守配置生命周期；禁止在业务代码中另设默认值。,该配置可能影响资金、安全、域名或生产流量；保存只生成草稿，审批和影响预览通过后方可激活。,当前环境和配置依赖满足；秘密字段仅显示“已配置/未配置”,具备编辑角色，当前无激活任务；涉及生产/资金/安全时会话已升级,,CFG-RULE-038;CFG-RULE-039;CFG-RULE-040;CFG-RULE-041,security_admin,短信领域；具体受影响页面、接口和任务由需求追踪矩阵反向查询,保存前显示旧值/新值、依赖校验、跨字段规则、受影响环境和业务快照差异,激活后保留不可变版本；通过审批回滚到最近已验证版本，不直接修改历史版本,config.sms.changed,16,1.2.2,FROZEN_OPERATIONAL_V1.2.2
sms.provider.retry_count,sms,integer,1,False,False,"['platform_engineer', 'security_admin']",OWNER_REVIEW,False,False,短信供应商重试次数,,ACTIVATION_GATED_CONFIGURATION,ACTIVATION_GATED,ACTIVATE_VERSION,False,NOT_SECRET,type+provider_connection_test,sms_owner,HIGH,True,1,短信供应商重试次数,短信 / provider,NUMBER_INPUT,个/次,0,1000000,1,,provider_registry,短信供应商重试次数。值来源、环境、生效和回滚必须遵守配置生命周期；禁止在业务代码中另设默认值。,该配置可能影响资金、安全、域名或生产流量；保存只生成草稿，审批和影响预览通过后方可激活。,当前环境和配置依赖满足；秘密字段仅显示“已配置/未配置”,具备编辑角色，当前无激活任务；涉及生产/资金/安全时会话已升级,,CFG-RULE-038;CFG-RULE-039;CFG-RULE-040;CFG-RULE-041,security_admin,短信领域；具体受影响页面、接口和任务由需求追踪矩阵反向查询,保存前显示旧值/新值、依赖校验、跨字段规则、受影响环境和业务快照差异,激活后保留不可变版本；通过审批回滚到最近已验证版本，不直接修改历史版本,config.sms.changed,17,1.2.2,FROZEN_OPERATIONAL_V1.2.2
storage.default_provider,storage,enum,CLOUDFLARE_R2,False,False,"['platform_engineer', 'security_admin']",OWNER_REVIEW,False,False,默认对象存储,"['CLOUDFLARE_R2', 'ALIYUN_OSS']",ACTIVATION_GATED_CONFIGURATION,ACTIVATION_GATED,ACTIVATE_VERSION,False,NOT_SECRET,type+provider_connection_test,storage_owner,HIGH,True,1,默认对象存储,对象存储 / DEFAULT_PROVIDER,SELECT,,,,,,"enum:['CLOUDFLARE_R2', 'ALIYUN_OSS']",默认对象存储。值来源、环境、生效和回滚必须遵守配置生命周期；禁止在业务代码中另设默认值。,该配置可能影响资金、安全、域名或生产流量；保存只生成草稿，审批和影响预览通过后方可激活。,当前环境和配置依赖满足；秘密字段仅显示“已配置/未配置”,具备编辑角色，当前无激活任务；涉及生产/资金/安全时会话已升级,,CFG-RULE-042;CFG-RULE-043;CFG-RULE-044;CFG-RULE-045,security_admin,对象存储领域；具体受影响页面、接口和任务由需求追踪矩阵反向查询,保存前显示旧值/新值、依赖校验、跨字段规则、受影响环境和业务快照差异,激活后保留不可变版本；通过审批回滚到最近已验证版本，不直接修改历史版本,config.storage.changed,1,1.2.2,FROZEN_OPERATIONAL_V1.2.2
storage.scope.public_media.provider,storage,enum,CLOUDFLARE_R2,False,False,"['platform_engineer', 'security_admin']",OWNER_REVIEW,False,False,public_media存储供应商,"['CLOUDFLARE_R2', 'ALIYUN_OSS']",ACTIVATION_GATED_CONFIGURATION,ACTIVATION_GATED,ACTIVATE_VERSION,False,NOT_SECRET,type+provider_connection_test,storage_owner,HIGH,True,1,public_media存储供应商,对象存储 / SCOPE,SELECT,,,,,,"enum:['CLOUDFLARE_R2', 'ALIYUN_OSS']",public_media存储供应商。值来源、环境、生效和回滚必须遵守配置生命周期；禁止在业务代码中另设默认值。,该配置可能影响资金、安全、域名或生产流量；保存只生成草稿，审批和影响预览通过后方可激活。,当前环境和配置依赖满足；秘密字段仅显示“已配置/未配置”,具备编辑角色，当前无激活任务；涉及生产/资金/安全时会话已升级,,CFG-RULE-042;CFG-RULE-043;CFG-RULE-044;CFG-RULE-045,security_admin,对象存储领域；具体受影响页面、接口和任务由需求追踪矩阵反向查询,保存前显示旧值/新值、依赖校验、跨字段规则、受影响环境和业务快照差异,激活后保留不可变版本；通过审批回滚到最近已验证版本，不直接修改历史版本,config.storage.changed,2,1.2.2,FROZEN_OPERATIONAL_V1.2.2
storage.scope.private_kyc.provider,storage,enum,CLOUDFLARE_R2,False,False,"['platform_engineer', 'security_admin']",OWNER_REVIEW,False,False,private_kyc存储供应商,"['CLOUDFLARE_R2', 'ALIYUN_OSS']",ACTIVATION_GATED_CONFIGURATION,ACTIVATION_GATED,ACTIVATE_VERSION,False,NOT_SECRET,type+provider_connection_test,storage_owner,HIGH,True,1,private_kyc存储供应商,对象存储 / SCOPE,SELECT,,,,,,"enum:['CLOUDFLARE_R2', 'ALIYUN_OSS']",private_kyc存储供应商。值来源、环境、生效和回滚必须遵守配置生命周期；禁止在业务代码中另设默认值。,该配置可能影响资金、安全、域名或生产流量；保存只生成草稿，审批和影响预览通过后方可激活。,当前环境和配置依赖满足；秘密字段仅显示“已配置/未配置”,具备编辑角色，当前无激活任务；涉及生产/资金/安全时会话已升级,,CFG-RULE-042;CFG-RULE-043;CFG-RULE-044;CFG-RULE-045,security_admin,对象存储领域；具体受影响页面、接口和任务由需求追踪矩阵反向查询,保存前显示旧值/新值、依赖校验、跨字段规则、受影响环境和业务快照差异,激活后保留不可变版本；通过审批回滚到最近已验证版本，不直接修改历史版本,config.storage.changed,3,1.2.2,FROZEN_OPERATIONAL_V1.2.2
storage.scope.private_chat.provider,storage,enum,CLOUDFLARE_R2,False,False,"['platform_engineer', 'security_admin']",OWNER_REVIEW,False,False,private_chat存储供应商,"['CLOUDFLARE_R2', 'ALIYUN_OSS']",ACTIVATION_GATED_CONFIGURATION,ACTIVATION_GATED,ACTIVATE_VERSION,False,NOT_SECRET,type+provider_connection_test,storage_owner,HIGH,True,1,private_chat存储供应商,对象存储 / SCOPE,SELECT,,,,,,"enum:['CLOUDFLARE_R2', 'ALIYUN_OSS']",private_chat存储供应商。值来源、环境、生效和回滚必须遵守配置生命周期；禁止在业务代码中另设默认值。,该配置可能影响资金、安全、域名或生产流量；保存只生成草稿，审批和影响预览通过后方可激活。,当前环境和配置依赖满足；秘密字段仅显示“已配置/未配置”,具备编辑角色，当前无激活任务；涉及生产/资金/安全时会话已升级,,CFG-RULE-042;CFG-RULE-043;CFG-RULE-044;CFG-RULE-045,security_admin,对象存储领域；具体受影响页面、接口和任务由需求追踪矩阵反向查询,保存前显示旧值/新值、依赖校验、跨字段规则、受影响环境和业务快照差异,激活后保留不可变版本；通过审批回滚到最近已验证版本，不直接修改历史版本,config.storage.changed,4,1.2.2,FROZEN_OPERATIONAL_V1.2.2
storage.scope.audit_evidence.provider,storage,enum,CLOUDFLARE_R2,False,False,"['platform_engineer', 'security_admin']",OWNER_REVIEW,False,False,audit_evidence存储供应商,"['CLOUDFLARE_R2', 'ALIYUN_OSS']",ACTIVATION_GATED_CONFIGURATION,ACTIVATION_GATED,ACTIVATE_VERSION,False,NOT_SECRET,type+provider_connection_test,storage_owner,HIGH,True,1,audit_evidence存储供应商,对象存储 / SCOPE,SELECT,,,,,,"enum:['CLOUDFLARE_R2', 'ALIYUN_OSS']",audit_evidence存储供应商。值来源、环境、生效和回滚必须遵守配置生命周期；禁止在业务代码中另设默认值。,该配置可能影响资金、安全、域名或生产流量；保存只生成草稿，审批和影响预览通过后方可激活。,当前环境和配置依赖满足；秘密字段仅显示“已配置/未配置”,具备编辑角色，当前无激活任务；涉及生产/资金/安全时会话已升级,,CFG-RULE-042;CFG-RULE-043;CFG-RULE-044;CFG-RULE-045,security_admin,对象存储领域；具体受影响页面、接口和任务由需求追踪矩阵反向查询,保存前显示旧值/新值、依赖校验、跨字段规则、受影响环境和业务快照差异,激活后保留不可变版本；通过审批回滚到最近已验证版本，不直接修改历史版本,config.storage.changed,5,1.2.2,FROZEN_OPERATIONAL_V1.2.2
storage.scope.apk_release.provider,storage,enum,CLOUDFLARE_R2,False,False,"['platform_engineer', 'security_admin']",OWNER_REVIEW,False,False,apk_release存储供应商,"['CLOUDFLARE_R2', 'ALIYUN_OSS']",ACTIVATION_GATED_CONFIGURATION,ACTIVATION_GATED,ACTIVATE_VERSION,False,NOT_SECRET,type+provider_connection_test,storage_owner,HIGH,True,1,apk_release存储供应商,对象存储 / SCOPE,SELECT,,,,,,"enum:['CLOUDFLARE_R2', 'ALIYUN_OSS']",apk_release存储供应商。值来源、环境、生效和回滚必须遵守配置生命周期；禁止在业务代码中另设默认值。,该配置可能影响资金、安全、域名或生产流量；保存只生成草稿，审批和影响预览通过后方可激活。,当前环境和配置依赖满足；秘密字段仅显示“已配置/未配置”,具备编辑角色，当前无激活任务；涉及生产/资金/安全时会话已升级,,CFG-RULE-042;CFG-RULE-043;CFG-RULE-044;CFG-RULE-045,security_admin,对象存储领域；具体受影响页面、接口和任务由需求追踪矩阵反向查询,保存前显示旧值/新值、依赖校验、跨字段规则、受影响环境和业务快照差异,激活后保留不可变版本；通过审批回滚到最近已验证版本，不直接修改历史版本,config.storage.changed,6,1.2.2,FROZEN_OPERATIONAL_V1.2.2
storage.scope.backup.provider,storage,enum,CLOUDFLARE_R2,False,False,"['platform_engineer', 'security_admin']",OWNER_REVIEW,False,False,backup存储供应商,"['CLOUDFLARE_R2', 'ALIYUN_OSS']",ACTIVATION_GATED_CONFIGURATION,ACTIVATION_GATED,ACTIVATE_VERSION,False,NOT_SECRET,type+provider_connection_test,storage_owner,HIGH,True,1,backup存储供应商,对象存储 / SCOPE,SELECT,,,,,,"enum:['CLOUDFLARE_R2', 'ALIYUN_OSS']",backup存储供应商。值来源、环境、生效和回滚必须遵守配置生命周期；禁止在业务代码中另设默认值。,该配置可能影响资金、安全、域名或生产流量；保存只生成草稿，审批和影响预览通过后方可激活。,当前环境和配置依赖满足；秘密字段仅显示“已配置/未配置”,具备编辑角色，当前无激活任务；涉及生产/资金/安全时会话已升级,,CFG-RULE-042;CFG-RULE-043;CFG-RULE-044;CFG-RULE-045,security_admin,对象存储领域；具体受影响页面、接口和任务由需求追踪矩阵反向查询,保存前显示旧值/新值、依赖校验、跨字段规则、受影响环境和业务快照差异,激活后保留不可变版本；通过审批回滚到最近已验证版本，不直接修改历史版本,config.storage.changed,7,1.2.2,FROZEN_OPERATIONAL_V1.2.2
storage.r2.account_id,storage,string,,False,False,"['platform_engineer', 'security_admin']",OWNER_REVIEW,False,False,Cloudflare R2 Account ID,,ACTIVATION_GATED_CONFIGURATION,ACTIVATION_GATED,ACTIVATE_VERSION,False,NOT_SECRET,type+provider_connection_test,storage_owner,HIGH,True,1,Cloudflare R2 Account ID,对象存储 / R2,TEXT_INPUT,,,,,,none,Cloudflare R2 Account ID。值来源、环境、生效和回滚必须遵守配置生命周期；禁止在业务代码中另设默认值。,该配置可能影响资金、安全、域名或生产流量；保存只生成草稿，审批和影响预览通过后方可激活。,当前环境和配置依赖满足；秘密字段仅显示“已配置/未配置”,具备编辑角色，当前无激活任务；涉及生产/资金/安全时会话已升级,storage.default_provider,CFG-RULE-042;CFG-RULE-043;CFG-RULE-044;CFG-RULE-045,security_admin,对象存储领域；具体受影响页面、接口和任务由需求追踪矩阵反向查询,保存前显示旧值/新值、依赖校验、跨字段规则、受影响环境和业务快照差异,激活后保留不可变版本；通过审批回滚到最近已验证版本，不直接修改历史版本,config.storage.changed,8,1.2.2,FROZEN_OPERATIONAL_V1.2.2
storage.r2.access_key_id,storage,secret_ref,,True,False,"['platform_engineer', 'security_admin']",TWO_PERSON,False,False,R2 AccessKey ID,,SECRET_REFERENCE,ACTIVATION_GATED,ACTIVATE_VERSION,False,VAULT_OR_KMS_REFERENCE_ONLY,secret_ref_exists+provider_connection_test,storage_owner,CRITICAL,True,1,R2 AccessKey ID,对象存储 / R2,SECRET_REF_PICKER,,,,,,none,R2 AccessKey ID。值来源、环境、生效和回滚必须遵守配置生命周期；禁止在业务代码中另设默认值。,仅保存Vault/KMS SecretRef，页面永不回显秘密；激活前必须连接测试和双人审批。,当前环境和配置依赖满足；秘密字段仅显示“已配置/未配置”,具备编辑角色，当前无激活任务；涉及生产/资金/安全时会话已升级,storage.default_provider,CFG-RULE-042;CFG-RULE-043;CFG-RULE-044;CFG-RULE-045,security_admin,对象存储领域；具体受影响页面、接口和任务由需求追踪矩阵反向查询,保存前显示旧值/新值、依赖校验、跨字段规则、受影响环境和业务快照差异,激活后保留不可变版本；通过审批回滚到最近已验证版本，不直接修改历史版本,config.storage.changed,9,1.2.2,FROZEN_OPERATIONAL_V1.2.2
storage.r2.secret_access_key,storage,secret_ref,,True,False,"['platform_engineer', 'security_admin']",TWO_PERSON,False,False,R2 Secret,,SECRET_REFERENCE,ACTIVATION_GATED,ACTIVATE_VERSION,False,VAULT_OR_KMS_REFERENCE_ONLY,secret_ref_exists+provider_connection_test,storage_owner,CRITICAL,True,1,R2 Secret,对象存储 / R2,SECRET_REF_PICKER,,,,,,none,R2 Secret。值来源、环境、生效和回滚必须遵守配置生命周期；禁止在业务代码中另设默认值。,仅保存Vault/KMS SecretRef，页面永不回显秘密；激活前必须连接测试和双人审批。,当前环境和配置依赖满足；秘密字段仅显示“已配置/未配置”,具备编辑角色，当前无激活任务；涉及生产/资金/安全时会话已升级,storage.default_provider,CFG-RULE-042;CFG-RULE-043;CFG-RULE-044;CFG-RULE-045,security_admin,对象存储领域；具体受影响页面、接口和任务由需求追踪矩阵反向查询,保存前显示旧值/新值、依赖校验、跨字段规则、受影响环境和业务快照差异,激活后保留不可变版本；通过审批回滚到最近已验证版本，不直接修改历史版本,config.storage.changed,10,1.2.2,FROZEN_OPERATIONAL_V1.2.2
storage.r2.endpoint,storage,string,,False,False,"['platform_engineer', 'security_admin']",OWNER_REVIEW,False,False,R2 S3 Endpoint,,ACTIVATION_GATED_CONFIGURATION,ACTIVATION_GATED,ACTIVATE_VERSION,False,NOT_SECRET,type+provider_connection_test,storage_owner,HIGH,True,1,R2 S3 Endpoint,对象存储 / R2,URL_INPUT,,,,,^https://[^\s]+$,none,R2 S3 Endpoint。值来源、环境、生效和回滚必须遵守配置生命周期；禁止在业务代码中另设默认值。,该配置可能影响资金、安全、域名或生产流量；保存只生成草稿，审批和影响预览通过后方可激活。,当前环境和配置依赖满足；秘密字段仅显示“已配置/未配置”,具备编辑角色，当前无激活任务；涉及生产/资金/安全时会话已升级,storage.default_provider,CFG-RULE-042;CFG-RULE-043;CFG-RULE-044;CFG-RULE-045,security_admin,对象存储领域；具体受影响页面、接口和任务由需求追踪矩阵反向查询,保存前显示旧值/新值、依赖校验、跨字段规则、受影响环境和业务快照差异,激活后保留不可变版本；通过审批回滚到最近已验证版本，不直接修改历史版本,config.storage.changed,11,1.2.2,FROZEN_OPERATIONAL_V1.2.2
storage.r2.public_domain,storage,string,assets.orbexa.cc,False,False,"['platform_engineer', 'security_admin']",OWNER_REVIEW,False,False,R2公开资源域名,,ACTIVATION_GATED_CONFIGURATION,ACTIVATION_GATED,ACTIVATE_VERSION,False,NOT_SECRET,type+provider_connection_test,storage_owner,HIGH,True,1,R2公开资源域名,对象存储 / R2,URL_INPUT,,,,,^https://[^\s]+$,none,R2公开资源域名。值来源、环境、生效和回滚必须遵守配置生命周期；禁止在业务代码中另设默认值。,该配置可能影响资金、安全、域名或生产流量；保存只生成草稿，审批和影响预览通过后方可激活。,当前环境和配置依赖满足；秘密字段仅显示“已配置/未配置”,具备编辑角色，当前无激活任务；涉及生产/资金/安全时会话已升级,storage.default_provider,CFG-RULE-042;CFG-RULE-043;CFG-RULE-044;CFG-RULE-045,security_admin,对象存储领域；具体受影响页面、接口和任务由需求追踪矩阵反向查询,保存前显示旧值/新值、依赖校验、跨字段规则、受影响环境和业务快照差异,激活后保留不可变版本；通过审批回滚到最近已验证版本，不直接修改历史版本,config.storage.changed,12,1.2.2,FROZEN_OPERATIONAL_V1.2.2
storage.r2.bucket.public_media,storage,string,hhy-public-media,False,False,"['platform_engineer', 'security_admin']",OWNER_REVIEW,False,False,R2 public_media Bucket,,ACTIVATION_GATED_CONFIGURATION,ACTIVATION_GATED,ACTIVATE_VERSION,False,NOT_SECRET,type+provider_connection_test,storage_owner,HIGH,True,1,R2 public_media Bucket,对象存储 / R2,TEXT_INPUT,,,,,,none,R2 public_media Bucket。值来源、环境、生效和回滚必须遵守配置生命周期；禁止在业务代码中另设默认值。,该配置可能影响资金、安全、域名或生产流量；保存只生成草稿，审批和影响预览通过后方可激活。,当前环境和配置依赖满足；秘密字段仅显示“已配置/未配置”,具备编辑角色，当前无激活任务；涉及生产/资金/安全时会话已升级,storage.default_provider,CFG-RULE-042;CFG-RULE-043;CFG-RULE-044;CFG-RULE-045,security_admin,对象存储领域；具体受影响页面、接口和任务由需求追踪矩阵反向查询,保存前显示旧值/新值、依赖校验、跨字段规则、受影响环境和业务快照差异,激活后保留不可变版本；通过审批回滚到最近已验证版本，不直接修改历史版本,config.storage.changed,13,1.2.2,FROZEN_OPERATIONAL_V1.2.2
storage.r2.bucket.private_kyc,storage,string,hhy-private-kyc,False,False,"['platform_engineer', 'security_admin']",OWNER_REVIEW,False,False,R2 private_kyc Bucket,,ACTIVATION_GATED_CONFIGURATION,ACTIVATION_GATED,ACTIVATE_VERSION,False,NOT_SECRET,type+provider_connection_test,storage_owner,HIGH,True,1,R2 private_kyc Bucket,对象存储 / R2,TEXT_INPUT,,,,,,none,R2 private_kyc Bucket。值来源、环境、生效和回滚必须遵守配置生命周期；禁止在业务代码中另设默认值。,该配置可能影响资金、安全、域名或生产流量；保存只生成草稿，审批和影响预览通过后方可激活。,当前环境和配置依赖满足；秘密字段仅显示“已配置/未配置”,具备编辑角色，当前无激活任务；涉及生产/资金/安全时会话已升级,storage.default_provider,CFG-RULE-042;CFG-RULE-043;CFG-RULE-044;CFG-RULE-045,security_admin,对象存储领域；具体受影响页面、接口和任务由需求追踪矩阵反向查询,保存前显示旧值/新值、依赖校验、跨字段规则、受影响环境和业务快照差异,激活后保留不可变版本；通过审批回滚到最近已验证版本，不直接修改历史版本,config.storage.changed,14,1.2.2,FROZEN_OPERATIONAL_V1.2.2
storage.r2.bucket.private_chat,storage,string,hhy-private-chat,False,False,"['platform_engineer', 'security_admin']",OWNER_REVIEW,False,False,R2 private_chat Bucket,,ACTIVATION_GATED_CONFIGURATION,ACTIVATION_GATED,ACTIVATE_VERSION,False,NOT_SECRET,type+provider_connection_test,storage_owner,HIGH,True,1,R2 private_chat Bucket,对象存储 / R2,TEXT_INPUT,,,,,,none,R2 private_chat Bucket。值来源、环境、生效和回滚必须遵守配置生命周期；禁止在业务代码中另设默认值。,该配置可能影响资金、安全、域名或生产流量；保存只生成草稿，审批和影响预览通过后方可激活。,当前环境和配置依赖满足；秘密字段仅显示“已配置/未配置”,具备编辑角色，当前无激活任务；涉及生产/资金/安全时会话已升级,storage.default_provider,CFG-RULE-042;CFG-RULE-043;CFG-RULE-044;CFG-RULE-045,security_admin,对象存储领域；具体受影响页面、接口和任务由需求追踪矩阵反向查询,保存前显示旧值/新值、依赖校验、跨字段规则、受影响环境和业务快照差异,激活后保留不可变版本；通过审批回滚到最近已验证版本，不直接修改历史版本,config.storage.changed,15,1.2.2,FROZEN_OPERATIONAL_V1.2.2
storage.r2.bucket.audit_evidence,storage,string,hhy-audit-evidence,False,False,"['platform_engineer', 'security_admin']",OWNER_REVIEW,False,False,R2 audit_evidence Bucket,,ACTIVATION_GATED_CONFIGURATION,ACTIVATION_GATED,ACTIVATE_VERSION,False,NOT_SECRET,type+provider_connection_test,storage_owner,HIGH,True,1,R2 audit_evidence Bucket,对象存储 / R2,TEXT_INPUT,,,,,,none,R2 audit_evidence Bucket。值来源、环境、生效和回滚必须遵守配置生命周期；禁止在业务代码中另设默认值。,该配置可能影响资金、安全、域名或生产流量；保存只生成草稿，审批和影响预览通过后方可激活。,当前环境和配置依赖满足；秘密字段仅显示“已配置/未配置”,具备编辑角色，当前无激活任务；涉及生产/资金/安全时会话已升级,storage.default_provider,CFG-RULE-042;CFG-RULE-043;CFG-RULE-044;CFG-RULE-045,security_admin,对象存储领域；具体受影响页面、接口和任务由需求追踪矩阵反向查询,保存前显示旧值/新值、依赖校验、跨字段规则、受影响环境和业务快照差异,激活后保留不可变版本；通过审批回滚到最近已验证版本，不直接修改历史版本,config.storage.changed,16,1.2.2,FROZEN_OPERATIONAL_V1.2.2
storage.r2.bucket.apk_release,storage,string,hhy-apk-release,False,False,"['platform_engineer', 'security_admin']",OWNER_REVIEW,False,False,R2 apk_release Bucket,,ACTIVATION_GATED_CONFIGURATION,ACTIVATION_GATED,ACTIVATE_VERSION,False,NOT_SECRET,type+provider_connection_test,storage_owner,HIGH,True,1,R2 apk_release Bucket,对象存储 / R2,TEXT_INPUT,,,,,,none,R2 apk_release Bucket。值来源、环境、生效和回滚必须遵守配置生命周期；禁止在业务代码中另设默认值。,该配置可能影响资金、安全、域名或生产流量；保存只生成草稿，审批和影响预览通过后方可激活。,当前环境和配置依赖满足；秘密字段仅显示“已配置/未配置”,具备编辑角色，当前无激活任务；涉及生产/资金/安全时会话已升级,storage.default_provider,CFG-RULE-042;CFG-RULE-043;CFG-RULE-044;CFG-RULE-045,security_admin,对象存储领域；具体受影响页面、接口和任务由需求追踪矩阵反向查询,保存前显示旧值/新值、依赖校验、跨字段规则、受影响环境和业务快照差异,激活后保留不可变版本；通过审批回滚到最近已验证版本，不直接修改历史版本,config.storage.changed,17,1.2.2,FROZEN_OPERATIONAL_V1.2.2
storage.r2.bucket.backup,storage,string,hhy-backup,False,False,"['platform_engineer', 'security_admin']",OWNER_REVIEW,False,False,R2 backup Bucket,,ACTIVATION_GATED_CONFIGURATION,ACTIVATION_GATED,ACTIVATE_VERSION,False,NOT_SECRET,type+provider_connection_test,storage_owner,HIGH,True,1,R2 backup Bucket,对象存储 / R2,TEXT_INPUT,,,,,,none,R2 backup Bucket。值来源、环境、生效和回滚必须遵守配置生命周期；禁止在业务代码中另设默认值。,该配置可能影响资金、安全、域名或生产流量；保存只生成草稿，审批和影响预览通过后方可激活。,当前环境和配置依赖满足；秘密字段仅显示“已配置/未配置”,具备编辑角色，当前无激活任务；涉及生产/资金/安全时会话已升级,storage.default_provider,CFG-RULE-042;CFG-RULE-043;CFG-RULE-044;CFG-RULE-045,security_admin,对象存储领域；具体受影响页面、接口和任务由需求追踪矩阵反向查询,保存前显示旧值/新值、依赖校验、跨字段规则、受影响环境和业务快照差异,激活后保留不可变版本；通过审批回滚到最近已验证版本，不直接修改历史版本,config.storage.changed,18,1.2.2,FROZEN_OPERATIONAL_V1.2.2
storage.aliyun_oss.endpoint,storage,string,,False,False,"['platform_engineer', 'security_admin']",OWNER_REVIEW,False,False,阿里云OSS Endpoint,,ACTIVATION_GATED_CONFIGURATION,ACTIVATION_GATED,ACTIVATE_VERSION,False,NOT_SECRET,type+provider_connection_test,storage_owner,HIGH,True,1,阿里云OSS Endpoint,对象存储 / ALIYUN_OSS,URL_INPUT,,,,,^https://[^\s]+$,none,阿里云OSS Endpoint。值来源、环境、生效和回滚必须遵守配置生命周期；禁止在业务代码中另设默认值。,该配置可能影响资金、安全、域名或生产流量；保存只生成草稿，审批和影响预览通过后方可激活。,当前环境和配置依赖满足；秘密字段仅显示“已配置/未配置”,具备编辑角色，当前无激活任务；涉及生产/资金/安全时会话已升级,storage.default_provider,CFG-RULE-042;CFG-RULE-043;CFG-RULE-044;CFG-RULE-045,security_admin,对象存储领域；具体受影响页面、接口和任务由需求追踪矩阵反向查询,保存前显示旧值/新值、依赖校验、跨字段规则、受影响环境和业务快照差异,激活后保留不可变版本；通过审批回滚到最近已验证版本，不直接修改历史版本,config.storage.changed,19,1.2.2,FROZEN_OPERATIONAL_V1.2.2
storage.aliyun_oss.region,storage,string,,False,False,"['platform_engineer', 'security_admin']",OWNER_REVIEW,False,False,阿里云OSS Region,,ACTIVATION_GATED_CONFIGURATION,ACTIVATION_GATED,ACTIVATE_VERSION,False,NOT_SECRET,type+provider_connection_test,storage_owner,HIGH,True,1,阿里云OSS Region,对象存储 / ALIYUN_OSS,TEXT_INPUT,,,,,,none,阿里云OSS Region。值来源、环境、生效和回滚必须遵守配置生命周期；禁止在业务代码中另设默认值。,该配置可能影响资金、安全、域名或生产流量；保存只生成草稿，审批和影响预览通过后方可激活。,当前环境和配置依赖满足；秘密字段仅显示“已配置/未配置”,具备编辑角色，当前无激活任务；涉及生产/资金/安全时会话已升级,storage.default_provider,CFG-RULE-042;CFG-RULE-043;CFG-RULE-044;CFG-RULE-045,security_admin,对象存储领域；具体受影响页面、接口和任务由需求追踪矩阵反向查询,保存前显示旧值/新值、依赖校验、跨字段规则、受影响环境和业务快照差异,激活后保留不可变版本；通过审批回滚到最近已验证版本，不直接修改历史版本,config.storage.changed,20,1.2.2,FROZEN_OPERATIONAL_V1.2.2
storage.aliyun_oss.access_key_id,storage,secret_ref,,True,False,"['platform_engineer', 'security_admin']",TWO_PERSON,False,False,OSS AccessKey ID,,SECRET_REFERENCE,ACTIVATION_GATED,ACTIVATE_VERSION,False,VAULT_OR_KMS_REFERENCE_ONLY,secret_ref_exists+provider_connection_test,storage_owner,CRITICAL,True,1,OSS AccessKey ID,对象存储 / ALIYUN_OSS,SECRET_REF_PICKER,,,,,,none,OSS AccessKey ID。值来源、环境、生效和回滚必须遵守配置生命周期；禁止在业务代码中另设默认值。,仅保存Vault/KMS SecretRef，页面永不回显秘密；激活前必须连接测试和双人审批。,当前环境和配置依赖满足；秘密字段仅显示“已配置/未配置”,具备编辑角色，当前无激活任务；涉及生产/资金/安全时会话已升级,storage.default_provider,CFG-RULE-042;CFG-RULE-043;CFG-RULE-044;CFG-RULE-045,security_admin,对象存储领域；具体受影响页面、接口和任务由需求追踪矩阵反向查询,保存前显示旧值/新值、依赖校验、跨字段规则、受影响环境和业务快照差异,激活后保留不可变版本；通过审批回滚到最近已验证版本，不直接修改历史版本,config.storage.changed,21,1.2.2,FROZEN_OPERATIONAL_V1.2.2
storage.aliyun_oss.access_key_secret,storage,secret_ref,,True,False,"['platform_engineer', 'security_admin']",TWO_PERSON,False,False,OSS AccessKey Secret,,SECRET_REFERENCE,ACTIVATION_GATED,ACTIVATE_VERSION,False,VAULT_OR_KMS_REFERENCE_ONLY,secret_ref_exists+provider_connection_test,storage_owner,CRITICAL,True,1,OSS AccessKey Secret,对象存储 / ALIYUN_OSS,SECRET_REF_PICKER,,,,,,none,OSS AccessKey Secret。值来源、环境、生效和回滚必须遵守配置生命周期；禁止在业务代码中另设默认值。,仅保存Vault/KMS SecretRef，页面永不回显秘密；激活前必须连接测试和双人审批。,当前环境和配置依赖满足；秘密字段仅显示“已配置/未配置”,具备编辑角色，当前无激活任务；涉及生产/资金/安全时会话已升级,storage.default_provider,CFG-RULE-042;CFG-RULE-043;CFG-RULE-044;CFG-RULE-045,security_admin,对象存储领域；具体受影响页面、接口和任务由需求追踪矩阵反向查询,保存前显示旧值/新值、依赖校验、跨字段规则、受影响环境和业务快照差异,激活后保留不可变版本；通过审批回滚到最近已验证版本，不直接修改历史版本,config.storage.changed,22,1.2.2,FROZEN_OPERATIONAL_V1.2.2
storage.aliyun_oss.public_domain,storage,string,,False,False,"['platform_engineer', 'security_admin']",OWNER_REVIEW,False,False,OSS公开资源域名,,ACTIVATION_GATED_CONFIGURATION,ACTIVATION_GATED,ACTIVATE_VERSION,False,NOT_SECRET,type+provider_connection_test,storage_owner,HIGH,True,1,OSS公开资源域名,对象存储 / ALIYUN_OSS,URL_INPUT,,,,,^https://[^\s]+$,none,OSS公开资源域名。值来源、环境、生效和回滚必须遵守配置生命周期；禁止在业务代码中另设默认值。,该配置可能影响资金、安全、域名或生产流量；保存只生成草稿，审批和影响预览通过后方可激活。,当前环境和配置依赖满足；秘密字段仅显示“已配置/未配置”,具备编辑角色，当前无激活任务；涉及生产/资金/安全时会话已升级,storage.default_provider,CFG-RULE-042;CFG-RULE-043;CFG-RULE-044;CFG-RULE-045,security_admin,对象存储领域；具体受影响页面、接口和任务由需求追踪矩阵反向查询,保存前显示旧值/新值、依赖校验、跨字段规则、受影响环境和业务快照差异,激活后保留不可变版本；通过审批回滚到最近已验证版本，不直接修改历史版本,config.storage.changed,23,1.2.2,FROZEN_OPERATIONAL_V1.2.2
storage.aliyun_oss.bucket.public_media,storage,string,,False,False,"['platform_engineer', 'security_admin']",OWNER_REVIEW,False,False,OSS public_media Bucket,,ACTIVATION_GATED_CONFIGURATION,ACTIVATION_GATED,ACTIVATE_VERSION,False,NOT_SECRET,type+provider_connection_test,storage_owner,HIGH,True,1,OSS public_media Bucket,对象存储 / ALIYUN_OSS,TEXT_INPUT,,,,,,none,OSS public_media Bucket。值来源、环境、生效和回滚必须遵守配置生命周期；禁止在业务代码中另设默认值。,该配置可能影响资金、安全、域名或生产流量；保存只生成草稿，审批和影响预览通过后方可激活。,当前环境和配置依赖满足；秘密字段仅显示“已配置/未配置”,具备编辑角色，当前无激活任务；涉及生产/资金/安全时会话已升级,storage.default_provider,CFG-RULE-042;CFG-RULE-043;CFG-RULE-044;CFG-RULE-045,security_admin,对象存储领域；具体受影响页面、接口和任务由需求追踪矩阵反向查询,保存前显示旧值/新值、依赖校验、跨字段规则、受影响环境和业务快照差异,激活后保留不可变版本；通过审批回滚到最近已验证版本，不直接修改历史版本,config.storage.changed,24,1.2.2,FROZEN_OPERATIONAL_V1.2.2
storage.aliyun_oss.bucket.private_kyc,storage,string,,False,False,"['platform_engineer', 'security_admin']",OWNER_REVIEW,False,False,OSS private_kyc Bucket,,ACTIVATION_GATED_CONFIGURATION,ACTIVATION_GATED,ACTIVATE_VERSION,False,NOT_SECRET,type+provider_connection_test,storage_owner,HIGH,True,1,OSS private_kyc Bucket,对象存储 / ALIYUN_OSS,TEXT_INPUT,,,,,,none,OSS private_kyc Bucket。值来源、环境、生效和回滚必须遵守配置生命周期；禁止在业务代码中另设默认值。,该配置可能影响资金、安全、域名或生产流量；保存只生成草稿，审批和影响预览通过后方可激活。,当前环境和配置依赖满足；秘密字段仅显示“已配置/未配置”,具备编辑角色，当前无激活任务；涉及生产/资金/安全时会话已升级,storage.default_provider,CFG-RULE-042;CFG-RULE-043;CFG-RULE-044;CFG-RULE-045,security_admin,对象存储领域；具体受影响页面、接口和任务由需求追踪矩阵反向查询,保存前显示旧值/新值、依赖校验、跨字段规则、受影响环境和业务快照差异,激活后保留不可变版本；通过审批回滚到最近已验证版本，不直接修改历史版本,config.storage.changed,25,1.2.2,FROZEN_OPERATIONAL_V1.2.2
storage.aliyun_oss.bucket.private_chat,storage,string,,False,False,"['platform_engineer', 'security_admin']",OWNER_REVIEW,False,False,OSS private_chat Bucket,,ACTIVATION_GATED_CONFIGURATION,ACTIVATION_GATED,ACTIVATE_VERSION,False,NOT_SECRET,type+provider_connection_test,storage_owner,HIGH,True,1,OSS private_chat Bucket,对象存储 / ALIYUN_OSS,TEXT_INPUT,,,,,,none,OSS private_chat Bucket。值来源、环境、生效和回滚必须遵守配置生命周期；禁止在业务代码中另设默认值。,该配置可能影响资金、安全、域名或生产流量；保存只生成草稿，审批和影响预览通过后方可激活。,当前环境和配置依赖满足；秘密字段仅显示“已配置/未配置”,具备编辑角色，当前无激活任务；涉及生产/资金/安全时会话已升级,storage.default_provider,CFG-RULE-042;CFG-RULE-043;CFG-RULE-044;CFG-RULE-045,security_admin,对象存储领域；具体受影响页面、接口和任务由需求追踪矩阵反向查询,保存前显示旧值/新值、依赖校验、跨字段规则、受影响环境和业务快照差异,激活后保留不可变版本；通过审批回滚到最近已验证版本，不直接修改历史版本,config.storage.changed,26,1.2.2,FROZEN_OPERATIONAL_V1.2.2
storage.aliyun_oss.bucket.audit_evidence,storage,string,,False,False,"['platform_engineer', 'security_admin']",OWNER_REVIEW,False,False,OSS audit_evidence Bucket,,ACTIVATION_GATED_CONFIGURATION,ACTIVATION_GATED,ACTIVATE_VERSION,False,NOT_SECRET,type+provider_connection_test,storage_owner,HIGH,True,1,OSS audit_evidence Bucket,对象存储 / ALIYUN_OSS,TEXT_INPUT,,,,,,none,OSS audit_evidence Bucket。值来源、环境、生效和回滚必须遵守配置生命周期；禁止在业务代码中另设默认值。,该配置可能影响资金、安全、域名或生产流量；保存只生成草稿，审批和影响预览通过后方可激活。,当前环境和配置依赖满足；秘密字段仅显示“已配置/未配置”,具备编辑角色，当前无激活任务；涉及生产/资金/安全时会话已升级,storage.default_provider,CFG-RULE-042;CFG-RULE-043;CFG-RULE-044;CFG-RULE-045,security_admin,对象存储领域；具体受影响页面、接口和任务由需求追踪矩阵反向查询,保存前显示旧值/新值、依赖校验、跨字段规则、受影响环境和业务快照差异,激活后保留不可变版本；通过审批回滚到最近已验证版本，不直接修改历史版本,config.storage.changed,27,1.2.2,FROZEN_OPERATIONAL_V1.2.2
storage.aliyun_oss.bucket.apk_release,storage,string,,False,False,"['platform_engineer', 'security_admin']",OWNER_REVIEW,False,False,OSS apk_release Bucket,,ACTIVATION_GATED_CONFIGURATION,ACTIVATION_GATED,ACTIVATE_VERSION,False,NOT_SECRET,type+provider_connection_test,storage_owner,HIGH,True,1,OSS apk_release Bucket,对象存储 / ALIYUN_OSS,TEXT_INPUT,,,,,,none,OSS apk_release Bucket。值来源、环境、生效和回滚必须遵守配置生命周期；禁止在业务代码中另设默认值。,该配置可能影响资金、安全、域名或生产流量；保存只生成草稿，审批和影响预览通过后方可激活。,当前环境和配置依赖满足；秘密字段仅显示“已配置/未配置”,具备编辑角色，当前无激活任务；涉及生产/资金/安全时会话已升级,storage.default_provider,CFG-RULE-042;CFG-RULE-043;CFG-RULE-044;CFG-RULE-045,security_admin,对象存储领域；具体受影响页面、接口和任务由需求追踪矩阵反向查询,保存前显示旧值/新值、依赖校验、跨字段规则、受影响环境和业务快照差异,激活后保留不可变版本；通过审批回滚到最近已验证版本，不直接修改历史版本,config.storage.changed,28,1.2.2,FROZEN_OPERATIONAL_V1.2.2
storage.aliyun_oss.bucket.backup,storage,string,,False,False,"['platform_engineer', 'security_admin']",OWNER_REVIEW,False,False,OSS backup Bucket,,ACTIVATION_GATED_CONFIGURATION,ACTIVATION_GATED,ACTIVATE_VERSION,False,NOT_SECRET,type+provider_connection_test,storage_owner,HIGH,True,1,OSS backup Bucket,对象存储 / ALIYUN_OSS,TEXT_INPUT,,,,,,none,OSS backup Bucket。值来源、环境、生效和回滚必须遵守配置生命周期；禁止在业务代码中另设默认值。,该配置可能影响资金、安全、域名或生产流量；保存只生成草稿，审批和影响预览通过后方可激活。,当前环境和配置依赖满足；秘密字段仅显示“已配置/未配置”,具备编辑角色，当前无激活任务；涉及生产/资金/安全时会话已升级,storage.default_provider,CFG-RULE-042;CFG-RULE-043;CFG-RULE-044;CFG-RULE-045,security_admin,对象存储领域；具体受影响页面、接口和任务由需求追踪矩阵反向查询,保存前显示旧值/新值、依赖校验、跨字段规则、受影响环境和业务快照差异,激活后保留不可变版本；通过审批回滚到最近已验证版本，不直接修改历史版本,config.storage.changed,29,1.2.2,FROZEN_OPERATIONAL_V1.2.2
storage.upload.max_image_mb,storage,integer,10,False,False,"['platform_engineer', 'security_admin']",OWNER_REVIEW,False,False,图片最大MB,,ACTIVATION_GATED_CONFIGURATION,ACTIVATION_GATED,ACTIVATE_VERSION,False,NOT_SECRET,type+provider_connection_test,storage_owner,HIGH,True,1,图片最大MB,对象存储 / UPLOAD,NUMBER_INPUT,MB,1,2048,1,,none,图片最大MB。值来源、环境、生效和回滚必须遵守配置生命周期；禁止在业务代码中另设默认值。,该配置可能影响资金、安全、域名或生产流量；保存只生成草稿，审批和影响预览通过后方可激活。,当前环境和配置依赖满足；秘密字段仅显示“已配置/未配置”,具备编辑角色，当前无激活任务；涉及生产/资金/安全时会话已升级,,CFG-RULE-042;CFG-RULE-043;CFG-RULE-044;CFG-RULE-045,security_admin,对象存储领域；具体受影响页面、接口和任务由需求追踪矩阵反向查询,保存前显示旧值/新值、依赖校验、跨字段规则、受影响环境和业务快照差异,激活后保留不可变版本；通过审批回滚到最近已验证版本，不直接修改历史版本,config.storage.changed,30,1.2.2,FROZEN_OPERATIONAL_V1.2.2
storage.signed_url.ttl_seconds,storage,integer,120,False,False,"['platform_engineer', 'security_admin']",OWNER_REVIEW,False,False,临时授权URL秒,,ACTIVATION_GATED_CONFIGURATION,ACTIVATION_GATED,ACTIVATE_VERSION,False,NOT_SECRET,type+provider_connection_test,storage_owner,HIGH,True,1,临时授权URL秒,对象存储 / SIGNED_URL,URL_INPUT,秒,1,2592000,1,^https://[^\s]+$,none,临时授权URL秒。值来源、环境、生效和回滚必须遵守配置生命周期；禁止在业务代码中另设默认值。,该配置可能影响资金、安全、域名或生产流量；保存只生成草稿，审批和影响预览通过后方可激活。,当前环境和配置依赖满足；秘密字段仅显示“已配置/未配置”,具备编辑角色，当前无激活任务；涉及生产/资金/安全时会话已升级,,CFG-RULE-042;CFG-RULE-043;CFG-RULE-044;CFG-RULE-045,security_admin,对象存储领域；具体受影响页面、接口和任务由需求追踪矩阵反向查询,保存前显示旧值/新值、依赖校验、跨字段规则、受影响环境和业务快照差异,激活后保留不可变版本；通过审批回滚到最近已验证版本，不直接修改历史版本,config.storage.changed,31,1.2.2,FROZEN_OPERATIONAL_V1.2.2
identity.active_provider,identity,enum,ALIYUN_MARKET_FACE,False,False,"['identity_reviewer', 'security_admin']",OWNER_REVIEW,False,False,实名认证供应商,['ALIYUN_MARKET_FACE'],ACTIVATION_GATED_CONFIGURATION,ACTIVATION_GATED,ACTIVATE_VERSION,False,NOT_SECRET,type+provider_connection_test,identity_owner,HIGH,True,1,实名认证供应商,实名认证 / active provider,SELECT,,,,,,enum:['ALIYUN_MARKET_FACE'],实名认证供应商。值来源、环境、生效和回滚必须遵守配置生命周期；禁止在业务代码中另设默认值。,该配置可能影响资金、安全、域名或生产流量；保存只生成草稿，审批和影响预览通过后方可激活。,当前环境和配置依赖满足；秘密字段仅显示“已配置/未配置”,具备编辑角色，当前无激活任务；涉及生产/资金/安全时会话已升级,,CFG-RULE-011;CFG-RULE-012;CFG-RULE-013,identity_manager,实名认证领域；具体受影响页面、接口和任务由需求追踪矩阵反向查询,保存前显示旧值/新值、依赖校验、跨字段规则、受影响环境和业务快照差异,激活后保留不可变版本；通过审批回滚到最近已验证版本，不直接修改历史版本,config.identity.changed,1,1.2.2,FROZEN_OPERATIONAL_V1.2.2
identity.provider.appcode,identity,secret_ref,,True,False,"['identity_reviewer', 'security_admin']",TWO_PERSON,False,False,实名认证APPCODE,,SECRET_REFERENCE,ACTIVATION_GATED,ACTIVATE_VERSION,False,VAULT_OR_KMS_REFERENCE_ONLY,secret_ref_exists+provider_connection_test,identity_owner,CRITICAL,True,1,实名认证APPCODE,实名认证 / provider,SECRET_REF_PICKER,,,,,,provider_registry,实名认证APPCODE。值来源、环境、生效和回滚必须遵守配置生命周期；禁止在业务代码中另设默认值。,仅保存Vault/KMS SecretRef，页面永不回显秘密；激活前必须连接测试和双人审批。,当前环境和配置依赖满足；秘密字段仅显示“已配置/未配置”,具备编辑角色，当前无激活任务；涉及生产/资金/安全时会话已升级,,CFG-RULE-011;CFG-RULE-012;CFG-RULE-013,identity_manager,实名认证领域；具体受影响页面、接口和任务由需求追踪矩阵反向查询,保存前显示旧值/新值、依赖校验、跨字段规则、受影响环境和业务快照差异,激活后保留不可变版本；通过审批回滚到最近已验证版本，不直接修改历史版本,config.identity.changed,2,1.2.2,FROZEN_OPERATIONAL_V1.2.2
identity.liveness.token_url,identity,string,https://kzlive.market.alicloudapi.com/api/liveness/h5/token,False,False,"['identity_reviewer', 'security_admin']",OWNER_REVIEW,False,False,活体H5 Token地址,,ACTIVATION_GATED_CONFIGURATION,ACTIVATION_GATED,ACTIVATE_VERSION,False,NOT_SECRET,type+provider_connection_test,identity_owner,HIGH,True,1,活体H5 Token地址,实名认证 / liveness,URL_INPUT,,,,,^https://[^\s]+$,none,活体H5 Token地址。值来源、环境、生效和回滚必须遵守配置生命周期；禁止在业务代码中另设默认值。,该配置可能影响资金、安全、域名或生产流量；保存只生成草稿，审批和影响预览通过后方可激活。,当前环境和配置依赖满足；秘密字段仅显示“已配置/未配置”,具备编辑角色，当前无激活任务；涉及生产/资金/安全时会话已升级,,CFG-RULE-011;CFG-RULE-012;CFG-RULE-013,identity_manager,实名认证领域；具体受影响页面、接口和任务由需求追踪矩阵反向查询,保存前显示旧值/新值、依赖校验、跨字段规则、受影响环境和业务快照差异,激活后保留不可变版本；通过审批回滚到最近已验证版本，不直接修改历史版本,config.identity.changed,3,1.2.2,FROZEN_OPERATIONAL_V1.2.2
identity.liveness.result_url,identity,string,https://kzlive.market.alicloudapi.com/api/liveness/h5/result,False,False,"['identity_reviewer', 'security_admin']",OWNER_REVIEW,False,False,活体结果地址,,ACTIVATION_GATED_CONFIGURATION,ACTIVATION_GATED,ACTIVATE_VERSION,False,NOT_SECRET,type+provider_connection_test,identity_owner,HIGH,True,1,活体结果地址,实名认证 / liveness,URL_INPUT,,,,,^https://[^\s]+$,none,活体结果地址。值来源、环境、生效和回滚必须遵守配置生命周期；禁止在业务代码中另设默认值。,该配置可能影响资金、安全、域名或生产流量；保存只生成草稿，审批和影响预览通过后方可激活。,当前环境和配置依赖满足；秘密字段仅显示“已配置/未配置”,具备编辑角色，当前无激活任务；涉及生产/资金/安全时会话已升级,,CFG-RULE-011;CFG-RULE-012;CFG-RULE-013,identity_manager,实名认证领域；具体受影响页面、接口和任务由需求追踪矩阵反向查询,保存前显示旧值/新值、依赖校验、跨字段规则、受影响环境和业务快照差异,激活后保留不可变版本；通过审批回滚到最近已验证版本，不直接修改历史版本,config.identity.changed,4,1.2.2,FROZEN_OPERATIONAL_V1.2.2
identity.face_compare.url,identity,string,https://sdfaceid.market.alicloudapi.com/face_id_card/check,False,False,"['identity_reviewer', 'security_admin']",OWNER_REVIEW,False,False,身份证人脸比对地址,,ACTIVATION_GATED_CONFIGURATION,ACTIVATION_GATED,ACTIVATE_VERSION,False,NOT_SECRET,type+provider_connection_test,identity_owner,HIGH,True,1,身份证人脸比对地址,实名认证 / face compare,URL_INPUT,,,,,^https://[^\s]+$,none,身份证人脸比对地址。值来源、环境、生效和回滚必须遵守配置生命周期；禁止在业务代码中另设默认值。,该配置可能影响资金、安全、域名或生产流量；保存只生成草稿，审批和影响预览通过后方可激活。,当前环境和配置依赖满足；秘密字段仅显示“已配置/未配置”,具备编辑角色，当前无激活任务；涉及生产/资金/安全时会话已升级,,CFG-RULE-011;CFG-RULE-012;CFG-RULE-013,identity_manager,实名认证领域；具体受影响页面、接口和任务由需求追踪矩阵反向查询,保存前显示旧值/新值、依赖校验、跨字段规则、受影响环境和业务快照差异,激活后保留不可变版本；通过审批回滚到最近已验证版本，不直接修改历史版本,config.identity.changed,5,1.2.2,FROZEN_OPERATIONAL_V1.2.2
identity.max_daily_attempts,identity,integer,3,False,False,"['identity_reviewer', 'security_admin']",OWNER_REVIEW,False,False,每日实名认证尝试次数,,ACTIVATION_GATED_CONFIGURATION,ACTIVATION_GATED,ACTIVATE_VERSION,False,NOT_SECRET,type+provider_connection_test,identity_owner,HIGH,True,1,每日实名认证尝试次数,实名认证 / max daily attempts,NUMBER_INPUT,个/次,0,1000000,1,,none,每日实名认证尝试次数。值来源、环境、生效和回滚必须遵守配置生命周期；禁止在业务代码中另设默认值。,该配置可能影响资金、安全、域名或生产流量；保存只生成草稿，审批和影响预览通过后方可激活。,当前环境和配置依赖满足；秘密字段仅显示“已配置/未配置”,具备编辑角色，当前无激活任务；涉及生产/资金/安全时会话已升级,,CFG-RULE-011;CFG-RULE-012;CFG-RULE-013,identity_manager,实名认证领域；具体受影响页面、接口和任务由需求追踪矩阵反向查询,保存前显示旧值/新值、依赖校验、跨字段规则、受影响环境和业务快照差异,激活后保留不可变版本；通过审批回滚到最近已验证版本，不直接修改历史版本,config.identity.changed,6,1.2.2,FROZEN_OPERATIONAL_V1.2.2
identity.one_id_one_account,identity,boolean,True,False,False,"['identity_reviewer', 'security_admin']",OWNER_REVIEW,False,False,一证一号,,ACTIVATION_GATED_CONFIGURATION,ACTIVATION_GATED,ACTIVATE_VERSION,False,NOT_SECRET,type+provider_connection_test,identity_owner,HIGH,True,1,一证一号,实名认证 / one id one account,SWITCH,,,,,,none,一证一号。值来源、环境、生效和回滚必须遵守配置生命周期；禁止在业务代码中另设默认值。,该配置可能影响资金、安全、域名或生产流量；保存只生成草稿，审批和影响预览通过后方可激活。,当前环境和配置依赖满足；秘密字段仅显示“已配置/未配置”,具备编辑角色，当前无激活任务；涉及生产/资金/安全时会话已升级,,CFG-RULE-011;CFG-RULE-012;CFG-RULE-013,identity_manager,实名认证领域；具体受影响页面、接口和任务由需求追踪矩阵反向查询,保存前显示旧值/新值、依赖校验、跨字段规则、受影响环境和业务快照差异,激活后保留不可变版本；通过审批回滚到最近已验证版本，不直接修改历史版本,config.identity.changed,7,1.2.2,FROZEN_OPERATIONAL_V1.2.2
payment.active_gateway,payment,enum,CAIHONG_EPAY,False,False,"['finance_operator', 'platform_engineer']",TWO_PERSON,False,False,支付网关,"['CAIHONG_EPAY', 'MOCK']",ACTIVATION_GATED_CONFIGURATION,ACTIVATION_GATED,ACTIVATE_VERSION,False,NOT_SECRET,type+provider_connection_test,payment_owner,HIGH,True,1,支付网关,支付 / active gateway,SELECT,,,,,,"enum:['CAIHONG_EPAY', 'MOCK']",支付网关。值来源、环境、生效和回滚必须遵守配置生命周期；禁止在业务代码中另设默认值。,该配置可能影响资金、安全、域名或生产流量；保存只生成草稿，审批和影响预览通过后方可激活。,当前环境和配置依赖满足；秘密字段仅显示“已配置/未配置”,具备编辑角色，当前无激活任务；涉及生产/资金/安全时会话已升级,,CFG-RULE-017;CFG-RULE-018;CFG-RULE-019,finance_reviewer,支付领域；具体受影响页面、接口和任务由需求追踪矩阵反向查询,保存前显示旧值/新值、依赖校验、跨字段规则、受影响环境和业务快照差异,激活后保留不可变版本；通过审批回滚到最近已验证版本，不直接修改历史版本,config.payment.changed,1,1.2.2,FROZEN_OPERATIONAL_V1.2.2
payment.caihong.base_url,payment,string,,False,False,"['finance_operator', 'platform_engineer']",TWO_PERSON,False,False,彩虹易支付Base URL,,ACTIVATION_GATED_CONFIGURATION,ACTIVATION_GATED,ACTIVATE_VERSION,False,NOT_SECRET,type+provider_connection_test,payment_owner,HIGH,True,1,彩虹易支付Base URL,支付 / caihong,URL_INPUT,,,,,^https://[^\s]+$,none,彩虹易支付Base URL。值来源、环境、生效和回滚必须遵守配置生命周期；禁止在业务代码中另设默认值。,该配置可能影响资金、安全、域名或生产流量；保存只生成草稿，审批和影响预览通过后方可激活。,当前环境和配置依赖满足；秘密字段仅显示“已配置/未配置”,具备编辑角色，当前无激活任务；涉及生产/资金/安全时会话已升级,payment.active_gateway,CFG-RULE-017;CFG-RULE-018;CFG-RULE-019,finance_reviewer,支付领域；具体受影响页面、接口和任务由需求追踪矩阵反向查询,保存前显示旧值/新值、依赖校验、跨字段规则、受影响环境和业务快照差异,激活后保留不可变版本；通过审批回滚到最近已验证版本，不直接修改历史版本,config.payment.changed,2,1.2.2,FROZEN_OPERATIONAL_V1.2.2
payment.caihong.merchant_id,payment,secret_ref,,True,False,"['finance_operator', 'platform_engineer']",TWO_PERSON,False,False,彩虹易支付商户ID,,SECRET_REFERENCE,ACTIVATION_GATED,ACTIVATE_VERSION,False,VAULT_OR_KMS_REFERENCE_ONLY,secret_ref_exists+provider_connection_test,payment_owner,CRITICAL,True,1,彩虹易支付商户ID,支付 / caihong,SECRET_REF_PICKER,,,,,,none,彩虹易支付商户ID。值来源、环境、生效和回滚必须遵守配置生命周期；禁止在业务代码中另设默认值。,仅保存Vault/KMS SecretRef，页面永不回显秘密；激活前必须连接测试和双人审批。,当前环境和配置依赖满足；秘密字段仅显示“已配置/未配置”,具备编辑角色，当前无激活任务；涉及生产/资金/安全时会话已升级,payment.active_gateway,CFG-RULE-017;CFG-RULE-018;CFG-RULE-019,finance_reviewer,支付领域；具体受影响页面、接口和任务由需求追踪矩阵反向查询,保存前显示旧值/新值、依赖校验、跨字段规则、受影响环境和业务快照差异,激活后保留不可变版本；通过审批回滚到最近已验证版本，不直接修改历史版本,config.payment.changed,3,1.2.2,FROZEN_OPERATIONAL_V1.2.2
payment.caihong.merchant_key,payment,secret_ref,,True,False,"['finance_operator', 'platform_engineer']",TWO_PERSON,False,False,彩虹易支付商户Key,,SECRET_REFERENCE,ACTIVATION_GATED,ACTIVATE_VERSION,False,VAULT_OR_KMS_REFERENCE_ONLY,secret_ref_exists+provider_connection_test,payment_owner,CRITICAL,True,1,彩虹易支付商户Key,支付 / caihong,SECRET_REF_PICKER,,,,,,none,彩虹易支付商户Key。值来源、环境、生效和回滚必须遵守配置生命周期；禁止在业务代码中另设默认值。,仅保存Vault/KMS SecretRef，页面永不回显秘密；激活前必须连接测试和双人审批。,当前环境和配置依赖满足；秘密字段仅显示“已配置/未配置”,具备编辑角色，当前无激活任务；涉及生产/资金/安全时会话已升级,payment.active_gateway,CFG-RULE-017;CFG-RULE-018;CFG-RULE-019,finance_reviewer,支付领域；具体受影响页面、接口和任务由需求追踪矩阵反向查询,保存前显示旧值/新值、依赖校验、跨字段规则、受影响环境和业务快照差异,激活后保留不可变版本；通过审批回滚到最近已验证版本，不直接修改历史版本,config.payment.changed,4,1.2.2,FROZEN_OPERATIONAL_V1.2.2
payment.caihong.sign_type,payment,enum,MD5,False,False,"['finance_operator', 'platform_engineer']",TWO_PERSON,False,False,签名算法,"['MD5', 'RSA2']",ACTIVATION_GATED_CONFIGURATION,ACTIVATION_GATED,ACTIVATE_VERSION,False,NOT_SECRET,type+provider_connection_test,payment_owner,HIGH,True,1,签名算法,支付 / caihong,SELECT,,,,,,"enum:['MD5', 'RSA2']",签名算法。值来源、环境、生效和回滚必须遵守配置生命周期；禁止在业务代码中另设默认值。,该配置可能影响资金、安全、域名或生产流量；保存只生成草稿，审批和影响预览通过后方可激活。,当前环境和配置依赖满足；秘密字段仅显示“已配置/未配置”,具备编辑角色，当前无激活任务；涉及生产/资金/安全时会话已升级,payment.active_gateway,CFG-RULE-017;CFG-RULE-018;CFG-RULE-019,finance_reviewer,支付领域；具体受影响页面、接口和任务由需求追踪矩阵反向查询,保存前显示旧值/新值、依赖校验、跨字段规则、受影响环境和业务快照差异,激活后保留不可变版本；通过审批回滚到最近已验证版本，不直接修改历史版本,config.payment.changed,5,1.2.2,FROZEN_OPERATIONAL_V1.2.2
payment.caihong.enabled_channels,payment,string_list,"['alipay', 'wxpay']",False,False,"['finance_operator', 'platform_engineer']",TWO_PERSON,False,False,启用渠道,,ACTIVATION_GATED_CONFIGURATION,ACTIVATION_GATED,ACTIVATE_VERSION,False,NOT_SECRET,type+provider_connection_test,payment_owner,HIGH,True,1,启用渠道,支付 / caihong,TAG_LIST_OR_STRUCTURED_EDITOR,,,,,,none,启用渠道。值来源、环境、生效和回滚必须遵守配置生命周期；禁止在业务代码中另设默认值。,该配置可能影响资金、安全、域名或生产流量；保存只生成草稿，审批和影响预览通过后方可激活。,当前环境和配置依赖满足；秘密字段仅显示“已配置/未配置”,具备编辑角色，当前无激活任务；涉及生产/资金/安全时会话已升级,payment.active_gateway,CFG-RULE-017;CFG-RULE-018;CFG-RULE-019,finance_reviewer,支付领域；具体受影响页面、接口和任务由需求追踪矩阵反向查询,保存前显示旧值/新值、依赖校验、跨字段规则、受影响环境和业务快照差异,激活后保留不可变版本；通过审批回滚到最近已验证版本，不直接修改历史版本,config.payment.changed,6,1.2.2,FROZEN_OPERATIONAL_V1.2.2
payment.notify_url,payment,string,https://api.orbexa.cc/callbacks/payment/caihong,False,False,"['finance_operator', 'platform_engineer']",TWO_PERSON,False,False,支付异步回调,,ACTIVATION_GATED_CONFIGURATION,ACTIVATION_GATED,ACTIVATE_VERSION,False,NOT_SECRET,type+provider_connection_test,payment_owner,HIGH,True,1,支付异步回调,支付 / notify url,URL_INPUT,,,,,^https://[^\s]+$,none,支付异步回调。值来源、环境、生效和回滚必须遵守配置生命周期；禁止在业务代码中另设默认值。,该配置可能影响资金、安全、域名或生产流量；保存只生成草稿，审批和影响预览通过后方可激活。,当前环境和配置依赖满足；秘密字段仅显示“已配置/未配置”,具备编辑角色，当前无激活任务；涉及生产/资金/安全时会话已升级,,CFG-RULE-017;CFG-RULE-018;CFG-RULE-019,finance_reviewer,支付领域；具体受影响页面、接口和任务由需求追踪矩阵反向查询,保存前显示旧值/新值、依赖校验、跨字段规则、受影响环境和业务快照差异,激活后保留不可变版本；通过审批回滚到最近已验证版本，不直接修改历史版本,config.payment.changed,7,1.2.2,FROZEN_OPERATIONAL_V1.2.2
payment.return_url,payment,string,https://h5.orbexa.cc/payment/result,False,False,"['finance_operator', 'platform_engineer']",TWO_PERSON,False,False,支付同步返回,,ACTIVATION_GATED_CONFIGURATION,ACTIVATION_GATED,ACTIVATE_VERSION,False,NOT_SECRET,type+provider_connection_test,payment_owner,HIGH,True,1,支付同步返回,支付 / return url,URL_INPUT,,,,,^https://[^\s]+$,none,支付同步返回。值来源、环境、生效和回滚必须遵守配置生命周期；禁止在业务代码中另设默认值。,该配置可能影响资金、安全、域名或生产流量；保存只生成草稿，审批和影响预览通过后方可激活。,当前环境和配置依赖满足；秘密字段仅显示“已配置/未配置”,具备编辑角色，当前无激活任务；涉及生产/资金/安全时会话已升级,,CFG-RULE-017;CFG-RULE-018;CFG-RULE-019,finance_reviewer,支付领域；具体受影响页面、接口和任务由需求追踪矩阵反向查询,保存前显示旧值/新值、依赖校验、跨字段规则、受影响环境和业务快照差异,激活后保留不可变版本；通过审批回滚到最近已验证版本，不直接修改历史版本,config.payment.changed,8,1.2.2,FROZEN_OPERATIONAL_V1.2.2
payment.order_timeout_seconds,payment,integer,900,False,False,"['finance_operator', 'platform_engineer']",TWO_PERSON,False,False,支付订单超时秒,,ACTIVATION_GATED_CONFIGURATION,ACTIVATION_GATED,ACTIVATE_VERSION,False,NOT_SECRET,type+provider_connection_test,payment_owner,HIGH,True,1,支付订单超时秒,支付 / order timeout seconds,NUMBER_INPUT,秒,1,2592000,1,,none,支付订单超时秒。值来源、环境、生效和回滚必须遵守配置生命周期；禁止在业务代码中另设默认值。,该配置可能影响资金、安全、域名或生产流量；保存只生成草稿，审批和影响预览通过后方可激活。,当前环境和配置依赖满足；秘密字段仅显示“已配置/未配置”,具备编辑角色，当前无激活任务；涉及生产/资金/安全时会话已升级,,CFG-RULE-017;CFG-RULE-018;CFG-RULE-019,finance_reviewer,支付领域；具体受影响页面、接口和任务由需求追踪矩阵反向查询,保存前显示旧值/新值、依赖校验、跨字段规则、受影响环境和业务快照差异,激活后保留不可变版本；通过审批回滚到最近已验证版本，不直接修改历史版本,config.payment.changed,9,1.2.2,FROZEN_OPERATIONAL_V1.2.2
payout.active_gateway,payout,enum,ALIPAY_ENTERPRISE,False,False,"['finance_operator', 'platform_engineer']",TWO_PERSON,False,False,出款网关,"['ALIPAY_ENTERPRISE', 'MANUAL']",ACTIVATION_GATED_CONFIGURATION,ACTIVATION_GATED,ACTIVATE_VERSION,False,NOT_SECRET,type+provider_connection_test,payout_owner,HIGH,True,1,出款网关,企业出款 / active gateway,SELECT,,,,,,"enum:['ALIPAY_ENTERPRISE', 'MANUAL']",出款网关。值来源、环境、生效和回滚必须遵守配置生命周期；禁止在业务代码中另设默认值。,该配置可能影响资金、安全、域名或生产流量；保存只生成草稿，审批和影响预览通过后方可激活。,当前环境和配置依赖满足；秘密字段仅显示“已配置/未配置”,具备编辑角色，当前无激活任务；涉及生产/资金/安全时会话已升级,,CFG-RULE-020;CFG-RULE-021;CFG-RULE-022,finance_reviewer,企业出款领域；具体受影响页面、接口和任务由需求追踪矩阵反向查询,保存前显示旧值/新值、依赖校验、跨字段规则、受影响环境和业务快照差异,激活后保留不可变版本；通过审批回滚到最近已验证版本，不直接修改历史版本,config.payout.changed,1,1.2.2,FROZEN_OPERATIONAL_V1.2.2
payout.alipay.app_id,payout,string,,False,False,"['finance_operator', 'platform_engineer']",TWO_PERSON,False,False,支付宝应用ID,,ACTIVATION_GATED_CONFIGURATION,ACTIVATION_GATED,ACTIVATE_VERSION,False,NOT_SECRET,type+provider_connection_test,payout_owner,HIGH,True,1,支付宝应用ID,企业出款 / alipay,TEXT_INPUT,,,,,,none,支付宝应用ID。值来源、环境、生效和回滚必须遵守配置生命周期；禁止在业务代码中另设默认值。,该配置可能影响资金、安全、域名或生产流量；保存只生成草稿，审批和影响预览通过后方可激活。,当前环境和配置依赖满足；秘密字段仅显示“已配置/未配置”,具备编辑角色，当前无激活任务；涉及生产/资金/安全时会话已升级,payout.active_gateway,CFG-RULE-020;CFG-RULE-021;CFG-RULE-022,finance_reviewer,企业出款领域；具体受影响页面、接口和任务由需求追踪矩阵反向查询,保存前显示旧值/新值、依赖校验、跨字段规则、受影响环境和业务快照差异,激活后保留不可变版本；通过审批回滚到最近已验证版本，不直接修改历史版本,config.payout.changed,2,1.2.2,FROZEN_OPERATIONAL_V1.2.2
payout.alipay.merchant_id,payout,string,,False,False,"['finance_operator', 'platform_engineer']",TWO_PERSON,False,False,支付宝商家ID,,ACTIVATION_GATED_CONFIGURATION,ACTIVATION_GATED,ACTIVATE_VERSION,False,NOT_SECRET,type+provider_connection_test,payout_owner,HIGH,True,1,支付宝商家ID,企业出款 / alipay,TEXT_INPUT,,,,,,none,支付宝商家ID。值来源、环境、生效和回滚必须遵守配置生命周期；禁止在业务代码中另设默认值。,该配置可能影响资金、安全、域名或生产流量；保存只生成草稿，审批和影响预览通过后方可激活。,当前环境和配置依赖满足；秘密字段仅显示“已配置/未配置”,具备编辑角色，当前无激活任务；涉及生产/资金/安全时会话已升级,payout.active_gateway,CFG-RULE-020;CFG-RULE-021;CFG-RULE-022,finance_reviewer,企业出款领域；具体受影响页面、接口和任务由需求追踪矩阵反向查询,保存前显示旧值/新值、依赖校验、跨字段规则、受影响环境和业务快照差异,激活后保留不可变版本；通过审批回滚到最近已验证版本，不直接修改历史版本,config.payout.changed,3,1.2.2,FROZEN_OPERATIONAL_V1.2.2
payout.alipay.private_key_certificate_id,payout,certificate_ref,,True,False,"['finance_operator', 'platform_engineer']",TWO_PERSON,False,False,支付宝private_key_certificate_id,,SECRET_REFERENCE,ACTIVATION_GATED,ACTIVATE_VERSION,False,VAULT_OR_KMS_REFERENCE_ONLY,secret_ref_exists+provider_connection_test,payout_owner,CRITICAL,True,1,支付宝private_key_certificate_id,企业出款 / alipay,SECRET_REF_PICKER,,,,,,none,支付宝private_key_certificate_id。值来源、环境、生效和回滚必须遵守配置生命周期；禁止在业务代码中另设默认值。,仅保存Vault/KMS SecretRef，页面永不回显秘密；激活前必须连接测试和双人审批。,当前环境和配置依赖满足；秘密字段仅显示“已配置/未配置”,具备编辑角色，当前无激活任务；涉及生产/资金/安全时会话已升级,payout.active_gateway,CFG-RULE-020;CFG-RULE-021;CFG-RULE-022,finance_reviewer,企业出款领域；具体受影响页面、接口和任务由需求追踪矩阵反向查询,保存前显示旧值/新值、依赖校验、跨字段规则、受影响环境和业务快照差异,激活后保留不可变版本；通过审批回滚到最近已验证版本，不直接修改历史版本,config.payout.changed,4,1.2.2,FROZEN_OPERATIONAL_V1.2.2
payout.alipay.app_public_certificate_id,payout,certificate_ref,,True,False,"['finance_operator', 'platform_engineer']",TWO_PERSON,False,False,支付宝app_public_certificate_id,,SECRET_REFERENCE,ACTIVATION_GATED,ACTIVATE_VERSION,False,VAULT_OR_KMS_REFERENCE_ONLY,secret_ref_exists+provider_connection_test,payout_owner,CRITICAL,True,1,支付宝app_public_certificate_id,企业出款 / alipay,SECRET_REF_PICKER,,,,,,none,支付宝app_public_certificate_id。值来源、环境、生效和回滚必须遵守配置生命周期；禁止在业务代码中另设默认值。,仅保存Vault/KMS SecretRef，页面永不回显秘密；激活前必须连接测试和双人审批。,当前环境和配置依赖满足；秘密字段仅显示“已配置/未配置”,具备编辑角色，当前无激活任务；涉及生产/资金/安全时会话已升级,payout.active_gateway,CFG-RULE-020;CFG-RULE-021;CFG-RULE-022,finance_reviewer,企业出款领域；具体受影响页面、接口和任务由需求追踪矩阵反向查询,保存前显示旧值/新值、依赖校验、跨字段规则、受影响环境和业务快照差异,激活后保留不可变版本；通过审批回滚到最近已验证版本，不直接修改历史版本,config.payout.changed,5,1.2.2,FROZEN_OPERATIONAL_V1.2.2
payout.alipay.alipay_public_certificate_id,payout,certificate_ref,,True,False,"['finance_operator', 'platform_engineer']",TWO_PERSON,False,False,支付宝alipay_public_certificate_id,,SECRET_REFERENCE,ACTIVATION_GATED,ACTIVATE_VERSION,False,VAULT_OR_KMS_REFERENCE_ONLY,secret_ref_exists+provider_connection_test,payout_owner,CRITICAL,True,1,支付宝alipay_public_certificate_id,企业出款 / alipay,SECRET_REF_PICKER,,,,,,none,支付宝alipay_public_certificate_id。值来源、环境、生效和回滚必须遵守配置生命周期；禁止在业务代码中另设默认值。,仅保存Vault/KMS SecretRef，页面永不回显秘密；激活前必须连接测试和双人审批。,当前环境和配置依赖满足；秘密字段仅显示“已配置/未配置”,具备编辑角色，当前无激活任务；涉及生产/资金/安全时会话已升级,payout.active_gateway,CFG-RULE-020;CFG-RULE-021;CFG-RULE-022,finance_reviewer,企业出款领域；具体受影响页面、接口和任务由需求追踪矩阵反向查询,保存前显示旧值/新值、依赖校验、跨字段规则、受影响环境和业务快照差异,激活后保留不可变版本；通过审批回滚到最近已验证版本，不直接修改历史版本,config.payout.changed,6,1.2.2,FROZEN_OPERATIONAL_V1.2.2
payout.alipay.root_certificate_id,payout,certificate_ref,,True,False,"['finance_operator', 'platform_engineer']",TWO_PERSON,False,False,支付宝root_certificate_id,,SECRET_REFERENCE,ACTIVATION_GATED,ACTIVATE_VERSION,False,VAULT_OR_KMS_REFERENCE_ONLY,secret_ref_exists+provider_connection_test,payout_owner,CRITICAL,True,1,支付宝root_certificate_id,企业出款 / alipay,SECRET_REF_PICKER,,,,,,none,支付宝root_certificate_id。值来源、环境、生效和回滚必须遵守配置生命周期；禁止在业务代码中另设默认值。,仅保存Vault/KMS SecretRef，页面永不回显秘密；激活前必须连接测试和双人审批。,当前环境和配置依赖满足；秘密字段仅显示“已配置/未配置”,具备编辑角色，当前无激活任务；涉及生产/资金/安全时会话已升级,payout.active_gateway,CFG-RULE-020;CFG-RULE-021;CFG-RULE-022,finance_reviewer,企业出款领域；具体受影响页面、接口和任务由需求追踪矩阵反向查询,保存前显示旧值/新值、依赖校验、跨字段规则、受影响环境和业务快照差异,激活后保留不可变版本；通过审批回滚到最近已验证版本，不直接修改历史版本,config.payout.changed,7,1.2.2,FROZEN_OPERATIONAL_V1.2.2
payout.alipay.gateway_url,payout,string,https://openapi.alipay.com/gateway.do,False,False,"['finance_operator', 'platform_engineer']",TWO_PERSON,False,False,支付宝网关,,ACTIVATION_GATED_CONFIGURATION,ACTIVATION_GATED,ACTIVATE_VERSION,False,NOT_SECRET,type+provider_connection_test,payout_owner,HIGH,True,1,支付宝网关,企业出款 / alipay,URL_INPUT,,,,,^https://[^\s]+$,none,支付宝网关。值来源、环境、生效和回滚必须遵守配置生命周期；禁止在业务代码中另设默认值。,该配置可能影响资金、安全、域名或生产流量；保存只生成草稿，审批和影响预览通过后方可激活。,当前环境和配置依赖满足；秘密字段仅显示“已配置/未配置”,具备编辑角色，当前无激活任务；涉及生产/资金/安全时会话已升级,payout.active_gateway,CFG-RULE-020;CFG-RULE-021;CFG-RULE-022,finance_reviewer,企业出款领域；具体受影响页面、接口和任务由需求追踪矩阵反向查询,保存前显示旧值/新值、依赖校验、跨字段规则、受影响环境和业务快照差异,激活后保留不可变版本；通过审批回滚到最近已验证版本，不直接修改历史版本,config.payout.changed,8,1.2.2,FROZEN_OPERATIONAL_V1.2.2
payout.notify_url,payout,string,https://api.orbexa.cc/callbacks/payout/alipay,False,False,"['finance_operator', 'platform_engineer']",TWO_PERSON,False,False,支付宝出款回调,,ACTIVATION_GATED_CONFIGURATION,ACTIVATION_GATED,ACTIVATE_VERSION,False,NOT_SECRET,type+provider_connection_test,payout_owner,HIGH,True,1,支付宝出款回调,企业出款 / notify url,URL_INPUT,,,,,^https://[^\s]+$,none,支付宝出款回调。值来源、环境、生效和回滚必须遵守配置生命周期；禁止在业务代码中另设默认值。,该配置可能影响资金、安全、域名或生产流量；保存只生成草稿，审批和影响预览通过后方可激活。,当前环境和配置依赖满足；秘密字段仅显示“已配置/未配置”,具备编辑角色，当前无激活任务；涉及生产/资金/安全时会话已升级,,CFG-RULE-020;CFG-RULE-021;CFG-RULE-022,finance_reviewer,企业出款领域；具体受影响页面、接口和任务由需求追踪矩阵反向查询,保存前显示旧值/新值、依赖校验、跨字段规则、受影响环境和业务快照差异,激活后保留不可变版本；通过审批回滚到最近已验证版本，不直接修改历史版本,config.payout.changed,9,1.2.2,FROZEN_OPERATIONAL_V1.2.2
app.android.application_id,app_build,string,GENERATE_AT_P00,False,False,"['release_manager', 'platform_engineer', 'security_admin']",TWO_PERSON,False,False,正式包名，由P00生成后冻结,,STARTUP_CONFIGURATION,"STAGING,PRODUCTION",RESTART_REQUIRED,True,NOT_SECRET,type+range+cross_field,app_build_owner,HIGH,True,1,正式包名，由P00生成后冻结,App构建发布 / android,TEXT_INPUT,,,,,^[a-z][a-z0-9_]*(\.[a-z][a-z0-9_]*)+$,none,正式包名，由P00生成后冻结。值来源、环境、生效和回滚必须遵守配置生命周期；禁止在业务代码中另设默认值。,该配置可能影响资金、安全、域名或生产流量；保存只生成草稿，审批和影响预览通过后方可激活。,当前环境和配置依赖满足；秘密字段仅显示“已配置/未配置”,具备编辑角色，当前无激活任务；涉及生产/资金/安全时会话已升级,,CFG-RULE-055;CFG-RULE-056;CFG-RULE-057,release_manager,App构建发布领域；具体受影响页面、接口和任务由需求追踪矩阵反向查询,保存前显示旧值/新值、依赖校验、跨字段规则、受影响环境和业务快照差异,激活后保留不可变版本；通过审批回滚到最近已验证版本，不直接修改历史版本,config.app_build.changed,1,1.2.2,FROZEN_OPERATIONAL_V1.2.2
app.android.staging_application_id,app_build,string,GENERATE_AT_P00,False,False,"['release_manager', 'platform_engineer', 'security_admin']",TWO_PERSON,False,False,测试包名，由P00生成后冻结,,STARTUP_CONFIGURATION,"STAGING,PRODUCTION",RESTART_REQUIRED,True,NOT_SECRET,type+range+cross_field,app_build_owner,HIGH,True,1,测试包名，由P00生成后冻结,App构建发布 / android,TEXT_INPUT,,,,,^[a-z][a-z0-9_]*(\.[a-z][a-z0-9_]*)+$,none,测试包名，由P00生成后冻结。值来源、环境、生效和回滚必须遵守配置生命周期；禁止在业务代码中另设默认值。,该配置可能影响资金、安全、域名或生产流量；保存只生成草稿，审批和影响预览通过后方可激活。,当前环境和配置依赖满足；秘密字段仅显示“已配置/未配置”,具备编辑角色，当前无激活任务；涉及生产/资金/安全时会话已升级,,CFG-RULE-055;CFG-RULE-056;CFG-RULE-057,release_manager,App构建发布领域；具体受影响页面、接口和任务由需求追踪矩阵反向查询,保存前显示旧值/新值、依赖校验、跨字段规则、受影响环境和业务快照差异,激活后保留不可变版本；通过审批回滚到最近已验证版本，不直接修改历史版本,config.app_build.changed,2,1.2.2,FROZEN_OPERATIONAL_V1.2.2
app.android.display_name,app_build,string,合伙云 Pro,False,False,"['release_manager', 'platform_engineer', 'security_admin']",TWO_PERSON,False,False,App显示名,,ACTIVATION_GATED_CONFIGURATION,ACTIVATION_GATED,ACTIVATE_VERSION,False,NOT_SECRET,type+provider_connection_test,app_build_owner,HIGH,True,1,App显示名,App构建发布 / android,TEXT_INPUT,,,,,,none,App显示名。值来源、环境、生效和回滚必须遵守配置生命周期；禁止在业务代码中另设默认值。,该配置可能影响资金、安全、域名或生产流量；保存只生成草稿，审批和影响预览通过后方可激活。,当前环境和配置依赖满足；秘密字段仅显示“已配置/未配置”,具备编辑角色，当前无激活任务；涉及生产/资金/安全时会话已升级,,CFG-RULE-055;CFG-RULE-056;CFG-RULE-057,release_manager,App构建发布领域；具体受影响页面、接口和任务由需求追踪矩阵反向查询,保存前显示旧值/新值、依赖校验、跨字段规则、受影响环境和业务快照差异,激活后保留不可变版本；通过审批回滚到最近已验证版本，不直接修改历史版本,config.app_build.changed,3,1.2.2,FROZEN_OPERATIONAL_V1.2.2
app.android.signing.staging_profile,app_build,string,GENERATE_AT_P00,False,False,"['release_manager', 'platform_engineer', 'security_admin']",TWO_PERSON,False,False,测试签名Profile,,ACTIVATION_GATED_CONFIGURATION,ACTIVATION_GATED,ACTIVATE_VERSION,False,NOT_SECRET,type+provider_connection_test,app_build_owner,HIGH,True,1,测试签名Profile,App构建发布 / android,TEXT_INPUT,,,,,,none,测试签名Profile。值来源、环境、生效和回滚必须遵守配置生命周期；禁止在业务代码中另设默认值。,该配置可能影响资金、安全、域名或生产流量；保存只生成草稿，审批和影响预览通过后方可激活。,当前环境和配置依赖满足；秘密字段仅显示“已配置/未配置”,具备编辑角色，当前无激活任务；涉及生产/资金/安全时会话已升级,,CFG-RULE-055;CFG-RULE-056;CFG-RULE-057,release_manager,App构建发布领域；具体受影响页面、接口和任务由需求追踪矩阵反向查询,保存前显示旧值/新值、依赖校验、跨字段规则、受影响环境和业务快照差异,激活后保留不可变版本；通过审批回滚到最近已验证版本，不直接修改历史版本,config.app_build.changed,4,1.2.2,FROZEN_OPERATIONAL_V1.2.2
app.android.signing.production_profile,app_build,secret_ref,,True,False,"['release_manager', 'platform_engineer', 'security_admin']",TWO_PERSON,False,False,生产签名Profile,,SECRET_REFERENCE,ACTIVATION_GATED,ACTIVATE_VERSION,False,VAULT_OR_KMS_REFERENCE_ONLY,secret_ref_exists+provider_connection_test,app_build_owner,CRITICAL,True,1,生产签名Profile,App构建发布 / android,SECRET_REF_PICKER,,,,,,none,生产签名Profile。值来源、环境、生效和回滚必须遵守配置生命周期；禁止在业务代码中另设默认值。,仅保存Vault/KMS SecretRef，页面永不回显秘密；激活前必须连接测试和双人审批。,当前环境和配置依赖满足；秘密字段仅显示“已配置/未配置”,具备编辑角色，当前无激活任务；涉及生产/资金/安全时会话已升级,app.release.require_two_person_approval,CFG-RULE-055;CFG-RULE-056;CFG-RULE-057,release_manager,App构建发布领域；具体受影响页面、接口和任务由需求追踪矩阵反向查询,保存前显示旧值/新值、依赖校验、跨字段规则、受影响环境和业务快照差异,激活后保留不可变版本；通过审批回滚到最近已验证版本，不直接修改历史版本,config.app_build.changed,5,1.2.2,FROZEN_OPERATIONAL_V1.2.2
app.build.runner,app_build,enum,ISOLATED_DOCKER,False,False,"['release_manager', 'platform_engineer', 'security_admin']",TWO_PERSON,False,False,构建执行器,['ISOLATED_DOCKER'],ACTIVATION_GATED_CONFIGURATION,ACTIVATION_GATED,ACTIVATE_VERSION,False,NOT_SECRET,type+provider_connection_test,app_build_owner,HIGH,True,1,构建执行器,App构建发布 / build,SELECT,,,,,,enum:['ISOLATED_DOCKER'],构建执行器。值来源、环境、生效和回滚必须遵守配置生命周期；禁止在业务代码中另设默认值。,该配置可能影响资金、安全、域名或生产流量；保存只生成草稿，审批和影响预览通过后方可激活。,当前环境和配置依赖满足；秘密字段仅显示“已配置/未配置”,具备编辑角色，当前无激活任务；涉及生产/资金/安全时会话已升级,,CFG-RULE-055;CFG-RULE-056;CFG-RULE-057,release_manager,App构建发布领域；具体受影响页面、接口和任务由需求追踪矩阵反向查询,保存前显示旧值/新值、依赖校验、跨字段规则、受影响环境和业务快照差异,激活后保留不可变版本；通过审批回滚到最近已验证版本，不直接修改历史版本,config.app_build.changed,6,1.2.2,FROZEN_OPERATIONAL_V1.2.2
app.build.allowed_ref_patterns,app_build,string_list,"['main', 'release/*', 'v*']",False,False,"['release_manager', 'platform_engineer', 'security_admin']",TWO_PERSON,False,False,允许构建的Git Ref,,ACTIVATION_GATED_CONFIGURATION,ACTIVATION_GATED,ACTIVATE_VERSION,False,NOT_SECRET,type+provider_connection_test,app_build_owner,HIGH,True,1,允许构建的Git Ref,App构建发布 / build,TAG_LIST_OR_STRUCTURED_EDITOR,,,,,,none,允许构建的Git Ref。值来源、环境、生效和回滚必须遵守配置生命周期；禁止在业务代码中另设默认值。,该配置可能影响资金、安全、域名或生产流量；保存只生成草稿，审批和影响预览通过后方可激活。,当前环境和配置依赖满足；秘密字段仅显示“已配置/未配置”,具备编辑角色，当前无激活任务；涉及生产/资金/安全时会话已升级,,CFG-RULE-055;CFG-RULE-056;CFG-RULE-057,release_manager,App构建发布领域；具体受影响页面、接口和任务由需求追踪矩阵反向查询,保存前显示旧值/新值、依赖校验、跨字段规则、受影响环境和业务快照差异,激活后保留不可变版本；通过审批回滚到最近已验证版本，不直接修改历史版本,config.app_build.changed,7,1.2.2,FROZEN_OPERATIONAL_V1.2.2
app.build.artifact_storage_scope,app_build,string,apk_release,False,False,"['release_manager', 'platform_engineer', 'security_admin']",TWO_PERSON,False,False,构建产物存储Scope,,ACTIVATION_GATED_CONFIGURATION,ACTIVATION_GATED,ACTIVATE_VERSION,False,NOT_SECRET,type+provider_connection_test,app_build_owner,HIGH,True,1,构建产物存储Scope,App构建发布 / build,TEXT_INPUT,,,,,,none,构建产物存储Scope。值来源、环境、生效和回滚必须遵守配置生命周期；禁止在业务代码中另设默认值。,该配置可能影响资金、安全、域名或生产流量；保存只生成草稿，审批和影响预览通过后方可激活。,当前环境和配置依赖满足；秘密字段仅显示“已配置/未配置”,具备编辑角色，当前无激活任务；涉及生产/资金/安全时会话已升级,,CFG-RULE-055;CFG-RULE-056;CFG-RULE-057,release_manager,App构建发布领域；具体受影响页面、接口和任务由需求追踪矩阵反向查询,保存前显示旧值/新值、依赖校验、跨字段规则、受影响环境和业务快照差异,激活后保留不可变版本；通过审批回滚到最近已验证版本，不直接修改历史版本,config.app_build.changed,8,1.2.2,FROZEN_OPERATIONAL_V1.2.2
app.release.default_update_type,app_build,enum,RECOMMENDED,False,False,"['release_manager', 'platform_engineer', 'security_admin']",TWO_PERSON,False,False,默认更新类型,"['OPTIONAL', 'RECOMMENDED', 'FORCED', 'MAINTENANCE']",ACTIVATION_GATED_CONFIGURATION,ACTIVATION_GATED,ACTIVATE_VERSION,False,NOT_SECRET,type+provider_connection_test,app_build_owner,HIGH,True,1,默认更新类型,App构建发布 / release,SELECT,,,,,,"enum:['OPTIONAL', 'RECOMMENDED', 'FORCED', 'MAINTENANCE']",默认更新类型。值来源、环境、生效和回滚必须遵守配置生命周期；禁止在业务代码中另设默认值。,该配置可能影响资金、安全、域名或生产流量；保存只生成草稿，审批和影响预览通过后方可激活。,当前环境和配置依赖满足；秘密字段仅显示“已配置/未配置”,具备编辑角色，当前无激活任务；涉及生产/资金/安全时会话已升级,,CFG-RULE-055;CFG-RULE-056;CFG-RULE-057,release_manager,App构建发布领域；具体受影响页面、接口和任务由需求追踪矩阵反向查询,保存前显示旧值/新值、依赖校验、跨字段规则、受影响环境和业务快照差异,激活后保留不可变版本；通过审批回滚到最近已验证版本，不直接修改历史版本,config.app_build.changed,9,1.2.2,FROZEN_OPERATIONAL_V1.2.2
app.release.require_two_person_approval,app_build,boolean,True,False,False,"['release_manager', 'platform_engineer', 'security_admin']",TWO_PERSON,False,False,生产发布双人复核,,ACTIVATION_GATED_CONFIGURATION,ACTIVATION_GATED,ACTIVATE_VERSION,False,NOT_SECRET,type+provider_connection_test,app_build_owner,HIGH,True,1,生产发布双人复核,App构建发布 / release,SWITCH,,,,,,none,生产发布双人复核。值来源、环境、生效和回滚必须遵守配置生命周期；禁止在业务代码中另设默认值。,该配置可能影响资金、安全、域名或生产流量；保存只生成草稿，审批和影响预览通过后方可激活。,当前环境和配置依赖满足；秘密字段仅显示“已配置/未配置”,具备编辑角色，当前无激活任务；涉及生产/资金/安全时会话已升级,,CFG-RULE-055;CFG-RULE-056;CFG-RULE-057,release_manager,App构建发布领域；具体受影响页面、接口和任务由需求追踪矩阵反向查询,保存前显示旧值/新值、依赖校验、跨字段规则、受影响环境和业务快照差异,激活后保留不可变版本；通过审批回滚到最近已验证版本，不直接修改历史版本,config.app_build.changed,10,1.2.2,FROZEN_OPERATIONAL_V1.2.2
content.limit.normal.online,content,integer,3,False,False,"['content_ops', 'operations_admin']",NONE,False,True,normal同时上架数量,,VERSIONED_BUSINESS_CONFIGURATION,DEFAULT_OR_ACTIVE_VERSION,ATOMIC_HOT_RELOAD,False,NOT_SECRET,type+range+cross_field+business_invariant,content_owner,MEDIUM,True,1,normal同时上架数量,内容与发布,NUMBER_INPUT,个/次,0,1000000,1,,none,normal同时上架数量。值来源、环境、生效和回滚必须遵守配置生命周期；禁止在业务代码中另设默认值。,修改后按生效策略刷新；页面展示影响范围和可回滚版本。,当前环境和配置依赖满足；秘密字段仅显示“已配置/未配置”,具备编辑角色，当前无激活任务；涉及生产/资金/安全时会话已升级,,CFG-RULE-006;CFG-RULE-007;CFG-RULE-008,content_ops_lead,内容与发布领域；具体受影响页面、接口和任务由需求追踪矩阵反向查询,保存前显示旧值/新值、依赖校验、跨字段规则、受影响环境和业务快照差异,激活后保留不可变版本；通过审批回滚到最近已验证版本，不直接修改历史版本,config.content.changed,1,1.2.2,FROZEN_OPERATIONAL_V1.2.2
content.limit.month.online,content,integer,10,False,False,"['content_ops', 'operations_admin']",NONE,False,True,month同时上架数量,,VERSIONED_BUSINESS_CONFIGURATION,DEFAULT_OR_ACTIVE_VERSION,ATOMIC_HOT_RELOAD,False,NOT_SECRET,type+range+cross_field+business_invariant,content_owner,MEDIUM,True,1,month同时上架数量,内容与发布,NUMBER_INPUT,个/次,0,1000000,1,,none,month同时上架数量。值来源、环境、生效和回滚必须遵守配置生命周期；禁止在业务代码中另设默认值。,修改后按生效策略刷新；页面展示影响范围和可回滚版本。,当前环境和配置依赖满足；秘密字段仅显示“已配置/未配置”,具备编辑角色，当前无激活任务；涉及生产/资金/安全时会话已升级,,CFG-RULE-006;CFG-RULE-007;CFG-RULE-008,content_ops_lead,内容与发布领域；具体受影响页面、接口和任务由需求追踪矩阵反向查询,保存前显示旧值/新值、依赖校验、跨字段规则、受影响环境和业务快照差异,激活后保留不可变版本；通过审批回滚到最近已验证版本，不直接修改历史版本,config.content.changed,2,1.2.2,FROZEN_OPERATIONAL_V1.2.2
content.limit.quarter.online,content,integer,25,False,False,"['content_ops', 'operations_admin']",NONE,False,True,quarter同时上架数量,,VERSIONED_BUSINESS_CONFIGURATION,DEFAULT_OR_ACTIVE_VERSION,ATOMIC_HOT_RELOAD,False,NOT_SECRET,type+range+cross_field+business_invariant,content_owner,MEDIUM,True,1,quarter同时上架数量,内容与发布,NUMBER_INPUT,个/次,0,1000000,1,,none,quarter同时上架数量。值来源、环境、生效和回滚必须遵守配置生命周期；禁止在业务代码中另设默认值。,修改后按生效策略刷新；页面展示影响范围和可回滚版本。,当前环境和配置依赖满足；秘密字段仅显示“已配置/未配置”,具备编辑角色，当前无激活任务；涉及生产/资金/安全时会话已升级,,CFG-RULE-006;CFG-RULE-007;CFG-RULE-008,content_ops_lead,内容与发布领域；具体受影响页面、接口和任务由需求追踪矩阵反向查询,保存前显示旧值/新值、依赖校验、跨字段规则、受影响环境和业务快照差异,激活后保留不可变版本；通过审批回滚到最近已验证版本，不直接修改历史版本,config.content.changed,3,1.2.2,FROZEN_OPERATIONAL_V1.2.2
content.limit.year.online,content,integer,60,False,False,"['content_ops', 'operations_admin']",NONE,False,True,year同时上架数量,,VERSIONED_BUSINESS_CONFIGURATION,DEFAULT_OR_ACTIVE_VERSION,ATOMIC_HOT_RELOAD,False,NOT_SECRET,type+range+cross_field+business_invariant,content_owner,MEDIUM,True,1,year同时上架数量,内容与发布,NUMBER_INPUT,个/次,0,1000000,1,,none,year同时上架数量。值来源、环境、生效和回滚必须遵守配置生命周期；禁止在业务代码中另设默认值。,修改后按生效策略刷新；页面展示影响范围和可回滚版本。,当前环境和配置依赖满足；秘密字段仅显示“已配置/未配置”,具备编辑角色，当前无激活任务；涉及生产/资金/安全时会话已升级,,CFG-RULE-006;CFG-RULE-007;CFG-RULE-008,content_ops_lead,内容与发布领域；具体受影响页面、接口和任务由需求追踪矩阵反向查询,保存前显示旧值/新值、依赖校验、跨字段规则、受影响环境和业务快照差异,激活后保留不可变版本；通过审批回滚到最近已验证版本，不直接修改历史版本,config.content.changed,4,1.2.2,FROZEN_OPERATIONAL_V1.2.2
content.team_leader_per_account,content,integer,1,False,False,"['content_ops', 'operations_admin']",NONE,False,True,每账号团队长资料数,,VERSIONED_BUSINESS_CONFIGURATION,DEFAULT_OR_ACTIVE_VERSION,ATOMIC_HOT_RELOAD,False,NOT_SECRET,type+range+cross_field+business_invariant,content_owner,MEDIUM,True,1,每账号团队长资料数,内容与发布,NUMBER_INPUT,,,,,,none,每账号团队长资料数。值来源、环境、生效和回滚必须遵守配置生命周期；禁止在业务代码中另设默认值。,修改后按生效策略刷新；页面展示影响范围和可回滚版本。,当前环境和配置依赖满足；秘密字段仅显示“已配置/未配置”,具备编辑角色，当前无激活任务；涉及生产/资金/安全时会话已升级,,CFG-RULE-006;CFG-RULE-007;CFG-RULE-008,content_ops_lead,内容与发布领域；具体受影响页面、接口和任务由需求追踪矩阵反向查询,保存前显示旧值/新值、依赖校验、跨字段规则、受影响环境和业务快照差异,激活后保留不可变版本；通过审批回滚到最近已验证版本，不直接修改历史版本,config.content.changed,5,1.2.2,FROZEN_OPERATIONAL_V1.2.2
red_packet.default_view_seconds,red_packet,integer,20,False,False,"['red_packet_ops', 'risk_manager', 'finance_operator']",NONE,False,True,默认浏览秒数,,VERSIONED_BUSINESS_CONFIGURATION,DEFAULT_OR_ACTIVE_VERSION,ATOMIC_HOT_RELOAD,False,NOT_SECRET,type+range+cross_field+business_invariant,red_packet_owner,MEDIUM,True,1,默认浏览秒数,红包广告 / default view seconds,NUMBER_INPUT,秒,1,2592000,1,,none,默认浏览秒数。值来源、环境、生效和回滚必须遵守配置生命周期；禁止在业务代码中另设默认值。,修改后按生效策略刷新；页面展示影响范围和可回滚版本。,当前环境和配置依赖满足；秘密字段仅显示“已配置/未配置”,具备编辑角色，当前无激活任务；涉及生产/资金/安全时会话已升级,,CFG-RULE-025;CFG-RULE-026;CFG-RULE-027;CFG-RULE-028;CFG-RULE-029;CFG-RULE-030;CFG-RULE-031,risk_manager,红包广告领域；具体受影响页面、接口和任务由需求追踪矩阵反向查询,保存前显示旧值/新值、依赖校验、跨字段规则、受影响环境和业务快照差异,激活后保留不可变版本；通过审批回滚到最近已验证版本，不直接修改历史版本,config.red_packet.changed,1,1.2.2,FROZEN_OPERATIONAL_V1.2.2
red_packet.reservation_min_seconds,red_packet,integer,90,False,False,"['red_packet_ops', 'risk_manager', 'finance_operator']",NONE,False,True,默认红包名额锁定秒,,VERSIONED_BUSINESS_CONFIGURATION,DEFAULT_OR_ACTIVE_VERSION,ATOMIC_HOT_RELOAD,False,NOT_SECRET,type+range+cross_field+business_invariant,red_packet_owner,MEDIUM,True,1,默认红包名额锁定秒,红包广告 / reservation min seconds,NUMBER_INPUT,秒,1,2592000,1,,none,默认红包名额锁定秒。值来源、环境、生效和回滚必须遵守配置生命周期；禁止在业务代码中另设默认值。,修改后按生效策略刷新；页面展示影响范围和可回滚版本。,当前环境和配置依赖满足；秘密字段仅显示“已配置/未配置”,具备编辑角色，当前无激活任务；涉及生产/资金/安全时会话已升级,,CFG-RULE-025;CFG-RULE-026;CFG-RULE-027;CFG-RULE-028;CFG-RULE-029;CFG-RULE-030;CFG-RULE-031,risk_manager,红包广告领域；具体受影响页面、接口和任务由需求追踪矩阵反向查询,保存前显示旧值/新值、依赖校验、跨字段规则、受影响环境和业务快照差异,激活后保留不可变版本；通过审批回滚到最近已验证版本，不直接修改历史版本,config.red_packet.changed,2,1.2.2,FROZEN_OPERATIONAL_V1.2.2
red_packet.unit_amount_min_cent,red_packet,integer,5,False,False,"['red_packet_ops', 'risk_manager', 'finance_operator']",NONE,False,True,最低单个金额分,,VERSIONED_BUSINESS_CONFIGURATION,DEFAULT_OR_ACTIVE_VERSION,ATOMIC_HOT_RELOAD,False,NOT_SECRET,type+range+cross_field+business_invariant,red_packet_owner,MEDIUM,True,1,最低单个金额分,红包广告 / unit amount min cent,NUMBER_INPUT,分,0,1000000000,1,,none,最低单个金额分。值来源、环境、生效和回滚必须遵守配置生命周期；禁止在业务代码中另设默认值。,修改后按生效策略刷新；页面展示影响范围和可回滚版本。,当前环境和配置依赖满足；秘密字段仅显示“已配置/未配置”,具备编辑角色，当前无激活任务；涉及生产/资金/安全时会话已升级,,CFG-RULE-025;CFG-RULE-026;CFG-RULE-027;CFG-RULE-028;CFG-RULE-029;CFG-RULE-030;CFG-RULE-031,risk_manager,红包广告领域；具体受影响页面、接口和任务由需求追踪矩阵反向查询,保存前显示旧值/新值、依赖校验、跨字段规则、受影响环境和业务快照差异,激活后保留不可变版本；通过审批回滚到最近已验证版本，不直接修改历史版本,config.red_packet.changed,3,1.2.2,FROZEN_OPERATIONAL_V1.2.2
red_packet.unit_amount_max_cent,red_packet,integer,2000,False,False,"['red_packet_ops', 'risk_manager', 'finance_operator']",NONE,False,True,最高单个金额分,,VERSIONED_BUSINESS_CONFIGURATION,DEFAULT_OR_ACTIVE_VERSION,ATOMIC_HOT_RELOAD,False,NOT_SECRET,type+range+cross_field+business_invariant,red_packet_owner,MEDIUM,True,1,最高单个金额分,红包广告 / unit amount max cent,NUMBER_INPUT,分,0,1000000000,1,,none,最高单个金额分。值来源、环境、生效和回滚必须遵守配置生命周期；禁止在业务代码中另设默认值。,修改后按生效策略刷新；页面展示影响范围和可回滚版本。,当前环境和配置依赖满足；秘密字段仅显示“已配置/未配置”,具备编辑角色，当前无激活任务；涉及生产/资金/安全时会话已升级,,CFG-RULE-025;CFG-RULE-026;CFG-RULE-027;CFG-RULE-028;CFG-RULE-029;CFG-RULE-030;CFG-RULE-031,risk_manager,红包广告领域；具体受影响页面、接口和任务由需求追踪矩阵反向查询,保存前显示旧值/新值、依赖校验、跨字段规则、受影响环境和业务快照差异,激活后保留不可变版本；通过审批回滚到最近已验证版本，不直接修改历史版本,config.red_packet.changed,4,1.2.2,FROZEN_OPERATIONAL_V1.2.2
red_packet.min_count,red_packet,integer,10,False,False,"['red_packet_ops', 'risk_manager', 'finance_operator']",NONE,False,True,最低红包数量,,VERSIONED_BUSINESS_CONFIGURATION,DEFAULT_OR_ACTIVE_VERSION,ATOMIC_HOT_RELOAD,False,NOT_SECRET,type+range+cross_field+business_invariant,red_packet_owner,MEDIUM,True,1,最低红包数量,红包广告 / min count,NUMBER_INPUT,个/次,0,1000000,1,,none,最低红包数量。值来源、环境、生效和回滚必须遵守配置生命周期；禁止在业务代码中另设默认值。,修改后按生效策略刷新；页面展示影响范围和可回滚版本。,当前环境和配置依赖满足；秘密字段仅显示“已配置/未配置”,具备编辑角色，当前无激活任务；涉及生产/资金/安全时会话已升级,,CFG-RULE-025;CFG-RULE-026;CFG-RULE-027;CFG-RULE-028;CFG-RULE-029;CFG-RULE-030;CFG-RULE-031,risk_manager,红包广告领域；具体受影响页面、接口和任务由需求追踪矩阵反向查询,保存前显示旧值/新值、依赖校验、跨字段规则、受影响环境和业务快照差异,激活后保留不可变版本；通过审批回滚到最近已验证版本，不直接修改历史版本,config.red_packet.changed,5,1.2.2,FROZEN_OPERATIONAL_V1.2.2
red_packet.service_fee_bps,red_packet,integer,1000,False,False,"['red_packet_ops', 'risk_manager', 'finance_operator']",TWO_PERSON,True,True,服务费基点,,VERSIONED_BUSINESS_CONFIGURATION,DEFAULT_OR_ACTIVE_VERSION,ATOMIC_HOT_RELOAD,False,NOT_SECRET,type+range+cross_field+business_invariant,red_packet_owner,HIGH,True,1,服务费基点,红包广告 / service fee bps,NUMBER_INPUT,基点(1/10000),0,10000,1,,none,服务费基点。值来源、环境、生效和回滚必须遵守配置生命周期；禁止在业务代码中另设默认值。,该配置可能影响资金、安全、域名或生产流量；保存只生成草稿，审批和影响预览通过后方可激活。,当前环境和配置依赖满足；秘密字段仅显示“已配置/未配置”,具备编辑角色，当前无激活任务；涉及生产/资金/安全时会话已升级,,CFG-RULE-025;CFG-RULE-026;CFG-RULE-027;CFG-RULE-028;CFG-RULE-029;CFG-RULE-030;CFG-RULE-031,risk_manager,红包广告领域；具体受影响页面、接口和任务由需求追踪矩阵反向查询,保存前显示旧值/新值、依赖校验、跨字段规则、受影响环境和业务快照差异,激活后保留不可变版本；通过审批回滚到最近已验证版本，不直接修改历史版本,config.red_packet.changed,6,1.2.2,FROZEN_OPERATIONAL_V1.2.2
red_packet.one_active_per_content,red_packet,boolean,True,False,False,"['red_packet_ops', 'risk_manager', 'finance_operator']",NONE,False,True,一个内容一个活动,,VERSIONED_BUSINESS_CONFIGURATION,DEFAULT_OR_ACTIVE_VERSION,ATOMIC_HOT_RELOAD,False,NOT_SECRET,type+range+cross_field+business_invariant,red_packet_owner,MEDIUM,True,1,一个内容一个活动,红包广告 / one active per content,SWITCH,,,,,,none,一个内容一个活动。值来源、环境、生效和回滚必须遵守配置生命周期；禁止在业务代码中另设默认值。,修改后按生效策略刷新；页面展示影响范围和可回滚版本。,当前环境和配置依赖满足；秘密字段仅显示“已配置/未配置”,具备编辑角色，当前无激活任务；涉及生产/资金/安全时会话已升级,,CFG-RULE-025;CFG-RULE-026;CFG-RULE-027;CFG-RULE-028;CFG-RULE-029;CFG-RULE-030;CFG-RULE-031,risk_manager,红包广告领域；具体受影响页面、接口和任务由需求追踪矩阵反向查询,保存前显示旧值/新值、依赖校验、跨字段规则、受影响环境和业务快照差异,激活后保留不可变版本；通过审批回滚到最近已验证版本，不直接修改历史版本,config.red_packet.changed,7,1.2.2,FROZEN_OPERATIONAL_V1.2.2
red_packet.allow_raise_unit_amount,red_packet,boolean,True,False,False,"['red_packet_ops', 'risk_manager', 'finance_operator']",NONE,False,True,允许提高剩余单价,,VERSIONED_BUSINESS_CONFIGURATION,DEFAULT_OR_ACTIVE_VERSION,ATOMIC_HOT_RELOAD,False,NOT_SECRET,type+range+cross_field+business_invariant,red_packet_owner,MEDIUM,True,1,允许提高剩余单价,红包广告 / allow raise unit amount,SWITCH,,,,,,none,允许提高剩余单价。值来源、环境、生效和回滚必须遵守配置生命周期；禁止在业务代码中另设默认值。,修改后按生效策略刷新；页面展示影响范围和可回滚版本。,当前环境和配置依赖满足；秘密字段仅显示“已配置/未配置”,具备编辑角色，当前无激活任务；涉及生产/资金/安全时会话已升级,,CFG-RULE-025;CFG-RULE-026;CFG-RULE-027;CFG-RULE-028;CFG-RULE-029;CFG-RULE-030;CFG-RULE-031,risk_manager,红包广告领域；具体受影响页面、接口和任务由需求追踪矩阵反向查询,保存前显示旧值/新值、依赖校验、跨字段规则、受影响环境和业务快照差异,激活后保留不可变版本；通过审批回滚到最近已验证版本，不直接修改历史版本,config.red_packet.changed,8,1.2.2,FROZEN_OPERATIONAL_V1.2.2
red_packet.allow_refund,red_packet,boolean,False,False,False,"['red_packet_ops', 'risk_manager', 'finance_operator']",NONE,False,True,红包不退款,,VERSIONED_BUSINESS_CONFIGURATION,DEFAULT_OR_ACTIVE_VERSION,ATOMIC_HOT_RELOAD,False,NOT_SECRET,type+range+cross_field+business_invariant,red_packet_owner,MEDIUM,True,1,红包不退款,红包广告 / allow refund,SWITCH,,,,,,none,红包不退款。值来源、环境、生效和回滚必须遵守配置生命周期；禁止在业务代码中另设默认值。,修改后按生效策略刷新；页面展示影响范围和可回滚版本。,当前环境和配置依赖满足；秘密字段仅显示“已配置/未配置”,具备编辑角色，当前无激活任务；涉及生产/资金/安全时会话已升级,,CFG-RULE-025;CFG-RULE-026;CFG-RULE-027;CFG-RULE-028;CFG-RULE-029;CFG-RULE-030;CFG-RULE-031,risk_manager,红包广告领域；具体受影响页面、接口和任务由需求追踪矩阵反向查询,保存前显示旧值/新值、依赖校验、跨字段规则、受影响环境和业务快照差异,激活后保留不可变版本；通过审批回滚到最近已验证版本，不直接修改历史版本,config.red_packet.changed,9,1.2.2,FROZEN_OPERATIONAL_V1.2.2
props.top_duration_seconds,props,integer,86400,False,False,"['commerce_ops', 'operations_admin']",NONE,False,True,置顶卡24小时,,VERSIONED_BUSINESS_CONFIGURATION,DEFAULT_OR_ACTIVE_VERSION,ATOMIC_HOT_RELOAD,False,NOT_SECRET,type+range+cross_field+business_invariant,props_owner,MEDIUM,True,1,置顶卡24小时,道具,NUMBER_INPUT,秒,1,2592000,1,,none,置顶卡24小时。值来源、环境、生效和回滚必须遵守配置生命周期；禁止在业务代码中另设默认值。,修改后按生效策略刷新；页面展示影响范围和可回滚版本。,当前环境和配置依赖满足；秘密字段仅显示“已配置/未配置”,具备编辑角色，当前无激活任务；涉及生产/资金/安全时会话已升级,,CFG-RULE-023;CFG-RULE-024,commerce_manager,道具领域；具体受影响页面、接口和任务由需求追踪矩阵反向查询,保存前显示旧值/新值、依赖校验、跨字段规则、受影响环境和业务快照差异,激活后保留不可变版本；通过审批回滚到最近已验证版本，不直接修改历史版本,config.props.changed,1,1.2.2,FROZEN_OPERATIONAL_V1.2.2
props.headline_duration_seconds,props,integer,86400,False,False,"['commerce_ops', 'operations_admin']",NONE,False,True,头条卡24小时,,VERSIONED_BUSINESS_CONFIGURATION,DEFAULT_OR_ACTIVE_VERSION,ATOMIC_HOT_RELOAD,False,NOT_SECRET,type+range+cross_field+business_invariant,props_owner,MEDIUM,True,1,头条卡24小时,道具,NUMBER_INPUT,秒,1,2592000,1,,none,头条卡24小时。值来源、环境、生效和回滚必须遵守配置生命周期；禁止在业务代码中另设默认值。,修改后按生效策略刷新；页面展示影响范围和可回滚版本。,当前环境和配置依赖满足；秘密字段仅显示“已配置/未配置”,具备编辑角色，当前无激活任务；涉及生产/资金/安全时会话已升级,,CFG-RULE-023;CFG-RULE-024,commerce_manager,道具领域；具体受影响页面、接口和任务由需求追踪矩阵反向查询,保存前显示旧值/新值、依赖校验、跨字段规则、受影响环境和业务快照差异,激活后保留不可变版本；通过审批回滚到最近已验证版本，不直接修改历史版本,config.props.changed,2,1.2.2,FROZEN_OPERATIONAL_V1.2.2
props.color_duration_seconds,props,integer,86400,False,False,"['commerce_ops', 'operations_admin']",NONE,False,True,变色卡24小时,,VERSIONED_BUSINESS_CONFIGURATION,DEFAULT_OR_ACTIVE_VERSION,ATOMIC_HOT_RELOAD,False,NOT_SECRET,type+range+cross_field+business_invariant,props_owner,MEDIUM,True,1,变色卡24小时,道具,NUMBER_INPUT,秒,1,2592000,1,,none,变色卡24小时。值来源、环境、生效和回滚必须遵守配置生命周期；禁止在业务代码中另设默认值。,修改后按生效策略刷新；页面展示影响范围和可回滚版本。,当前环境和配置依赖满足；秘密字段仅显示“已配置/未配置”,具备编辑角色，当前无激活任务；涉及生产/资金/安全时会话已升级,,CFG-RULE-023;CFG-RULE-024,commerce_manager,道具领域；具体受影响页面、接口和任务由需求追踪矩阵反向查询,保存前显示旧值/新值、依赖校验、跨字段规则、受影响环境和业务快照差异,激活后保留不可变版本；通过审批回滚到最近已验证版本，不直接修改历史版本,config.props.changed,3,1.2.2,FROZEN_OPERATIONAL_V1.2.2
props.refresh_cooldown_seconds,props,integer,600,False,False,"['commerce_ops', 'operations_admin']",NONE,False,True,刷新冷却,,VERSIONED_BUSINESS_CONFIGURATION,DEFAULT_OR_ACTIVE_VERSION,ATOMIC_HOT_RELOAD,False,NOT_SECRET,type+range+cross_field+business_invariant,props_owner,MEDIUM,True,1,刷新冷却,道具,NUMBER_INPUT,秒,1,2592000,1,,none,刷新冷却。值来源、环境、生效和回滚必须遵守配置生命周期；禁止在业务代码中另设默认值。,修改后按生效策略刷新；页面展示影响范围和可回滚版本。,当前环境和配置依赖满足；秘密字段仅显示“已配置/未配置”,具备编辑角色，当前无激活任务；涉及生产/资金/安全时会话已升级,,CFG-RULE-023;CFG-RULE-024,commerce_manager,道具领域；具体受影响页面、接口和任务由需求追踪矩阵反向查询,保存前显示旧值/新值、依赖校验、跨字段规则、受影响环境和业务快照差异,激活后保留不可变版本；通过审批回滚到最近已验证版本，不直接修改历史版本,config.props.changed,4,1.2.2,FROZEN_OPERATIONAL_V1.2.2
withdrawal.min_amount_cent.normal,withdrawal,integer,1000,False,False,"['finance_operator', 'risk_manager']",TWO_PERSON,True,True,normal最低提现分,,VERSIONED_BUSINESS_CONFIGURATION,DEFAULT_OR_ACTIVE_VERSION,ATOMIC_HOT_RELOAD,False,NOT_SECRET,type+range+cross_field+business_invariant,withdrawal_owner,HIGH,True,1,normal最低提现分,提现 / min amount cent,NUMBER_INPUT,分,0,1000000000,1,,none,normal最低提现分。值来源、环境、生效和回滚必须遵守配置生命周期；禁止在业务代码中另设默认值。,该配置可能影响资金、安全、域名或生产流量；保存只生成草稿，审批和影响预览通过后方可激活。,当前环境和配置依赖满足；秘密字段仅显示“已配置/未配置”,具备编辑角色，当前无激活任务；涉及生产/资金/安全时会话已升级,,CFG-RULE-049;CFG-RULE-050;CFG-RULE-051;CFG-RULE-052;CFG-RULE-053;CFG-RULE-054,finance_reviewer,提现领域；具体受影响页面、接口和任务由需求追踪矩阵反向查询,保存前显示旧值/新值、依赖校验、跨字段规则、受影响环境和业务快照差异,激活后保留不可变版本；通过审批回滚到最近已验证版本，不直接修改历史版本,config.withdrawal.changed,1,1.2.2,FROZEN_OPERATIONAL_V1.2.2
withdrawal.fee.fixed_cent.normal,withdrawal,integer,100,False,False,"['finance_operator', 'risk_manager']",TWO_PERSON,True,True,normal固定手续费分,,VERSIONED_BUSINESS_CONFIGURATION,DEFAULT_OR_ACTIVE_VERSION,ATOMIC_HOT_RELOAD,False,NOT_SECRET,type+range+cross_field+business_invariant,withdrawal_owner,HIGH,True,1,normal固定手续费分,提现 / fee,NUMBER_INPUT,分,0,1000000000,1,,none,normal固定手续费分。值来源、环境、生效和回滚必须遵守配置生命周期；禁止在业务代码中另设默认值。,该配置可能影响资金、安全、域名或生产流量；保存只生成草稿，审批和影响预览通过后方可激活。,当前环境和配置依赖满足；秘密字段仅显示“已配置/未配置”,具备编辑角色，当前无激活任务；涉及生产/资金/安全时会话已升级,withdrawal.min_amount_cent.normal,CFG-RULE-049;CFG-RULE-050;CFG-RULE-051;CFG-RULE-052;CFG-RULE-053;CFG-RULE-054,finance_reviewer,提现领域；具体受影响页面、接口和任务由需求追踪矩阵反向查询,保存前显示旧值/新值、依赖校验、跨字段规则、受影响环境和业务快照差异,激活后保留不可变版本；通过审批回滚到最近已验证版本，不直接修改历史版本,config.withdrawal.changed,2,1.2.2,FROZEN_OPERATIONAL_V1.2.2
withdrawal.fee.bps.normal,withdrawal,integer,0,False,False,"['finance_operator', 'risk_manager']",TWO_PERSON,True,True,normal比例手续费基点,,VERSIONED_BUSINESS_CONFIGURATION,DEFAULT_OR_ACTIVE_VERSION,ATOMIC_HOT_RELOAD,False,NOT_SECRET,type+range+cross_field+business_invariant,withdrawal_owner,HIGH,True,1,normal比例手续费基点,提现 / fee,NUMBER_INPUT,基点(1/10000),0,10000,1,,none,normal比例手续费基点。值来源、环境、生效和回滚必须遵守配置生命周期；禁止在业务代码中另设默认值。,该配置可能影响资金、安全、域名或生产流量；保存只生成草稿，审批和影响预览通过后方可激活。,当前环境和配置依赖满足；秘密字段仅显示“已配置/未配置”,具备编辑角色，当前无激活任务；涉及生产/资金/安全时会话已升级,withdrawal.min_amount_cent.normal,CFG-RULE-049;CFG-RULE-050;CFG-RULE-051;CFG-RULE-052;CFG-RULE-053;CFG-RULE-054,finance_reviewer,提现领域；具体受影响页面、接口和任务由需求追踪矩阵反向查询,保存前显示旧值/新值、依赖校验、跨字段规则、受影响环境和业务快照差异,激活后保留不可变版本；通过审批回滚到最近已验证版本，不直接修改历史版本,config.withdrawal.changed,3,1.2.2,FROZEN_OPERATIONAL_V1.2.2
withdrawal.daily_count.normal,withdrawal,integer,1,False,False,"['finance_operator', 'risk_manager']",TWO_PERSON,True,True,normal每日次数,,VERSIONED_BUSINESS_CONFIGURATION,DEFAULT_OR_ACTIVE_VERSION,ATOMIC_HOT_RELOAD,False,NOT_SECRET,type+range+cross_field+business_invariant,withdrawal_owner,HIGH,True,1,normal每日次数,提现 / daily count,NUMBER_INPUT,,,,,,none,normal每日次数。值来源、环境、生效和回滚必须遵守配置生命周期；禁止在业务代码中另设默认值。,该配置可能影响资金、安全、域名或生产流量；保存只生成草稿，审批和影响预览通过后方可激活。,当前环境和配置依赖满足；秘密字段仅显示“已配置/未配置”,具备编辑角色，当前无激活任务；涉及生产/资金/安全时会话已升级,,CFG-RULE-049;CFG-RULE-050;CFG-RULE-051;CFG-RULE-052;CFG-RULE-053;CFG-RULE-054,finance_reviewer,提现领域；具体受影响页面、接口和任务由需求追踪矩阵反向查询,保存前显示旧值/新值、依赖校验、跨字段规则、受影响环境和业务快照差异,激活后保留不可变版本；通过审批回滚到最近已验证版本，不直接修改历史版本,config.withdrawal.changed,4,1.2.2,FROZEN_OPERATIONAL_V1.2.2
withdrawal.min_amount_cent.month,withdrawal,integer,500,False,False,"['finance_operator', 'risk_manager']",TWO_PERSON,True,True,month最低提现分,,VERSIONED_BUSINESS_CONFIGURATION,DEFAULT_OR_ACTIVE_VERSION,ATOMIC_HOT_RELOAD,False,NOT_SECRET,type+range+cross_field+business_invariant,withdrawal_owner,HIGH,True,1,month最低提现分,提现 / min amount cent,NUMBER_INPUT,分,0,1000000000,1,,none,month最低提现分。值来源、环境、生效和回滚必须遵守配置生命周期；禁止在业务代码中另设默认值。,该配置可能影响资金、安全、域名或生产流量；保存只生成草稿，审批和影响预览通过后方可激活。,当前环境和配置依赖满足；秘密字段仅显示“已配置/未配置”,具备编辑角色，当前无激活任务；涉及生产/资金/安全时会话已升级,,CFG-RULE-049;CFG-RULE-050;CFG-RULE-051;CFG-RULE-052;CFG-RULE-053;CFG-RULE-054,finance_reviewer,提现领域；具体受影响页面、接口和任务由需求追踪矩阵反向查询,保存前显示旧值/新值、依赖校验、跨字段规则、受影响环境和业务快照差异,激活后保留不可变版本；通过审批回滚到最近已验证版本，不直接修改历史版本,config.withdrawal.changed,5,1.2.2,FROZEN_OPERATIONAL_V1.2.2
withdrawal.fee.fixed_cent.month,withdrawal,integer,50,False,False,"['finance_operator', 'risk_manager']",TWO_PERSON,True,True,month固定手续费分,,VERSIONED_BUSINESS_CONFIGURATION,DEFAULT_OR_ACTIVE_VERSION,ATOMIC_HOT_RELOAD,False,NOT_SECRET,type+range+cross_field+business_invariant,withdrawal_owner,HIGH,True,1,month固定手续费分,提现 / fee,NUMBER_INPUT,,,,,,none,month固定手续费分。值来源、环境、生效和回滚必须遵守配置生命周期；禁止在业务代码中另设默认值。,该配置可能影响资金、安全、域名或生产流量；保存只生成草稿，审批和影响预览通过后方可激活。,当前环境和配置依赖满足；秘密字段仅显示“已配置/未配置”,具备编辑角色，当前无激活任务；涉及生产/资金/安全时会话已升级,withdrawal.min_amount_cent.month,CFG-RULE-049;CFG-RULE-050;CFG-RULE-051;CFG-RULE-052;CFG-RULE-053;CFG-RULE-054,finance_reviewer,提现领域；具体受影响页面、接口和任务由需求追踪矩阵反向查询,保存前显示旧值/新值、依赖校验、跨字段规则、受影响环境和业务快照差异,激活后保留不可变版本；通过审批回滚到最近已验证版本，不直接修改历史版本,config.withdrawal.changed,6,1.2.2,FROZEN_OPERATIONAL_V1.2.2
withdrawal.fee.bps.month,withdrawal,integer,0,False,False,"['finance_operator', 'risk_manager']",TWO_PERSON,True,True,month比例手续费基点,,VERSIONED_BUSINESS_CONFIGURATION,DEFAULT_OR_ACTIVE_VERSION,ATOMIC_HOT_RELOAD,False,NOT_SECRET,type+range+cross_field+business_invariant,withdrawal_owner,HIGH,True,1,month比例手续费基点,提现 / fee,NUMBER_INPUT,基点(1/10000),0,10000,1,,none,month比例手续费基点。值来源、环境、生效和回滚必须遵守配置生命周期；禁止在业务代码中另设默认值。,该配置可能影响资金、安全、域名或生产流量；保存只生成草稿，审批和影响预览通过后方可激活。,当前环境和配置依赖满足；秘密字段仅显示“已配置/未配置”,具备编辑角色，当前无激活任务；涉及生产/资金/安全时会话已升级,withdrawal.min_amount_cent.month,CFG-RULE-049;CFG-RULE-050;CFG-RULE-051;CFG-RULE-052;CFG-RULE-053;CFG-RULE-054,finance_reviewer,提现领域；具体受影响页面、接口和任务由需求追踪矩阵反向查询,保存前显示旧值/新值、依赖校验、跨字段规则、受影响环境和业务快照差异,激活后保留不可变版本；通过审批回滚到最近已验证版本，不直接修改历史版本,config.withdrawal.changed,7,1.2.2,FROZEN_OPERATIONAL_V1.2.2
withdrawal.daily_count.month,withdrawal,integer,2,False,False,"['finance_operator', 'risk_manager']",TWO_PERSON,True,True,month每日次数,,VERSIONED_BUSINESS_CONFIGURATION,DEFAULT_OR_ACTIVE_VERSION,ATOMIC_HOT_RELOAD,False,NOT_SECRET,type+range+cross_field+business_invariant,withdrawal_owner,HIGH,True,1,month每日次数,提现 / daily count,NUMBER_INPUT,,,,,,none,month每日次数。值来源、环境、生效和回滚必须遵守配置生命周期；禁止在业务代码中另设默认值。,该配置可能影响资金、安全、域名或生产流量；保存只生成草稿，审批和影响预览通过后方可激活。,当前环境和配置依赖满足；秘密字段仅显示“已配置/未配置”,具备编辑角色，当前无激活任务；涉及生产/资金/安全时会话已升级,,CFG-RULE-049;CFG-RULE-050;CFG-RULE-051;CFG-RULE-052;CFG-RULE-053;CFG-RULE-054,finance_reviewer,提现领域；具体受影响页面、接口和任务由需求追踪矩阵反向查询,保存前显示旧值/新值、依赖校验、跨字段规则、受影响环境和业务快照差异,激活后保留不可变版本；通过审批回滚到最近已验证版本，不直接修改历史版本,config.withdrawal.changed,8,1.2.2,FROZEN_OPERATIONAL_V1.2.2
withdrawal.min_amount_cent.quarter,withdrawal,integer,300,False,False,"['finance_operator', 'risk_manager']",TWO_PERSON,True,True,quarter最低提现分,,VERSIONED_BUSINESS_CONFIGURATION,DEFAULT_OR_ACTIVE_VERSION,ATOMIC_HOT_RELOAD,False,NOT_SECRET,type+range+cross_field+business_invariant,withdrawal_owner,HIGH,True,1,quarter最低提现分,提现 / min amount cent,NUMBER_INPUT,分,0,1000000000,1,,none,quarter最低提现分。值来源、环境、生效和回滚必须遵守配置生命周期；禁止在业务代码中另设默认值。,该配置可能影响资金、安全、域名或生产流量；保存只生成草稿，审批和影响预览通过后方可激活。,当前环境和配置依赖满足；秘密字段仅显示“已配置/未配置”,具备编辑角色，当前无激活任务；涉及生产/资金/安全时会话已升级,,CFG-RULE-049;CFG-RULE-050;CFG-RULE-051;CFG-RULE-052;CFG-RULE-053;CFG-RULE-054,finance_reviewer,提现领域；具体受影响页面、接口和任务由需求追踪矩阵反向查询,保存前显示旧值/新值、依赖校验、跨字段规则、受影响环境和业务快照差异,激活后保留不可变版本；通过审批回滚到最近已验证版本，不直接修改历史版本,config.withdrawal.changed,9,1.2.2,FROZEN_OPERATIONAL_V1.2.2
withdrawal.fee.fixed_cent.quarter,withdrawal,integer,30,False,False,"['finance_operator', 'risk_manager']",TWO_PERSON,True,True,quarter固定手续费分,,VERSIONED_BUSINESS_CONFIGURATION,DEFAULT_OR_ACTIVE_VERSION,ATOMIC_HOT_RELOAD,False,NOT_SECRET,type+range+cross_field+business_invariant,withdrawal_owner,HIGH,True,1,quarter固定手续费分,提现 / fee,NUMBER_INPUT,,,,,,none,quarter固定手续费分。值来源、环境、生效和回滚必须遵守配置生命周期；禁止在业务代码中另设默认值。,该配置可能影响资金、安全、域名或生产流量；保存只生成草稿，审批和影响预览通过后方可激活。,当前环境和配置依赖满足；秘密字段仅显示“已配置/未配置”,具备编辑角色，当前无激活任务；涉及生产/资金/安全时会话已升级,withdrawal.min_amount_cent.quarter,CFG-RULE-049;CFG-RULE-050;CFG-RULE-051;CFG-RULE-052;CFG-RULE-053;CFG-RULE-054,finance_reviewer,提现领域；具体受影响页面、接口和任务由需求追踪矩阵反向查询,保存前显示旧值/新值、依赖校验、跨字段规则、受影响环境和业务快照差异,激活后保留不可变版本；通过审批回滚到最近已验证版本，不直接修改历史版本,config.withdrawal.changed,10,1.2.2,FROZEN_OPERATIONAL_V1.2.2
withdrawal.fee.bps.quarter,withdrawal,integer,0,False,False,"['finance_operator', 'risk_manager']",TWO_PERSON,True,True,quarter比例手续费基点,,VERSIONED_BUSINESS_CONFIGURATION,DEFAULT_OR_ACTIVE_VERSION,ATOMIC_HOT_RELOAD,False,NOT_SECRET,type+range+cross_field+business_invariant,withdrawal_owner,HIGH,True,1,quarter比例手续费基点,提现 / fee,NUMBER_INPUT,基点(1/10000),0,10000,1,,none,quarter比例手续费基点。值来源、环境、生效和回滚必须遵守配置生命周期；禁止在业务代码中另设默认值。,该配置可能影响资金、安全、域名或生产流量；保存只生成草稿，审批和影响预览通过后方可激活。,当前环境和配置依赖满足；秘密字段仅显示“已配置/未配置”,具备编辑角色，当前无激活任务；涉及生产/资金/安全时会话已升级,withdrawal.min_amount_cent.quarter,CFG-RULE-049;CFG-RULE-050;CFG-RULE-051;CFG-RULE-052;CFG-RULE-053;CFG-RULE-054,finance_reviewer,提现领域；具体受影响页面、接口和任务由需求追踪矩阵反向查询,保存前显示旧值/新值、依赖校验、跨字段规则、受影响环境和业务快照差异,激活后保留不可变版本；通过审批回滚到最近已验证版本，不直接修改历史版本,config.withdrawal.changed,11,1.2.2,FROZEN_OPERATIONAL_V1.2.2
withdrawal.daily_count.quarter,withdrawal,integer,3,False,False,"['finance_operator', 'risk_manager']",TWO_PERSON,True,True,quarter每日次数,,VERSIONED_BUSINESS_CONFIGURATION,DEFAULT_OR_ACTIVE_VERSION,ATOMIC_HOT_RELOAD,False,NOT_SECRET,type+range+cross_field+business_invariant,withdrawal_owner,HIGH,True,1,quarter每日次数,提现 / daily count,NUMBER_INPUT,,,,,,none,quarter每日次数。值来源、环境、生效和回滚必须遵守配置生命周期；禁止在业务代码中另设默认值。,该配置可能影响资金、安全、域名或生产流量；保存只生成草稿，审批和影响预览通过后方可激活。,当前环境和配置依赖满足；秘密字段仅显示“已配置/未配置”,具备编辑角色，当前无激活任务；涉及生产/资金/安全时会话已升级,,CFG-RULE-049;CFG-RULE-050;CFG-RULE-051;CFG-RULE-052;CFG-RULE-053;CFG-RULE-054,finance_reviewer,提现领域；具体受影响页面、接口和任务由需求追踪矩阵反向查询,保存前显示旧值/新值、依赖校验、跨字段规则、受影响环境和业务快照差异,激活后保留不可变版本；通过审批回滚到最近已验证版本，不直接修改历史版本,config.withdrawal.changed,12,1.2.2,FROZEN_OPERATIONAL_V1.2.2
withdrawal.min_amount_cent.year,withdrawal,integer,100,False,False,"['finance_operator', 'risk_manager']",TWO_PERSON,True,True,year最低提现分,,VERSIONED_BUSINESS_CONFIGURATION,DEFAULT_OR_ACTIVE_VERSION,ATOMIC_HOT_RELOAD,False,NOT_SECRET,type+range+cross_field+business_invariant,withdrawal_owner,HIGH,True,1,year最低提现分,提现 / min amount cent,NUMBER_INPUT,分,0,1000000000,1,,none,year最低提现分。值来源、环境、生效和回滚必须遵守配置生命周期；禁止在业务代码中另设默认值。,该配置可能影响资金、安全、域名或生产流量；保存只生成草稿，审批和影响预览通过后方可激活。,当前环境和配置依赖满足；秘密字段仅显示“已配置/未配置”,具备编辑角色，当前无激活任务；涉及生产/资金/安全时会话已升级,,CFG-RULE-049;CFG-RULE-050;CFG-RULE-051;CFG-RULE-052;CFG-RULE-053;CFG-RULE-054,finance_reviewer,提现领域；具体受影响页面、接口和任务由需求追踪矩阵反向查询,保存前显示旧值/新值、依赖校验、跨字段规则、受影响环境和业务快照差异,激活后保留不可变版本；通过审批回滚到最近已验证版本，不直接修改历史版本,config.withdrawal.changed,13,1.2.2,FROZEN_OPERATIONAL_V1.2.2
withdrawal.fee.fixed_cent.year,withdrawal,integer,0,False,False,"['finance_operator', 'risk_manager']",TWO_PERSON,True,True,year固定手续费分,,VERSIONED_BUSINESS_CONFIGURATION,DEFAULT_OR_ACTIVE_VERSION,ATOMIC_HOT_RELOAD,False,NOT_SECRET,type+range+cross_field+business_invariant,withdrawal_owner,HIGH,True,1,year固定手续费分,提现 / fee,NUMBER_INPUT,,,,,,none,year固定手续费分。值来源、环境、生效和回滚必须遵守配置生命周期；禁止在业务代码中另设默认值。,该配置可能影响资金、安全、域名或生产流量；保存只生成草稿，审批和影响预览通过后方可激活。,当前环境和配置依赖满足；秘密字段仅显示“已配置/未配置”,具备编辑角色，当前无激活任务；涉及生产/资金/安全时会话已升级,withdrawal.min_amount_cent.year,CFG-RULE-049;CFG-RULE-050;CFG-RULE-051;CFG-RULE-052;CFG-RULE-053;CFG-RULE-054,finance_reviewer,提现领域；具体受影响页面、接口和任务由需求追踪矩阵反向查询,保存前显示旧值/新值、依赖校验、跨字段规则、受影响环境和业务快照差异,激活后保留不可变版本；通过审批回滚到最近已验证版本，不直接修改历史版本,config.withdrawal.changed,14,1.2.2,FROZEN_OPERATIONAL_V1.2.2
withdrawal.fee.bps.year,withdrawal,integer,0,False,False,"['finance_operator', 'risk_manager']",TWO_PERSON,True,True,year比例手续费基点,,VERSIONED_BUSINESS_CONFIGURATION,DEFAULT_OR_ACTIVE_VERSION,ATOMIC_HOT_RELOAD,False,NOT_SECRET,type+range+cross_field+business_invariant,withdrawal_owner,HIGH,True,1,year比例手续费基点,提现 / fee,NUMBER_INPUT,基点(1/10000),0,10000,1,,none,year比例手续费基点。值来源、环境、生效和回滚必须遵守配置生命周期；禁止在业务代码中另设默认值。,该配置可能影响资金、安全、域名或生产流量；保存只生成草稿，审批和影响预览通过后方可激活。,当前环境和配置依赖满足；秘密字段仅显示“已配置/未配置”,具备编辑角色，当前无激活任务；涉及生产/资金/安全时会话已升级,withdrawal.min_amount_cent.year,CFG-RULE-049;CFG-RULE-050;CFG-RULE-051;CFG-RULE-052;CFG-RULE-053;CFG-RULE-054,finance_reviewer,提现领域；具体受影响页面、接口和任务由需求追踪矩阵反向查询,保存前显示旧值/新值、依赖校验、跨字段规则、受影响环境和业务快照差异,激活后保留不可变版本；通过审批回滚到最近已验证版本，不直接修改历史版本,config.withdrawal.changed,15,1.2.2,FROZEN_OPERATIONAL_V1.2.2
withdrawal.daily_count.year,withdrawal,integer,5,False,False,"['finance_operator', 'risk_manager']",TWO_PERSON,True,True,year每日次数,,VERSIONED_BUSINESS_CONFIGURATION,DEFAULT_OR_ACTIVE_VERSION,ATOMIC_HOT_RELOAD,False,NOT_SECRET,type+range+cross_field+business_invariant,withdrawal_owner,HIGH,True,1,year每日次数,提现 / daily count,NUMBER_INPUT,,,,,,none,year每日次数。值来源、环境、生效和回滚必须遵守配置生命周期；禁止在业务代码中另设默认值。,该配置可能影响资金、安全、域名或生产流量；保存只生成草稿，审批和影响预览通过后方可激活。,当前环境和配置依赖满足；秘密字段仅显示“已配置/未配置”,具备编辑角色，当前无激活任务；涉及生产/资金/安全时会话已升级,,CFG-RULE-049;CFG-RULE-050;CFG-RULE-051;CFG-RULE-052;CFG-RULE-053;CFG-RULE-054,finance_reviewer,提现领域；具体受影响页面、接口和任务由需求追踪矩阵反向查询,保存前显示旧值/新值、依赖校验、跨字段规则、受影响环境和业务快照差异,激活后保留不可变版本；通过审批回滚到最近已验证版本，不直接修改历史版本,config.withdrawal.changed,16,1.2.2,FROZEN_OPERATIONAL_V1.2.2
commission.settlement_delay_hours,referral,integer,72,False,False,"['growth_ops', 'risk_manager', 'finance_operator']",NONE,False,True,消费佣金待结算小时,,VERSIONED_BUSINESS_CONFIGURATION,DEFAULT_OR_ACTIVE_VERSION,ATOMIC_HOT_RELOAD,False,NOT_SECRET,type+range+cross_field+business_invariant,referral_owner,MEDIUM,True,1,消费佣金待结算小时,推广佣金,NUMBER_INPUT,小时,0,8760,1,,none,消费佣金待结算小时。值来源、环境、生效和回滚必须遵守配置生命周期；禁止在业务代码中另设默认值。,修改后按生效策略刷新；页面展示影响范围和可回滚版本。,当前环境和配置依赖满足；秘密字段仅显示“已配置/未配置”,具备编辑角色，当前无激活任务；涉及生产/资金/安全时会话已升级,,CFG-RULE-032;CFG-RULE-033;CFG-RULE-034,risk_manager,推广佣金领域；具体受影响页面、接口和任务由需求追踪矩阵反向查询,保存前显示旧值/新值、依赖校验、跨字段规则、受影响环境和业务快照差异,激活后保留不可变版本；通过审批回滚到最近已验证版本，不直接修改历史版本,config.referral.changed,1,1.2.2,FROZEN_OPERATIONAL_V1.2.2
referral_activity.settlement_delay_hours,referral_activity,integer,72,False,False,"['growth_ops', 'risk_manager']",NONE,False,True,直推奖励待结算小时,,VERSIONED_BUSINESS_CONFIGURATION,DEFAULT_OR_ACTIVE_VERSION,ATOMIC_HOT_RELOAD,False,NOT_SECRET,type+range+cross_field+business_invariant,referral_activity_owner,MEDIUM,True,1,直推奖励待结算小时,直推活跃,NUMBER_INPUT,小时,0,8760,1,,none,直推奖励待结算小时。值来源、环境、生效和回滚必须遵守配置生命周期；禁止在业务代码中另设默认值。,修改后按生效策略刷新；页面展示影响范围和可回滚版本。,当前环境和配置依赖满足；秘密字段仅显示“已配置/未配置”,具备编辑角色，当前无激活任务；涉及生产/资金/安全时会话已升级,,CFG-RULE-035;CFG-RULE-036,risk_manager,直推活跃领域；具体受影响页面、接口和任务由需求追踪矩阵反向查询,保存前显示旧值/新值、依赖校验、跨字段规则、受影响环境和业务快照差异,激活后保留不可变版本；通过审批回滚到最近已验证版本，不直接修改历史版本,config.referral_activity.changed,1,1.2.2,FROZEN_OPERATIONAL_V1.2.2
referral_activity.event.first_register_login_score,referral_activity,integer,14,False,False,"['growth_ops', 'risk_manager']",TWO_PERSON,True,True,首次注册登录活跃分,,VERSIONED_BUSINESS_CONFIGURATION,DEFAULT_OR_ACTIVE_VERSION,ATOMIC_HOT_RELOAD,False,NOT_SECRET,type+range+cross_field+business_invariant,referral_activity_owner,HIGH,True,1,首次注册登录活跃分,直推活跃,NUMBER_INPUT,,,,,,none,首次注册登录活跃分。值来源、环境、生效和回滚必须遵守配置生命周期；禁止在业务代码中另设默认值。,该配置可能影响资金、安全、域名或生产流量；保存只生成草稿，审批和影响预览通过后方可激活。,当前环境和配置依赖满足；秘密字段仅显示“已配置/未配置”,具备编辑角色，当前无激活任务；涉及生产/资金/安全时会话已升级,,CFG-RULE-035;CFG-RULE-036,risk_manager,直推活跃领域；具体受影响页面、接口和任务由需求追踪矩阵反向查询,保存前显示旧值/新值、依赖校验、跨字段规则、受影响环境和业务快照差异,激活后保留不可变版本；通过审批回滚到最近已验证版本，不直接修改历史版本,config.referral_activity.changed,2,1.2.2,FROZEN_OPERATIONAL_V1.2.2
referral_activity.event.first_approved_publish_score,referral_activity,integer,5,False,False,"['growth_ops', 'risk_manager']",TWO_PERSON,True,True,首次审核上架活跃分,,VERSIONED_BUSINESS_CONFIGURATION,DEFAULT_OR_ACTIVE_VERSION,ATOMIC_HOT_RELOAD,False,NOT_SECRET,type+range+cross_field+business_invariant,referral_activity_owner,HIGH,True,1,首次审核上架活跃分,直推活跃,NUMBER_INPUT,,,,,,none,首次审核上架活跃分。值来源、环境、生效和回滚必须遵守配置生命周期；禁止在业务代码中另设默认值。,该配置可能影响资金、安全、域名或生产流量；保存只生成草稿，审批和影响预览通过后方可激活。,当前环境和配置依赖满足；秘密字段仅显示“已配置/未配置”,具备编辑角色，当前无激活任务；涉及生产/资金/安全时会话已升级,,CFG-RULE-035;CFG-RULE-036,risk_manager,直推活跃领域；具体受影响页面、接口和任务由需求追踪矩阵反向查询,保存前显示旧值/新值、依赖校验、跨字段规则、受影响环境和业务快照差异,激活后保留不可变版本；通过审批回滚到最近已验证版本，不直接修改历史版本,config.referral_activity.changed,3,1.2.2,FROZEN_OPERATIONAL_V1.2.2
feature.personal_task_cash_reward,task,boolean,False,False,False,"['growth_ops', 'finance_operator', 'risk_manager']",NONE,False,True,个人任务现金奖励默认关闭,,VERSIONED_BUSINESS_CONFIGURATION,DEFAULT_OR_ACTIVE_VERSION,ATOMIC_HOT_RELOAD,False,NOT_SECRET,type+range+cross_field+business_invariant,task_owner,MEDIUM,True,1,个人任务现金奖励默认关闭,个人任务,SWITCH,,,,,,none,个人任务现金奖励默认关闭。值来源、环境、生效和回滚必须遵守配置生命周期；禁止在业务代码中另设默认值。,修改后按生效策略刷新；页面展示影响范围和可回滚版本。,当前环境和配置依赖满足；秘密字段仅显示“已配置/未配置”,具备编辑角色，当前无激活任务；涉及生产/资金/安全时会话已升级,,CFG-RULE-047;CFG-RULE-048,finance_reviewer,个人任务领域；具体受影响页面、接口和任务由需求追踪矩阵反向查询,保存前显示旧值/新值、依赖校验、跨字段规则、受影响环境和业务快照差异,激活后保留不可变版本；通过审批回滚到最近已验证版本，不直接修改历史版本,config.task.changed,1,1.2.2,FROZEN_OPERATIONAL_V1.2.2
platform.brand.logo_media_id,platform,string,,False,False,"['operations_admin', 'platform_engineer']",NONE,False,True,品牌Logo媒体ID,,VERSIONED_BUSINESS_CONFIGURATION,DEFAULT_OR_ACTIVE_VERSION,ATOMIC_HOT_RELOAD,False,NOT_SECRET,type+range+cross_field+business_invariant,platform_owner,MEDIUM,True,1,品牌Logo媒体ID,平台品牌,TEXT_INPUT,,,,,,none,品牌Logo媒体ID。值来源、环境、生效和回滚必须遵守配置生命周期；禁止在业务代码中另设默认值。,修改后按生效策略刷新；页面展示影响范围和可回滚版本。,当前环境和配置依赖满足；秘密字段仅显示“已配置/未配置”,具备编辑角色，当前无激活任务；涉及生产/资金/安全时会话已升级,,,operations_admin,平台品牌领域；具体受影响页面、接口和任务由需求追踪矩阵反向查询,保存前显示旧值/新值、依赖校验、跨字段规则、受影响环境和业务快照差异,激活后保留不可变版本；通过审批回滚到最近已验证版本，不直接修改历史版本,config.platform.changed,3,1.2.2,FROZEN_OPERATIONAL_V1.2.2
platform.customer_service.name,platform,string,合伙云客服,False,False,"['operations_admin', 'platform_engineer']",NONE,False,True,客服展示名称,,VERSIONED_BUSINESS_CONFIGURATION,DEFAULT_OR_ACTIVE_VERSION,ATOMIC_HOT_RELOAD,False,NOT_SECRET,type+range+cross_field+business_invariant,platform_owner,MEDIUM,True,1,客服展示名称,平台品牌,TEXT_INPUT,,,,,,none,客服展示名称。值来源、环境、生效和回滚必须遵守配置生命周期；禁止在业务代码中另设默认值。,修改后按生效策略刷新；页面展示影响范围和可回滚版本。,当前环境和配置依赖满足；秘密字段仅显示“已配置/未配置”,具备编辑角色，当前无激活任务；涉及生产/资金/安全时会话已升级,,,operations_admin,平台品牌领域；具体受影响页面、接口和任务由需求追踪矩阵反向查询,保存前显示旧值/新值、依赖校验、跨字段规则、受影响环境和业务快照差异,激活后保留不可变版本；通过审批回滚到最近已验证版本，不直接修改历史版本,config.platform.changed,4,1.2.2,FROZEN_OPERATIONAL_V1.2.2
platform.customer_service.contact,platform,string,,False,False,"['operations_admin', 'platform_engineer']",NONE,False,True,客服联系方式,,VERSIONED_BUSINESS_CONFIGURATION,DEFAULT_OR_ACTIVE_VERSION,ATOMIC_HOT_RELOAD,False,NOT_SECRET,type+range+cross_field+business_invariant,platform_owner,MEDIUM,True,1,客服联系方式,平台品牌,TEXTAREA,,,,,,none,客服联系方式。值来源、环境、生效和回滚必须遵守配置生命周期；禁止在业务代码中另设默认值。,修改后按生效策略刷新；页面展示影响范围和可回滚版本。,当前环境和配置依赖满足；秘密字段仅显示“已配置/未配置”,具备编辑角色，当前无激活任务；涉及生产/资金/安全时会话已升级,,,operations_admin,平台品牌领域；具体受影响页面、接口和任务由需求追踪矩阵反向查询,保存前显示旧值/新值、依赖校验、跨字段规则、受影响环境和业务快照差异,激活后保留不可变版本；通过审批回滚到最近已验证版本，不直接修改历史版本,config.platform.changed,5,1.2.2,FROZEN_OPERATIONAL_V1.2.2
system.maintenance.enabled,system,boolean,False,False,False,"['platform_engineer', 'security_admin']",TWO_PERSON,False,False,系统维护开关,,ACTIVATION_GATED_CONFIGURATION,ACTIVATION_GATED,ACTIVATE_VERSION,False,NOT_SECRET,type+provider_connection_test,system_owner,HIGH,True,1,系统维护开关,系统开关,SWITCH,,,,,,none,系统维护开关。值来源、环境、生效和回滚必须遵守配置生命周期；禁止在业务代码中另设默认值。,该配置可能影响资金、安全、域名或生产流量；保存只生成草稿，审批和影响预览通过后方可激活。,当前环境和配置依赖满足；秘密字段仅显示“已配置/未配置”,具备编辑角色，当前无激活任务；涉及生产/资金/安全时会话已升级,,CFG-RULE-046,security_admin,系统开关领域；具体受影响页面、接口和任务由需求追踪矩阵反向查询,保存前显示旧值/新值、依赖校验、跨字段规则、受影响环境和业务快照差异,激活后保留不可变版本；通过审批回滚到最近已验证版本，不直接修改历史版本,config.system.changed,1,1.2.2,FROZEN_OPERATIONAL_V1.2.2
system.maintenance.message,system,string,系统维护中，请稍后重试,False,False,"['platform_engineer', 'security_admin']",TWO_PERSON,False,False,维护提示,,ACTIVATION_GATED_CONFIGURATION,ACTIVATION_GATED,ACTIVATE_VERSION,False,NOT_SECRET,type+provider_connection_test,system_owner,HIGH,True,1,维护提示,系统开关,TEXTAREA,,,,,,none,维护提示。值来源、环境、生效和回滚必须遵守配置生命周期；禁止在业务代码中另设默认值。,该配置可能影响资金、安全、域名或生产流量；保存只生成草稿，审批和影响预览通过后方可激活。,当前环境和配置依赖满足；秘密字段仅显示“已配置/未配置”,具备编辑角色，当前无激活任务；涉及生产/资金/安全时会话已升级,system.maintenance.enabled,CFG-RULE-046,security_admin,系统开关领域；具体受影响页面、接口和任务由需求追踪矩阵反向查询,保存前显示旧值/新值、依赖校验、跨字段规则、受影响环境和业务快照差异,激活后保留不可变版本；通过审批回滚到最近已验证版本，不直接修改历史版本,config.system.changed,2,1.2.2,FROZEN_OPERATIONAL_V1.2.2
system.registration.enabled,system,boolean,True,False,False,"['platform_engineer', 'security_admin']",TWO_PERSON,False,False,注册总开关,,ACTIVATION_GATED_CONFIGURATION,ACTIVATION_GATED,ACTIVATE_VERSION,False,NOT_SECRET,type+provider_connection_test,system_owner,HIGH,True,1,注册总开关,系统开关,SWITCH,,,,,,none,注册总开关。值来源、环境、生效和回滚必须遵守配置生命周期；禁止在业务代码中另设默认值。,该配置可能影响资金、安全、域名或生产流量；保存只生成草稿，审批和影响预览通过后方可激活。,当前环境和配置依赖满足；秘密字段仅显示“已配置/未配置”,具备编辑角色，当前无激活任务；涉及生产/资金/安全时会话已升级,,CFG-RULE-046,security_admin,系统开关领域；具体受影响页面、接口和任务由需求追踪矩阵反向查询,保存前显示旧值/新值、依赖校验、跨字段规则、受影响环境和业务快照差异,激活后保留不可变版本；通过审批回滚到最近已验证版本，不直接修改历史版本,config.system.changed,3,1.2.2,FROZEN_OPERATIONAL_V1.2.2
system.publish.enabled,system,boolean,True,False,False,"['platform_engineer', 'security_admin']",TWO_PERSON,False,False,发布总开关,,ACTIVATION_GATED_CONFIGURATION,ACTIVATION_GATED,ACTIVATE_VERSION,False,NOT_SECRET,type+provider_connection_test,system_owner,HIGH,True,1,发布总开关,系统开关,SWITCH,,,,,,none,发布总开关。值来源、环境、生效和回滚必须遵守配置生命周期；禁止在业务代码中另设默认值。,该配置可能影响资金、安全、域名或生产流量；保存只生成草稿，审批和影响预览通过后方可激活。,当前环境和配置依赖满足；秘密字段仅显示“已配置/未配置”,具备编辑角色，当前无激活任务；涉及生产/资金/安全时会话已升级,,CFG-RULE-046,security_admin,系统开关领域；具体受影响页面、接口和任务由需求追踪矩阵反向查询,保存前显示旧值/新值、依赖校验、跨字段规则、受影响环境和业务快照差异,激活后保留不可变版本；通过审批回滚到最近已验证版本，不直接修改历史版本,config.system.changed,4,1.2.2,FROZEN_OPERATIONAL_V1.2.2
system.red_packet.enabled,system,boolean,True,False,False,"['platform_engineer', 'security_admin']",TWO_PERSON,False,False,红包总开关,,ACTIVATION_GATED_CONFIGURATION,ACTIVATION_GATED,ACTIVATE_VERSION,False,NOT_SECRET,type+provider_connection_test,system_owner,HIGH,True,1,红包总开关,系统开关,SWITCH,,,,,,none,红包总开关。值来源、环境、生效和回滚必须遵守配置生命周期；禁止在业务代码中另设默认值。,该配置可能影响资金、安全、域名或生产流量；保存只生成草稿，审批和影响预览通过后方可激活。,当前环境和配置依赖满足；秘密字段仅显示“已配置/未配置”,具备编辑角色，当前无激活任务；涉及生产/资金/安全时会话已升级,,CFG-RULE-046,security_admin,系统开关领域；具体受影响页面、接口和任务由需求追踪矩阵反向查询,保存前显示旧值/新值、依赖校验、跨字段规则、受影响环境和业务快照差异,激活后保留不可变版本；通过审批回滚到最近已验证版本，不直接修改历史版本,config.system.changed,5,1.2.2,FROZEN_OPERATIONAL_V1.2.2
system.withdrawal.enabled,system,boolean,True,False,False,"['platform_engineer', 'security_admin']",TWO_PERSON,False,False,提现总开关,,ACTIVATION_GATED_CONFIGURATION,ACTIVATION_GATED,ACTIVATE_VERSION,False,NOT_SECRET,type+provider_connection_test,system_owner,HIGH,True,1,提现总开关,系统开关,SWITCH,,,,,,none,提现总开关。值来源、环境、生效和回滚必须遵守配置生命周期；禁止在业务代码中另设默认值。,该配置可能影响资金、安全、域名或生产流量；保存只生成草稿，审批和影响预览通过后方可激活。,当前环境和配置依赖满足；秘密字段仅显示“已配置/未配置”,具备编辑角色，当前无激活任务；涉及生产/资金/安全时会话已升级,,CFG-RULE-046,security_admin,系统开关领域；具体受影响页面、接口和任务由需求追踪矩阵反向查询,保存前显示旧值/新值、依赖校验、跨字段规则、受影响环境和业务快照差异,激活后保留不可变版本；通过审批回滚到最近已验证版本，不直接修改历史版本,config.system.changed,6,1.2.2,FROZEN_OPERATIONAL_V1.2.2
ops.backup.rpo_minutes,operations,integer,15,False,False,"['platform_engineer', 'security_admin', 'auditor']",OWNER_REVIEW,False,False,数据库目标RPO分钟,,STARTUP_CONFIGURATION,"STAGING,PRODUCTION",RESTART_REQUIRED,True,NOT_SECRET,type+range+cross_field,operations_owner,HIGH,True,1,数据库目标RPO分钟,运维治理,NUMBER_INPUT,分钟,1,10080,1,,none,数据库目标RPO分钟。值来源、环境、生效和回滚必须遵守配置生命周期；禁止在业务代码中另设默认值。,该配置可能影响资金、安全、域名或生产流量；保存只生成草稿，审批和影响预览通过后方可激活。,当前环境和配置依赖满足；秘密字段仅显示“已配置/未配置”,具备编辑角色，当前无激活任务；涉及生产/资金/安全时会话已升级,,CFG-RULE-015;CFG-RULE-016,security_admin,运维治理领域；具体受影响页面、接口和任务由需求追踪矩阵反向查询,保存前显示旧值/新值、依赖校验、跨字段规则、受影响环境和业务快照差异,激活后保留不可变版本；通过审批回滚到最近已验证版本，不直接修改历史版本,config.operations.changed,1,1.2.2,FROZEN_OPERATIONAL_V1.2.2
ops.recovery.rto_minutes,operations,integer,120,False,False,"['platform_engineer', 'security_admin', 'auditor']",OWNER_REVIEW,False,False,核心服务目标RTO分钟,,STARTUP_CONFIGURATION,"STAGING,PRODUCTION",RESTART_REQUIRED,True,NOT_SECRET,type+range+cross_field,operations_owner,HIGH,True,1,核心服务目标RTO分钟,运维治理,NUMBER_INPUT,分钟,1,10080,1,,none,核心服务目标RTO分钟。值来源、环境、生效和回滚必须遵守配置生命周期；禁止在业务代码中另设默认值。,该配置可能影响资金、安全、域名或生产流量；保存只生成草稿，审批和影响预览通过后方可激活。,当前环境和配置依赖满足；秘密字段仅显示“已配置/未配置”,具备编辑角色，当前无激活任务；涉及生产/资金/安全时会话已升级,,CFG-RULE-015;CFG-RULE-016,security_admin,运维治理领域；具体受影响页面、接口和任务由需求追踪矩阵反向查询,保存前显示旧值/新值、依赖校验、跨字段规则、受影响环境和业务快照差异,激活后保留不可变版本；通过审批回滚到最近已验证版本，不直接修改历史版本,config.operations.changed,2,1.2.2,FROZEN_OPERATIONAL_V1.2.2
ops.audit_log.retention_days,operations,integer,1095,False,False,"['platform_engineer', 'security_admin', 'auditor']",OWNER_REVIEW,False,False,管理员审计日志保留天数,,STARTUP_CONFIGURATION,"STAGING,PRODUCTION",RESTART_REQUIRED,True,NOT_SECRET,type+range+cross_field,operations_owner,HIGH,True,1,管理员审计日志保留天数,运维治理,NUMBER_INPUT,天,0,3650,1,,none,管理员审计日志保留天数。值来源、环境、生效和回滚必须遵守配置生命周期；禁止在业务代码中另设默认值。,该配置可能影响资金、安全、域名或生产流量；保存只生成草稿，审批和影响预览通过后方可激活。,当前环境和配置依赖满足；秘密字段仅显示“已配置/未配置”,具备编辑角色，当前无激活任务；涉及生产/资金/安全时会话已升级,,CFG-RULE-015;CFG-RULE-016,security_admin,运维治理领域；具体受影响页面、接口和任务由需求追踪矩阵反向查询,保存前显示旧值/新值、依赖校验、跨字段规则、受影响环境和业务快照差异,激活后保留不可变版本；通过审批回滚到最近已验证版本，不直接修改历史版本,config.operations.changed,3,1.2.2,FROZEN_OPERATIONAL_V1.2.2
ops.security_event.retention_days,operations,integer,1095,False,False,"['platform_engineer', 'security_admin', 'auditor']",OWNER_REVIEW,False,False,安全事件保留天数,,STARTUP_CONFIGURATION,"STAGING,PRODUCTION",RESTART_REQUIRED,True,NOT_SECRET,type+range+cross_field,operations_owner,HIGH,True,1,安全事件保留天数,运维治理,NUMBER_INPUT,天,0,3650,1,,none,安全事件保留天数。值来源、环境、生效和回滚必须遵守配置生命周期；禁止在业务代码中另设默认值。,该配置可能影响资金、安全、域名或生产流量；保存只生成草稿，审批和影响预览通过后方可激活。,当前环境和配置依赖满足；秘密字段仅显示“已配置/未配置”,具备编辑角色，当前无激活任务；涉及生产/资金/安全时会话已升级,,CFG-RULE-015;CFG-RULE-016,security_admin,运维治理领域；具体受影响页面、接口和任务由需求追踪矩阵反向查询,保存前显示旧值/新值、依赖校验、跨字段规则、受影响环境和业务快照差异,激活后保留不可变版本；通过审批回滚到最近已验证版本，不直接修改历史版本,config.operations.changed,4,1.2.2,FROZEN_OPERATIONAL_V1.2.2
ops.alert.error_rate_percent,operations,decimal,2.0,False,False,"['platform_engineer', 'security_admin', 'auditor']",OWNER_REVIEW,False,False,错误率告警阈值,,STARTUP_CONFIGURATION,"STAGING,PRODUCTION",RESTART_REQUIRED,True,NOT_SECRET,type+range+cross_field,operations_owner,HIGH,True,1,错误率告警阈值,运维治理,NUMBER_INPUT,%,0,100,0.1,,none,错误率告警阈值。值来源、环境、生效和回滚必须遵守配置生命周期；禁止在业务代码中另设默认值。,该配置可能影响资金、安全、域名或生产流量；保存只生成草稿，审批和影响预览通过后方可激活。,当前环境和配置依赖满足；秘密字段仅显示“已配置/未配置”,具备编辑角色，当前无激活任务；涉及生产/资金/安全时会话已升级,,CFG-RULE-015;CFG-RULE-016,security_admin,运维治理领域；具体受影响页面、接口和任务由需求追踪矩阵反向查询,保存前显示旧值/新值、依赖校验、跨字段规则、受影响环境和业务快照差异,激活后保留不可变版本；通过审批回滚到最近已验证版本，不直接修改历史版本,config.operations.changed,5,1.2.2,FROZEN_OPERATIONAL_V1.2.2
ops.alert.api_p95_ms,operations,integer,500,False,False,"['platform_engineer', 'security_admin', 'auditor']",OWNER_REVIEW,False,False,普通API P95告警毫秒,,STARTUP_CONFIGURATION,"STAGING,PRODUCTION",RESTART_REQUIRED,True,NOT_SECRET,type+range+cross_field,operations_owner,HIGH,True,1,普通API P95告警毫秒,运维治理,NUMBER_INPUT,毫秒,100,300000,100,,none,普通API P95告警毫秒。值来源、环境、生效和回滚必须遵守配置生命周期；禁止在业务代码中另设默认值。,该配置可能影响资金、安全、域名或生产流量；保存只生成草稿，审批和影响预览通过后方可激活。,当前环境和配置依赖满足；秘密字段仅显示“已配置/未配置”,具备编辑角色，当前无激活任务；涉及生产/资金/安全时会话已升级,,CFG-RULE-015;CFG-RULE-016,security_admin,运维治理领域；具体受影响页面、接口和任务由需求追踪矩阵反向查询,保存前显示旧值/新值、依赖校验、跨字段规则、受影响环境和业务快照差异,激活后保留不可变版本；通过审批回滚到最近已验证版本，不直接修改历史版本,config.operations.changed,6,1.2.2,FROZEN_OPERATIONAL_V1.2.2
auth.security_challenge.ttl_seconds,auth,integer,120,False,True,"['security_admin', 'platform_engineer']",TWO_PERSON,False,False,安全挑战有效期秒,,STARTUP_CONFIGURATION,ALL,RESTART_REQUIRED,True,NOT_SECRET,type+range+cross_field,auth_owner,HIGH,True,1,安全挑战有效期秒,账号与安全 / security challenge,NUMBER_INPUT,秒,60,300,1,,none,安全挑战有效期秒。默认120秒，仅允许60至300秒；值来源、环境、生效和回滚必须遵守配置生命周期，禁止在业务代码中另设默认值。,该配置影响认证安全与可用性；保存只生成草稿，双人审批和影响预览通过后方可激活。,当前值为60至300秒且认证依赖满足,具备编辑角色，当前无激活任务；涉及生产安全时会话已升级,,CFG-RULE-004,security_admin,账号与安全领域；影响Android和H5登录、注册、短信发送与忘记密码安全验证,保存前显示旧值/新值、范围校验、受影响环境和安全验证流程差异,激活后保留不可变版本；通过审批回滚到最近已验证版本，不直接修改历史版本,config.auth.changed,12,1.2.2,FROZEN_OPERATIONAL_V1.2.2
auth.security_challenge.max_attempts,auth,integer,5,False,True,"['security_admin', 'platform_engineer']",TWO_PERSON,False,False,单次挑战最大尝试,,STARTUP_CONFIGURATION,ALL,RESTART_REQUIRED,True,NOT_SECRET,type+range+cross_field,auth_owner,HIGH,True,1,单次挑战最大尝试,账号与安全 / security challenge,NUMBER_INPUT,个/次,0,1000000,1,,none,单次挑战最大尝试。值来源、环境、生效和回滚必须遵守配置生命周期；禁止在业务代码中另设默认值。,该配置可能影响资金、安全、域名或生产流量；保存只生成草稿，审批和影响预览通过后方可激活。,当前环境和配置依赖满足；秘密字段仅显示“已配置/未配置”,具备编辑角色，当前无激活任务；涉及生产/资金/安全时会话已升级,,CFG-RULE-001;CFG-RULE-002;CFG-RULE-003;CFG-RULE-004;CFG-RULE-005,security_admin,账号与安全领域；具体受影响页面、接口和任务由需求追踪矩阵反向查询,保存前显示旧值/新值、依赖校验、跨字段规则、受影响环境和业务快照差异,激活后保留不可变版本；通过审批回滚到最近已验证版本，不直接修改历史版本,config.auth.changed,13,1.2.2,FROZEN_OPERATIONAL_V1.2.2
auth.password.require_letters,auth,boolean,True,False,True,"['security_admin', 'platform_engineer']",TWO_PERSON,False,False,密码要求字母,,STARTUP_CONFIGURATION,ALL,RESTART_REQUIRED,True,NOT_SECRET,type+range+cross_field,auth_owner,HIGH,True,1,密码要求字母,账号与安全 / password,SWITCH,,,,,,none,密码要求字母。值来源、环境、生效和回滚必须遵守配置生命周期；禁止在业务代码中另设默认值。,该配置可能影响资金、安全、域名或生产流量；保存只生成草稿，审批和影响预览通过后方可激活。,当前环境和配置依赖满足；秘密字段仅显示“已配置/未配置”,具备编辑角色，当前无激活任务；涉及生产/资金/安全时会话已升级,,CFG-RULE-001;CFG-RULE-002;CFG-RULE-003;CFG-RULE-004;CFG-RULE-005,security_admin,账号与安全领域；具体受影响页面、接口和任务由需求追踪矩阵反向查询,保存前显示旧值/新值、依赖校验、跨字段规则、受影响环境和业务快照差异,激活后保留不可变版本；通过审批回滚到最近已验证版本，不直接修改历史版本,config.auth.changed,14,1.2.2,FROZEN_OPERATIONAL_V1.2.2
auth.password.require_digits,auth,boolean,True,False,True,"['security_admin', 'platform_engineer']",TWO_PERSON,False,False,密码要求数字,,STARTUP_CONFIGURATION,ALL,RESTART_REQUIRED,True,NOT_SECRET,type+range+cross_field,auth_owner,HIGH,True,1,密码要求数字,账号与安全 / password,SWITCH,个/次,0,1000000,1,,none,密码要求数字。值来源、环境、生效和回滚必须遵守配置生命周期；禁止在业务代码中另设默认值。,该配置可能影响资金、安全、域名或生产流量；保存只生成草稿，审批和影响预览通过后方可激活。,当前环境和配置依赖满足；秘密字段仅显示“已配置/未配置”,具备编辑角色，当前无激活任务；涉及生产/资金/安全时会话已升级,,CFG-RULE-001;CFG-RULE-002;CFG-RULE-003;CFG-RULE-004;CFG-RULE-005,security_admin,账号与安全领域；具体受影响页面、接口和任务由需求追踪矩阵反向查询,保存前显示旧值/新值、依赖校验、跨字段规则、受影响环境和业务快照差异,激活后保留不可变版本；通过审批回滚到最近已验证版本，不直接修改历史版本,config.auth.changed,15,1.2.2,FROZEN_OPERATIONAL_V1.2.2
auth.session.access_ttl_seconds,auth,integer,7200,False,True,"['security_admin', 'platform_engineer']",TWO_PERSON,False,False,Access Token有效期,,STARTUP_CONFIGURATION,ALL,RESTART_REQUIRED,True,NOT_SECRET,type+range+cross_field,auth_owner,HIGH,True,1,Access Token有效期,账号与安全 / session,NUMBER_INPUT,秒,1,2592000,1,,none,Access Token有效期。值来源、环境、生效和回滚必须遵守配置生命周期；禁止在业务代码中另设默认值。,该配置可能影响资金、安全、域名或生产流量；保存只生成草稿，审批和影响预览通过后方可激活。,当前环境和配置依赖满足；秘密字段仅显示“已配置/未配置”,具备编辑角色，当前无激活任务；涉及生产/资金/安全时会话已升级,,CFG-RULE-001;CFG-RULE-002;CFG-RULE-003;CFG-RULE-004;CFG-RULE-005,security_admin,账号与安全领域；具体受影响页面、接口和任务由需求追踪矩阵反向查询,保存前显示旧值/新值、依赖校验、跨字段规则、受影响环境和业务快照差异,激活后保留不可变版本；通过审批回滚到最近已验证版本，不直接修改历史版本,config.auth.changed,16,1.2.2,FROZEN_OPERATIONAL_V1.2.2
auth.session.refresh_ttl_seconds,auth,integer,2592000,False,True,"['security_admin', 'platform_engineer']",TWO_PERSON,False,False,Refresh Token有效期,,STARTUP_CONFIGURATION,ALL,RESTART_REQUIRED,True,NOT_SECRET,type+range+cross_field,auth_owner,HIGH,True,1,Refresh Token有效期,账号与安全 / session,NUMBER_INPUT,秒,1,2592000,1,,none,Refresh Token有效期。值来源、环境、生效和回滚必须遵守配置生命周期；禁止在业务代码中另设默认值。,该配置可能影响资金、安全、域名或生产流量；保存只生成草稿，审批和影响预览通过后方可激活。,当前环境和配置依赖满足；秘密字段仅显示“已配置/未配置”,具备编辑角色，当前无激活任务；涉及生产/资金/安全时会话已升级,,CFG-RULE-001;CFG-RULE-002;CFG-RULE-003;CFG-RULE-004;CFG-RULE-005,security_admin,账号与安全领域；具体受影响页面、接口和任务由需求追踪矩阵反向查询,保存前显示旧值/新值、依赖校验、跨字段规则、受影响环境和业务快照差异,激活后保留不可变版本；通过审批回滚到最近已验证版本，不直接修改历史版本,config.auth.changed,17,1.2.2,FROZEN_OPERATIONAL_V1.2.2
auth.session.max_active_devices,auth,integer,5,False,True,"['security_admin', 'platform_engineer']",TWO_PERSON,False,False,最大活跃设备数,,STARTUP_CONFIGURATION,ALL,RESTART_REQUIRED,True,NOT_SECRET,type+range+cross_field,auth_owner,HIGH,True,1,最大活跃设备数,账号与安全 / session,NUMBER_INPUT,个/次,0,1000000,1,,none,最大活跃设备数。值来源、环境、生效和回滚必须遵守配置生命周期；禁止在业务代码中另设默认值。,该配置可能影响资金、安全、域名或生产流量；保存只生成草稿，审批和影响预览通过后方可激活。,当前环境和配置依赖满足；秘密字段仅显示“已配置/未配置”,具备编辑角色，当前无激活任务；涉及生产/资金/安全时会话已升级,,CFG-RULE-001;CFG-RULE-002;CFG-RULE-003;CFG-RULE-004;CFG-RULE-005,security_admin,账号与安全领域；具体受影响页面、接口和任务由需求追踪矩阵反向查询,保存前显示旧值/新值、依赖校验、跨字段规则、受影响环境和业务快照差异,激活后保留不可变版本；通过审批回滚到最近已验证版本，不直接修改历史版本,config.auth.changed,18,1.2.2,FROZEN_OPERATIONAL_V1.2.2
auth.registration.daily_ip_limit,auth,integer,20,False,True,"['security_admin', 'platform_engineer']",TWO_PERSON,False,False,单IP每日注册上限,,STARTUP_CONFIGURATION,ALL,RESTART_REQUIRED,True,NOT_SECRET,type+range+cross_field,auth_owner,HIGH,True,1,单IP每日注册上限,账号与安全 / registration,NUMBER_INPUT,,,,,,none,单IP每日注册上限。值来源、环境、生效和回滚必须遵守配置生命周期；禁止在业务代码中另设默认值。,该配置可能影响资金、安全、域名或生产流量；保存只生成草稿，审批和影响预览通过后方可激活。,当前环境和配置依赖满足；秘密字段仅显示“已配置/未配置”,具备编辑角色，当前无激活任务；涉及生产/资金/安全时会话已升级,,CFG-RULE-001;CFG-RULE-002;CFG-RULE-003;CFG-RULE-004;CFG-RULE-005,security_admin,账号与安全领域；具体受影响页面、接口和任务由需求追踪矩阵反向查询,保存前显示旧值/新值、依赖校验、跨字段规则、受影响环境和业务快照差异,激活后保留不可变版本；通过审批回滚到最近已验证版本，不直接修改历史版本,config.auth.changed,19,1.2.2,FROZEN_OPERATIONAL_V1.2.2
auth.registration.daily_device_limit,auth,integer,3,False,True,"['security_admin', 'platform_engineer']",TWO_PERSON,False,False,单设备每日注册上限,,STARTUP_CONFIGURATION,ALL,RESTART_REQUIRED,True,NOT_SECRET,type+range+cross_field,auth_owner,HIGH,True,1,单设备每日注册上限,账号与安全 / registration,NUMBER_INPUT,,,,,,none,单设备每日注册上限。值来源、环境、生效和回滚必须遵守配置生命周期；禁止在业务代码中另设默认值。,该配置可能影响资金、安全、域名或生产流量；保存只生成草稿，审批和影响预览通过后方可激活。,当前环境和配置依赖满足；秘密字段仅显示“已配置/未配置”,具备编辑角色，当前无激活任务；涉及生产/资金/安全时会话已升级,,CFG-RULE-001;CFG-RULE-002;CFG-RULE-003;CFG-RULE-004;CFG-RULE-005,security_admin,账号与安全领域；具体受影响页面、接口和任务由需求追踪矩阵反向查询,保存前显示旧值/新值、依赖校验、跨字段规则、受影响环境和业务快照差异,激活后保留不可变版本；通过审批回滚到最近已验证版本，不直接修改历史版本,config.auth.changed,20,1.2.2,FROZEN_OPERATIONAL_V1.2.2
auth.login.daily_ip_failure_limit,auth,integer,50,False,True,"['security_admin', 'platform_engineer']",TWO_PERSON,False,False,单IP每日失败阈值,,STARTUP_CONFIGURATION,ALL,RESTART_REQUIRED,True,NOT_SECRET,type+range+cross_field,auth_owner,HIGH,True,1,单IP每日失败阈值,账号与安全 / login,NUMBER_INPUT,,,,,,none,单IP每日失败阈值。值来源、环境、生效和回滚必须遵守配置生命周期；禁止在业务代码中另设默认值。,该配置可能影响资金、安全、域名或生产流量；保存只生成草稿，审批和影响预览通过后方可激活。,当前环境和配置依赖满足；秘密字段仅显示“已配置/未配置”,具备编辑角色，当前无激活任务；涉及生产/资金/安全时会话已升级,,CFG-RULE-001;CFG-RULE-002;CFG-RULE-003;CFG-RULE-004;CFG-RULE-005,security_admin,账号与安全领域；具体受影响页面、接口和任务由需求追踪矩阵反向查询,保存前显示旧值/新值、依赖校验、跨字段规则、受影响环境和业务快照差异,激活后保留不可变版本；通过审批回滚到最近已验证版本，不直接修改历史版本,config.auth.changed,21,1.2.2,FROZEN_OPERATIONAL_V1.2.2
sms.verify.max_attempts,sms,integer,5,False,False,"['platform_engineer', 'security_admin']",OWNER_REVIEW,False,False,验证码最大校验次数,,ACTIVATION_GATED_CONFIGURATION,ACTIVATION_GATED,ACTIVATE_VERSION,False,NOT_SECRET,type+provider_connection_test,sms_owner,HIGH,True,1,验证码最大校验次数,短信 / verify,NUMBER_INPUT,个/次,0,1000000,1,,none,验证码最大校验次数。值来源、环境、生效和回滚必须遵守配置生命周期；禁止在业务代码中另设默认值。,该配置可能影响资金、安全、域名或生产流量；保存只生成草稿，审批和影响预览通过后方可激活。,当前环境和配置依赖满足；秘密字段仅显示“已配置/未配置”,具备编辑角色，当前无激活任务；涉及生产/资金/安全时会话已升级,,CFG-RULE-038;CFG-RULE-039;CFG-RULE-040;CFG-RULE-041,security_admin,短信领域；具体受影响页面、接口和任务由需求追踪矩阵反向查询,保存前显示旧值/新值、依赖校验、跨字段规则、受影响环境和业务快照差异,激活后保留不可变版本；通过审批回滚到最近已验证版本，不直接修改历史版本,config.sms.changed,18,1.2.2,FROZEN_OPERATIONAL_V1.2.2
sms.send.daily_device_limit,sms,integer,20,False,False,"['platform_engineer', 'security_admin']",OWNER_REVIEW,False,False,单设备每日短信上限,,ACTIVATION_GATED_CONFIGURATION,ACTIVATION_GATED,ACTIVATE_VERSION,False,NOT_SECRET,type+provider_connection_test,sms_owner,HIGH,True,1,单设备每日短信上限,短信 / send,NUMBER_INPUT,,,,,,none,单设备每日短信上限。值来源、环境、生效和回滚必须遵守配置生命周期；禁止在业务代码中另设默认值。,该配置可能影响资金、安全、域名或生产流量；保存只生成草稿，审批和影响预览通过后方可激活。,当前环境和配置依赖满足；秘密字段仅显示“已配置/未配置”,具备编辑角色，当前无激活任务；涉及生产/资金/安全时会话已升级,,CFG-RULE-038;CFG-RULE-039;CFG-RULE-040;CFG-RULE-041,security_admin,短信领域；具体受影响页面、接口和任务由需求追踪矩阵反向查询,保存前显示旧值/新值、依赖校验、跨字段规则、受影响环境和业务快照差异,激活后保留不可变版本；通过审批回滚到最近已验证版本，不直接修改历史版本,config.sms.changed,19,1.2.2,FROZEN_OPERATIONAL_V1.2.2
sms.send.same_scene_resend_new_code,sms,boolean,False,False,False,"['platform_engineer', 'security_admin']",OWNER_REVIEW,False,False,冷却期后是否生成新验证码,,ACTIVATION_GATED_CONFIGURATION,ACTIVATION_GATED,ACTIVATE_VERSION,False,NOT_SECRET,type+provider_connection_test,sms_owner,HIGH,True,1,冷却期后是否生成新验证码,短信 / send,SWITCH,,,,,,none,冷却期后是否生成新验证码。值来源、环境、生效和回滚必须遵守配置生命周期；禁止在业务代码中另设默认值。,该配置可能影响资金、安全、域名或生产流量；保存只生成草稿，审批和影响预览通过后方可激活。,当前环境和配置依赖满足；秘密字段仅显示“已配置/未配置”,具备编辑角色，当前无激活任务；涉及生产/资金/安全时会话已升级,,CFG-RULE-038;CFG-RULE-039;CFG-RULE-040;CFG-RULE-041,security_admin,短信领域；具体受影响页面、接口和任务由需求追踪矩阵反向查询,保存前显示旧值/新值、依赖校验、跨字段规则、受影响环境和业务快照差异,激活后保留不可变版本；通过审批回滚到最近已验证版本，不直接修改历史版本,config.sms.changed,20,1.2.2,FROZEN_OPERATIONAL_V1.2.2
sms.delivery_receipt.enabled,sms,boolean,True,False,False,"['platform_engineer', 'security_admin']",OWNER_REVIEW,False,False,开启阿里云短信回执查询,,ACTIVATION_GATED_CONFIGURATION,ACTIVATION_GATED,ACTIVATE_VERSION,False,NOT_SECRET,type+provider_connection_test,sms_owner,HIGH,True,1,开启阿里云短信回执查询,短信 / delivery receipt,SWITCH,,,,,,none,开启阿里云短信回执查询。值来源、环境、生效和回滚必须遵守配置生命周期；禁止在业务代码中另设默认值。,该配置可能影响资金、安全、域名或生产流量；保存只生成草稿，审批和影响预览通过后方可激活。,当前环境和配置依赖满足；秘密字段仅显示“已配置/未配置”,具备编辑角色，当前无激活任务；涉及生产/资金/安全时会话已升级,,CFG-RULE-038;CFG-RULE-039;CFG-RULE-040;CFG-RULE-041,security_admin,短信领域；具体受影响页面、接口和任务由需求追踪矩阵反向查询,保存前显示旧值/新值、依赖校验、跨字段规则、受影响环境和业务快照差异,激活后保留不可变版本；通过审批回滚到最近已验证版本，不直接修改历史版本,config.sms.changed,21,1.2.2,FROZEN_OPERATIONAL_V1.2.2
sms.aliyun.callback_url,sms,string,https://api.orbexa.cc/callbacks/sms/aliyun,False,False,"['platform_engineer', 'security_admin']",OWNER_REVIEW,False,False,短信回执地址,,ACTIVATION_GATED_CONFIGURATION,ACTIVATION_GATED,ACTIVATE_VERSION,False,NOT_SECRET,type+provider_connection_test,sms_owner,HIGH,True,1,短信回执地址,短信 / aliyun,URL_INPUT,,,,,^https://[^\s]+$,none,短信回执地址。值来源、环境、生效和回滚必须遵守配置生命周期；禁止在业务代码中另设默认值。,该配置可能影响资金、安全、域名或生产流量；保存只生成草稿，审批和影响预览通过后方可激活。,当前环境和配置依赖满足；秘密字段仅显示“已配置/未配置”,具备编辑角色，当前无激活任务；涉及生产/资金/安全时会话已升级,sms.active_provider,CFG-RULE-038;CFG-RULE-039;CFG-RULE-040;CFG-RULE-041,security_admin,短信领域；具体受影响页面、接口和任务由需求追踪矩阵反向查询,保存前显示旧值/新值、依赖校验、跨字段规则、受影响环境和业务快照差异,激活后保留不可变版本；通过审批回滚到最近已验证版本，不直接修改历史版本,config.sms.changed,22,1.2.2,FROZEN_OPERATIONAL_V1.2.2
storage.upload.image.allowed_mime,storage,string_list,"['image/jpeg', 'image/png', 'image/webp']",False,False,"['platform_engineer', 'security_admin']",OWNER_REVIEW,False,False,允许图片MIME,,ACTIVATION_GATED_CONFIGURATION,ACTIVATION_GATED,ACTIVATE_VERSION,False,NOT_SECRET,type+provider_connection_test,storage_owner,HIGH,True,1,允许图片MIME,对象存储 / UPLOAD,TAG_LIST_OR_STRUCTURED_EDITOR,,,,,,none,允许图片MIME。值来源、环境、生效和回滚必须遵守配置生命周期；禁止在业务代码中另设默认值。,该配置可能影响资金、安全、域名或生产流量；保存只生成草稿，审批和影响预览通过后方可激活。,当前环境和配置依赖满足；秘密字段仅显示“已配置/未配置”,具备编辑角色，当前无激活任务；涉及生产/资金/安全时会话已升级,,CFG-RULE-042;CFG-RULE-043;CFG-RULE-044;CFG-RULE-045,security_admin,对象存储领域；具体受影响页面、接口和任务由需求追踪矩阵反向查询,保存前显示旧值/新值、依赖校验、跨字段规则、受影响环境和业务快照差异,激活后保留不可变版本；通过审批回滚到最近已验证版本，不直接修改历史版本,config.storage.changed,32,1.2.2,FROZEN_OPERATIONAL_V1.2.2
storage.upload.image.max_mb,storage,integer,10,False,False,"['platform_engineer', 'security_admin']",OWNER_REVIEW,False,False,普通图片最大MB,,ACTIVATION_GATED_CONFIGURATION,ACTIVATION_GATED,ACTIVATE_VERSION,False,NOT_SECRET,type+provider_connection_test,storage_owner,HIGH,True,1,普通图片最大MB,对象存储 / UPLOAD,NUMBER_INPUT,MB,1,2048,1,,none,普通图片最大MB。值来源、环境、生效和回滚必须遵守配置生命周期；禁止在业务代码中另设默认值。,该配置可能影响资金、安全、域名或生产流量；保存只生成草稿，审批和影响预览通过后方可激活。,当前环境和配置依赖满足；秘密字段仅显示“已配置/未配置”,具备编辑角色，当前无激活任务；涉及生产/资金/安全时会话已升级,,CFG-RULE-042;CFG-RULE-043;CFG-RULE-044;CFG-RULE-045,security_admin,对象存储领域；具体受影响页面、接口和任务由需求追踪矩阵反向查询,保存前显示旧值/新值、依赖校验、跨字段规则、受影响环境和业务快照差异,激活后保留不可变版本；通过审批回滚到最近已验证版本，不直接修改历史版本,config.storage.changed,33,1.2.2,FROZEN_OPERATIONAL_V1.2.2
storage.upload.chat_image.max_mb,storage,integer,10,False,False,"['platform_engineer', 'security_admin']",OWNER_REVIEW,False,False,聊天图片最大MB,,ACTIVATION_GATED_CONFIGURATION,ACTIVATION_GATED,ACTIVATE_VERSION,False,NOT_SECRET,type+provider_connection_test,storage_owner,HIGH,True,1,聊天图片最大MB,对象存储 / UPLOAD,NUMBER_INPUT,MB,1,2048,1,,none,聊天图片最大MB。值来源、环境、生效和回滚必须遵守配置生命周期；禁止在业务代码中另设默认值。,该配置可能影响资金、安全、域名或生产流量；保存只生成草稿，审批和影响预览通过后方可激活。,当前环境和配置依赖满足；秘密字段仅显示“已配置/未配置”,具备编辑角色，当前无激活任务；涉及生产/资金/安全时会话已升级,,CFG-RULE-042;CFG-RULE-043;CFG-RULE-044;CFG-RULE-045,security_admin,对象存储领域；具体受影响页面、接口和任务由需求追踪矩阵反向查询,保存前显示旧值/新值、依赖校验、跨字段规则、受影响环境和业务快照差异,激活后保留不可变版本；通过审批回滚到最近已验证版本，不直接修改历史版本,config.storage.changed,34,1.2.2,FROZEN_OPERATIONAL_V1.2.2
storage.upload.kyc_image.max_mb,storage,integer,10,False,False,"['platform_engineer', 'security_admin']",OWNER_REVIEW,False,False,实名图片最大MB,,ACTIVATION_GATED_CONFIGURATION,ACTIVATION_GATED,ACTIVATE_VERSION,False,NOT_SECRET,type+provider_connection_test,storage_owner,HIGH,True,1,实名图片最大MB,对象存储 / UPLOAD,NUMBER_INPUT,MB,1,2048,1,,none,实名图片最大MB。值来源、环境、生效和回滚必须遵守配置生命周期；禁止在业务代码中另设默认值。,该配置可能影响资金、安全、域名或生产流量；保存只生成草稿，审批和影响预览通过后方可激活。,当前环境和配置依赖满足；秘密字段仅显示“已配置/未配置”,具备编辑角色，当前无激活任务；涉及生产/资金/安全时会话已升级,,CFG-RULE-042;CFG-RULE-043;CFG-RULE-044;CFG-RULE-045,security_admin,对象存储领域；具体受影响页面、接口和任务由需求追踪矩阵反向查询,保存前显示旧值/新值、依赖校验、跨字段规则、受影响环境和业务快照差异,激活后保留不可变版本；通过审批回滚到最近已验证版本，不直接修改历史版本,config.storage.changed,35,1.2.2,FROZEN_OPERATIONAL_V1.2.2
storage.upload.apk.max_mb,storage,integer,300,False,False,"['platform_engineer', 'security_admin']",OWNER_REVIEW,False,False,平台APK最大MB,,ACTIVATION_GATED_CONFIGURATION,ACTIVATION_GATED,ACTIVATE_VERSION,False,NOT_SECRET,type+provider_connection_test,storage_owner,HIGH,True,1,平台APK最大MB,对象存储 / UPLOAD,NUMBER_INPUT,MB,1,2048,1,,none,平台APK最大MB。值来源、环境、生效和回滚必须遵守配置生命周期；禁止在业务代码中另设默认值。,该配置可能影响资金、安全、域名或生产流量；保存只生成草稿，审批和影响预览通过后方可激活。,当前环境和配置依赖满足；秘密字段仅显示“已配置/未配置”,具备编辑角色，当前无激活任务；涉及生产/资金/安全时会话已升级,,CFG-RULE-042;CFG-RULE-043;CFG-RULE-044;CFG-RULE-045,security_admin,对象存储领域；具体受影响页面、接口和任务由需求追踪矩阵反向查询,保存前显示旧值/新值、依赖校验、跨字段规则、受影响环境和业务快照差异,激活后保留不可变版本；通过审批回滚到最近已验证版本，不直接修改历史版本,config.storage.changed,36,1.2.2,FROZEN_OPERATIONAL_V1.2.2
storage.private_preview.ttl_seconds,storage,integer,120,False,False,"['platform_engineer', 'security_admin']",OWNER_REVIEW,False,False,私有预览URL有效期,,ACTIVATION_GATED_CONFIGURATION,ACTIVATION_GATED,ACTIVATE_VERSION,False,NOT_SECRET,type+provider_connection_test,storage_owner,HIGH,True,1,私有预览URL有效期,对象存储 / PRIVATE_PREVIEW,NUMBER_INPUT,秒,1,2592000,1,,none,私有预览URL有效期。值来源、环境、生效和回滚必须遵守配置生命周期；禁止在业务代码中另设默认值。,该配置可能影响资金、安全、域名或生产流量；保存只生成草稿，审批和影响预览通过后方可激活。,当前环境和配置依赖满足；秘密字段仅显示“已配置/未配置”,具备编辑角色，当前无激活任务；涉及生产/资金/安全时会话已升级,,CFG-RULE-042;CFG-RULE-043;CFG-RULE-044;CFG-RULE-045,security_admin,对象存储领域；具体受影响页面、接口和任务由需求追踪矩阵反向查询,保存前显示旧值/新值、依赖校验、跨字段规则、受影响环境和业务快照差异,激活后保留不可变版本；通过审批回滚到最近已验证版本，不直接修改历史版本,config.storage.changed,37,1.2.2,FROZEN_OPERATIONAL_V1.2.2
storage.delete.delay_hours,storage,integer,72,False,False,"['platform_engineer', 'security_admin']",OWNER_REVIEW,False,False,软删除到物理删除延迟,,ACTIVATION_GATED_CONFIGURATION,ACTIVATION_GATED,ACTIVATE_VERSION,False,NOT_SECRET,type+provider_connection_test,storage_owner,HIGH,True,1,软删除到物理删除延迟,对象存储 / DELETE,NUMBER_INPUT,小时,0,8760,1,,none,软删除到物理删除延迟。值来源、环境、生效和回滚必须遵守配置生命周期；禁止在业务代码中另设默认值。,该配置可能影响资金、安全、域名或生产流量；保存只生成草稿，审批和影响预览通过后方可激活。,当前环境和配置依赖满足；秘密字段仅显示“已配置/未配置”,具备编辑角色，当前无激活任务；涉及生产/资金/安全时会话已升级,,CFG-RULE-042;CFG-RULE-043;CFG-RULE-044;CFG-RULE-045,security_admin,对象存储领域；具体受影响页面、接口和任务由需求追踪矩阵反向查询,保存前显示旧值/新值、依赖校验、跨字段规则、受影响环境和业务快照差异,激活后保留不可变版本；通过审批回滚到最近已验证版本，不直接修改历史版本,config.storage.changed,38,1.2.2,FROZEN_OPERATIONAL_V1.2.2
storage.migration.batch_size,storage,integer,500,False,False,"['platform_engineer', 'security_admin']",OWNER_REVIEW,False,False,跨存储迁移批量,,ACTIVATION_GATED_CONFIGURATION,ACTIVATION_GATED,ACTIVATE_VERSION,False,NOT_SECRET,type+provider_connection_test,storage_owner,HIGH,True,1,跨存储迁移批量,对象存储 / MIGRATION,NUMBER_INPUT,,,,,,none,跨存储迁移批量。值来源、环境、生效和回滚必须遵守配置生命周期；禁止在业务代码中另设默认值。,该配置可能影响资金、安全、域名或生产流量；保存只生成草稿，审批和影响预览通过后方可激活。,当前环境和配置依赖满足；秘密字段仅显示“已配置/未配置”,具备编辑角色，当前无激活任务；涉及生产/资金/安全时会话已升级,,CFG-RULE-042;CFG-RULE-043;CFG-RULE-044;CFG-RULE-045,security_admin,对象存储领域；具体受影响页面、接口和任务由需求追踪矩阵反向查询,保存前显示旧值/新值、依赖校验、跨字段规则、受影响环境和业务快照差异,激活后保留不可变版本；通过审批回滚到最近已验证版本，不直接修改历史版本,config.storage.changed,39,1.2.2,FROZEN_OPERATIONAL_V1.2.2
identity.liveness.poll_interval_ms,identity,integer,1500,False,False,"['identity_reviewer', 'security_admin']",OWNER_REVIEW,False,False,活体结果轮询间隔,,ACTIVATION_GATED_CONFIGURATION,ACTIVATION_GATED,ACTIVATE_VERSION,False,NOT_SECRET,type+provider_connection_test,identity_owner,HIGH,True,1,活体结果轮询间隔,实名认证 / liveness,NUMBER_INPUT,毫秒,100,300000,100,,none,活体结果轮询间隔。值来源、环境、生效和回滚必须遵守配置生命周期；禁止在业务代码中另设默认值。,该配置可能影响资金、安全、域名或生产流量；保存只生成草稿，审批和影响预览通过后方可激活。,当前环境和配置依赖满足；秘密字段仅显示“已配置/未配置”,具备编辑角色，当前无激活任务；涉及生产/资金/安全时会话已升级,,CFG-RULE-011;CFG-RULE-012;CFG-RULE-013,identity_manager,实名认证领域；具体受影响页面、接口和任务由需求追踪矩阵反向查询,保存前显示旧值/新值、依赖校验、跨字段规则、受影响环境和业务快照差异,激活后保留不可变版本；通过审批回滚到最近已验证版本，不直接修改历史版本,config.identity.changed,8,1.2.2,FROZEN_OPERATIONAL_V1.2.2
identity.liveness.poll_timeout_seconds,identity,integer,120,False,False,"['identity_reviewer', 'security_admin']",OWNER_REVIEW,False,False,活体结果轮询超时,,ACTIVATION_GATED_CONFIGURATION,ACTIVATION_GATED,ACTIVATE_VERSION,False,NOT_SECRET,type+provider_connection_test,identity_owner,HIGH,True,1,活体结果轮询超时,实名认证 / liveness,NUMBER_INPUT,秒,1,2592000,1,,none,活体结果轮询超时。值来源、环境、生效和回滚必须遵守配置生命周期；禁止在业务代码中另设默认值。,该配置可能影响资金、安全、域名或生产流量；保存只生成草稿，审批和影响预览通过后方可激活。,当前环境和配置依赖满足；秘密字段仅显示“已配置/未配置”,具备编辑角色，当前无激活任务；涉及生产/资金/安全时会话已升级,,CFG-RULE-011;CFG-RULE-012;CFG-RULE-013,identity_manager,实名认证领域；具体受影响页面、接口和任务由需求追踪矩阵反向查询,保存前显示旧值/新值、依赖校验、跨字段规则、受影响环境和业务快照差异,激活后保留不可变版本；通过审批回滚到最近已验证版本，不直接修改历史版本,config.identity.changed,9,1.2.2,FROZEN_OPERATIONAL_V1.2.2
identity.liveness.return_url,identity,string,https://h5.orbexa.cc/identity/callback,False,False,"['identity_reviewer', 'security_admin']",OWNER_REVIEW,False,False,活体H5回跳,,ACTIVATION_GATED_CONFIGURATION,ACTIVATION_GATED,ACTIVATE_VERSION,False,NOT_SECRET,type+provider_connection_test,identity_owner,HIGH,True,1,活体H5回跳,实名认证 / liveness,URL_INPUT,,,,,^https://[^\s]+$,none,活体H5回跳。值来源、环境、生效和回滚必须遵守配置生命周期；禁止在业务代码中另设默认值。,该配置可能影响资金、安全、域名或生产流量；保存只生成草稿，审批和影响预览通过后方可激活。,当前环境和配置依赖满足；秘密字段仅显示“已配置/未配置”,具备编辑角色，当前无激活任务；涉及生产/资金/安全时会话已升级,,CFG-RULE-011;CFG-RULE-012;CFG-RULE-013,identity_manager,实名认证领域；具体受影响页面、接口和任务由需求追踪矩阵反向查询,保存前显示旧值/新值、依赖校验、跨字段规则、受影响环境和业务快照差异,激活后保留不可变版本；通过审批回滚到最近已验证版本，不直接修改历史版本,config.identity.changed,10,1.2.2,FROZEN_OPERATIONAL_V1.2.2
identity.face_compare.auto_pass_code,identity,integer,1001,False,False,"['identity_reviewer', 'security_admin']",OWNER_REVIEW,False,False,自动通过结果码,,ACTIVATION_GATED_CONFIGURATION,ACTIVATION_GATED,ACTIVATE_VERSION,False,NOT_SECRET,type+provider_connection_test,identity_owner,HIGH,True,1,自动通过结果码,实名认证 / face compare,NUMBER_INPUT,,,,,,none,自动通过结果码。值来源、环境、生效和回滚必须遵守配置生命周期；禁止在业务代码中另设默认值。,该配置可能影响资金、安全、域名或生产流量；保存只生成草稿，审批和影响预览通过后方可激活。,当前环境和配置依赖满足；秘密字段仅显示“已配置/未配置”,具备编辑角色，当前无激活任务；涉及生产/资金/安全时会话已升级,,CFG-RULE-011;CFG-RULE-012;CFG-RULE-013,identity_manager,实名认证领域；具体受影响页面、接口和任务由需求追踪矩阵反向查询,保存前显示旧值/新值、依赖校验、跨字段规则、受影响环境和业务快照差异,激活后保留不可变版本；通过审批回滚到最近已验证版本，不直接修改历史版本,config.identity.changed,11,1.2.2,FROZEN_OPERATIONAL_V1.2.2
identity.face_compare.manual_review_code,identity,integer,1002,False,False,"['identity_reviewer', 'security_admin']",OWNER_REVIEW,False,False,人工复核结果码,,ACTIVATION_GATED_CONFIGURATION,ACTIVATION_GATED,ACTIVATE_VERSION,False,NOT_SECRET,type+provider_connection_test,identity_owner,HIGH,True,1,人工复核结果码,实名认证 / face compare,NUMBER_INPUT,,,,,,none,人工复核结果码。值来源、环境、生效和回滚必须遵守配置生命周期；禁止在业务代码中另设默认值。,该配置可能影响资金、安全、域名或生产流量；保存只生成草稿，审批和影响预览通过后方可激活。,当前环境和配置依赖满足；秘密字段仅显示“已配置/未配置”,具备编辑角色，当前无激活任务；涉及生产/资金/安全时会话已升级,,CFG-RULE-011;CFG-RULE-012;CFG-RULE-013,identity_manager,实名认证领域；具体受影响页面、接口和任务由需求追踪矩阵反向查询,保存前显示旧值/新值、依赖校验、跨字段规则、受影响环境和业务快照差异,激活后保留不可变版本；通过审批回滚到最近已验证版本，不直接修改历史版本,config.identity.changed,12,1.2.2,FROZEN_OPERATIONAL_V1.2.2
identity.photo.preview_watermark,identity,boolean,True,False,False,"['identity_reviewer', 'security_admin']",OWNER_REVIEW,False,False,后台预览动态水印,,ACTIVATION_GATED_CONFIGURATION,ACTIVATION_GATED,ACTIVATE_VERSION,False,NOT_SECRET,type+provider_connection_test,identity_owner,HIGH,True,1,后台预览动态水印,实名认证 / photo,SWITCH,,,,,,none,后台预览动态水印。值来源、环境、生效和回滚必须遵守配置生命周期；禁止在业务代码中另设默认值。,该配置可能影响资金、安全、域名或生产流量；保存只生成草稿，审批和影响预览通过后方可激活。,当前环境和配置依赖满足；秘密字段仅显示“已配置/未配置”,具备编辑角色，当前无激活任务；涉及生产/资金/安全时会话已升级,,CFG-RULE-011;CFG-RULE-012;CFG-RULE-013,identity_manager,实名认证领域；具体受影响页面、接口和任务由需求追踪矩阵反向查询,保存前显示旧值/新值、依赖校验、跨字段规则、受影响环境和业务快照差异,激活后保留不可变版本；通过审批回滚到最近已验证版本，不直接修改历史版本,config.identity.changed,13,1.2.2,FROZEN_OPERATIONAL_V1.2.2
identity.photo.retention_days,identity,integer,3650,False,False,"['identity_reviewer', 'security_admin']",OWNER_REVIEW,False,False,活体照片保留天数，实际运营前复核,,ACTIVATION_GATED_CONFIGURATION,ACTIVATION_GATED,ACTIVATE_VERSION,False,NOT_SECRET,type+provider_connection_test,identity_owner,HIGH,True,1,活体照片保留天数，实际运营前复核,实名认证 / photo,NUMBER_INPUT,天,0,3650,1,,none,活体照片保留天数，实际运营前复核。值来源、环境、生效和回滚必须遵守配置生命周期；禁止在业务代码中另设默认值。,该配置可能影响资金、安全、域名或生产流量；保存只生成草稿，审批和影响预览通过后方可激活。,当前环境和配置依赖满足；秘密字段仅显示“已配置/未配置”,具备编辑角色，当前无激活任务；涉及生产/资金/安全时会话已升级,,CFG-RULE-011;CFG-RULE-012;CFG-RULE-013,identity_manager,实名认证领域；具体受影响页面、接口和任务由需求追踪矩阵反向查询,保存前显示旧值/新值、依赖校验、跨字段规则、受影响环境和业务快照差异,激活后保留不可变版本；通过审批回滚到最近已验证版本，不直接修改历史版本,config.identity.changed,14,1.2.2,FROZEN_OPERATIONAL_V1.2.2
identity.admin_preview_ttl_seconds,identity,integer,60,False,False,"['identity_reviewer', 'security_admin']",OWNER_REVIEW,False,False,后台实名照片临时预览有效期,,ACTIVATION_GATED_CONFIGURATION,ACTIVATION_GATED,ACTIVATE_VERSION,False,NOT_SECRET,type+provider_connection_test,identity_owner,HIGH,True,1,后台实名照片临时预览有效期,实名认证 / admin preview ttl seconds,NUMBER_INPUT,秒,1,2592000,1,,none,后台实名照片临时预览有效期。值来源、环境、生效和回滚必须遵守配置生命周期；禁止在业务代码中另设默认值。,该配置可能影响资金、安全、域名或生产流量；保存只生成草稿，审批和影响预览通过后方可激活。,当前环境和配置依赖满足；秘密字段仅显示“已配置/未配置”,具备编辑角色，当前无激活任务；涉及生产/资金/安全时会话已升级,,CFG-RULE-011;CFG-RULE-012;CFG-RULE-013,identity_manager,实名认证领域；具体受影响页面、接口和任务由需求追踪矩阵反向查询,保存前显示旧值/新值、依赖校验、跨字段规则、受影响环境和业务快照差异,激活后保留不可变版本；通过审批回滚到最近已验证版本，不直接修改历史版本,config.identity.changed,15,1.2.2,FROZEN_OPERATIONAL_V1.2.2
payment.query.max_attempts,payment,integer,10,False,False,"['finance_operator', 'platform_engineer']",TWO_PERSON,False,False,主动查单最大次数,,ACTIVATION_GATED_CONFIGURATION,ACTIVATION_GATED,ACTIVATE_VERSION,False,NOT_SECRET,type+provider_connection_test,payment_owner,HIGH,True,1,主动查单最大次数,支付 / query,NUMBER_INPUT,个/次,0,1000000,1,,none,主动查单最大次数。值来源、环境、生效和回滚必须遵守配置生命周期；禁止在业务代码中另设默认值。,该配置可能影响资金、安全、域名或生产流量；保存只生成草稿，审批和影响预览通过后方可激活。,当前环境和配置依赖满足；秘密字段仅显示“已配置/未配置”,具备编辑角色，当前无激活任务；涉及生产/资金/安全时会话已升级,,CFG-RULE-017;CFG-RULE-018;CFG-RULE-019,finance_reviewer,支付领域；具体受影响页面、接口和任务由需求追踪矩阵反向查询,保存前显示旧值/新值、依赖校验、跨字段规则、受影响环境和业务快照差异,激活后保留不可变版本；通过审批回滚到最近已验证版本，不直接修改历史版本,config.payment.changed,10,1.2.2,FROZEN_OPERATIONAL_V1.2.2
payment.query.interval_seconds,payment,integer,3,False,False,"['finance_operator', 'platform_engineer']",TWO_PERSON,False,False,主动查单间隔,,ACTIVATION_GATED_CONFIGURATION,ACTIVATION_GATED,ACTIVATE_VERSION,False,NOT_SECRET,type+provider_connection_test,payment_owner,HIGH,True,1,主动查单间隔,支付 / query,NUMBER_INPUT,秒,1,2592000,1,,none,主动查单间隔。值来源、环境、生效和回滚必须遵守配置生命周期；禁止在业务代码中另设默认值。,该配置可能影响资金、安全、域名或生产流量；保存只生成草稿，审批和影响预览通过后方可激活。,当前环境和配置依赖满足；秘密字段仅显示“已配置/未配置”,具备编辑角色，当前无激活任务；涉及生产/资金/安全时会话已升级,,CFG-RULE-017;CFG-RULE-018;CFG-RULE-019,finance_reviewer,支付领域；具体受影响页面、接口和任务由需求追踪矩阵反向查询,保存前显示旧值/新值、依赖校验、跨字段规则、受影响环境和业务快照差异,激活后保留不可变版本；通过审批回滚到最近已验证版本，不直接修改历史版本,config.payment.changed,11,1.2.2,FROZEN_OPERATIONAL_V1.2.2
payment.callback.ip_whitelist_enabled,payment,boolean,False,False,False,"['finance_operator', 'platform_engineer']",TWO_PERSON,False,False,回调IP白名单开关,,ACTIVATION_GATED_CONFIGURATION,ACTIVATION_GATED,ACTIVATE_VERSION,False,NOT_SECRET,type+provider_connection_test,payment_owner,HIGH,True,1,回调IP白名单开关,支付 / callback,SWITCH,,,,,^https://[^\s]+$,none,回调IP白名单开关。值来源、环境、生效和回滚必须遵守配置生命周期；禁止在业务代码中另设默认值。,该配置可能影响资金、安全、域名或生产流量；保存只生成草稿，审批和影响预览通过后方可激活。,当前环境和配置依赖满足；秘密字段仅显示“已配置/未配置”,具备编辑角色，当前无激活任务；涉及生产/资金/安全时会话已升级,,CFG-RULE-017;CFG-RULE-018;CFG-RULE-019,finance_reviewer,支付领域；具体受影响页面、接口和任务由需求追踪矩阵反向查询,保存前显示旧值/新值、依赖校验、跨字段规则、受影响环境和业务快照差异,激活后保留不可变版本；通过审批回滚到最近已验证版本，不直接修改历史版本,config.payment.changed,12,1.2.2,FROZEN_OPERATIONAL_V1.2.2
payment.webview.allowed_hosts,payment,string_list,[],False,False,"['finance_operator', 'platform_engineer']",TWO_PERSON,False,False,支付WebView允许域名,,ACTIVATION_GATED_CONFIGURATION,ACTIVATION_GATED,ACTIVATE_VERSION,False,NOT_SECRET,type+provider_connection_test,payment_owner,HIGH,True,1,支付WebView允许域名,支付 / webview,TAG_LIST_OR_STRUCTURED_EDITOR,,,,,,none,支付WebView允许域名。值来源、环境、生效和回滚必须遵守配置生命周期；禁止在业务代码中另设默认值。,该配置可能影响资金、安全、域名或生产流量；保存只生成草稿，审批和影响预览通过后方可激活。,当前环境和配置依赖满足；秘密字段仅显示“已配置/未配置”,具备编辑角色，当前无激活任务；涉及生产/资金/安全时会话已升级,,CFG-RULE-017;CFG-RULE-018;CFG-RULE-019,finance_reviewer,支付领域；具体受影响页面、接口和任务由需求追踪矩阵反向查询,保存前显示旧值/新值、依赖校验、跨字段规则、受影响环境和业务快照差异,激活后保留不可变版本；通过审批回滚到最近已验证版本，不直接修改历史版本,config.payment.changed,13,1.2.2,FROZEN_OPERATIONAL_V1.2.2
payment.webview.allowed_schemes,payment,string_list,"['alipays', 'weixin', 'intent']",False,False,"['finance_operator', 'platform_engineer']",TWO_PERSON,False,False,允许拉起支付App的Scheme,,ACTIVATION_GATED_CONFIGURATION,ACTIVATION_GATED,ACTIVATE_VERSION,False,NOT_SECRET,type+provider_connection_test,payment_owner,HIGH,True,1,允许拉起支付App的Scheme,支付 / webview,TAG_LIST_OR_STRUCTURED_EDITOR,,,,,,none,允许拉起支付App的Scheme。值来源、环境、生效和回滚必须遵守配置生命周期；禁止在业务代码中另设默认值。,该配置可能影响资金、安全、域名或生产流量；保存只生成草稿，审批和影响预览通过后方可激活。,当前环境和配置依赖满足；秘密字段仅显示“已配置/未配置”,具备编辑角色，当前无激活任务；涉及生产/资金/安全时会话已升级,,CFG-RULE-017;CFG-RULE-018;CFG-RULE-019,finance_reviewer,支付领域；具体受影响页面、接口和任务由需求追踪矩阵反向查询,保存前显示旧值/新值、依赖校验、跨字段规则、受影响环境和业务快照差异,激活后保留不可变版本；通过审批回滚到最近已验证版本，不直接修改历史版本,config.payment.changed,14,1.2.2,FROZEN_OPERATIONAL_V1.2.2
payment.channel.reversal_auto_freeze,payment,boolean,True,False,False,"['finance_operator', 'platform_engineer']",TWO_PERSON,False,False,通道冲正自动冻结关联收益,,ACTIVATION_GATED_CONFIGURATION,ACTIVATION_GATED,ACTIVATE_VERSION,False,NOT_SECRET,type+provider_connection_test,payment_owner,HIGH,True,1,通道冲正自动冻结关联收益,支付 / channel,SWITCH,,,,,,none,通道冲正自动冻结关联收益。值来源、环境、生效和回滚必须遵守配置生命周期；禁止在业务代码中另设默认值。,该配置可能影响资金、安全、域名或生产流量；保存只生成草稿，审批和影响预览通过后方可激活。,当前环境和配置依赖满足；秘密字段仅显示“已配置/未配置”,具备编辑角色，当前无激活任务；涉及生产/资金/安全时会话已升级,,CFG-RULE-017;CFG-RULE-018;CFG-RULE-019,finance_reviewer,支付领域；具体受影响页面、接口和任务由需求追踪矩阵反向查询,保存前显示旧值/新值、依赖校验、跨字段规则、受影响环境和业务快照差异,激活后保留不可变版本；通过审批回滚到最近已验证版本，不直接修改历史版本,config.payment.changed,15,1.2.2,FROZEN_OPERATIONAL_V1.2.2
payout.request.timeout_ms,payout,integer,10000,False,False,"['finance_operator', 'platform_engineer']",TWO_PERSON,False,False,出款请求超时,,ACTIVATION_GATED_CONFIGURATION,ACTIVATION_GATED,ACTIVATE_VERSION,False,NOT_SECRET,type+provider_connection_test,payout_owner,HIGH,True,1,出款请求超时,企业出款 / request,NUMBER_INPUT,毫秒,100,300000,100,,none,出款请求超时。值来源、环境、生效和回滚必须遵守配置生命周期；禁止在业务代码中另设默认值。,该配置可能影响资金、安全、域名或生产流量；保存只生成草稿，审批和影响预览通过后方可激活。,当前环境和配置依赖满足；秘密字段仅显示“已配置/未配置”,具备编辑角色，当前无激活任务；涉及生产/资金/安全时会话已升级,,CFG-RULE-020;CFG-RULE-021;CFG-RULE-022,finance_reviewer,企业出款领域；具体受影响页面、接口和任务由需求追踪矩阵反向查询,保存前显示旧值/新值、依赖校验、跨字段规则、受影响环境和业务快照差异,激活后保留不可变版本；通过审批回滚到最近已验证版本，不直接修改历史版本,config.payout.changed,10,1.2.2,FROZEN_OPERATIONAL_V1.2.2
payout.query.max_attempts,payout,integer,20,False,False,"['finance_operator', 'platform_engineer']",TWO_PERSON,False,False,出款查询次数,,ACTIVATION_GATED_CONFIGURATION,ACTIVATION_GATED,ACTIVATE_VERSION,False,NOT_SECRET,type+provider_connection_test,payout_owner,HIGH,True,1,出款查询次数,企业出款 / query,NUMBER_INPUT,个/次,0,1000000,1,,none,出款查询次数。值来源、环境、生效和回滚必须遵守配置生命周期；禁止在业务代码中另设默认值。,该配置可能影响资金、安全、域名或生产流量；保存只生成草稿，审批和影响预览通过后方可激活。,当前环境和配置依赖满足；秘密字段仅显示“已配置/未配置”,具备编辑角色，当前无激活任务；涉及生产/资金/安全时会话已升级,,CFG-RULE-020;CFG-RULE-021;CFG-RULE-022,finance_reviewer,企业出款领域；具体受影响页面、接口和任务由需求追踪矩阵反向查询,保存前显示旧值/新值、依赖校验、跨字段规则、受影响环境和业务快照差异,激活后保留不可变版本；通过审批回滚到最近已验证版本，不直接修改历史版本,config.payout.changed,11,1.2.2,FROZEN_OPERATIONAL_V1.2.2
payout.query.interval_seconds,payout,integer,10,False,False,"['finance_operator', 'platform_engineer']",TWO_PERSON,False,False,出款查询间隔,,ACTIVATION_GATED_CONFIGURATION,ACTIVATION_GATED,ACTIVATE_VERSION,False,NOT_SECRET,type+provider_connection_test,payout_owner,HIGH,True,1,出款查询间隔,企业出款 / query,NUMBER_INPUT,秒,1,2592000,1,,none,出款查询间隔。值来源、环境、生效和回滚必须遵守配置生命周期；禁止在业务代码中另设默认值。,该配置可能影响资金、安全、域名或生产流量；保存只生成草稿，审批和影响预览通过后方可激活。,当前环境和配置依赖满足；秘密字段仅显示“已配置/未配置”,具备编辑角色，当前无激活任务；涉及生产/资金/安全时会话已升级,,CFG-RULE-020;CFG-RULE-021;CFG-RULE-022,finance_reviewer,企业出款领域；具体受影响页面、接口和任务由需求追踪矩阵反向查询,保存前显示旧值/新值、依赖校验、跨字段规则、受影响环境和业务快照差异,激活后保留不可变版本；通过审批回滚到最近已验证版本，不直接修改历史版本,config.payout.changed,12,1.2.2,FROZEN_OPERATIONAL_V1.2.2
payout.account_name_must_match_identity,payout,boolean,True,False,False,"['finance_operator', 'platform_engineer']",TWO_PERSON,False,False,支付宝姓名必须与实名一致,,ACTIVATION_GATED_CONFIGURATION,ACTIVATION_GATED,ACTIVATE_VERSION,False,NOT_SECRET,type+provider_connection_test,payout_owner,HIGH,True,1,支付宝姓名必须与实名一致,企业出款 / account name must match identity,SWITCH,,,,,,none,支付宝姓名必须与实名一致。值来源、环境、生效和回滚必须遵守配置生命周期；禁止在业务代码中另设默认值。,该配置可能影响资金、安全、域名或生产流量；保存只生成草稿，审批和影响预览通过后方可激活。,当前环境和配置依赖满足；秘密字段仅显示“已配置/未配置”,具备编辑角色，当前无激活任务；涉及生产/资金/安全时会话已升级,,CFG-RULE-020;CFG-RULE-021;CFG-RULE-022,finance_reviewer,企业出款领域；具体受影响页面、接口和任务由需求追踪矩阵反向查询,保存前显示旧值/新值、依赖校验、跨字段规则、受影响环境和业务快照差异,激活后保留不可变版本；通过审批回滚到最近已验证版本，不直接修改历史版本,config.payout.changed,13,1.2.2,FROZEN_OPERATIONAL_V1.2.2
payout.auto_enabled,payout,boolean,False,False,False,"['finance_operator', 'platform_engineer']",TWO_PERSON,False,False,自动出款开关，生产默认关闭,,ACTIVATION_GATED_CONFIGURATION,ACTIVATION_GATED,ACTIVATE_VERSION,False,NOT_SECRET,type+provider_connection_test,payout_owner,HIGH,True,1,自动出款开关，生产默认关闭,企业出款 / auto enabled,SWITCH,,,,,,none,自动出款开关，生产默认关闭。值来源、环境、生效和回滚必须遵守配置生命周期；禁止在业务代码中另设默认值。,该配置可能影响资金、安全、域名或生产流量；保存只生成草稿，审批和影响预览通过后方可激活。,当前环境和配置依赖满足；秘密字段仅显示“已配置/未配置”,具备编辑角色，当前无激活任务；涉及生产/资金/安全时会话已升级,,CFG-RULE-020;CFG-RULE-021;CFG-RULE-022,finance_reviewer,企业出款领域；具体受影响页面、接口和任务由需求追踪矩阵反向查询,保存前显示旧值/新值、依赖校验、跨字段规则、受影响环境和业务快照差异,激活后保留不可变版本；通过审批回滚到最近已验证版本，不直接修改历史版本,config.payout.changed,14,1.2.2,FROZEN_OPERATIONAL_V1.2.2
content.limit.normal.pending,content,integer,3,False,False,"['content_ops', 'operations_admin']",NONE,False,True,normal待审核数量,,VERSIONED_BUSINESS_CONFIGURATION,DEFAULT_OR_ACTIVE_VERSION,ATOMIC_HOT_RELOAD,False,NOT_SECRET,type+range+cross_field+business_invariant,content_owner,MEDIUM,True,1,normal待审核数量,内容与发布,NUMBER_INPUT,个/次,0,1000000,1,,none,normal待审核数量。值来源、环境、生效和回滚必须遵守配置生命周期；禁止在业务代码中另设默认值。,修改后按生效策略刷新；页面展示影响范围和可回滚版本。,当前环境和配置依赖满足；秘密字段仅显示“已配置/未配置”,具备编辑角色，当前无激活任务；涉及生产/资金/安全时会话已升级,,CFG-RULE-006;CFG-RULE-007;CFG-RULE-008,content_ops_lead,内容与发布领域；具体受影响页面、接口和任务由需求追踪矩阵反向查询,保存前显示旧值/新值、依赖校验、跨字段规则、受影响环境和业务快照差异,激活后保留不可变版本；通过审批回滚到最近已验证版本，不直接修改历史版本,config.content.changed,6,1.2.2,FROZEN_OPERATIONAL_V1.2.2
content.limit.normal.drafts,content,integer,10,False,False,"['content_ops', 'operations_admin']",NONE,False,True,normal草稿数量,,VERSIONED_BUSINESS_CONFIGURATION,DEFAULT_OR_ACTIVE_VERSION,ATOMIC_HOT_RELOAD,False,NOT_SECRET,type+range+cross_field+business_invariant,content_owner,MEDIUM,True,1,normal草稿数量,内容与发布,NUMBER_INPUT,个/次,0,1000000,1,,none,normal草稿数量。值来源、环境、生效和回滚必须遵守配置生命周期；禁止在业务代码中另设默认值。,修改后按生效策略刷新；页面展示影响范围和可回滚版本。,当前环境和配置依赖满足；秘密字段仅显示“已配置/未配置”,具备编辑角色，当前无激活任务；涉及生产/资金/安全时会话已升级,,CFG-RULE-006;CFG-RULE-007;CFG-RULE-008,content_ops_lead,内容与发布领域；具体受影响页面、接口和任务由需求追踪矩阵反向查询,保存前显示旧值/新值、依赖校验、跨字段规则、受影响环境和业务快照差异,激活后保留不可变版本；通过审批回滚到最近已验证版本，不直接修改历史版本,config.content.changed,7,1.2.2,FROZEN_OPERATIONAL_V1.2.2
content.limit.normal.daily_submissions,content,integer,10,False,False,"['content_ops', 'operations_admin']",NONE,False,True,normal每日提交次数,,VERSIONED_BUSINESS_CONFIGURATION,DEFAULT_OR_ACTIVE_VERSION,ATOMIC_HOT_RELOAD,False,NOT_SECRET,type+range+cross_field+business_invariant,content_owner,MEDIUM,True,1,normal每日提交次数,内容与发布,NUMBER_INPUT,个/次,0,1000000,1,,none,normal每日提交次数。值来源、环境、生效和回滚必须遵守配置生命周期；禁止在业务代码中另设默认值。,修改后按生效策略刷新；页面展示影响范围和可回滚版本。,当前环境和配置依赖满足；秘密字段仅显示“已配置/未配置”,具备编辑角色，当前无激活任务；涉及生产/资金/安全时会话已升级,,CFG-RULE-006;CFG-RULE-007;CFG-RULE-008,content_ops_lead,内容与发布领域；具体受影响页面、接口和任务由需求追踪矩阵反向查询,保存前显示旧值/新值、依赖校验、跨字段规则、受影响环境和业务快照差异,激活后保留不可变版本；通过审批回滚到最近已验证版本，不直接修改历史版本,config.content.changed,8,1.2.2,FROZEN_OPERATIONAL_V1.2.2
content.limit.month.pending,content,integer,10,False,False,"['content_ops', 'operations_admin']",NONE,False,True,month待审核数量,,VERSIONED_BUSINESS_CONFIGURATION,DEFAULT_OR_ACTIVE_VERSION,ATOMIC_HOT_RELOAD,False,NOT_SECRET,type+range+cross_field+business_invariant,content_owner,MEDIUM,True,1,month待审核数量,内容与发布,NUMBER_INPUT,个/次,0,1000000,1,,none,month待审核数量。值来源、环境、生效和回滚必须遵守配置生命周期；禁止在业务代码中另设默认值。,修改后按生效策略刷新；页面展示影响范围和可回滚版本。,当前环境和配置依赖满足；秘密字段仅显示“已配置/未配置”,具备编辑角色，当前无激活任务；涉及生产/资金/安全时会话已升级,,CFG-RULE-006;CFG-RULE-007;CFG-RULE-008,content_ops_lead,内容与发布领域；具体受影响页面、接口和任务由需求追踪矩阵反向查询,保存前显示旧值/新值、依赖校验、跨字段规则、受影响环境和业务快照差异,激活后保留不可变版本；通过审批回滚到最近已验证版本，不直接修改历史版本,config.content.changed,9,1.2.2,FROZEN_OPERATIONAL_V1.2.2
content.limit.month.drafts,content,integer,30,False,False,"['content_ops', 'operations_admin']",NONE,False,True,month草稿数量,,VERSIONED_BUSINESS_CONFIGURATION,DEFAULT_OR_ACTIVE_VERSION,ATOMIC_HOT_RELOAD,False,NOT_SECRET,type+range+cross_field+business_invariant,content_owner,MEDIUM,True,1,month草稿数量,内容与发布,NUMBER_INPUT,个/次,0,1000000,1,,none,month草稿数量。值来源、环境、生效和回滚必须遵守配置生命周期；禁止在业务代码中另设默认值。,修改后按生效策略刷新；页面展示影响范围和可回滚版本。,当前环境和配置依赖满足；秘密字段仅显示“已配置/未配置”,具备编辑角色，当前无激活任务；涉及生产/资金/安全时会话已升级,,CFG-RULE-006;CFG-RULE-007;CFG-RULE-008,content_ops_lead,内容与发布领域；具体受影响页面、接口和任务由需求追踪矩阵反向查询,保存前显示旧值/新值、依赖校验、跨字段规则、受影响环境和业务快照差异,激活后保留不可变版本；通过审批回滚到最近已验证版本，不直接修改历史版本,config.content.changed,10,1.2.2,FROZEN_OPERATIONAL_V1.2.2
content.limit.month.daily_submissions,content,integer,30,False,False,"['content_ops', 'operations_admin']",NONE,False,True,month每日提交次数,,VERSIONED_BUSINESS_CONFIGURATION,DEFAULT_OR_ACTIVE_VERSION,ATOMIC_HOT_RELOAD,False,NOT_SECRET,type+range+cross_field+business_invariant,content_owner,MEDIUM,True,1,month每日提交次数,内容与发布,NUMBER_INPUT,个/次,0,1000000,1,,none,month每日提交次数。值来源、环境、生效和回滚必须遵守配置生命周期；禁止在业务代码中另设默认值。,修改后按生效策略刷新；页面展示影响范围和可回滚版本。,当前环境和配置依赖满足；秘密字段仅显示“已配置/未配置”,具备编辑角色，当前无激活任务；涉及生产/资金/安全时会话已升级,,CFG-RULE-006;CFG-RULE-007;CFG-RULE-008,content_ops_lead,内容与发布领域；具体受影响页面、接口和任务由需求追踪矩阵反向查询,保存前显示旧值/新值、依赖校验、跨字段规则、受影响环境和业务快照差异,激活后保留不可变版本；通过审批回滚到最近已验证版本，不直接修改历史版本,config.content.changed,11,1.2.2,FROZEN_OPERATIONAL_V1.2.2
content.limit.quarter.pending,content,integer,20,False,False,"['content_ops', 'operations_admin']",NONE,False,True,quarter待审核数量,,VERSIONED_BUSINESS_CONFIGURATION,DEFAULT_OR_ACTIVE_VERSION,ATOMIC_HOT_RELOAD,False,NOT_SECRET,type+range+cross_field+business_invariant,content_owner,MEDIUM,True,1,quarter待审核数量,内容与发布,NUMBER_INPUT,个/次,0,1000000,1,,none,quarter待审核数量。值来源、环境、生效和回滚必须遵守配置生命周期；禁止在业务代码中另设默认值。,修改后按生效策略刷新；页面展示影响范围和可回滚版本。,当前环境和配置依赖满足；秘密字段仅显示“已配置/未配置”,具备编辑角色，当前无激活任务；涉及生产/资金/安全时会话已升级,,CFG-RULE-006;CFG-RULE-007;CFG-RULE-008,content_ops_lead,内容与发布领域；具体受影响页面、接口和任务由需求追踪矩阵反向查询,保存前显示旧值/新值、依赖校验、跨字段规则、受影响环境和业务快照差异,激活后保留不可变版本；通过审批回滚到最近已验证版本，不直接修改历史版本,config.content.changed,12,1.2.2,FROZEN_OPERATIONAL_V1.2.2
content.limit.quarter.drafts,content,integer,60,False,False,"['content_ops', 'operations_admin']",NONE,False,True,quarter草稿数量,,VERSIONED_BUSINESS_CONFIGURATION,DEFAULT_OR_ACTIVE_VERSION,ATOMIC_HOT_RELOAD,False,NOT_SECRET,type+range+cross_field+business_invariant,content_owner,MEDIUM,True,1,quarter草稿数量,内容与发布,NUMBER_INPUT,个/次,0,1000000,1,,none,quarter草稿数量。值来源、环境、生效和回滚必须遵守配置生命周期；禁止在业务代码中另设默认值。,修改后按生效策略刷新；页面展示影响范围和可回滚版本。,当前环境和配置依赖满足；秘密字段仅显示“已配置/未配置”,具备编辑角色，当前无激活任务；涉及生产/资金/安全时会话已升级,,CFG-RULE-006;CFG-RULE-007;CFG-RULE-008,content_ops_lead,内容与发布领域；具体受影响页面、接口和任务由需求追踪矩阵反向查询,保存前显示旧值/新值、依赖校验、跨字段规则、受影响环境和业务快照差异,激活后保留不可变版本；通过审批回滚到最近已验证版本，不直接修改历史版本,config.content.changed,13,1.2.2,FROZEN_OPERATIONAL_V1.2.2
content.limit.quarter.daily_submissions,content,integer,60,False,False,"['content_ops', 'operations_admin']",NONE,False,True,quarter每日提交次数,,VERSIONED_BUSINESS_CONFIGURATION,DEFAULT_OR_ACTIVE_VERSION,ATOMIC_HOT_RELOAD,False,NOT_SECRET,type+range+cross_field+business_invariant,content_owner,MEDIUM,True,1,quarter每日提交次数,内容与发布,NUMBER_INPUT,个/次,0,1000000,1,,none,quarter每日提交次数。值来源、环境、生效和回滚必须遵守配置生命周期；禁止在业务代码中另设默认值。,修改后按生效策略刷新；页面展示影响范围和可回滚版本。,当前环境和配置依赖满足；秘密字段仅显示“已配置/未配置”,具备编辑角色，当前无激活任务；涉及生产/资金/安全时会话已升级,,CFG-RULE-006;CFG-RULE-007;CFG-RULE-008,content_ops_lead,内容与发布领域；具体受影响页面、接口和任务由需求追踪矩阵反向查询,保存前显示旧值/新值、依赖校验、跨字段规则、受影响环境和业务快照差异,激活后保留不可变版本；通过审批回滚到最近已验证版本，不直接修改历史版本,config.content.changed,14,1.2.2,FROZEN_OPERATIONAL_V1.2.2
content.limit.year.pending,content,integer,30,False,False,"['content_ops', 'operations_admin']",NONE,False,True,year待审核数量,,VERSIONED_BUSINESS_CONFIGURATION,DEFAULT_OR_ACTIVE_VERSION,ATOMIC_HOT_RELOAD,False,NOT_SECRET,type+range+cross_field+business_invariant,content_owner,MEDIUM,True,1,year待审核数量,内容与发布,NUMBER_INPUT,个/次,0,1000000,1,,none,year待审核数量。值来源、环境、生效和回滚必须遵守配置生命周期；禁止在业务代码中另设默认值。,修改后按生效策略刷新；页面展示影响范围和可回滚版本。,当前环境和配置依赖满足；秘密字段仅显示“已配置/未配置”,具备编辑角色，当前无激活任务；涉及生产/资金/安全时会话已升级,,CFG-RULE-006;CFG-RULE-007;CFG-RULE-008,content_ops_lead,内容与发布领域；具体受影响页面、接口和任务由需求追踪矩阵反向查询,保存前显示旧值/新值、依赖校验、跨字段规则、受影响环境和业务快照差异,激活后保留不可变版本；通过审批回滚到最近已验证版本，不直接修改历史版本,config.content.changed,15,1.2.2,FROZEN_OPERATIONAL_V1.2.2
content.limit.year.drafts,content,integer,120,False,False,"['content_ops', 'operations_admin']",NONE,False,True,year草稿数量,,VERSIONED_BUSINESS_CONFIGURATION,DEFAULT_OR_ACTIVE_VERSION,ATOMIC_HOT_RELOAD,False,NOT_SECRET,type+range+cross_field+business_invariant,content_owner,MEDIUM,True,1,year草稿数量,内容与发布,NUMBER_INPUT,个/次,0,1000000,1,,none,year草稿数量。值来源、环境、生效和回滚必须遵守配置生命周期；禁止在业务代码中另设默认值。,修改后按生效策略刷新；页面展示影响范围和可回滚版本。,当前环境和配置依赖满足；秘密字段仅显示“已配置/未配置”,具备编辑角色，当前无激活任务；涉及生产/资金/安全时会话已升级,,CFG-RULE-006;CFG-RULE-007;CFG-RULE-008,content_ops_lead,内容与发布领域；具体受影响页面、接口和任务由需求追踪矩阵反向查询,保存前显示旧值/新值、依赖校验、跨字段规则、受影响环境和业务快照差异,激活后保留不可变版本；通过审批回滚到最近已验证版本，不直接修改历史版本,config.content.changed,16,1.2.2,FROZEN_OPERATIONAL_V1.2.2
content.limit.year.daily_submissions,content,integer,100,False,False,"['content_ops', 'operations_admin']",NONE,False,True,year每日提交次数,,VERSIONED_BUSINESS_CONFIGURATION,DEFAULT_OR_ACTIVE_VERSION,ATOMIC_HOT_RELOAD,False,NOT_SECRET,type+range+cross_field+business_invariant,content_owner,MEDIUM,True,1,year每日提交次数,内容与发布,NUMBER_INPUT,个/次,0,1000000,1,,none,year每日提交次数。值来源、环境、生效和回滚必须遵守配置生命周期；禁止在业务代码中另设默认值。,修改后按生效策略刷新；页面展示影响范围和可回滚版本。,当前环境和配置依赖满足；秘密字段仅显示“已配置/未配置”,具备编辑角色，当前无激活任务；涉及生产/资金/安全时会话已升级,,CFG-RULE-006;CFG-RULE-007;CFG-RULE-008,content_ops_lead,内容与发布领域；具体受影响页面、接口和任务由需求追踪矩阵反向查询,保存前显示旧值/新值、依赖校验、跨字段规则、受影响环境和业务快照差异,激活后保留不可变版本；通过审批回滚到最近已验证版本，不直接修改历史版本,config.content.changed,17,1.2.2,FROZEN_OPERATIONAL_V1.2.2
content.title.max_chars,content,integer,30,False,False,"['content_ops', 'operations_admin']",NONE,False,True,内容标题最大字符,,VERSIONED_BUSINESS_CONFIGURATION,DEFAULT_OR_ACTIVE_VERSION,ATOMIC_HOT_RELOAD,False,NOT_SECRET,type+range+cross_field+business_invariant,content_owner,MEDIUM,True,1,内容标题最大字符,内容与发布,NUMBER_INPUT,,,,,,none,内容标题最大字符。值来源、环境、生效和回滚必须遵守配置生命周期；禁止在业务代码中另设默认值。,修改后按生效策略刷新；页面展示影响范围和可回滚版本。,当前环境和配置依赖满足；秘密字段仅显示“已配置/未配置”,具备编辑角色，当前无激活任务；涉及生产/资金/安全时会话已升级,,CFG-RULE-006;CFG-RULE-007;CFG-RULE-008,content_ops_lead,内容与发布领域；具体受影响页面、接口和任务由需求追踪矩阵反向查询,保存前显示旧值/新值、依赖校验、跨字段规则、受影响环境和业务快照差异,激活后保留不可变版本；通过审批回滚到最近已验证版本，不直接修改历史版本,config.content.changed,18,1.2.2,FROZEN_OPERATIONAL_V1.2.2
content.summary.max_chars,content,integer,200,False,False,"['content_ops', 'operations_admin']",NONE,False,True,内容摘要最大字符,,VERSIONED_BUSINESS_CONFIGURATION,DEFAULT_OR_ACTIVE_VERSION,ATOMIC_HOT_RELOAD,False,NOT_SECRET,type+range+cross_field+business_invariant,content_owner,MEDIUM,True,1,内容摘要最大字符,内容与发布,NUMBER_INPUT,,,,,,none,内容摘要最大字符。值来源、环境、生效和回滚必须遵守配置生命周期；禁止在业务代码中另设默认值。,修改后按生效策略刷新；页面展示影响范围和可回滚版本。,当前环境和配置依赖满足；秘密字段仅显示“已配置/未配置”,具备编辑角色，当前无激活任务；涉及生产/资金/安全时会话已升级,,CFG-RULE-006;CFG-RULE-007;CFG-RULE-008,content_ops_lead,内容与发布领域；具体受影响页面、接口和任务由需求追踪矩阵反向查询,保存前显示旧值/新值、依赖校验、跨字段规则、受影响环境和业务快照差异,激活后保留不可变版本；通过审批回滚到最近已验证版本，不直接修改历史版本,config.content.changed,19,1.2.2,FROZEN_OPERATIONAL_V1.2.2
content.body.max_chars,content,integer,20000,False,False,"['content_ops', 'operations_admin']",NONE,False,True,图文正文最大字符,,VERSIONED_BUSINESS_CONFIGURATION,DEFAULT_OR_ACTIVE_VERSION,ATOMIC_HOT_RELOAD,False,NOT_SECRET,type+range+cross_field+business_invariant,content_owner,MEDIUM,True,1,图文正文最大字符,内容与发布,NUMBER_INPUT,,,,,,none,图文正文最大字符。值来源、环境、生效和回滚必须遵守配置生命周期；禁止在业务代码中另设默认值。,修改后按生效策略刷新；页面展示影响范围和可回滚版本。,当前环境和配置依赖满足；秘密字段仅显示“已配置/未配置”,具备编辑角色，当前无激活任务；涉及生产/资金/安全时会话已升级,,CFG-RULE-006;CFG-RULE-007;CFG-RULE-008,content_ops_lead,内容与发布领域；具体受影响页面、接口和任务由需求追踪矩阵反向查询,保存前显示旧值/新值、依赖校验、跨字段规则、受影响环境和业务快照差异,激活后保留不可变版本；通过审批回滚到最近已验证版本，不直接修改历史版本,config.content.changed,20,1.2.2,FROZEN_OPERATIONAL_V1.2.2
content.media.max_images.project,content,integer,9,False,False,"['content_ops', 'operations_admin']",NONE,False,True,项目图片上限,,VERSIONED_BUSINESS_CONFIGURATION,DEFAULT_OR_ACTIVE_VERSION,ATOMIC_HOT_RELOAD,False,NOT_SECRET,type+range+cross_field+business_invariant,content_owner,MEDIUM,True,1,项目图片上限,内容与发布,NUMBER_INPUT,,,,,,none,项目图片上限。值来源、环境、生效和回滚必须遵守配置生命周期；禁止在业务代码中另设默认值。,修改后按生效策略刷新；页面展示影响范围和可回滚版本。,当前环境和配置依赖满足；秘密字段仅显示“已配置/未配置”,具备编辑角色，当前无激活任务；涉及生产/资金/安全时会话已升级,,CFG-RULE-006;CFG-RULE-007;CFG-RULE-008,content_ops_lead,内容与发布领域；具体受影响页面、接口和任务由需求追踪矩阵反向查询,保存前显示旧值/新值、依赖校验、跨字段规则、受影响环境和业务快照差异,激活后保留不可变版本；通过审批回滚到最近已验证版本，不直接修改历史版本,config.content.changed,21,1.2.2,FROZEN_OPERATIONAL_V1.2.2
content.media.max_images.app,content,integer,12,False,False,"['content_ops', 'operations_admin']",NONE,False,True,App截图上限,,VERSIONED_BUSINESS_CONFIGURATION,DEFAULT_OR_ACTIVE_VERSION,ATOMIC_HOT_RELOAD,False,NOT_SECRET,type+range+cross_field+business_invariant,content_owner,MEDIUM,True,1,App截图上限,内容与发布,NUMBER_INPUT,,,,,,none,App截图上限。值来源、环境、生效和回滚必须遵守配置生命周期；禁止在业务代码中另设默认值。,修改后按生效策略刷新；页面展示影响范围和可回滚版本。,当前环境和配置依赖满足；秘密字段仅显示“已配置/未配置”,具备编辑角色，当前无激活任务；涉及生产/资金/安全时会话已升级,,CFG-RULE-006;CFG-RULE-007;CFG-RULE-008,content_ops_lead,内容与发布领域；具体受影响页面、接口和任务由需求追踪矩阵反向查询,保存前显示旧值/新值、依赖校验、跨字段规则、受影响环境和业务快照差异,激活后保留不可变版本；通过审批回滚到最近已验证版本，不直接修改历史版本,config.content.changed,22,1.2.2,FROZEN_OPERATIONAL_V1.2.2
content.media.max_images.group,content,integer,6,False,False,"['content_ops', 'operations_admin']",NONE,False,True,群聊图片上限,,VERSIONED_BUSINESS_CONFIGURATION,DEFAULT_OR_ACTIVE_VERSION,ATOMIC_HOT_RELOAD,False,NOT_SECRET,type+range+cross_field+business_invariant,content_owner,MEDIUM,True,1,群聊图片上限,内容与发布,NUMBER_INPUT,,,,,,none,群聊图片上限。值来源、环境、生效和回滚必须遵守配置生命周期；禁止在业务代码中另设默认值。,修改后按生效策略刷新；页面展示影响范围和可回滚版本。,当前环境和配置依赖满足；秘密字段仅显示“已配置/未配置”,具备编辑角色，当前无激活任务；涉及生产/资金/安全时会话已升级,,CFG-RULE-006;CFG-RULE-007;CFG-RULE-008,content_ops_lead,内容与发布领域；具体受影响页面、接口和任务由需求追踪矩阵反向查询,保存前显示旧值/新值、依赖校验、跨字段规则、受影响环境和业务快照差异,激活后保留不可变版本；通过审批回滚到最近已验证版本，不直接修改历史版本,config.content.changed,23,1.2.2,FROZEN_OPERATIONAL_V1.2.2
content.media.max_images.team_leader,content,integer,9,False,False,"['content_ops', 'operations_admin']",NONE,False,True,团队长图片上限,,VERSIONED_BUSINESS_CONFIGURATION,DEFAULT_OR_ACTIVE_VERSION,ATOMIC_HOT_RELOAD,False,NOT_SECRET,type+range+cross_field+business_invariant,content_owner,MEDIUM,True,1,团队长图片上限,内容与发布,NUMBER_INPUT,,,,,,none,团队长图片上限。值来源、环境、生效和回滚必须遵守配置生命周期；禁止在业务代码中另设默认值。,修改后按生效策略刷新；页面展示影响范围和可回滚版本。,当前环境和配置依赖满足；秘密字段仅显示“已配置/未配置”,具备编辑角色，当前无激活任务；涉及生产/资金/安全时会话已升级,,CFG-RULE-006;CFG-RULE-007;CFG-RULE-008,content_ops_lead,内容与发布领域；具体受影响页面、接口和任务由需求追踪矩阵反向查询,保存前显示旧值/新值、依赖校验、跨字段规则、受影响环境和业务快照差异,激活后保留不可变版本；通过审批回滚到最近已验证版本，不直接修改历史版本,config.content.changed,24,1.2.2,FROZEN_OPERATIONAL_V1.2.2
content.online_edit.review_strategy,content,enum,KEEP_OLD_ONLINE,False,False,"['content_ops', 'operations_admin']",NONE,False,True,展示中内容编辑审核策略,"['KEEP_OLD_ONLINE', 'OFFLINE_DURING_REVIEW']",VERSIONED_BUSINESS_CONFIGURATION,DEFAULT_OR_ACTIVE_VERSION,ATOMIC_HOT_RELOAD,False,NOT_SECRET,type+range+cross_field+business_invariant,content_owner,MEDIUM,True,1,展示中内容编辑审核策略,内容与发布,SELECT,,,,,,"enum:['KEEP_OLD_ONLINE', 'OFFLINE_DURING_REVIEW']",展示中内容编辑审核策略。值来源、环境、生效和回滚必须遵守配置生命周期；禁止在业务代码中另设默认值。,修改后按生效策略刷新；页面展示影响范围和可回滚版本。,当前环境和配置依赖满足；秘密字段仅显示“已配置/未配置”,具备编辑角色，当前无激活任务；涉及生产/资金/安全时会话已升级,,CFG-RULE-006;CFG-RULE-007;CFG-RULE-008,content_ops_lead,内容与发布领域；具体受影响页面、接口和任务由需求追踪矩阵反向查询,保存前显示旧值/新值、依赖校验、跨字段规则、受影响环境和业务快照差异,激活后保留不可变版本；通过审批回滚到最近已验证版本，不直接修改历史版本,config.content.changed,25,1.2.2,FROZEN_OPERATIONAL_V1.2.2
content.contact.access_audit_enabled,content,boolean,True,False,False,"['content_ops', 'operations_admin']",NONE,False,True,联系方式访问审计,,VERSIONED_BUSINESS_CONFIGURATION,DEFAULT_OR_ACTIVE_VERSION,ATOMIC_HOT_RELOAD,False,NOT_SECRET,type+range+cross_field+business_invariant,content_owner,MEDIUM,True,1,联系方式访问审计,内容与发布,SWITCH,,,,,,none,联系方式访问审计。值来源、环境、生效和回滚必须遵守配置生命周期；禁止在业务代码中另设默认值。,修改后按生效策略刷新；页面展示影响范围和可回滚版本。,当前环境和配置依赖满足；秘密字段仅显示“已配置/未配置”,具备编辑角色，当前无激活任务；涉及生产/资金/安全时会话已升级,,CFG-RULE-006;CFG-RULE-007;CFG-RULE-008,content_ops_lead,内容与发布领域；具体受影响页面、接口和任务由需求追踪矩阵反向查询,保存前显示旧值/新值、依赖校验、跨字段规则、受影响环境和业务快照差异,激活后保留不可变版本；通过审批回滚到最近已验证版本，不直接修改历史版本,config.content.changed,26,1.2.2,FROZEN_OPERATIONAL_V1.2.2
search.default_page_size,search,integer,20,False,False,"['content_ops', 'operations_admin']",NONE,False,True,搜索默认分页,,VERSIONED_BUSINESS_CONFIGURATION,DEFAULT_OR_ACTIVE_VERSION,ATOMIC_HOT_RELOAD,False,NOT_SECRET,type+range+cross_field+business_invariant,search_owner,MEDIUM,True,1,搜索默认分页,搜索,NUMBER_INPUT,,,,,,none,搜索默认分页。值来源、环境、生效和回滚必须遵守配置生命周期；禁止在业务代码中另设默认值。,修改后按生效策略刷新；页面展示影响范围和可回滚版本。,当前环境和配置依赖满足；秘密字段仅显示“已配置/未配置”,具备编辑角色，当前无激活任务；涉及生产/资金/安全时会话已升级,,CFG-RULE-037,content_ops_lead,搜索领域；具体受影响页面、接口和任务由需求追踪矩阵反向查询,保存前显示旧值/新值、依赖校验、跨字段规则、受影响环境和业务快照差异,激活后保留不可变版本；通过审批回滚到最近已验证版本，不直接修改历史版本,config.search.changed,1,1.2.2,FROZEN_OPERATIONAL_V1.2.2
search.hot_keywords.max_count,search,integer,20,False,False,"['content_ops', 'operations_admin']",NONE,False,True,热搜最大数量,,VERSIONED_BUSINESS_CONFIGURATION,DEFAULT_OR_ACTIVE_VERSION,ATOMIC_HOT_RELOAD,False,NOT_SECRET,type+range+cross_field+business_invariant,search_owner,MEDIUM,True,1,热搜最大数量,搜索,NUMBER_INPUT,个/次,0,1000000,1,,none,热搜最大数量。值来源、环境、生效和回滚必须遵守配置生命周期；禁止在业务代码中另设默认值。,修改后按生效策略刷新；页面展示影响范围和可回滚版本。,当前环境和配置依赖满足；秘密字段仅显示“已配置/未配置”,具备编辑角色，当前无激活任务；涉及生产/资金/安全时会话已升级,,CFG-RULE-037,content_ops_lead,搜索领域；具体受影响页面、接口和任务由需求追踪矩阵反向查询,保存前显示旧值/新值、依赖校验、跨字段规则、受影响环境和业务快照差异,激活后保留不可变版本；通过审批回滚到最近已验证版本，不直接修改历史版本,config.search.changed,2,1.2.2,FROZEN_OPERATIONAL_V1.2.2
chat.stranger.daily_conversation_limit,chat,integer,30,False,False,"['customer_service_manager', 'security_admin']",NONE,False,True,每日陌生会话上限,,VERSIONED_BUSINESS_CONFIGURATION,DEFAULT_OR_ACTIVE_VERSION,ATOMIC_HOT_RELOAD,False,NOT_SECRET,type+range+cross_field+business_invariant,chat_owner,MEDIUM,True,1,每日陌生会话上限,聊天,NUMBER_INPUT,,,,,,none,每日陌生会话上限。值来源、环境、生效和回滚必须遵守配置生命周期；禁止在业务代码中另设默认值。,修改后按生效策略刷新；页面展示影响范围和可回滚版本。,当前环境和配置依赖满足；秘密字段仅显示“已配置/未配置”,具备编辑角色，当前无激活任务；涉及生产/资金/安全时会话已升级,,,security_admin,聊天领域；具体受影响页面、接口和任务由需求追踪矩阵反向查询,保存前显示旧值/新值、依赖校验、跨字段规则、受影响环境和业务快照差异,激活后保留不可变版本；通过审批回滚到最近已验证版本，不直接修改历史版本,config.chat.changed,1,1.2.2,FROZEN_OPERATIONAL_V1.2.2
chat.message.per_minute_limit,chat,integer,60,False,False,"['customer_service_manager', 'security_admin']",NONE,False,True,每分钟消息上限,,VERSIONED_BUSINESS_CONFIGURATION,DEFAULT_OR_ACTIVE_VERSION,ATOMIC_HOT_RELOAD,False,NOT_SECRET,type+range+cross_field+business_invariant,chat_owner,MEDIUM,True,1,每分钟消息上限,聊天,NUMBER_INPUT,,,,,,none,每分钟消息上限。值来源、环境、生效和回滚必须遵守配置生命周期；禁止在业务代码中另设默认值。,修改后按生效策略刷新；页面展示影响范围和可回滚版本。,当前环境和配置依赖满足；秘密字段仅显示“已配置/未配置”,具备编辑角色，当前无激活任务；涉及生产/资金/安全时会话已升级,,,security_admin,聊天领域；具体受影响页面、接口和任务由需求追踪矩阵反向查询,保存前显示旧值/新值、依赖校验、跨字段规则、受影响环境和业务快照差异,激活后保留不可变版本；通过审批回滚到最近已验证版本，不直接修改历史版本,config.chat.changed,2,1.2.2,FROZEN_OPERATIONAL_V1.2.2
chat.image.max_mb,chat,integer,10,False,False,"['customer_service_manager', 'security_admin']",NONE,False,True,聊天图片上限,,VERSIONED_BUSINESS_CONFIGURATION,DEFAULT_OR_ACTIVE_VERSION,ATOMIC_HOT_RELOAD,False,NOT_SECRET,type+range+cross_field+business_invariant,chat_owner,MEDIUM,True,1,聊天图片上限,聊天,NUMBER_INPUT,MB,1,2048,1,,none,聊天图片上限。值来源、环境、生效和回滚必须遵守配置生命周期；禁止在业务代码中另设默认值。,修改后按生效策略刷新；页面展示影响范围和可回滚版本。,当前环境和配置依赖满足；秘密字段仅显示“已配置/未配置”,具备编辑角色，当前无激活任务；涉及生产/资金/安全时会话已升级,,,security_admin,聊天领域；具体受影响页面、接口和任务由需求追踪矩阵反向查询,保存前显示旧值/新值、依赖校验、跨字段规则、受影响环境和业务快照差异,激活后保留不可变版本；通过审批回滚到最近已验证版本，不直接修改历史版本,config.chat.changed,3,1.2.2,FROZEN_OPERATIONAL_V1.2.2
chat.history.retention_days,chat,integer,1095,False,False,"['customer_service_manager', 'security_admin']",NONE,False,True,聊天记录保留天数,,VERSIONED_BUSINESS_CONFIGURATION,DEFAULT_OR_ACTIVE_VERSION,ATOMIC_HOT_RELOAD,False,NOT_SECRET,type+range+cross_field+business_invariant,chat_owner,MEDIUM,True,1,聊天记录保留天数,聊天,NUMBER_INPUT,天,0,3650,1,,none,聊天记录保留天数。值来源、环境、生效和回滚必须遵守配置生命周期；禁止在业务代码中另设默认值。,修改后按生效策略刷新；页面展示影响范围和可回滚版本。,当前环境和配置依赖满足；秘密字段仅显示“已配置/未配置”,具备编辑角色，当前无激活任务；涉及生产/资金/安全时会话已升级,,,security_admin,聊天领域；具体受影响页面、接口和任务由需求追踪矩阵反向查询,保存前显示旧值/新值、依赖校验、跨字段规则、受影响环境和业务快照差异,激活后保留不可变版本；通过审批回滚到最近已验证版本，不直接修改历史版本,config.chat.changed,4,1.2.2,FROZEN_OPERATIONAL_V1.2.2
notification.marketing.default_enabled,notification,boolean,False,False,False,"['operations_admin', 'customer_service_manager']",NONE,False,True,营销通知默认开关,,VERSIONED_BUSINESS_CONFIGURATION,DEFAULT_OR_ACTIVE_VERSION,ATOMIC_HOT_RELOAD,False,NOT_SECRET,type+range+cross_field+business_invariant,notification_owner,MEDIUM,True,1,营销通知默认开关,通知,SWITCH,,,,,,none,营销通知默认开关。值来源、环境、生效和回滚必须遵守配置生命周期；禁止在业务代码中另设默认值。,修改后按生效策略刷新；页面展示影响范围和可回滚版本。,当前环境和配置依赖满足；秘密字段仅显示“已配置/未配置”,具备编辑角色，当前无激活任务；涉及生产/资金/安全时会话已升级,,CFG-RULE-014,operations_manager,通知领域；具体受影响页面、接口和任务由需求追踪矩阵反向查询,保存前显示旧值/新值、依赖校验、跨字段规则、受影响环境和业务快照差异,激活后保留不可变版本；通过审批回滚到最近已验证版本，不直接修改历史版本,config.notification.changed,1,1.2.2,FROZEN_OPERATIONAL_V1.2.2
notification.quiet_hours.start,notification,string,22:00,False,False,"['operations_admin', 'customer_service_manager']",NONE,False,True,免打扰开始,,VERSIONED_BUSINESS_CONFIGURATION,DEFAULT_OR_ACTIVE_VERSION,ATOMIC_HOT_RELOAD,False,NOT_SECRET,type+range+cross_field+business_invariant,notification_owner,MEDIUM,True,1,免打扰开始,通知,NUMBER_INPUT,小时,0,8760,1,,none,免打扰开始。值来源、环境、生效和回滚必须遵守配置生命周期；禁止在业务代码中另设默认值。,修改后按生效策略刷新；页面展示影响范围和可回滚版本。,当前环境和配置依赖满足；秘密字段仅显示“已配置/未配置”,具备编辑角色，当前无激活任务；涉及生产/资金/安全时会话已升级,,CFG-RULE-014,operations_manager,通知领域；具体受影响页面、接口和任务由需求追踪矩阵反向查询,保存前显示旧值/新值、依赖校验、跨字段规则、受影响环境和业务快照差异,激活后保留不可变版本；通过审批回滚到最近已验证版本，不直接修改历史版本,config.notification.changed,2,1.2.2,FROZEN_OPERATIONAL_V1.2.2
notification.quiet_hours.end,notification,string,08:00,False,False,"['operations_admin', 'customer_service_manager']",NONE,False,True,免打扰结束,,VERSIONED_BUSINESS_CONFIGURATION,DEFAULT_OR_ACTIVE_VERSION,ATOMIC_HOT_RELOAD,False,NOT_SECRET,type+range+cross_field+business_invariant,notification_owner,MEDIUM,True,1,免打扰结束,通知,NUMBER_INPUT,小时,0,8760,1,,none,免打扰结束。值来源、环境、生效和回滚必须遵守配置生命周期；禁止在业务代码中另设默认值。,修改后按生效策略刷新；页面展示影响范围和可回滚版本。,当前环境和配置依赖满足；秘密字段仅显示“已配置/未配置”,具备编辑角色，当前无激活任务；涉及生产/资金/安全时会话已升级,,CFG-RULE-014,operations_manager,通知领域；具体受影响页面、接口和任务由需求追踪矩阵反向查询,保存前显示旧值/新值、依赖校验、跨字段规则、受影响环境和业务快照差异,激活后保留不可变版本；通过审批回滚到最近已验证版本，不直接修改历史版本,config.notification.changed,3,1.2.2,FROZEN_OPERATIONAL_V1.2.2
red_packet.view_seconds.min,red_packet,integer,10,False,False,"['red_packet_ops', 'risk_manager', 'finance_operator']",NONE,False,True,浏览时长最小秒,,VERSIONED_BUSINESS_CONFIGURATION,DEFAULT_OR_ACTIVE_VERSION,ATOMIC_HOT_RELOAD,False,NOT_SECRET,type+range+cross_field+business_invariant,red_packet_owner,MEDIUM,True,1,浏览时长最小秒,红包广告 / view seconds,NUMBER_INPUT,,,,,,none,浏览时长最小秒。值来源、环境、生效和回滚必须遵守配置生命周期；禁止在业务代码中另设默认值。,修改后按生效策略刷新；页面展示影响范围和可回滚版本。,当前环境和配置依赖满足；秘密字段仅显示“已配置/未配置”,具备编辑角色，当前无激活任务；涉及生产/资金/安全时会话已升级,,CFG-RULE-025;CFG-RULE-026;CFG-RULE-027;CFG-RULE-028;CFG-RULE-029;CFG-RULE-030;CFG-RULE-031,risk_manager,红包广告领域；具体受影响页面、接口和任务由需求追踪矩阵反向查询,保存前显示旧值/新值、依赖校验、跨字段规则、受影响环境和业务快照差异,激活后保留不可变版本；通过审批回滚到最近已验证版本，不直接修改历史版本,config.red_packet.changed,10,1.2.2,FROZEN_OPERATIONAL_V1.2.2
red_packet.view_seconds.max,red_packet,integer,120,False,False,"['red_packet_ops', 'risk_manager', 'finance_operator']",NONE,False,True,浏览时长最大秒,,VERSIONED_BUSINESS_CONFIGURATION,DEFAULT_OR_ACTIVE_VERSION,ATOMIC_HOT_RELOAD,False,NOT_SECRET,type+range+cross_field+business_invariant,red_packet_owner,MEDIUM,True,1,浏览时长最大秒,红包广告 / view seconds,NUMBER_INPUT,,,,,,none,浏览时长最大秒。值来源、环境、生效和回滚必须遵守配置生命周期；禁止在业务代码中另设默认值。,修改后按生效策略刷新；页面展示影响范围和可回滚版本。,当前环境和配置依赖满足；秘密字段仅显示“已配置/未配置”,具备编辑角色，当前无激活任务；涉及生产/资金/安全时会话已升级,,CFG-RULE-025;CFG-RULE-026;CFG-RULE-027;CFG-RULE-028;CFG-RULE-029;CFG-RULE-030;CFG-RULE-031,risk_manager,红包广告领域；具体受影响页面、接口和任务由需求追踪矩阵反向查询,保存前显示旧值/新值、依赖校验、跨字段规则、受影响环境和业务快照差异,激活后保留不可变版本；通过审批回滚到最近已验证版本，不直接修改历史版本,config.red_packet.changed,11,1.2.2,FROZEN_OPERATIONAL_V1.2.2
red_packet.reservation_extra_seconds,red_packet,integer,60,False,False,"['red_packet_ops', 'risk_manager', 'finance_operator']",NONE,False,True,浏览要求外额外锁定秒,,VERSIONED_BUSINESS_CONFIGURATION,DEFAULT_OR_ACTIVE_VERSION,ATOMIC_HOT_RELOAD,False,NOT_SECRET,type+range+cross_field+business_invariant,red_packet_owner,MEDIUM,True,1,浏览要求外额外锁定秒,红包广告 / reservation extra seconds,NUMBER_INPUT,秒,1,2592000,1,,none,浏览要求外额外锁定秒。值来源、环境、生效和回滚必须遵守配置生命周期；禁止在业务代码中另设默认值。,修改后按生效策略刷新；页面展示影响范围和可回滚版本。,当前环境和配置依赖满足；秘密字段仅显示“已配置/未配置”,具备编辑角色，当前无激活任务；涉及生产/资金/安全时会话已升级,,CFG-RULE-025;CFG-RULE-026;CFG-RULE-027;CFG-RULE-028;CFG-RULE-029;CFG-RULE-030;CFG-RULE-031,risk_manager,红包广告领域；具体受影响页面、接口和任务由需求追踪矩阵反向查询,保存前显示旧值/新值、依赖校验、跨字段规则、受影响环境和业务快照差异,激活后保留不可变版本；通过审批回滚到最近已验证版本，不直接修改历史版本,config.red_packet.changed,12,1.2.2,FROZEN_OPERATIONAL_V1.2.2
red_packet.reservation_max_seconds,red_packet,integer,300,False,False,"['red_packet_ops', 'risk_manager', 'finance_operator']",NONE,False,True,锁定上限,,VERSIONED_BUSINESS_CONFIGURATION,DEFAULT_OR_ACTIVE_VERSION,ATOMIC_HOT_RELOAD,False,NOT_SECRET,type+range+cross_field+business_invariant,red_packet_owner,MEDIUM,True,1,锁定上限,红包广告 / reservation max seconds,NUMBER_INPUT,秒,1,2592000,1,,none,锁定上限。值来源、环境、生效和回滚必须遵守配置生命周期；禁止在业务代码中另设默认值。,修改后按生效策略刷新；页面展示影响范围和可回滚版本。,当前环境和配置依赖满足；秘密字段仅显示“已配置/未配置”,具备编辑角色，当前无激活任务；涉及生产/资金/安全时会话已升级,,CFG-RULE-025;CFG-RULE-026;CFG-RULE-027;CFG-RULE-028;CFG-RULE-029;CFG-RULE-030;CFG-RULE-031,risk_manager,红包广告领域；具体受影响页面、接口和任务由需求追踪矩阵反向查询,保存前显示旧值/新值、依赖校验、跨字段规则、受影响环境和业务快照差异,激活后保留不可变版本；通过审批回滚到最近已验证版本，不直接修改历史版本,config.red_packet.changed,13,1.2.2,FROZEN_OPERATIONAL_V1.2.2
red_packet.max_count,red_packet,integer,100000,False,False,"['red_packet_ops', 'risk_manager', 'finance_operator']",NONE,False,True,单活动最大红包数,,VERSIONED_BUSINESS_CONFIGURATION,DEFAULT_OR_ACTIVE_VERSION,ATOMIC_HOT_RELOAD,False,NOT_SECRET,type+range+cross_field+business_invariant,red_packet_owner,MEDIUM,True,1,单活动最大红包数,红包广告 / max count,NUMBER_INPUT,个/次,0,1000000,1,,none,单活动最大红包数。值来源、环境、生效和回滚必须遵守配置生命周期；禁止在业务代码中另设默认值。,修改后按生效策略刷新；页面展示影响范围和可回滚版本。,当前环境和配置依赖满足；秘密字段仅显示“已配置/未配置”,具备编辑角色，当前无激活任务；涉及生产/资金/安全时会话已升级,,CFG-RULE-025;CFG-RULE-026;CFG-RULE-027;CFG-RULE-028;CFG-RULE-029;CFG-RULE-030;CFG-RULE-031,risk_manager,红包广告领域；具体受影响页面、接口和任务由需求追踪矩阵反向查询,保存前显示旧值/新值、依赖校验、跨字段规则、受影响环境和业务快照差异,激活后保留不可变版本；通过审批回滚到最近已验证版本，不直接修改历史版本,config.red_packet.changed,14,1.2.2,FROZEN_OPERATIONAL_V1.2.2
red_packet.claim_per_user,red_packet,integer,1,False,False,"['red_packet_ops', 'risk_manager', 'finance_operator']",NONE,False,True,单用户领取次数,,VERSIONED_BUSINESS_CONFIGURATION,DEFAULT_OR_ACTIVE_VERSION,ATOMIC_HOT_RELOAD,False,NOT_SECRET,type+range+cross_field+business_invariant,red_packet_owner,MEDIUM,True,1,单用户领取次数,红包广告 / claim per user,NUMBER_INPUT,,,,,,none,单用户领取次数。值来源、环境、生效和回滚必须遵守配置生命周期；禁止在业务代码中另设默认值。,修改后按生效策略刷新；页面展示影响范围和可回滚版本。,当前环境和配置依赖满足；秘密字段仅显示“已配置/未配置”,具备编辑角色，当前无激活任务；涉及生产/资金/安全时会话已升级,,CFG-RULE-025;CFG-RULE-026;CFG-RULE-027;CFG-RULE-028;CFG-RULE-029;CFG-RULE-030;CFG-RULE-031,risk_manager,红包广告领域；具体受影响页面、接口和任务由需求追踪矩阵反向查询,保存前显示旧值/新值、依赖校验、跨字段规则、受影响环境和业务快照差异,激活后保留不可变版本；通过审批回滚到最近已验证版本，不直接修改历史版本,config.red_packet.changed,15,1.2.2,FROZEN_OPERATIONAL_V1.2.2
red_packet.heartbeat_interval_seconds,red_packet,integer,3,False,False,"['red_packet_ops', 'risk_manager', 'finance_operator']",NONE,False,True,浏览任务心跳间隔,,VERSIONED_BUSINESS_CONFIGURATION,DEFAULT_OR_ACTIVE_VERSION,ATOMIC_HOT_RELOAD,False,NOT_SECRET,type+range+cross_field+business_invariant,red_packet_owner,MEDIUM,True,1,浏览任务心跳间隔,红包广告 / heartbeat interval seconds,NUMBER_INPUT,秒,1,2592000,1,,none,浏览任务心跳间隔。值来源、环境、生效和回滚必须遵守配置生命周期；禁止在业务代码中另设默认值。,修改后按生效策略刷新；页面展示影响范围和可回滚版本。,当前环境和配置依赖满足；秘密字段仅显示“已配置/未配置”,具备编辑角色，当前无激活任务；涉及生产/资金/安全时会话已升级,,CFG-RULE-025;CFG-RULE-026;CFG-RULE-027;CFG-RULE-028;CFG-RULE-029;CFG-RULE-030;CFG-RULE-031,risk_manager,红包广告领域；具体受影响页面、接口和任务由需求追踪矩阵反向查询,保存前显示旧值/新值、依赖校验、跨字段规则、受影响环境和业务快照差异,激活后保留不可变版本；通过审批回滚到最近已验证版本，不直接修改历史版本,config.red_packet.changed,16,1.2.2,FROZEN_OPERATIONAL_V1.2.2
red_packet.session_timeout_seconds,red_packet,integer,30,False,False,"['red_packet_ops', 'risk_manager', 'finance_operator']",NONE,False,True,心跳断开超时,,VERSIONED_BUSINESS_CONFIGURATION,DEFAULT_OR_ACTIVE_VERSION,ATOMIC_HOT_RELOAD,False,NOT_SECRET,type+range+cross_field+business_invariant,red_packet_owner,MEDIUM,True,1,心跳断开超时,红包广告 / session timeout seconds,NUMBER_INPUT,秒,1,2592000,1,,none,心跳断开超时。值来源、环境、生效和回滚必须遵守配置生命周期；禁止在业务代码中另设默认值。,修改后按生效策略刷新；页面展示影响范围和可回滚版本。,当前环境和配置依赖满足；秘密字段仅显示“已配置/未配置”,具备编辑角色，当前无激活任务；涉及生产/资金/安全时会话已升级,,CFG-RULE-025;CFG-RULE-026;CFG-RULE-027;CFG-RULE-028;CFG-RULE-029;CFG-RULE-030;CFG-RULE-031,risk_manager,红包广告领域；具体受影响页面、接口和任务由需求追踪矩阵反向查询,保存前显示旧值/新值、依赖校验、跨字段规则、受影响环境和业务快照差异,激活后保留不可变版本；通过审批回滚到最近已验证版本，不直接修改历史版本,config.red_packet.changed,17,1.2.2,FROZEN_OPERATIONAL_V1.2.2
red_packet.settlement_delay_hours,red_packet,integer,24,False,False,"['red_packet_ops', 'risk_manager', 'finance_operator']",NONE,False,True,红包奖励待结算小时,,VERSIONED_BUSINESS_CONFIGURATION,DEFAULT_OR_ACTIVE_VERSION,ATOMIC_HOT_RELOAD,False,NOT_SECRET,type+range+cross_field+business_invariant,red_packet_owner,MEDIUM,True,1,红包奖励待结算小时,红包广告 / settlement delay hours,NUMBER_INPUT,小时,0,8760,1,,none,红包奖励待结算小时。值来源、环境、生效和回滚必须遵守配置生命周期；禁止在业务代码中另设默认值。,修改后按生效策略刷新；页面展示影响范围和可回滚版本。,当前环境和配置依赖满足；秘密字段仅显示“已配置/未配置”,具备编辑角色，当前无激活任务；涉及生产/资金/安全时会话已升级,,CFG-RULE-025;CFG-RULE-026;CFG-RULE-027;CFG-RULE-028;CFG-RULE-029;CFG-RULE-030;CFG-RULE-031,risk_manager,红包广告领域；具体受影响页面、接口和任务由需求追踪矩阵反向查询,保存前显示旧值/新值、依赖校验、跨字段规则、受影响环境和业务快照差异,激活后保留不可变版本；通过审批回滚到最近已验证版本，不直接修改历史版本,config.red_packet.changed,18,1.2.2,FROZEN_OPERATIONAL_V1.2.2
red_packet.pause_max_days,red_packet,integer,0,False,False,"['red_packet_ops', 'risk_manager', 'finance_operator']",NONE,False,True,广告主暂停上限，0表示无限,,VERSIONED_BUSINESS_CONFIGURATION,DEFAULT_OR_ACTIVE_VERSION,ATOMIC_HOT_RELOAD,False,NOT_SECRET,type+range+cross_field+business_invariant,red_packet_owner,MEDIUM,True,1,广告主暂停上限，0表示无限,红包广告 / pause max days,NUMBER_INPUT,天,0,3650,1,,none,广告主暂停上限，0表示无限。值来源、环境、生效和回滚必须遵守配置生命周期；禁止在业务代码中另设默认值。,修改后按生效策略刷新；页面展示影响范围和可回滚版本。,当前环境和配置依赖满足；秘密字段仅显示“已配置/未配置”,具备编辑角色，当前无激活任务；涉及生产/资金/安全时会话已升级,,CFG-RULE-025;CFG-RULE-026;CFG-RULE-027;CFG-RULE-028;CFG-RULE-029;CFG-RULE-030;CFG-RULE-031,risk_manager,红包广告领域；具体受影响页面、接口和任务由需求追踪矩阵反向查询,保存前显示旧值/新值、依赖校验、跨字段规则、受影响环境和业务快照差异,激活后保留不可变版本；通过审批回滚到最近已验证版本，不直接修改历史版本,config.red_packet.changed,19,1.2.2,FROZEN_OPERATIONAL_V1.2.2
red_packet.owner_close_allowed,red_packet,boolean,True,False,False,"['red_packet_ops', 'risk_manager', 'finance_operator']",NONE,False,True,允许广告主关闭,,VERSIONED_BUSINESS_CONFIGURATION,DEFAULT_OR_ACTIVE_VERSION,ATOMIC_HOT_RELOAD,False,NOT_SECRET,type+range+cross_field+business_invariant,red_packet_owner,MEDIUM,True,1,允许广告主关闭,红包广告 / owner close allowed,SWITCH,,,,,,none,允许广告主关闭。值来源、环境、生效和回滚必须遵守配置生命周期；禁止在业务代码中另设默认值。,修改后按生效策略刷新；页面展示影响范围和可回滚版本。,当前环境和配置依赖满足；秘密字段仅显示“已配置/未配置”,具备编辑角色，当前无激活任务；涉及生产/资金/安全时会话已升级,,CFG-RULE-025;CFG-RULE-026;CFG-RULE-027;CFG-RULE-028;CFG-RULE-029;CFG-RULE-030;CFG-RULE-031,risk_manager,红包广告领域；具体受影响页面、接口和任务由需求追踪矩阵反向查询,保存前显示旧值/新值、依赖校验、跨字段规则、受影响环境和业务快照差异,激活后保留不可变版本；通过审批回滚到最近已验证版本，不直接修改历史版本,config.red_packet.changed,20,1.2.2,FROZEN_OPERATIONAL_V1.2.2
red_packet.member_fee_discount_bps.normal,red_packet,integer,10000,False,False,"['red_packet_ops', 'risk_manager', 'finance_operator']",TWO_PERSON,True,True,普通用户服务费折扣基点,,VERSIONED_BUSINESS_CONFIGURATION,DEFAULT_OR_ACTIVE_VERSION,ATOMIC_HOT_RELOAD,False,NOT_SECRET,type+range+cross_field+business_invariant,red_packet_owner,HIGH,True,1,普通用户服务费折扣基点,红包广告 / member fee discount bps,NUMBER_INPUT,基点(1/10000),0,10000,1,,none,普通用户服务费折扣基点。值来源、环境、生效和回滚必须遵守配置生命周期；禁止在业务代码中另设默认值。,该配置可能影响资金、安全、域名或生产流量；保存只生成草稿，审批和影响预览通过后方可激活。,当前环境和配置依赖满足；秘密字段仅显示“已配置/未配置”,具备编辑角色，当前无激活任务；涉及生产/资金/安全时会话已升级,,CFG-RULE-025;CFG-RULE-026;CFG-RULE-027;CFG-RULE-028;CFG-RULE-029;CFG-RULE-030;CFG-RULE-031,risk_manager,红包广告领域；具体受影响页面、接口和任务由需求追踪矩阵反向查询,保存前显示旧值/新值、依赖校验、跨字段规则、受影响环境和业务快照差异,激活后保留不可变版本；通过审批回滚到最近已验证版本，不直接修改历史版本,config.red_packet.changed,21,1.2.2,FROZEN_OPERATIONAL_V1.2.2
red_packet.member_fee_discount_bps.month,red_packet,integer,9000,False,False,"['red_packet_ops', 'risk_manager', 'finance_operator']",TWO_PERSON,True,True,月会员服务费折扣基点,,VERSIONED_BUSINESS_CONFIGURATION,DEFAULT_OR_ACTIVE_VERSION,ATOMIC_HOT_RELOAD,False,NOT_SECRET,type+range+cross_field+business_invariant,red_packet_owner,HIGH,True,1,月会员服务费折扣基点,红包广告 / member fee discount bps,NUMBER_INPUT,基点(1/10000),0,10000,1,,none,月会员服务费折扣基点。值来源、环境、生效和回滚必须遵守配置生命周期；禁止在业务代码中另设默认值。,该配置可能影响资金、安全、域名或生产流量；保存只生成草稿，审批和影响预览通过后方可激活。,当前环境和配置依赖满足；秘密字段仅显示“已配置/未配置”,具备编辑角色，当前无激活任务；涉及生产/资金/安全时会话已升级,,CFG-RULE-025;CFG-RULE-026;CFG-RULE-027;CFG-RULE-028;CFG-RULE-029;CFG-RULE-030;CFG-RULE-031,risk_manager,红包广告领域；具体受影响页面、接口和任务由需求追踪矩阵反向查询,保存前显示旧值/新值、依赖校验、跨字段规则、受影响环境和业务快照差异,激活后保留不可变版本；通过审批回滚到最近已验证版本，不直接修改历史版本,config.red_packet.changed,22,1.2.2,FROZEN_OPERATIONAL_V1.2.2
red_packet.member_fee_discount_bps.quarter,red_packet,integer,8500,False,False,"['red_packet_ops', 'risk_manager', 'finance_operator']",TWO_PERSON,True,True,季会员服务费折扣基点,,VERSIONED_BUSINESS_CONFIGURATION,DEFAULT_OR_ACTIVE_VERSION,ATOMIC_HOT_RELOAD,False,NOT_SECRET,type+range+cross_field+business_invariant,red_packet_owner,HIGH,True,1,季会员服务费折扣基点,红包广告 / member fee discount bps,NUMBER_INPUT,基点(1/10000),0,10000,1,,none,季会员服务费折扣基点。值来源、环境、生效和回滚必须遵守配置生命周期；禁止在业务代码中另设默认值。,该配置可能影响资金、安全、域名或生产流量；保存只生成草稿，审批和影响预览通过后方可激活。,当前环境和配置依赖满足；秘密字段仅显示“已配置/未配置”,具备编辑角色，当前无激活任务；涉及生产/资金/安全时会话已升级,,CFG-RULE-025;CFG-RULE-026;CFG-RULE-027;CFG-RULE-028;CFG-RULE-029;CFG-RULE-030;CFG-RULE-031,risk_manager,红包广告领域；具体受影响页面、接口和任务由需求追踪矩阵反向查询,保存前显示旧值/新值、依赖校验、跨字段规则、受影响环境和业务快照差异,激活后保留不可变版本；通过审批回滚到最近已验证版本，不直接修改历史版本,config.red_packet.changed,23,1.2.2,FROZEN_OPERATIONAL_V1.2.2
red_packet.member_fee_discount_bps.year,red_packet,integer,8000,False,False,"['red_packet_ops', 'risk_manager', 'finance_operator']",TWO_PERSON,True,True,年会员服务费折扣基点,,VERSIONED_BUSINESS_CONFIGURATION,DEFAULT_OR_ACTIVE_VERSION,ATOMIC_HOT_RELOAD,False,NOT_SECRET,type+range+cross_field+business_invariant,red_packet_owner,HIGH,True,1,年会员服务费折扣基点,红包广告 / member fee discount bps,NUMBER_INPUT,基点(1/10000),0,10000,1,,none,年会员服务费折扣基点。值来源、环境、生效和回滚必须遵守配置生命周期；禁止在业务代码中另设默认值。,该配置可能影响资金、安全、域名或生产流量；保存只生成草稿，审批和影响预览通过后方可激活。,当前环境和配置依赖满足；秘密字段仅显示“已配置/未配置”,具备编辑角色，当前无激活任务；涉及生产/资金/安全时会话已升级,,CFG-RULE-025;CFG-RULE-026;CFG-RULE-027;CFG-RULE-028;CFG-RULE-029;CFG-RULE-030;CFG-RULE-031,risk_manager,红包广告领域；具体受影响页面、接口和任务由需求追踪矩阵反向查询,保存前显示旧值/新值、依赖校验、跨字段规则、受影响环境和业务快照差异,激活后保留不可变版本；通过审批回滚到最近已验证版本，不直接修改历史版本,config.red_packet.changed,24,1.2.2,FROZEN_OPERATIONAL_V1.2.2
red_packet.min_service_fee_cent,red_packet,integer,1,False,False,"['red_packet_ops', 'risk_manager', 'finance_operator']",TWO_PERSON,True,True,最低服务费分,,VERSIONED_BUSINESS_CONFIGURATION,DEFAULT_OR_ACTIVE_VERSION,ATOMIC_HOT_RELOAD,False,NOT_SECRET,type+range+cross_field+business_invariant,red_packet_owner,HIGH,True,1,最低服务费分,红包广告 / min service fee cent,NUMBER_INPUT,分,0,1000000000,1,,none,最低服务费分。值来源、环境、生效和回滚必须遵守配置生命周期；禁止在业务代码中另设默认值。,该配置可能影响资金、安全、域名或生产流量；保存只生成草稿，审批和影响预览通过后方可激活。,当前环境和配置依赖满足；秘密字段仅显示“已配置/未配置”,具备编辑角色，当前无激活任务；涉及生产/资金/安全时会话已升级,,CFG-RULE-025;CFG-RULE-026;CFG-RULE-027;CFG-RULE-028;CFG-RULE-029;CFG-RULE-030;CFG-RULE-031,risk_manager,红包广告领域；具体受影响页面、接口和任务由需求追踪矩阵反向查询,保存前显示旧值/新值、依赖校验、跨字段规则、受影响环境和业务快照差异,激活后保留不可变版本；通过审批回滚到最近已验证版本，不直接修改历史版本,config.red_packet.changed,25,1.2.2,FROZEN_OPERATIONAL_V1.2.2
red_packet.risk.new_account_hold_hours,red_packet,integer,24,False,False,"['red_packet_ops', 'risk_manager', 'finance_operator']",NONE,False,True,新账号奖励风控等待,,VERSIONED_BUSINESS_CONFIGURATION,DEFAULT_OR_ACTIVE_VERSION,ATOMIC_HOT_RELOAD,False,NOT_SECRET,type+range+cross_field+business_invariant,red_packet_owner,MEDIUM,True,1,新账号奖励风控等待,红包广告 / risk,NUMBER_INPUT,小时,0,8760,1,,none,新账号奖励风控等待。值来源、环境、生效和回滚必须遵守配置生命周期；禁止在业务代码中另设默认值。,修改后按生效策略刷新；页面展示影响范围和可回滚版本。,当前环境和配置依赖满足；秘密字段仅显示“已配置/未配置”,具备编辑角色，当前无激活任务；涉及生产/资金/安全时会话已升级,,CFG-RULE-025;CFG-RULE-026;CFG-RULE-027;CFG-RULE-028;CFG-RULE-029;CFG-RULE-030;CFG-RULE-031,risk_manager,红包广告领域；具体受影响页面、接口和任务由需求追踪矩阵反向查询,保存前显示旧值/新值、依赖校验、跨字段规则、受影响环境和业务快照差异,激活后保留不可变版本；通过审批回滚到最近已验证版本，不直接修改历史版本,config.red_packet.changed,26,1.2.2,FROZEN_OPERATIONAL_V1.2.2
membership.upgrade.time_precision,membership,enum,SECOND,False,False,"['commerce_ops', 'finance_operator']",NONE,False,True,升级剩余价值精度,"['DAY', 'SECOND']",VERSIONED_BUSINESS_CONFIGURATION,DEFAULT_OR_ACTIVE_VERSION,ATOMIC_HOT_RELOAD,False,NOT_SECRET,type+range+cross_field+business_invariant,membership_owner,MEDIUM,True,1,升级剩余价值精度,会员,SELECT,,,,,,"enum:['DAY', 'SECOND']",升级剩余价值精度。值来源、环境、生效和回滚必须遵守配置生命周期；禁止在业务代码中另设默认值。,修改后按生效策略刷新；页面展示影响范围和可回滚版本。,当前环境和配置依赖满足；秘密字段仅显示“已配置/未配置”,具备编辑角色，当前无激活任务；涉及生产/资金/安全时会话已升级,,CFG-RULE-058,commerce_manager,会员领域；具体受影响页面、接口和任务由需求追踪矩阵反向查询,保存前显示旧值/新值、依赖校验、跨字段规则、受影响环境和业务快照差异,激活后保留不可变版本；通过审批回滚到最近已验证版本，不直接修改历史版本,config.membership.changed,1,1.2.2,FROZEN_OPERATIONAL_V1.2.2
membership.upgrade.rounding,membership,enum,FLOOR_TO_CENT,False,False,"['commerce_ops', 'finance_operator']",NONE,False,True,升级金额取整,"['FLOOR_TO_CENT', 'ROUND_HALF_UP']",VERSIONED_BUSINESS_CONFIGURATION,DEFAULT_OR_ACTIVE_VERSION,ATOMIC_HOT_RELOAD,False,NOT_SECRET,type+range+cross_field+business_invariant,membership_owner,MEDIUM,True,1,升级金额取整,会员,SELECT,,,,,,"enum:['FLOOR_TO_CENT', 'ROUND_HALF_UP']",升级金额取整。值来源、环境、生效和回滚必须遵守配置生命周期；禁止在业务代码中另设默认值。,修改后按生效策略刷新；页面展示影响范围和可回滚版本。,当前环境和配置依赖满足；秘密字段仅显示“已配置/未配置”,具备编辑角色，当前无激活任务；涉及生产/资金/安全时会话已升级,,CFG-RULE-058,commerce_manager,会员领域；具体受影响页面、接口和任务由需求追踪矩阵反向查询,保存前显示旧值/新值、依赖校验、跨字段规则、受影响环境和业务快照差异,激活后保留不可变版本；通过审批回滚到最近已验证版本，不直接修改历史版本,config.membership.changed,2,1.2.2,FROZEN_OPERATIONAL_V1.2.2
membership.upgrade.preserve_gift_days,membership,boolean,True,False,False,"['commerce_ops', 'finance_operator']",NONE,False,True,升级保留赠送天数,,VERSIONED_BUSINESS_CONFIGURATION,DEFAULT_OR_ACTIVE_VERSION,ATOMIC_HOT_RELOAD,False,NOT_SECRET,type+range+cross_field+business_invariant,membership_owner,MEDIUM,True,1,升级保留赠送天数,会员,SWITCH,天,0,3650,1,,none,升级保留赠送天数。值来源、环境、生效和回滚必须遵守配置生命周期；禁止在业务代码中另设默认值。,修改后按生效策略刷新；页面展示影响范围和可回滚版本。,当前环境和配置依赖满足；秘密字段仅显示“已配置/未配置”,具备编辑角色，当前无激活任务；涉及生产/资金/安全时会话已升级,,CFG-RULE-058,commerce_manager,会员领域；具体受影响页面、接口和任务由需求追踪矩阵反向查询,保存前显示旧值/新值、依赖校验、跨字段规则、受影响环境和业务快照差异,激活后保留不可变版本；通过审批回滚到最近已验证版本，不直接修改历史版本,config.membership.changed,3,1.2.2,FROZEN_OPERATIONAL_V1.2.2
membership.public_badge.text,membership,string,Pro,False,False,"['commerce_ops', 'finance_operator']",NONE,False,True,公开会员标识文字,,VERSIONED_BUSINESS_CONFIGURATION,DEFAULT_OR_ACTIVE_VERSION,ATOMIC_HOT_RELOAD,False,NOT_SECRET,type+range+cross_field+business_invariant,membership_owner,MEDIUM,True,1,公开会员标识文字,会员,TEXTAREA,,,,,,none,公开会员标识文字。值来源、环境、生效和回滚必须遵守配置生命周期；禁止在业务代码中另设默认值。,修改后按生效策略刷新；页面展示影响范围和可回滚版本。,当前环境和配置依赖满足；秘密字段仅显示“已配置/未配置”,具备编辑角色，当前无激活任务；涉及生产/资金/安全时会话已升级,,CFG-RULE-058,commerce_manager,会员领域；具体受影响页面、接口和任务由需求追踪矩阵反向查询,保存前显示旧值/新值、依赖校验、跨字段规则、受影响环境和业务快照差异,激活后保留不可变版本；通过审批回滚到最近已验证版本，不直接修改历史版本,config.membership.changed,4,1.2.2,FROZEN_OPERATIONAL_V1.2.2
membership.public_badge.enabled,membership,boolean,True,False,False,"['commerce_ops', 'finance_operator']",NONE,False,True,公开Pro标识,,VERSIONED_BUSINESS_CONFIGURATION,DEFAULT_OR_ACTIVE_VERSION,ATOMIC_HOT_RELOAD,False,NOT_SECRET,type+range+cross_field+business_invariant,membership_owner,MEDIUM,True,1,公开Pro标识,会员,SWITCH,,,,,,none,公开Pro标识。值来源、环境、生效和回滚必须遵守配置生命周期；禁止在业务代码中另设默认值。,修改后按生效策略刷新；页面展示影响范围和可回滚版本。,当前环境和配置依赖满足；秘密字段仅显示“已配置/未配置”,具备编辑角色，当前无激活任务；涉及生产/资金/安全时会话已升级,,CFG-RULE-058,commerce_manager,会员领域；具体受影响页面、接口和任务由需求追踪矩阵反向查询,保存前显示旧值/新值、依赖校验、跨字段规则、受影响环境和业务快照差异,激活后保留不可变版本；通过审批回滚到最近已验证版本，不直接修改历史版本,config.membership.changed,5,1.2.2,FROZEN_OPERATIONAL_V1.2.2
props.same_type.stack_duration,props,boolean,True,False,False,"['commerce_ops', 'operations_admin']",NONE,False,True,同类持续道具叠加时长,,VERSIONED_BUSINESS_CONFIGURATION,DEFAULT_OR_ACTIVE_VERSION,ATOMIC_HOT_RELOAD,False,NOT_SECRET,type+range+cross_field+business_invariant,props_owner,MEDIUM,True,1,同类持续道具叠加时长,道具,SWITCH,,,,,,none,同类持续道具叠加时长。值来源、环境、生效和回滚必须遵守配置生命周期；禁止在业务代码中另设默认值。,修改后按生效策略刷新；页面展示影响范围和可回滚版本。,当前环境和配置依赖满足；秘密字段仅显示“已配置/未配置”,具备编辑角色，当前无激活任务；涉及生产/资金/安全时会话已升级,,CFG-RULE-023;CFG-RULE-024,commerce_manager,道具领域；具体受影响页面、接口和任务由需求追踪矩阵反向查询,保存前显示旧值/新值、依赖校验、跨字段规则、受影响环境和业务快照差异,激活后保留不可变版本；通过审批回滚到最近已验证版本，不直接修改历史版本,config.props.changed,5,1.2.2,FROZEN_OPERATIONAL_V1.2.2
props.same_page.deduplicate_content,props,boolean,True,False,False,"['commerce_ops', 'operations_admin']",NONE,False,True,同页头条置顶去重,,VERSIONED_BUSINESS_CONFIGURATION,DEFAULT_OR_ACTIVE_VERSION,ATOMIC_HOT_RELOAD,False,NOT_SECRET,type+range+cross_field+business_invariant,props_owner,MEDIUM,True,1,同页头条置顶去重,道具,SWITCH,,,,,,none,同页头条置顶去重。值来源、环境、生效和回滚必须遵守配置生命周期；禁止在业务代码中另设默认值。,修改后按生效策略刷新；页面展示影响范围和可回滚版本。,当前环境和配置依赖满足；秘密字段仅显示“已配置/未配置”,具备编辑角色，当前无激活任务；涉及生产/资金/安全时会话已升级,,CFG-RULE-023;CFG-RULE-024,commerce_manager,道具领域；具体受影响页面、接口和任务由需求追踪矩阵反向查询,保存前显示旧值/新值、依赖校验、跨字段规则、受影响环境和业务快照差异,激活后保留不可变版本；通过审批回滚到最近已验证版本，不直接修改历史版本,config.props.changed,6,1.2.2,FROZEN_OPERATIONAL_V1.2.2
props.refresh.daily_limit.normal,props,integer,20,False,False,"['commerce_ops', 'operations_admin']",NONE,False,True,普通用户每日刷新卡使用上限,,VERSIONED_BUSINESS_CONFIGURATION,DEFAULT_OR_ACTIVE_VERSION,ATOMIC_HOT_RELOAD,False,NOT_SECRET,type+range+cross_field+business_invariant,props_owner,MEDIUM,True,1,普通用户每日刷新卡使用上限,道具,NUMBER_INPUT,,,,,,none,普通用户每日刷新卡使用上限。值来源、环境、生效和回滚必须遵守配置生命周期；禁止在业务代码中另设默认值。,修改后按生效策略刷新；页面展示影响范围和可回滚版本。,当前环境和配置依赖满足；秘密字段仅显示“已配置/未配置”,具备编辑角色，当前无激活任务；涉及生产/资金/安全时会话已升级,,CFG-RULE-023;CFG-RULE-024,commerce_manager,道具领域；具体受影响页面、接口和任务由需求追踪矩阵反向查询,保存前显示旧值/新值、依赖校验、跨字段规则、受影响环境和业务快照差异,激活后保留不可变版本；通过审批回滚到最近已验证版本，不直接修改历史版本,config.props.changed,7,1.2.2,FROZEN_OPERATIONAL_V1.2.2
props.refresh.daily_limit.month,props,integer,50,False,False,"['commerce_ops', 'operations_admin']",NONE,False,True,月会员每日刷新上限,,VERSIONED_BUSINESS_CONFIGURATION,DEFAULT_OR_ACTIVE_VERSION,ATOMIC_HOT_RELOAD,False,NOT_SECRET,type+range+cross_field+business_invariant,props_owner,MEDIUM,True,1,月会员每日刷新上限,道具,NUMBER_INPUT,,,,,,none,月会员每日刷新上限。值来源、环境、生效和回滚必须遵守配置生命周期；禁止在业务代码中另设默认值。,修改后按生效策略刷新；页面展示影响范围和可回滚版本。,当前环境和配置依赖满足；秘密字段仅显示“已配置/未配置”,具备编辑角色，当前无激活任务；涉及生产/资金/安全时会话已升级,,CFG-RULE-023;CFG-RULE-024,commerce_manager,道具领域；具体受影响页面、接口和任务由需求追踪矩阵反向查询,保存前显示旧值/新值、依赖校验、跨字段规则、受影响环境和业务快照差异,激活后保留不可变版本；通过审批回滚到最近已验证版本，不直接修改历史版本,config.props.changed,8,1.2.2,FROZEN_OPERATIONAL_V1.2.2
props.refresh.daily_limit.quarter,props,integer,100,False,False,"['commerce_ops', 'operations_admin']",NONE,False,True,季会员每日刷新上限,,VERSIONED_BUSINESS_CONFIGURATION,DEFAULT_OR_ACTIVE_VERSION,ATOMIC_HOT_RELOAD,False,NOT_SECRET,type+range+cross_field+business_invariant,props_owner,MEDIUM,True,1,季会员每日刷新上限,道具,NUMBER_INPUT,,,,,,none,季会员每日刷新上限。值来源、环境、生效和回滚必须遵守配置生命周期；禁止在业务代码中另设默认值。,修改后按生效策略刷新；页面展示影响范围和可回滚版本。,当前环境和配置依赖满足；秘密字段仅显示“已配置/未配置”,具备编辑角色，当前无激活任务；涉及生产/资金/安全时会话已升级,,CFG-RULE-023;CFG-RULE-024,commerce_manager,道具领域；具体受影响页面、接口和任务由需求追踪矩阵反向查询,保存前显示旧值/新值、依赖校验、跨字段规则、受影响环境和业务快照差异,激活后保留不可变版本；通过审批回滚到最近已验证版本，不直接修改历史版本,config.props.changed,9,1.2.2,FROZEN_OPERATIONAL_V1.2.2
props.refresh.daily_limit.year,props,integer,200,False,False,"['commerce_ops', 'operations_admin']",NONE,False,True,年会员每日刷新上限,,VERSIONED_BUSINESS_CONFIGURATION,DEFAULT_OR_ACTIVE_VERSION,ATOMIC_HOT_RELOAD,False,NOT_SECRET,type+range+cross_field+business_invariant,props_owner,MEDIUM,True,1,年会员每日刷新上限,道具,NUMBER_INPUT,,,,,,none,年会员每日刷新上限。值来源、环境、生效和回滚必须遵守配置生命周期；禁止在业务代码中另设默认值。,修改后按生效策略刷新；页面展示影响范围和可回滚版本。,当前环境和配置依赖满足；秘密字段仅显示“已配置/未配置”,具备编辑角色，当前无激活任务；涉及生产/资金/安全时会话已升级,,CFG-RULE-023;CFG-RULE-024,commerce_manager,道具领域；具体受影响页面、接口和任务由需求追踪矩阵反向查询,保存前显示旧值/新值、依赖校验、跨字段规则、受影响环境和业务快照差异,激活后保留不可变版本；通过审批回滚到最近已验证版本，不直接修改历史版本,config.props.changed,10,1.2.2,FROZEN_OPERATIONAL_V1.2.2
props.max_stack_days,props,integer,365,False,False,"['commerce_ops', 'operations_admin']",NONE,False,True,持续道具最大叠加天数,,VERSIONED_BUSINESS_CONFIGURATION,DEFAULT_OR_ACTIVE_VERSION,ATOMIC_HOT_RELOAD,False,NOT_SECRET,type+range+cross_field+business_invariant,props_owner,MEDIUM,True,1,持续道具最大叠加天数,道具,NUMBER_INPUT,天,0,3650,1,,none,持续道具最大叠加天数。值来源、环境、生效和回滚必须遵守配置生命周期；禁止在业务代码中另设默认值。,修改后按生效策略刷新；页面展示影响范围和可回滚版本。,当前环境和配置依赖满足；秘密字段仅显示“已配置/未配置”,具备编辑角色，当前无激活任务；涉及生产/资金/安全时会话已升级,,CFG-RULE-023;CFG-RULE-024,commerce_manager,道具领域；具体受影响页面、接口和任务由需求追踪矩阵反向查询,保存前显示旧值/新值、依赖校验、跨字段规则、受影响环境和业务快照差异,激活后保留不可变版本；通过审批回滚到最近已验证版本，不直接修改历史版本,config.props.changed,11,1.2.2,FROZEN_OPERATIONAL_V1.2.2
referral.max_commission_level,referral,integer,2,False,False,"['growth_ops', 'risk_manager', 'finance_operator']",NONE,False,True,最大消费佣金层级,,VERSIONED_BUSINESS_CONFIGURATION,DEFAULT_OR_ACTIVE_VERSION,ATOMIC_HOT_RELOAD,False,NOT_SECRET,type+range+cross_field+business_invariant,referral_owner,MEDIUM,True,1,最大消费佣金层级,推广佣金,NUMBER_INPUT,,,,,,none,最大消费佣金层级。值来源、环境、生效和回滚必须遵守配置生命周期；禁止在业务代码中另设默认值。,修改后按生效策略刷新；页面展示影响范围和可回滚版本。,当前环境和配置依赖满足；秘密字段仅显示“已配置/未配置”,具备编辑角色，当前无激活任务；涉及生产/资金/安全时会话已升级,,CFG-RULE-032;CFG-RULE-033;CFG-RULE-034,risk_manager,推广佣金领域；具体受影响页面、接口和任务由需求追踪矩阵反向查询,保存前显示旧值/新值、依赖校验、跨字段规则、受影响环境和业务快照差异,激活后保留不可变版本；通过审批回滚到最近已验证版本，不直接修改历史版本,config.referral.changed,2,1.2.2,FROZEN_OPERATIONAL_V1.2.2
referral.binding_mode,referral,enum,FIRST_VALID,False,False,"['growth_ops', 'risk_manager', 'finance_operator']",NONE,False,True,邀请绑定模式,"['FIRST_VALID', 'LAST_BEFORE_REGISTER']",VERSIONED_BUSINESS_CONFIGURATION,DEFAULT_OR_ACTIVE_VERSION,ATOMIC_HOT_RELOAD,False,NOT_SECRET,type+range+cross_field+business_invariant,referral_owner,MEDIUM,True,1,邀请绑定模式,推广佣金,SELECT,,,,,,"enum:['FIRST_VALID', 'LAST_BEFORE_REGISTER']",邀请绑定模式。值来源、环境、生效和回滚必须遵守配置生命周期；禁止在业务代码中另设默认值。,修改后按生效策略刷新；页面展示影响范围和可回滚版本。,当前环境和配置依赖满足；秘密字段仅显示“已配置/未配置”,具备编辑角色，当前无激活任务；涉及生产/资金/安全时会话已升级,,CFG-RULE-032;CFG-RULE-033;CFG-RULE-034,risk_manager,推广佣金领域；具体受影响页面、接口和任务由需求追踪矩阵反向查询,保存前显示旧值/新值、依赖校验、跨字段规则、受影响环境和业务快照差异,激活后保留不可变版本；通过审批回滚到最近已验证版本，不直接修改历史版本,config.referral.changed,3,1.2.2,FROZEN_OPERATIONAL_V1.2.2
referral.relation_change_allowed,referral,boolean,False,False,False,"['growth_ops', 'risk_manager', 'finance_operator']",NONE,False,True,用户是否可自行更换邀请关系,,VERSIONED_BUSINESS_CONFIGURATION,DEFAULT_OR_ACTIVE_VERSION,ATOMIC_HOT_RELOAD,False,NOT_SECRET,type+range+cross_field+business_invariant,referral_owner,MEDIUM,True,1,用户是否可自行更换邀请关系,推广佣金,SWITCH,,,,,,none,用户是否可自行更换邀请关系。值来源、环境、生效和回滚必须遵守配置生命周期；禁止在业务代码中另设默认值。,修改后按生效策略刷新；页面展示影响范围和可回滚版本。,当前环境和配置依赖满足；秘密字段仅显示“已配置/未配置”,具备编辑角色，当前无激活任务；涉及生产/资金/安全时会话已升级,,CFG-RULE-032;CFG-RULE-033;CFG-RULE-034,risk_manager,推广佣金领域；具体受影响页面、接口和任务由需求追踪矩阵反向查询,保存前显示旧值/新值、依赖校验、跨字段规则、受影响环境和业务快照差异,激活后保留不可变版本；通过审批回滚到最近已验证版本，不直接修改历史版本,config.referral.changed,4,1.2.2,FROZEN_OPERATIONAL_V1.2.2
referral.attribution_days,referral,integer,30,False,False,"['growth_ops', 'risk_manager', 'finance_operator']",NONE,False,True,邀请归因窗口,,VERSIONED_BUSINESS_CONFIGURATION,DEFAULT_OR_ACTIVE_VERSION,ATOMIC_HOT_RELOAD,False,NOT_SECRET,type+range+cross_field+business_invariant,referral_owner,MEDIUM,True,1,邀请归因窗口,推广佣金,NUMBER_INPUT,天,0,3650,1,,none,邀请归因窗口。值来源、环境、生效和回滚必须遵守配置生命周期；禁止在业务代码中另设默认值。,修改后按生效策略刷新；页面展示影响范围和可回滚版本。,当前环境和配置依赖满足；秘密字段仅显示“已配置/未配置”,具备编辑角色，当前无激活任务；涉及生产/资金/安全时会话已升级,,CFG-RULE-032;CFG-RULE-033;CFG-RULE-034,risk_manager,推广佣金领域；具体受影响页面、接口和任务由需求追踪矩阵反向查询,保存前显示旧值/新值、依赖校验、跨字段规则、受影响环境和业务快照差异,激活后保留不可变版本；通过审批回滚到最近已验证版本，不直接修改历史版本,config.referral.changed,5,1.2.2,FROZEN_OPERATIONAL_V1.2.2
referral.block_self_invite,referral,boolean,True,False,False,"['growth_ops', 'risk_manager', 'finance_operator']",NONE,False,True,禁止自邀,,VERSIONED_BUSINESS_CONFIGURATION,DEFAULT_OR_ACTIVE_VERSION,ATOMIC_HOT_RELOAD,False,NOT_SECRET,type+range+cross_field+business_invariant,referral_owner,MEDIUM,True,1,禁止自邀,推广佣金,SWITCH,,,,,,none,禁止自邀。值来源、环境、生效和回滚必须遵守配置生命周期；禁止在业务代码中另设默认值。,修改后按生效策略刷新；页面展示影响范围和可回滚版本。,当前环境和配置依赖满足；秘密字段仅显示“已配置/未配置”,具备编辑角色，当前无激活任务；涉及生产/资金/安全时会话已升级,,CFG-RULE-032;CFG-RULE-033;CFG-RULE-034,risk_manager,推广佣金领域；具体受影响页面、接口和任务由需求追踪矩阵反向查询,保存前显示旧值/新值、依赖校验、跨字段规则、受影响环境和业务快照差异,激活后保留不可变版本；通过审批回滚到最近已验证版本，不直接修改历史版本,config.referral.changed,6,1.2.2,FROZEN_OPERATIONAL_V1.2.2
referral.block_same_device,referral,boolean,True,False,False,"['growth_ops', 'risk_manager', 'finance_operator']",NONE,False,True,同设备邀请风控,,VERSIONED_BUSINESS_CONFIGURATION,DEFAULT_OR_ACTIVE_VERSION,ATOMIC_HOT_RELOAD,False,NOT_SECRET,type+range+cross_field+business_invariant,referral_owner,MEDIUM,True,1,同设备邀请风控,推广佣金,SWITCH,,,,,,none,同设备邀请风控。值来源、环境、生效和回滚必须遵守配置生命周期；禁止在业务代码中另设默认值。,修改后按生效策略刷新；页面展示影响范围和可回滚版本。,当前环境和配置依赖满足；秘密字段仅显示“已配置/未配置”,具备编辑角色，当前无激活任务；涉及生产/资金/安全时会话已升级,,CFG-RULE-032;CFG-RULE-033;CFG-RULE-034,risk_manager,推广佣金领域；具体受影响页面、接口和任务由需求追踪矩阵反向查询,保存前显示旧值/新值、依赖校验、跨字段规则、受影响环境和业务快照差异,激活后保留不可变版本；通过审批回滚到最近已验证版本，不直接修改历史版本,config.referral.changed,7,1.2.2,FROZEN_OPERATIONAL_V1.2.2
referral.red_packet_principal_commissionable,referral,boolean,False,False,False,"['growth_ops', 'risk_manager', 'finance_operator']",NONE,False,True,红包本金是否参与分佣,,VERSIONED_BUSINESS_CONFIGURATION,DEFAULT_OR_ACTIVE_VERSION,ATOMIC_HOT_RELOAD,False,NOT_SECRET,type+range+cross_field+business_invariant,referral_owner,MEDIUM,True,1,红包本金是否参与分佣,推广佣金,SWITCH,,,,,,none,红包本金是否参与分佣。值来源、环境、生效和回滚必须遵守配置生命周期；禁止在业务代码中另设默认值。,修改后按生效策略刷新；页面展示影响范围和可回滚版本。,当前环境和配置依赖满足；秘密字段仅显示“已配置/未配置”,具备编辑角色，当前无激活任务；涉及生产/资金/安全时会话已升级,,CFG-RULE-032;CFG-RULE-033;CFG-RULE-034,risk_manager,推广佣金领域；具体受影响页面、接口和任务由需求追踪矩阵反向查询,保存前显示旧值/新值、依赖校验、跨字段规则、受影响环境和业务快照差异,激活后保留不可变版本；通过审批回滚到最近已验证版本，不直接修改历史版本,config.referral.changed,8,1.2.2,FROZEN_OPERATIONAL_V1.2.2
referral.commission.default_level1_bps,referral,integer,1500,False,False,"['growth_ops', 'risk_manager', 'finance_operator']",TWO_PERSON,True,True,默认一级比例，仅种子值，SKU可覆盖,,VERSIONED_BUSINESS_CONFIGURATION,DEFAULT_OR_ACTIVE_VERSION,ATOMIC_HOT_RELOAD,False,NOT_SECRET,type+range+cross_field+business_invariant,referral_owner,HIGH,True,1,默认一级比例，仅种子值，SKU可覆盖,推广佣金,NUMBER_INPUT,基点(1/10000),0,10000,1,,none,默认一级比例，仅种子值，SKU可覆盖。值来源、环境、生效和回滚必须遵守配置生命周期；禁止在业务代码中另设默认值。,该配置可能影响资金、安全、域名或生产流量；保存只生成草稿，审批和影响预览通过后方可激活。,当前环境和配置依赖满足；秘密字段仅显示“已配置/未配置”,具备编辑角色，当前无激活任务；涉及生产/资金/安全时会话已升级,,CFG-RULE-032;CFG-RULE-033;CFG-RULE-034,risk_manager,推广佣金领域；具体受影响页面、接口和任务由需求追踪矩阵反向查询,保存前显示旧值/新值、依赖校验、跨字段规则、受影响环境和业务快照差异,激活后保留不可变版本；通过审批回滚到最近已验证版本，不直接修改历史版本,config.referral.changed,9,1.2.2,FROZEN_OPERATIONAL_V1.2.2
referral.commission.default_level2_bps,referral,integer,500,False,False,"['growth_ops', 'risk_manager', 'finance_operator']",TWO_PERSON,True,True,默认二级比例，仅种子值，SKU可覆盖,,VERSIONED_BUSINESS_CONFIGURATION,DEFAULT_OR_ACTIVE_VERSION,ATOMIC_HOT_RELOAD,False,NOT_SECRET,type+range+cross_field+business_invariant,referral_owner,HIGH,True,1,默认二级比例，仅种子值，SKU可覆盖,推广佣金,NUMBER_INPUT,基点(1/10000),0,10000,1,,none,默认二级比例，仅种子值，SKU可覆盖。值来源、环境、生效和回滚必须遵守配置生命周期；禁止在业务代码中另设默认值。,该配置可能影响资金、安全、域名或生产流量；保存只生成草稿，审批和影响预览通过后方可激活。,当前环境和配置依赖满足；秘密字段仅显示“已配置/未配置”,具备编辑角色，当前无激活任务；涉及生产/资金/安全时会话已升级,,CFG-RULE-032;CFG-RULE-033;CFG-RULE-034,risk_manager,推广佣金领域；具体受影响页面、接口和任务由需求追踪矩阵反向查询,保存前显示旧值/新值、依赖校验、跨字段规则、受影响环境和业务快照差异,激活后保留不可变版本；通过审批回滚到最近已验证版本，不直接修改历史版本,config.referral.changed,10,1.2.2,FROZEN_OPERATIONAL_V1.2.2
referral_activity.enabled,referral_activity,boolean,True,False,False,"['growth_ops', 'risk_manager']",NONE,False,True,直推活跃奖励开关,,VERSIONED_BUSINESS_CONFIGURATION,DEFAULT_OR_ACTIVE_VERSION,ATOMIC_HOT_RELOAD,False,NOT_SECRET,type+range+cross_field+business_invariant,referral_activity_owner,MEDIUM,True,1,直推活跃奖励开关,直推活跃,SWITCH,,,,,,none,直推活跃奖励开关。值来源、环境、生效和回滚必须遵守配置生命周期；禁止在业务代码中另设默认值。,修改后按生效策略刷新；页面展示影响范围和可回滚版本。,当前环境和配置依赖满足；秘密字段仅显示“已配置/未配置”,具备编辑角色，当前无激活任务；涉及生产/资金/安全时会话已升级,,CFG-RULE-035;CFG-RULE-036,risk_manager,直推活跃领域；具体受影响页面、接口和任务由需求追踪矩阵反向查询,保存前显示旧值/新值、依赖校验、跨字段规则、受影响环境和业务快照差异,激活后保留不可变版本；通过审批回滚到最近已验证版本，不直接修改历史版本,config.referral_activity.changed,4,1.2.2,FROZEN_OPERATIONAL_V1.2.2
referral_activity.milestones,referral_activity,integer_list,"[15, 30, 45, 60, 75, 90, 105, 120, 135, 150]",False,False,"['growth_ops', 'risk_manager']",TWO_PERSON,True,True,直推活跃档位,,VERSIONED_BUSINESS_CONFIGURATION,DEFAULT_OR_ACTIVE_VERSION,ATOMIC_HOT_RELOAD,False,NOT_SECRET,type+range+cross_field+business_invariant,referral_activity_owner,HIGH,True,1,直推活跃档位,直推活跃,TAG_LIST_OR_STRUCTURED_EDITOR,,,,,,none,直推活跃档位。值来源、环境、生效和回滚必须遵守配置生命周期；禁止在业务代码中另设默认值。,该配置可能影响资金、安全、域名或生产流量；保存只生成草稿，审批和影响预览通过后方可激活。,当前环境和配置依赖满足；秘密字段仅显示“已配置/未配置”,具备编辑角色，当前无激活任务；涉及生产/资金/安全时会话已升级,,CFG-RULE-035;CFG-RULE-036,risk_manager,直推活跃领域；具体受影响页面、接口和任务由需求追踪矩阵反向查询,保存前显示旧值/新值、依赖校验、跨字段规则、受影响环境和业务快照差异,激活后保留不可变版本；通过审批回滚到最近已验证版本，不直接修改历史版本,config.referral_activity.changed,5,1.2.2,FROZEN_OPERATIONAL_V1.2.2
referral_activity.score_daily_cap_per_invitee,referral_activity,integer,20,False,False,"['growth_ops', 'risk_manager']",NONE,False,True,单直推每日活跃分上限,,VERSIONED_BUSINESS_CONFIGURATION,DEFAULT_OR_ACTIVE_VERSION,ATOMIC_HOT_RELOAD,False,NOT_SECRET,type+range+cross_field+business_invariant,referral_activity_owner,MEDIUM,True,1,单直推每日活跃分上限,直推活跃,NUMBER_INPUT,,,,,,none,单直推每日活跃分上限。值来源、环境、生效和回滚必须遵守配置生命周期；禁止在业务代码中另设默认值。,修改后按生效策略刷新；页面展示影响范围和可回滚版本。,当前环境和配置依赖满足；秘密字段仅显示“已配置/未配置”,具备编辑角色，当前无激活任务；涉及生产/资金/安全时会话已升级,,CFG-RULE-035;CFG-RULE-036,risk_manager,直推活跃领域；具体受影响页面、接口和任务由需求追踪矩阵反向查询,保存前显示旧值/新值、依赖校验、跨字段规则、受影响环境和业务快照差异,激活后保留不可变版本；通过审批回滚到最近已验证版本，不直接修改历史版本,config.referral_activity.changed,6,1.2.2,FROZEN_OPERATIONAL_V1.2.2
referral_activity.reward_matrix_source,referral_activity,enum,DATABASE_VERSIONED,False,False,"['growth_ops', 'risk_manager']",NONE,False,True,奖励矩阵来源,['DATABASE_VERSIONED'],VERSIONED_BUSINESS_CONFIGURATION,DEFAULT_OR_ACTIVE_VERSION,ATOMIC_HOT_RELOAD,False,NOT_SECRET,type+range+cross_field+business_invariant,referral_activity_owner,MEDIUM,True,1,奖励矩阵来源,直推活跃,SELECT,,,,,,enum:['DATABASE_VERSIONED'],奖励矩阵来源。值来源、环境、生效和回滚必须遵守配置生命周期；禁止在业务代码中另设默认值。,修改后按生效策略刷新；页面展示影响范围和可回滚版本。,当前环境和配置依赖满足；秘密字段仅显示“已配置/未配置”,具备编辑角色，当前无激活任务；涉及生产/资金/安全时会话已升级,,CFG-RULE-035;CFG-RULE-036,risk_manager,直推活跃领域；具体受影响页面、接口和任务由需求追踪矩阵反向查询,保存前显示旧值/新值、依赖校验、跨字段规则、受影响环境和业务快照差异,激活后保留不可变版本；通过审批回滚到最近已验证版本，不直接修改历史版本,config.referral_activity.changed,7,1.2.2,FROZEN_OPERATIONAL_V1.2.2
task.enabled,task,boolean,True,False,False,"['growth_ops', 'finance_operator', 'risk_manager']",NONE,False,True,个人任务总开关,,VERSIONED_BUSINESS_CONFIGURATION,DEFAULT_OR_ACTIVE_VERSION,ATOMIC_HOT_RELOAD,False,NOT_SECRET,type+range+cross_field+business_invariant,task_owner,MEDIUM,True,1,个人任务总开关,个人任务,SWITCH,,,,,,none,个人任务总开关。值来源、环境、生效和回滚必须遵守配置生命周期；禁止在业务代码中另设默认值。,修改后按生效策略刷新；页面展示影响范围和可回滚版本。,当前环境和配置依赖满足；秘密字段仅显示“已配置/未配置”,具备编辑角色，当前无激活任务；涉及生产/资金/安全时会话已升级,,CFG-RULE-047;CFG-RULE-048,finance_reviewer,个人任务领域；具体受影响页面、接口和任务由需求追踪矩阵反向查询,保存前显示旧值/新值、依赖校验、跨字段规则、受影响环境和业务快照差异,激活后保留不可变版本；通过审批回滚到最近已验证版本，不直接修改历史版本,config.task.changed,2,1.2.2,FROZEN_OPERATIONAL_V1.2.2
task.daily_point_cap,task,integer,100,False,False,"['growth_ops', 'finance_operator', 'risk_manager']",NONE,False,True,个人任务每日积分上限,,VERSIONED_BUSINESS_CONFIGURATION,DEFAULT_OR_ACTIVE_VERSION,ATOMIC_HOT_RELOAD,False,NOT_SECRET,type+range+cross_field+business_invariant,task_owner,MEDIUM,True,1,个人任务每日积分上限,个人任务,NUMBER_INPUT,,,,,,none,个人任务每日积分上限。值来源、环境、生效和回滚必须遵守配置生命周期；禁止在业务代码中另设默认值。,修改后按生效策略刷新；页面展示影响范围和可回滚版本。,当前环境和配置依赖满足；秘密字段仅显示“已配置/未配置”,具备编辑角色，当前无激活任务；涉及生产/资金/安全时会话已升级,,CFG-RULE-047;CFG-RULE-048,finance_reviewer,个人任务领域；具体受影响页面、接口和任务由需求追踪矩阵反向查询,保存前显示旧值/新值、依赖校验、跨字段规则、受影响环境和业务快照差异,激活后保留不可变版本；通过审批回滚到最近已验证版本，不直接修改历史版本,config.task.changed,3,1.2.2,FROZEN_OPERATIONAL_V1.2.2
task.monthly_cash_reward_cap_cent,task,integer,5000,False,False,"['growth_ops', 'finance_operator', 'risk_manager']",NONE,False,True,个人任务月现金上限,,VERSIONED_BUSINESS_CONFIGURATION,DEFAULT_OR_ACTIVE_VERSION,ATOMIC_HOT_RELOAD,False,NOT_SECRET,type+range+cross_field+business_invariant,task_owner,MEDIUM,True,1,个人任务月现金上限,个人任务,NUMBER_INPUT,分,0,1000000000,1,,none,个人任务月现金上限。值来源、环境、生效和回滚必须遵守配置生命周期；禁止在业务代码中另设默认值。,修改后按生效策略刷新；页面展示影响范围和可回滚版本。,当前环境和配置依赖满足；秘密字段仅显示“已配置/未配置”,具备编辑角色，当前无激活任务；涉及生产/资金/安全时会话已升级,feature.personal_task_cash_reward;task.enabled,CFG-RULE-047;CFG-RULE-048,finance_reviewer,个人任务领域；具体受影响页面、接口和任务由需求追踪矩阵反向查询,保存前显示旧值/新值、依赖校验、跨字段规则、受影响环境和业务快照差异,激活后保留不可变版本；通过审批回滚到最近已验证版本，不直接修改历史版本,config.task.changed,4,1.2.2,FROZEN_OPERATIONAL_V1.2.2
task.platform_daily_budget_cent,task,integer,100000,False,False,"['growth_ops', 'finance_operator', 'risk_manager']",NONE,False,True,平台任务每日预算,,VERSIONED_BUSINESS_CONFIGURATION,DEFAULT_OR_ACTIVE_VERSION,ATOMIC_HOT_RELOAD,False,NOT_SECRET,type+range+cross_field+business_invariant,task_owner,MEDIUM,True,1,平台任务每日预算,个人任务,NUMBER_INPUT,分,0,1000000000,1,,none,平台任务每日预算。值来源、环境、生效和回滚必须遵守配置生命周期；禁止在业务代码中另设默认值。,修改后按生效策略刷新；页面展示影响范围和可回滚版本。,当前环境和配置依赖满足；秘密字段仅显示“已配置/未配置”,具备编辑角色，当前无激活任务；涉及生产/资金/安全时会话已升级,,CFG-RULE-047;CFG-RULE-048,finance_reviewer,个人任务领域；具体受影响页面、接口和任务由需求追踪矩阵反向查询,保存前显示旧值/新值、依赖校验、跨字段规则、受影响环境和业务快照差异,激活后保留不可变版本；通过审批回滚到最近已验证版本，不直接修改历史版本,config.task.changed,5,1.2.2,FROZEN_OPERATIONAL_V1.2.2
task.platform_monthly_budget_cent,task,integer,3000000,False,False,"['growth_ops', 'finance_operator', 'risk_manager']",NONE,False,True,平台任务月预算,,VERSIONED_BUSINESS_CONFIGURATION,DEFAULT_OR_ACTIVE_VERSION,ATOMIC_HOT_RELOAD,False,NOT_SECRET,type+range+cross_field+business_invariant,task_owner,MEDIUM,True,1,平台任务月预算,个人任务,NUMBER_INPUT,分,0,1000000000,1,,none,平台任务月预算。值来源、环境、生效和回滚必须遵守配置生命周期；禁止在业务代码中另设默认值。,修改后按生效策略刷新；页面展示影响范围和可回滚版本。,当前环境和配置依赖满足；秘密字段仅显示“已配置/未配置”,具备编辑角色，当前无激活任务；涉及生产/资金/安全时会话已升级,,CFG-RULE-047;CFG-RULE-048,finance_reviewer,个人任务领域；具体受影响页面、接口和任务由需求追踪矩阵反向查询,保存前显示旧值/新值、依赖校验、跨字段规则、受影响环境和业务快照差异,激活后保留不可变版本；通过审批回滚到最近已验证版本，不直接修改历史版本,config.task.changed,6,1.2.2,FROZEN_OPERATIONAL_V1.2.2
task.incentivized_traffic_excluded_from_organic_rank,task,boolean,True,False,False,"['growth_ops', 'finance_operator', 'risk_manager']",NONE,False,True,任务流量不进入自然热度,,VERSIONED_BUSINESS_CONFIGURATION,DEFAULT_OR_ACTIVE_VERSION,ATOMIC_HOT_RELOAD,False,NOT_SECRET,type+range+cross_field+business_invariant,task_owner,MEDIUM,True,1,任务流量不进入自然热度,个人任务,SWITCH,,,,,,none,任务流量不进入自然热度。值来源、环境、生效和回滚必须遵守配置生命周期；禁止在业务代码中另设默认值。,修改后按生效策略刷新；页面展示影响范围和可回滚版本。,当前环境和配置依赖满足；秘密字段仅显示“已配置/未配置”,具备编辑角色，当前无激活任务；涉及生产/资金/安全时会话已升级,,CFG-RULE-047;CFG-RULE-048,finance_reviewer,个人任务领域；具体受影响页面、接口和任务由需求追踪矩阵反向查询,保存前显示旧值/新值、依赖校验、跨字段规则、受影响环境和业务快照差异,激活后保留不可变版本；通过审批回滚到最近已验证版本，不直接修改历史版本,config.task.changed,7,1.2.2,FROZEN_OPERATIONAL_V1.2.2
withdrawal.max_amount_cent.normal,withdrawal,integer,500000,False,False,"['finance_operator', 'risk_manager']",TWO_PERSON,True,True,normal单笔最高提现分,,VERSIONED_BUSINESS_CONFIGURATION,DEFAULT_OR_ACTIVE_VERSION,ATOMIC_HOT_RELOAD,False,NOT_SECRET,type+range+cross_field+business_invariant,withdrawal_owner,HIGH,True,1,normal单笔最高提现分,提现 / max amount cent,NUMBER_INPUT,分,0,1000000000,1,,none,normal单笔最高提现分。值来源、环境、生效和回滚必须遵守配置生命周期；禁止在业务代码中另设默认值。,该配置可能影响资金、安全、域名或生产流量；保存只生成草稿，审批和影响预览通过后方可激活。,当前环境和配置依赖满足；秘密字段仅显示“已配置/未配置”,具备编辑角色，当前无激活任务；涉及生产/资金/安全时会话已升级,,CFG-RULE-049;CFG-RULE-050;CFG-RULE-051;CFG-RULE-052;CFG-RULE-053;CFG-RULE-054,finance_reviewer,提现领域；具体受影响页面、接口和任务由需求追踪矩阵反向查询,保存前显示旧值/新值、依赖校验、跨字段规则、受影响环境和业务快照差异,激活后保留不可变版本；通过审批回滚到最近已验证版本，不直接修改历史版本,config.withdrawal.changed,17,1.2.2,FROZEN_OPERATIONAL_V1.2.2
withdrawal.daily_total_cent.normal,withdrawal,integer,1000000,False,False,"['finance_operator', 'risk_manager']",TWO_PERSON,True,True,normal单日提现总额分,,VERSIONED_BUSINESS_CONFIGURATION,DEFAULT_OR_ACTIVE_VERSION,ATOMIC_HOT_RELOAD,False,NOT_SECRET,type+range+cross_field+business_invariant,withdrawal_owner,HIGH,True,1,normal单日提现总额分,提现 / daily total cent,NUMBER_INPUT,分,0,1000000000,1,,none,normal单日提现总额分。值来源、环境、生效和回滚必须遵守配置生命周期；禁止在业务代码中另设默认值。,该配置可能影响资金、安全、域名或生产流量；保存只生成草稿，审批和影响预览通过后方可激活。,当前环境和配置依赖满足；秘密字段仅显示“已配置/未配置”,具备编辑角色，当前无激活任务；涉及生产/资金/安全时会话已升级,,CFG-RULE-049;CFG-RULE-050;CFG-RULE-051;CFG-RULE-052;CFG-RULE-053;CFG-RULE-054,finance_reviewer,提现领域；具体受影响页面、接口和任务由需求追踪矩阵反向查询,保存前显示旧值/新值、依赖校验、跨字段规则、受影响环境和业务快照差异,激活后保留不可变版本；通过审批回滚到最近已验证版本，不直接修改历史版本,config.withdrawal.changed,18,1.2.2,FROZEN_OPERATIONAL_V1.2.2
withdrawal.monthly_total_cent.normal,withdrawal,integer,10000000,False,False,"['finance_operator', 'risk_manager']",TWO_PERSON,True,True,normal单月提现总额分,,VERSIONED_BUSINESS_CONFIGURATION,DEFAULT_OR_ACTIVE_VERSION,ATOMIC_HOT_RELOAD,False,NOT_SECRET,type+range+cross_field+business_invariant,withdrawal_owner,HIGH,True,1,normal单月提现总额分,提现 / monthly total cent,NUMBER_INPUT,分,0,1000000000,1,,none,normal单月提现总额分。值来源、环境、生效和回滚必须遵守配置生命周期；禁止在业务代码中另设默认值。,该配置可能影响资金、安全、域名或生产流量；保存只生成草稿，审批和影响预览通过后方可激活。,当前环境和配置依赖满足；秘密字段仅显示“已配置/未配置”,具备编辑角色，当前无激活任务；涉及生产/资金/安全时会话已升级,,CFG-RULE-049;CFG-RULE-050;CFG-RULE-051;CFG-RULE-052;CFG-RULE-053;CFG-RULE-054,finance_reviewer,提现领域；具体受影响页面、接口和任务由需求追踪矩阵反向查询,保存前显示旧值/新值、依赖校验、跨字段规则、受影响环境和业务快照差异,激活后保留不可变版本；通过审批回滚到最近已验证版本，不直接修改历史版本,config.withdrawal.changed,19,1.2.2,FROZEN_OPERATIONAL_V1.2.2
withdrawal.monthly_free_count.normal,withdrawal,integer,0,False,False,"['finance_operator', 'risk_manager']",TWO_PERSON,True,True,normal每月免费提现次数,,VERSIONED_BUSINESS_CONFIGURATION,DEFAULT_OR_ACTIVE_VERSION,ATOMIC_HOT_RELOAD,False,NOT_SECRET,type+range+cross_field+business_invariant,withdrawal_owner,HIGH,True,1,normal每月免费提现次数,提现 / monthly free count,NUMBER_INPUT,,,,,,none,normal每月免费提现次数。值来源、环境、生效和回滚必须遵守配置生命周期；禁止在业务代码中另设默认值。,该配置可能影响资金、安全、域名或生产流量；保存只生成草稿，审批和影响预览通过后方可激活。,当前环境和配置依赖满足；秘密字段仅显示“已配置/未配置”,具备编辑角色，当前无激活任务；涉及生产/资金/安全时会话已升级,,CFG-RULE-049;CFG-RULE-050;CFG-RULE-051;CFG-RULE-052;CFG-RULE-053;CFG-RULE-054,finance_reviewer,提现领域；具体受影响页面、接口和任务由需求追踪矩阵反向查询,保存前显示旧值/新值、依赖校验、跨字段规则、受影响环境和业务快照差异,激活后保留不可变版本；通过审批回滚到最近已验证版本，不直接修改历史版本,config.withdrawal.changed,20,1.2.2,FROZEN_OPERATIONAL_V1.2.2
withdrawal.max_amount_cent.month,withdrawal,integer,500000,False,False,"['finance_operator', 'risk_manager']",TWO_PERSON,True,True,month单笔最高提现分,,VERSIONED_BUSINESS_CONFIGURATION,DEFAULT_OR_ACTIVE_VERSION,ATOMIC_HOT_RELOAD,False,NOT_SECRET,type+range+cross_field+business_invariant,withdrawal_owner,HIGH,True,1,month单笔最高提现分,提现 / max amount cent,NUMBER_INPUT,分,0,1000000000,1,,none,month单笔最高提现分。值来源、环境、生效和回滚必须遵守配置生命周期；禁止在业务代码中另设默认值。,该配置可能影响资金、安全、域名或生产流量；保存只生成草稿，审批和影响预览通过后方可激活。,当前环境和配置依赖满足；秘密字段仅显示“已配置/未配置”,具备编辑角色，当前无激活任务；涉及生产/资金/安全时会话已升级,,CFG-RULE-049;CFG-RULE-050;CFG-RULE-051;CFG-RULE-052;CFG-RULE-053;CFG-RULE-054,finance_reviewer,提现领域；具体受影响页面、接口和任务由需求追踪矩阵反向查询,保存前显示旧值/新值、依赖校验、跨字段规则、受影响环境和业务快照差异,激活后保留不可变版本；通过审批回滚到最近已验证版本，不直接修改历史版本,config.withdrawal.changed,21,1.2.2,FROZEN_OPERATIONAL_V1.2.2
withdrawal.daily_total_cent.month,withdrawal,integer,1000000,False,False,"['finance_operator', 'risk_manager']",TWO_PERSON,True,True,month单日提现总额分,,VERSIONED_BUSINESS_CONFIGURATION,DEFAULT_OR_ACTIVE_VERSION,ATOMIC_HOT_RELOAD,False,NOT_SECRET,type+range+cross_field+business_invariant,withdrawal_owner,HIGH,True,1,month单日提现总额分,提现 / daily total cent,NUMBER_INPUT,,,,,,none,month单日提现总额分。值来源、环境、生效和回滚必须遵守配置生命周期；禁止在业务代码中另设默认值。,该配置可能影响资金、安全、域名或生产流量；保存只生成草稿，审批和影响预览通过后方可激活。,当前环境和配置依赖满足；秘密字段仅显示“已配置/未配置”,具备编辑角色，当前无激活任务；涉及生产/资金/安全时会话已升级,,CFG-RULE-049;CFG-RULE-050;CFG-RULE-051;CFG-RULE-052;CFG-RULE-053;CFG-RULE-054,finance_reviewer,提现领域；具体受影响页面、接口和任务由需求追踪矩阵反向查询,保存前显示旧值/新值、依赖校验、跨字段规则、受影响环境和业务快照差异,激活后保留不可变版本；通过审批回滚到最近已验证版本，不直接修改历史版本,config.withdrawal.changed,22,1.2.2,FROZEN_OPERATIONAL_V1.2.2
withdrawal.monthly_total_cent.month,withdrawal,integer,10000000,False,False,"['finance_operator', 'risk_manager']",TWO_PERSON,True,True,month单月提现总额分,,VERSIONED_BUSINESS_CONFIGURATION,DEFAULT_OR_ACTIVE_VERSION,ATOMIC_HOT_RELOAD,False,NOT_SECRET,type+range+cross_field+business_invariant,withdrawal_owner,HIGH,True,1,month单月提现总额分,提现 / monthly total cent,NUMBER_INPUT,,,,,,none,month单月提现总额分。值来源、环境、生效和回滚必须遵守配置生命周期；禁止在业务代码中另设默认值。,该配置可能影响资金、安全、域名或生产流量；保存只生成草稿，审批和影响预览通过后方可激活。,当前环境和配置依赖满足；秘密字段仅显示“已配置/未配置”,具备编辑角色，当前无激活任务；涉及生产/资金/安全时会话已升级,,CFG-RULE-049;CFG-RULE-050;CFG-RULE-051;CFG-RULE-052;CFG-RULE-053;CFG-RULE-054,finance_reviewer,提现领域；具体受影响页面、接口和任务由需求追踪矩阵反向查询,保存前显示旧值/新值、依赖校验、跨字段规则、受影响环境和业务快照差异,激活后保留不可变版本；通过审批回滚到最近已验证版本，不直接修改历史版本,config.withdrawal.changed,23,1.2.2,FROZEN_OPERATIONAL_V1.2.2
withdrawal.monthly_free_count.month,withdrawal,integer,0,False,False,"['finance_operator', 'risk_manager']",TWO_PERSON,True,True,month每月免费提现次数,,VERSIONED_BUSINESS_CONFIGURATION,DEFAULT_OR_ACTIVE_VERSION,ATOMIC_HOT_RELOAD,False,NOT_SECRET,type+range+cross_field+business_invariant,withdrawal_owner,HIGH,True,1,month每月免费提现次数,提现 / monthly free count,NUMBER_INPUT,,,,,,none,month每月免费提现次数。值来源、环境、生效和回滚必须遵守配置生命周期；禁止在业务代码中另设默认值。,该配置可能影响资金、安全、域名或生产流量；保存只生成草稿，审批和影响预览通过后方可激活。,当前环境和配置依赖满足；秘密字段仅显示“已配置/未配置”,具备编辑角色，当前无激活任务；涉及生产/资金/安全时会话已升级,,CFG-RULE-049;CFG-RULE-050;CFG-RULE-051;CFG-RULE-052;CFG-RULE-053;CFG-RULE-054,finance_reviewer,提现领域；具体受影响页面、接口和任务由需求追踪矩阵反向查询,保存前显示旧值/新值、依赖校验、跨字段规则、受影响环境和业务快照差异,激活后保留不可变版本；通过审批回滚到最近已验证版本，不直接修改历史版本,config.withdrawal.changed,24,1.2.2,FROZEN_OPERATIONAL_V1.2.2
withdrawal.max_amount_cent.quarter,withdrawal,integer,500000,False,False,"['finance_operator', 'risk_manager']",TWO_PERSON,True,True,quarter单笔最高提现分,,VERSIONED_BUSINESS_CONFIGURATION,DEFAULT_OR_ACTIVE_VERSION,ATOMIC_HOT_RELOAD,False,NOT_SECRET,type+range+cross_field+business_invariant,withdrawal_owner,HIGH,True,1,quarter单笔最高提现分,提现 / max amount cent,NUMBER_INPUT,分,0,1000000000,1,,none,quarter单笔最高提现分。值来源、环境、生效和回滚必须遵守配置生命周期；禁止在业务代码中另设默认值。,该配置可能影响资金、安全、域名或生产流量；保存只生成草稿，审批和影响预览通过后方可激活。,当前环境和配置依赖满足；秘密字段仅显示“已配置/未配置”,具备编辑角色，当前无激活任务；涉及生产/资金/安全时会话已升级,,CFG-RULE-049;CFG-RULE-050;CFG-RULE-051;CFG-RULE-052;CFG-RULE-053;CFG-RULE-054,finance_reviewer,提现领域；具体受影响页面、接口和任务由需求追踪矩阵反向查询,保存前显示旧值/新值、依赖校验、跨字段规则、受影响环境和业务快照差异,激活后保留不可变版本；通过审批回滚到最近已验证版本，不直接修改历史版本,config.withdrawal.changed,25,1.2.2,FROZEN_OPERATIONAL_V1.2.2
withdrawal.daily_total_cent.quarter,withdrawal,integer,1000000,False,False,"['finance_operator', 'risk_manager']",TWO_PERSON,True,True,quarter单日提现总额分,,VERSIONED_BUSINESS_CONFIGURATION,DEFAULT_OR_ACTIVE_VERSION,ATOMIC_HOT_RELOAD,False,NOT_SECRET,type+range+cross_field+business_invariant,withdrawal_owner,HIGH,True,1,quarter单日提现总额分,提现 / daily total cent,NUMBER_INPUT,,,,,,none,quarter单日提现总额分。值来源、环境、生效和回滚必须遵守配置生命周期；禁止在业务代码中另设默认值。,该配置可能影响资金、安全、域名或生产流量；保存只生成草稿，审批和影响预览通过后方可激活。,当前环境和配置依赖满足；秘密字段仅显示“已配置/未配置”,具备编辑角色，当前无激活任务；涉及生产/资金/安全时会话已升级,,CFG-RULE-049;CFG-RULE-050;CFG-RULE-051;CFG-RULE-052;CFG-RULE-053;CFG-RULE-054,finance_reviewer,提现领域；具体受影响页面、接口和任务由需求追踪矩阵反向查询,保存前显示旧值/新值、依赖校验、跨字段规则、受影响环境和业务快照差异,激活后保留不可变版本；通过审批回滚到最近已验证版本，不直接修改历史版本,config.withdrawal.changed,26,1.2.2,FROZEN_OPERATIONAL_V1.2.2
withdrawal.monthly_total_cent.quarter,withdrawal,integer,10000000,False,False,"['finance_operator', 'risk_manager']",TWO_PERSON,True,True,quarter单月提现总额分,,VERSIONED_BUSINESS_CONFIGURATION,DEFAULT_OR_ACTIVE_VERSION,ATOMIC_HOT_RELOAD,False,NOT_SECRET,type+range+cross_field+business_invariant,withdrawal_owner,HIGH,True,1,quarter单月提现总额分,提现 / monthly total cent,NUMBER_INPUT,,,,,,none,quarter单月提现总额分。值来源、环境、生效和回滚必须遵守配置生命周期；禁止在业务代码中另设默认值。,该配置可能影响资金、安全、域名或生产流量；保存只生成草稿，审批和影响预览通过后方可激活。,当前环境和配置依赖满足；秘密字段仅显示“已配置/未配置”,具备编辑角色，当前无激活任务；涉及生产/资金/安全时会话已升级,,CFG-RULE-049;CFG-RULE-050;CFG-RULE-051;CFG-RULE-052;CFG-RULE-053;CFG-RULE-054,finance_reviewer,提现领域；具体受影响页面、接口和任务由需求追踪矩阵反向查询,保存前显示旧值/新值、依赖校验、跨字段规则、受影响环境和业务快照差异,激活后保留不可变版本；通过审批回滚到最近已验证版本，不直接修改历史版本,config.withdrawal.changed,27,1.2.2,FROZEN_OPERATIONAL_V1.2.2
withdrawal.monthly_free_count.quarter,withdrawal,integer,0,False,False,"['finance_operator', 'risk_manager']",TWO_PERSON,True,True,quarter每月免费提现次数,,VERSIONED_BUSINESS_CONFIGURATION,DEFAULT_OR_ACTIVE_VERSION,ATOMIC_HOT_RELOAD,False,NOT_SECRET,type+range+cross_field+business_invariant,withdrawal_owner,HIGH,True,1,quarter每月免费提现次数,提现 / monthly free count,NUMBER_INPUT,,,,,,none,quarter每月免费提现次数。值来源、环境、生效和回滚必须遵守配置生命周期；禁止在业务代码中另设默认值。,该配置可能影响资金、安全、域名或生产流量；保存只生成草稿，审批和影响预览通过后方可激活。,当前环境和配置依赖满足；秘密字段仅显示“已配置/未配置”,具备编辑角色，当前无激活任务；涉及生产/资金/安全时会话已升级,,CFG-RULE-049;CFG-RULE-050;CFG-RULE-051;CFG-RULE-052;CFG-RULE-053;CFG-RULE-054,finance_reviewer,提现领域；具体受影响页面、接口和任务由需求追踪矩阵反向查询,保存前显示旧值/新值、依赖校验、跨字段规则、受影响环境和业务快照差异,激活后保留不可变版本；通过审批回滚到最近已验证版本，不直接修改历史版本,config.withdrawal.changed,28,1.2.2,FROZEN_OPERATIONAL_V1.2.2
withdrawal.max_amount_cent.year,withdrawal,integer,500000,False,False,"['finance_operator', 'risk_manager']",TWO_PERSON,True,True,year单笔最高提现分,,VERSIONED_BUSINESS_CONFIGURATION,DEFAULT_OR_ACTIVE_VERSION,ATOMIC_HOT_RELOAD,False,NOT_SECRET,type+range+cross_field+business_invariant,withdrawal_owner,HIGH,True,1,year单笔最高提现分,提现 / max amount cent,NUMBER_INPUT,分,0,1000000000,1,,none,year单笔最高提现分。值来源、环境、生效和回滚必须遵守配置生命周期；禁止在业务代码中另设默认值。,该配置可能影响资金、安全、域名或生产流量；保存只生成草稿，审批和影响预览通过后方可激活。,当前环境和配置依赖满足；秘密字段仅显示“已配置/未配置”,具备编辑角色，当前无激活任务；涉及生产/资金/安全时会话已升级,,CFG-RULE-049;CFG-RULE-050;CFG-RULE-051;CFG-RULE-052;CFG-RULE-053;CFG-RULE-054,finance_reviewer,提现领域；具体受影响页面、接口和任务由需求追踪矩阵反向查询,保存前显示旧值/新值、依赖校验、跨字段规则、受影响环境和业务快照差异,激活后保留不可变版本；通过审批回滚到最近已验证版本，不直接修改历史版本,config.withdrawal.changed,29,1.2.2,FROZEN_OPERATIONAL_V1.2.2
withdrawal.daily_total_cent.year,withdrawal,integer,1000000,False,False,"['finance_operator', 'risk_manager']",TWO_PERSON,True,True,year单日提现总额分,,VERSIONED_BUSINESS_CONFIGURATION,DEFAULT_OR_ACTIVE_VERSION,ATOMIC_HOT_RELOAD,False,NOT_SECRET,type+range+cross_field+business_invariant,withdrawal_owner,HIGH,True,1,year单日提现总额分,提现 / daily total cent,NUMBER_INPUT,,,,,,none,year单日提现总额分。值来源、环境、生效和回滚必须遵守配置生命周期；禁止在业务代码中另设默认值。,该配置可能影响资金、安全、域名或生产流量；保存只生成草稿，审批和影响预览通过后方可激活。,当前环境和配置依赖满足；秘密字段仅显示“已配置/未配置”,具备编辑角色，当前无激活任务；涉及生产/资金/安全时会话已升级,,CFG-RULE-049;CFG-RULE-050;CFG-RULE-051;CFG-RULE-052;CFG-RULE-053;CFG-RULE-054,finance_reviewer,提现领域；具体受影响页面、接口和任务由需求追踪矩阵反向查询,保存前显示旧值/新值、依赖校验、跨字段规则、受影响环境和业务快照差异,激活后保留不可变版本；通过审批回滚到最近已验证版本，不直接修改历史版本,config.withdrawal.changed,30,1.2.2,FROZEN_OPERATIONAL_V1.2.2
withdrawal.monthly_total_cent.year,withdrawal,integer,10000000,False,False,"['finance_operator', 'risk_manager']",TWO_PERSON,True,True,year单月提现总额分,,VERSIONED_BUSINESS_CONFIGURATION,DEFAULT_OR_ACTIVE_VERSION,ATOMIC_HOT_RELOAD,False,NOT_SECRET,type+range+cross_field+business_invariant,withdrawal_owner,HIGH,True,1,year单月提现总额分,提现 / monthly total cent,NUMBER_INPUT,,,,,,none,year单月提现总额分。值来源、环境、生效和回滚必须遵守配置生命周期；禁止在业务代码中另设默认值。,该配置可能影响资金、安全、域名或生产流量；保存只生成草稿，审批和影响预览通过后方可激活。,当前环境和配置依赖满足；秘密字段仅显示“已配置/未配置”,具备编辑角色，当前无激活任务；涉及生产/资金/安全时会话已升级,,CFG-RULE-049;CFG-RULE-050;CFG-RULE-051;CFG-RULE-052;CFG-RULE-053;CFG-RULE-054,finance_reviewer,提现领域；具体受影响页面、接口和任务由需求追踪矩阵反向查询,保存前显示旧值/新值、依赖校验、跨字段规则、受影响环境和业务快照差异,激活后保留不可变版本；通过审批回滚到最近已验证版本，不直接修改历史版本,config.withdrawal.changed,31,1.2.2,FROZEN_OPERATIONAL_V1.2.2
withdrawal.monthly_free_count.year,withdrawal,integer,0,False,False,"['finance_operator', 'risk_manager']",TWO_PERSON,True,True,year每月免费提现次数,,VERSIONED_BUSINESS_CONFIGURATION,DEFAULT_OR_ACTIVE_VERSION,ATOMIC_HOT_RELOAD,False,NOT_SECRET,type+range+cross_field+business_invariant,withdrawal_owner,HIGH,True,1,year每月免费提现次数,提现 / monthly free count,NUMBER_INPUT,,,,,,none,year每月免费提现次数。值来源、环境、生效和回滚必须遵守配置生命周期；禁止在业务代码中另设默认值。,该配置可能影响资金、安全、域名或生产流量；保存只生成草稿，审批和影响预览通过后方可激活。,当前环境和配置依赖满足；秘密字段仅显示“已配置/未配置”,具备编辑角色，当前无激活任务；涉及生产/资金/安全时会话已升级,,CFG-RULE-049;CFG-RULE-050;CFG-RULE-051;CFG-RULE-052;CFG-RULE-053;CFG-RULE-054,finance_reviewer,提现领域；具体受影响页面、接口和任务由需求追踪矩阵反向查询,保存前显示旧值/新值、依赖校验、跨字段规则、受影响环境和业务快照差异,激活后保留不可变版本；通过审批回滚到最近已验证版本，不直接修改历史版本,config.withdrawal.changed,32,1.2.2,FROZEN_OPERATIONAL_V1.2.2
withdrawal.account_change_cooldown_hours,withdrawal,integer,72,False,False,"['finance_operator', 'risk_manager']",NONE,False,True,支付宝账户变更冷却,,VERSIONED_BUSINESS_CONFIGURATION,DEFAULT_OR_ACTIVE_VERSION,ATOMIC_HOT_RELOAD,False,NOT_SECRET,type+range+cross_field+business_invariant,withdrawal_owner,MEDIUM,True,1,支付宝账户变更冷却,提现 / account change cooldown hours,NUMBER_INPUT,小时,0,8760,1,,none,支付宝账户变更冷却。值来源、环境、生效和回滚必须遵守配置生命周期；禁止在业务代码中另设默认值。,修改后按生效策略刷新；页面展示影响范围和可回滚版本。,当前环境和配置依赖满足；秘密字段仅显示“已配置/未配置”,具备编辑角色，当前无激活任务；涉及生产/资金/安全时会话已升级,,CFG-RULE-049;CFG-RULE-050;CFG-RULE-051;CFG-RULE-052;CFG-RULE-053;CFG-RULE-054,finance_reviewer,提现领域；具体受影响页面、接口和任务由需求追踪矩阵反向查询,保存前显示旧值/新值、依赖校验、跨字段规则、受影响环境和业务快照差异,激活后保留不可变版本；通过审批回滚到最近已验证版本，不直接修改历史版本,config.withdrawal.changed,33,1.2.2,FROZEN_OPERATIONAL_V1.2.2
withdrawal.new_device_wait_hours,withdrawal,integer,24,False,False,"['finance_operator', 'risk_manager']",NONE,False,True,新设备提现等待,,VERSIONED_BUSINESS_CONFIGURATION,DEFAULT_OR_ACTIVE_VERSION,ATOMIC_HOT_RELOAD,False,NOT_SECRET,type+range+cross_field+business_invariant,withdrawal_owner,MEDIUM,True,1,新设备提现等待,提现 / new device wait hours,NUMBER_INPUT,小时,0,8760,1,,none,新设备提现等待。值来源、环境、生效和回滚必须遵守配置生命周期；禁止在业务代码中另设默认值。,修改后按生效策略刷新；页面展示影响范围和可回滚版本。,当前环境和配置依赖满足；秘密字段仅显示“已配置/未配置”,具备编辑角色，当前无激活任务；涉及生产/资金/安全时会话已升级,,CFG-RULE-049;CFG-RULE-050;CFG-RULE-051;CFG-RULE-052;CFG-RULE-053;CFG-RULE-054,finance_reviewer,提现领域；具体受影响页面、接口和任务由需求追踪矩阵反向查询,保存前显示旧值/新值、依赖校验、跨字段规则、受影响环境和业务快照差异,激活后保留不可变版本；通过审批回滚到最近已验证版本，不直接修改历史版本,config.withdrawal.changed,34,1.2.2,FROZEN_OPERATIONAL_V1.2.2
withdrawal.auto_review_threshold_cent,withdrawal,integer,0,False,False,"['finance_operator', 'risk_manager']",TWO_PERSON,False,True,自动审核阈值，0表示关闭,,VERSIONED_BUSINESS_CONFIGURATION,DEFAULT_OR_ACTIVE_VERSION,ATOMIC_HOT_RELOAD,False,NOT_SECRET,type+range+cross_field+business_invariant,withdrawal_owner,MEDIUM,True,1,自动审核阈值，0表示关闭,提现 / auto review threshold cent,NUMBER_INPUT,分,0,1000000000,1,,none,自动审核阈值，0表示关闭。值来源、环境、生效和回滚必须遵守配置生命周期；禁止在业务代码中另设默认值。,该配置可能影响资金、安全、域名或生产流量；保存只生成草稿，审批和影响预览通过后方可激活。,当前环境和配置依赖满足；秘密字段仅显示“已配置/未配置”,具备编辑角色，当前无激活任务；涉及生产/资金/安全时会话已升级,,CFG-RULE-049;CFG-RULE-050;CFG-RULE-051;CFG-RULE-052;CFG-RULE-053;CFG-RULE-054,finance_reviewer,提现领域；具体受影响页面、接口和任务由需求追踪矩阵反向查询,保存前显示旧值/新值、依赖校验、跨字段规则、受影响环境和业务快照差异,激活后保留不可变版本；通过审批回滚到最近已验证版本，不直接修改历史版本,config.withdrawal.changed,35,1.2.2,FROZEN_OPERATIONAL_V1.2.2
withdrawal.open_time_windows,withdrawal,string_list,['00:00-23:59'],False,False,"['finance_operator', 'risk_manager']",NONE,False,True,提现开放时间段,,VERSIONED_BUSINESS_CONFIGURATION,DEFAULT_OR_ACTIVE_VERSION,ATOMIC_HOT_RELOAD,False,NOT_SECRET,type+range+cross_field+business_invariant,withdrawal_owner,MEDIUM,True,1,提现开放时间段,提现 / open time windows,TAG_LIST_OR_STRUCTURED_EDITOR,,,,,,none,提现开放时间段。值来源、环境、生效和回滚必须遵守配置生命周期；禁止在业务代码中另设默认值。,修改后按生效策略刷新；页面展示影响范围和可回滚版本。,当前环境和配置依赖满足；秘密字段仅显示“已配置/未配置”,具备编辑角色，当前无激活任务；涉及生产/资金/安全时会话已升级,,CFG-RULE-049;CFG-RULE-050;CFG-RULE-051;CFG-RULE-052;CFG-RULE-053;CFG-RULE-054,finance_reviewer,提现领域；具体受影响页面、接口和任务由需求追踪矩阵反向查询,保存前显示旧值/新值、依赖校验、跨字段规则、受影响环境和业务快照差异,激活后保留不可变版本；通过审批回滚到最近已验证版本，不直接修改历史版本,config.withdrawal.changed,36,1.2.2,FROZEN_OPERATIONAL_V1.2.2
analytics.event.retention_days,analytics,integer,730,False,False,"['data_analyst', 'operations_admin']",NONE,False,True,明细事件保留天数,,VERSIONED_BUSINESS_CONFIGURATION,DEFAULT_OR_ACTIVE_VERSION,ATOMIC_HOT_RELOAD,False,NOT_SECRET,type+range+cross_field+business_invariant,analytics_owner,MEDIUM,True,1,明细事件保留天数,数据分析,NUMBER_INPUT,天,0,3650,1,,none,明细事件保留天数。值来源、环境、生效和回滚必须遵守配置生命周期；禁止在业务代码中另设默认值。,修改后按生效策略刷新；页面展示影响范围和可回滚版本。,当前环境和配置依赖满足；秘密字段仅显示“已配置/未配置”,具备编辑角色，当前无激活任务；涉及生产/资金/安全时会话已升级,,,data_lead,数据分析领域；具体受影响页面、接口和任务由需求追踪矩阵反向查询,保存前显示旧值/新值、依赖校验、跨字段规则、受影响环境和业务快照差异,激活后保留不可变版本；通过审批回滚到最近已验证版本，不直接修改历史版本,config.analytics.changed,1,1.2.2,FROZEN_OPERATIONAL_V1.2.2
analytics.traffic_types,analytics,string_list,"['ORGANIC_TRAFFIC', 'INCENTIVIZED_RED_PACKET_TRAFFIC', 'INCENTIVIZED_TASK_TRAFFIC']",False,False,"['data_analyst', 'operations_admin']",NONE,False,True,流量分类固定枚举,,VERSIONED_BUSINESS_CONFIGURATION,DEFAULT_OR_ACTIVE_VERSION,ATOMIC_HOT_RELOAD,False,NOT_SECRET,type+range+cross_field+business_invariant,analytics_owner,MEDIUM,True,1,流量分类固定枚举,数据分析,TAG_LIST_OR_STRUCTURED_EDITOR,,,,,,none,流量分类固定枚举。值来源、环境、生效和回滚必须遵守配置生命周期；禁止在业务代码中另设默认值。,修改后按生效策略刷新；页面展示影响范围和可回滚版本。,当前环境和配置依赖满足；秘密字段仅显示“已配置/未配置”,具备编辑角色，当前无激活任务；涉及生产/资金/安全时会话已升级,,,data_lead,数据分析领域；具体受影响页面、接口和任务由需求追踪矩阵反向查询,保存前显示旧值/新值、依赖校验、跨字段规则、受影响环境和业务快照差异,激活后保留不可变版本；通过审批回滚到最近已验证版本，不直接修改历史版本,config.analytics.changed,2,1.2.2,FROZEN_OPERATIONAL_V1.2.2
app.build.apk_required_for_android_release,app_build,boolean,True,False,False,"['release_manager', 'platform_engineer', 'security_admin']",TWO_PERSON,False,False,涉及Android版本必须生成测试APK,,ACTIVATION_GATED_CONFIGURATION,ACTIVATION_GATED,ACTIVATE_VERSION,False,NOT_SECRET,type+provider_connection_test,app_build_owner,HIGH,True,1,涉及Android版本必须生成测试APK,App构建发布 / build,SWITCH,,,,,,none,涉及Android版本必须生成测试APK。值来源、环境、生效和回滚必须遵守配置生命周期；禁止在业务代码中另设默认值。,该配置可能影响资金、安全、域名或生产流量；保存只生成草稿，审批和影响预览通过后方可激活。,当前环境和配置依赖满足；秘密字段仅显示“已配置/未配置”,具备编辑角色，当前无激活任务；涉及生产/资金/安全时会话已升级,,CFG-RULE-055;CFG-RULE-056;CFG-RULE-057,release_manager,App构建发布领域；具体受影响页面、接口和任务由需求追踪矩阵反向查询,保存前显示旧值/新值、依赖校验、跨字段规则、受影响环境和业务快照差异,激活后保留不可变版本；通过审批回滚到最近已验证版本，不直接修改历史版本,config.app_build.changed,11,1.2.2,FROZEN_OPERATIONAL_V1.2.2
app.build.timeout_minutes,app_build,integer,45,False,False,"['release_manager', 'platform_engineer', 'security_admin']",TWO_PERSON,False,False,构建任务超时,,ACTIVATION_GATED_CONFIGURATION,ACTIVATION_GATED,ACTIVATE_VERSION,False,NOT_SECRET,type+provider_connection_test,app_build_owner,HIGH,True,1,构建任务超时,App构建发布 / build,NUMBER_INPUT,分钟,1,10080,1,,none,构建任务超时。值来源、环境、生效和回滚必须遵守配置生命周期；禁止在业务代码中另设默认值。,该配置可能影响资金、安全、域名或生产流量；保存只生成草稿，审批和影响预览通过后方可激活。,当前环境和配置依赖满足；秘密字段仅显示“已配置/未配置”,具备编辑角色，当前无激活任务；涉及生产/资金/安全时会话已升级,,CFG-RULE-055;CFG-RULE-056;CFG-RULE-057,release_manager,App构建发布领域；具体受影响页面、接口和任务由需求追踪矩阵反向查询,保存前显示旧值/新值、依赖校验、跨字段规则、受影响环境和业务快照差异,激活后保留不可变版本；通过审批回滚到最近已验证版本，不直接修改历史版本,config.app_build.changed,12,1.2.2,FROZEN_OPERATIONAL_V1.2.2
app.build.max_concurrent_jobs,app_build,integer,2,False,False,"['release_manager', 'platform_engineer', 'security_admin']",TWO_PERSON,False,False,最大并发构建,,ACTIVATION_GATED_CONFIGURATION,ACTIVATION_GATED,ACTIVATE_VERSION,False,NOT_SECRET,type+provider_connection_test,app_build_owner,HIGH,True,1,最大并发构建,App构建发布 / build,NUMBER_INPUT,,,,,,none,最大并发构建。值来源、环境、生效和回滚必须遵守配置生命周期；禁止在业务代码中另设默认值。,该配置可能影响资金、安全、域名或生产流量；保存只生成草稿，审批和影响预览通过后方可激活。,当前环境和配置依赖满足；秘密字段仅显示“已配置/未配置”,具备编辑角色，当前无激活任务；涉及生产/资金/安全时会话已升级,,CFG-RULE-055;CFG-RULE-056;CFG-RULE-057,release_manager,App构建发布领域；具体受影响页面、接口和任务由需求追踪矩阵反向查询,保存前显示旧值/新值、依赖校验、跨字段规则、受影响环境和业务快照差异,激活后保留不可变版本；通过审批回滚到最近已验证版本，不直接修改历史版本,config.app_build.changed,13,1.2.2,FROZEN_OPERATIONAL_V1.2.2
app.build.artifact_retention_days,app_build,integer,365,False,False,"['release_manager', 'platform_engineer', 'security_admin']",TWO_PERSON,False,False,测试APK保留天数,,ACTIVATION_GATED_CONFIGURATION,ACTIVATION_GATED,ACTIVATE_VERSION,False,NOT_SECRET,type+provider_connection_test,app_build_owner,HIGH,True,1,测试APK保留天数,App构建发布 / build,NUMBER_INPUT,天,0,3650,1,,none,测试APK保留天数。值来源、环境、生效和回滚必须遵守配置生命周期；禁止在业务代码中另设默认值。,该配置可能影响资金、安全、域名或生产流量；保存只生成草稿，审批和影响预览通过后方可激活。,当前环境和配置依赖满足；秘密字段仅显示“已配置/未配置”,具备编辑角色，当前无激活任务；涉及生产/资金/安全时会话已升级,,CFG-RULE-055;CFG-RULE-056;CFG-RULE-057,release_manager,App构建发布领域；具体受影响页面、接口和任务由需求追踪矩阵反向查询,保存前显示旧值/新值、依赖校验、跨字段规则、受影响环境和业务快照差异,激活后保留不可变版本；通过审批回滚到最近已验证版本，不直接修改历史版本,config.app_build.changed,14,1.2.2,FROZEN_OPERATIONAL_V1.2.2
app.build.arbitrary_shell_allowed,app_build,boolean,False,False,False,"['release_manager', 'platform_engineer', 'security_admin']",TWO_PERSON,False,False,后台禁止任意Shell,,ACTIVATION_GATED_CONFIGURATION,ACTIVATION_GATED,ACTIVATE_VERSION,False,NOT_SECRET,type+provider_connection_test,app_build_owner,HIGH,True,1,后台禁止任意Shell,App构建发布 / build,SWITCH,,,,,,none,后台禁止任意Shell。值来源、环境、生效和回滚必须遵守配置生命周期；禁止在业务代码中另设默认值。,该配置可能影响资金、安全、域名或生产流量；保存只生成草稿，审批和影响预览通过后方可激活。,当前环境和配置依赖满足；秘密字段仅显示“已配置/未配置”,具备编辑角色，当前无激活任务；涉及生产/资金/安全时会话已升级,,CFG-RULE-055;CFG-RULE-056;CFG-RULE-057,release_manager,App构建发布领域；具体受影响页面、接口和任务由需求追踪矩阵反向查询,保存前显示旧值/新值、依赖校验、跨字段规则、受影响环境和业务快照差异,激活后保留不可变版本；通过审批回滚到最近已验证版本，不直接修改历史版本,config.app_build.changed,15,1.2.2,FROZEN_OPERATIONAL_V1.2.2
app.build.white_label_enabled,app_build,boolean,False,False,False,"['release_manager', 'platform_engineer', 'security_admin']",TWO_PERSON,False,False,不提供白标多品牌构建,,ACTIVATION_GATED_CONFIGURATION,ACTIVATION_GATED,ACTIVATE_VERSION,False,NOT_SECRET,type+provider_connection_test,app_build_owner,HIGH,True,1,不提供白标多品牌构建,App构建发布 / build,SWITCH,,,,,,none,不提供白标多品牌构建。值来源、环境、生效和回滚必须遵守配置生命周期；禁止在业务代码中另设默认值。,该配置可能影响资金、安全、域名或生产流量；保存只生成草稿，审批和影响预览通过后方可激活。,当前环境和配置依赖满足；秘密字段仅显示“已配置/未配置”,具备编辑角色，当前无激活任务；涉及生产/资金/安全时会话已升级,,CFG-RULE-055;CFG-RULE-056;CFG-RULE-057,release_manager,App构建发布领域；具体受影响页面、接口和任务由需求追踪矩阵反向查询,保存前显示旧值/新值、依赖校验、跨字段规则、受影响环境和业务快照差异,激活后保留不可变版本；通过审批回滚到最近已验证版本，不直接修改历史版本,config.app_build.changed,16,1.2.2,FROZEN_OPERATIONAL_V1.2.2
app.android.min_sdk,app_build,integer,26,False,False,"['release_manager', 'platform_engineer', 'security_admin']",TWO_PERSON,False,False,Android最低API,,ACTIVATION_GATED_CONFIGURATION,ACTIVATION_GATED,ACTIVATE_VERSION,False,NOT_SECRET,type+provider_connection_test,app_build_owner,HIGH,True,1,Android最低API,App构建发布 / android,NUMBER_INPUT,,21,100,1,,none,Android最低API。值来源、环境、生效和回滚必须遵守配置生命周期；禁止在业务代码中另设默认值。,该配置可能影响资金、安全、域名或生产流量；保存只生成草稿，审批和影响预览通过后方可激活。,当前环境和配置依赖满足；秘密字段仅显示“已配置/未配置”,具备编辑角色，当前无激活任务；涉及生产/资金/安全时会话已升级,,CFG-RULE-055;CFG-RULE-056;CFG-RULE-057,release_manager,App构建发布领域；具体受影响页面、接口和任务由需求追踪矩阵反向查询,保存前显示旧值/新值、依赖校验、跨字段规则、受影响环境和业务快照差异,激活后保留不可变版本；通过审批回滚到最近已验证版本，不直接修改历史版本,config.app_build.changed,17,1.2.2,FROZEN_OPERATIONAL_V1.2.2
app.android.target_sdk,app_build,integer,0,False,False,"['release_manager', 'platform_engineer', 'security_admin']",TWO_PERSON,False,False,P00选定稳定版本后填写,,ACTIVATION_GATED_CONFIGURATION,ACTIVATION_GATED,ACTIVATE_VERSION,False,NOT_SECRET,type+provider_connection_test,app_build_owner,HIGH,True,1,P00选定稳定版本后填写,App构建发布 / android,NUMBER_INPUT,,21,100,1,,none,P00选定稳定版本后填写。值来源、环境、生效和回滚必须遵守配置生命周期；禁止在业务代码中另设默认值。,该配置可能影响资金、安全、域名或生产流量；保存只生成草稿，审批和影响预览通过后方可激活。,当前环境和配置依赖满足；秘密字段仅显示“已配置/未配置”,具备编辑角色，当前无激活任务；涉及生产/资金/安全时会话已升级,,CFG-RULE-055;CFG-RULE-056;CFG-RULE-057,release_manager,App构建发布领域；具体受影响页面、接口和任务由需求追踪矩阵反向查询,保存前显示旧值/新值、依赖校验、跨字段规则、受影响环境和业务快照差异,激活后保留不可变版本；通过审批回滚到最近已验证版本，不直接修改历史版本,config.app_build.changed,18,1.2.2,FROZEN_OPERATIONAL_V1.2.2
app.android.version_code_strategy,app_build,enum,MONOTONIC,False,False,"['release_manager', 'platform_engineer', 'security_admin']",TWO_PERSON,False,False,versionCode策略,['MONOTONIC'],ACTIVATION_GATED_CONFIGURATION,ACTIVATION_GATED,ACTIVATE_VERSION,False,NOT_SECRET,type+provider_connection_test,app_build_owner,HIGH,True,1,versionCode策略,App构建发布 / android,SELECT,,,,,,enum:['MONOTONIC'],versionCode策略。值来源、环境、生效和回滚必须遵守配置生命周期；禁止在业务代码中另设默认值。,该配置可能影响资金、安全、域名或生产流量；保存只生成草稿，审批和影响预览通过后方可激活。,当前环境和配置依赖满足；秘密字段仅显示“已配置/未配置”,具备编辑角色，当前无激活任务；涉及生产/资金/安全时会话已升级,,CFG-RULE-055;CFG-RULE-056;CFG-RULE-057,release_manager,App构建发布领域；具体受影响页面、接口和任务由需求追踪矩阵反向查询,保存前显示旧值/新值、依赖校验、跨字段规则、受影响环境和业务快照差异,激活后保留不可变版本；通过审批回滚到最近已验证版本，不直接修改历史版本,config.app_build.changed,19,1.2.2,FROZEN_OPERATIONAL_V1.2.2
ci.automation.enabled,app_build,boolean,False,False,False,"['release_manager', 'security_admin']",TWO_PERSON,False,False,仅Staging启用GitHub OIDC Android自动认证,,STARTUP_CONFIGURATION,STAGING_ONLY,RESTART_REQUIRED,True,NOT_SECRET,staging_only+production_forbidden,app_build_owner,HIGH,True,1,CI自动认证开关,App构建发布 / ci_automation,SWITCH,,,,,,none,仅隔离Staging可启用；任何prod/production组合启动失败关闭。,启用前必须确认OIDC身份字段全部精确绑定。,当前环境为Staging,具备双人审批,"ci.automation.user_phone;ci.automation.github_repository;ci.automation.github_workflow;ci.automation.oidc_audience",,security_admin,Android候选Staging自动认证,显示环境和生产拒绝结果,关闭开关并重启,config.ci_automation.changed,20,1.2.3,FROZEN_OPERATIONAL_V1.2.3
ci.automation.user_phone,app_build,secret_ref,,True,False,"['security_admin']",TWO_PERSON,False,False,Staging专用脱敏E2E用户手机号SecretRef,,STARTUP_CONFIGURATION,STAGING_CI_AUTOMATION,RESTART_REQUIRED,True,VAULT_KMS_ONLY,secret_ref+staging_only,security_owner,HIGH,True,1,CI测试用户,App构建发布 / ci_automation,SECRET_REF_INPUT,,,,,"^(vault|kms)://",none,只保存SecretRef；不得写入真实手机号或长期密码。,测试身份只能存在于Staging且必须为最小权限脱敏账号。,CI自动认证配置页面,security_admin双人审批,ci.automation.enabled,,security_admin,Android候选Staging测试身份,仅显示已配置状态和SecretRef元数据,撤销SecretRef并关闭自动认证,config.ci_automation.changed,21,1.2.3,FROZEN_OPERATIONAL_V1.2.3
ci.automation.github_repository,app_build,string,fei613293175/hhy,False,False,"['release_manager', 'security_admin']",TWO_PERSON,False,False,允许申请CI短时会话的GitHub仓库,,STARTUP_CONFIGURATION,STAGING_CI_AUTOMATION,RESTART_REQUIRED,True,NOT_SECRET,exact_repository_slug,app_build_owner,HIGH,True,1,GitHub仓库绑定,App构建发布 / ci_automation,TEXT_INPUT,,,,,"^[A-Za-z0-9_.-]+/[A-Za-z0-9_.-]+$",none,OIDC repository claim必须逐字匹配。,修改会改变可申请测试会话的仓库身份。,CI自动认证配置页面,双人审批,ci.automation.enabled,,security_admin,GitHub OIDC仓库身份,显示旧值新值和精确claim匹配,回滚到上一已验证仓库绑定,config.ci_automation.changed,22,1.2.3,FROZEN_OPERATIONAL_V1.2.3
ci.automation.github_workflow,app_build,string,.github/workflows/android-candidate-request.yml,False,False,"['release_manager', 'security_admin']",TWO_PERSON,False,False,允许申请CI短时会话的候选工作流路径,,STARTUP_CONFIGURATION,STAGING_CI_AUTOMATION,RESTART_REQUIRED,True,NOT_SECRET,repository_workflow_path,app_build_owner,HIGH,True,1,GitHub工作流绑定,App构建发布 / ci_automation,TEXT_INPUT,,,,,"^\.github/workflows/[A-Za-z0-9_.-]+\.ya?ml$",none,OIDC workflow_ref必须包含该精确仓库路径。,修改会改变可申请测试会话的工作流身份。,CI自动认证配置页面,双人审批,ci.automation.github_repository,,security_admin,GitHub OIDC工作流身份,显示旧值新值和workflow_ref匹配,回滚到上一已验证工作流路径,config.ci_automation.changed,23,1.2.3,FROZEN_OPERATIONAL_V1.2.3
ci.automation.oidc_audience,app_build,string,hhy-android-e2e,False,False,"['release_manager', 'security_admin']",TWO_PERSON,False,False,GitHub OIDC Android测试专用audience,,STARTUP_CONFIGURATION,STAGING_CI_AUTOMATION,RESTART_REQUIRED,True,NOT_SECRET,exact_oidc_audience,security_owner,HIGH,True,1,OIDC Audience,App构建发布 / ci_automation,TEXT_INPUT,,,,,"^[A-Za-z0-9_.:-]{3,128}$",none,只接受Android候选专用audience；禁止复用生产访问audience。,修改会改变OIDC令牌的目标受众验证。,CI自动认证配置页面,双人审批,ci.automation.enabled,,security_admin,GitHub OIDC audience验证,显示旧值新值和audience精确匹配,回滚到上一已验证audience,config.ci_automation.changed,24,1.2.3,FROZEN_OPERATIONAL_V1.2.3
