平台,UI_ID,页面,路由,模板ID,计划版本,需求ID,API契约,operationId,数据表,配置组,配置项,字段规格,状态规格,动作规格,测试ID,UI参考,DoR状态,绑定成熟度
ANDROID,SCR-APP-001,启动页,/splash,MOB-GATE,R02,REQ-AUTH-001;REQ-APP-RELEASE-001;REQ-APK-001;REQ-PAGE-SPEC-001,GET /public-api/v1/platform/status;POST /public-api/v1/app/version-check;POST /api/v1/auth/refresh;GET /api/v1/app/version-check,publicGetPlatformStatus;appReleasePostAppVersionCheck;authPostAuthRefresh;appReleaseGetAppVersionCheck,h5_page_configs;cms_articles;agreements;app_versions;content_posts;app_release_records;app_build_artifacts;users;user_credentials;auth_security_challenges;user_sessions;user_devices;sms_verification_codes;login_logs;user_profiles;user_settings;user_status_logs;support_tickets;ticket_messages;ticket_attachments;ticket_status_logs;app_build_profiles;app_build_jobs;app_build_job_steps;app_signing_profiles,platform;app_build;auth,platform.brand.name;platform.brand.slogan;platform.brand.logo_media_id;platform.customer_service.name;platform.customer_service.contact;app.android.application_id;app.android.staging_application_id;app.android.display_name;app.android.signing.staging_profile;app.android.signing.production_profile;app.build.runner;app.build.allowed_ref_patterns;app.build.artifact_storage_scope;auth.default_login_method;auth.security_challenge.provider;auth.security_challenge.mode;auth.password.min_length;auth.password.max_length;auth.password.max_failures;auth.password.lock_seconds;auth.invite.app_required,catalogs/ui_page_fields.csv#SCR-APP-001,catalogs/ui_page_states.csv#SCR-APP-001,catalogs/ui_action_matrix.csv#SCR-APP-001,TST-AUTH_001-HAPPY;TST-APP_RELEASE_001-HAPPY;TST-APK_001-HAPPY;TST-AUTH_001-IDEMPOTENT;TST-APP_RELEASE_001-IDEMPOTENT;TST-APK_001-IDEMPOTENT;TST-V122-011,B01/P01/P08,READY,EXACT_CONSTRUCTION_BOUND_V1.2.2
ANDROID,SCR-APP-002,系统维护页,/maintenance,MOB-GATE,R02,REQ-AUTH-001;REQ-APP-RELEASE-001;REQ-APK-001,GET /public-api/v1/platform/status,publicGetPlatformStatus,h5_page_configs;cms_articles;agreements;app_versions;content_posts;app_release_records;app_build_artifacts;users;user_credentials;auth_security_challenges;user_sessions;user_devices;sms_verification_codes;login_logs;user_profiles;user_settings;user_status_logs;support_tickets;ticket_messages;ticket_attachments;ticket_status_logs;app_build_profiles;app_build_jobs;app_build_job_steps;app_signing_profiles,platform,platform.brand.name;platform.brand.slogan;platform.brand.logo_media_id;platform.customer_service.name;platform.customer_service.contact,catalogs/ui_page_fields.csv#SCR-APP-002,catalogs/ui_page_states.csv#SCR-APP-002,catalogs/ui_action_matrix.csv#SCR-APP-002,TST-AUTH_001-HAPPY;TST-APP_RELEASE_001-HAPPY;TST-APK_001-HAPPY,B01/P01/P08,READY,EXACT_CONSTRUCTION_BOUND_V1.2.2
ANDROID,SCR-APP-003,更新提示,/update,MOB-GATE,R02,REQ-AUTH-001;REQ-APP-RELEASE-001;REQ-APK-001,POST /public-api/v1/app/version-check;GET /public-api/v1/app/latest,appReleasePostAppVersionCheck;publicGetAppLatest,app_versions;app_release_records;app_build_artifacts;h5_page_configs;cms_articles;agreements;content_posts;users;user_credentials;auth_security_challenges;user_sessions;user_devices;sms_verification_codes;login_logs;user_profiles;user_settings;user_status_logs;support_tickets;ticket_messages;ticket_attachments;ticket_status_logs;app_build_profiles;app_build_jobs;app_build_job_steps;app_signing_profiles,app_build;platform,app.android.application_id;app.android.staging_application_id;app.android.display_name;app.android.signing.staging_profile;app.android.signing.production_profile;app.build.runner;app.build.allowed_ref_patterns;app.build.artifact_storage_scope;platform.brand.name;platform.brand.slogan;platform.brand.logo_media_id;platform.customer_service.name;platform.customer_service.contact,catalogs/ui_page_fields.csv#SCR-APP-003,catalogs/ui_page_states.csv#SCR-APP-003,catalogs/ui_action_matrix.csv#SCR-APP-003,TST-AUTH_001-HAPPY;TST-APP_RELEASE_001-HAPPY;TST-APK_001-HAPPY,B01/P01/P08,READY,EXACT_CONSTRUCTION_BOUND_V1.2.2
ANDROID,SCR-AUTH-001,密码登录,/login,MOB-AUTH-FORM,R02,REQ-AUTH-001;REQ-AUTH-002;REQ-AUTH-003;REQ-AUTH-004,POST /api/v1/auth/security-challenges;POST /api/v1/auth/password/login,authPostAuthSecurityChallenges;authPostAuthPasswordLogin,users;user_credentials;auth_security_challenges;user_sessions;user_devices;sms_verification_codes;login_logs;h5_page_configs;cms_articles;agreements;app_versions;content_posts;app_release_records;app_build_artifacts;user_profiles;user_settings;user_status_logs;support_tickets;ticket_messages;ticket_attachments;ticket_status_logs,auth,auth.default_login_method;auth.security_challenge.provider;auth.security_challenge.mode;auth.password.min_length;auth.password.max_length;auth.password.max_failures;auth.password.lock_seconds;auth.invite.app_required,catalogs/ui_page_fields.csv#SCR-AUTH-001,catalogs/ui_page_states.csv#SCR-AUTH-001,catalogs/ui_action_matrix.csv#SCR-AUTH-001,TST-AUTH_001-HAPPY;TST-AUTH_002-HAPPY;TST-AUTH_003-HAPPY;TST-AUTH_004-HAPPY;TST-AUTH_001-IDEMPOTENT;TST-AUTH_002-IDEMPOTENT;TST-AUTH_003-IDEMPOTENT;TST-AUTH_004-IDEMPOTENT,B01/P02-P07,READY,EXACT_CONSTRUCTION_BOUND_V1.2.2
ANDROID,SCR-AUTH-002,短信验证码登录,/login/sms,MOB-AUTH-FORM,R02,REQ-AUTH-001;REQ-AUTH-002;REQ-AUTH-003;REQ-AUTH-004,POST /api/v1/auth/security-challenges;POST /api/v1/auth/sms/send;POST /api/v1/auth/sms/login,authPostAuthSecurityChallenges;authPostAuthSmsSend;authPostAuthSmsLogin,users;user_credentials;auth_security_challenges;user_sessions;user_devices;sms_verification_codes;login_logs;h5_page_configs;cms_articles;agreements;app_versions;content_posts;app_release_records;app_build_artifacts;user_profiles;user_settings;user_status_logs;support_tickets;ticket_messages;ticket_attachments;ticket_status_logs,auth,auth.default_login_method;auth.security_challenge.provider;auth.security_challenge.mode;auth.password.min_length;auth.password.max_length;auth.password.max_failures;auth.password.lock_seconds;auth.invite.app_required,catalogs/ui_page_fields.csv#SCR-AUTH-002,catalogs/ui_page_states.csv#SCR-AUTH-002,catalogs/ui_action_matrix.csv#SCR-AUTH-002,TST-AUTH_001-HAPPY;TST-AUTH_002-HAPPY;TST-AUTH_003-HAPPY;TST-AUTH_004-HAPPY;TST-AUTH_001-IDEMPOTENT;TST-AUTH_002-IDEMPOTENT;TST-AUTH_003-IDEMPOTENT;TST-AUTH_004-IDEMPOTENT,B01/P02-P07,READY,EXACT_CONSTRUCTION_BOUND_V1.2.2
ANDROID,SCR-AUTH-003,注册账号,/register,MOB-AUTH-FORM,R02,REQ-AUTH-001;REQ-AUTH-002;REQ-AUTH-003;REQ-AUTH-004;REQ-AUTH-005,POST /api/v1/auth/security-challenges;POST /api/v1/auth/sms/send;POST /api/v1/auth/invite-codes/validate;POST /api/v1/auth/register,authPostAuthSecurityChallenges;authPostAuthSmsSend;authPostAuthInviteCodesValidate;authPostAuthRegister,users;user_credentials;auth_security_challenges;user_sessions;user_devices;sms_verification_codes;login_logs;h5_page_configs;cms_articles;agreements;app_versions;content_posts;app_release_records;app_build_artifacts;user_profiles;user_settings;user_status_logs;support_tickets;ticket_messages;ticket_attachments;ticket_status_logs,auth,auth.default_login_method;auth.security_challenge.provider;auth.security_challenge.mode;auth.password.min_length;auth.password.max_length;auth.password.max_failures;auth.password.lock_seconds;auth.invite.app_required,catalogs/ui_page_fields.csv#SCR-AUTH-003,catalogs/ui_page_states.csv#SCR-AUTH-003,catalogs/ui_action_matrix.csv#SCR-AUTH-003,TST-AUTH_001-HAPPY;TST-AUTH_002-HAPPY;TST-AUTH_003-HAPPY;TST-AUTH_004-HAPPY;TST-AUTH_005-HAPPY;TST-AUTH_001-IDEMPOTENT;TST-AUTH_002-IDEMPOTENT;TST-AUTH_003-IDEMPOTENT;TST-AUTH_004-IDEMPOTENT;TST-AUTH_005-IDEMPOTENT,B01/P02-P07,READY,EXACT_CONSTRUCTION_BOUND_V1.2.2
ANDROID,SCR-AUTH-004,忘记密码,/password/reset,MOB-AUTH-FORM,R02,REQ-AUTH-001;REQ-AUTH-002;REQ-AUTH-003;REQ-AUTH-004,POST /api/v1/auth/security-challenges;POST /api/v1/auth/sms/send;POST /api/v1/auth/password/reset,authPostAuthSecurityChallenges;authPostAuthSmsSend;authPostAuthPasswordReset,users;user_credentials;auth_security_challenges;user_sessions;user_devices;sms_verification_codes;login_logs;h5_page_configs;cms_articles;agreements;app_versions;content_posts;app_release_records;app_build_artifacts;user_profiles;user_settings;user_status_logs;support_tickets;ticket_messages;ticket_attachments;ticket_status_logs,auth,auth.default_login_method;auth.security_challenge.provider;auth.security_challenge.mode;auth.password.min_length;auth.password.max_length;auth.password.max_failures;auth.password.lock_seconds;auth.invite.app_required,catalogs/ui_page_fields.csv#SCR-AUTH-004,catalogs/ui_page_states.csv#SCR-AUTH-004,catalogs/ui_action_matrix.csv#SCR-AUTH-004,TST-AUTH_001-HAPPY;TST-AUTH_002-HAPPY;TST-AUTH_003-HAPPY;TST-AUTH_004-HAPPY;TST-AUTH_001-IDEMPOTENT;TST-AUTH_002-IDEMPOTENT;TST-AUTH_003-IDEMPOTENT;TST-AUTH_004-IDEMPOTENT,B01/P02-P07,READY,EXACT_CONSTRUCTION_BOUND_V1.2.2
ANDROID,SCR-AUTH-005,账号冻结,/account-blocked,MOB-GATE,R02,REQ-AUTH-001;REQ-AUTH-002;REQ-AUTH-003;REQ-AUTH-004,GET /api/v1/me;POST /api/v1/support/tickets,userGetMe;supportPostSupportTickets,users;user_profiles;user_settings;user_status_logs;support_tickets;ticket_messages;ticket_attachments;ticket_status_logs;h5_page_configs;cms_articles;agreements;app_versions;content_posts;app_release_records;app_build_artifacts;user_credentials;auth_security_challenges;user_sessions;user_devices;sms_verification_codes;login_logs,auth;system,auth.default_login_method;auth.security_challenge.provider;auth.security_challenge.mode;auth.password.min_length;auth.password.max_length;auth.password.max_failures;auth.password.lock_seconds;auth.invite.app_required;system.maintenance.enabled;system.maintenance.message;system.registration.enabled;system.publish.enabled;system.red_packet.enabled;system.withdrawal.enabled,catalogs/ui_page_fields.csv#SCR-AUTH-005,catalogs/ui_page_states.csv#SCR-AUTH-005,catalogs/ui_action_matrix.csv#SCR-AUTH-005,TST-AUTH_001-HAPPY;TST-AUTH_002-HAPPY;TST-AUTH_003-HAPPY;TST-AUTH_004-HAPPY;TST-AUTH_001-IDEMPOTENT;TST-AUTH_002-IDEMPOTENT;TST-AUTH_003-IDEMPOTENT;TST-AUTH_004-IDEMPOTENT,B01/P02-P07,READY,EXACT_CONSTRUCTION_BOUND_V1.2.2
ANDROID,SCR-AUTH-006,登录设备,/me/security/devices,MOB-AUTH-FORM,R02,REQ-AUTH-001;REQ-AUTH-002;REQ-AUTH-003;REQ-AUTH-004,GET /api/v1/auth/sessions;DELETE /api/v1/auth/sessions/{id},authGetAuthSessions;authDeleteAuthSessionsById,users;user_credentials;auth_security_challenges;user_sessions;user_devices;sms_verification_codes;login_logs;h5_page_configs;cms_articles;agreements;app_versions;content_posts;app_release_records;app_build_artifacts;user_profiles;user_settings;user_status_logs;support_tickets;ticket_messages;ticket_attachments;ticket_status_logs,auth,auth.default_login_method;auth.security_challenge.provider;auth.security_challenge.mode;auth.password.min_length;auth.password.max_length;auth.password.max_failures;auth.password.lock_seconds;auth.invite.app_required,catalogs/ui_page_fields.csv#SCR-AUTH-006,catalogs/ui_page_states.csv#SCR-AUTH-006,catalogs/ui_action_matrix.csv#SCR-AUTH-006,TST-AUTH_001-HAPPY;TST-AUTH_002-HAPPY;TST-AUTH_003-HAPPY;TST-AUTH_004-HAPPY;TST-AUTH_001-IDEMPOTENT;TST-AUTH_002-IDEMPOTENT;TST-AUTH_003-IDEMPOTENT;TST-AUTH_004-IDEMPOTENT,B01/P02-P07,READY,EXACT_CONSTRUCTION_BOUND_V1.2.2
ANDROID,SCR-AUTH-007,修改登录密码,/me/security/password,MOB-AUTH-FORM,R02,REQ-AUTH-001;REQ-AUTH-002;REQ-AUTH-003;REQ-AUTH-004,POST /api/v1/me/security/password/change,authPostMeSecurityPasswordChange,users;user_credentials;auth_security_challenges;user_sessions;user_devices;sms_verification_codes;login_logs;h5_page_configs;cms_articles;agreements;app_versions;content_posts;app_release_records;app_build_artifacts;user_profiles;user_settings;user_status_logs;support_tickets;ticket_messages;ticket_attachments;ticket_status_logs,auth,auth.default_login_method;auth.security_challenge.provider;auth.security_challenge.mode;auth.password.min_length;auth.password.max_length;auth.password.max_failures;auth.password.lock_seconds;auth.invite.app_required,catalogs/ui_page_fields.csv#SCR-AUTH-007,catalogs/ui_page_states.csv#SCR-AUTH-007,catalogs/ui_action_matrix.csv#SCR-AUTH-007,TST-AUTH_001-HAPPY;TST-AUTH_002-HAPPY;TST-AUTH_003-HAPPY;TST-AUTH_004-HAPPY;TST-AUTH_001-IDEMPOTENT;TST-AUTH_002-IDEMPOTENT;TST-AUTH_003-IDEMPOTENT;TST-AUTH_004-IDEMPOTENT,B12/P03,READY,EXACT_CONSTRUCTION_BOUND_V1.2.2
ANDROID,SCR-AUTH-008,注销账号,/me/security/cancel,MOB-SETTINGS,R02,REQ-AUTH-001;REQ-AUTH-002;REQ-AUTH-003;REQ-AUTH-004,POST /api/v1/me/cancellation,userPostMeCancellation,users;user_profiles;user_settings;user_status_logs;h5_page_configs;cms_articles;agreements;app_versions;content_posts;app_release_records;app_build_artifacts;user_credentials;auth_security_challenges;user_sessions;user_devices;sms_verification_codes;login_logs;support_tickets;ticket_messages;ticket_attachments;ticket_status_logs,auth,auth.default_login_method;auth.security_challenge.provider;auth.security_challenge.mode;auth.password.min_length;auth.password.max_length;auth.password.max_failures;auth.password.lock_seconds;auth.invite.app_required,catalogs/ui_page_fields.csv#SCR-AUTH-008,catalogs/ui_page_states.csv#SCR-AUTH-008,catalogs/ui_action_matrix.csv#SCR-AUTH-008,TST-AUTH_001-HAPPY;TST-AUTH_002-HAPPY;TST-AUTH_003-HAPPY;TST-AUTH_004-HAPPY;TST-AUTH_001-IDEMPOTENT;TST-AUTH_002-IDEMPOTENT;TST-AUTH_003-IDEMPOTENT;TST-AUTH_004-IDEMPOTENT,B01/P02-P07,READY,EXACT_CONSTRUCTION_BOUND_V1.2.2
ANDROID,SCR-HOME-001,首页,/home,MOB-HOME,R06,REQ-HOME-001;REQ-CONTENT-001,GET /api/v1/home,homeGetHome,home_modules;banners;content_posts;content_stats;content_versions;content_status_logs;content_review_records;content_media;content_contacts;content_favorites;content_view_logs;content_contact_access_logs;conversations;conversation_members;chat_messages;chat_read_receipts;user_blocks;chat_reports,content,content.limit.normal.online;content.limit.month.online;content.limit.quarter.online;content.limit.year.online;content.team_leader_per_account;content.limit.normal.pending;content.limit.normal.drafts;content.limit.normal.daily_submissions,catalogs/ui_page_fields.csv#SCR-HOME-001,catalogs/ui_page_states.csv#SCR-HOME-001,catalogs/ui_action_matrix.csv#SCR-HOME-001,TST-HOME_001-HAPPY;TST-CONTENT_001-HAPPY,B02/P01-P08,READY,EXACT_CONSTRUCTION_BOUND_V1.2.2
ANDROID,SCR-SEARCH-001,全局搜索,/search,MOB-SEARCH,R07,REQ-SEARCH-001,GET /api/v1/search/hot;GET /api/v1/search/history;GET /api/v1/search,searchGetSearchHot;searchGetSearchHistory;searchGetSearch,search_histories;hot_search_terms;content_posts,search,search.default_page_size;search.hot_keywords.max_count,catalogs/ui_page_fields.csv#SCR-SEARCH-001,catalogs/ui_page_states.csv#SCR-SEARCH-001,catalogs/ui_action_matrix.csv#SCR-SEARCH-001,TST-SEARCH_001-HAPPY,B02/P01-P08,READY,EXACT_CONSTRUCTION_BOUND_V1.2.2
ANDROID,SCR-SEARCH-002,搜索结果,/search/result,MOB-SEARCH,R07,REQ-SEARCH-001,GET /api/v1/search,searchGetSearch,search_histories;hot_search_terms;content_posts,search,search.default_page_size;search.hot_keywords.max_count,catalogs/ui_page_fields.csv#SCR-SEARCH-002,catalogs/ui_page_states.csv#SCR-SEARCH-002,catalogs/ui_action_matrix.csv#SCR-SEARCH-002,TST-SEARCH_001-HAPPY,B02/P01-P08,READY,EXACT_CONSTRUCTION_BOUND_V1.2.2
ANDROID,SCR-LIST-001,项目列表,/content/projects,MOB-LIST,R08,REQ-CONTENT-001;REQ-PROJECT-001,GET /api/v1/contents,contentGetContents,content_posts;content_versions;content_status_logs;content_review_records;content_media;content_contacts;content_stats;content_favorites;content_view_logs;content_contact_access_logs;home_modules;banners;conversations;conversation_members;chat_messages;chat_read_receipts;user_blocks;chat_reports;h5_page_configs;cms_articles;agreements;app_versions,content,content.limit.normal.online;content.limit.month.online;content.limit.quarter.online;content.limit.year.online;content.team_leader_per_account;content.limit.normal.pending;content.limit.normal.drafts;content.limit.normal.daily_submissions,catalogs/ui_page_fields.csv#SCR-LIST-001,catalogs/ui_page_states.csv#SCR-LIST-001,catalogs/ui_action_matrix.csv#SCR-LIST-001,TST-CONTENT_001-HAPPY;TST-PROJECT_001-HAPPY,B02/P01-P08,READY,EXACT_CONSTRUCTION_BOUND_V1.2.2
ANDROID,SCR-LIST-002,App列表,/content/apps,MOB-LIST,R09,REQ-CONTENT-001;REQ-APP-PROMO-001,GET /api/v1/contents,contentGetContents,content_posts;content_versions;content_status_logs;content_review_records;content_media;content_contacts;content_stats;content_favorites;content_view_logs;content_contact_access_logs;home_modules;banners;conversations;conversation_members;chat_messages;chat_read_receipts;user_blocks;chat_reports;h5_page_configs;cms_articles;agreements;app_versions,content,content.limit.normal.online;content.limit.month.online;content.limit.quarter.online;content.limit.year.online;content.team_leader_per_account;content.limit.normal.pending;content.limit.normal.drafts;content.limit.normal.daily_submissions,catalogs/ui_page_fields.csv#SCR-LIST-002,catalogs/ui_page_states.csv#SCR-LIST-002,catalogs/ui_action_matrix.csv#SCR-LIST-002,TST-CONTENT_001-HAPPY;TST-APP_PROMO_001-HAPPY,B02/P01-P08,READY,EXACT_CONSTRUCTION_BOUND_V1.2.2
ANDROID,SCR-LIST-003,群聊列表,/content/groups,MOB-LIST,R10,REQ-CONTENT-001;REQ-GROUP-001,GET /api/v1/contents,contentGetContents,content_posts;content_versions;content_status_logs;content_review_records;content_media;content_contacts;content_stats;content_favorites;content_view_logs;content_contact_access_logs;home_modules;banners;conversations;conversation_members;chat_messages;chat_read_receipts;user_blocks;chat_reports;h5_page_configs;cms_articles;agreements;app_versions,content,content.limit.normal.online;content.limit.month.online;content.limit.quarter.online;content.limit.year.online;content.team_leader_per_account;content.limit.normal.pending;content.limit.normal.drafts;content.limit.normal.daily_submissions,catalogs/ui_page_fields.csv#SCR-LIST-003,catalogs/ui_page_states.csv#SCR-LIST-003,catalogs/ui_action_matrix.csv#SCR-LIST-003,TST-CONTENT_001-HAPPY;TST-GROUP_001-HAPPY,B02/P01-P08,READY,EXACT_CONSTRUCTION_BOUND_V1.2.2
ANDROID,SCR-LIST-004,团队长列表,/content/team-leaders,MOB-LIST,R11,REQ-CONTENT-001;REQ-TEAM-001,GET /api/v1/contents,contentGetContents,content_posts;content_versions;content_status_logs;content_review_records;content_media;content_contacts;content_stats;content_favorites;content_view_logs;content_contact_access_logs;home_modules;banners;conversations;conversation_members;chat_messages;chat_read_receipts;user_blocks;chat_reports;h5_page_configs;cms_articles;agreements;app_versions,content,content.limit.normal.online;content.limit.month.online;content.limit.quarter.online;content.limit.year.online;content.team_leader_per_account;content.limit.normal.pending;content.limit.normal.drafts;content.limit.normal.daily_submissions,catalogs/ui_page_fields.csv#SCR-LIST-004,catalogs/ui_page_states.csv#SCR-LIST-004,catalogs/ui_action_matrix.csv#SCR-LIST-004,TST-CONTENT_001-HAPPY;TST-TEAM_001-HAPPY,B02/P01-P08,READY,EXACT_CONSTRUCTION_BOUND_V1.2.2
ANDROID,SCR-DETAIL-001,项目详情,/content/project/{id},MOB-DETAIL,R08,REQ-CONTENT-001;REQ-CONTACT-001;REQ-PROJECT-001,GET /api/v1/contents/{id};POST /api/v1/contents/{id}/contacts/{channel}/access;POST /api/v1/conversations/direct;POST /api/v1/contents/{id}/favorite;POST /api/v1/contents/{id}/share,contentGetContentsById;contentPostContentsByIdContactsByChannelAccess;chatPostConversationsDirect;contentPostContentsByIdFavorite;contentPostContentsByIdShare,content_posts;content_versions;content_status_logs;content_review_records;content_media;content_contacts;content_stats;content_favorites;content_view_logs;content_contact_access_logs;conversations;conversation_members;chat_messages;chat_read_receipts;user_blocks;chat_reports;home_modules;banners;h5_page_configs;cms_articles;agreements;app_versions,content;chat,content.limit.normal.online;content.limit.month.online;content.limit.quarter.online;content.limit.year.online;content.team_leader_per_account;content.limit.normal.pending;content.limit.normal.drafts;content.limit.normal.daily_submissions;chat.stranger.daily_conversation_limit;chat.message.per_minute_limit;chat.image.max_mb;chat.history.retention_days,catalogs/ui_page_fields.csv#SCR-DETAIL-001,catalogs/ui_page_states.csv#SCR-DETAIL-001,catalogs/ui_action_matrix.csv#SCR-DETAIL-001,TST-CONTENT_001-HAPPY;TST-CONTACT_001-HAPPY;TST-PROJECT_001-HAPPY;TST-CONTENT_001-IDEMPOTENT;TST-CONTACT_001-IDEMPOTENT;TST-PROJECT_001-IDEMPOTENT,B03/P01-P07,READY,EXACT_CONSTRUCTION_BOUND_V1.2.2
ANDROID,SCR-DETAIL-002,App详情,/content/app/{id},MOB-DETAIL,R09,REQ-CONTENT-001;REQ-CONTACT-001;REQ-APP-PROMO-001,GET /api/v1/contents/{id};POST /api/v1/contents/{id}/contacts/{channel}/access;POST /api/v1/conversations/direct;POST /api/v1/contents/{id}/favorite;POST /api/v1/contents/{id}/share,contentGetContentsById;contentPostContentsByIdContactsByChannelAccess;chatPostConversationsDirect;contentPostContentsByIdFavorite;contentPostContentsByIdShare,content_posts;content_versions;content_status_logs;content_review_records;content_media;content_contacts;content_stats;content_favorites;content_view_logs;content_contact_access_logs;conversations;conversation_members;chat_messages;chat_read_receipts;user_blocks;chat_reports;home_modules;banners;h5_page_configs;cms_articles;agreements;app_versions,content;chat,content.limit.normal.online;content.limit.month.online;content.limit.quarter.online;content.limit.year.online;content.team_leader_per_account;content.limit.normal.pending;content.limit.normal.drafts;content.limit.normal.daily_submissions;chat.stranger.daily_conversation_limit;chat.message.per_minute_limit;chat.image.max_mb;chat.history.retention_days,catalogs/ui_page_fields.csv#SCR-DETAIL-002,catalogs/ui_page_states.csv#SCR-DETAIL-002,catalogs/ui_action_matrix.csv#SCR-DETAIL-002,TST-CONTENT_001-HAPPY;TST-CONTACT_001-HAPPY;TST-APP_PROMO_001-HAPPY;TST-CONTENT_001-IDEMPOTENT;TST-CONTACT_001-IDEMPOTENT;TST-APP_PROMO_001-IDEMPOTENT,B03/P01-P07,READY,EXACT_CONSTRUCTION_BOUND_V1.2.2
ANDROID,SCR-DETAIL-003,群聊详情,/content/group/{id},MOB-DETAIL,R10,REQ-CONTENT-001;REQ-CONTACT-001;REQ-GROUP-001,GET /api/v1/contents/{id};POST /api/v1/contents/{id}/contacts/{channel}/access;POST /api/v1/conversations/direct;POST /api/v1/contents/{id}/favorite;POST /api/v1/contents/{id}/share,contentGetContentsById;contentPostContentsByIdContactsByChannelAccess;chatPostConversationsDirect;contentPostContentsByIdFavorite;contentPostContentsByIdShare,content_posts;content_versions;content_status_logs;content_review_records;content_media;content_contacts;content_stats;content_favorites;content_view_logs;content_contact_access_logs;conversations;conversation_members;chat_messages;chat_read_receipts;user_blocks;chat_reports;home_modules;banners;h5_page_configs;cms_articles;agreements;app_versions,content;chat,content.limit.normal.online;content.limit.month.online;content.limit.quarter.online;content.limit.year.online;content.team_leader_per_account;content.limit.normal.pending;content.limit.normal.drafts;content.limit.normal.daily_submissions;chat.stranger.daily_conversation_limit;chat.message.per_minute_limit;chat.image.max_mb;chat.history.retention_days,catalogs/ui_page_fields.csv#SCR-DETAIL-003,catalogs/ui_page_states.csv#SCR-DETAIL-003,catalogs/ui_action_matrix.csv#SCR-DETAIL-003,TST-CONTENT_001-HAPPY;TST-CONTACT_001-HAPPY;TST-GROUP_001-HAPPY;TST-CONTENT_001-IDEMPOTENT;TST-CONTACT_001-IDEMPOTENT;TST-GROUP_001-IDEMPOTENT,B03/P01-P07,READY,EXACT_CONSTRUCTION_BOUND_V1.2.2
ANDROID,SCR-DETAIL-004,团队长详情,/content/team-leader/{id},MOB-DETAIL,R11,REQ-CONTENT-001;REQ-CONTACT-001;REQ-TEAM-001,GET /api/v1/contents/{id};POST /api/v1/contents/{id}/contacts/{channel}/access;POST /api/v1/conversations/direct;POST /api/v1/contents/{id}/favorite;POST /api/v1/contents/{id}/share,contentGetContentsById;contentPostContentsByIdContactsByChannelAccess;chatPostConversationsDirect;contentPostContentsByIdFavorite;contentPostContentsByIdShare,content_posts;content_versions;content_status_logs;content_review_records;content_media;content_contacts;content_stats;content_favorites;content_view_logs;content_contact_access_logs;conversations;conversation_members;chat_messages;chat_read_receipts;user_blocks;chat_reports;home_modules;banners;h5_page_configs;cms_articles;agreements;app_versions,content;chat,content.limit.normal.online;content.limit.month.online;content.limit.quarter.online;content.limit.year.online;content.team_leader_per_account;content.limit.normal.pending;content.limit.normal.drafts;content.limit.normal.daily_submissions;chat.stranger.daily_conversation_limit;chat.message.per_minute_limit;chat.image.max_mb;chat.history.retention_days,catalogs/ui_page_fields.csv#SCR-DETAIL-004,catalogs/ui_page_states.csv#SCR-DETAIL-004,catalogs/ui_action_matrix.csv#SCR-DETAIL-004,TST-CONTENT_001-HAPPY;TST-CONTACT_001-HAPPY;TST-TEAM_001-HAPPY;TST-CONTENT_001-IDEMPOTENT;TST-CONTACT_001-IDEMPOTENT;TST-TEAM_001-IDEMPOTENT,B03/P01-P07,READY,EXACT_CONSTRUCTION_BOUND_V1.2.2
ANDROID,SCR-PUBLISHER-001,发布者主页,/publisher/{userId},MOB-DETAIL,R07,REQ-PUBLISHER-001,GET /api/v1/publishers/{id};GET /api/v1/contents,userGetPublishersById;contentGetContents,users;user_profiles;user_settings;user_status_logs;content_posts;content_versions;content_status_logs;content_review_records;content_media;content_contacts;content_stats;content_favorites;content_view_logs;content_contact_access_logs;membership_plans;membership_skus;user_memberships;membership_entitlement_segments;membership_benefit_snapshots;membership_upgrade_quotes;reward_accounts;reward_ledger;reward_settlements;reward_freezes;accounting_entries,auth;content,auth.default_login_method;auth.security_challenge.provider;auth.security_challenge.mode;auth.password.min_length;auth.password.max_length;auth.password.max_failures;auth.password.lock_seconds;auth.invite.app_required;content.limit.normal.online;content.limit.month.online;content.limit.quarter.online;content.limit.year.online;content.team_leader_per_account;content.limit.normal.pending;content.limit.normal.drafts;content.limit.normal.daily_submissions,catalogs/ui_page_fields.csv#SCR-PUBLISHER-001,catalogs/ui_page_states.csv#SCR-PUBLISHER-001,catalogs/ui_action_matrix.csv#SCR-PUBLISHER-001,TST-PUBLISHER_001-HAPPY,B03/P01-P07,READY,EXACT_CONSTRUCTION_BOUND_V1.2.2
ANDROID,SHEET-CONTACT-001,联系方式面板,sheet://contact,MOB-SHEET,R07,REQ-CONTACT-001;REQ-ACTIVITY-001,POST /api/v1/contents/{id}/contacts/{channel}/access,contentPostContentsByIdContactsByChannelAccess,content_posts;content_versions;content_status_logs;content_review_records;content_media;content_contacts;content_stats;content_favorites;content_view_logs;content_contact_access_logs;conversations;conversation_members;chat_messages;chat_read_receipts;user_blocks;chat_reports,content,content.limit.normal.online;content.limit.month.online;content.limit.quarter.online;content.limit.year.online;content.team_leader_per_account;content.limit.normal.pending;content.limit.normal.drafts;content.limit.normal.daily_submissions,catalogs/ui_page_fields.csv#SHEET-CONTACT-001,catalogs/ui_page_states.csv#SHEET-CONTACT-001,catalogs/ui_action_matrix.csv#SHEET-CONTACT-001,TST-CONTACT_001-HAPPY;TST-ACTIVITY_001-HAPPY;TST-CONTACT_001-IDEMPOTENT;TST-ACTIVITY_001-IDEMPOTENT,B03/P01-P07,READY,EXACT_CONSTRUCTION_BOUND_V1.2.2
ANDROID,SHEET-REPORT-001,举报面板,sheet://report,MOB-SHEET,R15,REQ-SUPPORT-001,POST /api/v1/contents/{id}/report,contentPostContentsByIdReport,content_posts;content_versions;content_status_logs;content_review_records;content_media;content_contacts;content_stats;content_favorites;content_view_logs;content_contact_access_logs;support_tickets;ticket_messages;ticket_attachments;ticket_status_logs;h5_page_configs;cms_articles;agreements;app_versions,content,content.limit.normal.online;content.limit.month.online;content.limit.quarter.online;content.limit.year.online;content.team_leader_per_account;content.limit.normal.pending;content.limit.normal.drafts;content.limit.normal.daily_submissions,catalogs/ui_page_fields.csv#SHEET-REPORT-001,catalogs/ui_page_states.csv#SHEET-REPORT-001,catalogs/ui_action_matrix.csv#SHEET-REPORT-001,TST-SUPPORT_001-HAPPY;TST-SUPPORT_001-IDEMPOTENT,TOKENS_ONLY/-,READY,EXACT_CONSTRUCTION_BOUND_V1.2.2
ANDROID,SHEET-SHARE-001,分享面板,sheet://share,MOB-SHEET,R13,REQ-ACTIVITY-001;REQ-H5-001,POST /api/v1/contents/{id}/share,contentPostContentsByIdShare,content_posts;content_versions;content_status_logs;content_review_records;content_media;content_contacts;content_stats;content_favorites;content_view_logs;content_contact_access_logs;h5_page_configs;cms_articles;agreements;app_versions,content,content.limit.normal.online;content.limit.month.online;content.limit.quarter.online;content.limit.year.online;content.team_leader_per_account;content.limit.normal.pending;content.limit.normal.drafts;content.limit.normal.daily_submissions,catalogs/ui_page_fields.csv#SHEET-SHARE-001,catalogs/ui_page_states.csv#SHEET-SHARE-001,catalogs/ui_action_matrix.csv#SHEET-SHARE-001,TST-ACTIVITY_001-HAPPY;TST-H5_001-HAPPY;TST-ACTIVITY_001-IDEMPOTENT;TST-H5_001-IDEMPOTENT,TOKENS_ONLY/-,READY,EXACT_CONSTRUCTION_BOUND_V1.2.2
ANDROID,SCR-RP-001,红包首页,/red-packet,MOB-HOME,R22,REQ-RP-003;REQ-RP-006,GET /api/v1/red-packet-campaigns,redPacketGetRedPacketCampaigns,red_packet_campaigns;red_packet_campaign_versions;red_packet_quotes;red_packet_orders;red_packet_stock;red_packet_view_sessions;red_packet_reservations;red_packet_claims;red_packet_ledger;reward_ledger;outbox_events;reward_accounts;reward_settlements;reward_freezes;accounting_entries,red_packet,red_packet.default_view_seconds;red_packet.reservation_min_seconds;red_packet.unit_amount_min_cent;red_packet.unit_amount_max_cent;red_packet.min_count;red_packet.service_fee_bps;red_packet.one_active_per_content;red_packet.allow_raise_unit_amount,catalogs/ui_page_fields.csv#SCR-RP-001,catalogs/ui_page_states.csv#SCR-RP-001,catalogs/ui_action_matrix.csv#SCR-RP-001,TST-RP_003-HAPPY;TST-RP_006-HAPPY,B03/B09/P01/P08,READY,EXACT_CONSTRUCTION_BOUND_V1.2.2
ANDROID,SCR-RP-002,红包任务资格,/red-packet/{id}/eligibility,MOB-TIMED-TASK,R22,REQ-RP-003;REQ-RP-006,GET /api/v1/red-packet-campaigns/{id};POST /api/v1/red-packet-campaigns/{id}/view-sessions,redPacketGetRedPacketCampaignsById;redPacketPostRedPacketCampaignsByIdViewSessions,red_packet_campaigns;red_packet_campaign_versions;red_packet_quotes;red_packet_orders;red_packet_stock;red_packet_view_sessions;red_packet_reservations;red_packet_claims;red_packet_ledger;reward_ledger;outbox_events;reward_accounts;reward_settlements;reward_freezes;accounting_entries,red_packet,red_packet.default_view_seconds;red_packet.reservation_min_seconds;red_packet.unit_amount_min_cent;red_packet.unit_amount_max_cent;red_packet.min_count;red_packet.service_fee_bps;red_packet.one_active_per_content;red_packet.allow_raise_unit_amount,catalogs/ui_page_fields.csv#SCR-RP-002,catalogs/ui_page_states.csv#SCR-RP-002,catalogs/ui_action_matrix.csv#SCR-RP-002,TST-RP_003-HAPPY;TST-RP_006-HAPPY;TST-RP_003-IDEMPOTENT;TST-RP_006-IDEMPOTENT,B03/B09/P01/P08,READY,EXACT_CONSTRUCTION_BOUND_V1.2.2
ANDROID,SCR-RP-003,红包浏览任务,/red-packet/{id}/view,MOB-TIMED-TASK,R22,REQ-RP-003;REQ-RP-006,POST /api/v1/red-packet-campaigns/{id}/view-sessions;POST /api/v1/red-packet-view-sessions/{id}/heartbeat;POST /api/v1/red-packet-view-sessions/{id}/claim;POST /api/v1/red-packet-view-sessions/{id}/cancel,redPacketPostRedPacketCampaignsByIdViewSessions;redPacketPostRedPacketViewSessionsByIdHeartbeat;redPacketPostRedPacketViewSessionsByIdClaim;redPacketPostRedPacketViewSessionsByIdCancel,red_packet_campaigns;red_packet_campaign_versions;red_packet_quotes;red_packet_orders;red_packet_stock;red_packet_view_sessions;red_packet_reservations;red_packet_claims;red_packet_ledger;reward_ledger;outbox_events;reward_accounts;reward_settlements;reward_freezes;accounting_entries,red_packet,red_packet.default_view_seconds;red_packet.reservation_min_seconds;red_packet.unit_amount_min_cent;red_packet.unit_amount_max_cent;red_packet.min_count;red_packet.service_fee_bps;red_packet.one_active_per_content;red_packet.allow_raise_unit_amount,catalogs/ui_page_fields.csv#SCR-RP-003,catalogs/ui_page_states.csv#SCR-RP-003,catalogs/ui_action_matrix.csv#SCR-RP-003,TST-RP_003-HAPPY;TST-RP_006-HAPPY;TST-RP_003-IDEMPOTENT;TST-RP_006-IDEMPOTENT,B03/B09/P01/P08,READY,EXACT_CONSTRUCTION_BOUND_V1.2.2
ANDROID,SHEET-RP-001,红包领取面板,sheet://red-packet-claim,MOB-SHEET,R22,REQ-RP-003;REQ-REWARD-001,POST /api/v1/red-packet-view-sessions/{id}/claim;GET /api/v1/me/reward-account,redPacketPostRedPacketViewSessionsByIdClaim;rewardGetMeRewardAccount,red_packet_campaigns;red_packet_campaign_versions;red_packet_quotes;red_packet_orders;red_packet_stock;red_packet_view_sessions;red_packet_reservations;red_packet_claims;red_packet_ledger;reward_ledger;outbox_events;reward_accounts;reward_settlements;reward_freezes;accounting_entries,red_packet;withdrawal,red_packet.default_view_seconds;red_packet.reservation_min_seconds;red_packet.unit_amount_min_cent;red_packet.unit_amount_max_cent;red_packet.min_count;red_packet.service_fee_bps;red_packet.one_active_per_content;red_packet.allow_raise_unit_amount;withdrawal.min_amount_cent.normal;withdrawal.fee.fixed_cent.normal;withdrawal.fee.bps.normal;withdrawal.daily_count.normal;withdrawal.min_amount_cent.month;withdrawal.fee.fixed_cent.month;withdrawal.fee.bps.month;withdrawal.daily_count.month,catalogs/ui_page_fields.csv#SHEET-RP-001,catalogs/ui_page_states.csv#SHEET-RP-001,catalogs/ui_action_matrix.csv#SHEET-RP-001,TST-RP_003-HAPPY;TST-REWARD_001-HAPPY;TST-RP_003-IDEMPOTENT;TST-REWARD_001-IDEMPOTENT,TOKENS_ONLY/-,READY,EXACT_CONSTRUCTION_BOUND_V1.2.2
ANDROID,SCR-RP-004,我的红包,/me/rewards/red-packets,MOB-WALLET,R23,REQ-RP-003;REQ-RP-006,GET /api/v1/me/red-packet-claims;GET /api/v1/me/reward-account,redPacketGetMeRedPacketClaims;rewardGetMeRewardAccount,red_packet_campaigns;red_packet_campaign_versions;red_packet_quotes;red_packet_orders;red_packet_stock;red_packet_view_sessions;red_packet_reservations;red_packet_claims;red_packet_ledger;reward_ledger;outbox_events;reward_accounts;reward_settlements;reward_freezes;accounting_entries,red_packet;withdrawal,red_packet.default_view_seconds;red_packet.reservation_min_seconds;red_packet.unit_amount_min_cent;red_packet.unit_amount_max_cent;red_packet.min_count;red_packet.service_fee_bps;red_packet.one_active_per_content;red_packet.allow_raise_unit_amount;withdrawal.min_amount_cent.normal;withdrawal.fee.fixed_cent.normal;withdrawal.fee.bps.normal;withdrawal.daily_count.normal;withdrawal.min_amount_cent.month;withdrawal.fee.fixed_cent.month;withdrawal.fee.bps.month;withdrawal.daily_count.month,catalogs/ui_page_fields.csv#SCR-RP-004,catalogs/ui_page_states.csv#SCR-RP-004,catalogs/ui_action_matrix.csv#SCR-RP-004,TST-RP_003-HAPPY;TST-RP_006-HAPPY,B03/B09/P01/P08,READY,EXACT_CONSTRUCTION_BOUND_V1.2.2
ANDROID,SCR-RP-ADV-001,红包活动列表,/me/red-packet-campaigns,MOB-LIST,R20,REQ-RP-001;REQ-RP-004;REQ-RP-005,GET /api/v1/me/red-packet-campaigns,redPacketGetMeRedPacketCampaigns,red_packet_campaigns;red_packet_campaign_versions;red_packet_quotes;red_packet_orders;red_packet_stock;red_packet_view_sessions;red_packet_reservations;red_packet_claims;red_packet_ledger;reward_ledger;outbox_events,red_packet,red_packet.default_view_seconds;red_packet.reservation_min_seconds;red_packet.unit_amount_min_cent;red_packet.unit_amount_max_cent;red_packet.min_count;red_packet.service_fee_bps;red_packet.one_active_per_content;red_packet.allow_raise_unit_amount,catalogs/ui_page_fields.csv#SCR-RP-ADV-001,catalogs/ui_page_states.csv#SCR-RP-ADV-001,catalogs/ui_action_matrix.csv#SCR-RP-ADV-001,TST-RP_001-HAPPY;TST-RP_004-HAPPY;TST-RP_005-HAPPY,B08/P05,READY,EXACT_CONSTRUCTION_BOUND_V1.2.2
ANDROID,SCR-RP-ADV-002,创建红包,/me/red-packet-campaigns/create,MOB-FORM,R20,REQ-RP-001;REQ-RP-004;REQ-RP-005;REQ-PAGE-SPEC-001,POST /api/v1/red-packet-campaigns;PATCH /api/v1/red-packet-campaigns/{id},redPacketPostRedPacketCampaigns;redPacketPatchRedPacketCampaignsById,red_packet_campaigns;red_packet_campaign_versions;red_packet_quotes;red_packet_orders;red_packet_stock;red_packet_view_sessions;red_packet_reservations;red_packet_claims;red_packet_ledger;reward_ledger;outbox_events,red_packet,red_packet.default_view_seconds;red_packet.reservation_min_seconds;red_packet.unit_amount_min_cent;red_packet.unit_amount_max_cent;red_packet.min_count;red_packet.service_fee_bps;red_packet.one_active_per_content;red_packet.allow_raise_unit_amount,catalogs/ui_page_fields.csv#SCR-RP-ADV-002,catalogs/ui_page_states.csv#SCR-RP-ADV-002,catalogs/ui_action_matrix.csv#SCR-RP-ADV-002,TST-RP_001-HAPPY;TST-RP_004-HAPPY;TST-RP_005-HAPPY;TST-RP_001-IDEMPOTENT;TST-RP_004-IDEMPOTENT;TST-RP_005-IDEMPOTENT;TST-V122-009,B03/B09/P01/P08,READY,EXACT_CONSTRUCTION_BOUND_V1.2.2
ANDROID,SCR-RP-ADV-003,预审核结果,/me/red-packet-campaigns/{id}/review,MOB-STATUS,R20,REQ-RP-001;REQ-RP-004;REQ-RP-005,GET /api/v1/red-packet-campaigns/{id};POST /api/v1/red-packet-campaigns/{id}/submit-review,redPacketGetRedPacketCampaignsById;redPacketPostRedPacketCampaignsByIdSubmitReview,red_packet_campaigns;red_packet_campaign_versions;red_packet_quotes;red_packet_orders;red_packet_stock;red_packet_view_sessions;red_packet_reservations;red_packet_claims;red_packet_ledger;reward_ledger;outbox_events,red_packet,red_packet.default_view_seconds;red_packet.reservation_min_seconds;red_packet.unit_amount_min_cent;red_packet.unit_amount_max_cent;red_packet.min_count;red_packet.service_fee_bps;red_packet.one_active_per_content;red_packet.allow_raise_unit_amount,catalogs/ui_page_fields.csv#SCR-RP-ADV-003,catalogs/ui_page_states.csv#SCR-RP-ADV-003,catalogs/ui_action_matrix.csv#SCR-RP-ADV-003,TST-RP_001-HAPPY;TST-RP_004-HAPPY;TST-RP_005-HAPPY;TST-RP_001-IDEMPOTENT;TST-RP_004-IDEMPOTENT;TST-RP_005-IDEMPOTENT,B03/B09/P01/P08,READY,EXACT_CONSTRUCTION_BOUND_V1.2.2
ANDROID,SCR-RP-ADV-004,红包报价确认,/me/red-packet-campaigns/{id}/quote,MOB-CHECKOUT,R20,REQ-RP-001;REQ-RP-004;REQ-RP-005,POST /api/v1/red-packet-campaigns/{id}/quote;POST /api/v1/red-packet-campaigns/{id}/orders,redPacketPostRedPacketCampaignsByIdQuote;redPacketPostRedPacketCampaignsByIdOrders,red_packet_campaigns;red_packet_campaign_versions;red_packet_quotes;red_packet_orders;red_packet_stock;red_packet_view_sessions;red_packet_reservations;red_packet_claims;red_packet_ledger;reward_ledger;outbox_events,red_packet,red_packet.default_view_seconds;red_packet.reservation_min_seconds;red_packet.unit_amount_min_cent;red_packet.unit_amount_max_cent;red_packet.min_count;red_packet.service_fee_bps;red_packet.one_active_per_content;red_packet.allow_raise_unit_amount,catalogs/ui_page_fields.csv#SCR-RP-ADV-004,catalogs/ui_page_states.csv#SCR-RP-ADV-004,catalogs/ui_action_matrix.csv#SCR-RP-ADV-004,TST-RP_001-HAPPY;TST-RP_004-HAPPY;TST-RP_005-HAPPY;TST-RP_001-IDEMPOTENT;TST-RP_004-IDEMPOTENT;TST-RP_005-IDEMPOTENT,B03/B09/P01/P08,READY,EXACT_CONSTRUCTION_BOUND_V1.2.2
ANDROID,SCR-RP-ADV-005,红包活动详情,/me/red-packet-campaigns/{id},MOB-DETAIL,R21,REQ-RP-001;REQ-RP-004;REQ-RP-005,GET /api/v1/me/red-packet-campaigns/{id}/analytics;POST /api/v1/red-packet-campaigns/{id}/pause;POST /api/v1/red-packet-campaigns/{id}/resume;POST /api/v1/red-packet-campaigns/{id}/close,redPacketGetMeRedPacketCampaignsByIdAnalytics;redPacketPostRedPacketCampaignsByIdPause;redPacketPostRedPacketCampaignsByIdResume;redPacketPostRedPacketCampaignsByIdClose,red_packet_campaigns;red_packet_campaign_versions;red_packet_quotes;red_packet_orders;red_packet_stock;red_packet_view_sessions;red_packet_reservations;red_packet_claims;red_packet_ledger;reward_ledger;outbox_events,red_packet,red_packet.default_view_seconds;red_packet.reservation_min_seconds;red_packet.unit_amount_min_cent;red_packet.unit_amount_max_cent;red_packet.min_count;red_packet.service_fee_bps;red_packet.one_active_per_content;red_packet.allow_raise_unit_amount,catalogs/ui_page_fields.csv#SCR-RP-ADV-005,catalogs/ui_page_states.csv#SCR-RP-ADV-005,catalogs/ui_action_matrix.csv#SCR-RP-ADV-005,TST-RP_001-HAPPY;TST-RP_004-HAPPY;TST-RP_005-HAPPY;TST-RP_001-IDEMPOTENT;TST-RP_004-IDEMPOTENT;TST-RP_005-IDEMPOTENT,B08/P05,READY,EXACT_CONSTRUCTION_BOUND_V1.2.2
ANDROID,SCR-RP-ADV-006,提高红包金额,/me/red-packet-campaigns/{id}/increase,MOB-CHECKOUT,R21,REQ-RP-001;REQ-RP-004;REQ-RP-005,POST /api/v1/red-packet-campaigns/{id}/increase-quotes;POST /api/v1/red-packet-campaigns/{id}/increase-orders,redPacketPostRedPacketCampaignsByIdIncreaseQuotes;redPacketPostRedPacketCampaignsByIdIncreaseOrders,red_packet_campaigns;red_packet_campaign_versions;red_packet_quotes;red_packet_orders;red_packet_stock;red_packet_view_sessions;red_packet_reservations;red_packet_claims;red_packet_ledger;reward_ledger;outbox_events,red_packet,red_packet.default_view_seconds;red_packet.reservation_min_seconds;red_packet.unit_amount_min_cent;red_packet.unit_amount_max_cent;red_packet.min_count;red_packet.service_fee_bps;red_packet.one_active_per_content;red_packet.allow_raise_unit_amount,catalogs/ui_page_fields.csv#SCR-RP-ADV-006,catalogs/ui_page_states.csv#SCR-RP-ADV-006,catalogs/ui_action_matrix.csv#SCR-RP-ADV-006,TST-RP_001-HAPPY;TST-RP_004-HAPPY;TST-RP_005-HAPPY;TST-RP_001-IDEMPOTENT;TST-RP_004-IDEMPOTENT;TST-RP_005-IDEMPOTENT,B03/B09/P01/P08,READY,EXACT_CONSTRUCTION_BOUND_V1.2.2
ANDROID,SCR-PUB-001,发布入口,/publish,MOB-FORM,R12,REQ-PUBLISH-001,GET /api/v1/me;GET /api/v1/me/contents,userGetMe;contentGetMeContents,users;user_profiles;user_settings;user_status_logs;content_posts;content_versions;content_status_logs;content_review_records;content_media;content_contacts;content_stats;content_favorites;content_view_logs;content_contact_access_logs;identity_review_records;manual_review_cases;content_reports;chat_reports;content_appeals,auth;content,auth.default_login_method;auth.security_challenge.provider;auth.security_challenge.mode;auth.password.min_length;auth.password.max_length;auth.password.max_failures;auth.password.lock_seconds;auth.invite.app_required;content.limit.normal.online;content.limit.month.online;content.limit.quarter.online;content.limit.year.online;content.team_leader_per_account;content.limit.normal.pending;content.limit.normal.drafts;content.limit.normal.daily_submissions,catalogs/ui_page_fields.csv#SCR-PUB-001,catalogs/ui_page_states.csv#SCR-PUB-001,catalogs/ui_action_matrix.csv#SCR-PUB-001,TST-PUBLISH_001-HAPPY,TOKENS_ONLY/-,READY,EXACT_CONSTRUCTION_BOUND_V1.2.2
ANDROID,SCR-PUB-002,项目发布/编辑,/publish/project/{id?},MOB-FORM,R08,REQ-PUBLISH-001;REQ-PROJECT-001,POST /api/v1/contents;PATCH /api/v1/contents/{id},contentPostContents;contentPatchContentsById,content_posts;content_versions;content_status_logs;content_review_records;content_media;content_contacts;content_stats;content_favorites;content_view_logs;content_contact_access_logs;users;user_profiles;user_settings;user_status_logs;identity_review_records;manual_review_cases;content_reports;chat_reports;content_appeals;conversations;conversation_members;chat_messages;chat_read_receipts;user_blocks;h5_page_configs;cms_articles;agreements;app_versions,content,content.limit.normal.online;content.limit.month.online;content.limit.quarter.online;content.limit.year.online;content.team_leader_per_account;content.limit.normal.pending;content.limit.normal.drafts;content.limit.normal.daily_submissions,catalogs/ui_page_fields.csv#SCR-PUB-002,catalogs/ui_page_states.csv#SCR-PUB-002,catalogs/ui_action_matrix.csv#SCR-PUB-002,TST-PUBLISH_001-HAPPY;TST-PROJECT_001-HAPPY;TST-PUBLISH_001-IDEMPOTENT;TST-PROJECT_001-IDEMPOTENT,TOKENS_ONLY/-,READY,EXACT_CONSTRUCTION_BOUND_V1.2.2
ANDROID,SCR-PUB-003,App发布/编辑,/publish/app/{id?},MOB-FORM,R09,REQ-PUBLISH-001;REQ-APP-PROMO-001,POST /api/v1/contents;PATCH /api/v1/contents/{id},contentPostContents;contentPatchContentsById,content_posts;content_versions;content_status_logs;content_review_records;content_media;content_contacts;content_stats;content_favorites;content_view_logs;content_contact_access_logs;users;user_profiles;user_settings;user_status_logs;identity_review_records;manual_review_cases;content_reports;chat_reports;content_appeals;conversations;conversation_members;chat_messages;chat_read_receipts;user_blocks;h5_page_configs;cms_articles;agreements;app_versions,content,content.limit.normal.online;content.limit.month.online;content.limit.quarter.online;content.limit.year.online;content.team_leader_per_account;content.limit.normal.pending;content.limit.normal.drafts;content.limit.normal.daily_submissions,catalogs/ui_page_fields.csv#SCR-PUB-003,catalogs/ui_page_states.csv#SCR-PUB-003,catalogs/ui_action_matrix.csv#SCR-PUB-003,TST-PUBLISH_001-HAPPY;TST-APP_PROMO_001-HAPPY;TST-PUBLISH_001-IDEMPOTENT;TST-APP_PROMO_001-IDEMPOTENT,TOKENS_ONLY/-,READY,EXACT_CONSTRUCTION_BOUND_V1.2.2
ANDROID,SCR-PUB-004,群聊发布/编辑,/publish/group/{id?},MOB-FORM,R10,REQ-PUBLISH-001;REQ-GROUP-001,POST /api/v1/contents;PATCH /api/v1/contents/{id},contentPostContents;contentPatchContentsById,content_posts;content_versions;content_status_logs;content_review_records;content_media;content_contacts;content_stats;content_favorites;content_view_logs;content_contact_access_logs;users;user_profiles;user_settings;user_status_logs;identity_review_records;manual_review_cases;content_reports;chat_reports;content_appeals;conversations;conversation_members;chat_messages;chat_read_receipts;user_blocks;h5_page_configs;cms_articles;agreements;app_versions,content,content.limit.normal.online;content.limit.month.online;content.limit.quarter.online;content.limit.year.online;content.team_leader_per_account;content.limit.normal.pending;content.limit.normal.drafts;content.limit.normal.daily_submissions,catalogs/ui_page_fields.csv#SCR-PUB-004,catalogs/ui_page_states.csv#SCR-PUB-004,catalogs/ui_action_matrix.csv#SCR-PUB-004,TST-PUBLISH_001-HAPPY;TST-GROUP_001-HAPPY;TST-PUBLISH_001-IDEMPOTENT;TST-GROUP_001-IDEMPOTENT,TOKENS_ONLY/-,READY,EXACT_CONSTRUCTION_BOUND_V1.2.2
ANDROID,SCR-PUB-005,团队长资料编辑,/publish/team-leader,MOB-FORM,R11,REQ-PUBLISH-001;REQ-TEAM-001,POST /api/v1/contents;PATCH /api/v1/contents/{id},contentPostContents;contentPatchContentsById,content_posts;content_versions;content_status_logs;content_review_records;content_media;content_contacts;content_stats;content_favorites;content_view_logs;content_contact_access_logs;users;user_profiles;user_settings;user_status_logs;identity_review_records;manual_review_cases;content_reports;chat_reports;content_appeals;conversations;conversation_members;chat_messages;chat_read_receipts;user_blocks;h5_page_configs;cms_articles;agreements;app_versions,content,content.limit.normal.online;content.limit.month.online;content.limit.quarter.online;content.limit.year.online;content.team_leader_per_account;content.limit.normal.pending;content.limit.normal.drafts;content.limit.normal.daily_submissions,catalogs/ui_page_fields.csv#SCR-PUB-005,catalogs/ui_page_states.csv#SCR-PUB-005,catalogs/ui_action_matrix.csv#SCR-PUB-005,TST-PUBLISH_001-HAPPY;TST-TEAM_001-HAPPY;TST-PUBLISH_001-IDEMPOTENT;TST-TEAM_001-IDEMPOTENT,TOKENS_ONLY/-,READY,EXACT_CONSTRUCTION_BOUND_V1.2.2
ANDROID,SCR-PUB-006,发布预览,/publish/preview,MOB-FORM,R12,REQ-PUBLISH-001,GET /api/v1/contents/{id},contentGetContentsById,content_posts;content_versions;content_status_logs;content_review_records;content_media;content_contacts;content_stats;content_favorites;content_view_logs;content_contact_access_logs;users;user_profiles;user_settings;user_status_logs;identity_review_records;manual_review_cases;content_reports;chat_reports;content_appeals,content,content.limit.normal.online;content.limit.month.online;content.limit.quarter.online;content.limit.year.online;content.team_leader_per_account;content.limit.normal.pending;content.limit.normal.drafts;content.limit.normal.daily_submissions,catalogs/ui_page_fields.csv#SCR-PUB-006,catalogs/ui_page_states.csv#SCR-PUB-006,catalogs/ui_action_matrix.csv#SCR-PUB-006,TST-PUBLISH_001-HAPPY,TOKENS_ONLY/-,READY,EXACT_CONSTRUCTION_BOUND_V1.2.2
ANDROID,SCR-PUB-007,提交结果,/publish/result,MOB-STATUS,R12,REQ-PUBLISH-001,POST /api/v1/contents/{id}/submit,contentPostContentsByIdSubmit,content_posts;content_versions;content_status_logs;content_review_records;content_media;content_contacts;content_stats;content_favorites;content_view_logs;content_contact_access_logs;users;user_profiles;user_settings;user_status_logs;identity_review_records;manual_review_cases;content_reports;chat_reports;content_appeals,content,content.limit.normal.online;content.limit.month.online;content.limit.quarter.online;content.limit.year.online;content.team_leader_per_account;content.limit.normal.pending;content.limit.normal.drafts;content.limit.normal.daily_submissions,catalogs/ui_page_fields.csv#SCR-PUB-007,catalogs/ui_page_states.csv#SCR-PUB-007,catalogs/ui_action_matrix.csv#SCR-PUB-007,TST-PUBLISH_001-HAPPY;TST-PUBLISH_001-IDEMPOTENT,TOKENS_ONLY/-,READY,EXACT_CONSTRUCTION_BOUND_V1.2.2
ANDROID,SCR-MYC-001,我的发布,/me/contents,MOB-LIST,R12,REQ-PUBLISH-001;REQ-CONTENT-002,GET /api/v1/me/contents;POST /api/v1/contents/{id}/online;POST /api/v1/contents/{id}/offline,contentGetMeContents;contentPostContentsByIdOnline;contentPostContentsByIdOffline,content_posts;content_versions;content_status_logs;content_review_records;content_media;content_contacts;content_stats;content_favorites;content_view_logs;content_contact_access_logs;users;user_profiles;user_settings;user_status_logs;identity_review_records;manual_review_cases;content_reports;chat_reports;content_appeals,content,content.limit.normal.online;content.limit.month.online;content.limit.quarter.online;content.limit.year.online;content.team_leader_per_account;content.limit.normal.pending;content.limit.normal.drafts;content.limit.normal.daily_submissions,catalogs/ui_page_fields.csv#SCR-MYC-001,catalogs/ui_page_states.csv#SCR-MYC-001,catalogs/ui_action_matrix.csv#SCR-MYC-001,TST-PUBLISH_001-HAPPY;TST-CONTENT_002-HAPPY;TST-PUBLISH_001-IDEMPOTENT;TST-CONTENT_002-IDEMPOTENT,TOKENS_ONLY/-,READY,EXACT_CONSTRUCTION_BOUND_V1.2.2
ANDROID,SCR-MYC-002,草稿箱,/me/drafts,MOB-LIST,R12,REQ-PUBLISH-001;REQ-CONTENT-002,GET /api/v1/me/drafts;DELETE /api/v1/contents/{id},contentGetMeDrafts;contentDeleteContentsById,content_posts;content_versions;content_status_logs;content_review_records;content_media;content_contacts;content_stats;content_favorites;content_view_logs;content_contact_access_logs;users;user_profiles;user_settings;user_status_logs;identity_review_records;manual_review_cases;content_reports;chat_reports;content_appeals,content,content.limit.normal.online;content.limit.month.online;content.limit.quarter.online;content.limit.year.online;content.team_leader_per_account;content.limit.normal.pending;content.limit.normal.drafts;content.limit.normal.daily_submissions,catalogs/ui_page_fields.csv#SCR-MYC-002,catalogs/ui_page_states.csv#SCR-MYC-002,catalogs/ui_action_matrix.csv#SCR-MYC-002,TST-PUBLISH_001-HAPPY;TST-CONTENT_002-HAPPY;TST-PUBLISH_001-IDEMPOTENT;TST-CONTENT_002-IDEMPOTENT,TOKENS_ONLY/-,READY,EXACT_CONSTRUCTION_BOUND_V1.2.2
ANDROID,SCR-MYC-003,内容管理详情,/me/contents/{id},MOB-DETAIL,R12,REQ-PUBLISH-001;REQ-CONTENT-002,GET /api/v1/contents/{id};POST /api/v1/contents/{id}/copy;GET /api/v1/contents/{id}/analytics,contentGetContentsById;contentPostContentsByIdCopy;contentGetContentsByIdAnalytics,content_posts;content_versions;content_status_logs;content_review_records;content_media;content_contacts;content_stats;content_favorites;content_view_logs;content_contact_access_logs;users;user_profiles;user_settings;user_status_logs;identity_review_records;manual_review_cases;content_reports;chat_reports;content_appeals,content,content.limit.normal.online;content.limit.month.online;content.limit.quarter.online;content.limit.year.online;content.team_leader_per_account;content.limit.normal.pending;content.limit.normal.drafts;content.limit.normal.daily_submissions,catalogs/ui_page_fields.csv#SCR-MYC-003,catalogs/ui_page_states.csv#SCR-MYC-003,catalogs/ui_action_matrix.csv#SCR-MYC-003,TST-PUBLISH_001-HAPPY;TST-CONTENT_002-HAPPY;TST-PUBLISH_001-IDEMPOTENT;TST-CONTENT_002-IDEMPOTENT,TOKENS_ONLY/-,READY,EXACT_CONSTRUCTION_BOUND_V1.2.2
ANDROID,SCR-MYC-004,审核记录,/me/contents/{id}/reviews,MOB-LIST,R12,REQ-PUBLISH-001;REQ-CONTENT-002,GET /api/v1/contents/{id}/reviews,contentGetContentsByIdReviews,content_posts;content_versions;content_status_logs;content_review_records;content_media;content_contacts;content_stats;content_favorites;content_view_logs;content_contact_access_logs;users;user_profiles;user_settings;user_status_logs;identity_review_records;manual_review_cases;content_reports;chat_reports;content_appeals,content,content.limit.normal.online;content.limit.month.online;content.limit.quarter.online;content.limit.year.online;content.team_leader_per_account;content.limit.normal.pending;content.limit.normal.drafts;content.limit.normal.daily_submissions,catalogs/ui_page_fields.csv#SCR-MYC-004,catalogs/ui_page_states.csv#SCR-MYC-004,catalogs/ui_action_matrix.csv#SCR-MYC-004,TST-PUBLISH_001-HAPPY;TST-CONTENT_002-HAPPY,TOKENS_ONLY/-,READY,EXACT_CONSTRUCTION_BOUND_V1.2.2
ANDROID,SCR-MYC-005,内容数据,/me/contents/{id}/analytics,MOB-LIST,R12,REQ-PUBLISH-001;REQ-CONTENT-002,GET /api/v1/contents/{id}/analytics,contentGetContentsByIdAnalytics,content_posts;content_versions;content_status_logs;content_review_records;content_media;content_contacts;content_stats;content_favorites;content_view_logs;content_contact_access_logs;users;user_profiles;user_settings;user_status_logs;identity_review_records;manual_review_cases;content_reports;chat_reports;content_appeals,content,content.limit.normal.online;content.limit.month.online;content.limit.quarter.online;content.limit.year.online;content.team_leader_per_account;content.limit.normal.pending;content.limit.normal.drafts;content.limit.normal.daily_submissions,catalogs/ui_page_fields.csv#SCR-MYC-005,catalogs/ui_page_states.csv#SCR-MYC-005,catalogs/ui_action_matrix.csv#SCR-MYC-005,TST-PUBLISH_001-HAPPY;TST-CONTENT_002-HAPPY,TOKENS_ONLY/-,READY,EXACT_CONSTRUCTION_BOUND_V1.2.2
ANDROID,SCR-MSG-001,消息中心,/messages,MOB-HOME,R15,REQ-CHAT-001;REQ-NOTIFY-001,GET /api/v1/conversations;GET /api/v1/notifications;GET /api/v1/announcements,chatGetConversations;notificationGetNotifications;notificationGetAnnouncements,conversations;conversation_members;chat_messages;chat_read_receipts;user_blocks;chat_reports;notifications;notification_deliveries;announcements;announcement_reads;users;user_credentials;auth_security_challenges;user_sessions;user_devices;sms_verification_codes;login_logs;user_profiles;user_settings;user_status_logs,chat;notification,chat.stranger.daily_conversation_limit;chat.message.per_minute_limit;chat.image.max_mb;chat.history.retention_days;notification.marketing.default_enabled;notification.quiet_hours.start;notification.quiet_hours.end,catalogs/ui_page_fields.csv#SCR-MSG-001,catalogs/ui_page_states.csv#SCR-MSG-001,catalogs/ui_action_matrix.csv#SCR-MSG-001,TST-CHAT_001-HAPPY;TST-NOTIFY_001-HAPPY,TOKENS_ONLY/-,READY,EXACT_CONSTRUCTION_BOUND_V1.2.2
ANDROID,SCR-CHAT-001,会话列表,/messages/chats,MOB-CHAT-LIST,R14,REQ-CHAT-001;REQ-CHAT-002,GET /api/v1/conversations,chatGetConversations,conversations;conversation_members;chat_messages;chat_read_receipts;user_blocks;chat_reports;notifications;notification_deliveries;announcements;announcement_reads,chat,chat.stranger.daily_conversation_limit;chat.message.per_minute_limit;chat.image.max_mb;chat.history.retention_days,catalogs/ui_page_fields.csv#SCR-CHAT-001,catalogs/ui_page_states.csv#SCR-CHAT-001,catalogs/ui_action_matrix.csv#SCR-CHAT-001,TST-CHAT_001-HAPPY;TST-CHAT_002-HAPPY,B07/P01-P08,READY,EXACT_CONSTRUCTION_BOUND_V1.2.2
ANDROID,SCR-CHAT-002,私聊页,/messages/chat/{conversationId},MOB-CHAT-DETAIL,R14,REQ-CHAT-001;REQ-CHAT-002,GET /api/v1/conversations/{id}/messages;POST /api/v1/conversations/{id}/messages;POST /api/v1/conversations/{id}/read,chatGetConversationsByIdMessages;chatPostConversationsByIdMessages;chatPostConversationsByIdRead,conversations;conversation_members;chat_messages;chat_read_receipts;user_blocks;chat_reports;notifications;notification_deliveries;announcements;announcement_reads,chat,chat.stranger.daily_conversation_limit;chat.message.per_minute_limit;chat.image.max_mb;chat.history.retention_days,catalogs/ui_page_fields.csv#SCR-CHAT-002,catalogs/ui_page_states.csv#SCR-CHAT-002,catalogs/ui_action_matrix.csv#SCR-CHAT-002,TST-CHAT_001-HAPPY;TST-CHAT_002-HAPPY;TST-CHAT_001-IDEMPOTENT;TST-CHAT_002-IDEMPOTENT,B07/P01-P08,READY,EXACT_CONSTRUCTION_BOUND_V1.2.2
ANDROID,SHEET-CHAT-001,发送联系方式,sheet://chat-contact,MOB-SHEET,R14,REQ-CHAT-001;REQ-CHAT-002,POST /api/v1/conversations/{id}/messages,chatPostConversationsByIdMessages,conversations;conversation_members;chat_messages;chat_read_receipts;user_blocks;chat_reports;notifications;notification_deliveries;announcements;announcement_reads,chat,chat.stranger.daily_conversation_limit;chat.message.per_minute_limit;chat.image.max_mb;chat.history.retention_days,catalogs/ui_page_fields.csv#SHEET-CHAT-001,catalogs/ui_page_states.csv#SHEET-CHAT-001,catalogs/ui_action_matrix.csv#SHEET-CHAT-001,TST-CHAT_001-HAPPY;TST-CHAT_002-HAPPY;TST-CHAT_001-IDEMPOTENT;TST-CHAT_002-IDEMPOTENT,B07/P01-P08,READY,EXACT_CONSTRUCTION_BOUND_V1.2.2
ANDROID,SHEET-CHAT-002,聊天举报,sheet://chat-report,MOB-SHEET,R14,REQ-CHAT-001;REQ-CHAT-002,POST /api/v1/conversations/{id}/report,chatPostConversationsByIdReport,conversations;conversation_members;chat_messages;chat_read_receipts;user_blocks;chat_reports;notifications;notification_deliveries;announcements;announcement_reads,chat,chat.stranger.daily_conversation_limit;chat.message.per_minute_limit;chat.image.max_mb;chat.history.retention_days,catalogs/ui_page_fields.csv#SHEET-CHAT-002,catalogs/ui_page_states.csv#SHEET-CHAT-002,catalogs/ui_action_matrix.csv#SHEET-CHAT-002,TST-CHAT_001-HAPPY;TST-CHAT_002-HAPPY;TST-CHAT_001-IDEMPOTENT;TST-CHAT_002-IDEMPOTENT,B07/P01-P08,READY,EXACT_CONSTRUCTION_BOUND_V1.2.2
ANDROID,SCR-NOTICE-001,通知列表,/messages/notifications,MOB-LIST,R15,REQ-NOTIFY-001,GET /api/v1/notifications;POST /api/v1/notifications/read-all,notificationGetNotifications;notificationPostNotificationsReadAll,notifications;notification_deliveries;announcements;announcement_reads;conversations;conversation_members;chat_messages;chat_read_receipts;user_blocks;chat_reports;users;user_credentials;auth_security_challenges;user_sessions;user_devices;sms_verification_codes;login_logs;user_profiles;user_settings;user_status_logs,notification,notification.marketing.default_enabled;notification.quiet_hours.start;notification.quiet_hours.end,catalogs/ui_page_fields.csv#SCR-NOTICE-001,catalogs/ui_page_states.csv#SCR-NOTICE-001,catalogs/ui_action_matrix.csv#SCR-NOTICE-001,TST-NOTIFY_001-HAPPY;TST-NOTIFY_001-IDEMPOTENT,TOKENS_ONLY/-,READY,EXACT_CONSTRUCTION_BOUND_V1.2.2
ANDROID,SCR-NOTICE-002,通知详情,/messages/notifications/{id},MOB-DETAIL,R15,REQ-NOTIFY-001,GET /api/v1/notifications;POST /api/v1/notifications/{id}/read,notificationGetNotifications;notificationPostNotificationsByIdRead,notifications;notification_deliveries;announcements;announcement_reads;conversations;conversation_members;chat_messages;chat_read_receipts;user_blocks;chat_reports;users;user_credentials;auth_security_challenges;user_sessions;user_devices;sms_verification_codes;login_logs;user_profiles;user_settings;user_status_logs,notification,notification.marketing.default_enabled;notification.quiet_hours.start;notification.quiet_hours.end,catalogs/ui_page_fields.csv#SCR-NOTICE-002,catalogs/ui_page_states.csv#SCR-NOTICE-002,catalogs/ui_action_matrix.csv#SCR-NOTICE-002,TST-NOTIFY_001-HAPPY;TST-NOTIFY_001-IDEMPOTENT,TOKENS_ONLY/-,READY,EXACT_CONSTRUCTION_BOUND_V1.2.2
ANDROID,SCR-ANN-001,公告列表,/messages/announcements,MOB-LIST,R15,REQ-NOTIFY-001,GET /api/v1/announcements,notificationGetAnnouncements,notifications;notification_deliveries;announcements;announcement_reads;conversations;conversation_members;chat_messages;chat_read_receipts;user_blocks;chat_reports;users;user_credentials;auth_security_challenges;user_sessions;user_devices;sms_verification_codes;login_logs;user_profiles;user_settings;user_status_logs,notification,notification.marketing.default_enabled;notification.quiet_hours.start;notification.quiet_hours.end,catalogs/ui_page_fields.csv#SCR-ANN-001,catalogs/ui_page_states.csv#SCR-ANN-001,catalogs/ui_action_matrix.csv#SCR-ANN-001,TST-NOTIFY_001-HAPPY,B07/P01-P08,READY,EXACT_CONSTRUCTION_BOUND_V1.2.2
ANDROID,SCR-ANN-002,公告详情,/messages/announcements/{id},MOB-DETAIL,R15,REQ-NOTIFY-001,GET /api/v1/announcements/{id},notificationGetAnnouncementsById,notifications;notification_deliveries;announcements;announcement_reads;conversations;conversation_members;chat_messages;chat_read_receipts;user_blocks;chat_reports;users;user_credentials;auth_security_challenges;user_sessions;user_devices;sms_verification_codes;login_logs;user_profiles;user_settings;user_status_logs,notification,notification.marketing.default_enabled;notification.quiet_hours.start;notification.quiet_hours.end,catalogs/ui_page_fields.csv#SCR-ANN-002,catalogs/ui_page_states.csv#SCR-ANN-002,catalogs/ui_action_matrix.csv#SCR-ANN-002,TST-NOTIFY_001-HAPPY,B07/P01-P08,READY,EXACT_CONSTRUCTION_BOUND_V1.2.2
ANDROID,SCR-ME-001,我的首页,/me,MOB-HOME,R12,REQ-PUBLISHER-001,GET /api/v1/me;GET /api/v1/me/membership;GET /api/v1/me/reward-account,userGetMe;membershipGetMeMembership;rewardGetMeRewardAccount,users;user_profiles;user_settings;user_status_logs;membership_plans;membership_skus;user_memberships;membership_entitlement_segments;membership_benefit_snapshots;membership_upgrade_quotes;reward_accounts;reward_ledger;reward_settlements;reward_freezes;accounting_entries;content_posts;content_versions;content_status_logs;content_review_records;content_media;content_contacts;content_stats;content_favorites;content_view_logs;content_contact_access_logs,auth;membership;withdrawal,auth.default_login_method;auth.security_challenge.provider;auth.security_challenge.mode;auth.password.min_length;auth.password.max_length;auth.password.max_failures;auth.password.lock_seconds;auth.invite.app_required;membership.upgrade.time_precision;membership.upgrade.rounding;membership.upgrade.preserve_gift_days;membership.public_badge.text;membership.public_badge.enabled;withdrawal.min_amount_cent.normal;withdrawal.fee.fixed_cent.normal;withdrawal.fee.bps.normal;withdrawal.daily_count.normal;withdrawal.min_amount_cent.month;withdrawal.fee.fixed_cent.month;withdrawal.fee.bps.month;withdrawal.daily_count.month,catalogs/ui_page_fields.csv#SCR-ME-001,catalogs/ui_page_states.csv#SCR-ME-001,catalogs/ui_action_matrix.csv#SCR-ME-001,TST-PUBLISHER_001-HAPPY,B08/P01-P08,READY,EXACT_CONSTRUCTION_BOUND_V1.2.2
ANDROID,SCR-ME-002,个人资料,/me/profile,MOB-FORM,R12,REQ-PUBLISHER-001,GET /api/v1/me;PATCH /api/v1/me/profile,userGetMe;userPatchMeProfile,users;user_profiles;user_settings;user_status_logs;content_posts;content_versions;content_status_logs;content_review_records;content_media;content_contacts;content_stats;content_favorites;content_view_logs;content_contact_access_logs;membership_plans;membership_skus;user_memberships;membership_entitlement_segments;membership_benefit_snapshots;membership_upgrade_quotes;reward_accounts;reward_ledger;reward_settlements;reward_freezes;accounting_entries,auth,auth.default_login_method;auth.security_challenge.provider;auth.security_challenge.mode;auth.password.min_length;auth.password.max_length;auth.password.max_failures;auth.password.lock_seconds;auth.invite.app_required,catalogs/ui_page_fields.csv#SCR-ME-002,catalogs/ui_page_states.csv#SCR-ME-002,catalogs/ui_action_matrix.csv#SCR-ME-002,TST-PUBLISHER_001-HAPPY;TST-PUBLISHER_001-IDEMPOTENT,B08/P01-P08,READY,EXACT_CONSTRUCTION_BOUND_V1.2.2
ANDROID,SCR-FAV-001,我的收藏,/me/favorites,MOB-LIST,R13,REQ-ACTIVITY-001,GET /api/v1/me/favorites;DELETE /api/v1/contents/{id}/favorite,contentGetMeFavorites;contentDeleteContentsByIdFavorite,content_posts;content_versions;content_status_logs;content_review_records;content_media;content_contacts;content_stats;content_favorites;content_view_logs;content_contact_access_logs,content,content.limit.normal.online;content.limit.month.online;content.limit.quarter.online;content.limit.year.online;content.team_leader_per_account;content.limit.normal.pending;content.limit.normal.drafts;content.limit.normal.daily_submissions,catalogs/ui_page_fields.csv#SCR-FAV-001,catalogs/ui_page_states.csv#SCR-FAV-001,catalogs/ui_action_matrix.csv#SCR-FAV-001,TST-ACTIVITY_001-HAPPY;TST-ACTIVITY_001-IDEMPOTENT,B08/P01-P08,READY,EXACT_CONSTRUCTION_BOUND_V1.2.2
ANDROID,SCR-HIS-001,浏览记录,/me/history,MOB-LIST,R13,REQ-ACTIVITY-001,GET /api/v1/me/history,contentGetMeHistory,content_posts;content_versions;content_status_logs;content_review_records;content_media;content_contacts;content_stats;content_favorites;content_view_logs;content_contact_access_logs,content,content.limit.normal.online;content.limit.month.online;content.limit.quarter.online;content.limit.year.online;content.team_leader_per_account;content.limit.normal.pending;content.limit.normal.drafts;content.limit.normal.daily_submissions,catalogs/ui_page_fields.csv#SCR-HIS-001,catalogs/ui_page_states.csv#SCR-HIS-001,catalogs/ui_action_matrix.csv#SCR-HIS-001,TST-ACTIVITY_001-HAPPY,TOKENS_ONLY/-,READY,EXACT_CONSTRUCTION_BOUND_V1.2.2
ANDROID,SCR-ORDER-001,订单列表,/me/orders,MOB-LIST,R16,REQ-ORDER-001;REQ-NOREFUND-001,GET /api/v1/me/orders,orderGetMeOrders,orders;order_items;order_price_snapshots;system_configs,payment,payment.active_gateway;payment.caihong.base_url;payment.caihong.merchant_id;payment.caihong.merchant_key;payment.caihong.sign_type;payment.caihong.enabled_channels;payment.notify_url;payment.return_url,catalogs/ui_page_fields.csv#SCR-ORDER-001,catalogs/ui_page_states.csv#SCR-ORDER-001,catalogs/ui_action_matrix.csv#SCR-ORDER-001,TST-ORDER_001-HAPPY;TST-NOREFUND_001-HAPPY,B08/P04,READY,EXACT_CONSTRUCTION_BOUND_R16_CR0440
ANDROID,SCR-ORDER-002,订单详情,/me/orders/{id},MOB-DETAIL,R16,REQ-ORDER-001;REQ-NOREFUND-001,GET /api/v1/me/orders/{orderNo},orderGetMeOrdersByOrderno,orders;order_items;order_price_snapshots;system_configs,payment,payment.active_gateway;payment.caihong.base_url;payment.caihong.merchant_id;payment.caihong.merchant_key;payment.caihong.sign_type;payment.caihong.enabled_channels;payment.notify_url;payment.return_url,catalogs/ui_page_fields.csv#SCR-ORDER-002,catalogs/ui_page_states.csv#SCR-ORDER-002,catalogs/ui_action_matrix.csv#SCR-ORDER-002,TST-ORDER_001-HAPPY;TST-NOREFUND_001-HAPPY,SPEC:design/R16-UI-FROZEN/specs/SCR-ORDER-002.md,READY,EXACT_CONSTRUCTION_BOUND_R16_CR0440
ANDROID,SCR-MEMBER-001,会员中心,/me/membership,MOB-DETAIL,R18,REQ-MEMBER-001;REQ-MEMBER-002;REQ-MEMBER-003,GET /api/v1/membership/skus;GET /api/v1/me/membership,membershipGetMembershipSkus;membershipGetMeMembership,membership_plans;membership_skus;user_memberships;membership_entitlement_segments;membership_benefit_snapshots;membership_upgrade_quotes,membership,membership.upgrade.time_precision;membership.upgrade.rounding;membership.upgrade.preserve_gift_days;membership.public_badge.text;membership.public_badge.enabled,catalogs/ui_page_fields.csv#SCR-MEMBER-001,catalogs/ui_page_states.csv#SCR-MEMBER-001,catalogs/ui_action_matrix.csv#SCR-MEMBER-001,TST-MEMBER_001-HAPPY;TST-MEMBER_002-HAPPY;TST-MEMBER_003-HAPPY,B11/P01-P08,READY,EXACT_CONSTRUCTION_BOUND_V1.2.2
ANDROID,SCR-MEMBER-002,会员购买确认,/me/membership/buy/{skuId},MOB-CHECKOUT,R18,REQ-MEMBER-001;REQ-MEMBER-002;REQ-MEMBER-003,GET /api/v1/membership/skus;POST /api/v1/membership/orders,membershipGetMembershipSkus;membershipPostMembershipOrders,membership_plans;membership_skus;user_memberships;membership_entitlement_segments;membership_benefit_snapshots;membership_upgrade_quotes,membership,membership.upgrade.time_precision;membership.upgrade.rounding;membership.upgrade.preserve_gift_days;membership.public_badge.text;membership.public_badge.enabled,catalogs/ui_page_fields.csv#SCR-MEMBER-002,catalogs/ui_page_states.csv#SCR-MEMBER-002,catalogs/ui_action_matrix.csv#SCR-MEMBER-002,TST-MEMBER_001-HAPPY;TST-MEMBER_002-HAPPY;TST-MEMBER_003-HAPPY;TST-MEMBER_001-IDEMPOTENT;TST-MEMBER_002-IDEMPOTENT;TST-MEMBER_003-IDEMPOTENT,B11/P01-P08,READY,EXACT_CONSTRUCTION_BOUND_V1.2.2
ANDROID,SCR-MEMBER-003,会员升级,/me/membership/upgrade,MOB-CHECKOUT,R18,REQ-MEMBER-001;REQ-MEMBER-002;REQ-MEMBER-003,POST /api/v1/membership/upgrade-quotes;POST /api/v1/membership/upgrade-orders,membershipPostMembershipUpgradeQuotes;membershipPostMembershipUpgradeOrders,membership_plans;membership_skus;user_memberships;membership_entitlement_segments;membership_benefit_snapshots;membership_upgrade_quotes,membership,membership.upgrade.time_precision;membership.upgrade.rounding;membership.upgrade.preserve_gift_days;membership.public_badge.text;membership.public_badge.enabled,catalogs/ui_page_fields.csv#SCR-MEMBER-003,catalogs/ui_page_states.csv#SCR-MEMBER-003,catalogs/ui_action_matrix.csv#SCR-MEMBER-003,TST-MEMBER_001-HAPPY;TST-MEMBER_002-HAPPY;TST-MEMBER_003-HAPPY;TST-MEMBER_001-IDEMPOTENT;TST-MEMBER_002-IDEMPOTENT;TST-MEMBER_003-IDEMPOTENT,B11/P01-P08,READY,EXACT_CONSTRUCTION_BOUND_V1.2.2
ANDROID,SCR-MEMBER-004,会员权益明细,/me/membership/benefits,MOB-DETAIL,R18,REQ-MEMBER-001;REQ-MEMBER-002;REQ-MEMBER-003,GET /api/v1/me/membership,membershipGetMeMembership,membership_plans;membership_skus;user_memberships;membership_entitlement_segments;membership_benefit_snapshots;membership_upgrade_quotes,membership,membership.upgrade.time_precision;membership.upgrade.rounding;membership.upgrade.preserve_gift_days;membership.public_badge.text;membership.public_badge.enabled,catalogs/ui_page_fields.csv#SCR-MEMBER-004,catalogs/ui_page_states.csv#SCR-MEMBER-004,catalogs/ui_action_matrix.csv#SCR-MEMBER-004,TST-MEMBER_001-HAPPY;TST-MEMBER_002-HAPPY;TST-MEMBER_003-HAPPY,B11/P01-P08,READY,EXACT_CONSTRUCTION_BOUND_V1.2.2
ANDROID,SCR-PROP-001,道具商城,/me/props/store,MOB-LIST,R19,REQ-PROP-001;REQ-PROP-002,GET /api/v1/props/store;POST /api/v1/props/orders,propGetPropsStore;propPostPropsOrders,prop_products;prop_skus;user_props;content_exposure_entitlements;content_refresh_records;headline_slot_bookings;prop_execution_logs;system_configs,props,props.top_duration_seconds;props.headline_duration_seconds;props.color_duration_seconds;props.refresh_cooldown_seconds;props.same_type.stack_duration;props.same_page.deduplicate_content;props.refresh.daily_limit.normal;props.refresh.daily_limit.month,catalogs/ui_page_fields.csv#SCR-PROP-001,catalogs/ui_page_states.csv#SCR-PROP-001,catalogs/ui_action_matrix.csv#SCR-PROP-001,TST-PROP_001-HAPPY;TST-PROP_002-HAPPY;TST-PROP_001-IDEMPOTENT;TST-PROP_002-IDEMPOTENT,B11/P01-P08,READY,EXACT_CONSTRUCTION_BOUND_V1.2.2
ANDROID,SCR-PROP-002,我的道具,/me/props,MOB-LIST,R19,REQ-PROP-001;REQ-PROP-002,GET /api/v1/me/props,propGetMeProps,prop_products;prop_skus;user_props;content_exposure_entitlements;content_refresh_records;headline_slot_bookings;prop_execution_logs;system_configs,props,props.top_duration_seconds;props.headline_duration_seconds;props.color_duration_seconds;props.refresh_cooldown_seconds;props.same_type.stack_duration;props.same_page.deduplicate_content;props.refresh.daily_limit.normal;props.refresh.daily_limit.month,catalogs/ui_page_fields.csv#SCR-PROP-002,catalogs/ui_page_states.csv#SCR-PROP-002,catalogs/ui_action_matrix.csv#SCR-PROP-002,TST-PROP_001-HAPPY;TST-PROP_002-HAPPY,B11/P01-P08,READY,EXACT_CONSTRUCTION_BOUND_V1.2.2
ANDROID,SCR-PROP-003,使用道具,/me/props/use/{id},MOB-FORM,R19,REQ-PROP-001;REQ-PROP-002,GET /api/v1/me/props;POST /api/v1/me/props/{id}/use,propGetMeProps;propPostMePropsByIdUse,prop_products;prop_skus;user_props;content_exposure_entitlements;content_refresh_records;headline_slot_bookings;prop_execution_logs;system_configs,props,props.top_duration_seconds;props.headline_duration_seconds;props.color_duration_seconds;props.refresh_cooldown_seconds;props.same_type.stack_duration;props.same_page.deduplicate_content;props.refresh.daily_limit.normal;props.refresh.daily_limit.month,catalogs/ui_page_fields.csv#SCR-PROP-003,catalogs/ui_page_states.csv#SCR-PROP-003,catalogs/ui_action_matrix.csv#SCR-PROP-003,TST-PROP_001-HAPPY;TST-PROP_002-HAPPY;TST-PROP_001-IDEMPOTENT;TST-PROP_002-IDEMPOTENT,B11/P01-P08,READY,EXACT_CONSTRUCTION_BOUND_V1.2.2
ANDROID,SCR-REF-001,推广中心,/me/referral,MOB-HOME,R25,REQ-REF-001;REQ-REF-002;REQ-REF-ACT-001;REQ-REF-ACT-002,GET /api/v1/me/referral/overview,referralGetMeReferralOverview,invite_codes;referral_relations;commission_records;referral_activity_progress;referral_milestone_rewards;h5_page_configs;cms_articles;agreements;app_versions;content_posts;referral_activity_rule_versions;referral_activity_rules,referral,commission.settlement_delay_hours;referral.max_commission_level;referral.binding_mode;referral.relation_change_allowed;referral.attribution_days;referral.block_self_invite;referral.block_same_device;referral.red_packet_principal_commissionable,catalogs/ui_page_fields.csv#SCR-REF-001,catalogs/ui_page_states.csv#SCR-REF-001,catalogs/ui_action_matrix.csv#SCR-REF-001,TST-REF_001-HAPPY;TST-REF_002-HAPPY;TST-REF_ACT_001-HAPPY;TST-REF_ACT_002-HAPPY,B10/B08/P06-P07/P01,READY,EXACT_CONSTRUCTION_BOUND_V1.2.2
ANDROID,SCR-REF-002,邀请好友,/me/referral/invite,MOB-DETAIL,R25,REQ-REF-001;REQ-REF-002;REQ-REF-ACT-001;REQ-REF-ACT-002,GET /api/v1/me/referral/invite-assets,referralGetMeReferralInviteAssets,invite_codes;referral_relations;commission_records;referral_activity_progress;referral_milestone_rewards;h5_page_configs;cms_articles;agreements;app_versions;content_posts;referral_activity_rule_versions;referral_activity_rules,referral,commission.settlement_delay_hours;referral.max_commission_level;referral.binding_mode;referral.relation_change_allowed;referral.attribution_days;referral.block_self_invite;referral.block_same_device;referral.red_packet_principal_commissionable,catalogs/ui_page_fields.csv#SCR-REF-002,catalogs/ui_page_states.csv#SCR-REF-002,catalogs/ui_action_matrix.csv#SCR-REF-002,TST-REF_001-HAPPY;TST-REF_002-HAPPY;TST-REF_ACT_001-HAPPY;TST-REF_ACT_002-HAPPY,B10/B08/P06-P07/P01,READY,EXACT_CONSTRUCTION_BOUND_V1.2.2
ANDROID,SCR-REF-003,邀请海报,/me/referral/posters,MOB-DETAIL,R25,REQ-REF-001;REQ-REF-002;REQ-REF-ACT-001;REQ-REF-ACT-002,GET /api/v1/me/referral/posters,referralGetMeReferralPosters,invite_codes;referral_relations;commission_records;referral_activity_progress;referral_milestone_rewards;h5_page_configs;cms_articles;agreements;app_versions;content_posts;referral_activity_rule_versions;referral_activity_rules,referral,commission.settlement_delay_hours;referral.max_commission_level;referral.binding_mode;referral.relation_change_allowed;referral.attribution_days;referral.block_self_invite;referral.block_same_device;referral.red_packet_principal_commissionable,catalogs/ui_page_fields.csv#SCR-REF-003,catalogs/ui_page_states.csv#SCR-REF-003,catalogs/ui_action_matrix.csv#SCR-REF-003,TST-REF_001-HAPPY;TST-REF_002-HAPPY;TST-REF_ACT_001-HAPPY;TST-REF_ACT_002-HAPPY,B10/B08/P06-P07/P01,READY,EXACT_CONSTRUCTION_BOUND_V1.2.2
ANDROID,SCR-REF-004,直推用户,/me/referral/direct,MOB-LIST,R26,REQ-REF-001;REQ-REF-002;REQ-REF-ACT-001;REQ-REF-ACT-002,GET /api/v1/me/referral/direct-users,referralGetMeReferralDirectUsers,invite_codes;referral_relations;commission_records;referral_activity_progress;referral_milestone_rewards;h5_page_configs;cms_articles;agreements;app_versions;content_posts;referral_activity_rule_versions;referral_activity_rules,referral,commission.settlement_delay_hours;referral.max_commission_level;referral.binding_mode;referral.relation_change_allowed;referral.attribution_days;referral.block_self_invite;referral.block_same_device;referral.red_packet_principal_commissionable,catalogs/ui_page_fields.csv#SCR-REF-004,catalogs/ui_page_states.csv#SCR-REF-004,catalogs/ui_action_matrix.csv#SCR-REF-004,TST-REF_001-HAPPY;TST-REF_002-HAPPY;TST-REF_ACT_001-HAPPY;TST-REF_ACT_002-HAPPY,B10/B08/P06-P07/P01,READY,EXACT_CONSTRUCTION_BOUND_V1.2.2
ANDROID,SCR-REF-005,二级用户,/me/referral/level2,MOB-LIST,R25,REQ-REF-001;REQ-REF-002;REQ-REF-ACT-001;REQ-REF-ACT-002,GET /api/v1/me/referral/level2-users,referralGetMeReferralLevel2Users,invite_codes;referral_relations;commission_records;referral_activity_progress;referral_milestone_rewards;h5_page_configs;cms_articles;agreements;app_versions;content_posts;referral_activity_rule_versions;referral_activity_rules,referral,commission.settlement_delay_hours;referral.max_commission_level;referral.binding_mode;referral.relation_change_allowed;referral.attribution_days;referral.block_self_invite;referral.block_same_device;referral.red_packet_principal_commissionable,catalogs/ui_page_fields.csv#SCR-REF-005,catalogs/ui_page_states.csv#SCR-REF-005,catalogs/ui_action_matrix.csv#SCR-REF-005,TST-REF_001-HAPPY;TST-REF_002-HAPPY;TST-REF_ACT_001-HAPPY;TST-REF_ACT_002-HAPPY,B10/B08/P06-P07/P01,READY,EXACT_CONSTRUCTION_BOUND_V1.2.2
ANDROID,SCR-REF-006,消费佣金,/me/referral/commissions,MOB-WALLET,R25,REQ-REF-001;REQ-REF-002;REQ-REF-ACT-001;REQ-REF-ACT-002,GET /api/v1/me/referral/commissions,referralGetMeReferralCommissions,invite_codes;referral_relations;commission_records;referral_activity_progress;referral_milestone_rewards;h5_page_configs;cms_articles;agreements;app_versions;content_posts;referral_activity_rule_versions;referral_activity_rules,referral,commission.settlement_delay_hours;referral.max_commission_level;referral.binding_mode;referral.relation_change_allowed;referral.attribution_days;referral.block_self_invite;referral.block_same_device;referral.red_packet_principal_commissionable,catalogs/ui_page_fields.csv#SCR-REF-006,catalogs/ui_page_states.csv#SCR-REF-006,catalogs/ui_action_matrix.csv#SCR-REF-006,TST-REF_001-HAPPY;TST-REF_002-HAPPY;TST-REF_ACT_001-HAPPY;TST-REF_ACT_002-HAPPY,B10/B08/P06-P07/P01,READY,EXACT_CONSTRUCTION_BOUND_V1.2.2
ANDROID,SCR-REF-007,直推活跃奖励,/me/referral/activity-rewards,MOB-WALLET,R26,REQ-REF-001;REQ-REF-002;REQ-REF-ACT-001;REQ-REF-ACT-002,GET /api/v1/me/referral/activity-rewards,referralGetMeReferralActivityRewards,invite_codes;referral_relations;commission_records;referral_activity_progress;referral_milestone_rewards;h5_page_configs;cms_articles;agreements;app_versions;content_posts;referral_activity_rule_versions;referral_activity_rules,referral,commission.settlement_delay_hours;referral.max_commission_level;referral.binding_mode;referral.relation_change_allowed;referral.attribution_days;referral.block_self_invite;referral.block_same_device;referral.red_packet_principal_commissionable,catalogs/ui_page_fields.csv#SCR-REF-007,catalogs/ui_page_states.csv#SCR-REF-007,catalogs/ui_action_matrix.csv#SCR-REF-007,TST-REF_001-HAPPY;TST-REF_002-HAPPY;TST-REF_ACT_001-HAPPY;TST-REF_ACT_002-HAPPY,B10/B08/P06-P07/P01,READY,EXACT_CONSTRUCTION_BOUND_V1.2.2
ANDROID,SCR-REF-008,推广规则/教程,/me/referral/rules,MOB-DETAIL,R25,REQ-REF-001;REQ-REF-002;REQ-REF-ACT-001;REQ-REF-ACT-002,GET /public-api/v1/agreements/{code},publicGetAgreementsByCode,h5_page_configs;cms_articles;agreements;app_versions;content_posts;invite_codes;referral_relations;commission_records;referral_activity_progress;referral_milestone_rewards;referral_activity_rule_versions;referral_activity_rules,platform,platform.brand.name;platform.brand.slogan;platform.brand.logo_media_id;platform.customer_service.name;platform.customer_service.contact,catalogs/ui_page_fields.csv#SCR-REF-008,catalogs/ui_page_states.csv#SCR-REF-008,catalogs/ui_action_matrix.csv#SCR-REF-008,TST-REF_001-HAPPY;TST-REF_002-HAPPY;TST-REF_ACT_001-HAPPY;TST-REF_ACT_002-HAPPY,B10/B08/P06-P07/P01,READY,EXACT_CONSTRUCTION_BOUND_V1.2.2
ANDROID,SCR-TASK-001,任务中心,/me/tasks,MOB-LIST,R27,REQ-TASK-001;REQ-TASK-002,GET /api/v1/tasks;POST /api/v1/tasks/{id}/claim,taskGetTasks;taskPostTasksByIdClaim,task_definitions;user_task_progress;task_events;user_point_accounts;user_point_ledger;growth_budgets;task_rule_versions,task,feature.personal_task_cash_reward;task.enabled;task.daily_point_cap;task.monthly_cash_reward_cap_cent;task.platform_daily_budget_cent;task.platform_monthly_budget_cent;task.incentivized_traffic_excluded_from_organic_rank,catalogs/ui_page_fields.csv#SCR-TASK-001,catalogs/ui_page_states.csv#SCR-TASK-001,catalogs/ui_action_matrix.csv#SCR-TASK-001,TST-TASK_001-HAPPY;TST-TASK_002-HAPPY;TST-TASK_001-IDEMPOTENT;TST-TASK_002-IDEMPOTENT,B10/B08/P06-P07/P01,READY,EXACT_CONSTRUCTION_BOUND_V1.2.2
ANDROID,SCR-TASK-002,个人任务积分,/me/tasks/points,MOB-WALLET,R27,REQ-TASK-001;REQ-TASK-002,GET /api/v1/me/points;GET /api/v1/me/point-ledger,taskGetMePoints;taskGetMePointLedger,task_definitions;user_task_progress;task_events;user_point_accounts;user_point_ledger;growth_budgets;task_rule_versions,task,feature.personal_task_cash_reward;task.enabled;task.daily_point_cap;task.monthly_cash_reward_cap_cent;task.platform_daily_budget_cent;task.platform_monthly_budget_cent;task.incentivized_traffic_excluded_from_organic_rank,catalogs/ui_page_fields.csv#SCR-TASK-002,catalogs/ui_page_states.csv#SCR-TASK-002,catalogs/ui_action_matrix.csv#SCR-TASK-002,TST-TASK_001-HAPPY;TST-TASK_002-HAPPY,B10/B08/P06-P07/P01,READY,EXACT_CONSTRUCTION_BOUND_V1.2.2
ANDROID,SCR-REWARD-001,奖励账户,/me/rewards,MOB-WALLET,R24,REQ-REWARD-001;REQ-LEDGER-001,GET /api/v1/me/reward-account,rewardGetMeRewardAccount,reward_accounts;reward_ledger;reward_settlements;reward_freezes;accounting_entries;red_packet_campaigns;red_packet_campaign_versions;red_packet_quotes;red_packet_orders;red_packet_stock;red_packet_view_sessions;red_packet_reservations;red_packet_claims;red_packet_ledger;outbox_events;payout_accounts;withdrawal_requests;payout_transactions;payout_callbacks;payout_reconciliation_records;accounting_transactions;payment_transactions;payment_callbacks;payment_exception_orders;payment_reconciliation_records,withdrawal,withdrawal.min_amount_cent.normal;withdrawal.fee.fixed_cent.normal;withdrawal.fee.bps.normal;withdrawal.daily_count.normal;withdrawal.min_amount_cent.month;withdrawal.fee.fixed_cent.month;withdrawal.fee.bps.month;withdrawal.daily_count.month,catalogs/ui_page_fields.csv#SCR-REWARD-001,catalogs/ui_page_states.csv#SCR-REWARD-001,catalogs/ui_action_matrix.csv#SCR-REWARD-001,TST-REWARD_001-HAPPY;TST-LEDGER_001-HAPPY,B09/P01/P03-P08,READY,EXACT_CONSTRUCTION_BOUND_V1.2.2
ANDROID,SCR-REWARD-002,奖励明细,/me/rewards/ledger,MOB-WALLET,R24,REQ-REWARD-001;REQ-LEDGER-001,GET /api/v1/me/reward-ledger,rewardGetMeRewardLedger,reward_accounts;reward_ledger;reward_settlements;reward_freezes;accounting_entries;red_packet_campaigns;red_packet_campaign_versions;red_packet_quotes;red_packet_orders;red_packet_stock;red_packet_view_sessions;red_packet_reservations;red_packet_claims;red_packet_ledger;outbox_events;payout_accounts;withdrawal_requests;payout_transactions;payout_callbacks;payout_reconciliation_records;accounting_transactions;payment_transactions;payment_callbacks;payment_exception_orders;payment_reconciliation_records,withdrawal,withdrawal.min_amount_cent.normal;withdrawal.fee.fixed_cent.normal;withdrawal.fee.bps.normal;withdrawal.daily_count.normal;withdrawal.min_amount_cent.month;withdrawal.fee.fixed_cent.month;withdrawal.fee.bps.month;withdrawal.daily_count.month,catalogs/ui_page_fields.csv#SCR-REWARD-002,catalogs/ui_page_states.csv#SCR-REWARD-002,catalogs/ui_action_matrix.csv#SCR-REWARD-002,TST-REWARD_001-HAPPY;TST-LEDGER_001-HAPPY,B09/P01/P03-P08,READY,EXACT_CONSTRUCTION_BOUND_V1.2.2
ANDROID,SCR-WD-001,绑定支付宝,/me/withdrawal/account,MOB-FORM,R24,REQ-WD-001;REQ-LEDGER-001,GET /api/v1/me/payout-account;PUT /api/v1/me/payout-account,withdrawalGetMePayoutAccount;withdrawalPutMePayoutAccount,payout_accounts;withdrawal_requests;payout_transactions;payout_callbacks;payout_reconciliation_records;accounting_transactions;accounting_entries;reward_accounts;reward_ledger;reward_settlements;reward_freezes;payment_transactions;payment_callbacks;payment_exception_orders;payment_reconciliation_records,withdrawal,withdrawal.min_amount_cent.normal;withdrawal.fee.fixed_cent.normal;withdrawal.fee.bps.normal;withdrawal.daily_count.normal;withdrawal.min_amount_cent.month;withdrawal.fee.fixed_cent.month;withdrawal.fee.bps.month;withdrawal.daily_count.month,catalogs/ui_page_fields.csv#SCR-WD-001,catalogs/ui_page_states.csv#SCR-WD-001,catalogs/ui_action_matrix.csv#SCR-WD-001,TST-WD_001-HAPPY;TST-LEDGER_001-HAPPY;TST-WD_001-IDEMPOTENT;TST-LEDGER_001-IDEMPOTENT,B09/P01/P03-P08,READY,EXACT_CONSTRUCTION_BOUND_V1.2.2
ANDROID,SCR-WD-002,申请提现,/me/withdrawal/create,MOB-CHECKOUT,R24,REQ-WD-001;REQ-LEDGER-001,POST /api/v1/withdrawals/quote;POST /api/v1/withdrawals,withdrawalPostWithdrawalsQuote;withdrawalPostWithdrawals,payout_accounts;withdrawal_requests;payout_transactions;payout_callbacks;payout_reconciliation_records;accounting_transactions;accounting_entries;reward_accounts;reward_ledger;reward_settlements;reward_freezes;payment_transactions;payment_callbacks;payment_exception_orders;payment_reconciliation_records,withdrawal,withdrawal.min_amount_cent.normal;withdrawal.fee.fixed_cent.normal;withdrawal.fee.bps.normal;withdrawal.daily_count.normal;withdrawal.min_amount_cent.month;withdrawal.fee.fixed_cent.month;withdrawal.fee.bps.month;withdrawal.daily_count.month,catalogs/ui_page_fields.csv#SCR-WD-002,catalogs/ui_page_states.csv#SCR-WD-002,catalogs/ui_action_matrix.csv#SCR-WD-002,TST-WD_001-HAPPY;TST-LEDGER_001-HAPPY;TST-WD_001-IDEMPOTENT;TST-LEDGER_001-IDEMPOTENT,B09/P01/P03-P08,READY,EXACT_CONSTRUCTION_BOUND_V1.2.2
ANDROID,SCR-WD-003,提现记录,/me/withdrawal/history,MOB-WALLET,R24,REQ-WD-001;REQ-LEDGER-001,GET /api/v1/me/withdrawals,withdrawalGetMeWithdrawals,payout_accounts;withdrawal_requests;payout_transactions;payout_callbacks;payout_reconciliation_records;accounting_transactions;accounting_entries;reward_accounts;reward_ledger;reward_settlements;reward_freezes;payment_transactions;payment_callbacks;payment_exception_orders;payment_reconciliation_records,withdrawal,withdrawal.min_amount_cent.normal;withdrawal.fee.fixed_cent.normal;withdrawal.fee.bps.normal;withdrawal.daily_count.normal;withdrawal.min_amount_cent.month;withdrawal.fee.fixed_cent.month;withdrawal.fee.bps.month;withdrawal.daily_count.month,catalogs/ui_page_fields.csv#SCR-WD-003,catalogs/ui_page_states.csv#SCR-WD-003,catalogs/ui_action_matrix.csv#SCR-WD-003,TST-WD_001-HAPPY;TST-LEDGER_001-HAPPY,B09/P01/P03-P08,READY,EXACT_CONSTRUCTION_BOUND_V1.2.2
ANDROID,SCR-ID-001,实名认证首页,/me/identity,MOB-HOME,R05,REQ-ID-001;REQ-ID-002,POST /api/v1/identity/sessions;GET /api/v1/me,identityPostIdentitySessions;userGetMe,identity_profiles;identity_verification_sessions;identity_provider_requests;identity_review_records;sensitive_data_access_logs;users;user_profiles;user_settings;user_status_logs;admin_operation_logs,identity;auth,identity.active_provider;identity.provider.appcode;identity.liveness.token_url;identity.liveness.result_url;identity.face_compare.url;identity.max_daily_attempts;identity.one_id_one_account;identity.liveness.poll_interval_ms;auth.default_login_method;auth.security_challenge.provider;auth.security_challenge.mode;auth.password.min_length;auth.password.max_length;auth.password.max_failures;auth.password.lock_seconds;auth.invite.app_required,catalogs/ui_page_fields.csv#SCR-ID-001,catalogs/ui_page_states.csv#SCR-ID-001,catalogs/ui_action_matrix.csv#SCR-ID-001,TST-ID_001-HAPPY;TST-ID_002-HAPPY;TST-ID_001-IDEMPOTENT;TST-ID_002-IDEMPOTENT,B12/P01-P08,READY,EXACT_CONSTRUCTION_BOUND_V1.2.2
ANDROID,SCR-ID-002,实名信息输入,/me/identity/form,MOB-FORM,R05,REQ-ID-001;REQ-ID-002,GET /api/v1/identity/consent;POST /api/v1/identity/sessions,identityGetIdentityConsent;identityPostIdentitySessions,agreements;agreement_versions;identity_profiles;identity_verification_sessions;identity_provider_requests;identity_review_records;sensitive_data_access_logs;users;user_profiles;user_settings;user_status_logs;admin_operation_logs,identity,identity.active_provider;identity.provider.appcode;identity.liveness.token_url;identity.liveness.result_url;identity.face_compare.url;identity.max_daily_attempts;identity.one_id_one_account;identity.liveness.poll_interval_ms,catalogs/ui_page_fields.csv#SCR-ID-002,catalogs/ui_page_states.csv#SCR-ID-002,catalogs/ui_action_matrix.csv#SCR-ID-002,TST-ID_001-HAPPY;TST-ID_002-HAPPY;TST-ID_001-IDEMPOTENT;TST-ID_002-IDEMPOTENT,B12/P01-P08,READY,EXACT_CONSTRUCTION_BOUND_V1.2.2
ANDROID,SCR-ID-003,活体检测容器,/me/identity/liveness,MOB-TIMED-TASK,R05,REQ-ID-001;REQ-ID-002,POST /api/v1/identity/sessions/{id}/liveness-token;GET /api/v1/identity/sessions/{id},identityPostIdentitySessionsByIdLivenessToken;identityGetIdentitySessionsById,identity_profiles;identity_verification_sessions;identity_provider_requests;identity_review_records;sensitive_data_access_logs;users;user_profiles;user_settings;user_status_logs;admin_operation_logs,identity,identity.active_provider;identity.provider.appcode;identity.liveness.token_url;identity.liveness.result_url;identity.face_compare.url;identity.max_daily_attempts;identity.one_id_one_account;identity.liveness.poll_interval_ms,catalogs/ui_page_fields.csv#SCR-ID-003,catalogs/ui_page_states.csv#SCR-ID-003,catalogs/ui_action_matrix.csv#SCR-ID-003,TST-ID_001-HAPPY;TST-ID_002-HAPPY;TST-ID_001-IDEMPOTENT;TST-ID_002-IDEMPOTENT,B12/P01-P08,READY,EXACT_CONSTRUCTION_BOUND_V1.2.2
ANDROID,SCR-ID-004,实名结果,/me/identity/result,MOB-STATUS,R05,REQ-ID-001;REQ-ID-002,GET /api/v1/identity/sessions/{id};POST /api/v1/identity/sessions/{id}/retry,identityGetIdentitySessionsById;identityPostIdentitySessionsByIdRetry,identity_profiles;identity_verification_sessions;identity_provider_requests;identity_review_records;sensitive_data_access_logs;users;user_profiles;user_settings;user_status_logs;admin_operation_logs,identity,identity.active_provider;identity.provider.appcode;identity.liveness.token_url;identity.liveness.result_url;identity.face_compare.url;identity.max_daily_attempts;identity.one_id_one_account;identity.liveness.poll_interval_ms,catalogs/ui_page_fields.csv#SCR-ID-004,catalogs/ui_page_states.csv#SCR-ID-004,catalogs/ui_action_matrix.csv#SCR-ID-004,TST-ID_001-HAPPY;TST-ID_002-HAPPY;TST-ID_001-IDEMPOTENT;TST-ID_002-IDEMPOTENT,B12/P01-P08,READY,EXACT_CONSTRUCTION_BOUND_V1.2.2
ANDROID,SCR-SUPPORT-001,帮助中心,/support/help,MOB-LIST,R15,REQ-SUPPORT-001,GET /api/v1/help/articles,supportGetHelpArticles,support_tickets;ticket_messages;ticket_attachments;ticket_status_logs;content_posts;content_versions;content_status_logs;content_review_records;content_media;content_contacts;content_stats;content_favorites;content_view_logs;content_contact_access_logs;h5_page_configs;cms_articles;agreements;app_versions,system,system.maintenance.enabled;system.maintenance.message;system.registration.enabled;system.publish.enabled;system.red_packet.enabled;system.withdrawal.enabled,catalogs/ui_page_fields.csv#SCR-SUPPORT-001,catalogs/ui_page_states.csv#SCR-SUPPORT-001,catalogs/ui_action_matrix.csv#SCR-SUPPORT-001,TST-SUPPORT_001-HAPPY,B12/P01-P08,READY,EXACT_CONSTRUCTION_BOUND_V1.2.2
ANDROID,SCR-SUPPORT-002,创建工单,/support/tickets/create,MOB-FORM,R15,REQ-SUPPORT-001,POST /api/v1/support/tickets,supportPostSupportTickets,support_tickets;ticket_messages;ticket_attachments;ticket_status_logs;content_posts;content_versions;content_status_logs;content_review_records;content_media;content_contacts;content_stats;content_favorites;content_view_logs;content_contact_access_logs;h5_page_configs;cms_articles;agreements;app_versions,system,system.maintenance.enabled;system.maintenance.message;system.registration.enabled;system.publish.enabled;system.red_packet.enabled;system.withdrawal.enabled,catalogs/ui_page_fields.csv#SCR-SUPPORT-002,catalogs/ui_page_states.csv#SCR-SUPPORT-002,catalogs/ui_action_matrix.csv#SCR-SUPPORT-002,TST-SUPPORT_001-HAPPY;TST-SUPPORT_001-IDEMPOTENT,B12/P01-P08,READY,EXACT_CONSTRUCTION_BOUND_V1.2.2
ANDROID,SCR-SUPPORT-003,工单列表,/support/tickets,MOB-LIST,R15,REQ-SUPPORT-001,GET /api/v1/support/tickets,supportGetSupportTickets,support_tickets;ticket_messages;ticket_attachments;ticket_status_logs;content_posts;content_versions;content_status_logs;content_review_records;content_media;content_contacts;content_stats;content_favorites;content_view_logs;content_contact_access_logs;h5_page_configs;cms_articles;agreements;app_versions,system,system.maintenance.enabled;system.maintenance.message;system.registration.enabled;system.publish.enabled;system.red_packet.enabled;system.withdrawal.enabled,catalogs/ui_page_fields.csv#SCR-SUPPORT-003,catalogs/ui_page_states.csv#SCR-SUPPORT-003,catalogs/ui_action_matrix.csv#SCR-SUPPORT-003,TST-SUPPORT_001-HAPPY,B12/P01-P08,READY,EXACT_CONSTRUCTION_BOUND_V1.2.2
ANDROID,SCR-SUPPORT-004,工单详情,/support/tickets/{id},MOB-DETAIL,R15,REQ-SUPPORT-001,GET /api/v1/support/tickets/{id};POST /api/v1/support/tickets/{id}/messages,supportGetSupportTicketsById;supportPostSupportTicketsByIdMessages,support_tickets;ticket_messages;ticket_attachments;ticket_status_logs;content_posts;content_versions;content_status_logs;content_review_records;content_media;content_contacts;content_stats;content_favorites;content_view_logs;content_contact_access_logs;h5_page_configs;cms_articles;agreements;app_versions,system,system.maintenance.enabled;system.maintenance.message;system.registration.enabled;system.publish.enabled;system.red_packet.enabled;system.withdrawal.enabled,catalogs/ui_page_fields.csv#SCR-SUPPORT-004,catalogs/ui_page_states.csv#SCR-SUPPORT-004,catalogs/ui_action_matrix.csv#SCR-SUPPORT-004,TST-SUPPORT_001-HAPPY;TST-SUPPORT_001-IDEMPOTENT,B12/P01-P08,READY,EXACT_CONSTRUCTION_BOUND_V1.2.2
ANDROID,SCR-SET-001,设置,/me/settings,MOB-SETTINGS,R15,REQ-NOTIFY-001,POST /api/v1/auth/logout;PATCH /api/v1/me/profile,authPostAuthLogout;userPatchMeProfile,users;user_credentials;auth_security_challenges;user_sessions;user_devices;sms_verification_codes;login_logs;user_profiles;user_settings;user_status_logs;conversations;conversation_members;chat_messages;chat_read_receipts;user_blocks;chat_reports;notifications;notification_deliveries;announcements;announcement_reads,auth,auth.default_login_method;auth.security_challenge.provider;auth.security_challenge.mode;auth.password.min_length;auth.password.max_length;auth.password.max_failures;auth.password.lock_seconds;auth.invite.app_required,catalogs/ui_page_fields.csv#SCR-SET-001,catalogs/ui_page_states.csv#SCR-SET-001,catalogs/ui_action_matrix.csv#SCR-SET-001,TST-NOTIFY_001-HAPPY;TST-NOTIFY_001-IDEMPOTENT,B12/P01-P08,READY,EXACT_CONSTRUCTION_BOUND_V1.2.2
ANDROID,SCR-ABOUT-001,关于与检查更新,/me/about,MOB-SETTINGS,R06,REQ-APP-RELEASE-001,POST /public-api/v1/app/version-check;GET /public-api/v1/agreements/{code},appReleasePostAppVersionCheck;publicGetAgreementsByCode,app_versions;app_release_records;app_build_artifacts;h5_page_configs;cms_articles;agreements;content_posts;users;user_credentials;auth_security_challenges;user_sessions;user_devices;sms_verification_codes;login_logs,app_build;platform,app.android.application_id;app.android.staging_application_id;app.android.display_name;app.android.signing.staging_profile;app.android.signing.production_profile;app.build.runner;app.build.allowed_ref_patterns;app.build.artifact_storage_scope;platform.brand.name;platform.brand.slogan;platform.brand.logo_media_id;platform.customer_service.name;platform.customer_service.contact,catalogs/ui_page_fields.csv#SCR-ABOUT-001,catalogs/ui_page_states.csv#SCR-ABOUT-001,catalogs/ui_action_matrix.csv#SCR-ABOUT-001,TST-APP_RELEASE_001-HAPPY,B12/P01-P08,READY,EXACT_CONSTRUCTION_BOUND_V1.2.2
ANDROID,SHEET-MEDIA-001,媒体上传管理器,sheet://media-upload,MOB-SHEET,R04,REQ-MEDIA-001;REQ-PAGE-SPEC-001,POST /api/v1/media/upload-sessions;POST /api/v1/media/upload-sessions/{id}/complete;DELETE /api/v1/media/{id},mediaPostMediaUploadSessions;mediaPostMediaUploadSessionsByIdComplete;mediaDeleteMediaById,media_objects;upload_sessions;media_access_tokens,storage;content,storage.default_provider;storage.scope.public_media.provider;storage.scope.private_kyc.provider;storage.scope.private_chat.provider;storage.scope.audit_evidence.provider;storage.scope.apk_release.provider;storage.scope.backup.provider;storage.r2.account_id;content.limit.normal.online;content.limit.month.online;content.limit.quarter.online;content.limit.year.online;content.team_leader_per_account;content.limit.normal.pending;content.limit.normal.drafts;content.limit.normal.daily_submissions,catalogs/ui_page_fields.csv#SHEET-MEDIA-001,catalogs/ui_page_states.csv#SHEET-MEDIA-001,catalogs/ui_action_matrix.csv#SHEET-MEDIA-001,TST-V122-001;TST-V122-002;TST-V122-003,,READY,EXACT_CONSTRUCTION_BOUND_V1.2.2
ANDROID,DIALOG-SEARCH-001,清空搜索历史确认,dialog://search-history-clear,MOB-SHEET,R07,REQ-SEARCH-001;REQ-PAGE-SPEC-001,DELETE /api/v1/search/history,searchDeleteSearchHistory,search_histories;hot_search_terms;content_posts,search;content;analytics,search.default_page_size;search.hot_keywords.max_count;content.limit.normal.online;content.limit.month.online;content.limit.quarter.online;content.limit.year.online;content.team_leader_per_account;content.limit.normal.pending;content.limit.normal.drafts;content.limit.normal.daily_submissions;analytics.event.retention_days;analytics.traffic_types,catalogs/ui_page_fields.csv#DIALOG-SEARCH-001,catalogs/ui_page_states.csv#DIALOG-SEARCH-001,catalogs/ui_action_matrix.csv#DIALOG-SEARCH-001,TST-V122-004,,READY,EXACT_CONSTRUCTION_BOUND_V1.2.2
ANDROID,SHEET-CONTENT-INVALID-001,联系方式失效反馈,sheet://content-invalid-feedback,MOB-SHEET,R13,REQ-ACTIVITY-001;REQ-CONTACT-001,POST /api/v1/contents/{id}/invalid-feedback,contentPostContentsByIdInvalidFeedback,content_posts;content_versions;content_status_logs;content_review_records;content_media;content_contacts;content_stats;content_favorites;content_view_logs;content_contact_access_logs;conversations;conversation_members;chat_messages;chat_read_receipts;user_blocks;chat_reports,content;storage;analytics,content.limit.normal.online;content.limit.month.online;content.limit.quarter.online;content.limit.year.online;content.team_leader_per_account;content.limit.normal.pending;content.limit.normal.drafts;content.limit.normal.daily_submissions;storage.default_provider;storage.scope.public_media.provider;storage.scope.private_kyc.provider;storage.scope.private_chat.provider;storage.scope.audit_evidence.provider;storage.scope.apk_release.provider;storage.scope.backup.provider;storage.r2.account_id;analytics.event.retention_days;analytics.traffic_types,catalogs/ui_page_fields.csv#SHEET-CONTENT-INVALID-001,catalogs/ui_page_states.csv#SHEET-CONTENT-INVALID-001,catalogs/ui_action_matrix.csv#SHEET-CONTENT-INVALID-001,TST-V122-005,,READY,EXACT_CONSTRUCTION_BOUND_V1.2.2
ANDROID,DIALOG-CHAT-BLOCK-001,拉黑与解除拉黑确认,dialog://chat-block,MOB-SHEET,R14,REQ-CHAT-002,POST /api/v1/users/{id}/block;DELETE /api/v1/users/{id}/block,chatPostUsersByIdBlock;chatDeleteUsersByIdBlock,conversations;conversation_members;chat_messages;chat_read_receipts;user_blocks;chat_reports,chat;notification,chat.stranger.daily_conversation_limit;chat.message.per_minute_limit;chat.image.max_mb;chat.history.retention_days;notification.marketing.default_enabled;notification.quiet_hours.start;notification.quiet_hours.end,catalogs/ui_page_fields.csv#DIALOG-CHAT-BLOCK-001,catalogs/ui_page_states.csv#DIALOG-CHAT-BLOCK-001,catalogs/ui_action_matrix.csv#DIALOG-CHAT-BLOCK-001,TST-V122-007;TST-V122-008,,READY,EXACT_CONSTRUCTION_BOUND_V1.2.2
ANDROID,DIALOG-CHAT-DELETE-001,删除会话确认,dialog://chat-delete,MOB-SHEET,R14,REQ-CHAT-002,DELETE /api/v1/conversations/{id},chatDeleteConversationsById,conversations;conversation_members;chat_messages;chat_read_receipts;user_blocks;chat_reports,chat;notification,chat.stranger.daily_conversation_limit;chat.message.per_minute_limit;chat.image.max_mb;chat.history.retention_days;notification.marketing.default_enabled;notification.quiet_hours.start;notification.quiet_hours.end,catalogs/ui_page_fields.csv#DIALOG-CHAT-DELETE-001,catalogs/ui_page_states.csv#DIALOG-CHAT-DELETE-001,catalogs/ui_action_matrix.csv#DIALOG-CHAT-DELETE-001,TST-V122-006,,READY,EXACT_CONSTRUCTION_BOUND_V1.2.2
ANDROID,SCR-SUPPORT-005,帮助文章详情,/support/help/{id},MOB-DETAIL,R15,REQ-SUPPORT-001,GET /api/v1/help/articles/{id},supportGetHelpArticlesById,content_posts;content_versions;content_status_logs;content_review_records;content_media;content_contacts;content_stats;content_favorites;content_view_logs;content_contact_access_logs;support_tickets;ticket_messages;ticket_attachments;ticket_status_logs;h5_page_configs;cms_articles;agreements;app_versions,operations;notification;storage,ops.backup.rpo_minutes;ops.recovery.rto_minutes;ops.audit_log.retention_days;ops.security_event.retention_days;ops.alert.error_rate_percent;ops.alert.api_p95_ms;notification.marketing.default_enabled;notification.quiet_hours.start;notification.quiet_hours.end;storage.default_provider;storage.scope.public_media.provider;storage.scope.private_kyc.provider;storage.scope.private_chat.provider;storage.scope.audit_evidence.provider;storage.scope.apk_release.provider;storage.scope.backup.provider;storage.r2.account_id,catalogs/ui_page_fields.csv#SCR-SUPPORT-005,catalogs/ui_page_states.csv#SCR-SUPPORT-005,catalogs/ui_action_matrix.csv#SCR-SUPPORT-005,TST-V122-010,,READY,EXACT_CONSTRUCTION_BOUND_V1.2.2
H5,H5-001,品牌宣传下载页,/,H5-LANDING,R28,REQ-H5-001;REQ-APP-RELEASE-001,GET /public-api/v1/home-page;GET /public-api/v1/app/latest,publicGetHomePage;publicGetAppLatest,h5_page_configs;cms_articles;agreements;app_versions;content_posts;content_versions;content_status_logs;content_review_records;content_media;content_contacts;content_stats;content_favorites;content_view_logs;content_contact_access_logs;app_release_records;app_build_artifacts;users;user_credentials;auth_security_challenges;user_sessions;user_devices;sms_verification_codes;login_logs,platform,platform.brand.name;platform.brand.slogan;platform.brand.logo_media_id;platform.customer_service.name;platform.customer_service.contact,catalogs/ui_page_fields.csv#H5-001,catalogs/ui_page_states.csv#H5-001,catalogs/ui_action_matrix.csv#H5-001,TST-H5_001-HAPPY;TST-APP_RELEASE_001-HAPPY,B02/B11/B12/-,READY,EXACT_CONSTRUCTION_BOUND_V1.2.2
H5,H5-002,安装教程,/install-guide,H5-LANDING,R28,REQ-H5-001,GET /public-api/v1/app/latest;GET /public-api/v1/help/articles/{id},publicGetAppLatest;publicGetHelpArticlesById,h5_page_configs;cms_articles;agreements;app_versions;content_posts;content_versions;content_status_logs;content_review_records;content_media;content_contacts;content_stats;content_favorites;content_view_logs;content_contact_access_logs,platform,platform.brand.name;platform.brand.slogan;platform.brand.logo_media_id;platform.customer_service.name;platform.customer_service.contact,catalogs/ui_page_fields.csv#H5-002,catalogs/ui_page_states.csv#H5-002,catalogs/ui_action_matrix.csv#H5-002,TST-H5_001-HAPPY,B02/B11/B12/-,READY,EXACT_CONSTRUCTION_BOUND_V1.2.2
H5,H5-003,邀请落地页,/invite/{code},H5-LANDING,R28,REQ-REF-002;REQ-H5-001,GET /public-api/v1/invite/{code};GET /public-api/v1/app/latest,publicGetInviteByCode;publicGetAppLatest,h5_page_configs;cms_articles;agreements;app_versions;content_posts;invite_codes;referral_relations;commission_records;referral_activity_progress;referral_milestone_rewards;content_versions;content_status_logs;content_review_records;content_media;content_contacts;content_stats;content_favorites;content_view_logs;content_contact_access_logs,platform,platform.brand.name;platform.brand.slogan;platform.brand.logo_media_id;platform.customer_service.name;platform.customer_service.contact,catalogs/ui_page_fields.csv#H5-003,catalogs/ui_page_states.csv#H5-003,catalogs/ui_action_matrix.csv#H5-003,TST-REF_002-HAPPY;TST-H5_001-HAPPY,TOKENS_ONLY/-,READY,EXACT_CONSTRUCTION_BOUND_V1.2.2
H5,H5-013,H5邀请注册页,/invite/{code}/register,MOB-AUTH-FORM,R02,REQ-AUTH-005,GET /public-api/v1/invite/{code}/registration-config;POST /api/v1/auth/security-challenges;POST /api/v1/auth/sms/send;POST /api/v1/auth/register,publicGetInviteByCodeRegistrationConfig;authPostAuthSecurityChallenges;authPostAuthSmsSend;authPostAuthRegister,h5_page_configs;cms_articles;agreements;app_versions;content_posts;users;user_credentials;auth_security_challenges;user_sessions;user_devices;sms_verification_codes;login_logs,platform;auth,platform.brand.name;platform.brand.slogan;platform.brand.logo_media_id;platform.customer_service.name;platform.customer_service.contact;auth.default_login_method;auth.security_challenge.provider;auth.security_challenge.mode;auth.password.min_length;auth.password.max_length;auth.password.max_failures;auth.password.lock_seconds;auth.invite.app_required,catalogs/ui_page_fields.csv#H5-013,catalogs/ui_page_states.csv#H5-013,catalogs/ui_action_matrix.csv#H5-013,TST-AUTH_005-HAPPY;TST-AUTH_005-IDEMPOTENT,TOKENS_ONLY/-,READY,EXACT_CONSTRUCTION_BOUND_V1.2.2
H5,H5-004,项目分享页,/share/project/{id},H5-SHARE,R28,REQ-PROJECT-001;REQ-H5-001,GET /public-api/v1/share/contents/{id},publicGetShareContentsById,h5_page_configs;cms_articles;agreements;app_versions;content_posts;content_versions;content_status_logs;content_review_records;content_media;content_contacts;content_stats;content_favorites;content_view_logs;content_contact_access_logs;conversations;conversation_members;chat_messages;chat_read_receipts;user_blocks;chat_reports,platform,platform.brand.name;platform.brand.slogan;platform.brand.logo_media_id;platform.customer_service.name;platform.customer_service.contact,catalogs/ui_page_fields.csv#H5-004,catalogs/ui_page_states.csv#H5-004,catalogs/ui_action_matrix.csv#H5-004,TST-PROJECT_001-HAPPY;TST-H5_001-HAPPY,TOKENS_ONLY/-,READY,EXACT_CONSTRUCTION_BOUND_V1.2.2
H5,H5-005,App分享页,/share/app/{id},H5-SHARE,R28,REQ-APP-PROMO-001;REQ-H5-001,GET /public-api/v1/share/contents/{id},publicGetShareContentsById,h5_page_configs;cms_articles;agreements;app_versions;content_posts;content_versions;content_status_logs;content_review_records;content_media;content_contacts;content_stats;content_favorites;content_view_logs;content_contact_access_logs;conversations;conversation_members;chat_messages;chat_read_receipts;user_blocks;chat_reports,platform,platform.brand.name;platform.brand.slogan;platform.brand.logo_media_id;platform.customer_service.name;platform.customer_service.contact,catalogs/ui_page_fields.csv#H5-005,catalogs/ui_page_states.csv#H5-005,catalogs/ui_action_matrix.csv#H5-005,TST-APP_PROMO_001-HAPPY;TST-H5_001-HAPPY,TOKENS_ONLY/-,READY,EXACT_CONSTRUCTION_BOUND_V1.2.2
H5,H5-006,群聊分享页,/share/group/{id},H5-SHARE,R28,REQ-GROUP-001;REQ-H5-001,GET /public-api/v1/share/contents/{id},publicGetShareContentsById,h5_page_configs;cms_articles;agreements;app_versions;content_posts;content_versions;content_status_logs;content_review_records;content_media;content_contacts;content_stats;content_favorites;content_view_logs;content_contact_access_logs;conversations;conversation_members;chat_messages;chat_read_receipts;user_blocks;chat_reports,platform,platform.brand.name;platform.brand.slogan;platform.brand.logo_media_id;platform.customer_service.name;platform.customer_service.contact,catalogs/ui_page_fields.csv#H5-006,catalogs/ui_page_states.csv#H5-006,catalogs/ui_action_matrix.csv#H5-006,TST-GROUP_001-HAPPY;TST-H5_001-HAPPY,TOKENS_ONLY/-,READY,EXACT_CONSTRUCTION_BOUND_V1.2.2
H5,H5-007,团队长分享页,/share/team-leader/{id},H5-SHARE,R28,REQ-TEAM-001;REQ-H5-001,GET /public-api/v1/share/contents/{id},publicGetShareContentsById,h5_page_configs;cms_articles;agreements;app_versions;content_posts;content_versions;content_status_logs;content_review_records;content_media;content_contacts;content_stats;content_favorites;content_view_logs;content_contact_access_logs;conversations;conversation_members;chat_messages;chat_read_receipts;user_blocks;chat_reports,platform,platform.brand.name;platform.brand.slogan;platform.brand.logo_media_id;platform.customer_service.name;platform.customer_service.contact,catalogs/ui_page_fields.csv#H5-007,catalogs/ui_page_states.csv#H5-007,catalogs/ui_action_matrix.csv#H5-007,TST-TEAM_001-HAPPY;TST-H5_001-HAPPY,TOKENS_ONLY/-,READY,EXACT_CONSTRUCTION_BOUND_V1.2.2
H5,H5-008,统一收银台,/cashier/{orderNo},MOB-CHECKOUT,R17,REQ-PAY-001;REQ-PAY-002,GET /api/v1/orders/{orderNo}/cashier;POST /api/v1/orders/{orderNo}/payments,paymentGetOrdersByOrdernoCashier;paymentPostOrdersByOrdernoPayments,orders;payment_transactions;payment_callbacks;payment_exception_orders;payment_reconciliation_records;accounting_transactions;accounting_entries,payment,payment.active_gateway;payment.caihong.base_url;payment.caihong.merchant_id;payment.caihong.merchant_key;payment.caihong.sign_type;payment.caihong.enabled_channels;payment.notify_url;payment.return_url,catalogs/ui_page_fields.csv#H5-008,catalogs/ui_page_states.csv#H5-008,catalogs/ui_action_matrix.csv#H5-008,TST-PAY_001-HAPPY;TST-PAY_002-HAPPY;TST-PAY_001-IDEMPOTENT;TST-PAY_002-IDEMPOTENT,TOKENS_ONLY/-,READY,EXACT_CONSTRUCTION_BOUND_V1.2.2
H5,H5-009,支付结果,/payment/result,H5-CALLBACK,R17,REQ-PAY-001;REQ-PAY-002,GET /api/v1/orders/{orderNo}/payment-status,paymentGetOrdersByOrdernoPaymentStatus,orders;payment_transactions;payment_callbacks;payment_exception_orders;payment_reconciliation_records;accounting_transactions;accounting_entries,payment,payment.active_gateway;payment.caihong.base_url;payment.caihong.merchant_id;payment.caihong.merchant_key;payment.caihong.sign_type;payment.caihong.enabled_channels;payment.notify_url;payment.return_url,catalogs/ui_page_fields.csv#H5-009,catalogs/ui_page_states.csv#H5-009,catalogs/ui_action_matrix.csv#H5-009,TST-PAY_001-HAPPY;TST-PAY_002-HAPPY,TOKENS_ONLY/-,READY,EXACT_CONSTRUCTION_BOUND_V1.2.2
H5,H5-010,协议与规则,/agreement/{code},H5-DOCUMENT,R15,REQ-CMS-001,GET /public-api/v1/agreements/{code},publicGetAgreementsByCode,h5_page_configs;cms_articles;agreements;app_versions;content_posts;home_modules;banners,platform,platform.brand.name;platform.brand.slogan;platform.brand.logo_media_id;platform.customer_service.name;platform.customer_service.contact,catalogs/ui_page_fields.csv#H5-010,catalogs/ui_page_states.csv#H5-010,catalogs/ui_action_matrix.csv#H5-010,TST-CMS_001-HAPPY,TOKENS_ONLY/-,READY,EXACT_CONSTRUCTION_BOUND_V1.2.2
H5,H5-011,帮助文章,/help/{id},H5-DOCUMENT,R15,REQ-SUPPORT-001,GET /public-api/v1/help/articles/{id},publicGetHelpArticlesById,h5_page_configs;cms_articles;agreements;app_versions;content_posts;content_versions;content_status_logs;content_review_records;content_media;content_contacts;content_stats;content_favorites;content_view_logs;content_contact_access_logs;support_tickets;ticket_messages;ticket_attachments;ticket_status_logs,platform,platform.brand.name;platform.brand.slogan;platform.brand.logo_media_id;platform.customer_service.name;platform.customer_service.contact,catalogs/ui_page_fields.csv#H5-011,catalogs/ui_page_states.csv#H5-011,catalogs/ui_action_matrix.csv#H5-011,TST-SUPPORT_001-HAPPY,TOKENS_ONLY/-,READY,EXACT_CONSTRUCTION_BOUND_V1.2.2
H5,H5-012,活体回跳,/identity/callback,H5-LANDING,R05,REQ-ID-001,POST /public-api/v1/identity/callback/consume,publicPostIdentityCallbackConsume,identity_profiles;identity_verification_sessions;identity_provider_requests;identity_review_records;sensitive_data_access_logs;users;user_profiles;user_settings;user_status_logs,identity,identity.active_provider;identity.provider.appcode;identity.liveness.token_url;identity.liveness.result_url;identity.face_compare.url;identity.max_daily_attempts;identity.one_id_one_account;identity.liveness.poll_interval_ms,catalogs/ui_page_fields.csv#H5-012,catalogs/ui_page_states.csv#H5-012,catalogs/ui_action_matrix.csv#H5-012,TST-ID_001-HAPPY,TOKENS_ONLY/-,READY,EXACT_CONSTRUCTION_BOUND_V1.2.2
ADMIN,ADM-DASH-001,数据驾驶舱,/dashboard,ADM-DASHBOARD,R30,REQ-ANALYTICS-001;REQ-ADMIN-001,GET /admin-api/v1/dashboard/summary;GET /admin-api/v1/dashboard/todos,adminDashboardGetDashboardSummary;adminDashboardGetDashboardTodos,daily_kpis;analytics_events;users;user_profiles;user_status_logs;user_sessions,platform,platform.brand.name;platform.brand.slogan;platform.brand.logo_media_id;platform.customer_service.name;platform.customer_service.contact,catalogs/ui_page_fields.csv#ADM-DASH-001,catalogs/ui_page_states.csv#ADM-DASH-001,catalogs/ui_action_matrix.csv#ADM-DASH-001,TST-ANALYTICS_001-HAPPY;TST-ADMIN_001-HAPPY,TOKENS_ONLY,READY,EXACT_CONSTRUCTION_BOUND_V1.2.2
ADMIN,ADM-USER-001,用户列表,/users,ADM-LIST,R02,REQ-AUTH-001;REQ-ADMIN-001,GET /admin-api/v1/users;GET /admin-api/v1/users/{id},adminUsersGetUsers;adminUsersGetUsersById,users;user_profiles;user_status_logs;user_sessions;h5_page_configs;cms_articles;agreements;app_versions;content_posts;app_release_records;app_build_artifacts;user_credentials;auth_security_challenges;user_devices;sms_verification_codes;login_logs;user_settings;support_tickets;ticket_messages;ticket_attachments;ticket_status_logs;daily_kpis;analytics_events,platform,platform.brand.name;platform.brand.slogan;platform.brand.logo_media_id;platform.customer_service.name;platform.customer_service.contact,catalogs/ui_page_fields.csv#ADM-USER-001,catalogs/ui_page_states.csv#ADM-USER-001,catalogs/ui_action_matrix.csv#ADM-USER-001,TST-AUTH_001-HAPPY;TST-ADMIN_001-HAPPY,TOKENS_ONLY,READY,EXACT_CONSTRUCTION_BOUND_V1.2.2
ADMIN,ADM-USER-002,用户详情,/users/:id,ADM-DETAIL,R02,REQ-AUTH-001;REQ-ADMIN-001,GET /admin-api/v1/users;GET /admin-api/v1/users/{id};POST /admin-api/v1/users/{id}/restrictions;DELETE /admin-api/v1/users/{id}/restrictions/{type};POST /admin-api/v1/users/{id}/freeze;POST /admin-api/v1/users/{id}/unfreeze;POST /admin-api/v1/users/{id}/force-logout,adminUsersGetUsers;adminUsersGetUsersById;adminUsersPostUsersByIdRestrictions;adminUsersDeleteUsersByIdRestrictionsByType;adminUsersPostUsersByIdFreeze;adminUsersPostUsersByIdUnfreeze;adminUsersPostUsersByIdForceLogout,users;user_profiles;user_status_logs;user_sessions;h5_page_configs;cms_articles;agreements;app_versions;content_posts;app_release_records;app_build_artifacts;user_credentials;auth_security_challenges;user_devices;sms_verification_codes;login_logs;user_settings;support_tickets;ticket_messages;ticket_attachments;ticket_status_logs;daily_kpis;analytics_events,platform,platform.brand.name;platform.brand.slogan;platform.brand.logo_media_id;platform.customer_service.name;platform.customer_service.contact,catalogs/ui_page_fields.csv#ADM-USER-002,catalogs/ui_page_states.csv#ADM-USER-002,catalogs/ui_action_matrix.csv#ADM-USER-002,TST-AUTH_001-HAPPY;TST-ADMIN_001-HAPPY;TST-AUTH_001-IDEMPOTENT;TST-ADMIN_001-IDEMPOTENT,TOKENS_ONLY,READY,EXACT_CONSTRUCTION_BOUND_V1.2.2
ADMIN,ADM-ID-001,实名列表,/identity,ADM-LIST,R05,REQ-ID-001;REQ-ID-002,GET /admin-api/v1/identities;GET /admin-api/v1/identities/{userId},adminIdentityGetIdentities;adminIdentityGetIdentitiesByUserid,identity_profiles;identity_verification_sessions;identity_provider_requests;identity_review_records;sensitive_data_access_logs;users;user_profiles;user_settings;user_status_logs;admin_operation_logs,identity,identity.active_provider;identity.provider.appcode;identity.liveness.token_url;identity.liveness.result_url;identity.face_compare.url;identity.max_daily_attempts;identity.one_id_one_account;identity.liveness.poll_interval_ms,catalogs/ui_page_fields.csv#ADM-ID-001,catalogs/ui_page_states.csv#ADM-ID-001,catalogs/ui_action_matrix.csv#ADM-ID-001,TST-ID_001-HAPPY;TST-ID_002-HAPPY,TOKENS_ONLY,READY,EXACT_CONSTRUCTION_BOUND_V1.2.2
ADMIN,ADM-ID-002,实名详情与复核,/identity/:id,ADM-REVIEW,R05,REQ-ID-001;REQ-ID-002;REQ-PAGE-SPEC-001;REQ-ADMIN-OPS-001,GET /admin-api/v1/identities;GET /admin-api/v1/identities/{userId};POST /admin-api/v1/identity-sessions/{id}/review;POST /admin-api/v1/identities/{userId}/media-access;POST /admin-api/v1/identities/{userId}/freeze,adminIdentityGetIdentities;adminIdentityGetIdentitiesByUserid;adminIdentityPostIdentitySessionsByIdReview;adminIdentityPostIdentitiesByUseridMediaAccess;adminIdentityPostIdentitiesByUseridFreeze,identity_profiles;identity_verification_sessions;identity_provider_requests;identity_review_records;sensitive_data_access_logs;users;user_profiles;user_settings;user_status_logs;admin_operation_logs;admin_users;admin_roles;admin_permissions;admin_user_roles;admin_role_permissions;admin_approval_requests,identity,identity.active_provider;identity.provider.appcode;identity.liveness.token_url;identity.liveness.result_url;identity.face_compare.url;identity.max_daily_attempts;identity.one_id_one_account;identity.liveness.poll_interval_ms,catalogs/ui_page_fields.csv#ADM-ID-002,catalogs/ui_page_states.csv#ADM-ID-002,catalogs/ui_action_matrix.csv#ADM-ID-002,TST-ID_001-HAPPY;TST-ID_002-HAPPY;TST-ID_001-IDEMPOTENT;TST-ID_002-IDEMPOTENT;TST-V122-015;TST-V122-016,TOKENS_ONLY,READY,EXACT_CONSTRUCTION_BOUND_V1.2.2
ADMIN,ADM-CONTENT-001,统一内容列表,/contents,ADM-LIST,R06,REQ-CONTENT-001;REQ-PUBLISH-001,GET /admin-api/v1/contents;GET /admin-api/v1/contents/{id};GET /admin-api/v1/content-dictionaries,adminContentGetContents;adminContentGetContentsById;adminContentGetContentDictionaries,content_posts;content_versions;content_status_logs;content_review_records;content_media;content_contacts;content_stats;content_favorites;content_view_logs;content_contact_access_logs;home_modules;banners;conversations;conversation_members;chat_messages;chat_read_receipts;user_blocks;chat_reports;users;user_profiles;user_settings;user_status_logs;identity_review_records;manual_review_cases;content_reports;content_appeals,content,content.limit.normal.online;content.limit.month.online;content.limit.quarter.online;content.limit.year.online;content.team_leader_per_account;content.limit.normal.pending;content.limit.normal.drafts;content.limit.normal.daily_submissions,catalogs/ui_page_fields.csv#ADM-CONTENT-001,catalogs/ui_page_states.csv#ADM-CONTENT-001,catalogs/ui_action_matrix.csv#ADM-CONTENT-001,TST-CONTENT_001-HAPPY;TST-PUBLISH_001-HAPPY,TOKENS_ONLY,READY,EXACT_CONSTRUCTION_BOUND_V1.2.2
ADMIN,ADM-CONTENT-002,内容详情,/contents/:id,ADM-DETAIL,R06,REQ-CONTENT-001;REQ-PUBLISH-001,GET /admin-api/v1/contents;GET /admin-api/v1/contents/{id};POST /admin-api/v1/contents/{id}/online;POST /admin-api/v1/contents/{id}/offline;POST /admin-api/v1/contents/{id}/ban;POST /admin-api/v1/contents/{id}/recommend;POST /admin-api/v1/contents/{id}/official-mark;GET /admin-api/v1/content-dictionaries,adminContentGetContents;adminContentGetContentsById;adminContentPostContentsByIdOnline;adminContentPostContentsByIdOffline;adminContentPostContentsByIdBan;adminContentPostContentsByIdRecommend;adminContentPostContentsByIdOfficialMark;adminContentGetContentDictionaries,content_posts;content_versions;content_status_logs;content_review_records;content_media;content_contacts;content_stats;content_favorites;content_view_logs;content_contact_access_logs;home_modules;banners;conversations;conversation_members;chat_messages;chat_read_receipts;user_blocks;chat_reports;users;user_profiles;user_settings;user_status_logs;identity_review_records;manual_review_cases;content_reports;content_appeals,content,content.limit.normal.online;content.limit.month.online;content.limit.quarter.online;content.limit.year.online;content.team_leader_per_account;content.limit.normal.pending;content.limit.normal.drafts;content.limit.normal.daily_submissions,catalogs/ui_page_fields.csv#ADM-CONTENT-002,catalogs/ui_page_states.csv#ADM-CONTENT-002,catalogs/ui_action_matrix.csv#ADM-CONTENT-002,TST-CONTENT_001-HAPPY;TST-PUBLISH_001-HAPPY;TST-CONTENT_001-IDEMPOTENT;TST-PUBLISH_001-IDEMPOTENT,TOKENS_ONLY,READY,EXACT_CONSTRUCTION_BOUND_V1.2.2
ADMIN,ADM-CONTENT-003,字典与属性,/contents/dictionaries,ADM-LIST,R06,REQ-CONTENT-001;REQ-PUBLISH-001;REQ-PAGE-SPEC-001;REQ-ADMIN-OPS-001,GET /admin-api/v1/contents;GET /admin-api/v1/contents/{id};POST /admin-api/v1/contents/{id}/online;POST /admin-api/v1/contents/{id}/offline;POST /admin-api/v1/contents/{id}/ban;POST /admin-api/v1/contents/{id}/recommend;POST /admin-api/v1/contents/{id}/official-mark;GET /admin-api/v1/content-dictionaries;PUT /admin-api/v1/content-dictionaries/{code},adminContentGetContents;adminContentGetContentsById;adminContentPostContentsByIdOnline;adminContentPostContentsByIdOffline;adminContentPostContentsByIdBan;adminContentPostContentsByIdRecommend;adminContentPostContentsByIdOfficialMark;adminContentGetContentDictionaries;adminContentPutContentDictionariesByCode,content_posts;content_versions;content_status_logs;content_review_records;content_media;content_contacts;content_stats;content_favorites;content_view_logs;content_contact_access_logs;home_modules;banners;conversations;conversation_members;chat_messages;chat_read_receipts;user_blocks;chat_reports;users;user_profiles;user_settings;user_status_logs;identity_review_records;manual_review_cases;content_reports;content_appeals;admin_users;admin_roles;admin_permissions;admin_user_roles;admin_role_permissions;admin_operation_logs;admin_approval_requests,content,content.limit.normal.online;content.limit.month.online;content.limit.quarter.online;content.limit.year.online;content.team_leader_per_account;content.limit.normal.pending;content.limit.normal.drafts;content.limit.normal.daily_submissions,catalogs/ui_page_fields.csv#ADM-CONTENT-003,catalogs/ui_page_states.csv#ADM-CONTENT-003,catalogs/ui_action_matrix.csv#ADM-CONTENT-003,TST-CONTENT_001-HAPPY;TST-PUBLISH_001-HAPPY;TST-CONTENT_001-IDEMPOTENT;TST-PUBLISH_001-IDEMPOTENT;TST-V122-017,TOKENS_ONLY,READY,EXACT_CONSTRUCTION_BOUND_V1.2.2
ADMIN,ADM-REVIEW-001,审核队列,/reviews,ADM-REVIEW,R12,REQ-PUBLISH-001;REQ-PAGE-SPEC-001;REQ-ADMIN-OPS-001,GET /admin-api/v1/reviews/queue;GET /admin-api/v1/reviews/{id};GET /admin-api/v1/content-reports;GET /admin-api/v1/appeals;POST /admin-api/v1/reviews/{id}/decide;POST /admin-api/v1/reviews/{id}/assign,adminReviewGetReviewsQueue;adminReviewGetReviewsById;adminReportsGetContentReports;adminAppealsGetAppeals;adminReviewPostReviewsByIdDecide;adminReviewPostReviewsByIdAssign,content_review_records;identity_review_records;manual_review_cases;content_reports;chat_reports;content_appeals;users;user_profiles;user_settings;user_status_logs;content_posts;content_versions;content_status_logs;content_media;content_contacts;content_stats;content_favorites;content_view_logs;content_contact_access_logs;admin_users;admin_roles;admin_permissions;admin_user_roles;admin_role_permissions;admin_operation_logs;admin_approval_requests,platform,platform.brand.name;platform.brand.slogan;platform.brand.logo_media_id;platform.customer_service.name;platform.customer_service.contact,catalogs/ui_page_fields.csv#ADM-REVIEW-001,catalogs/ui_page_states.csv#ADM-REVIEW-001,catalogs/ui_action_matrix.csv#ADM-REVIEW-001,TST-PUBLISH_001-HAPPY;TST-V122-018;TST-V122-019,TOKENS_ONLY,READY,EXACT_CONSTRUCTION_BOUND_V1.2.2
ADMIN,ADM-RP-001,红包活动列表,/red-packets,ADM-LIST,R20,REQ-RP-004;REQ-RP-006,GET /admin-api/v1/red-packet-campaigns;GET /admin-api/v1/red-packet-campaigns/{id};GET /admin-api/v1/red-packet-campaigns/{id}/sessions;GET /admin-api/v1/red-packet-campaigns/{id}/claims;GET /admin-api/v1/red-packet-campaigns/{id}/ledger,adminRedPacketGetRedPacketCampaigns;adminRedPacketGetRedPacketCampaignsById;adminRedPacketGetRedPacketCampaignsByIdSessions;adminRedPacketGetRedPacketCampaignsByIdClaims;adminRedPacketGetRedPacketCampaignsByIdLedger,red_packet_campaigns;red_packet_campaign_versions;red_packet_quotes;red_packet_orders;red_packet_stock;red_packet_view_sessions;red_packet_reservations;red_packet_claims;red_packet_ledger;reward_ledger;outbox_events;reward_accounts;reward_settlements;reward_freezes;accounting_entries,red_packet,red_packet.default_view_seconds;red_packet.reservation_min_seconds;red_packet.unit_amount_min_cent;red_packet.unit_amount_max_cent;red_packet.min_count;red_packet.service_fee_bps;red_packet.one_active_per_content;red_packet.allow_raise_unit_amount,catalogs/ui_page_fields.csv#ADM-RP-001,catalogs/ui_page_states.csv#ADM-RP-001,catalogs/ui_action_matrix.csv#ADM-RP-001,TST-RP_004-HAPPY;TST-RP_006-HAPPY,TOKENS_ONLY,READY,EXACT_CONSTRUCTION_BOUND_V1.2.2
ADMIN,ADM-RP-002,红包活动详情,/red-packets/:id,ADM-DETAIL,R23,REQ-RP-004;REQ-RP-006,GET /admin-api/v1/red-packet-campaigns;GET /admin-api/v1/red-packet-campaigns/{id};POST /admin-api/v1/red-packet-campaigns/{id}/review;POST /admin-api/v1/red-packet-campaigns/{id}/pause;POST /admin-api/v1/red-packet-campaigns/{id}/resume;POST /admin-api/v1/red-packet-campaigns/{id}/terminate;GET /admin-api/v1/red-packet-campaigns/{id}/sessions;GET /admin-api/v1/red-packet-campaigns/{id}/claims,adminRedPacketGetRedPacketCampaigns;adminRedPacketGetRedPacketCampaignsById;adminRedPacketPostRedPacketCampaignsByIdReview;adminRedPacketPostRedPacketCampaignsByIdPause;adminRedPacketPostRedPacketCampaignsByIdResume;adminRedPacketPostRedPacketCampaignsByIdTerminate;adminRedPacketGetRedPacketCampaignsByIdSessions;adminRedPacketGetRedPacketCampaignsByIdClaims,red_packet_campaigns;red_packet_campaign_versions;red_packet_quotes;red_packet_orders;red_packet_stock;red_packet_view_sessions;red_packet_reservations;red_packet_claims;red_packet_ledger;reward_ledger;outbox_events;reward_accounts;reward_settlements;reward_freezes;accounting_entries,red_packet,red_packet.default_view_seconds;red_packet.reservation_min_seconds;red_packet.unit_amount_min_cent;red_packet.unit_amount_max_cent;red_packet.min_count;red_packet.service_fee_bps;red_packet.one_active_per_content;red_packet.allow_raise_unit_amount,catalogs/ui_page_fields.csv#ADM-RP-002,catalogs/ui_page_states.csv#ADM-RP-002,catalogs/ui_action_matrix.csv#ADM-RP-002,TST-RP_004-HAPPY;TST-RP_006-HAPPY;TST-RP_004-IDEMPOTENT;TST-RP_006-IDEMPOTENT,TOKENS_ONLY,READY,EXACT_CONSTRUCTION_BOUND_V1.2.2
ADMIN,ADM-RP-003,红包预审核,/red-packets/review,ADM-REVIEW,R20,REQ-RP-004;REQ-RP-006,GET /admin-api/v1/red-packet-campaigns;GET /admin-api/v1/red-packet-campaigns/{id};POST /admin-api/v1/red-packet-campaigns/{id}/review;POST /admin-api/v1/red-packet-campaigns/{id}/pause;POST /admin-api/v1/red-packet-campaigns/{id}/resume;POST /admin-api/v1/red-packet-campaigns/{id}/terminate;GET /admin-api/v1/red-packet-campaigns/{id}/sessions;GET /admin-api/v1/red-packet-campaigns/{id}/claims,adminRedPacketGetRedPacketCampaigns;adminRedPacketGetRedPacketCampaignsById;adminRedPacketPostRedPacketCampaignsByIdReview;adminRedPacketPostRedPacketCampaignsByIdPause;adminRedPacketPostRedPacketCampaignsByIdResume;adminRedPacketPostRedPacketCampaignsByIdTerminate;adminRedPacketGetRedPacketCampaignsByIdSessions;adminRedPacketGetRedPacketCampaignsByIdClaims,red_packet_campaigns;red_packet_campaign_versions;red_packet_quotes;red_packet_orders;red_packet_stock;red_packet_view_sessions;red_packet_reservations;red_packet_claims;red_packet_ledger;reward_ledger;outbox_events;reward_accounts;reward_settlements;reward_freezes;accounting_entries,red_packet,red_packet.default_view_seconds;red_packet.reservation_min_seconds;red_packet.unit_amount_min_cent;red_packet.unit_amount_max_cent;red_packet.min_count;red_packet.service_fee_bps;red_packet.one_active_per_content;red_packet.allow_raise_unit_amount,catalogs/ui_page_fields.csv#ADM-RP-003,catalogs/ui_page_states.csv#ADM-RP-003,catalogs/ui_action_matrix.csv#ADM-RP-003,TST-RP_004-HAPPY;TST-RP_006-HAPPY;TST-RP_004-IDEMPOTENT;TST-RP_006-IDEMPOTENT,TOKENS_ONLY,READY,EXACT_CONSTRUCTION_BOUND_V1.2.2
ADMIN,ADM-RP-004,红包风险事件,/red-packets/risk,ADM-SECURITY,R23,REQ-RP-004;REQ-RP-006,GET /admin-api/v1/red-packet-campaigns;GET /admin-api/v1/red-packet-campaigns/{id};POST /admin-api/v1/red-packet-campaigns/{id}/review;POST /admin-api/v1/red-packet-campaigns/{id}/pause;POST /admin-api/v1/red-packet-campaigns/{id}/resume;POST /admin-api/v1/red-packet-campaigns/{id}/terminate;GET /admin-api/v1/red-packet-campaigns/{id}/sessions;GET /admin-api/v1/red-packet-campaigns/{id}/claims,adminRedPacketGetRedPacketCampaigns;adminRedPacketGetRedPacketCampaignsById;adminRedPacketPostRedPacketCampaignsByIdReview;adminRedPacketPostRedPacketCampaignsByIdPause;adminRedPacketPostRedPacketCampaignsByIdResume;adminRedPacketPostRedPacketCampaignsByIdTerminate;adminRedPacketGetRedPacketCampaignsByIdSessions;adminRedPacketGetRedPacketCampaignsByIdClaims,red_packet_campaigns;red_packet_campaign_versions;red_packet_quotes;red_packet_orders;red_packet_stock;red_packet_view_sessions;red_packet_reservations;red_packet_claims;red_packet_ledger;reward_ledger;outbox_events;reward_accounts;reward_settlements;reward_freezes;accounting_entries,red_packet,red_packet.default_view_seconds;red_packet.reservation_min_seconds;red_packet.unit_amount_min_cent;red_packet.unit_amount_max_cent;red_packet.min_count;red_packet.service_fee_bps;red_packet.one_active_per_content;red_packet.allow_raise_unit_amount,catalogs/ui_page_fields.csv#ADM-RP-004,catalogs/ui_page_states.csv#ADM-RP-004,catalogs/ui_action_matrix.csv#ADM-RP-004,TST-RP_004-HAPPY;TST-RP_006-HAPPY;TST-RP_004-IDEMPOTENT;TST-RP_006-IDEMPOTENT,TOKENS_ONLY,READY,EXACT_CONSTRUCTION_BOUND_V1.2.2
ADMIN,ADM-PROD-001,商品与SKU,/commerce/products,ADM-LIST,R30,REQ-PRODUCT-001,GET /admin-api/v1/products;POST /admin-api/v1/products;PATCH /admin-api/v1/products/{id};GET /admin-api/v1/skus;POST /admin-api/v1/skus;PATCH /admin-api/v1/skus/{id},adminProductsGetProducts;adminProductsPostProducts;adminProductsPatchProductsById;adminProductsGetSkus;adminProductsPostSkus;adminProductsPatchSkusById,products;product_skus;sku_commission_policies,platform,platform.brand.name;platform.brand.slogan;platform.brand.logo_media_id;platform.customer_service.name;platform.customer_service.contact,catalogs/ui_page_fields.csv#ADM-PROD-001,catalogs/ui_page_states.csv#ADM-PROD-001,catalogs/ui_action_matrix.csv#ADM-PROD-001,TST-PRODUCT_001-HAPPY;TST-PRODUCT_001-IDEMPOTENT,TOKENS_ONLY,READY,EXACT_CONSTRUCTION_BOUND_V1.2.2
ADMIN,ADM-ORDER-001,订单列表,/commerce/orders,ADM-LIST,R16,REQ-ORDER-001,GET /admin-api/v1/orders;GET /admin-api/v1/orders/{orderNo},adminOrdersGetOrders;adminOrdersGetOrdersByOrderno,system_configs;orders;order_items;order_price_snapshots,platform,platform.brand.name;platform.brand.slogan;platform.brand.logo_media_id;platform.customer_service.name;platform.customer_service.contact,catalogs/ui_page_fields.csv#ADM-ORDER-001,catalogs/ui_page_states.csv#ADM-ORDER-001,catalogs/ui_action_matrix.csv#ADM-ORDER-001,TST-ORDER_001-HAPPY,SPEC:design/R16-UI-FROZEN/specs/ADM-ORDER-001.md,READY,EXACT_CONSTRUCTION_BOUND_R16_CR0440
ADMIN,ADM-PAY-001,支付交易,/commerce/payments,ADM-FINANCE,R17,REQ-PAY-002;REQ-LEDGER-001,GET /admin-api/v1/payments;GET /admin-api/v1/payment-callbacks;POST /admin-api/v1/payments/{id}/query;GET /admin-api/v1/payment-exceptions;POST /admin-api/v1/payment-exceptions/{id}/resolve;POST /admin-api/v1/payment-reconciliation/run,adminPaymentsGetPayments;adminPaymentsGetPaymentCallbacks;adminPaymentsPostPaymentsByIdQuery;adminPaymentsGetPaymentExceptions;adminPaymentsPostPaymentExceptionsByIdResolve;adminPaymentsPostPaymentReconciliationRun,payment_transactions;payment_callbacks;payment_exception_orders;payment_reconciliation_records;accounting_transactions;accounting_entries;orders;reward_accounts;reward_ledger;reward_settlements;reward_freezes;payout_accounts;withdrawal_requests;payout_transactions;payout_callbacks;payout_reconciliation_records,platform,platform.brand.name;platform.brand.slogan;platform.brand.logo_media_id;platform.customer_service.name;platform.customer_service.contact,catalogs/ui_page_fields.csv#ADM-PAY-001,catalogs/ui_page_states.csv#ADM-PAY-001,catalogs/ui_action_matrix.csv#ADM-PAY-001,TST-PAY_002-HAPPY;TST-LEDGER_001-HAPPY;TST-PAY_002-IDEMPOTENT;TST-LEDGER_001-IDEMPOTENT,TOKENS_ONLY,READY,EXACT_CONSTRUCTION_BOUND_V1.2.2
ADMIN,ADM-RECON-001,支付对账,/commerce/reconciliation,ADM-FINANCE,R17,REQ-PAY-002;REQ-LEDGER-001,GET /admin-api/v1/payments;GET /admin-api/v1/payment-callbacks;POST /admin-api/v1/payments/{id}/query;GET /admin-api/v1/payment-exceptions;POST /admin-api/v1/payment-exceptions/{id}/resolve;POST /admin-api/v1/payment-reconciliation/run,adminPaymentsGetPayments;adminPaymentsGetPaymentCallbacks;adminPaymentsPostPaymentsByIdQuery;adminPaymentsGetPaymentExceptions;adminPaymentsPostPaymentExceptionsByIdResolve;adminPaymentsPostPaymentReconciliationRun,payment_transactions;payment_callbacks;payment_exception_orders;payment_reconciliation_records;accounting_transactions;accounting_entries;orders;reward_accounts;reward_ledger;reward_settlements;reward_freezes;payout_accounts;withdrawal_requests;payout_transactions;payout_callbacks;payout_reconciliation_records,platform,platform.brand.name;platform.brand.slogan;platform.brand.logo_media_id;platform.customer_service.name;platform.customer_service.contact,catalogs/ui_page_fields.csv#ADM-RECON-001,catalogs/ui_page_states.csv#ADM-RECON-001,catalogs/ui_action_matrix.csv#ADM-RECON-001,TST-PAY_002-HAPPY;TST-LEDGER_001-HAPPY;TST-PAY_002-IDEMPOTENT;TST-LEDGER_001-IDEMPOTENT,TOKENS_ONLY,READY,EXACT_CONSTRUCTION_BOUND_V1.2.2
ADMIN,ADM-REWARD-001,奖励账户,/finance/reward-accounts,ADM-FINANCE,R24,REQ-REWARD-001;REQ-LEDGER-001,GET /admin-api/v1/reward-accounts;GET /admin-api/v1/reward-accounts/{userId}/ledger;POST /admin-api/v1/reward-adjustments,adminRewardsGetRewardAccounts;adminRewardsGetRewardAccountsByUseridLedger;adminRewardsPostRewardAdjustments,reward_accounts;reward_ledger;reward_settlements;reward_freezes;red_packet_campaigns;red_packet_campaign_versions;red_packet_quotes;red_packet_orders;red_packet_stock;red_packet_view_sessions;red_packet_reservations;red_packet_claims;red_packet_ledger;outbox_events;accounting_entries;payout_accounts;withdrawal_requests;payout_transactions;payout_callbacks;payout_reconciliation_records;accounting_transactions;payment_transactions;payment_callbacks;payment_exception_orders;payment_reconciliation_records,platform,platform.brand.name;platform.brand.slogan;platform.brand.logo_media_id;platform.customer_service.name;platform.customer_service.contact,catalogs/ui_page_fields.csv#ADM-REWARD-001,catalogs/ui_page_states.csv#ADM-REWARD-001,catalogs/ui_action_matrix.csv#ADM-REWARD-001,TST-REWARD_001-HAPPY;TST-LEDGER_001-HAPPY;TST-REWARD_001-IDEMPOTENT;TST-LEDGER_001-IDEMPOTENT,TOKENS_ONLY,READY,EXACT_CONSTRUCTION_BOUND_V1.2.2
ADMIN,ADM-REWARD-002,奖励流水,/finance/reward-ledger,ADM-FINANCE,R24,REQ-REWARD-001;REQ-LEDGER-001,GET /admin-api/v1/reward-accounts;GET /admin-api/v1/reward-accounts/{userId}/ledger,adminRewardsGetRewardAccounts;adminRewardsGetRewardAccountsByUseridLedger,reward_accounts;reward_ledger;reward_settlements;reward_freezes;red_packet_campaigns;red_packet_campaign_versions;red_packet_quotes;red_packet_orders;red_packet_stock;red_packet_view_sessions;red_packet_reservations;red_packet_claims;red_packet_ledger;outbox_events;accounting_entries;payout_accounts;withdrawal_requests;payout_transactions;payout_callbacks;payout_reconciliation_records;accounting_transactions;payment_transactions;payment_callbacks;payment_exception_orders;payment_reconciliation_records,platform,platform.brand.name;platform.brand.slogan;platform.brand.logo_media_id;platform.customer_service.name;platform.customer_service.contact,catalogs/ui_page_fields.csv#ADM-REWARD-002,catalogs/ui_page_states.csv#ADM-REWARD-002,catalogs/ui_action_matrix.csv#ADM-REWARD-002,TST-REWARD_001-HAPPY;TST-LEDGER_001-HAPPY,TOKENS_ONLY,READY,EXACT_CONSTRUCTION_BOUND_V1.2.2
ADMIN,ADM-WD-001,提现列表,/finance/withdrawals,ADM-FINANCE,R24,REQ-WD-001;REQ-LEDGER-001,GET /admin-api/v1/withdrawals;GET /admin-api/v1/withdrawals/{id},adminWithdrawalsGetWithdrawals;adminWithdrawalsGetWithdrawalsById,withdrawal_requests;payout_transactions;payout_reconciliation_records;payout_accounts;payout_callbacks;accounting_transactions;accounting_entries;reward_accounts;reward_ledger;reward_settlements;reward_freezes;payment_transactions;payment_callbacks;payment_exception_orders;payment_reconciliation_records,platform,platform.brand.name;platform.brand.slogan;platform.brand.logo_media_id;platform.customer_service.name;platform.customer_service.contact,catalogs/ui_page_fields.csv#ADM-WD-001,catalogs/ui_page_states.csv#ADM-WD-001,catalogs/ui_action_matrix.csv#ADM-WD-001,TST-WD_001-HAPPY;TST-LEDGER_001-HAPPY,TOKENS_ONLY,READY,EXACT_CONSTRUCTION_BOUND_V1.2.2
ADMIN,ADM-WD-002,提现详情,/finance/withdrawals/:id,ADM-FINANCE,R24,REQ-WD-001;REQ-LEDGER-001,GET /admin-api/v1/withdrawals;GET /admin-api/v1/withdrawals/{id};POST /admin-api/v1/withdrawals/{id}/risk-review;POST /admin-api/v1/withdrawals/{id}/finance-review;POST /admin-api/v1/withdrawals/{id}/payout;POST /admin-api/v1/withdrawals/{id}/query,adminWithdrawalsGetWithdrawals;adminWithdrawalsGetWithdrawalsById;adminWithdrawalsPostWithdrawalsByIdRiskReview;adminWithdrawalsPostWithdrawalsByIdFinanceReview;adminWithdrawalsPostWithdrawalsByIdPayout;adminWithdrawalsPostWithdrawalsByIdQuery,withdrawal_requests;payout_transactions;payout_reconciliation_records;payout_accounts;payout_callbacks;accounting_transactions;accounting_entries;reward_accounts;reward_ledger;reward_settlements;reward_freezes;payment_transactions;payment_callbacks;payment_exception_orders;payment_reconciliation_records,platform,platform.brand.name;platform.brand.slogan;platform.brand.logo_media_id;platform.customer_service.name;platform.customer_service.contact,catalogs/ui_page_fields.csv#ADM-WD-002,catalogs/ui_page_states.csv#ADM-WD-002,catalogs/ui_action_matrix.csv#ADM-WD-002,TST-WD_001-HAPPY;TST-LEDGER_001-HAPPY;TST-WD_001-IDEMPOTENT;TST-LEDGER_001-IDEMPOTENT,TOKENS_ONLY,READY,EXACT_CONSTRUCTION_BOUND_V1.2.2
ADMIN,ADM-MEMBER-001,会员SKU,/commerce/membership/skus,ADM-LIST,R18,REQ-MEMBER-003,GET /admin-api/v1/membership/skus;PATCH /admin-api/v1/membership/skus/{id};PUT /admin-api/v1/membership/skus/{id}/benefits;GET /admin-api/v1/user-memberships;POST /admin-api/v1/user-memberships/grants,adminMembershipGetMembershipSkus;adminMembershipPatchMembershipSkusById;adminMembershipPutMembershipSkusByIdBenefits;adminMembershipGetUserMemberships;adminMembershipPostUserMembershipsGrants,membership_plans;membership_skus;user_memberships;membership_entitlement_segments;membership_benefit_snapshots;membership_upgrade_quotes,membership,membership.upgrade.time_precision;membership.upgrade.rounding;membership.upgrade.preserve_gift_days;membership.public_badge.text;membership.public_badge.enabled,catalogs/ui_page_fields.csv#ADM-MEMBER-001,catalogs/ui_page_states.csv#ADM-MEMBER-001,catalogs/ui_action_matrix.csv#ADM-MEMBER-001,TST-MEMBER_003-HAPPY;TST-MEMBER_003-IDEMPOTENT,TOKENS_ONLY,READY,EXACT_CONSTRUCTION_BOUND_V1.2.2
ADMIN,ADM-MEMBER-002,用户会员,/commerce/membership/users,ADM-LIST,R18,REQ-MEMBER-003,GET /admin-api/v1/membership/skus;PATCH /admin-api/v1/membership/skus/{id};PUT /admin-api/v1/membership/skus/{id}/benefits;GET /admin-api/v1/user-memberships,adminMembershipGetMembershipSkus;adminMembershipPatchMembershipSkusById;adminMembershipPutMembershipSkusByIdBenefits;adminMembershipGetUserMemberships,membership_plans;membership_skus;user_memberships;membership_entitlement_segments;membership_benefit_snapshots;membership_upgrade_quotes,membership,membership.upgrade.time_precision;membership.upgrade.rounding;membership.upgrade.preserve_gift_days;membership.public_badge.text;membership.public_badge.enabled,catalogs/ui_page_fields.csv#ADM-MEMBER-002,catalogs/ui_page_states.csv#ADM-MEMBER-002,catalogs/ui_action_matrix.csv#ADM-MEMBER-002,TST-MEMBER_003-HAPPY;TST-MEMBER_003-IDEMPOTENT,TOKENS_ONLY,READY,EXACT_CONSTRUCTION_BOUND_V1.2.2
ADMIN,ADM-PROP-001,道具商品,/commerce/props/products,ADM-LIST,R19,REQ-PROP-002,GET /admin-api/v1/props;POST /admin-api/v1/props;PATCH /admin-api/v1/props/{id};GET /admin-api/v1/headline-slots;POST /admin-api/v1/headline-slots;GET /admin-api/v1/prop-executions,adminPropsGetProps;adminPropsPostProps;adminPropsPatchPropsById;adminPropsGetHeadlineSlots;adminPropsPostHeadlineSlots;adminPropsGetPropExecutions,system_configs;products;product_skus;prop_products;prop_skus;user_props;content_exposure_entitlements;content_refresh_records;headline_slot_bookings;prop_execution_logs,props,props.top_duration_seconds;props.headline_duration_seconds;props.color_duration_seconds;props.refresh_cooldown_seconds;props.same_type.stack_duration;props.same_page.deduplicate_content;props.refresh.daily_limit.normal;props.refresh.daily_limit.month,catalogs/ui_page_fields.csv#ADM-PROP-001,catalogs/ui_page_states.csv#ADM-PROP-001,catalogs/ui_action_matrix.csv#ADM-PROP-001,TST-PROP_002-HAPPY;TST-PROP_002-IDEMPOTENT,TOKENS_ONLY,READY,EXACT_CONSTRUCTION_BOUND_V1.2.2
ADMIN,ADM-PROP-002,资源位与排期,/commerce/props/slots,ADM-LIST,R19,REQ-PROP-002,GET /admin-api/v1/props;PATCH /admin-api/v1/props/{id};GET /admin-api/v1/headline-slots;GET /admin-api/v1/prop-executions,adminPropsGetProps;adminPropsPatchPropsById;adminPropsGetHeadlineSlots;adminPropsGetPropExecutions,system_configs;prop_products;prop_skus;user_props;content_exposure_entitlements;content_refresh_records;headline_slot_bookings;prop_execution_logs,props,props.top_duration_seconds;props.headline_duration_seconds;props.color_duration_seconds;props.refresh_cooldown_seconds;props.same_type.stack_duration;props.same_page.deduplicate_content;props.refresh.daily_limit.normal;props.refresh.daily_limit.month,catalogs/ui_page_fields.csv#ADM-PROP-002,catalogs/ui_page_states.csv#ADM-PROP-002,catalogs/ui_action_matrix.csv#ADM-PROP-002,TST-PROP_002-HAPPY;TST-PROP_002-IDEMPOTENT,TOKENS_ONLY,READY,EXACT_CONSTRUCTION_BOUND_V1.2.2
ADMIN,ADM-PROP-003,执行日志,/commerce/props/executions,ADM-LIST,R19,REQ-PROP-002,GET /admin-api/v1/props;PATCH /admin-api/v1/props/{id};GET /admin-api/v1/headline-slots;POST /admin-api/v1/headline-slots;GET /admin-api/v1/prop-executions,adminPropsGetProps;adminPropsPatchPropsById;adminPropsGetHeadlineSlots;adminPropsPostHeadlineSlots;adminPropsGetPropExecutions,system_configs;prop_products;prop_skus;user_props;content_exposure_entitlements;content_refresh_records;headline_slot_bookings;prop_execution_logs,props,props.top_duration_seconds;props.headline_duration_seconds;props.color_duration_seconds;props.refresh_cooldown_seconds;props.same_type.stack_duration;props.same_page.deduplicate_content;props.refresh.daily_limit.normal;props.refresh.daily_limit.month,catalogs/ui_page_fields.csv#ADM-PROP-003,catalogs/ui_page_states.csv#ADM-PROP-003,catalogs/ui_action_matrix.csv#ADM-PROP-003,TST-PROP_002-HAPPY;TST-PROP_002-IDEMPOTENT,TOKENS_ONLY,READY,EXACT_CONSTRUCTION_BOUND_V1.2.2
ADMIN,ADM-REF-001,邀请关系,/growth/referrals,ADM-LIST,R25,REQ-REF-001;REQ-REF-ACT-002,GET /admin-api/v1/referral-relations;POST /admin-api/v1/referral-relations/{inviteeId}/adjust;GET /admin-api/v1/commission-policies;POST /admin-api/v1/commission-policies;GET /admin-api/v1/commissions;GET /admin-api/v1/referral-activity/rules;POST /admin-api/v1/referral-activity/rule-versions;GET /admin-api/v1/referral-activity/progress,adminReferralGetReferralRelations;adminReferralPostReferralRelationsByInviteeidAdjust;adminReferralGetCommissionPolicies;adminReferralPostCommissionPolicies;adminReferralGetCommissions;adminReferralActivityGetReferralActivityRules;adminReferralActivityPostReferralActivityRuleVersions;adminReferralActivityGetReferralActivityProgress,invite_codes;referral_relations;commission_records;referral_activity_progress;referral_milestone_rewards;referral_activity_rule_versions;referral_activity_rules;h5_page_configs;cms_articles;agreements;app_versions;content_posts,referral,commission.settlement_delay_hours;referral.max_commission_level;referral.binding_mode;referral.relation_change_allowed;referral.attribution_days;referral.block_self_invite;referral.block_same_device;referral.red_packet_principal_commissionable,catalogs/ui_page_fields.csv#ADM-REF-001,catalogs/ui_page_states.csv#ADM-REF-001,catalogs/ui_action_matrix.csv#ADM-REF-001,TST-REF_001-HAPPY;TST-REF_ACT_002-HAPPY;TST-REF_001-IDEMPOTENT;TST-REF_ACT_002-IDEMPOTENT,TOKENS_ONLY,READY,EXACT_CONSTRUCTION_BOUND_V1.2.2
ADMIN,ADM-REF-002,佣金策略,/growth/commissions/policies,ADM-LIST,R25,REQ-REF-001;REQ-REF-ACT-002,GET /admin-api/v1/referral-relations;POST /admin-api/v1/referral-relations/{inviteeId}/adjust;GET /admin-api/v1/commission-policies;POST /admin-api/v1/commission-policies;GET /admin-api/v1/commissions;GET /admin-api/v1/referral-activity/rules;POST /admin-api/v1/referral-activity/rule-versions;GET /admin-api/v1/referral-activity/progress,adminReferralGetReferralRelations;adminReferralPostReferralRelationsByInviteeidAdjust;adminReferralGetCommissionPolicies;adminReferralPostCommissionPolicies;adminReferralGetCommissions;adminReferralActivityGetReferralActivityRules;adminReferralActivityPostReferralActivityRuleVersions;adminReferralActivityGetReferralActivityProgress,invite_codes;referral_relations;commission_records;referral_activity_progress;referral_milestone_rewards;referral_activity_rule_versions;referral_activity_rules;h5_page_configs;cms_articles;agreements;app_versions;content_posts,referral,commission.settlement_delay_hours;referral.max_commission_level;referral.binding_mode;referral.relation_change_allowed;referral.attribution_days;referral.block_self_invite;referral.block_same_device;referral.red_packet_principal_commissionable,catalogs/ui_page_fields.csv#ADM-REF-002,catalogs/ui_page_states.csv#ADM-REF-002,catalogs/ui_action_matrix.csv#ADM-REF-002,TST-REF_001-HAPPY;TST-REF_ACT_002-HAPPY;TST-REF_001-IDEMPOTENT;TST-REF_ACT_002-IDEMPOTENT,TOKENS_ONLY,READY,EXACT_CONSTRUCTION_BOUND_V1.2.2
ADMIN,ADM-REF-003,佣金记录,/growth/commissions/records,ADM-FINANCE,R25,REQ-REF-001;REQ-REF-ACT-002,GET /admin-api/v1/referral-relations;GET /admin-api/v1/commission-policies;GET /admin-api/v1/commissions;GET /admin-api/v1/referral-activity/rules;GET /admin-api/v1/referral-activity/progress;GET /admin-api/v1/referral-activity/milestones;GET /admin-api/v1/referral-activity/rewards,adminReferralGetReferralRelations;adminReferralGetCommissionPolicies;adminReferralGetCommissions;adminReferralActivityGetReferralActivityRules;adminReferralActivityGetReferralActivityProgress;adminReferralActivityGetReferralActivityMilestones;adminReferralActivityGetReferralActivityRewards,invite_codes;referral_relations;commission_records;referral_activity_progress;referral_milestone_rewards;referral_activity_rule_versions;referral_activity_rules;h5_page_configs;cms_articles;agreements;app_versions;content_posts,referral,commission.settlement_delay_hours;referral.max_commission_level;referral.binding_mode;referral.relation_change_allowed;referral.attribution_days;referral.block_self_invite;referral.block_same_device;referral.red_packet_principal_commissionable,catalogs/ui_page_fields.csv#ADM-REF-003,catalogs/ui_page_states.csv#ADM-REF-003,catalogs/ui_action_matrix.csv#ADM-REF-003,TST-REF_001-HAPPY;TST-REF_ACT_002-HAPPY,TOKENS_ONLY,READY,EXACT_CONSTRUCTION_BOUND_V1.2.2
ADMIN,ADM-REF-004,直推活跃规则,/growth/referral-activity/rules,ADM-LIST,R26,REQ-REF-001;REQ-REF-ACT-002,GET /admin-api/v1/referral-relations;POST /admin-api/v1/referral-relations/{inviteeId}/adjust;GET /admin-api/v1/commission-policies;POST /admin-api/v1/commission-policies;GET /admin-api/v1/commissions;GET /admin-api/v1/referral-activity/rules;POST /admin-api/v1/referral-activity/rule-versions;GET /admin-api/v1/referral-activity/progress,adminReferralGetReferralRelations;adminReferralPostReferralRelationsByInviteeidAdjust;adminReferralGetCommissionPolicies;adminReferralPostCommissionPolicies;adminReferralGetCommissions;adminReferralActivityGetReferralActivityRules;adminReferralActivityPostReferralActivityRuleVersions;adminReferralActivityGetReferralActivityProgress,invite_codes;referral_relations;commission_records;referral_activity_progress;referral_milestone_rewards;referral_activity_rule_versions;referral_activity_rules;h5_page_configs;cms_articles;agreements;app_versions;content_posts,referral,commission.settlement_delay_hours;referral.max_commission_level;referral.binding_mode;referral.relation_change_allowed;referral.attribution_days;referral.block_self_invite;referral.block_same_device;referral.red_packet_principal_commissionable,catalogs/ui_page_fields.csv#ADM-REF-004,catalogs/ui_page_states.csv#ADM-REF-004,catalogs/ui_action_matrix.csv#ADM-REF-004,TST-REF_001-HAPPY;TST-REF_ACT_002-HAPPY;TST-REF_001-IDEMPOTENT;TST-REF_ACT_002-IDEMPOTENT,TOKENS_ONLY,READY,EXACT_CONSTRUCTION_BOUND_V1.2.2
ADMIN,ADM-REF-005,直推进度,/growth/referral-activity/progress,ADM-LIST,R26,REQ-REF-001;REQ-REF-ACT-002,GET /admin-api/v1/referral-relations;POST /admin-api/v1/referral-relations/{inviteeId}/adjust;GET /admin-api/v1/commission-policies;POST /admin-api/v1/commission-policies;GET /admin-api/v1/commissions;GET /admin-api/v1/referral-activity/rules;POST /admin-api/v1/referral-activity/rule-versions;GET /admin-api/v1/referral-activity/progress,adminReferralGetReferralRelations;adminReferralPostReferralRelationsByInviteeidAdjust;adminReferralGetCommissionPolicies;adminReferralPostCommissionPolicies;adminReferralGetCommissions;adminReferralActivityGetReferralActivityRules;adminReferralActivityPostReferralActivityRuleVersions;adminReferralActivityGetReferralActivityProgress,invite_codes;referral_relations;commission_records;referral_activity_progress;referral_milestone_rewards;referral_activity_rule_versions;referral_activity_rules;h5_page_configs;cms_articles;agreements;app_versions;content_posts,referral,commission.settlement_delay_hours;referral.max_commission_level;referral.binding_mode;referral.relation_change_allowed;referral.attribution_days;referral.block_self_invite;referral.block_same_device;referral.red_packet_principal_commissionable,catalogs/ui_page_fields.csv#ADM-REF-005,catalogs/ui_page_states.csv#ADM-REF-005,catalogs/ui_action_matrix.csv#ADM-REF-005,TST-REF_001-HAPPY;TST-REF_ACT_002-HAPPY;TST-REF_001-IDEMPOTENT;TST-REF_ACT_002-IDEMPOTENT,TOKENS_ONLY,READY,EXACT_CONSTRUCTION_BOUND_V1.2.2
ADMIN,ADM-REF-006,阶梯奖励矩阵,/growth/referral-activity/matrix,ADM-FINANCE,R26,REQ-REF-001;REQ-REF-ACT-002;REQ-PAGE-SPEC-001;REQ-ADMIN-OPS-001,GET /admin-api/v1/referral-relations;POST /admin-api/v1/referral-relations/{inviteeId}/adjust;GET /admin-api/v1/commission-policies;POST /admin-api/v1/commission-policies;GET /admin-api/v1/commissions;GET /admin-api/v1/referral-activity/rules;POST /admin-api/v1/referral-activity/rule-versions;GET /admin-api/v1/referral-activity/progress;PUT /admin-api/v1/referral-activity/milestones,adminReferralGetReferralRelations;adminReferralPostReferralRelationsByInviteeidAdjust;adminReferralGetCommissionPolicies;adminReferralPostCommissionPolicies;adminReferralGetCommissions;adminReferralActivityGetReferralActivityRules;adminReferralActivityPostReferralActivityRuleVersions;adminReferralActivityGetReferralActivityProgress;adminReferralActivityPutReferralActivityMilestones,invite_codes;referral_relations;commission_records;referral_activity_progress;referral_milestone_rewards;referral_activity_rule_versions;referral_activity_rules;h5_page_configs;cms_articles;agreements;app_versions;content_posts;admin_users;admin_roles;admin_permissions;admin_user_roles;admin_role_permissions;admin_operation_logs;admin_approval_requests,referral,commission.settlement_delay_hours;referral.max_commission_level;referral.binding_mode;referral.relation_change_allowed;referral.attribution_days;referral.block_self_invite;referral.block_same_device;referral.red_packet_principal_commissionable,catalogs/ui_page_fields.csv#ADM-REF-006,catalogs/ui_page_states.csv#ADM-REF-006,catalogs/ui_action_matrix.csv#ADM-REF-006,TST-REF_001-HAPPY;TST-REF_ACT_002-HAPPY;TST-REF_001-IDEMPOTENT;TST-REF_ACT_002-IDEMPOTENT;TST-V122-022,TOKENS_ONLY,READY,EXACT_CONSTRUCTION_BOUND_V1.2.2
ADMIN,ADM-TASK-001,任务定义,/growth/tasks/definitions,ADM-LIST,R27,REQ-TASK-002,GET /admin-api/v1/tasks;POST /admin-api/v1/tasks;PATCH /admin-api/v1/tasks/{id};GET /admin-api/v1/task-progress;GET /admin-api/v1/growth-budgets;PUT /admin-api/v1/growth-budgets/{id},adminTasksGetTasks;adminTasksPostTasks;adminTasksPatchTasksById;adminTasksGetTaskProgress;adminTasksGetGrowthBudgets;adminTasksPutGrowthBudgetsById,task_definitions;task_rule_versions;user_task_progress;growth_budgets;task_events;user_point_accounts;user_point_ledger,platform,platform.brand.name;platform.brand.slogan;platform.brand.logo_media_id;platform.customer_service.name;platform.customer_service.contact,catalogs/ui_page_fields.csv#ADM-TASK-001,catalogs/ui_page_states.csv#ADM-TASK-001,catalogs/ui_action_matrix.csv#ADM-TASK-001,TST-TASK_002-HAPPY;TST-TASK_002-IDEMPOTENT,TOKENS_ONLY,READY,EXACT_CONSTRUCTION_BOUND_V1.2.2
ADMIN,ADM-TASK-002,任务进度与预算,/growth/tasks/progress,ADM-LIST,R27,REQ-TASK-002,GET /admin-api/v1/tasks;PATCH /admin-api/v1/tasks/{id};GET /admin-api/v1/task-progress;GET /admin-api/v1/growth-budgets;PUT /admin-api/v1/growth-budgets/{id},adminTasksGetTasks;adminTasksPatchTasksById;adminTasksGetTaskProgress;adminTasksGetGrowthBudgets;adminTasksPutGrowthBudgetsById,task_definitions;task_rule_versions;user_task_progress;growth_budgets;task_events;user_point_accounts;user_point_ledger,platform,platform.brand.name;platform.brand.slogan;platform.brand.logo_media_id;platform.customer_service.name;platform.customer_service.contact,catalogs/ui_page_fields.csv#ADM-TASK-002,catalogs/ui_page_states.csv#ADM-TASK-002,catalogs/ui_action_matrix.csv#ADM-TASK-002,TST-TASK_002-HAPPY;TST-TASK_002-IDEMPOTENT,TOKENS_ONLY,READY,EXACT_CONSTRUCTION_BOUND_V1.2.2
ADMIN,ADM-CHAT-001,聊天举报,/governance/chat-reports,ADM-LIST,R15,REQ-CHAT-002,GET /admin-api/v1/chat-reports;POST /admin-api/v1/chat-reports/{id}/decide,adminChatGetChatReports;adminChatPostChatReportsByIdDecide,conversations;conversation_members;chat_messages;chat_read_receipts;user_blocks;chat_reports,chat,chat.stranger.daily_conversation_limit;chat.message.per_minute_limit;chat.image.max_mb;chat.history.retention_days,catalogs/ui_page_fields.csv#ADM-CHAT-001,catalogs/ui_page_states.csv#ADM-CHAT-001,catalogs/ui_action_matrix.csv#ADM-CHAT-001,TST-CHAT_002-HAPPY;TST-CHAT_002-IDEMPOTENT,TOKENS_ONLY,READY,EXACT_CONSTRUCTION_BOUND_V1.2.2
ADMIN,ADM-SUPPORT-001,工单列表,/support/tickets,ADM-LIST,R15,REQ-SUPPORT-001,GET /admin-api/v1/support/tickets;GET /admin-api/v1/support/tickets/{id},adminSupportGetSupportTickets;adminSupportGetSupportTicketsById,support_tickets;ticket_messages;ticket_attachments;ticket_status_logs;content_posts;content_versions;content_status_logs;content_review_records;content_media;content_contacts;content_stats;content_favorites;content_view_logs;content_contact_access_logs;h5_page_configs;cms_articles;agreements;app_versions,system,system.maintenance.enabled;system.maintenance.message;system.registration.enabled;system.publish.enabled;system.red_packet.enabled;system.withdrawal.enabled,catalogs/ui_page_fields.csv#ADM-SUPPORT-001,catalogs/ui_page_states.csv#ADM-SUPPORT-001,catalogs/ui_action_matrix.csv#ADM-SUPPORT-001,TST-SUPPORT_001-HAPPY,TOKENS_ONLY,READY,EXACT_CONSTRUCTION_BOUND_V1.2.2
ADMIN,ADM-CMS-001,首页CMS,/operations/cms/home,ADM-CMS,R28,REQ-CMS-001,GET /admin-api/v1/cms/home-modules;PUT /admin-api/v1/cms/home-modules;GET /admin-api/v1/cms/banners;POST /admin-api/v1/cms/banners;GET /admin-api/v1/cms/articles;POST /admin-api/v1/cms/articles;GET /admin-api/v1/cms/h5-pages;PUT /admin-api/v1/cms/h5-pages/{code},adminCMSGetCmsHomeModules;adminCMSPutCmsHomeModules;adminCMSGetCmsBanners;adminCMSPostCmsBanners;adminCMSGetCmsArticles;adminCMSPostCmsArticles;adminCMSGetCmsH5Pages;adminCMSPutCmsH5PagesByCode,home_modules;banners;cms_articles;h5_page_configs;agreements;app_versions;content_posts,platform,platform.brand.name;platform.brand.slogan;platform.brand.logo_media_id;platform.customer_service.name;platform.customer_service.contact,catalogs/ui_page_fields.csv#ADM-CMS-001,catalogs/ui_page_states.csv#ADM-CMS-001,catalogs/ui_action_matrix.csv#ADM-CMS-001,TST-CMS_001-HAPPY;TST-CMS_001-IDEMPOTENT,TOKENS_ONLY,READY,EXACT_CONSTRUCTION_BOUND_V1.2.2
ADMIN,ADM-CMS-002,H5宣传页CMS,/operations/cms/h5,ADM-CMS,R28,REQ-CMS-001,GET /admin-api/v1/cms/home-modules;PUT /admin-api/v1/cms/home-modules;GET /admin-api/v1/cms/banners;POST /admin-api/v1/cms/banners;GET /admin-api/v1/cms/articles;POST /admin-api/v1/cms/articles;GET /admin-api/v1/cms/h5-pages;PUT /admin-api/v1/cms/h5-pages/{code},adminCMSGetCmsHomeModules;adminCMSPutCmsHomeModules;adminCMSGetCmsBanners;adminCMSPostCmsBanners;adminCMSGetCmsArticles;adminCMSPostCmsArticles;adminCMSGetCmsH5Pages;adminCMSPutCmsH5PagesByCode,home_modules;banners;cms_articles;h5_page_configs;agreements;app_versions;content_posts,platform,platform.brand.name;platform.brand.slogan;platform.brand.logo_media_id;platform.customer_service.name;platform.customer_service.contact,catalogs/ui_page_fields.csv#ADM-CMS-002,catalogs/ui_page_states.csv#ADM-CMS-002,catalogs/ui_action_matrix.csv#ADM-CMS-002,TST-CMS_001-HAPPY;TST-CMS_001-IDEMPOTENT,TOKENS_ONLY,READY,EXACT_CONSTRUCTION_BOUND_V1.2.2
ADMIN,ADM-CMS-003,公告帮助协议,/operations/cms/content,ADM-CMS,R28,REQ-CMS-001;REQ-PAGE-SPEC-001;REQ-ADMIN-OPS-001,GET /admin-api/v1/cms/home-modules;PUT /admin-api/v1/cms/home-modules;GET /admin-api/v1/cms/banners;POST /admin-api/v1/cms/banners;GET /admin-api/v1/cms/articles;POST /admin-api/v1/cms/articles;GET /admin-api/v1/cms/h5-pages;PUT /admin-api/v1/cms/h5-pages/{code};GET /admin-api/v1/agreements;POST /admin-api/v1/agreements/{code}/versions,adminCMSGetCmsHomeModules;adminCMSPutCmsHomeModules;adminCMSGetCmsBanners;adminCMSPostCmsBanners;adminCMSGetCmsArticles;adminCMSPostCmsArticles;adminCMSGetCmsH5Pages;adminCMSPutCmsH5PagesByCode;adminAgreementsGetAgreements;adminAgreementsPostAgreementsByCodeVersions,home_modules;banners;cms_articles;h5_page_configs;agreements;app_versions;content_posts;admin_users;admin_roles;admin_permissions;admin_user_roles;admin_role_permissions;admin_operation_logs;admin_approval_requests,platform,platform.brand.name;platform.brand.slogan;platform.brand.logo_media_id;platform.customer_service.name;platform.customer_service.contact,catalogs/ui_page_fields.csv#ADM-CMS-003,catalogs/ui_page_states.csv#ADM-CMS-003,catalogs/ui_action_matrix.csv#ADM-CMS-003,TST-CMS_001-HAPPY;TST-CMS_001-IDEMPOTENT;TST-V122-026;TST-V122-027,TOKENS_ONLY,READY,EXACT_CONSTRUCTION_BOUND_V1.2.2
ADMIN,ADM-APP-001,App版本,/delivery/app-versions,ADM-BUILD,R29,REQ-APP-RELEASE-001,GET /admin-api/v1/app-versions;POST /admin-api/v1/app-versions;POST /admin-api/v1/app-versions/{id}/publish,adminAppReleaseGetAppVersions;adminAppReleasePostAppVersions;adminAppReleasePostAppVersionsByIdPublish,app_versions;app_release_records;app_build_artifacts;h5_page_configs;cms_articles;agreements;content_posts;users;user_credentials;auth_security_challenges;user_sessions;user_devices;sms_verification_codes;login_logs,app_build,app.android.application_id;app.android.staging_application_id;app.android.display_name;app.android.signing.staging_profile;app.android.signing.production_profile;app.build.runner;app.build.allowed_ref_patterns;app.build.artifact_storage_scope,catalogs/ui_page_fields.csv#ADM-APP-001,catalogs/ui_page_states.csv#ADM-APP-001,catalogs/ui_action_matrix.csv#ADM-APP-001,TST-APP_RELEASE_001-HAPPY;TST-APP_RELEASE_001-IDEMPOTENT,TOKENS_ONLY,READY,EXACT_CONSTRUCTION_BOUND_V1.2.2
ADMIN,ADM-RISK-001,风险事件,/governance/risk/events,ADM-SECURITY,R31,REQ-SEC-001,GET /admin-api/v1/risk/events;POST /admin-api/v1/risk/events/{id}/decide;GET /admin-api/v1/risk/rule-versions;POST /admin-api/v1/risk/rule-versions;GET /admin-api/v1/risk/blacklists;POST /admin-api/v1/risk/blacklists;DELETE /admin-api/v1/risk/blacklists/{id},adminRiskGetRiskEvents;adminRiskPostRiskEventsByIdDecide;adminRiskGetRiskRuleVersions;adminRiskPostRiskRuleVersions;adminRiskGetRiskBlacklists;adminRiskPostRiskBlacklists;adminRiskDeleteRiskBlacklistsById,risk_rule_versions;risk_events;blacklists;whitelists;manual_review_cases,system,system.maintenance.enabled;system.maintenance.message;system.registration.enabled;system.publish.enabled;system.red_packet.enabled;system.withdrawal.enabled,catalogs/ui_page_fields.csv#ADM-RISK-001,catalogs/ui_page_states.csv#ADM-RISK-001,catalogs/ui_action_matrix.csv#ADM-RISK-001,TST-SEC_001-HAPPY;TST-SEC_001-IDEMPOTENT,TOKENS_ONLY,READY,EXACT_CONSTRUCTION_BOUND_V1.2.2
ADMIN,ADM-RISK-002,黑白名单,/governance/risk/lists,ADM-SECURITY,R31,REQ-SEC-001,GET /admin-api/v1/risk/events;POST /admin-api/v1/risk/events/{id}/decide;GET /admin-api/v1/risk/rule-versions;GET /admin-api/v1/risk/blacklists;DELETE /admin-api/v1/risk/blacklists/{id},adminRiskGetRiskEvents;adminRiskPostRiskEventsByIdDecide;adminRiskGetRiskRuleVersions;adminRiskGetRiskBlacklists;adminRiskDeleteRiskBlacklistsById,risk_rule_versions;risk_events;blacklists;whitelists;manual_review_cases,system,system.maintenance.enabled;system.maintenance.message;system.registration.enabled;system.publish.enabled;system.red_packet.enabled;system.withdrawal.enabled,catalogs/ui_page_fields.csv#ADM-RISK-002,catalogs/ui_page_states.csv#ADM-RISK-002,catalogs/ui_action_matrix.csv#ADM-RISK-002,TST-SEC_001-HAPPY;TST-SEC_001-IDEMPOTENT,TOKENS_ONLY,READY,EXACT_CONSTRUCTION_BOUND_V1.2.2
ADMIN,ADM-CONFIG-001,系统配置,/system/config,ADM-CONFIG,R30,REQ-CONFIG-001;REQ-SECRET-001,GET /admin-api/v1/configs;PUT /admin-api/v1/configs/{key};GET /admin-api/v1/feature-flags;PUT /admin-api/v1/feature-flags/{key};GET /admin-api/v1/provider-configs;GET /admin-api/v1/provider-configs/{provider};POST /admin-api/v1/provider-configs/{provider}/versions;POST /admin-api/v1/provider-configs/{provider}/test,adminConfigGetConfigs;adminConfigPutConfigsByKey;adminConfigGetFeatureFlags;adminConfigPutFeatureFlagsByKey;adminProviderConfigGetProviderConfigs;adminProviderConfigGetProviderConfigsByProvider;adminProviderConfigPostProviderConfigsByProviderVersions;adminProviderConfigPostProviderConfigsByProviderTest,system_configs;system_config_versions;feature_flags;admin_approval_requests;provider_config_definitions;provider_config_versions;provider_connection_tests;provider_certificates;provider_certificate_access_logs;domain_configs;dns_action_items,system,system.maintenance.enabled;system.maintenance.message;system.registration.enabled;system.publish.enabled;system.red_packet.enabled;system.withdrawal.enabled,catalogs/ui_page_fields.csv#ADM-CONFIG-001,catalogs/ui_page_states.csv#ADM-CONFIG-001,catalogs/ui_action_matrix.csv#ADM-CONFIG-001,TST-CONFIG_001-HAPPY;TST-SECRET_001-HAPPY;TST-CONFIG_001-IDEMPOTENT;TST-SECRET_001-IDEMPOTENT,TOKENS_ONLY,READY,EXACT_CONSTRUCTION_BOUND_V1.2.2
ADMIN,ADM-RBAC-001,员工角色权限,/system/rbac,ADM-SECURITY,R30,REQ-RBAC-001;REQ-ADMIN-BASE-001,GET /admin-api/v1/admin-users;POST /admin-api/v1/admin-users;GET /admin-api/v1/roles;PUT /admin-api/v1/roles/{id}/permissions,adminRBACGetAdminUsers;adminRBACPostAdminUsers;adminRBACGetRoles;adminRBACPutRolesByIdPermissions,admin_users;admin_roles;admin_permissions;admin_user_roles;admin_role_permissions;admin_operation_logs;sensitive_data_access_logs,platform,platform.brand.name;platform.brand.slogan;platform.brand.logo_media_id;platform.customer_service.name;platform.customer_service.contact,catalogs/ui_page_fields.csv#ADM-RBAC-001,catalogs/ui_page_states.csv#ADM-RBAC-001,catalogs/ui_action_matrix.csv#ADM-RBAC-001,TST-RBAC_001-HAPPY;TST-ADMIN_BASE_001-HAPPY;TST-RBAC_001-IDEMPOTENT;TST-ADMIN_BASE_001-IDEMPOTENT,TOKENS_ONLY,READY,EXACT_CONSTRUCTION_BOUND_V1.2.2
ADMIN,ADM-AUDIT-001,审计日志,/system/audit,ADM-SECURITY,R30,REQ-RBAC-001;REQ-ID-002,GET /admin-api/v1/audit/logs,adminAuditGetAuditLogs,admin_operation_logs;sensitive_data_access_logs;admin_users;admin_roles;admin_permissions;admin_user_roles;admin_role_permissions;identity_profiles;identity_verification_sessions;identity_provider_requests;identity_review_records;users;user_profiles;user_settings;user_status_logs,platform,platform.brand.name;platform.brand.slogan;platform.brand.logo_media_id;platform.customer_service.name;platform.customer_service.contact,catalogs/ui_page_fields.csv#ADM-AUDIT-001,catalogs/ui_page_states.csv#ADM-AUDIT-001,catalogs/ui_action_matrix.csv#ADM-AUDIT-001,TST-RBAC_001-HAPPY;TST-ID_002-HAPPY,TOKENS_ONLY,READY,EXACT_CONSTRUCTION_BOUND_V1.2.2
ADMIN,ADM-JOB-001,定时任务,/system/jobs,ADM-CONFIG,R30,REQ-OPS-001,GET /admin-api/v1/jobs;POST /admin-api/v1/jobs/{code}/run,adminJobsGetJobs;adminJobsPostJobsByCodeRun,job_definitions;job_execution_logs,platform,platform.brand.name;platform.brand.slogan;platform.brand.logo_media_id;platform.customer_service.name;platform.customer_service.contact,catalogs/ui_page_fields.csv#ADM-JOB-001,catalogs/ui_page_states.csv#ADM-JOB-001,catalogs/ui_action_matrix.csv#ADM-JOB-001,TST-OPS_001-HAPPY;TST-OPS_001-IDEMPOTENT,TOKENS_ONLY,READY,EXACT_CONSTRUCTION_BOUND_V1.2.2
ADMIN,ADM-CONFIG-002,供应商配置中心,/system/providers,ADM-CONFIG,R03,REQ-CONFIG-001;REQ-SECRET-001;REQ-PAGE-SPEC-001;REQ-ADMIN-OPS-001,GET /admin-api/v1/configs;GET /admin-api/v1/feature-flags;GET /admin-api/v1/provider-configs;GET /admin-api/v1/provider-configs/{provider};GET /admin-api/v1/provider-certificates;POST /admin-api/v1/provider-certificates/{id}/rotate;GET /admin-api/v1/domains;GET /admin-api/v1/domains/dns-actions;POST /admin-api/v1/provider-configs/{provider}/activate;POST /admin-api/v1/provider-configs/{provider}/rollback;POST /admin-api/v1/provider-certificates,adminConfigGetConfigs;adminConfigGetFeatureFlags;adminProviderConfigGetProviderConfigs;adminProviderConfigGetProviderConfigsByProvider;adminProviderCertificateGetProviderCertificates;adminProviderCertificatePostProviderCertificatesByIdRotate;adminDomainConfigGetDomains;adminDomainConfigGetDomainsDnsActions;adminProviderConfigPostProviderConfigsByProviderActivate;adminProviderConfigPostProviderConfigsByProviderRollback;adminProviderCertificatePostProviderCertificates,system_configs;system_config_versions;feature_flags;admin_approval_requests;provider_config_definitions;provider_config_versions;provider_connection_tests;provider_certificates;provider_certificate_access_logs;domain_configs;dns_action_items;admin_users;admin_roles;admin_permissions;admin_user_roles;admin_role_permissions;admin_operation_logs,system;domain,system.maintenance.enabled;system.maintenance.message;system.registration.enabled;system.publish.enabled;system.red_packet.enabled;system.withdrawal.enabled;platform.base_domain;domain.www.host;domain.api.host;domain.ws.host;domain.admin.host;domain.h5.host;domain.download.host;domain.assets.host,catalogs/ui_page_fields.csv#ADM-CONFIG-002,catalogs/ui_page_states.csv#ADM-CONFIG-002,catalogs/ui_action_matrix.csv#ADM-CONFIG-002,TST-CONFIG_001-HAPPY;TST-SECRET_001-HAPPY;TST-CONFIG_001-IDEMPOTENT;TST-SECRET_001-IDEMPOTENT;TST-V122-030;TST-V122-031;TST-V122-032,TOKENS_ONLY,READY,EXACT_CONSTRUCTION_BOUND_V1.2.2
ADMIN,ADM-CONFIG-003,阿里云短信配置,/system/providers/sms,ADM-CONFIG,R03,REQ-CONFIG-001;REQ-SECRET-001,GET /admin-api/v1/configs;PUT /admin-api/v1/configs/{key};GET /admin-api/v1/feature-flags;PUT /admin-api/v1/feature-flags/{key};GET /admin-api/v1/provider-configs;GET /admin-api/v1/provider-configs/{provider};POST /admin-api/v1/provider-configs/{provider}/versions;POST /admin-api/v1/provider-configs/{provider}/test,adminConfigGetConfigs;adminConfigPutConfigsByKey;adminConfigGetFeatureFlags;adminConfigPutFeatureFlagsByKey;adminProviderConfigGetProviderConfigs;adminProviderConfigGetProviderConfigsByProvider;adminProviderConfigPostProviderConfigsByProviderVersions;adminProviderConfigPostProviderConfigsByProviderTest,system_configs;system_config_versions;feature_flags;admin_approval_requests;provider_config_definitions;provider_config_versions;provider_connection_tests;provider_certificates;provider_certificate_access_logs;domain_configs;dns_action_items,system,system.maintenance.enabled;system.maintenance.message;system.registration.enabled;system.publish.enabled;system.red_packet.enabled;system.withdrawal.enabled,catalogs/ui_page_fields.csv#ADM-CONFIG-003,catalogs/ui_page_states.csv#ADM-CONFIG-003,catalogs/ui_action_matrix.csv#ADM-CONFIG-003,TST-CONFIG_001-HAPPY;TST-SECRET_001-HAPPY;TST-CONFIG_001-IDEMPOTENT;TST-SECRET_001-IDEMPOTENT,TOKENS_ONLY,READY,EXACT_CONSTRUCTION_BOUND_V1.2.2
ADMIN,ADM-CONFIG-004,对象存储配置,/system/providers/storage,ADM-CONFIG,R03,REQ-CONFIG-001;REQ-SECRET-001,GET /admin-api/v1/configs;PUT /admin-api/v1/configs/{key};GET /admin-api/v1/feature-flags;PUT /admin-api/v1/feature-flags/{key};GET /admin-api/v1/provider-configs;GET /admin-api/v1/provider-configs/{provider};POST /admin-api/v1/provider-configs/{provider}/versions;POST /admin-api/v1/provider-configs/{provider}/test,adminConfigGetConfigs;adminConfigPutConfigsByKey;adminConfigGetFeatureFlags;adminConfigPutFeatureFlagsByKey;adminProviderConfigGetProviderConfigs;adminProviderConfigGetProviderConfigsByProvider;adminProviderConfigPostProviderConfigsByProviderVersions;adminProviderConfigPostProviderConfigsByProviderTest,system_configs;system_config_versions;feature_flags;admin_approval_requests;provider_config_definitions;provider_config_versions;provider_connection_tests;provider_certificates;provider_certificate_access_logs;domain_configs;dns_action_items,system,system.maintenance.enabled;system.maintenance.message;system.registration.enabled;system.publish.enabled;system.red_packet.enabled;system.withdrawal.enabled,catalogs/ui_page_fields.csv#ADM-CONFIG-004,catalogs/ui_page_states.csv#ADM-CONFIG-004,catalogs/ui_action_matrix.csv#ADM-CONFIG-004,TST-CONFIG_001-HAPPY;TST-SECRET_001-HAPPY;TST-CONFIG_001-IDEMPOTENT;TST-SECRET_001-IDEMPOTENT,TOKENS_ONLY,READY,EXACT_CONSTRUCTION_BOUND_V1.2.2
ADMIN,ADM-CONFIG-005,支付网关配置,/system/providers/payment,ADM-FINANCE,R03,REQ-CONFIG-001;REQ-SECRET-001,GET /admin-api/v1/configs;PUT /admin-api/v1/configs/{key};GET /admin-api/v1/feature-flags;PUT /admin-api/v1/feature-flags/{key};GET /admin-api/v1/provider-configs;GET /admin-api/v1/provider-configs/{provider};POST /admin-api/v1/provider-configs/{provider}/versions;POST /admin-api/v1/provider-configs/{provider}/test,adminConfigGetConfigs;adminConfigPutConfigsByKey;adminConfigGetFeatureFlags;adminConfigPutFeatureFlagsByKey;adminProviderConfigGetProviderConfigs;adminProviderConfigGetProviderConfigsByProvider;adminProviderConfigPostProviderConfigsByProviderVersions;adminProviderConfigPostProviderConfigsByProviderTest,system_configs;system_config_versions;feature_flags;admin_approval_requests;provider_config_definitions;provider_config_versions;provider_connection_tests;provider_certificates;provider_certificate_access_logs;domain_configs;dns_action_items,system,system.maintenance.enabled;system.maintenance.message;system.registration.enabled;system.publish.enabled;system.red_packet.enabled;system.withdrawal.enabled,catalogs/ui_page_fields.csv#ADM-CONFIG-005,catalogs/ui_page_states.csv#ADM-CONFIG-005,catalogs/ui_action_matrix.csv#ADM-CONFIG-005,TST-CONFIG_001-HAPPY;TST-SECRET_001-HAPPY;TST-CONFIG_001-IDEMPOTENT;TST-SECRET_001-IDEMPOTENT,TOKENS_ONLY,READY,EXACT_CONSTRUCTION_BOUND_V1.2.2
ADMIN,ADM-CONFIG-006,支付宝企业付款配置,/system/providers/payout,ADM-FINANCE,R03,REQ-CONFIG-001;REQ-SECRET-001,GET /admin-api/v1/configs;PUT /admin-api/v1/configs/{key};GET /admin-api/v1/feature-flags;PUT /admin-api/v1/feature-flags/{key};GET /admin-api/v1/provider-configs;GET /admin-api/v1/provider-configs/{provider};POST /admin-api/v1/provider-configs/{provider}/versions;POST /admin-api/v1/provider-configs/{provider}/test,adminConfigGetConfigs;adminConfigPutConfigsByKey;adminConfigGetFeatureFlags;adminConfigPutFeatureFlagsByKey;adminProviderConfigGetProviderConfigs;adminProviderConfigGetProviderConfigsByProvider;adminProviderConfigPostProviderConfigsByProviderVersions;adminProviderConfigPostProviderConfigsByProviderTest,system_configs;system_config_versions;feature_flags;admin_approval_requests;provider_config_definitions;provider_config_versions;provider_connection_tests;provider_certificates;provider_certificate_access_logs;domain_configs;dns_action_items,system,system.maintenance.enabled;system.maintenance.message;system.registration.enabled;system.publish.enabled;system.red_packet.enabled;system.withdrawal.enabled,catalogs/ui_page_fields.csv#ADM-CONFIG-006,catalogs/ui_page_states.csv#ADM-CONFIG-006,catalogs/ui_action_matrix.csv#ADM-CONFIG-006,TST-CONFIG_001-HAPPY;TST-SECRET_001-HAPPY;TST-CONFIG_001-IDEMPOTENT;TST-SECRET_001-IDEMPOTENT,TOKENS_ONLY,READY,EXACT_CONSTRUCTION_BOUND_V1.2.2
ADMIN,ADM-CONFIG-007,实名认证配置,/system/providers/identity,ADM-CONFIG,R03,REQ-CONFIG-001;REQ-SECRET-001,GET /admin-api/v1/configs;PUT /admin-api/v1/configs/{key};GET /admin-api/v1/feature-flags;PUT /admin-api/v1/feature-flags/{key};GET /admin-api/v1/provider-configs;GET /admin-api/v1/provider-configs/{provider};POST /admin-api/v1/provider-configs/{provider}/versions;POST /admin-api/v1/provider-configs/{provider}/test,adminConfigGetConfigs;adminConfigPutConfigsByKey;adminConfigGetFeatureFlags;adminConfigPutFeatureFlagsByKey;adminProviderConfigGetProviderConfigs;adminProviderConfigGetProviderConfigsByProvider;adminProviderConfigPostProviderConfigsByProviderVersions;adminProviderConfigPostProviderConfigsByProviderTest,system_configs;system_config_versions;feature_flags;admin_approval_requests;provider_config_definitions;provider_config_versions;provider_connection_tests;provider_certificates;provider_certificate_access_logs;domain_configs;dns_action_items,system,system.maintenance.enabled;system.maintenance.message;system.registration.enabled;system.publish.enabled;system.red_packet.enabled;system.withdrawal.enabled,catalogs/ui_page_fields.csv#ADM-CONFIG-007,catalogs/ui_page_states.csv#ADM-CONFIG-007,catalogs/ui_action_matrix.csv#ADM-CONFIG-007,TST-CONFIG_001-HAPPY;TST-SECRET_001-HAPPY;TST-CONFIG_001-IDEMPOTENT;TST-SECRET_001-IDEMPOTENT,TOKENS_ONLY,READY,EXACT_CONSTRUCTION_BOUND_V1.2.2
ADMIN,ADM-CONFIG-008,域名与环境配置,/system/domains,ADM-CONFIG,R03,REQ-CONFIG-001;REQ-SECRET-001;REQ-PAGE-SPEC-001;REQ-ADMIN-OPS-001,GET /admin-api/v1/configs;PUT /admin-api/v1/configs/{key};GET /admin-api/v1/feature-flags;PUT /admin-api/v1/feature-flags/{key};GET /admin-api/v1/provider-configs;GET /admin-api/v1/provider-configs/{provider};POST /admin-api/v1/provider-configs/{provider}/versions;POST /admin-api/v1/provider-configs/{provider}/test;PUT /admin-api/v1/domains/{code};POST /admin-api/v1/domains/{code}/verify,adminConfigGetConfigs;adminConfigPutConfigsByKey;adminConfigGetFeatureFlags;adminConfigPutFeatureFlagsByKey;adminProviderConfigGetProviderConfigs;adminProviderConfigGetProviderConfigsByProvider;adminProviderConfigPostProviderConfigsByProviderVersions;adminProviderConfigPostProviderConfigsByProviderTest;adminDomainConfigPutDomainsByCode;adminDomainConfigPostDomainsByCodeVerify,system_configs;system_config_versions;feature_flags;admin_approval_requests;provider_config_definitions;provider_config_versions;provider_connection_tests;provider_certificates;provider_certificate_access_logs;domain_configs;dns_action_items;admin_users;admin_roles;admin_permissions;admin_user_roles;admin_role_permissions;admin_operation_logs,system,system.maintenance.enabled;system.maintenance.message;system.registration.enabled;system.publish.enabled;system.red_packet.enabled;system.withdrawal.enabled,catalogs/ui_page_fields.csv#ADM-CONFIG-008,catalogs/ui_page_states.csv#ADM-CONFIG-008,catalogs/ui_action_matrix.csv#ADM-CONFIG-008,TST-CONFIG_001-HAPPY;TST-SECRET_001-HAPPY;TST-CONFIG_001-IDEMPOTENT;TST-SECRET_001-IDEMPOTENT;TST-V122-033;TST-V122-034,TOKENS_ONLY,READY,EXACT_CONSTRUCTION_BOUND_V1.2.2
ADMIN,ADM-BUILD-001,构建中心首页,/delivery/builds,ADM-DASHBOARD,R29,REQ-BUILD-001;REQ-APK-001,GET /admin-api/v1/app-build/profiles;POST /admin-api/v1/app-build/profiles;PUT /admin-api/v1/app-build/profiles/{id};GET /admin-api/v1/app-build/jobs;POST /admin-api/v1/app-build/jobs;GET /admin-api/v1/app-build/jobs/{id};GET /admin-api/v1/app-build/jobs/{id}/logs;POST /admin-api/v1/app-build/jobs/{id}/cancel,adminAppBuildProfileGetAppBuildProfiles;adminAppBuildProfilePostAppBuildProfiles;adminAppBuildProfilePutAppBuildProfilesById;adminAppBuildJobGetAppBuildJobs;adminAppBuildJobPostAppBuildJobs;adminAppBuildJobGetAppBuildJobsById;adminAppBuildJobGetAppBuildJobsByIdLogs;adminAppBuildJobPostAppBuildJobsByIdCancel,app_build_profiles;app_build_jobs;app_build_job_steps;app_build_artifacts;app_signing_profiles;h5_page_configs;cms_articles;agreements;app_versions;content_posts;app_release_records;users;user_credentials;auth_security_challenges;user_sessions;user_devices;sms_verification_codes;login_logs,platform,platform.brand.name;platform.brand.slogan;platform.brand.logo_media_id;platform.customer_service.name;platform.customer_service.contact,catalogs/ui_page_fields.csv#ADM-BUILD-001,catalogs/ui_page_states.csv#ADM-BUILD-001,catalogs/ui_action_matrix.csv#ADM-BUILD-001,TST-BUILD_001-HAPPY;TST-APK_001-HAPPY;TST-BUILD_001-IDEMPOTENT;TST-APK_001-IDEMPOTENT,TOKENS_ONLY,READY,EXACT_CONSTRUCTION_BOUND_V1.2.2
ADMIN,ADM-BUILD-002,构建配置,/delivery/builds/profiles,ADM-BUILD,R29,REQ-BUILD-001;REQ-APK-001,GET /admin-api/v1/app-build/profiles;PUT /admin-api/v1/app-build/profiles/{id};GET /admin-api/v1/app-build/jobs;GET /admin-api/v1/app-build/jobs/{id};GET /admin-api/v1/app-build/jobs/{id}/logs;POST /admin-api/v1/app-build/jobs/{id}/cancel;POST /admin-api/v1/app-build/jobs/{id}/retry;GET /admin-api/v1/app-build/artifacts,adminAppBuildProfileGetAppBuildProfiles;adminAppBuildProfilePutAppBuildProfilesById;adminAppBuildJobGetAppBuildJobs;adminAppBuildJobGetAppBuildJobsById;adminAppBuildJobGetAppBuildJobsByIdLogs;adminAppBuildJobPostAppBuildJobsByIdCancel;adminAppBuildJobPostAppBuildJobsByIdRetry;adminAppBuildArtifactGetAppBuildArtifacts,app_build_profiles;app_build_jobs;app_build_job_steps;app_build_artifacts;app_signing_profiles;h5_page_configs;cms_articles;agreements;app_versions;content_posts;app_release_records;users;user_credentials;auth_security_challenges;user_sessions;user_devices;sms_verification_codes;login_logs,platform,platform.brand.name;platform.brand.slogan;platform.brand.logo_media_id;platform.customer_service.name;platform.customer_service.contact,catalogs/ui_page_fields.csv#ADM-BUILD-002,catalogs/ui_page_states.csv#ADM-BUILD-002,catalogs/ui_action_matrix.csv#ADM-BUILD-002,TST-BUILD_001-HAPPY;TST-APK_001-HAPPY;TST-BUILD_001-IDEMPOTENT;TST-APK_001-IDEMPOTENT,TOKENS_ONLY,READY,EXACT_CONSTRUCTION_BOUND_V1.2.2
ADMIN,ADM-BUILD-003,签名配置,/delivery/builds/signing,ADM-BUILD,R29,REQ-BUILD-001;REQ-APK-001;REQ-PAGE-SPEC-001;REQ-ADMIN-OPS-001,GET /admin-api/v1/app-build/profiles;POST /admin-api/v1/app-build/profiles;PUT /admin-api/v1/app-build/profiles/{id};GET /admin-api/v1/app-build/jobs;POST /admin-api/v1/app-build/jobs;GET /admin-api/v1/app-build/jobs/{id};GET /admin-api/v1/app-build/jobs/{id}/logs;POST /admin-api/v1/app-build/jobs/{id}/cancel;POST /admin-api/v1/app-build/signing-profiles;POST /admin-api/v1/app-build/signing-profiles/{id}/test,adminAppBuildProfileGetAppBuildProfiles;adminAppBuildProfilePostAppBuildProfiles;adminAppBuildProfilePutAppBuildProfilesById;adminAppBuildJobGetAppBuildJobs;adminAppBuildJobPostAppBuildJobs;adminAppBuildJobGetAppBuildJobsById;adminAppBuildJobGetAppBuildJobsByIdLogs;adminAppBuildJobPostAppBuildJobsByIdCancel;adminAppSigningPostAppBuildSigningProfiles;adminAppSigningPostAppBuildSigningProfilesByIdTest,app_build_profiles;app_build_jobs;app_build_job_steps;app_build_artifacts;app_signing_profiles;h5_page_configs;cms_articles;agreements;app_versions;content_posts;app_release_records;users;user_credentials;auth_security_challenges;user_sessions;user_devices;sms_verification_codes;login_logs;admin_users;admin_roles;admin_permissions;admin_user_roles;admin_role_permissions;admin_operation_logs;admin_approval_requests,platform,platform.brand.name;platform.brand.slogan;platform.brand.logo_media_id;platform.customer_service.name;platform.customer_service.contact,catalogs/ui_page_fields.csv#ADM-BUILD-003,catalogs/ui_page_states.csv#ADM-BUILD-003,catalogs/ui_action_matrix.csv#ADM-BUILD-003,TST-BUILD_001-HAPPY;TST-APK_001-HAPPY;TST-BUILD_001-IDEMPOTENT;TST-APK_001-IDEMPOTENT;TST-V122-037;TST-V122-038,TOKENS_ONLY,READY,EXACT_CONSTRUCTION_BOUND_V1.2.2
ADMIN,ADM-BUILD-004,构建任务列表,/delivery/builds/jobs,ADM-BUILD,R29,REQ-BUILD-001;REQ-APK-001,GET /admin-api/v1/app-build/profiles;GET /admin-api/v1/app-build/jobs;GET /admin-api/v1/app-build/jobs/{id};GET /admin-api/v1/app-build/jobs/{id}/logs;GET /admin-api/v1/app-build/artifacts;GET /admin-api/v1/app-build/artifacts/{id}/download;GET /admin-api/v1/app-build/signing-profiles,adminAppBuildProfileGetAppBuildProfiles;adminAppBuildJobGetAppBuildJobs;adminAppBuildJobGetAppBuildJobsById;adminAppBuildJobGetAppBuildJobsByIdLogs;adminAppBuildArtifactGetAppBuildArtifacts;adminAppBuildArtifactGetAppBuildArtifactsByIdDownload;adminAppSigningGetAppBuildSigningProfiles,app_build_profiles;app_build_jobs;app_build_job_steps;app_build_artifacts;app_signing_profiles;h5_page_configs;cms_articles;agreements;app_versions;content_posts;app_release_records;users;user_credentials;auth_security_challenges;user_sessions;user_devices;sms_verification_codes;login_logs,platform,platform.brand.name;platform.brand.slogan;platform.brand.logo_media_id;platform.customer_service.name;platform.customer_service.contact,catalogs/ui_page_fields.csv#ADM-BUILD-004,catalogs/ui_page_states.csv#ADM-BUILD-004,catalogs/ui_action_matrix.csv#ADM-BUILD-004,TST-BUILD_001-HAPPY;TST-APK_001-HAPPY,TOKENS_ONLY,READY,EXACT_CONSTRUCTION_BOUND_V1.2.2
ADMIN,ADM-BUILD-005,构建任务详情,/delivery/builds/jobs/:id,ADM-BUILD,R29,REQ-BUILD-001;REQ-APK-001,GET /admin-api/v1/app-build/profiles;POST /admin-api/v1/app-build/profiles;PUT /admin-api/v1/app-build/profiles/{id};GET /admin-api/v1/app-build/jobs;POST /admin-api/v1/app-build/jobs;GET /admin-api/v1/app-build/jobs/{id};GET /admin-api/v1/app-build/jobs/{id}/logs;POST /admin-api/v1/app-build/jobs/{id}/cancel,adminAppBuildProfileGetAppBuildProfiles;adminAppBuildProfilePostAppBuildProfiles;adminAppBuildProfilePutAppBuildProfilesById;adminAppBuildJobGetAppBuildJobs;adminAppBuildJobPostAppBuildJobs;adminAppBuildJobGetAppBuildJobsById;adminAppBuildJobGetAppBuildJobsByIdLogs;adminAppBuildJobPostAppBuildJobsByIdCancel,app_build_profiles;app_build_jobs;app_build_job_steps;app_build_artifacts;app_signing_profiles;h5_page_configs;cms_articles;agreements;app_versions;content_posts;app_release_records;users;user_credentials;auth_security_challenges;user_sessions;user_devices;sms_verification_codes;login_logs,platform,platform.brand.name;platform.brand.slogan;platform.brand.logo_media_id;platform.customer_service.name;platform.customer_service.contact,catalogs/ui_page_fields.csv#ADM-BUILD-005,catalogs/ui_page_states.csv#ADM-BUILD-005,catalogs/ui_action_matrix.csv#ADM-BUILD-005,TST-BUILD_001-HAPPY;TST-APK_001-HAPPY;TST-BUILD_001-IDEMPOTENT;TST-APK_001-IDEMPOTENT,TOKENS_ONLY,READY,EXACT_CONSTRUCTION_BOUND_V1.2.2
ADMIN,ADM-BUILD-006,构建产物与下载,/delivery/builds/artifacts,ADM-BUILD,R29,REQ-BUILD-001;REQ-APK-001,GET /admin-api/v1/app-build/profiles;POST /admin-api/v1/app-build/profiles;PUT /admin-api/v1/app-build/profiles/{id};GET /admin-api/v1/app-build/jobs;POST /admin-api/v1/app-build/jobs;GET /admin-api/v1/app-build/jobs/{id};GET /admin-api/v1/app-build/jobs/{id}/logs;POST /admin-api/v1/app-build/jobs/{id}/cancel,adminAppBuildProfileGetAppBuildProfiles;adminAppBuildProfilePostAppBuildProfiles;adminAppBuildProfilePutAppBuildProfilesById;adminAppBuildJobGetAppBuildJobs;adminAppBuildJobPostAppBuildJobs;adminAppBuildJobGetAppBuildJobsById;adminAppBuildJobGetAppBuildJobsByIdLogs;adminAppBuildJobPostAppBuildJobsByIdCancel,app_build_profiles;app_build_jobs;app_build_job_steps;app_build_artifacts;app_signing_profiles;h5_page_configs;cms_articles;agreements;app_versions;content_posts;app_release_records;users;user_credentials;auth_security_challenges;user_sessions;user_devices;sms_verification_codes;login_logs,platform,platform.brand.name;platform.brand.slogan;platform.brand.logo_media_id;platform.customer_service.name;platform.customer_service.contact,catalogs/ui_page_fields.csv#ADM-BUILD-006,catalogs/ui_page_states.csv#ADM-BUILD-006,catalogs/ui_action_matrix.csv#ADM-BUILD-006,TST-BUILD_001-HAPPY;TST-APK_001-HAPPY;TST-BUILD_001-IDEMPOTENT;TST-APK_001-IDEMPOTENT,TOKENS_ONLY,READY,EXACT_CONSTRUCTION_BOUND_V1.2.2
ADMIN,ADM-BUILD-007,发布与回滚,/delivery/releases,ADM-BUILD,R29,REQ-BUILD-001;REQ-APK-001;REQ-PAGE-SPEC-001;REQ-ADMIN-OPS-001,GET /admin-api/v1/app-build/profiles;POST /admin-api/v1/app-build/profiles;PUT /admin-api/v1/app-build/profiles/{id};GET /admin-api/v1/app-build/jobs;POST /admin-api/v1/app-build/jobs;GET /admin-api/v1/app-build/jobs/{id};GET /admin-api/v1/app-build/jobs/{id}/logs;POST /admin-api/v1/app-build/jobs/{id}/cancel;POST /admin-api/v1/app-build/jobs/{id}/publish-staging;POST /admin-api/v1/app-build/jobs/{id}/promote,adminAppBuildProfileGetAppBuildProfiles;adminAppBuildProfilePostAppBuildProfiles;adminAppBuildProfilePutAppBuildProfilesById;adminAppBuildJobGetAppBuildJobs;adminAppBuildJobPostAppBuildJobs;adminAppBuildJobGetAppBuildJobsById;adminAppBuildJobGetAppBuildJobsByIdLogs;adminAppBuildJobPostAppBuildJobsByIdCancel;adminAppBuildReleasePostAppBuildJobsByIdPublishStaging;adminAppBuildReleasePostAppBuildJobsByIdPromote,app_build_profiles;app_build_jobs;app_build_job_steps;app_build_artifacts;app_signing_profiles;h5_page_configs;cms_articles;agreements;app_versions;content_posts;app_release_records;users;user_credentials;auth_security_challenges;user_sessions;user_devices;sms_verification_codes;login_logs;admin_users;admin_roles;admin_permissions;admin_user_roles;admin_role_permissions;admin_operation_logs;admin_approval_requests,platform,platform.brand.name;platform.brand.slogan;platform.brand.logo_media_id;platform.customer_service.name;platform.customer_service.contact,catalogs/ui_page_fields.csv#ADM-BUILD-007,catalogs/ui_page_states.csv#ADM-BUILD-007,catalogs/ui_action_matrix.csv#ADM-BUILD-007,TST-BUILD_001-HAPPY;TST-APK_001-HAPPY;TST-BUILD_001-IDEMPOTENT;TST-APK_001-IDEMPOTENT;TST-V122-035;TST-V122-036,TOKENS_ONLY,READY,EXACT_CONSTRUCTION_BOUND_V1.2.2
ADMIN,ADM-AUTH-001,后台登录,/auth/login,ADM-AUTH,R01,REQ-ADMIN-BASE-001;REQ-ADMIN-SECURITY-001,POST /admin-api/v1/auth/login,adminAdminAuthPostAuthLogin,admin_users;admin_roles;admin_permissions;admin_user_roles;admin_role_permissions;admin_sessions;admin_mfa_methods;admin_recovery_codes;admin_login_logs;admin_operation_logs,auth;system,auth.default_login_method;auth.security_challenge.provider;auth.security_challenge.mode;auth.password.min_length;auth.password.max_length;auth.password.max_failures;auth.password.lock_seconds;auth.invite.app_required;system.maintenance.enabled;system.maintenance.message;system.registration.enabled;system.publish.enabled;system.red_packet.enabled;system.withdrawal.enabled,catalogs/ui_page_fields.csv#ADM-AUTH-001,catalogs/ui_page_states.csv#ADM-AUTH-001,catalogs/ui_action_matrix.csv#ADM-AUTH-001,TST-V122-012,TOKENS_ONLY,READY,EXACT_CONSTRUCTION_BOUND_V1.2.2
ADMIN,ADM-AUTH-002,二次验证,/auth/mfa,ADM-AUTH,R01,REQ-ADMIN-BASE-001;REQ-ADMIN-SECURITY-001,POST /admin-api/v1/auth/mfa/verify,adminAdminAuthPostAuthMfaVerify,admin_users;admin_roles;admin_permissions;admin_user_roles;admin_role_permissions;admin_sessions;admin_mfa_methods;admin_recovery_codes;admin_login_logs;admin_operation_logs,auth;system,auth.default_login_method;auth.security_challenge.provider;auth.security_challenge.mode;auth.password.min_length;auth.password.max_length;auth.password.max_failures;auth.password.lock_seconds;auth.invite.app_required;system.maintenance.enabled;system.maintenance.message;system.registration.enabled;system.publish.enabled;system.red_packet.enabled;system.withdrawal.enabled,catalogs/ui_page_fields.csv#ADM-AUTH-002,catalogs/ui_page_states.csv#ADM-AUTH-002,catalogs/ui_action_matrix.csv#ADM-AUTH-002,TST-V122-013,TOKENS_ONLY,READY,EXACT_CONSTRUCTION_BOUND_V1.2.2
ADMIN,ADM-REPORT-001,内容举报处理,/governance/content-reports,ADM-REVIEW,R15,REQ-SUPPORT-001;REQ-ADMIN-OPS-001,POST /admin-api/v1/content-reports/{id}/decide,adminReportsPostContentReportsByIdDecide,content_posts;content_versions;content_status_logs;content_review_records;content_media;content_contacts;content_stats;content_favorites;content_view_logs;content_contact_access_logs;support_tickets;ticket_messages;ticket_attachments;ticket_status_logs;h5_page_configs;cms_articles;agreements;app_versions;admin_users;admin_roles;admin_permissions;admin_user_roles;admin_role_permissions;admin_operation_logs;admin_approval_requests,content;chat;notification;system,content.limit.normal.online;content.limit.month.online;content.limit.quarter.online;content.limit.year.online;content.team_leader_per_account;content.limit.normal.pending;content.limit.normal.drafts;content.limit.normal.daily_submissions;chat.stranger.daily_conversation_limit;chat.message.per_minute_limit;chat.image.max_mb;chat.history.retention_days;notification.marketing.default_enabled;notification.quiet_hours.start;notification.quiet_hours.end;system.maintenance.enabled;system.maintenance.message;system.registration.enabled;system.publish.enabled;system.red_packet.enabled;system.withdrawal.enabled,catalogs/ui_page_fields.csv#ADM-REPORT-001,catalogs/ui_page_states.csv#ADM-REPORT-001,catalogs/ui_action_matrix.csv#ADM-REPORT-001,TST-V122-020,TOKENS_ONLY,READY,EXACT_CONSTRUCTION_BOUND_V1.2.2
ADMIN,ADM-APPEAL-001,申诉处理,/governance/appeals,ADM-REVIEW,R15,REQ-SUPPORT-001;REQ-ADMIN-OPS-001,POST /admin-api/v1/appeals/{id}/decide,adminAppealsPostAppealsByIdDecide,content_posts;content_versions;content_status_logs;content_review_records;content_media;content_contacts;content_stats;content_favorites;content_view_logs;content_contact_access_logs;support_tickets;ticket_messages;ticket_attachments;ticket_status_logs;h5_page_configs;cms_articles;agreements;app_versions;admin_users;admin_roles;admin_permissions;admin_user_roles;admin_role_permissions;admin_operation_logs;admin_approval_requests,content;chat;notification;system,content.limit.normal.online;content.limit.month.online;content.limit.quarter.online;content.limit.year.online;content.team_leader_per_account;content.limit.normal.pending;content.limit.normal.drafts;content.limit.normal.daily_submissions;chat.stranger.daily_conversation_limit;chat.message.per_minute_limit;chat.image.max_mb;chat.history.retention_days;notification.marketing.default_enabled;notification.quiet_hours.start;notification.quiet_hours.end;system.maintenance.enabled;system.maintenance.message;system.registration.enabled;system.publish.enabled;system.red_packet.enabled;system.withdrawal.enabled,catalogs/ui_page_fields.csv#ADM-APPEAL-001,catalogs/ui_page_states.csv#ADM-APPEAL-001,catalogs/ui_action_matrix.csv#ADM-APPEAL-001,TST-V122-021,TOKENS_ONLY,READY,EXACT_CONSTRUCTION_BOUND_V1.2.2
ADMIN,ADM-SUPPORT-002,工单详情,/support/tickets/:id,ADM-DETAIL,R15,REQ-SUPPORT-001;REQ-ADMIN-OPS-001,POST /admin-api/v1/support/tickets/{id}/assign;POST /admin-api/v1/support/tickets/{id}/messages;POST /admin-api/v1/support/tickets/{id}/close,adminSupportPostSupportTicketsByIdAssign;adminSupportPostSupportTicketsByIdMessages;adminSupportPostSupportTicketsByIdClose,content_posts;content_versions;content_status_logs;content_review_records;content_media;content_contacts;content_stats;content_favorites;content_view_logs;content_contact_access_logs;support_tickets;ticket_messages;ticket_attachments;ticket_status_logs;h5_page_configs;cms_articles;agreements;app_versions;admin_users;admin_roles;admin_permissions;admin_user_roles;admin_role_permissions;admin_operation_logs;admin_approval_requests,operations;notification;storage,ops.backup.rpo_minutes;ops.recovery.rto_minutes;ops.audit_log.retention_days;ops.security_event.retention_days;ops.alert.error_rate_percent;ops.alert.api_p95_ms;notification.marketing.default_enabled;notification.quiet_hours.start;notification.quiet_hours.end;storage.default_provider;storage.scope.public_media.provider;storage.scope.private_kyc.provider;storage.scope.private_chat.provider;storage.scope.audit_evidence.provider;storage.scope.apk_release.provider;storage.scope.backup.provider;storage.r2.account_id,catalogs/ui_page_fields.csv#ADM-SUPPORT-002,catalogs/ui_page_states.csv#ADM-SUPPORT-002,catalogs/ui_action_matrix.csv#ADM-SUPPORT-002,TST-V122-023;TST-V122-024;TST-V122-025,TOKENS_ONLY,READY,EXACT_CONSTRUCTION_BOUND_V1.2.2
ADMIN,ADM-APPROVAL-001,双人审批中心,/system/approvals,ADM-APPROVAL,R30,REQ-RBAC-001;REQ-ADMIN-OPS-001,GET /admin-api/v1/approvals;POST /admin-api/v1/approvals/{id}/decide,adminApprovalsGetApprovals;adminApprovalsPostApprovalsByIdDecide,admin_users;admin_roles;admin_permissions;admin_user_roles;admin_role_permissions;admin_operation_logs;sensitive_data_access_logs;admin_approval_requests,system;auth;analytics,system.maintenance.enabled;system.maintenance.message;system.registration.enabled;system.publish.enabled;system.red_packet.enabled;system.withdrawal.enabled;auth.default_login_method;auth.security_challenge.provider;auth.security_challenge.mode;auth.password.min_length;auth.password.max_length;auth.password.max_failures;auth.password.lock_seconds;auth.invite.app_required;analytics.event.retention_days;analytics.traffic_types,catalogs/ui_page_fields.csv#ADM-APPROVAL-001,catalogs/ui_page_states.csv#ADM-APPROVAL-001,catalogs/ui_action_matrix.csv#ADM-APPROVAL-001,TST-V122-028;TST-V122-029,TOKENS_ONLY,READY,EXACT_CONSTRUCTION_BOUND_V1.2.2
ADMIN,ADM-ACCOUNTING-001,统一会计交易,/finance/accounting/transactions,ADM-FINANCE,R24,REQ-ACCOUNTING-OPS-001;REQ-LEDGER-001,GET /admin-api/v1/accounting/transactions;GET /admin-api/v1/accounting/entries,adminAccountingGetTransactions;adminAccountingGetEntries,accounting_transactions;accounting_entries;accounting_reversal_requests;admin_approval_requests;admin_operation_logs;reward_accounts;reward_ledger;reward_settlements;reward_freezes;payout_accounts;withdrawal_requests;payout_transactions;payout_callbacks;payout_reconciliation_records;payment_transactions;payment_callbacks;payment_exception_orders;payment_reconciliation_records,payment;withdrawal;payout;system,payment.active_gateway;payment.caihong.base_url;payment.caihong.merchant_id;payment.caihong.merchant_key;payment.caihong.sign_type;payment.caihong.enabled_channels;payment.notify_url;payment.return_url;withdrawal.min_amount_cent.normal;withdrawal.fee.fixed_cent.normal;withdrawal.fee.bps.normal;withdrawal.daily_count.normal;withdrawal.min_amount_cent.month;withdrawal.fee.fixed_cent.month;withdrawal.fee.bps.month;withdrawal.daily_count.month;payout.active_gateway;payout.alipay.app_id;payout.alipay.merchant_id;payout.alipay.private_key_certificate_id;payout.alipay.app_public_certificate_id;payout.alipay.alipay_public_certificate_id;payout.alipay.root_certificate_id;payout.alipay.gateway_url;system.maintenance.enabled;system.maintenance.message;system.registration.enabled;system.publish.enabled;system.red_packet.enabled;system.withdrawal.enabled,catalogs/ui_page_fields.csv#ADM-ACCOUNTING-001,catalogs/ui_page_states.csv#ADM-ACCOUNTING-001,catalogs/ui_action_matrix.csv#ADM-ACCOUNTING-001,TST-V122-039;TST-V122-041,TOKENS_ONLY,READY,EXACT_CONSTRUCTION_BOUND_V1.2.2
ADMIN,ADM-ACCOUNTING-002,会计交易详情与冲正,/finance/accounting/transactions/:id,ADM-FINANCE,R24,REQ-ACCOUNTING-OPS-001;REQ-LEDGER-001,GET /admin-api/v1/accounting/transactions/{id};POST /admin-api/v1/accounting/transactions/{id}/reversals,adminAccountingGetTransactionById;adminAccountingPostReversal,accounting_transactions;accounting_entries;accounting_reversal_requests;admin_approval_requests;admin_operation_logs;reward_accounts;reward_ledger;reward_settlements;reward_freezes;payout_accounts;withdrawal_requests;payout_transactions;payout_callbacks;payout_reconciliation_records;payment_transactions;payment_callbacks;payment_exception_orders;payment_reconciliation_records,payment;withdrawal;payout;system,payment.active_gateway;payment.caihong.base_url;payment.caihong.merchant_id;payment.caihong.merchant_key;payment.caihong.sign_type;payment.caihong.enabled_channels;payment.notify_url;payment.return_url;withdrawal.min_amount_cent.normal;withdrawal.fee.fixed_cent.normal;withdrawal.fee.bps.normal;withdrawal.daily_count.normal;withdrawal.min_amount_cent.month;withdrawal.fee.fixed_cent.month;withdrawal.fee.bps.month;withdrawal.daily_count.month;payout.active_gateway;payout.alipay.app_id;payout.alipay.merchant_id;payout.alipay.private_key_certificate_id;payout.alipay.app_public_certificate_id;payout.alipay.alipay_public_certificate_id;payout.alipay.root_certificate_id;payout.alipay.gateway_url;system.maintenance.enabled;system.maintenance.message;system.registration.enabled;system.publish.enabled;system.red_packet.enabled;system.withdrawal.enabled,catalogs/ui_page_fields.csv#ADM-ACCOUNTING-002,catalogs/ui_page_states.csv#ADM-ACCOUNTING-002,catalogs/ui_action_matrix.csv#ADM-ACCOUNTING-002,TST-V122-040;TST-V122-042,TOKENS_ONLY,READY,EXACT_CONSTRUCTION_BOUND_V1.2.2
ADMIN,ADM-RISK-003,风控规则版本,/governance/risk/rules,ADM-CONFIG,R31,REQ-RISK-RULE-001;REQ-SEC-001,GET /admin-api/v1/risk-rule-versions;POST /admin-api/v1/risk-rule-versions;POST /admin-api/v1/risk-rule-versions/{id}/activate,adminRiskRulesGetVersions;adminRiskRulesPostVersion;adminRiskRulesPostActivate,risk_rule_versions;risk_rule_simulations;risk_events;admin_approval_requests;admin_operation_logs;blacklists;whitelists;manual_review_cases,system;auth;red_packet;withdrawal,system.maintenance.enabled;system.maintenance.message;system.registration.enabled;system.publish.enabled;system.red_packet.enabled;system.withdrawal.enabled;auth.default_login_method;auth.security_challenge.provider;auth.security_challenge.mode;auth.password.min_length;auth.password.max_length;auth.password.max_failures;auth.password.lock_seconds;auth.invite.app_required;red_packet.default_view_seconds;red_packet.reservation_min_seconds;red_packet.unit_amount_min_cent;red_packet.unit_amount_max_cent;red_packet.min_count;red_packet.service_fee_bps;red_packet.one_active_per_content;red_packet.allow_raise_unit_amount;withdrawal.min_amount_cent.normal;withdrawal.fee.fixed_cent.normal;withdrawal.fee.bps.normal;withdrawal.daily_count.normal;withdrawal.min_amount_cent.month;withdrawal.fee.fixed_cent.month;withdrawal.fee.bps.month;withdrawal.daily_count.month,catalogs/ui_page_fields.csv#ADM-RISK-003,catalogs/ui_page_states.csv#ADM-RISK-003,catalogs/ui_action_matrix.csv#ADM-RISK-003,TST-V122-043;TST-V122-044;TST-V122-046,TOKENS_ONLY,READY,EXACT_CONSTRUCTION_BOUND_V1.2.2
ADMIN,ADM-RISK-004,风控规则模拟器,/governance/risk/simulator,ADM-LIST,R31,REQ-RISK-RULE-001;REQ-SEC-001,POST /admin-api/v1/risk-rule-versions/{id}/simulate,adminRiskRulesPostSimulation,risk_rule_versions;risk_rule_simulations;risk_events;admin_approval_requests;admin_operation_logs;blacklists;whitelists;manual_review_cases,system;auth;red_packet;withdrawal,system.maintenance.enabled;system.maintenance.message;system.registration.enabled;system.publish.enabled;system.red_packet.enabled;system.withdrawal.enabled;auth.default_login_method;auth.security_challenge.provider;auth.security_challenge.mode;auth.password.min_length;auth.password.max_length;auth.password.max_failures;auth.password.lock_seconds;auth.invite.app_required;red_packet.default_view_seconds;red_packet.reservation_min_seconds;red_packet.unit_amount_min_cent;red_packet.unit_amount_max_cent;red_packet.min_count;red_packet.service_fee_bps;red_packet.one_active_per_content;red_packet.allow_raise_unit_amount;withdrawal.min_amount_cent.normal;withdrawal.fee.fixed_cent.normal;withdrawal.fee.bps.normal;withdrawal.daily_count.normal;withdrawal.min_amount_cent.month;withdrawal.fee.fixed_cent.month;withdrawal.fee.bps.month;withdrawal.daily_count.month,catalogs/ui_page_fields.csv#ADM-RISK-004,catalogs/ui_page_states.csv#ADM-RISK-004,catalogs/ui_action_matrix.csv#ADM-RISK-004,TST-V122-045,TOKENS_ONLY,READY,EXACT_CONSTRUCTION_BOUND_V1.2.2
ADMIN,ADM-NOTIFY-001,通知模板,/operations/notifications/templates,ADM-CONFIG,R30,REQ-NOTIFICATION-OPS-001;REQ-NOTIFY-001,GET /admin-api/v1/notification-templates;POST /admin-api/v1/notification-templates;PATCH /admin-api/v1/notification-templates/{id},adminNotificationGetTemplates;adminNotificationPostTemplate;adminNotificationPatchTemplate,notification_templates;notification_deliveries;notification_delivery_attempts;admin_operation_logs;conversations;conversation_members;chat_messages;chat_read_receipts;user_blocks;chat_reports;notifications;announcements;announcement_reads;users;user_credentials;auth_security_challenges;user_sessions;user_devices;sms_verification_codes;login_logs;user_profiles;user_settings;user_status_logs,operations;notification;platform,ops.backup.rpo_minutes;ops.recovery.rto_minutes;ops.audit_log.retention_days;ops.security_event.retention_days;ops.alert.error_rate_percent;ops.alert.api_p95_ms;notification.marketing.default_enabled;notification.quiet_hours.start;notification.quiet_hours.end;platform.brand.name;platform.brand.slogan;platform.brand.logo_media_id;platform.customer_service.name;platform.customer_service.contact,catalogs/ui_page_fields.csv#ADM-NOTIFY-001,catalogs/ui_page_states.csv#ADM-NOTIFY-001,catalogs/ui_action_matrix.csv#ADM-NOTIFY-001,TST-V122-047;TST-V122-048;TST-V122-049,TOKENS_ONLY,READY,EXACT_CONSTRUCTION_BOUND_V1.2.2
ADMIN,ADM-NOTIFY-002,通知发送记录,/operations/notifications/deliveries,ADM-LIST,R30,REQ-NOTIFICATION-OPS-001;REQ-NOTIFY-001,GET /admin-api/v1/notification-deliveries;POST /admin-api/v1/notification-deliveries/{id}/retry,adminNotificationGetDeliveries;adminNotificationPostDeliveryRetry,notification_templates;notification_deliveries;notification_delivery_attempts;admin_operation_logs;conversations;conversation_members;chat_messages;chat_read_receipts;user_blocks;chat_reports;notifications;announcements;announcement_reads;users;user_credentials;auth_security_challenges;user_sessions;user_devices;sms_verification_codes;login_logs;user_profiles;user_settings;user_status_logs,operations;notification;platform,ops.backup.rpo_minutes;ops.recovery.rto_minutes;ops.audit_log.retention_days;ops.security_event.retention_days;ops.alert.error_rate_percent;ops.alert.api_p95_ms;notification.marketing.default_enabled;notification.quiet_hours.start;notification.quiet_hours.end;platform.brand.name;platform.brand.slogan;platform.brand.logo_media_id;platform.customer_service.name;platform.customer_service.contact,catalogs/ui_page_fields.csv#ADM-NOTIFY-002,catalogs/ui_page_states.csv#ADM-NOTIFY-002,catalogs/ui_action_matrix.csv#ADM-NOTIFY-002,TST-V122-050;TST-V122-051,TOKENS_ONLY,READY,EXACT_CONSTRUCTION_BOUND_V1.2.2
ADMIN,ADM-EXPORT-001,数据导出中心,/system/exports,ADM-SECURITY,R30,REQ-EXPORT-001;REQ-RBAC-001,GET /admin-api/v1/export-jobs;POST /admin-api/v1/export-jobs;GET /admin-api/v1/export-jobs/{id};POST /admin-api/v1/export-jobs/{id}/download-token,adminExportsGetJobs;adminExportsPostJob;adminExportsGetJobById;adminExportsPostDownloadToken,export_jobs;export_job_files;export_download_logs;admin_approval_requests;admin_operation_logs;media_objects;admin_users;admin_roles;admin_permissions;admin_user_roles;admin_role_permissions;sensitive_data_access_logs,system;auth;analytics,system.maintenance.enabled;system.maintenance.message;system.registration.enabled;system.publish.enabled;system.red_packet.enabled;system.withdrawal.enabled;auth.default_login_method;auth.security_challenge.provider;auth.security_challenge.mode;auth.password.min_length;auth.password.max_length;auth.password.max_failures;auth.password.lock_seconds;auth.invite.app_required;analytics.event.retention_days;analytics.traffic_types,catalogs/ui_page_fields.csv#ADM-EXPORT-001,catalogs/ui_page_states.csv#ADM-EXPORT-001,catalogs/ui_action_matrix.csv#ADM-EXPORT-001,TST-V122-052;TST-V122-053;TST-V122-054;TST-V122-055,TOKENS_ONLY,READY,EXACT_CONSTRUCTION_BOUND_V1.2.2
ADMIN,ADM-SECURITY-001,管理员安全设置,/me/security,ADM-SECURITY,R01,REQ-ADMIN-SECURITY-001;REQ-RBAC-001,POST /admin-api/v1/auth/logout;GET /admin-api/v1/me/security;POST /admin-api/v1/me/security/password/change;POST /admin-api/v1/me/security/mfa/enroll;POST /admin-api/v1/me/security/mfa/confirm;POST /admin-api/v1/me/security/mfa/disable,adminAdminAuthPostAuthLogout;adminSelfGetSecurity;adminSelfPostPasswordChange;adminSelfPostMfaEnroll;adminSelfPostMfaConfirm;adminSelfPostMfaDisable,admin_users;admin_sessions;admin_mfa_methods;admin_recovery_codes;admin_login_logs;admin_operation_logs;admin_roles;admin_permissions;admin_user_roles;admin_role_permissions;sensitive_data_access_logs,auth;system,auth.default_login_method;auth.security_challenge.provider;auth.security_challenge.mode;auth.password.min_length;auth.password.max_length;auth.password.max_failures;auth.password.lock_seconds;auth.invite.app_required;system.maintenance.enabled;system.maintenance.message;system.registration.enabled;system.publish.enabled;system.red_packet.enabled;system.withdrawal.enabled,catalogs/ui_page_fields.csv#ADM-SECURITY-001,catalogs/ui_page_states.csv#ADM-SECURITY-001,catalogs/ui_action_matrix.csv#ADM-SECURITY-001,TST-V122-014;TST-V122-056;TST-V122-057;TST-V122-058;TST-V122-059;TST-V122-060,TOKENS_ONLY,READY,EXACT_CONSTRUCTION_BOUND_V1.2.2
