故事ID,版本,主题,用户故事,平台,模块,模板ID,页面ID,operationId,API契约,需求ID,配置项,数据表,测试ID,依赖版本,责任角色,验收条件,DoR,状态
STORY-P00-001,P00,仓库、环境、契约与无状态接续：契约、数据、配置、测试与交接,作为技术负责人，我需要按冻结的 P00 契约和DoR完成数据、后端、配置、测试、观测与交接，使前端故事能够稳定落地并可追溯。,CROSS_PLATFORM,工程治理,N/A,,publicGetPlatformStatus;appReleasePostAppVersionCheck;appReleaseGetAppVersionCheck,GET /public-api/v1/platform/status;POST /public-api/v1/app/version-check;GET /api/v1/app/version-check,REQ-UI-001;REQ-CONT-001;REQ-ENG-001;REQ-CONTRACT-001;REQ-APK-001;REQ-ARCH-001;REQ-DATA-001;REQ-EVENT-001;REQ-LEDGER-001;REQ-ADMIN-BASE-001;REQ-OBS-002;REQ-SECRET-001;REQ-PAGE-SPEC-001;REQ-DOR-001,,outbox_events;inbox_messages;ledger_accounts;accounting_transactions;accounting_entries;balance_snapshots;reconciliation_runs;reconciliation_differences;h5_page_configs;cms_articles;agreements;app_versions;content_posts;app_release_records;app_build_artifacts;users;user_credentials;auth_security_challenges;user_sessions;user_devices;sms_verification_codes;login_logs;app_build_profiles;app_build_jobs;app_build_job_steps;app_signing_profiles;reward_accounts;reward_ledger;reward_settlements;reward_freezes;payout_accounts;withdrawal_requests;payout_transactions;payout_callbacks;payout_reconciliation_records;payment_transactions;payment_callbacks;payment_exception_orders;payment_reconciliation_records;admin_users;admin_roles;admin_permissions;admin_user_roles;admin_role_permissions;system_configs;system_config_versions;feature_flags;admin_approval_requests;provider_config_definitions;provider_config_versions;provider_connection_tests;provider_certificates;provider_certificate_access_logs;domain_configs;dns_action_items;N/A_DOCUMENT_CONTRACT,TST-ADMIN_BASE_001-HAPPY;TST-ADMIN_BASE_001-IDEMPOTENT;TST-ADMIN_BASE_001-REJECT;TST-APK_001-HAPPY;TST-APK_001-IDEMPOTENT;TST-APK_001-REJECT;TST-ARCH_001-HAPPY;TST-ARCH_001-IDEMPOTENT;TST-ARCH_001-REJECT;TST-CONTRACT_001-HAPPY;TST-CONTRACT_001-IDEMPOTENT;TST-CONTRACT_001-REJECT;TST-CONT_001-HAPPY;TST-CONT_001-IDEMPOTENT;TST-CONT_001-REJECT;TST-DATA_001-HAPPY;TST-DATA_001-IDEMPOTENT;TST-DATA_001-REJECT;TST-DOR_001-DRIFT;TST-DOR_001-HAPPY;TST-DOR_001-REJECT;TST-DOR_001-SECURITY;TST-ENG_001-HAPPY;TST-ENG_001-IDEMPOTENT;TST-ENG_001-REJECT;TST-EVENT_001-HAPPY;TST-EVENT_001-IDEMPOTENT;TST-EVENT_001-REJECT;TST-GATE-ANDROID-BUILD;TST-GATE-BACKEND-BUILD;TST-GATE-DB-MIGRATION;TST-GATE-LEDGER;TST-GATE-MAPPING;TST-GATE-MODULE-BOUNDARY;TST-GATE-OPENAPI;TST-GATE-OUTBOX;TST-GATE-SECRETS;TST-GATE-STATE;TST-GATE-WEB-BUILD;TST-LEDGER_001-CONCURRENCY;TST-LEDGER_001-HAPPY;TST-LEDGER_001-IDEMPOTENT;TST-LEDGER_001-RECOVERY;TST-LEDGER_001-REJECT;TST-OBS_002-HAPPY;TST-OBS_002-IDEMPOTENT;TST-OBS_002-REJECT;TST-PAGE_SPEC_001-DRIFT;TST-PAGE_SPEC_001-HAPPY;TST-PAGE_SPEC_001-REJECT;TST-PAGE_SPEC_001-SECURITY;TST-SECRET_001-HAPPY;TST-SECRET_001-IDEMPOTENT;TST-SECRET_001-REJECT;TST-SECRET_001-SECURITY;TST-UI_001-HAPPY;TST-UI_001-IDEMPOTENT;TST-UI_001-REJECT;TST-V122-011,,tech_lead;backend_engineer;database_engineer;test_engineer;devops_engineer,OpenAPI、状态机、数据库迁移、配置Schema和页面契约引用一致，代码生成不得产生手工分叉 || 每个需求可追溯到页面/API/表/配置/测试/故事；不适用项必须显式N/A并说明 || 版本DoR全部PASS后方可编码；出口仍按原RELEASE_MANIFEST和ACCEPTANCE_MATRIX执行 || 变更必须通过CR，更新唯一事实源并重新生成全部派生目录和哈希 || 完成Session Log、追踪矩阵、发布证据和下一任务交接,READY,READY_FOR_IMPLEMENTATION
STORY-R01-001,R01,个人安全：管理员安全设置,作为具备 admin.self.read 的后台员工；写操作另需 admin.self.security，我需要完成管理员安全设置的完整业务流程，以便在不依赖研发临时决策的情况下实现修改密码、MFA绑定/解绑、恢复码、活跃会话、登录历史和安全提醒。,ADMIN,个人安全,ADM-SECURITY,ADM-SECURITY-001,adminAdminAuthPostAuthLogout;adminSelfGetSecurity;adminSelfPostPasswordChange;adminSelfPostMfaEnroll;adminSelfPostMfaConfirm;adminSelfPostMfaDisable,POST /admin-api/v1/auth/logout;GET /admin-api/v1/me/security;POST /admin-api/v1/me/security/password/change;POST /admin-api/v1/me/security/mfa/enroll;POST /admin-api/v1/me/security/mfa/confirm;POST /admin-api/v1/me/security/mfa/disable,REQ-ADMIN-SECURITY-001;REQ-RBAC-001,auth.default_login_method;auth.security_challenge.provider;auth.security_challenge.mode;auth.password.min_length;auth.password.max_length;auth.password.max_failures;auth.password.lock_seconds;auth.invite.app_required;system.maintenance.enabled;system.maintenance.message;system.registration.enabled;system.publish.enabled;system.red_packet.enabled;system.withdrawal.enabled,admin_users;admin_sessions;admin_mfa_methods;admin_recovery_codes;admin_login_logs;admin_operation_logs;admin_roles;admin_permissions;admin_user_roles;admin_role_permissions;sensitive_data_access_logs,TST-V122-014;TST-V122-056;TST-V122-057;TST-V122-058;TST-V122-059;TST-V122-060,P00,admin_frontend_engineer;backend_engineer;test_engineer,ADM-SECURITY-001 全部绑定模板 ADM-SECURITY，字段、状态、动作、导航和错误恢复无TBD || 页面调用 operationId：adminAdminAuthPostAuthLogout;adminSelfGetSecurity;adminSelfPostPasswordChange;adminSelfPostMfaEnroll;adminSelfPostMfaConfirm;adminSelfPostMfaDisable；请求/响应字段不得另行发明 || 按钮显示、可用和确认条件与服务端状态机、权限、expectedVersion、幂等策略一致 || 首屏、空、刷新、翻页/局部失败、无权限、404、离线和版本冲突状态按页面状态目录实现 || 敏感字段按分级脱敏；高敏读取和后台写操作完整审计 || 自动化覆盖：TST-V122-014;TST-V122-056;TST-V122-057;TST-V122-058;TST-V122-059;TST-V122-060,READY,READY_FOR_IMPLEMENTATION
STORY-R01-002,R01,后台认证：后台登录、二次验证,作为具备 public 的后台员工；写操作另需 admin.auth.login，我需要完成后台登录、二次验证的完整业务流程，以便在不依赖研发临时决策的情况下实现账号密码、验证码、登录风险提示和登录失败锁定策略。,ADMIN,后台认证,ADM-AUTH,ADM-AUTH-001;ADM-AUTH-002,adminAdminAuthPostAuthLogin;adminAdminAuthPostAuthMfaVerify,POST /admin-api/v1/auth/login;POST /admin-api/v1/auth/mfa/verify,REQ-ADMIN-BASE-001;REQ-ADMIN-SECURITY-001,auth.default_login_method;auth.security_challenge.provider;auth.security_challenge.mode;auth.password.min_length;auth.password.max_length;auth.password.max_failures;auth.password.lock_seconds;auth.invite.app_required;system.maintenance.enabled;system.maintenance.message;system.registration.enabled;system.publish.enabled;system.red_packet.enabled;system.withdrawal.enabled,admin_users;admin_roles;admin_permissions;admin_user_roles;admin_role_permissions;admin_sessions;admin_mfa_methods;admin_recovery_codes;admin_login_logs;admin_operation_logs,TST-V122-012;TST-V122-013,P00,admin_frontend_engineer;backend_engineer;test_engineer,ADM-AUTH-001;ADM-AUTH-002 全部绑定模板 ADM-AUTH，字段、状态、动作、导航和错误恢复无TBD || 页面调用 operationId：adminAdminAuthPostAuthLogin;adminAdminAuthPostAuthMfaVerify；请求/响应字段不得另行发明 || 按钮显示、可用和确认条件与服务端状态机、权限、expectedVersion、幂等策略一致 || 首屏、空、刷新、翻页/局部失败、无权限、404、离线和版本冲突状态按页面状态目录实现 || 敏感字段按分级脱敏；高敏读取和后台写操作完整审计 || 自动化覆盖：TST-V122-012;TST-V122-013,READY,READY_FOR_IMPLEMENTATION
STORY-R01-003,R01,Design System与契约工程化：契约、数据、配置、测试与交接,作为技术负责人，我需要按冻结的 R01 契约和DoR完成数据、后端、配置、测试、观测与交接，使前端故事能够稳定落地并可追溯。,CROSS_PLATFORM,工程治理,N/A,ADM-AUTH-001;ADM-AUTH-002;ADM-SECURITY-001,adminAdminAuthPostAuthLogin;adminAdminAuthPostAuthMfaVerify;adminAdminAuthPostAuthLogout;adminSelfGetSecurity;adminSelfPostPasswordChange;adminSelfPostMfaEnroll;adminSelfPostMfaConfirm;adminSelfPostMfaDisable,POST /admin-api/v1/auth/login;POST /admin-api/v1/auth/mfa/verify;POST /admin-api/v1/auth/logout;GET /admin-api/v1/me/security;POST /admin-api/v1/me/security/password/change;POST /admin-api/v1/me/security/mfa/enroll;POST /admin-api/v1/me/security/mfa/confirm;POST /admin-api/v1/me/security/mfa/disable,REQ-UI-001;REQ-DESIGN-001;REQ-CONTRACT-001;REQ-APK-001;REQ-ARCH-001;REQ-DATA-001;REQ-EVENT-001;REQ-ADMIN-BASE-001;REQ-OBS-002;REQ-PAGE-SPEC-001;REQ-ADMIN-OPS-001;REQ-ADMIN-SECURITY-001;REQ-DOR-001,auth.default_login_method;auth.security_challenge.provider;auth.security_challenge.mode;auth.password.min_length;auth.password.max_length;auth.password.max_failures;auth.password.lock_seconds;auth.invite.app_required;system.maintenance.enabled;system.maintenance.message;system.registration.enabled;system.publish.enabled;system.red_packet.enabled;system.withdrawal.enabled,outbox_events;inbox_messages;ledger_accounts;accounting_transactions;accounting_entries;balance_snapshots;reconciliation_runs;reconciliation_differences;N/A_DOCUMENT_CONTRACT;h5_page_configs;cms_articles;agreements;app_versions;content_posts;app_release_records;app_build_artifacts;users;user_credentials;auth_security_challenges;user_sessions;user_devices;sms_verification_codes;login_logs;app_build_profiles;app_build_jobs;app_build_job_steps;app_signing_profiles;admin_users;admin_roles;admin_permissions;admin_user_roles;admin_role_permissions;admin_operation_logs;admin_approval_requests;admin_sessions;admin_mfa_methods;admin_recovery_codes;admin_login_logs,TST-ADMIN_OPS_001-DRIFT;TST-ADMIN_OPS_001-HAPPY;TST-ADMIN_OPS_001-REJECT;TST-ADMIN_OPS_001-SECURITY;TST-ADMIN_SECURITY_001-DRIFT;TST-ADMIN_SECURITY_001-HAPPY;TST-ADMIN_SECURITY_001-REJECT;TST-ADMIN_SECURITY_001-SECURITY;TST-DESIGN_001-HAPPY;TST-DESIGN_001-IDEMPOTENT;TST-DESIGN_001-REJECT;TST-DOR_001-DRIFT;TST-DOR_001-HAPPY;TST-DOR_001-REJECT;TST-DOR_001-SECURITY;TST-PAGE_SPEC_001-DRIFT;TST-PAGE_SPEC_001-HAPPY;TST-PAGE_SPEC_001-REJECT;TST-PAGE_SPEC_001-SECURITY;TST-V122-012;TST-V122-013;TST-V122-014;TST-V122-056;TST-V122-057;TST-V122-058;TST-V122-059;TST-V122-060,P00,tech_lead;backend_engineer;database_engineer;test_engineer;devops_engineer,OpenAPI、状态机、数据库迁移、配置Schema和页面契约引用一致，代码生成不得产生手工分叉 || 每个需求可追溯到页面/API/表/配置/测试/故事；不适用项必须显式N/A并说明 || 版本DoR全部PASS后方可编码；出口仍按原RELEASE_MANIFEST和ACCEPTANCE_MATRIX执行 || 变更必须通过CR，更新唯一事实源并重新生成全部派生目录和哈希 || 完成Session Log、追踪矩阵、发布证据和下一任务交接,READY,READY_FOR_IMPLEMENTATION
STORY-R02-001,R02,用户：用户详情,作为具备 user.read 的后台员工；写操作另需 user.manage，我需要完成用户详情的完整业务流程，以便在不依赖研发临时决策的情况下实现全景业务和操作。,ADMIN,用户,ADM-DETAIL,ADM-USER-002,adminUsersGetUsers;adminUsersGetUsersById;adminUsersPostUsersByIdRestrictions;adminUsersDeleteUsersByIdRestrictionsByType;adminUsersPostUsersByIdFreeze;adminUsersPostUsersByIdUnfreeze;adminUsersPostUsersByIdForceLogout,GET /admin-api/v1/users;GET /admin-api/v1/users/{id};POST /admin-api/v1/users/{id}/restrictions;DELETE /admin-api/v1/users/{id}/restrictions/{type};POST /admin-api/v1/users/{id}/freeze;POST /admin-api/v1/users/{id}/unfreeze;POST /admin-api/v1/users/{id}/force-logout,REQ-AUTH-001;REQ-ADMIN-001,platform.brand.name;platform.brand.slogan;platform.brand.logo_media_id;platform.customer_service.name;platform.customer_service.contact,users;user_profiles;user_status_logs;user_sessions;h5_page_configs;cms_articles;agreements;app_versions;content_posts;app_release_records;app_build_artifacts;user_credentials;auth_security_challenges;user_devices;sms_verification_codes;login_logs;user_settings;support_tickets;ticket_messages;ticket_attachments;ticket_status_logs;daily_kpis;analytics_events,TST-AUTH_001-HAPPY;TST-ADMIN_001-HAPPY;TST-AUTH_001-IDEMPOTENT;TST-ADMIN_001-IDEMPOTENT,R01,admin_frontend_engineer;backend_engineer;test_engineer,ADM-USER-002 全部绑定模板 ADM-DETAIL，字段、状态、动作、导航和错误恢复无TBD || 页面调用 operationId：adminUsersGetUsers;adminUsersGetUsersById;adminUsersPostUsersByIdRestrictions;adminUsersDeleteUsersByIdRestrictionsByType;adminUsersPostUsersByIdFreeze;adminUsersPostUsersByIdUnfreeze;adminUsersPostUsersByIdForceLogout；请求/响应字段不得另行发明 || 按钮显示、可用和确认条件与服务端状态机、权限、expectedVersion、幂等策略一致 || 首屏、空、刷新、翻页/局部失败、无权限、404、离线和版本冲突状态按页面状态目录实现 || 敏感字段按分级脱敏；高敏读取和后台写操作完整审计 || 自动化覆盖：TST-AUTH_001-HAPPY;TST-ADMIN_001-HAPPY;TST-AUTH_001-IDEMPOTENT;TST-ADMIN_001-IDEMPOTENT,READY,READY_FOR_IMPLEMENTATION
STORY-R02-002,R02,用户：用户列表,作为具备 user.read 的后台员工；写操作另需 user.manage，我需要完成用户列表的完整业务流程，以便在不依赖研发临时决策的情况下实现筛选、导出、状态和风险。,ADMIN,用户,ADM-LIST,ADM-USER-001,adminUsersGetUsers;adminUsersGetUsersById,GET /admin-api/v1/users;GET /admin-api/v1/users/{id},REQ-AUTH-001;REQ-ADMIN-001,platform.brand.name;platform.brand.slogan;platform.brand.logo_media_id;platform.customer_service.name;platform.customer_service.contact,users;user_profiles;user_status_logs;user_sessions;h5_page_configs;cms_articles;agreements;app_versions;content_posts;app_release_records;app_build_artifacts;user_credentials;auth_security_challenges;user_devices;sms_verification_codes;login_logs;user_settings;support_tickets;ticket_messages;ticket_attachments;ticket_status_logs;daily_kpis;analytics_events,TST-AUTH_001-HAPPY;TST-ADMIN_001-HAPPY,R01,admin_frontend_engineer;backend_engineer;test_engineer,ADM-USER-001 全部绑定模板 ADM-LIST，字段、状态、动作、导航和错误恢复无TBD || 页面调用 operationId：adminUsersGetUsers;adminUsersGetUsersById；请求/响应字段不得另行发明 || 按钮显示、可用和确认条件与服务端状态机、权限、expectedVersion、幂等策略一致 || 首屏、空、刷新、翻页/局部失败、无权限、404、离线和版本冲突状态按页面状态目录实现 || 敏感字段按分级脱敏；高敏读取和后台写操作完整审计 || 自动化覆盖：TST-AUTH_001-HAPPY;TST-ADMIN_001-HAPPY,READY,READY_FOR_IMPLEMENTATION
STORY-R02-003,R02,启动：启动页、系统维护页、更新提示,作为已登录用户；公开能力仅限文档明确的H5页面，我需要完成启动页、系统维护页、更新提示的完整业务流程，以便在不依赖研发临时决策的情况下实现品牌展示、版本/维护/Token并行检查。,ANDROID,启动,MOB-GATE,SCR-APP-001;SCR-APP-002;SCR-APP-003,publicGetPlatformStatus;appReleasePostAppVersionCheck;authPostAuthRefresh;appReleaseGetAppVersionCheck;publicGetAppLatest,GET /public-api/v1/platform/status;POST /public-api/v1/app/version-check;POST /api/v1/auth/refresh;GET /api/v1/app/version-check;GET /public-api/v1/app/latest,REQ-AUTH-001;REQ-APP-RELEASE-001;REQ-APK-001;REQ-PAGE-SPEC-001,platform.brand.name;platform.brand.slogan;platform.brand.logo_media_id;platform.customer_service.name;platform.customer_service.contact;app.android.application_id;app.android.staging_application_id;app.android.display_name;app.android.signing.staging_profile;app.android.signing.production_profile;app.build.runner;app.build.allowed_ref_patterns;app.build.artifact_storage_scope;auth.default_login_method;auth.security_challenge.provider;auth.security_challenge.mode;auth.password.min_length;auth.password.max_length;auth.password.max_failures;auth.password.lock_seconds;auth.invite.app_required,h5_page_configs;cms_articles;agreements;app_versions;content_posts;app_release_records;app_build_artifacts;users;user_credentials;auth_security_challenges;user_sessions;user_devices;sms_verification_codes;login_logs;user_profiles;user_settings;user_status_logs;support_tickets;ticket_messages;ticket_attachments;ticket_status_logs;app_build_profiles;app_build_jobs;app_build_job_steps;app_signing_profiles,TST-AUTH_001-HAPPY;TST-APP_RELEASE_001-HAPPY;TST-APK_001-HAPPY;TST-AUTH_001-IDEMPOTENT;TST-APP_RELEASE_001-IDEMPOTENT;TST-APK_001-IDEMPOTENT;TST-V122-011,R01,android_engineer;backend_engineer;test_engineer,SCR-APP-001;SCR-APP-002;SCR-APP-003 全部绑定模板 MOB-GATE，字段、状态、动作、导航和错误恢复无TBD || 页面调用 operationId：publicGetPlatformStatus;appReleasePostAppVersionCheck;authPostAuthRefresh;appReleaseGetAppVersionCheck;publicGetAppLatest；请求/响应字段不得另行发明 || 按钮显示、可用和确认条件与服务端状态机、权限、expectedVersion、幂等策略一致 || 首屏、空、刷新、翻页/局部失败、无权限、404、离线和版本冲突状态按页面状态目录实现 || 敏感字段按分级脱敏；高敏读取和后台写操作完整审计 || 自动化覆盖：TST-AUTH_001-HAPPY;TST-APP_RELEASE_001-HAPPY;TST-APK_001-HAPPY;TST-AUTH_001-IDEMPOTENT;TST-APP_RELEASE_001-IDEMPOTENT;TST-APK_001-IDEMPOTENT;TST-V122-011,READY,READY_FOR_IMPLEMENTATION
STORY-R02-004,R02,账号：密码登录、短信验证码登录、注册账号、忘记密码,作为已登录用户；公开能力仅限文档明确的H5页面，我需要完成密码登录、短信验证码登录、注册账号、忘记密码的完整业务流程，以便在不依赖研发临时决策的情况下实现默认手机号+密码、安全验证、协议。,ANDROID,账号,MOB-AUTH-FORM,SCR-AUTH-001;SCR-AUTH-002;SCR-AUTH-003;SCR-AUTH-004,authPostAuthSecurityChallenges;authPostAuthPasswordLogin;authPostAuthSmsSend;authPostAuthSmsLogin;authPostAuthInviteCodesValidate;authPostAuthRegister;authPostAuthPasswordReset,POST /api/v1/auth/security-challenges;POST /api/v1/auth/password/login;POST /api/v1/auth/sms/send;POST /api/v1/auth/sms/login;POST /api/v1/auth/invite-codes/validate;POST /api/v1/auth/register;POST /api/v1/auth/password/reset,REQ-AUTH-001;REQ-AUTH-002;REQ-AUTH-003;REQ-AUTH-004;REQ-AUTH-005,auth.default_login_method;auth.security_challenge.provider;auth.security_challenge.mode;auth.password.min_length;auth.password.max_length;auth.password.max_failures;auth.password.lock_seconds;auth.invite.app_required,users;user_credentials;auth_security_challenges;user_sessions;user_devices;sms_verification_codes;login_logs;h5_page_configs;cms_articles;agreements;app_versions;content_posts;app_release_records;app_build_artifacts;user_profiles;user_settings;user_status_logs;support_tickets;ticket_messages;ticket_attachments;ticket_status_logs,TST-AUTH_001-HAPPY;TST-AUTH_002-HAPPY;TST-AUTH_003-HAPPY;TST-AUTH_004-HAPPY;TST-AUTH_001-IDEMPOTENT;TST-AUTH_002-IDEMPOTENT;TST-AUTH_003-IDEMPOTENT;TST-AUTH_004-IDEMPOTENT;TST-AUTH_005-HAPPY;TST-AUTH_005-IDEMPOTENT,R01,android_engineer;backend_engineer;test_engineer,SCR-AUTH-001;SCR-AUTH-002;SCR-AUTH-003;SCR-AUTH-004 全部绑定模板 MOB-AUTH-FORM，字段、状态、动作、导航和错误恢复无TBD || 页面调用 operationId：authPostAuthSecurityChallenges;authPostAuthPasswordLogin;authPostAuthSmsSend;authPostAuthSmsLogin;authPostAuthInviteCodesValidate;authPostAuthRegister;authPostAuthPasswordReset；请求/响应字段不得另行发明 || 按钮显示、可用和确认条件与服务端状态机、权限、expectedVersion、幂等策略一致 || 首屏、空、刷新、翻页/局部失败、无权限、404、离线和版本冲突状态按页面状态目录实现 || 敏感字段按分级脱敏；高敏读取和后台写操作完整审计 || 自动化覆盖：TST-AUTH_001-HAPPY;TST-AUTH_002-HAPPY;TST-AUTH_003-HAPPY;TST-AUTH_004-HAPPY;TST-AUTH_001-IDEMPOTENT;TST-AUTH_002-IDEMPOTENT;TST-AUTH_003-IDEMPOTENT;TST-AUTH_004-IDEMPOTENT;TST-AUTH_005-HAPPY;TST-AUTH_005-IDEMPOTENT,READY,READY_FOR_IMPLEMENTATION
STORY-R02-005,R02,账号：登录设备、修改登录密码,作为已登录用户；公开能力仅限文档明确的H5页面，我需要完成登录设备、修改登录密码的完整业务流程，以便在不依赖研发临时决策的情况下实现设备列表与下线。,ANDROID,账号,MOB-AUTH-FORM,SCR-AUTH-006;SCR-AUTH-007,authGetAuthSessions;authDeleteAuthSessionsById;authPostMeSecurityPasswordChange,GET /api/v1/auth/sessions;DELETE /api/v1/auth/sessions/{id};POST /api/v1/me/security/password/change,REQ-AUTH-001;REQ-AUTH-002;REQ-AUTH-003;REQ-AUTH-004,auth.default_login_method;auth.security_challenge.provider;auth.security_challenge.mode;auth.password.min_length;auth.password.max_length;auth.password.max_failures;auth.password.lock_seconds;auth.invite.app_required,users;user_credentials;auth_security_challenges;user_sessions;user_devices;sms_verification_codes;login_logs;h5_page_configs;cms_articles;agreements;app_versions;content_posts;app_release_records;app_build_artifacts;user_profiles;user_settings;user_status_logs;support_tickets;ticket_messages;ticket_attachments;ticket_status_logs,TST-AUTH_001-HAPPY;TST-AUTH_002-HAPPY;TST-AUTH_003-HAPPY;TST-AUTH_004-HAPPY;TST-AUTH_001-IDEMPOTENT;TST-AUTH_002-IDEMPOTENT;TST-AUTH_003-IDEMPOTENT;TST-AUTH_004-IDEMPOTENT,R01,android_engineer;backend_engineer;test_engineer,SCR-AUTH-006;SCR-AUTH-007 全部绑定模板 MOB-AUTH-FORM，字段、状态、动作、导航和错误恢复无TBD || 页面调用 operationId：authGetAuthSessions;authDeleteAuthSessionsById;authPostMeSecurityPasswordChange；请求/响应字段不得另行发明 || 按钮显示、可用和确认条件与服务端状态机、权限、expectedVersion、幂等策略一致 || 首屏、空、刷新、翻页/局部失败、无权限、404、离线和版本冲突状态按页面状态目录实现 || 敏感字段按分级脱敏；高敏读取和后台写操作完整审计 || 自动化覆盖：TST-AUTH_001-HAPPY;TST-AUTH_002-HAPPY;TST-AUTH_003-HAPPY;TST-AUTH_004-HAPPY;TST-AUTH_001-IDEMPOTENT;TST-AUTH_002-IDEMPOTENT;TST-AUTH_003-IDEMPOTENT;TST-AUTH_004-IDEMPOTENT,READY,READY_FOR_IMPLEMENTATION
STORY-R02-006,R02,账号：账号冻结,作为已登录用户；公开能力仅限文档明确的H5页面，我需要完成账号冻结的完整业务流程，以便在不依赖研发临时决策的情况下实现原因、期限、申诉。,ANDROID,账号,MOB-GATE,SCR-AUTH-005,userGetMe;supportPostSupportTickets,GET /api/v1/me;POST /api/v1/support/tickets,REQ-AUTH-001;REQ-AUTH-002;REQ-AUTH-003;REQ-AUTH-004,auth.default_login_method;auth.security_challenge.provider;auth.security_challenge.mode;auth.password.min_length;auth.password.max_length;auth.password.max_failures;auth.password.lock_seconds;auth.invite.app_required;system.maintenance.enabled;system.maintenance.message;system.registration.enabled;system.publish.enabled;system.red_packet.enabled;system.withdrawal.enabled,users;user_profiles;user_settings;user_status_logs;support_tickets;ticket_messages;ticket_attachments;ticket_status_logs;h5_page_configs;cms_articles;agreements;app_versions;content_posts;app_release_records;app_build_artifacts;user_credentials;auth_security_challenges;user_sessions;user_devices;sms_verification_codes;login_logs,TST-AUTH_001-HAPPY;TST-AUTH_002-HAPPY;TST-AUTH_003-HAPPY;TST-AUTH_004-HAPPY;TST-AUTH_001-IDEMPOTENT;TST-AUTH_002-IDEMPOTENT;TST-AUTH_003-IDEMPOTENT;TST-AUTH_004-IDEMPOTENT,R01,android_engineer;backend_engineer;test_engineer,SCR-AUTH-005 全部绑定模板 MOB-GATE，字段、状态、动作、导航和错误恢复无TBD || 页面调用 operationId：userGetMe;supportPostSupportTickets；请求/响应字段不得另行发明 || 按钮显示、可用和确认条件与服务端状态机、权限、expectedVersion、幂等策略一致 || 首屏、空、刷新、翻页/局部失败、无权限、404、离线和版本冲突状态按页面状态目录实现 || 敏感字段按分级脱敏；高敏读取和后台写操作完整审计 || 自动化覆盖：TST-AUTH_001-HAPPY;TST-AUTH_002-HAPPY;TST-AUTH_003-HAPPY;TST-AUTH_004-HAPPY;TST-AUTH_001-IDEMPOTENT;TST-AUTH_002-IDEMPOTENT;TST-AUTH_003-IDEMPOTENT;TST-AUTH_004-IDEMPOTENT,READY,READY_FOR_IMPLEMENTATION
STORY-R02-007,R02,账号：注销账号,作为已登录用户；公开能力仅限文档明确的H5页面，我需要完成注销账号的完整业务流程，以便在不依赖研发临时决策的情况下实现校验、申请与状态。,ANDROID,账号,MOB-SETTINGS,SCR-AUTH-008,userPostMeCancellation,POST /api/v1/me/cancellation,REQ-AUTH-001;REQ-AUTH-002;REQ-AUTH-003;REQ-AUTH-004,auth.default_login_method;auth.security_challenge.provider;auth.security_challenge.mode;auth.password.min_length;auth.password.max_length;auth.password.max_failures;auth.password.lock_seconds;auth.invite.app_required,users;user_profiles;user_settings;user_status_logs;h5_page_configs;cms_articles;agreements;app_versions;content_posts;app_release_records;app_build_artifacts;user_credentials;auth_security_challenges;user_sessions;user_devices;sms_verification_codes;login_logs;support_tickets;ticket_messages;ticket_attachments;ticket_status_logs,TST-AUTH_001-HAPPY;TST-AUTH_002-HAPPY;TST-AUTH_003-HAPPY;TST-AUTH_004-HAPPY;TST-AUTH_001-IDEMPOTENT;TST-AUTH_002-IDEMPOTENT;TST-AUTH_003-IDEMPOTENT;TST-AUTH_004-IDEMPOTENT,R01,android_engineer;backend_engineer;test_engineer,SCR-AUTH-008 全部绑定模板 MOB-SETTINGS，字段、状态、动作、导航和错误恢复无TBD || 页面调用 operationId：userPostMeCancellation；请求/响应字段不得另行发明 || 按钮显示、可用和确认条件与服务端状态机、权限、expectedVersion、幂等策略一致 || 首屏、空、刷新、翻页/局部失败、无权限、404、离线和版本冲突状态按页面状态目录实现 || 敏感字段按分级脱敏；高敏读取和后台写操作完整审计 || 自动化覆盖：TST-AUTH_001-HAPPY;TST-AUTH_002-HAPPY;TST-AUTH_003-HAPPY;TST-AUTH_004-HAPPY;TST-AUTH_001-IDEMPOTENT;TST-AUTH_002-IDEMPOTENT;TST-AUTH_003-IDEMPOTENT;TST-AUTH_004-IDEMPOTENT,READY,READY_FOR_IMPLEMENTATION
STORY-R02-008,R02,H5：H5邀请注册页,作为公开访客或从分享/邀请/支付/实名流程进入的用户，我需要完成H5邀请注册页的完整业务流程，以便在不依赖研发临时决策的情况下实现邀请码必填，密码注册+安全验证+阿里云短信，成功跳下载页。,H5,H5,MOB-AUTH-FORM,H5-013,publicGetInviteByCodeRegistrationConfig;authPostAuthSecurityChallenges;authPostAuthSmsSend;authPostAuthRegister,GET /public-api/v1/invite/{code}/registration-config;POST /api/v1/auth/security-challenges;POST /api/v1/auth/sms/send;POST /api/v1/auth/register,REQ-AUTH-005,platform.brand.name;platform.brand.slogan;platform.brand.logo_media_id;platform.customer_service.name;platform.customer_service.contact;auth.default_login_method;auth.security_challenge.provider;auth.security_challenge.mode;auth.password.min_length;auth.password.max_length;auth.password.max_failures;auth.password.lock_seconds;auth.invite.app_required,h5_page_configs;cms_articles;agreements;app_versions;content_posts;users;user_credentials;auth_security_challenges;user_sessions;user_devices;sms_verification_codes;login_logs,TST-AUTH_005-HAPPY;TST-AUTH_005-IDEMPOTENT,R01,web_frontend_engineer;backend_engineer;test_engineer,H5-013 全部绑定模板 MOB-AUTH-FORM，字段、状态、动作、导航和错误恢复无TBD || 页面调用 operationId：publicGetInviteByCodeRegistrationConfig;authPostAuthSecurityChallenges;authPostAuthSmsSend;authPostAuthRegister；请求/响应字段不得另行发明 || 按钮显示、可用和确认条件与服务端状态机、权限、expectedVersion、幂等策略一致 || 首屏、空、刷新、翻页/局部失败、无权限、404、离线和版本冲突状态按页面状态目录实现 || 敏感字段按分级脱敏；高敏读取和后台写操作完整审计 || 自动化覆盖：TST-AUTH_005-HAPPY;TST-AUTH_005-IDEMPOTENT,READY,READY_FOR_IMPLEMENTATION
STORY-R02-009,R02,账号、登录、注册与安全会话：契约、数据、配置、测试与交接,作为技术负责人，我需要按冻结的 R02 契约和DoR完成数据、后端、配置、测试、观测与交接，使前端故事能够稳定落地并可追溯。,CROSS_PLATFORM,工程治理,N/A,SCR-APP-001;SCR-APP-002;SCR-APP-003;SCR-AUTH-001;SCR-AUTH-002;SCR-AUTH-003;SCR-AUTH-004;SCR-AUTH-005;SCR-AUTH-006;SCR-AUTH-007;SCR-AUTH-008;H5-013;ADM-USER-001;ADM-USER-002,authPostAuthSecurityChallenges;authPostAuthPasswordLogin;authPostAuthSmsSend;authPostAuthSmsLogin;authPostAuthInviteCodesValidate;authPostAuthRegister;authPostAuthPasswordReset;authPostMeSecurityPasswordChange;authPostAuthRefresh;authPostAuthLogout;authGetAuthSessions;authDeleteAuthSessionsById;adminUsersGetUsers;adminUsersGetUsersById;adminUsersPostUsersByIdRestrictions;adminUsersDeleteUsersByIdRestrictionsByType;adminUsersPostUsersByIdFreeze;adminUsersPostUsersByIdUnfreeze;adminUsersPostUsersByIdForceLogout,POST /api/v1/auth/security-challenges;POST /api/v1/auth/password/login;POST /api/v1/auth/sms/send;POST /api/v1/auth/sms/login;POST /api/v1/auth/invite-codes/validate;POST /api/v1/auth/register;POST /api/v1/auth/password/reset;POST /api/v1/me/security/password/change;POST /api/v1/auth/refresh;POST /api/v1/auth/logout;GET /api/v1/auth/sessions;DELETE /api/v1/auth/sessions/{id};GET /admin-api/v1/users;GET /admin-api/v1/users/{id};POST /admin-api/v1/users/{id}/restrictions;DELETE /admin-api/v1/users/{id}/restrictions/{type};POST /admin-api/v1/users/{id}/freeze;POST /admin-api/v1/users/{id}/unfreeze;POST /admin-api/v1/users/{id}/force-logout,REQ-AUTH-001;REQ-AUTH-002;REQ-AUTH-003;REQ-AUTH-004;REQ-AUTH-005;REQ-ADMIN-OPS-001,platform.brand.name;platform.brand.slogan;platform.brand.logo_media_id;platform.customer_service.name;platform.customer_service.contact;app.android.application_id;app.android.staging_application_id;app.android.display_name;app.android.signing.staging_profile;app.android.signing.production_profile;app.build.runner;app.build.allowed_ref_patterns;app.build.artifact_storage_scope;auth.default_login_method;auth.security_challenge.provider;auth.security_challenge.mode;auth.password.min_length;auth.password.max_length;auth.password.max_failures;auth.password.lock_seconds;auth.invite.app_required;system.maintenance.enabled;system.maintenance.message;system.registration.enabled;system.publish.enabled;system.red_packet.enabled;system.withdrawal.enabled,h5_page_configs;cms_articles;agreements;app_versions;content_posts;app_release_records;app_build_artifacts;users;user_credentials;auth_security_challenges;user_sessions;user_devices;sms_verification_codes;login_logs;user_profiles;user_settings;user_status_logs;support_tickets;ticket_messages;ticket_attachments;ticket_status_logs;admin_users;admin_roles;admin_permissions;admin_user_roles;admin_role_permissions;admin_operation_logs;admin_approval_requests,TST-ADMIN_OPS_001-DRIFT;TST-ADMIN_OPS_001-HAPPY;TST-ADMIN_OPS_001-REJECT;TST-ADMIN_OPS_001-SECURITY;TST-AUTH_001-HAPPY;TST-AUTH_001-IDEMPOTENT;TST-AUTH_001-REJECT;TST-AUTH_001-SECURITY;TST-AUTH_002-HAPPY;TST-AUTH_002-IDEMPOTENT;TST-AUTH_002-REJECT;TST-AUTH_002-SECURITY;TST-AUTH_003-HAPPY;TST-AUTH_003-IDEMPOTENT;TST-AUTH_003-REJECT;TST-AUTH_003-SECURITY;TST-AUTH_004-HAPPY;TST-AUTH_004-IDEMPOTENT;TST-AUTH_004-REJECT;TST-AUTH_004-SECURITY;TST-AUTH_005-HAPPY;TST-AUTH_005-IDEMPOTENT;TST-AUTH_005-REJECT;TST-AUTH_005-SECURITY;TST-V122-011,R01,tech_lead;backend_engineer;database_engineer;test_engineer;devops_engineer,OpenAPI、状态机、数据库迁移、配置Schema和页面契约引用一致，代码生成不得产生手工分叉 || 每个需求可追溯到页面/API/表/配置/测试/故事；不适用项必须显式N/A并说明 || 版本DoR全部PASS后方可编码；出口仍按原RELEASE_MANIFEST和ACCEPTANCE_MATRIX执行 || 变更必须通过CR，更新唯一事实源并重新生成全部派生目录和哈希 || 完成Session Log、追踪矩阵、发布证据和下一任务交接,READY,READY_FOR_IMPLEMENTATION
STORY-R03-001,R03,配置中心：供应商配置中心、阿里云短信配置、对象存储配置、实名认证配置,作为具备 config.manage 的后台员工；写操作另需 config.manage，我需要完成供应商配置中心、阿里云短信配置、对象存储配置、实名认证配置的完整业务流程，以便在不依赖研发临时决策的情况下实现按短信、对象存储、实名、支付、出款分组管理，密钥脱敏、版本、测试、激活、回滚。,ADMIN,配置中心,ADM-CONFIG,ADM-CONFIG-002;ADM-CONFIG-003;ADM-CONFIG-004;ADM-CONFIG-007,adminConfigGetConfigs;adminConfigGetFeatureFlags;adminProviderConfigGetProviderConfigs;adminProviderConfigGetProviderConfigsByProvider;adminProviderCertificateGetProviderCertificates;adminProviderCertificatePostProviderCertificatesByIdRotate;adminDomainConfigGetDomains;adminDomainConfigGetDomainsDnsActions;adminProviderConfigPostProviderConfigsByProviderActivate;adminProviderConfigPostProviderConfigsByProviderRollback;adminProviderCertificatePostProviderCertificates;adminConfigPutConfigsByKey;adminConfigPutFeatureFlagsByKey;adminProviderConfigPostProviderConfigsByProviderVersions;adminProviderConfigPostProviderConfigsByProviderTest,GET /admin-api/v1/configs;GET /admin-api/v1/feature-flags;GET /admin-api/v1/provider-configs;GET /admin-api/v1/provider-configs/{provider};GET /admin-api/v1/provider-certificates;POST /admin-api/v1/provider-certificates/{id}/rotate;GET /admin-api/v1/domains;GET /admin-api/v1/domains/dns-actions;POST /admin-api/v1/provider-configs/{provider}/activate;POST /admin-api/v1/provider-configs/{provider}/rollback;POST /admin-api/v1/provider-certificates;PUT /admin-api/v1/configs/{key};PUT /admin-api/v1/feature-flags/{key};POST /admin-api/v1/provider-configs/{provider}/versions;POST /admin-api/v1/provider-configs/{provider}/test,REQ-CONFIG-001;REQ-SECRET-001;REQ-PAGE-SPEC-001;REQ-ADMIN-OPS-001,system.maintenance.enabled;system.maintenance.message;system.registration.enabled;system.publish.enabled;system.red_packet.enabled;system.withdrawal.enabled;platform.base_domain;domain.www.host;domain.api.host;domain.ws.host;domain.admin.host;domain.h5.host;domain.download.host;domain.assets.host,system_configs;system_config_versions;feature_flags;admin_approval_requests;provider_config_definitions;provider_config_versions;provider_connection_tests;provider_certificates;provider_certificate_access_logs;domain_configs;dns_action_items;admin_users;admin_roles;admin_permissions;admin_user_roles;admin_role_permissions;admin_operation_logs,TST-CONFIG_001-HAPPY;TST-SECRET_001-HAPPY;TST-CONFIG_001-IDEMPOTENT;TST-SECRET_001-IDEMPOTENT;TST-V122-030;TST-V122-031;TST-V122-032,R01,admin_frontend_engineer;backend_engineer;test_engineer,ADM-CONFIG-002;ADM-CONFIG-003;ADM-CONFIG-004;ADM-CONFIG-007 全部绑定模板 ADM-CONFIG，字段、状态、动作、导航和错误恢复无TBD || 页面调用 operationId：adminConfigGetConfigs;adminConfigGetFeatureFlags;adminProviderConfigGetProviderConfigs;adminProviderConfigGetProviderConfigsByProvider;adminProviderCertificateGetProviderCertificates;adminProviderCertificatePostProviderCertificatesByIdRotate;adminDomainConfigGetDomains;adminDomainConfigGetDomainsDnsActions;adminProviderConfigPostProviderConfigsByProviderActivate;adminProviderConfigPostProviderConfigsByProviderRollback;adminProviderCertificatePostProviderCertificates;adminConfigPutConfigsByKey;adminConfigPutFeatureFlagsByKey;adminProviderConfigPostProviderConfigsByProviderVersions;adminProviderConfigPostProviderConfigsByProviderTest；请求/响应字段不得另行发明 || 按钮显示、可用和确认条件与服务端状态机、权限、expectedVersion、幂等策略一致 || 首屏、空、刷新、翻页/局部失败、无权限、404、离线和版本冲突状态按页面状态目录实现 || 敏感字段按分级脱敏；高敏读取和后台写操作完整审计 || 自动化覆盖：TST-CONFIG_001-HAPPY;TST-SECRET_001-HAPPY;TST-CONFIG_001-IDEMPOTENT;TST-SECRET_001-IDEMPOTENT;TST-V122-030;TST-V122-031;TST-V122-032,READY,READY_FOR_IMPLEMENTATION
STORY-R03-002,R03,配置中心：域名与环境配置,作为具备 config.manage 的后台员工；写操作另需 config.manage，我需要完成域名与环境配置的完整业务流程，以便在不依赖研发临时决策的情况下实现orbexa.cc二级域名、环境映射、DNS待办和验证状态。,ADMIN,配置中心,ADM-CONFIG,ADM-CONFIG-008,adminConfigGetConfigs;adminConfigPutConfigsByKey;adminConfigGetFeatureFlags;adminConfigPutFeatureFlagsByKey;adminProviderConfigGetProviderConfigs;adminProviderConfigGetProviderConfigsByProvider;adminProviderConfigPostProviderConfigsByProviderVersions;adminProviderConfigPostProviderConfigsByProviderTest;adminDomainConfigPutDomainsByCode;adminDomainConfigPostDomainsByCodeVerify,GET /admin-api/v1/configs;PUT /admin-api/v1/configs/{key};GET /admin-api/v1/feature-flags;PUT /admin-api/v1/feature-flags/{key};GET /admin-api/v1/provider-configs;GET /admin-api/v1/provider-configs/{provider};POST /admin-api/v1/provider-configs/{provider}/versions;POST /admin-api/v1/provider-configs/{provider}/test;PUT /admin-api/v1/domains/{code};POST /admin-api/v1/domains/{code}/verify,REQ-CONFIG-001;REQ-SECRET-001;REQ-PAGE-SPEC-001;REQ-ADMIN-OPS-001,system.maintenance.enabled;system.maintenance.message;system.registration.enabled;system.publish.enabled;system.red_packet.enabled;system.withdrawal.enabled,system_configs;system_config_versions;feature_flags;admin_approval_requests;provider_config_definitions;provider_config_versions;provider_connection_tests;provider_certificates;provider_certificate_access_logs;domain_configs;dns_action_items;admin_users;admin_roles;admin_permissions;admin_user_roles;admin_role_permissions;admin_operation_logs,TST-CONFIG_001-HAPPY;TST-SECRET_001-HAPPY;TST-CONFIG_001-IDEMPOTENT;TST-SECRET_001-IDEMPOTENT;TST-V122-033;TST-V122-034,R01,admin_frontend_engineer;backend_engineer;test_engineer,ADM-CONFIG-008 全部绑定模板 ADM-CONFIG，字段、状态、动作、导航和错误恢复无TBD || 页面调用 operationId：adminConfigGetConfigs;adminConfigPutConfigsByKey;adminConfigGetFeatureFlags;adminConfigPutFeatureFlagsByKey;adminProviderConfigGetProviderConfigs;adminProviderConfigGetProviderConfigsByProvider;adminProviderConfigPostProviderConfigsByProviderVersions;adminProviderConfigPostProviderConfigsByProviderTest;adminDomainConfigPutDomainsByCode;adminDomainConfigPostDomainsByCodeVerify；请求/响应字段不得另行发明 || 按钮显示、可用和确认条件与服务端状态机、权限、expectedVersion、幂等策略一致 || 首屏、空、刷新、翻页/局部失败、无权限、404、离线和版本冲突状态按页面状态目录实现 || 敏感字段按分级脱敏；高敏读取和后台写操作完整审计 || 自动化覆盖：TST-CONFIG_001-HAPPY;TST-SECRET_001-HAPPY;TST-CONFIG_001-IDEMPOTENT;TST-SECRET_001-IDEMPOTENT;TST-V122-033;TST-V122-034,READY,READY_FOR_IMPLEMENTATION
STORY-R03-003,R03,配置中心：支付网关配置、支付宝企业付款配置,作为具备 config.manage 的后台员工；写操作另需 config.manage，我需要完成支付网关配置、支付宝企业付款配置的完整业务流程，以便在不依赖研发临时决策的情况下实现彩虹易支付网关、商户、签名、渠道、回调和连接测试。,ADMIN,配置中心,ADM-FINANCE,ADM-CONFIG-005;ADM-CONFIG-006,adminConfigGetConfigs;adminConfigPutConfigsByKey;adminConfigGetFeatureFlags;adminConfigPutFeatureFlagsByKey;adminProviderConfigGetProviderConfigs;adminProviderConfigGetProviderConfigsByProvider;adminProviderConfigPostProviderConfigsByProviderVersions;adminProviderConfigPostProviderConfigsByProviderTest,GET /admin-api/v1/configs;PUT /admin-api/v1/configs/{key};GET /admin-api/v1/feature-flags;PUT /admin-api/v1/feature-flags/{key};GET /admin-api/v1/provider-configs;GET /admin-api/v1/provider-configs/{provider};POST /admin-api/v1/provider-configs/{provider}/versions;POST /admin-api/v1/provider-configs/{provider}/test,REQ-CONFIG-001;REQ-SECRET-001,system.maintenance.enabled;system.maintenance.message;system.registration.enabled;system.publish.enabled;system.red_packet.enabled;system.withdrawal.enabled,system_configs;system_config_versions;feature_flags;admin_approval_requests;provider_config_definitions;provider_config_versions;provider_connection_tests;provider_certificates;provider_certificate_access_logs;domain_configs;dns_action_items,TST-CONFIG_001-HAPPY;TST-SECRET_001-HAPPY;TST-CONFIG_001-IDEMPOTENT;TST-SECRET_001-IDEMPOTENT,R01,admin_frontend_engineer;backend_engineer;test_engineer,ADM-CONFIG-005;ADM-CONFIG-006 全部绑定模板 ADM-FINANCE，字段、状态、动作、导航和错误恢复无TBD || 页面调用 operationId：adminConfigGetConfigs;adminConfigPutConfigsByKey;adminConfigGetFeatureFlags;adminConfigPutFeatureFlagsByKey;adminProviderConfigGetProviderConfigs;adminProviderConfigGetProviderConfigsByProvider;adminProviderConfigPostProviderConfigsByProviderVersions;adminProviderConfigPostProviderConfigsByProviderTest；请求/响应字段不得另行发明 || 按钮显示、可用和确认条件与服务端状态机、权限、expectedVersion、幂等策略一致 || 首屏、空、刷新、翻页/局部失败、无权限、404、离线和版本冲突状态按页面状态目录实现 || 敏感字段按分级脱敏；高敏读取和后台写操作完整审计 || 自动化覆盖：TST-CONFIG_001-HAPPY;TST-SECRET_001-HAPPY;TST-CONFIG_001-IDEMPOTENT;TST-SECRET_001-IDEMPOTENT,READY,READY_FOR_IMPLEMENTATION
STORY-R03-004,R03,供应商配置、密钥、证书与域名中心：契约、数据、配置、测试与交接,作为技术负责人，我需要按冻结的 R03 契约和DoR完成数据、后端、配置、测试、观测与交接，使前端故事能够稳定落地并可追溯。,CROSS_PLATFORM,工程治理,N/A,ADM-CONFIG-002;ADM-CONFIG-003;ADM-CONFIG-004;ADM-CONFIG-005;ADM-CONFIG-006;ADM-CONFIG-007;ADM-CONFIG-008,adminProviderConfigGetProviderConfigs;adminProviderConfigGetProviderConfigsByProvider;adminProviderConfigPostProviderConfigsByProviderVersions;adminProviderConfigPostProviderConfigsByProviderTest;adminProviderConfigPostProviderConfigsByProviderActivate;adminProviderConfigPostProviderConfigsByProviderRollback;adminProviderCertificatePostProviderCertificates;adminProviderCertificateGetProviderCertificates;adminProviderCertificatePostProviderCertificatesByIdRotate;adminDomainConfigGetDomains;adminDomainConfigPutDomainsByCode;adminDomainConfigGetDomainsDnsActions;adminDomainConfigPostDomainsByCodeVerify,GET /admin-api/v1/provider-configs;GET /admin-api/v1/provider-configs/{provider};POST /admin-api/v1/provider-configs/{provider}/versions;POST /admin-api/v1/provider-configs/{provider}/test;POST /admin-api/v1/provider-configs/{provider}/activate;POST /admin-api/v1/provider-configs/{provider}/rollback;POST /admin-api/v1/provider-certificates;GET /admin-api/v1/provider-certificates;POST /admin-api/v1/provider-certificates/{id}/rotate;GET /admin-api/v1/domains;PUT /admin-api/v1/domains/{code};GET /admin-api/v1/domains/dns-actions;POST /admin-api/v1/domains/{code}/verify,REQ-CONFIG-001;REQ-DOMAIN-001;REQ-STORAGE-001;REQ-SECRET-001;REQ-CONFIG-UX-001,system.maintenance.enabled;system.maintenance.message;system.registration.enabled;system.publish.enabled;system.red_packet.enabled;system.withdrawal.enabled;platform.base_domain;domain.www.host;domain.api.host;domain.ws.host;domain.admin.host;domain.h5.host;domain.download.host;domain.assets.host,system_configs;system_config_versions;feature_flags;admin_approval_requests;provider_config_definitions;provider_config_versions;provider_connection_tests;provider_certificates;provider_certificate_access_logs;domain_configs;dns_action_items;home_modules;banners;cms_articles;agreements;agreement_versions;user_agreement_acceptances;h5_page_configs;app_versions;app_download_logs;media_objects;upload_sessions;media_access_tokens;storage_scope_bindings;storage_migration_jobs;admin_operation_logs,TST-CONFIG_001-HAPPY;TST-CONFIG_001-IDEMPOTENT;TST-CONFIG_001-REJECT;TST-CONFIG_UX_001-DRIFT;TST-CONFIG_UX_001-HAPPY;TST-CONFIG_UX_001-REJECT;TST-CONFIG_UX_001-SECURITY;TST-DOMAIN_001-HAPPY;TST-DOMAIN_001-IDEMPOTENT;TST-DOMAIN_001-REJECT;TST-STORAGE_001-HAPPY;TST-STORAGE_001-IDEMPOTENT;TST-STORAGE_001-REJECT;TST-V122-030;TST-V122-031;TST-V122-032;TST-V122-033;TST-V122-034,R01,tech_lead;backend_engineer;database_engineer;test_engineer;devops_engineer,OpenAPI、状态机、数据库迁移、配置Schema和页面契约引用一致，代码生成不得产生手工分叉 || 每个需求可追溯到页面/API/表/配置/测试/故事；不适用项必须显式N/A并说明 || 版本DoR全部PASS后方可编码；出口仍按原RELEASE_MANIFEST和ACCEPTANCE_MATRIX执行 || 变更必须通过CR，更新唯一事实源并重新生成全部派生目录和哈希 || 完成Session Log、追踪矩阵、发布证据和下一任务交接,READY,READY_FOR_IMPLEMENTATION
STORY-R04-001,R04,通用组件：媒体上传管理器,作为已登录用户；公开能力仅限文档明确的H5页面，我需要完成媒体上传管理器的完整业务流程，以便在不依赖研发临时决策的情况下实现创建上传会话、分片/直传进度、失败重试、完成确认、删除未绑定媒体；被发布、资料、工单等页面复用。,ANDROID,通用组件,MOB-SHEET,SHEET-MEDIA-001,mediaPostMediaUploadSessions;mediaPostMediaUploadSessionsByIdComplete;mediaDeleteMediaById,POST /api/v1/media/upload-sessions;POST /api/v1/media/upload-sessions/{id}/complete;DELETE /api/v1/media/{id},REQ-MEDIA-001;REQ-PAGE-SPEC-001,storage.default_provider;storage.scope.public_media.provider;storage.scope.private_kyc.provider;storage.scope.private_chat.provider;storage.scope.audit_evidence.provider;storage.scope.apk_release.provider;storage.scope.backup.provider;storage.r2.account_id;content.limit.normal.online;content.limit.month.online;content.limit.quarter.online;content.limit.year.online;content.team_leader_per_account;content.limit.normal.pending;content.limit.normal.drafts;content.limit.normal.daily_submissions,media_objects;upload_sessions;media_access_tokens,TST-V122-001;TST-V122-002;TST-V122-003,R03,android_engineer;backend_engineer;test_engineer,SHEET-MEDIA-001 全部绑定模板 MOB-SHEET，字段、状态、动作、导航和错误恢复无TBD || 页面调用 operationId：mediaPostMediaUploadSessions;mediaPostMediaUploadSessionsByIdComplete;mediaDeleteMediaById；请求/响应字段不得另行发明 || 按钮显示、可用和确认条件与服务端状态机、权限、expectedVersion、幂等策略一致 || 首屏、空、刷新、翻页/局部失败、无权限、404、离线和版本冲突状态按页面状态目录实现 || 敏感字段按分级脱敏；高敏读取和后台写操作完整审计 || 自动化覆盖：TST-V122-001;TST-V122-002;TST-V122-003,READY,READY_FOR_IMPLEMENTATION
STORY-R04-002,R04,媒体与多对象存储：契约、数据、配置、测试与交接,作为技术负责人，我需要按冻结的 R04 契约和DoR完成数据、后端、配置、测试、观测与交接，使前端故事能够稳定落地并可追溯。,CROSS_PLATFORM,工程治理,N/A,SHEET-MEDIA-001,mediaPostMediaUploadSessions;mediaPostMediaUploadSessionsByIdComplete;mediaDeleteMediaById,POST /api/v1/media/upload-sessions;POST /api/v1/media/upload-sessions/{id}/complete;DELETE /api/v1/media/{id},REQ-MEDIA-001;REQ-STORAGE-001,storage.default_provider;storage.scope.public_media.provider;storage.scope.private_kyc.provider;storage.scope.private_chat.provider;storage.scope.audit_evidence.provider;storage.scope.apk_release.provider;storage.scope.backup.provider;storage.r2.account_id;content.limit.normal.online;content.limit.month.online;content.limit.quarter.online;content.limit.year.online;content.team_leader_per_account;content.limit.normal.pending;content.limit.normal.drafts;content.limit.normal.daily_submissions,media_objects;upload_sessions;media_access_tokens;provider_config_definitions;provider_config_versions;provider_connection_tests;provider_certificates;provider_certificate_access_logs;domain_configs;dns_action_items;storage_scope_bindings;storage_migration_jobs,TST-MEDIA_001-HAPPY;TST-MEDIA_001-IDEMPOTENT;TST-MEDIA_001-REJECT;TST-V122-001;TST-V122-002;TST-V122-003,R03,tech_lead;backend_engineer;database_engineer;test_engineer;devops_engineer,OpenAPI、状态机、数据库迁移、配置Schema和页面契约引用一致，代码生成不得产生手工分叉 || 每个需求可追溯到页面/API/表/配置/测试/故事；不适用项必须显式N/A并说明 || 版本DoR全部PASS后方可编码；出口仍按原RELEASE_MANIFEST和ACCEPTANCE_MATRIX执行 || 变更必须通过CR，更新唯一事实源并重新生成全部派生目录和哈希 || 完成Session Log、追踪矩阵、发布证据和下一任务交接,READY,READY_FOR_IMPLEMENTATION
STORY-R05-001,R05,实名：实名列表,作为具备 identity.read 的后台员工；写操作另需 identity.manage，我需要完成实名列表的完整业务流程，以便在不依赖研发临时决策的情况下实现状态与风险。,ADMIN,实名,ADM-LIST,ADM-ID-001,adminIdentityGetIdentities;adminIdentityGetIdentitiesByUserid,GET /admin-api/v1/identities;GET /admin-api/v1/identities/{userId},REQ-ID-001;REQ-ID-002,identity.active_provider;identity.provider.appcode;identity.liveness.token_url;identity.liveness.result_url;identity.face_compare.url;identity.max_daily_attempts;identity.one_id_one_account;identity.liveness.poll_interval_ms,identity_profiles;identity_verification_sessions;identity_provider_requests;identity_review_records;sensitive_data_access_logs;users;user_profiles;user_settings;user_status_logs;admin_operation_logs,TST-ID_001-HAPPY;TST-ID_002-HAPPY,R02;R04,admin_frontend_engineer;backend_engineer;test_engineer,ADM-ID-001 全部绑定模板 ADM-LIST，字段、状态、动作、导航和错误恢复无TBD || 页面调用 operationId：adminIdentityGetIdentities;adminIdentityGetIdentitiesByUserid；请求/响应字段不得另行发明 || 按钮显示、可用和确认条件与服务端状态机、权限、expectedVersion、幂等策略一致 || 首屏、空、刷新、翻页/局部失败、无权限、404、离线和版本冲突状态按页面状态目录实现 || 敏感字段按分级脱敏；高敏读取和后台写操作完整审计 || 自动化覆盖：TST-ID_001-HAPPY;TST-ID_002-HAPPY,READY,READY_FOR_IMPLEMENTATION
STORY-R05-002,R05,实名：实名详情与复核,作为具备 identity.read 的后台员工；写操作另需 identity.manage，我需要完成实名详情与复核的完整业务流程，以便在不依赖研发临时决策的情况下实现原图、结果、审计。,ADMIN,实名,ADM-REVIEW,ADM-ID-002,adminIdentityGetIdentities;adminIdentityGetIdentitiesByUserid;adminIdentityPostIdentitySessionsByIdReview;adminIdentityPostIdentitiesByUseridMediaAccess;adminIdentityPostIdentitiesByUseridFreeze,GET /admin-api/v1/identities;GET /admin-api/v1/identities/{userId};POST /admin-api/v1/identity-sessions/{id}/review;POST /admin-api/v1/identities/{userId}/media-access;POST /admin-api/v1/identities/{userId}/freeze,REQ-ID-001;REQ-ID-002;REQ-PAGE-SPEC-001;REQ-ADMIN-OPS-001,identity.active_provider;identity.provider.appcode;identity.liveness.token_url;identity.liveness.result_url;identity.face_compare.url;identity.max_daily_attempts;identity.one_id_one_account;identity.liveness.poll_interval_ms,identity_profiles;identity_verification_sessions;identity_provider_requests;identity_review_records;sensitive_data_access_logs;users;user_profiles;user_settings;user_status_logs;admin_operation_logs;admin_users;admin_roles;admin_permissions;admin_user_roles;admin_role_permissions;admin_approval_requests,TST-ID_001-HAPPY;TST-ID_002-HAPPY;TST-ID_001-IDEMPOTENT;TST-ID_002-IDEMPOTENT;TST-V122-015;TST-V122-016,R02;R04,admin_frontend_engineer;backend_engineer;test_engineer,ADM-ID-002 全部绑定模板 ADM-REVIEW，字段、状态、动作、导航和错误恢复无TBD || 页面调用 operationId：adminIdentityGetIdentities;adminIdentityGetIdentitiesByUserid;adminIdentityPostIdentitySessionsByIdReview;adminIdentityPostIdentitiesByUseridMediaAccess;adminIdentityPostIdentitiesByUseridFreeze；请求/响应字段不得另行发明 || 按钮显示、可用和确认条件与服务端状态机、权限、expectedVersion、幂等策略一致 || 首屏、空、刷新、翻页/局部失败、无权限、404、离线和版本冲突状态按页面状态目录实现 || 敏感字段按分级脱敏；高敏读取和后台写操作完整审计 || 自动化覆盖：TST-ID_001-HAPPY;TST-ID_002-HAPPY;TST-ID_001-IDEMPOTENT;TST-ID_002-IDEMPOTENT;TST-V122-015;TST-V122-016,READY,READY_FOR_IMPLEMENTATION
STORY-R05-003,R05,实名：实名信息输入,作为已登录用户；公开能力仅限文档明确的H5页面，我需要完成实名信息输入的完整业务流程，以便在不依赖研发临时决策的情况下实现姓名身份证。,ANDROID,实名,MOB-FORM,SCR-ID-002,identityPostIdentitySessions,POST /api/v1/identity/sessions,REQ-ID-001;REQ-ID-002,identity.active_provider;identity.provider.appcode;identity.liveness.token_url;identity.liveness.result_url;identity.face_compare.url;identity.max_daily_attempts;identity.one_id_one_account;identity.liveness.poll_interval_ms,identity_profiles;identity_verification_sessions;identity_provider_requests;identity_review_records;sensitive_data_access_logs;users;user_profiles;user_settings;user_status_logs;admin_operation_logs,TST-ID_001-HAPPY;TST-ID_002-HAPPY;TST-ID_001-IDEMPOTENT;TST-ID_002-IDEMPOTENT,R02;R04,android_engineer;backend_engineer;test_engineer,SCR-ID-002 全部绑定模板 MOB-FORM，字段、状态、动作、导航和错误恢复无TBD || 页面调用 operationId：identityPostIdentitySessions；请求/响应字段不得另行发明 || 按钮显示、可用和确认条件与服务端状态机、权限、expectedVersion、幂等策略一致 || 首屏、空、刷新、翻页/局部失败、无权限、404、离线和版本冲突状态按页面状态目录实现 || 敏感字段按分级脱敏；高敏读取和后台写操作完整审计 || 自动化覆盖：TST-ID_001-HAPPY;TST-ID_002-HAPPY;TST-ID_001-IDEMPOTENT;TST-ID_002-IDEMPOTENT,READY,READY_FOR_IMPLEMENTATION
STORY-R05-004,R05,实名：实名认证首页,作为已登录用户；公开能力仅限文档明确的H5页面，我需要完成实名认证首页的完整业务流程，以便在不依赖研发临时决策的情况下实现状态和开始。,ANDROID,实名,MOB-HOME,SCR-ID-001,identityPostIdentitySessions;userGetMe,POST /api/v1/identity/sessions;GET /api/v1/me,REQ-ID-001;REQ-ID-002,identity.active_provider;identity.provider.appcode;identity.liveness.token_url;identity.liveness.result_url;identity.face_compare.url;identity.max_daily_attempts;identity.one_id_one_account;identity.liveness.poll_interval_ms;auth.default_login_method;auth.security_challenge.provider;auth.security_challenge.mode;auth.password.min_length;auth.password.max_length;auth.password.max_failures;auth.password.lock_seconds;auth.invite.app_required,identity_profiles;identity_verification_sessions;identity_provider_requests;identity_review_records;sensitive_data_access_logs;users;user_profiles;user_settings;user_status_logs;admin_operation_logs,TST-ID_001-HAPPY;TST-ID_002-HAPPY;TST-ID_001-IDEMPOTENT;TST-ID_002-IDEMPOTENT,R02;R04,android_engineer;backend_engineer;test_engineer,SCR-ID-001 全部绑定模板 MOB-HOME，字段、状态、动作、导航和错误恢复无TBD || 页面调用 operationId：identityPostIdentitySessions;userGetMe；请求/响应字段不得另行发明 || 按钮显示、可用和确认条件与服务端状态机、权限、expectedVersion、幂等策略一致 || 首屏、空、刷新、翻页/局部失败、无权限、404、离线和版本冲突状态按页面状态目录实现 || 敏感字段按分级脱敏；高敏读取和后台写操作完整审计 || 自动化覆盖：TST-ID_001-HAPPY;TST-ID_002-HAPPY;TST-ID_001-IDEMPOTENT;TST-ID_002-IDEMPOTENT,READY,READY_FOR_IMPLEMENTATION
STORY-R05-005,R05,实名：实名结果,作为已登录用户；公开能力仅限文档明确的H5页面，我需要完成实名结果的完整业务流程，以便在不依赖研发临时决策的情况下实现成功/失败/人工。,ANDROID,实名,MOB-STATUS,SCR-ID-004,identityGetIdentitySessionsById;identityPostIdentitySessionsByIdRetry,GET /api/v1/identity/sessions/{id};POST /api/v1/identity/sessions/{id}/retry,REQ-ID-001;REQ-ID-002,identity.active_provider;identity.provider.appcode;identity.liveness.token_url;identity.liveness.result_url;identity.face_compare.url;identity.max_daily_attempts;identity.one_id_one_account;identity.liveness.poll_interval_ms,identity_profiles;identity_verification_sessions;identity_provider_requests;identity_review_records;sensitive_data_access_logs;users;user_profiles;user_settings;user_status_logs;admin_operation_logs,TST-ID_001-HAPPY;TST-ID_002-HAPPY;TST-ID_001-IDEMPOTENT;TST-ID_002-IDEMPOTENT,R02;R04,android_engineer;backend_engineer;test_engineer,SCR-ID-004 全部绑定模板 MOB-STATUS，字段、状态、动作、导航和错误恢复无TBD || 页面调用 operationId：identityGetIdentitySessionsById;identityPostIdentitySessionsByIdRetry；请求/响应字段不得另行发明 || 按钮显示、可用和确认条件与服务端状态机、权限、expectedVersion、幂等策略一致 || 首屏、空、刷新、翻页/局部失败、无权限、404、离线和版本冲突状态按页面状态目录实现 || 敏感字段按分级脱敏；高敏读取和后台写操作完整审计 || 自动化覆盖：TST-ID_001-HAPPY;TST-ID_002-HAPPY;TST-ID_001-IDEMPOTENT;TST-ID_002-IDEMPOTENT,READY,READY_FOR_IMPLEMENTATION
STORY-R05-006,R05,实名：活体检测容器,作为已登录用户；公开能力仅限文档明确的H5页面，我需要完成活体检测容器的完整业务流程，以便在不依赖研发临时决策的情况下实现H5相机权限。,ANDROID,实名,MOB-TIMED-TASK,SCR-ID-003,identityPostIdentitySessionsByIdLivenessToken;identityGetIdentitySessionsById,POST /api/v1/identity/sessions/{id}/liveness-token;GET /api/v1/identity/sessions/{id},REQ-ID-001;REQ-ID-002,identity.active_provider;identity.provider.appcode;identity.liveness.token_url;identity.liveness.result_url;identity.face_compare.url;identity.max_daily_attempts;identity.one_id_one_account;identity.liveness.poll_interval_ms,identity_profiles;identity_verification_sessions;identity_provider_requests;identity_review_records;sensitive_data_access_logs;users;user_profiles;user_settings;user_status_logs;admin_operation_logs,TST-ID_001-HAPPY;TST-ID_002-HAPPY;TST-ID_001-IDEMPOTENT;TST-ID_002-IDEMPOTENT,R02;R04,android_engineer;backend_engineer;test_engineer,SCR-ID-003 全部绑定模板 MOB-TIMED-TASK，字段、状态、动作、导航和错误恢复无TBD || 页面调用 operationId：identityPostIdentitySessionsByIdLivenessToken;identityGetIdentitySessionsById；请求/响应字段不得另行发明 || 按钮显示、可用和确认条件与服务端状态机、权限、expectedVersion、幂等策略一致 || 首屏、空、刷新、翻页/局部失败、无权限、404、离线和版本冲突状态按页面状态目录实现 || 敏感字段按分级脱敏；高敏读取和后台写操作完整审计 || 自动化覆盖：TST-ID_001-HAPPY;TST-ID_002-HAPPY;TST-ID_001-IDEMPOTENT;TST-ID_002-IDEMPOTENT,READY,READY_FOR_IMPLEMENTATION
STORY-R05-007,R05,H5：活体回跳,作为公开访客或从分享/邀请/支付/实名流程进入的用户，我需要完成活体回跳的完整业务流程，以便在不依赖研发临时决策的情况下实现通知App轮询状态。,H5,H5,H5-LANDING,H5-012,identityGetIdentitySessionsById,GET /api/v1/identity/sessions/{id},REQ-ID-001,identity.active_provider;identity.provider.appcode;identity.liveness.token_url;identity.liveness.result_url;identity.face_compare.url;identity.max_daily_attempts;identity.one_id_one_account;identity.liveness.poll_interval_ms,identity_profiles;identity_verification_sessions;identity_provider_requests;identity_review_records;sensitive_data_access_logs;users;user_profiles;user_settings;user_status_logs,TST-ID_001-HAPPY,R02;R04,web_frontend_engineer;backend_engineer;test_engineer,H5-012 全部绑定模板 H5-LANDING，字段、状态、动作、导航和错误恢复无TBD || 页面调用 operationId：identityGetIdentitySessionsById；请求/响应字段不得另行发明 || 按钮显示、可用和确认条件与服务端状态机、权限、expectedVersion、幂等策略一致 || 首屏、空、刷新、翻页/局部失败、无权限、404、离线和版本冲突状态按页面状态目录实现 || 敏感字段按分级脱敏；高敏读取和后台写操作完整审计 || 自动化覆盖：TST-ID_001-HAPPY,READY,READY_FOR_IMPLEMENTATION
STORY-R05-008,R05,单一实名认证：契约、数据、配置、测试与交接,作为技术负责人，我需要按冻结的 R05 契约和DoR完成数据、后端、配置、测试、观测与交接，使前端故事能够稳定落地并可追溯。,CROSS_PLATFORM,工程治理,N/A,SCR-ID-001;SCR-ID-002;SCR-ID-003;SCR-ID-004;H5-012;ADM-ID-001;ADM-ID-002,identityPostIdentitySessions;identityPostIdentitySessionsByIdLivenessToken;identityGetIdentitySessionsById;identityPostIdentitySessionsByIdRetry;adminIdentityGetIdentities;adminIdentityGetIdentitiesByUserid;adminIdentityPostIdentitiesByUseridMediaAccess;adminIdentityPostIdentitySessionsByIdReview;adminIdentityPostIdentitiesByUseridFreeze,POST /api/v1/identity/sessions;POST /api/v1/identity/sessions/{id}/liveness-token;GET /api/v1/identity/sessions/{id};POST /api/v1/identity/sessions/{id}/retry;GET /admin-api/v1/identities;GET /admin-api/v1/identities/{userId};POST /admin-api/v1/identities/{userId}/media-access;POST /admin-api/v1/identity-sessions/{id}/review;POST /admin-api/v1/identities/{userId}/freeze,REQ-ID-001;REQ-ID-002,identity.active_provider;identity.provider.appcode;identity.liveness.token_url;identity.liveness.result_url;identity.face_compare.url;identity.max_daily_attempts;identity.one_id_one_account;identity.liveness.poll_interval_ms;auth.default_login_method;auth.security_challenge.provider;auth.security_challenge.mode;auth.password.min_length;auth.password.max_length;auth.password.max_failures;auth.password.lock_seconds;auth.invite.app_required,identity_profiles;identity_verification_sessions;identity_provider_requests;identity_review_records;sensitive_data_access_logs;users;user_profiles;user_settings;user_status_logs;admin_operation_logs,TST-ID_001-HAPPY;TST-ID_001-IDEMPOTENT;TST-ID_001-REJECT;TST-ID_001-SECURITY;TST-ID_002-HAPPY;TST-ID_002-IDEMPOTENT;TST-ID_002-REJECT;TST-ID_002-SECURITY;TST-V122-015;TST-V122-016,R02;R04,tech_lead;backend_engineer;database_engineer;test_engineer;devops_engineer,OpenAPI、状态机、数据库迁移、配置Schema和页面契约引用一致，代码生成不得产生手工分叉 || 每个需求可追溯到页面/API/表/配置/测试/故事；不适用项必须显式N/A并说明 || 版本DoR全部PASS后方可编码；出口仍按原RELEASE_MANIFEST和ACCEPTANCE_MATRIX执行 || 变更必须通过CR，更新唯一事实源并重新生成全部派生目录和哈希 || 完成Session Log、追踪矩阵、发布证据和下一任务交接,READY,READY_FOR_IMPLEMENTATION
STORY-R06-001,R06,内容：内容详情,作为具备 content.read 的后台员工；写操作另需 content.manage，我需要完成内容详情的完整业务流程，以便在不依赖研发临时决策的情况下实现版本、媒体、链接、数据。,ADMIN,内容,ADM-DETAIL,ADM-CONTENT-002,adminContentGetContents;adminContentGetContentsById;adminContentPostContentsByIdOnline;adminContentPostContentsByIdOffline;adminContentPostContentsByIdBan;adminContentPostContentsByIdRecommend;adminContentPostContentsByIdOfficialMark;adminContentGetContentDictionaries,GET /admin-api/v1/contents;GET /admin-api/v1/contents/{id};POST /admin-api/v1/contents/{id}/online;POST /admin-api/v1/contents/{id}/offline;POST /admin-api/v1/contents/{id}/ban;POST /admin-api/v1/contents/{id}/recommend;POST /admin-api/v1/contents/{id}/official-mark;GET /admin-api/v1/content-dictionaries,REQ-CONTENT-001;REQ-PUBLISH-001,content.limit.normal.online;content.limit.month.online;content.limit.quarter.online;content.limit.year.online;content.team_leader_per_account;content.limit.normal.pending;content.limit.normal.drafts;content.limit.normal.daily_submissions,content_posts;content_versions;content_status_logs;content_review_records;content_media;content_contacts;content_stats;content_favorites;content_view_logs;content_contact_access_logs;home_modules;banners;conversations;conversation_members;chat_messages;chat_read_receipts;user_blocks;chat_reports;users;user_profiles;user_settings;user_status_logs;identity_review_records;manual_review_cases;content_reports;content_appeals,TST-CONTENT_001-HAPPY;TST-PUBLISH_001-HAPPY;TST-CONTENT_001-IDEMPOTENT;TST-PUBLISH_001-IDEMPOTENT,R02;R04,admin_frontend_engineer;backend_engineer;test_engineer,ADM-CONTENT-002 全部绑定模板 ADM-DETAIL，字段、状态、动作、导航和错误恢复无TBD || 页面调用 operationId：adminContentGetContents;adminContentGetContentsById;adminContentPostContentsByIdOnline;adminContentPostContentsByIdOffline;adminContentPostContentsByIdBan;adminContentPostContentsByIdRecommend;adminContentPostContentsByIdOfficialMark;adminContentGetContentDictionaries；请求/响应字段不得另行发明 || 按钮显示、可用和确认条件与服务端状态机、权限、expectedVersion、幂等策略一致 || 首屏、空、刷新、翻页/局部失败、无权限、404、离线和版本冲突状态按页面状态目录实现 || 敏感字段按分级脱敏；高敏读取和后台写操作完整审计 || 自动化覆盖：TST-CONTENT_001-HAPPY;TST-PUBLISH_001-HAPPY;TST-CONTENT_001-IDEMPOTENT;TST-PUBLISH_001-IDEMPOTENT,READY,READY_FOR_IMPLEMENTATION
STORY-R06-002,R06,内容：统一内容列表、字典与属性,作为具备 content.read 的后台员工；写操作另需 content.manage，我需要完成统一内容列表、字典与属性的完整业务流程，以便在不依赖研发临时决策的情况下实现四类内容。,ADMIN,内容,ADM-LIST,ADM-CONTENT-001;ADM-CONTENT-003,adminContentGetContents;adminContentGetContentsById;adminContentGetContentDictionaries;adminContentPostContentsByIdOnline;adminContentPostContentsByIdOffline;adminContentPostContentsByIdBan;adminContentPostContentsByIdRecommend;adminContentPostContentsByIdOfficialMark;adminContentPutContentDictionariesByCode,GET /admin-api/v1/contents;GET /admin-api/v1/contents/{id};GET /admin-api/v1/content-dictionaries;POST /admin-api/v1/contents/{id}/online;POST /admin-api/v1/contents/{id}/offline;POST /admin-api/v1/contents/{id}/ban;POST /admin-api/v1/contents/{id}/recommend;POST /admin-api/v1/contents/{id}/official-mark;PUT /admin-api/v1/content-dictionaries/{code},REQ-CONTENT-001;REQ-PUBLISH-001;REQ-PAGE-SPEC-001;REQ-ADMIN-OPS-001,content.limit.normal.online;content.limit.month.online;content.limit.quarter.online;content.limit.year.online;content.team_leader_per_account;content.limit.normal.pending;content.limit.normal.drafts;content.limit.normal.daily_submissions,content_posts;content_versions;content_status_logs;content_review_records;content_media;content_contacts;content_stats;content_favorites;content_view_logs;content_contact_access_logs;home_modules;banners;conversations;conversation_members;chat_messages;chat_read_receipts;user_blocks;chat_reports;users;user_profiles;user_settings;user_status_logs;identity_review_records;manual_review_cases;content_reports;content_appeals;admin_users;admin_roles;admin_permissions;admin_user_roles;admin_role_permissions;admin_operation_logs;admin_approval_requests,TST-CONTENT_001-HAPPY;TST-PUBLISH_001-HAPPY;TST-CONTENT_001-IDEMPOTENT;TST-PUBLISH_001-IDEMPOTENT;TST-V122-017,R02;R04,admin_frontend_engineer;backend_engineer;test_engineer,ADM-CONTENT-001;ADM-CONTENT-003 全部绑定模板 ADM-LIST，字段、状态、动作、导航和错误恢复无TBD || 页面调用 operationId：adminContentGetContents;adminContentGetContentsById;adminContentGetContentDictionaries;adminContentPostContentsByIdOnline;adminContentPostContentsByIdOffline;adminContentPostContentsByIdBan;adminContentPostContentsByIdRecommend;adminContentPostContentsByIdOfficialMark;adminContentPutContentDictionariesByCode；请求/响应字段不得另行发明 || 按钮显示、可用和确认条件与服务端状态机、权限、expectedVersion、幂等策略一致 || 首屏、空、刷新、翻页/局部失败、无权限、404、离线和版本冲突状态按页面状态目录实现 || 敏感字段按分级脱敏；高敏读取和后台写操作完整审计 || 自动化覆盖：TST-CONTENT_001-HAPPY;TST-PUBLISH_001-HAPPY;TST-CONTENT_001-IDEMPOTENT;TST-PUBLISH_001-IDEMPOTENT;TST-V122-017,READY,READY_FOR_IMPLEMENTATION
STORY-R06-003,R06,设置：关于与检查更新,作为已登录用户；公开能力仅限文档明确的H5页面，我需要完成关于与检查更新的完整业务流程，以便在不依赖研发临时决策的情况下实现版本、协议、下载页。,ANDROID,设置,MOB-SETTINGS,SCR-ABOUT-001,appReleasePostAppVersionCheck;publicGetAgreementsByCode,POST /public-api/v1/app/version-check;GET /public-api/v1/agreements/{code},REQ-APP-RELEASE-001,app.android.application_id;app.android.staging_application_id;app.android.display_name;app.android.signing.staging_profile;app.android.signing.production_profile;app.build.runner;app.build.allowed_ref_patterns;app.build.artifact_storage_scope;platform.brand.name;platform.brand.slogan;platform.brand.logo_media_id;platform.customer_service.name;platform.customer_service.contact,app_versions;app_release_records;app_build_artifacts;h5_page_configs;cms_articles;agreements;content_posts;users;user_credentials;auth_security_challenges;user_sessions;user_devices;sms_verification_codes;login_logs,TST-APP_RELEASE_001-HAPPY,R02;R04,android_engineer;backend_engineer;test_engineer,SCR-ABOUT-001 全部绑定模板 MOB-SETTINGS，字段、状态、动作、导航和错误恢复无TBD || 页面调用 operationId：appReleasePostAppVersionCheck;publicGetAgreementsByCode；请求/响应字段不得另行发明 || 按钮显示、可用和确认条件与服务端状态机、权限、expectedVersion、幂等策略一致 || 首屏、空、刷新、翻页/局部失败、无权限、404、离线和版本冲突状态按页面状态目录实现 || 敏感字段按分级脱敏；高敏读取和后台写操作完整审计 || 自动化覆盖：TST-APP_RELEASE_001-HAPPY,READY,READY_FOR_IMPLEMENTATION
STORY-R06-004,R06,首页：首页,作为已登录用户；公开能力仅限文档明确的H5页面，我需要完成首页的完整业务流程，以便在不依赖研发临时决策的情况下实现运营模块、四类入口、头条/置顶。,ANDROID,首页,MOB-HOME,SCR-HOME-001,homeGetHome,GET /api/v1/home,REQ-HOME-001;REQ-CONTENT-001,content.limit.normal.online;content.limit.month.online;content.limit.quarter.online;content.limit.year.online;content.team_leader_per_account;content.limit.normal.pending;content.limit.normal.drafts;content.limit.normal.daily_submissions,home_modules;banners;content_posts;content_stats;content_versions;content_status_logs;content_review_records;content_media;content_contacts;content_favorites;content_view_logs;content_contact_access_logs;conversations;conversation_members;chat_messages;chat_read_receipts;user_blocks;chat_reports,TST-HOME_001-HAPPY;TST-CONTENT_001-HAPPY,R02;R04,android_engineer;backend_engineer;test_engineer,SCR-HOME-001 全部绑定模板 MOB-HOME，字段、状态、动作、导航和错误恢复无TBD || 页面调用 operationId：homeGetHome；请求/响应字段不得另行发明 || 按钮显示、可用和确认条件与服务端状态机、权限、expectedVersion、幂等策略一致 || 首屏、空、刷新、翻页/局部失败、无权限、404、离线和版本冲突状态按页面状态目录实现 || 敏感字段按分级脱敏；高敏读取和后台写操作完整审计 || 自动化覆盖：TST-HOME_001-HAPPY;TST-CONTENT_001-HAPPY,READY,READY_FOR_IMPLEMENTATION
STORY-R06-005,R06,统一内容基础、首页与CMS：契约、数据、配置、测试与交接,作为技术负责人，我需要按冻结的 R06 契约和DoR完成数据、后端、配置、测试、观测与交接，使前端故事能够稳定落地并可追溯。,CROSS_PLATFORM,工程治理,N/A,SCR-HOME-001;SCR-ABOUT-001;ADM-CONTENT-001;ADM-CONTENT-002;ADM-CONTENT-003,homeGetHome;adminContentGetContents;adminContentGetContentsById;adminContentPostContentsByIdOnline;adminContentPostContentsByIdOffline;adminContentPostContentsByIdBan;adminContentPostContentsByIdRecommend;adminContentPostContentsByIdOfficialMark;adminContentGetContentDictionaries;adminContentPutContentDictionariesByCode,GET /api/v1/home;GET /admin-api/v1/contents;GET /admin-api/v1/contents/{id};POST /admin-api/v1/contents/{id}/online;POST /admin-api/v1/contents/{id}/offline;POST /admin-api/v1/contents/{id}/ban;POST /admin-api/v1/contents/{id}/recommend;POST /admin-api/v1/contents/{id}/official-mark;GET /admin-api/v1/content-dictionaries;PUT /admin-api/v1/content-dictionaries/{code},REQ-CONTENT-001;REQ-HOME-001,content.limit.normal.online;content.limit.month.online;content.limit.quarter.online;content.limit.year.online;content.team_leader_per_account;content.limit.normal.pending;content.limit.normal.drafts;content.limit.normal.daily_submissions;app.android.application_id;app.android.staging_application_id;app.android.display_name;app.android.signing.staging_profile;app.android.signing.production_profile;app.build.runner;app.build.allowed_ref_patterns;app.build.artifact_storage_scope;platform.brand.name;platform.brand.slogan;platform.brand.logo_media_id;platform.customer_service.name;platform.customer_service.contact,home_modules;banners;content_posts;content_stats;content_versions;content_status_logs;content_review_records;content_media;content_contacts;content_favorites;content_view_logs;content_contact_access_logs;conversations;conversation_members;chat_messages;chat_read_receipts;user_blocks;chat_reports,TST-CONTENT_001-HAPPY;TST-CONTENT_001-IDEMPOTENT;TST-CONTENT_001-REJECT;TST-HOME_001-HAPPY;TST-HOME_001-IDEMPOTENT;TST-HOME_001-REJECT;TST-V122-017,R02;R04,tech_lead;backend_engineer;database_engineer;test_engineer;devops_engineer,OpenAPI、状态机、数据库迁移、配置Schema和页面契约引用一致，代码生成不得产生手工分叉 || 每个需求可追溯到页面/API/表/配置/测试/故事；不适用项必须显式N/A并说明 || 版本DoR全部PASS后方可编码；出口仍按原RELEASE_MANIFEST和ACCEPTANCE_MATRIX执行 || 变更必须通过CR，更新唯一事实源并重新生成全部派生目录和哈希 || 完成Session Log、追踪矩阵、发布证据和下一任务交接,READY,READY_FOR_IMPLEMENTATION
STORY-R07-001,R07,内容：发布者主页,作为已登录用户；公开能力仅限文档明确的H5页面，我需要完成发布者主页的完整业务流程，以便在不依赖研发临时决策的情况下实现公开资料和已发布内容。,ANDROID,内容,MOB-DETAIL,SCR-PUBLISHER-001,userGetPublishersById;contentGetContents,GET /api/v1/publishers/{id};GET /api/v1/contents,REQ-PUBLISHER-001,auth.default_login_method;auth.security_challenge.provider;auth.security_challenge.mode;auth.password.min_length;auth.password.max_length;auth.password.max_failures;auth.password.lock_seconds;auth.invite.app_required;content.limit.normal.online;content.limit.month.online;content.limit.quarter.online;content.limit.year.online;content.team_leader_per_account;content.limit.normal.pending;content.limit.normal.drafts;content.limit.normal.daily_submissions,users;user_profiles;user_settings;user_status_logs;content_posts;content_versions;content_status_logs;content_review_records;content_media;content_contacts;content_stats;content_favorites;content_view_logs;content_contact_access_logs;membership_plans;membership_skus;user_memberships;membership_entitlement_segments;membership_benefit_snapshots;membership_upgrade_quotes;reward_accounts;reward_ledger;reward_settlements;reward_freezes;accounting_entries,TST-PUBLISHER_001-HAPPY,R06,android_engineer;backend_engineer;test_engineer,SCR-PUBLISHER-001 全部绑定模板 MOB-DETAIL，字段、状态、动作、导航和错误恢复无TBD || 页面调用 operationId：userGetPublishersById;contentGetContents；请求/响应字段不得另行发明 || 按钮显示、可用和确认条件与服务端状态机、权限、expectedVersion、幂等策略一致 || 首屏、空、刷新、翻页/局部失败、无权限、404、离线和版本冲突状态按页面状态目录实现 || 敏感字段按分级脱敏；高敏读取和后台写操作完整审计 || 自动化覆盖：TST-PUBLISHER_001-HAPPY,READY,READY_FOR_IMPLEMENTATION
STORY-R07-002,R07,内容：联系方式面板,作为已登录用户；公开能力仅限文档明确的H5页面，我需要完成联系方式面板的完整业务流程，以便在不依赖研发临时决策的情况下实现查看/复制联系方式。,ANDROID,内容,MOB-SHEET,SHEET-CONTACT-001,contentPostContentsByIdContactsByChannelAccess,POST /api/v1/contents/{id}/contacts/{channel}/access,REQ-CONTACT-001;REQ-ACTIVITY-001,content.limit.normal.online;content.limit.month.online;content.limit.quarter.online;content.limit.year.online;content.team_leader_per_account;content.limit.normal.pending;content.limit.normal.drafts;content.limit.normal.daily_submissions,content_posts;content_versions;content_status_logs;content_review_records;content_media;content_contacts;content_stats;content_favorites;content_view_logs;content_contact_access_logs;conversations;conversation_members;chat_messages;chat_read_receipts;user_blocks;chat_reports,TST-CONTACT_001-HAPPY;TST-ACTIVITY_001-HAPPY;TST-CONTACT_001-IDEMPOTENT;TST-ACTIVITY_001-IDEMPOTENT,R06,android_engineer;backend_engineer;test_engineer,SHEET-CONTACT-001 全部绑定模板 MOB-SHEET，字段、状态、动作、导航和错误恢复无TBD || 页面调用 operationId：contentPostContentsByIdContactsByChannelAccess；请求/响应字段不得另行发明 || 按钮显示、可用和确认条件与服务端状态机、权限、expectedVersion、幂等策略一致 || 首屏、空、刷新、翻页/局部失败、无权限、404、离线和版本冲突状态按页面状态目录实现 || 敏感字段按分级脱敏；高敏读取和后台写操作完整审计 || 自动化覆盖：TST-CONTACT_001-HAPPY;TST-ACTIVITY_001-HAPPY;TST-CONTACT_001-IDEMPOTENT;TST-ACTIVITY_001-IDEMPOTENT,READY,READY_FOR_IMPLEMENTATION
STORY-R07-003,R07,搜索：全局搜索、搜索结果,作为已登录用户；公开能力仅限文档明确的H5页面，我需要完成全局搜索、搜索结果的完整业务流程，以便在不依赖研发临时决策的情况下实现关键词、历史、热搜。,ANDROID,搜索,MOB-SEARCH,SCR-SEARCH-001;SCR-SEARCH-002,searchGetSearchHot;searchGetSearchHistory;searchGetSearch,GET /api/v1/search/hot;GET /api/v1/search/history;GET /api/v1/search,REQ-SEARCH-001,search.default_page_size;search.hot_keywords.max_count,search_histories;hot_search_terms;content_posts,TST-SEARCH_001-HAPPY,R06,android_engineer;backend_engineer;test_engineer,SCR-SEARCH-001;SCR-SEARCH-002 全部绑定模板 MOB-SEARCH，字段、状态、动作、导航和错误恢复无TBD || 页面调用 operationId：searchGetSearchHot;searchGetSearchHistory;searchGetSearch；请求/响应字段不得另行发明 || 按钮显示、可用和确认条件与服务端状态机、权限、expectedVersion、幂等策略一致 || 首屏、空、刷新、翻页/局部失败、无权限、404、离线和版本冲突状态按页面状态目录实现 || 敏感字段按分级脱敏；高敏读取和后台写操作完整审计 || 自动化覆盖：TST-SEARCH_001-HAPPY,READY,READY_FOR_IMPLEMENTATION
STORY-R07-004,R07,搜索：清空搜索历史确认,作为已登录用户；公开能力仅限文档明确的H5页面，我需要完成清空搜索历史确认的完整业务流程，以便在不依赖研发临时决策的情况下实现展示不可恢复提示并二次确认清空当前账号搜索历史。,ANDROID,搜索,MOB-SHEET,DIALOG-SEARCH-001,searchDeleteSearchHistory,DELETE /api/v1/search/history,REQ-SEARCH-001;REQ-PAGE-SPEC-001,search.default_page_size;search.hot_keywords.max_count;content.limit.normal.online;content.limit.month.online;content.limit.quarter.online;content.limit.year.online;content.team_leader_per_account;content.limit.normal.pending;content.limit.normal.drafts;content.limit.normal.daily_submissions;analytics.event.retention_days;analytics.traffic_types,search_histories;hot_search_terms;content_posts,TST-V122-004,R06,android_engineer;backend_engineer;test_engineer,DIALOG-SEARCH-001 全部绑定模板 MOB-SHEET，字段、状态、动作、导航和错误恢复无TBD || 页面调用 operationId：searchDeleteSearchHistory；请求/响应字段不得另行发明 || 按钮显示、可用和确认条件与服务端状态机、权限、expectedVersion、幂等策略一致 || 首屏、空、刷新、翻页/局部失败、无权限、404、离线和版本冲突状态按页面状态目录实现 || 敏感字段按分级脱敏；高敏读取和后台写操作完整审计 || 自动化覆盖：TST-V122-004,READY,READY_FOR_IMPLEMENTATION
STORY-R07-005,R07,搜索、发布者主页与联系方式保护：契约、数据、配置、测试与交接,作为技术负责人，我需要按冻结的 R07 契约和DoR完成数据、后端、配置、测试、观测与交接，使前端故事能够稳定落地并可追溯。,CROSS_PLATFORM,工程治理,N/A,SCR-SEARCH-001;SCR-SEARCH-002;SCR-PUBLISHER-001;SHEET-CONTACT-001;DIALOG-SEARCH-001,searchGetSearch;searchGetSearchHot;searchGetSearchHistory;searchDeleteSearchHistory;userGetPublishersById;contentGetContents;contentPostContentsByIdContactsByChannelAccess,GET /api/v1/search;GET /api/v1/search/hot;GET /api/v1/search/history;DELETE /api/v1/search/history;GET /api/v1/publishers/{id};GET /api/v1/contents;POST /api/v1/contents/{id}/contacts/{channel}/access,REQ-CONTACT-001;REQ-SEARCH-001;REQ-PUBLISHER-001,search.default_page_size;search.hot_keywords.max_count;auth.default_login_method;auth.security_challenge.provider;auth.security_challenge.mode;auth.password.min_length;auth.password.max_length;auth.password.max_failures;auth.password.lock_seconds;auth.invite.app_required;content.limit.normal.online;content.limit.month.online;content.limit.quarter.online;content.limit.year.online;content.team_leader_per_account;content.limit.normal.pending;content.limit.normal.drafts;content.limit.normal.daily_submissions;analytics.event.retention_days;analytics.traffic_types,content_posts;content_versions;content_status_logs;content_review_records;content_media;content_contacts;content_stats;content_favorites;content_view_logs;content_contact_access_logs;conversations;conversation_members;chat_messages;chat_read_receipts;user_blocks;chat_reports;search_histories;hot_search_terms;users;user_profiles;user_settings;user_status_logs;membership_plans;membership_skus;user_memberships;membership_entitlement_segments;membership_benefit_snapshots;membership_upgrade_quotes;reward_accounts;reward_ledger;reward_settlements;reward_freezes;accounting_entries,TST-CONTACT_001-HAPPY;TST-CONTACT_001-IDEMPOTENT;TST-CONTACT_001-REJECT;TST-PUBLISHER_001-HAPPY;TST-PUBLISHER_001-IDEMPOTENT;TST-PUBLISHER_001-REJECT;TST-SEARCH_001-HAPPY;TST-SEARCH_001-IDEMPOTENT;TST-SEARCH_001-REJECT;TST-V122-004,R06,tech_lead;backend_engineer;database_engineer;test_engineer;devops_engineer,OpenAPI、状态机、数据库迁移、配置Schema和页面契约引用一致，代码生成不得产生手工分叉 || 每个需求可追溯到页面/API/表/配置/测试/故事；不适用项必须显式N/A并说明 || 版本DoR全部PASS后方可编码；出口仍按原RELEASE_MANIFEST和ACCEPTANCE_MATRIX执行 || 变更必须通过CR，更新唯一事实源并重新生成全部派生目录和哈希 || 完成Session Log、追踪矩阵、发布证据和下一任务交接,READY,READY_FOR_IMPLEMENTATION
STORY-R08-001,R08,内容：项目详情,作为已登录用户；公开能力仅限文档明确的H5页面，我需要完成项目详情的完整业务流程，以便在不依赖研发临时决策的情况下实现项目详情、联系、私聊、红包。,ANDROID,内容,MOB-DETAIL,SCR-DETAIL-001,contentGetContentsById;contentPostContentsByIdContactsByChannelAccess;chatPostConversationsDirect;contentPostContentsByIdFavorite;contentPostContentsByIdShare,GET /api/v1/contents/{id};POST /api/v1/contents/{id}/contacts/{channel}/access;POST /api/v1/conversations/direct;POST /api/v1/contents/{id}/favorite;POST /api/v1/contents/{id}/share,REQ-CONTENT-001;REQ-CONTACT-001;REQ-PROJECT-001,content.limit.normal.online;content.limit.month.online;content.limit.quarter.online;content.limit.year.online;content.team_leader_per_account;content.limit.normal.pending;content.limit.normal.drafts;content.limit.normal.daily_submissions;chat.stranger.daily_conversation_limit;chat.message.per_minute_limit;chat.image.max_mb;chat.history.retention_days,content_posts;content_versions;content_status_logs;content_review_records;content_media;content_contacts;content_stats;content_favorites;content_view_logs;content_contact_access_logs;conversations;conversation_members;chat_messages;chat_read_receipts;user_blocks;chat_reports;home_modules;banners;h5_page_configs;cms_articles;agreements;app_versions,TST-CONTENT_001-HAPPY;TST-CONTACT_001-HAPPY;TST-PROJECT_001-HAPPY;TST-CONTENT_001-IDEMPOTENT;TST-CONTACT_001-IDEMPOTENT;TST-PROJECT_001-IDEMPOTENT,R05;R06;R07,android_engineer;backend_engineer;test_engineer,SCR-DETAIL-001 全部绑定模板 MOB-DETAIL，字段、状态、动作、导航和错误恢复无TBD || 页面调用 operationId：contentGetContentsById;contentPostContentsByIdContactsByChannelAccess;chatPostConversationsDirect;contentPostContentsByIdFavorite;contentPostContentsByIdShare；请求/响应字段不得另行发明 || 按钮显示、可用和确认条件与服务端状态机、权限、expectedVersion、幂等策略一致 || 首屏、空、刷新、翻页/局部失败、无权限、404、离线和版本冲突状态按页面状态目录实现 || 敏感字段按分级脱敏；高敏读取和后台写操作完整审计 || 自动化覆盖：TST-CONTENT_001-HAPPY;TST-CONTACT_001-HAPPY;TST-PROJECT_001-HAPPY;TST-CONTENT_001-IDEMPOTENT;TST-CONTACT_001-IDEMPOTENT;TST-PROJECT_001-IDEMPOTENT,READY,READY_FOR_IMPLEMENTATION
STORY-R08-002,R08,内容：项目列表,作为已登录用户；公开能力仅限文档明确的H5页面，我需要完成项目列表的完整业务流程，以便在不依赖研发临时决策的情况下实现项目卡片列表。,ANDROID,内容,MOB-LIST,SCR-LIST-001,contentGetContents,GET /api/v1/contents,REQ-CONTENT-001;REQ-PROJECT-001,content.limit.normal.online;content.limit.month.online;content.limit.quarter.online;content.limit.year.online;content.team_leader_per_account;content.limit.normal.pending;content.limit.normal.drafts;content.limit.normal.daily_submissions,content_posts;content_versions;content_status_logs;content_review_records;content_media;content_contacts;content_stats;content_favorites;content_view_logs;content_contact_access_logs;home_modules;banners;conversations;conversation_members;chat_messages;chat_read_receipts;user_blocks;chat_reports;h5_page_configs;cms_articles;agreements;app_versions,TST-CONTENT_001-HAPPY;TST-PROJECT_001-HAPPY,R05;R06;R07,android_engineer;backend_engineer;test_engineer,SCR-LIST-001 全部绑定模板 MOB-LIST，字段、状态、动作、导航和错误恢复无TBD || 页面调用 operationId：contentGetContents；请求/响应字段不得另行发明 || 按钮显示、可用和确认条件与服务端状态机、权限、expectedVersion、幂等策略一致 || 首屏、空、刷新、翻页/局部失败、无权限、404、离线和版本冲突状态按页面状态目录实现 || 敏感字段按分级脱敏；高敏读取和后台写操作完整审计 || 自动化覆盖：TST-CONTENT_001-HAPPY;TST-PROJECT_001-HAPPY || 项目列表闭环必须把首页项目一级入口、真实项目内容卡和项目列表/详情导航接回SCR-HOME-001并按V1.2工程执行强化版4.3与B02/P01、P02、P05回归,READY,READY_FOR_IMPLEMENTATION
STORY-R08-003,R08,发布：项目发布/编辑,作为已登录且满足对应发布能力的内容发布者，我需要完成项目发布/编辑的完整业务流程，以便在不依赖研发临时决策的情况下实现项目表单。,ANDROID,发布,MOB-FORM,SCR-PUB-002,contentPostContents;contentPatchContentsById,POST /api/v1/contents;PATCH /api/v1/contents/{id},REQ-PUBLISH-001;REQ-PROJECT-001,content.limit.normal.online;content.limit.month.online;content.limit.quarter.online;content.limit.year.online;content.team_leader_per_account;content.limit.normal.pending;content.limit.normal.drafts;content.limit.normal.daily_submissions,content_posts;content_versions;content_status_logs;content_review_records;content_media;content_contacts;content_stats;content_favorites;content_view_logs;content_contact_access_logs;users;user_profiles;user_settings;user_status_logs;identity_review_records;manual_review_cases;content_reports;chat_reports;content_appeals;conversations;conversation_members;chat_messages;chat_read_receipts;user_blocks;h5_page_configs;cms_articles;agreements;app_versions,TST-PUBLISH_001-HAPPY;TST-PROJECT_001-HAPPY;TST-PUBLISH_001-IDEMPOTENT;TST-PROJECT_001-IDEMPOTENT,R05;R06;R07,android_engineer;backend_engineer;test_engineer,SCR-PUB-002 全部绑定模板 MOB-FORM，字段、状态、动作、导航和错误恢复无TBD || 页面调用 operationId：contentPostContents;contentPatchContentsById；请求/响应字段不得另行发明 || 按钮显示、可用和确认条件与服务端状态机、权限、expectedVersion、幂等策略一致 || 首屏、空、刷新、翻页/局部失败、无权限、404、离线和版本冲突状态按页面状态目录实现 || 敏感字段按分级脱敏；高敏读取和后台写操作完整审计 || 自动化覆盖：TST-PUBLISH_001-HAPPY;TST-PROJECT_001-HAPPY;TST-PUBLISH_001-IDEMPOTENT;TST-PROJECT_001-IDEMPOTENT,READY,READY_FOR_IMPLEMENTATION
STORY-R08-004,R08,项目推广完整闭环：契约、数据、配置、测试与交接,作为技术负责人，我需要按冻结的 R08 契约和DoR完成数据、后端、配置、测试、观测与交接，使前端故事能够稳定落地并可追溯。,CROSS_PLATFORM,工程治理,N/A,SCR-LIST-001;SCR-DETAIL-001;SCR-PUB-002,,,REQ-CONTACT-001;REQ-PROJECT-001,content.limit.normal.online;content.limit.month.online;content.limit.quarter.online;content.limit.year.online;content.team_leader_per_account;content.limit.normal.pending;content.limit.normal.drafts;content.limit.normal.daily_submissions;chat.stranger.daily_conversation_limit;chat.message.per_minute_limit;chat.image.max_mb;chat.history.retention_days,content_posts;content_versions;content_status_logs;content_review_records;content_media;content_contacts;content_stats;content_favorites;content_view_logs;content_contact_access_logs;conversations;conversation_members;chat_messages;chat_read_receipts;user_blocks;chat_reports;h5_page_configs;cms_articles;agreements;app_versions,TST-PROJECT_001-HAPPY;TST-PROJECT_001-IDEMPOTENT;TST-PROJECT_001-REJECT,R05;R06;R07,tech_lead;backend_engineer;database_engineer;test_engineer;devops_engineer,OpenAPI、状态机、数据库迁移、配置Schema和页面契约引用一致，代码生成不得产生手工分叉 || 每个需求可追溯到页面/API/表/配置/测试/故事；不适用项必须显式N/A并说明 || 版本DoR全部PASS后方可编码；出口仍按原RELEASE_MANIFEST和ACCEPTANCE_MATRIX执行 || 变更必须通过CR，更新唯一事实源并重新生成全部派生目录和哈希 || 完成Session Log、追踪矩阵、发布证据和下一任务交接,READY,READY_FOR_IMPLEMENTATION
STORY-R09-001,R09,内容：App详情,作为已登录用户；公开能力仅限文档明确的H5页面，我需要完成App详情的完整业务流程，以便在不依赖研发临时决策的情况下实现App详情、外链、联系。,ANDROID,内容,MOB-DETAIL,SCR-DETAIL-002,contentGetContentsById;contentPostContentsByIdContactsByChannelAccess;chatPostConversationsDirect;contentPostContentsByIdFavorite;contentPostContentsByIdShare,GET /api/v1/contents/{id};POST /api/v1/contents/{id}/contacts/{channel}/access;POST /api/v1/conversations/direct;POST /api/v1/contents/{id}/favorite;POST /api/v1/contents/{id}/share,REQ-CONTENT-001;REQ-CONTACT-001;REQ-APP-PROMO-001,content.limit.normal.online;content.limit.month.online;content.limit.quarter.online;content.limit.year.online;content.team_leader_per_account;content.limit.normal.pending;content.limit.normal.drafts;content.limit.normal.daily_submissions;chat.stranger.daily_conversation_limit;chat.message.per_minute_limit;chat.image.max_mb;chat.history.retention_days,content_posts;content_versions;content_status_logs;content_review_records;content_media;content_contacts;content_stats;content_favorites;content_view_logs;content_contact_access_logs;conversations;conversation_members;chat_messages;chat_read_receipts;user_blocks;chat_reports;home_modules;banners;h5_page_configs;cms_articles;agreements;app_versions,TST-CONTENT_001-HAPPY;TST-CONTACT_001-HAPPY;TST-APP_PROMO_001-HAPPY;TST-CONTENT_001-IDEMPOTENT;TST-CONTACT_001-IDEMPOTENT;TST-APP_PROMO_001-IDEMPOTENT,R05;R06;R07,android_engineer;backend_engineer;test_engineer,SCR-DETAIL-002 全部绑定模板 MOB-DETAIL，字段、状态、动作、导航和错误恢复无TBD || 页面调用 operationId：contentGetContentsById;contentPostContentsByIdContactsByChannelAccess;chatPostConversationsDirect;contentPostContentsByIdFavorite;contentPostContentsByIdShare；请求/响应字段不得另行发明 || 按钮显示、可用和确认条件与服务端状态机、权限、expectedVersion、幂等策略一致 || 首屏、空、刷新、翻页/局部失败、无权限、404、离线和版本冲突状态按页面状态目录实现 || 敏感字段按分级脱敏；高敏读取和后台写操作完整审计 || 自动化覆盖：TST-CONTENT_001-HAPPY;TST-CONTACT_001-HAPPY;TST-APP_PROMO_001-HAPPY;TST-CONTENT_001-IDEMPOTENT;TST-CONTACT_001-IDEMPOTENT;TST-APP_PROMO_001-IDEMPOTENT,READY,READY_FOR_IMPLEMENTATION
STORY-R09-002,R09,内容：App列表,作为已登录用户；公开能力仅限文档明确的H5页面，我需要完成App列表的完整业务流程，以便在不依赖研发临时决策的情况下实现App卡片列表。,ANDROID,内容,MOB-LIST,SCR-LIST-002,contentGetContents,GET /api/v1/contents,REQ-CONTENT-001;REQ-APP-PROMO-001,content.limit.normal.online;content.limit.month.online;content.limit.quarter.online;content.limit.year.online;content.team_leader_per_account;content.limit.normal.pending;content.limit.normal.drafts;content.limit.normal.daily_submissions,content_posts;content_versions;content_status_logs;content_review_records;content_media;content_contacts;content_stats;content_favorites;content_view_logs;content_contact_access_logs;home_modules;banners;conversations;conversation_members;chat_messages;chat_read_receipts;user_blocks;chat_reports;h5_page_configs;cms_articles;agreements;app_versions,TST-CONTENT_001-HAPPY;TST-APP_PROMO_001-HAPPY,R05;R06;R07,android_engineer;backend_engineer;test_engineer,SCR-LIST-002 全部绑定模板 MOB-LIST，字段、状态、动作、导航和错误恢复无TBD || 页面调用 operationId：contentGetContents；请求/响应字段不得另行发明 || 按钮显示、可用和确认条件与服务端状态机、权限、expectedVersion、幂等策略一致 || 首屏、空、刷新、翻页/局部失败、无权限、404、离线和版本冲突状态按页面状态目录实现 || 敏感字段按分级脱敏；高敏读取和后台写操作完整审计 || 自动化覆盖：TST-CONTENT_001-HAPPY;TST-APP_PROMO_001-HAPPY || App列表闭环必须把首页App一级入口、真实App内容卡和App列表/详情导航接回SCR-HOME-001并按V1.2工程执行强化版4.3与B02/P01、P02、P06回归,READY,READY_FOR_IMPLEMENTATION
STORY-R09-003,R09,发布：App发布/编辑,作为已登录且满足对应发布能力的内容发布者，我需要完成App发布/编辑的完整业务流程，以便在不依赖研发临时决策的情况下实现App表单，无APK上传。,ANDROID,发布,MOB-FORM,SCR-PUB-003,contentPostContents;contentPatchContentsById,POST /api/v1/contents;PATCH /api/v1/contents/{id},REQ-PUBLISH-001;REQ-APP-PROMO-001,content.limit.normal.online;content.limit.month.online;content.limit.quarter.online;content.limit.year.online;content.team_leader_per_account;content.limit.normal.pending;content.limit.normal.drafts;content.limit.normal.daily_submissions,content_posts;content_versions;content_status_logs;content_review_records;content_media;content_contacts;content_stats;content_favorites;content_view_logs;content_contact_access_logs;users;user_profiles;user_settings;user_status_logs;identity_review_records;manual_review_cases;content_reports;chat_reports;content_appeals;conversations;conversation_members;chat_messages;chat_read_receipts;user_blocks;h5_page_configs;cms_articles;agreements;app_versions,TST-PUBLISH_001-HAPPY;TST-APP_PROMO_001-HAPPY;TST-PUBLISH_001-IDEMPOTENT;TST-APP_PROMO_001-IDEMPOTENT,R05;R06;R07,android_engineer;backend_engineer;test_engineer,SCR-PUB-003 全部绑定模板 MOB-FORM，字段、状态、动作、导航和错误恢复无TBD || 页面调用 operationId：contentPostContents;contentPatchContentsById；请求/响应字段不得另行发明 || 按钮显示、可用和确认条件与服务端状态机、权限、expectedVersion、幂等策略一致 || 首屏、空、刷新、翻页/局部失败、无权限、404、离线和版本冲突状态按页面状态目录实现 || 敏感字段按分级脱敏；高敏读取和后台写操作完整审计 || 自动化覆盖：TST-PUBLISH_001-HAPPY;TST-APP_PROMO_001-HAPPY;TST-PUBLISH_001-IDEMPOTENT;TST-APP_PROMO_001-IDEMPOTENT,READY,READY_FOR_IMPLEMENTATION
STORY-R09-004,R09,App推广完整闭环：契约、数据、配置、测试与交接,作为技术负责人，我需要按冻结的 R09 契约和DoR完成数据、后端、配置、测试、观测与交接，使前端故事能够稳定落地并可追溯。,CROSS_PLATFORM,工程治理,N/A,SCR-LIST-002;SCR-DETAIL-002;SCR-PUB-003,,,REQ-CONTACT-001;REQ-APP-PROMO-001,content.limit.normal.online;content.limit.month.online;content.limit.quarter.online;content.limit.year.online;content.team_leader_per_account;content.limit.normal.pending;content.limit.normal.drafts;content.limit.normal.daily_submissions;chat.stranger.daily_conversation_limit;chat.message.per_minute_limit;chat.image.max_mb;chat.history.retention_days,content_posts;content_versions;content_status_logs;content_review_records;content_media;content_contacts;content_stats;content_favorites;content_view_logs;content_contact_access_logs;conversations;conversation_members;chat_messages;chat_read_receipts;user_blocks;chat_reports;h5_page_configs;cms_articles;agreements;app_versions,TST-APP_PROMO_001-HAPPY;TST-APP_PROMO_001-IDEMPOTENT;TST-APP_PROMO_001-REJECT,R05;R06;R07,tech_lead;backend_engineer;database_engineer;test_engineer;devops_engineer,OpenAPI、状态机、数据库迁移、配置Schema和页面契约引用一致，代码生成不得产生手工分叉 || 每个需求可追溯到页面/API/表/配置/测试/故事；不适用项必须显式N/A并说明 || 版本DoR全部PASS后方可编码；出口仍按原RELEASE_MANIFEST和ACCEPTANCE_MATRIX执行 || 变更必须通过CR，更新唯一事实源并重新生成全部派生目录和哈希 || 完成Session Log、追踪矩阵、发布证据和下一任务交接,READY,READY_FOR_IMPLEMENTATION
STORY-R10-001,R10,内容：群聊详情,作为已登录用户；公开能力仅限文档明确的H5页面，我需要完成群聊详情的完整业务流程，以便在不依赖研发临时决策的情况下实现二维码/群号/失效反馈。,ANDROID,内容,MOB-DETAIL,SCR-DETAIL-003,contentGetContentsById;contentPostContentsByIdContactsByChannelAccess;chatPostConversationsDirect;contentPostContentsByIdFavorite;contentPostContentsByIdShare,GET /api/v1/contents/{id};POST /api/v1/contents/{id}/contacts/{channel}/access;POST /api/v1/conversations/direct;POST /api/v1/contents/{id}/favorite;POST /api/v1/contents/{id}/share,REQ-CONTENT-001;REQ-CONTACT-001;REQ-GROUP-001,content.limit.normal.online;content.limit.month.online;content.limit.quarter.online;content.limit.year.online;content.team_leader_per_account;content.limit.normal.pending;content.limit.normal.drafts;content.limit.normal.daily_submissions;chat.stranger.daily_conversation_limit;chat.message.per_minute_limit;chat.image.max_mb;chat.history.retention_days,content_posts;content_versions;content_status_logs;content_review_records;content_media;content_contacts;content_stats;content_favorites;content_view_logs;content_contact_access_logs;conversations;conversation_members;chat_messages;chat_read_receipts;user_blocks;chat_reports;home_modules;banners;h5_page_configs;cms_articles;agreements;app_versions,TST-CONTENT_001-HAPPY;TST-CONTACT_001-HAPPY;TST-GROUP_001-HAPPY;TST-CONTENT_001-IDEMPOTENT;TST-CONTACT_001-IDEMPOTENT;TST-GROUP_001-IDEMPOTENT,R05;R06;R07,android_engineer;backend_engineer;test_engineer,SCR-DETAIL-003 全部绑定模板 MOB-DETAIL，字段、状态、动作、导航和错误恢复无TBD || 页面调用 operationId：contentGetContentsById;contentPostContentsByIdContactsByChannelAccess;chatPostConversationsDirect;contentPostContentsByIdFavorite;contentPostContentsByIdShare；请求/响应字段不得另行发明 || 按钮显示、可用和确认条件与服务端状态机、权限、expectedVersion、幂等策略一致 || 首屏、空、刷新、翻页/局部失败、无权限、404、离线和版本冲突状态按页面状态目录实现 || 敏感字段按分级脱敏；高敏读取和后台写操作完整审计 || 自动化覆盖：TST-CONTENT_001-HAPPY;TST-CONTACT_001-HAPPY;TST-GROUP_001-HAPPY;TST-CONTENT_001-IDEMPOTENT;TST-CONTACT_001-IDEMPOTENT;TST-GROUP_001-IDEMPOTENT,READY,READY_FOR_IMPLEMENTATION
STORY-R10-002,R10,内容：群聊列表,作为已登录用户；公开能力仅限文档明确的H5页面，我需要完成群聊列表的完整业务流程，以便在不依赖研发临时决策的情况下实现群聊卡片列表。,ANDROID,内容,MOB-LIST,SCR-LIST-003,contentGetContents,GET /api/v1/contents,REQ-CONTENT-001;REQ-GROUP-001,content.limit.normal.online;content.limit.month.online;content.limit.quarter.online;content.limit.year.online;content.team_leader_per_account;content.limit.normal.pending;content.limit.normal.drafts;content.limit.normal.daily_submissions,content_posts;content_versions;content_status_logs;content_review_records;content_media;content_contacts;content_stats;content_favorites;content_view_logs;content_contact_access_logs;home_modules;banners;conversations;conversation_members;chat_messages;chat_read_receipts;user_blocks;chat_reports;h5_page_configs;cms_articles;agreements;app_versions,TST-CONTENT_001-HAPPY;TST-GROUP_001-HAPPY,R05;R06;R07,android_engineer;backend_engineer;test_engineer,SCR-LIST-003 全部绑定模板 MOB-LIST，字段、状态、动作、导航和错误恢复无TBD || 页面调用 operationId：contentGetContents；请求/响应字段不得另行发明 || 按钮显示、可用和确认条件与服务端状态机、权限、expectedVersion、幂等策略一致 || 首屏、空、刷新、翻页/局部失败、无权限、404、离线和版本冲突状态按页面状态目录实现 || 敏感字段按分级脱敏；高敏读取和后台写操作完整审计 || 自动化覆盖：TST-CONTENT_001-HAPPY;TST-GROUP_001-HAPPY || 群聊列表闭环必须把首页群聊一级入口、真实群聊内容卡和群聊列表/详情导航接回SCR-HOME-001并按V1.2工程执行强化版4.3与B02/P01、P02、P07回归,READY,READY_FOR_IMPLEMENTATION
STORY-R10-003,R10,发布：群聊发布/编辑,作为已登录且满足对应发布能力的内容发布者，我需要完成群聊发布/编辑的完整业务流程，以便在不依赖研发临时决策的情况下实现群聊表单。,ANDROID,发布,MOB-FORM,SCR-PUB-004,contentPostContents;contentPatchContentsById,POST /api/v1/contents;PATCH /api/v1/contents/{id},REQ-PUBLISH-001;REQ-GROUP-001,content.limit.normal.online;content.limit.month.online;content.limit.quarter.online;content.limit.year.online;content.team_leader_per_account;content.limit.normal.pending;content.limit.normal.drafts;content.limit.normal.daily_submissions,content_posts;content_versions;content_status_logs;content_review_records;content_media;content_contacts;content_stats;content_favorites;content_view_logs;content_contact_access_logs;users;user_profiles;user_settings;user_status_logs;identity_review_records;manual_review_cases;content_reports;chat_reports;content_appeals;conversations;conversation_members;chat_messages;chat_read_receipts;user_blocks;h5_page_configs;cms_articles;agreements;app_versions,TST-PUBLISH_001-HAPPY;TST-GROUP_001-HAPPY;TST-PUBLISH_001-IDEMPOTENT;TST-GROUP_001-IDEMPOTENT,R05;R06;R07,android_engineer;backend_engineer;test_engineer,SCR-PUB-004 全部绑定模板 MOB-FORM，字段、状态、动作、导航和错误恢复无TBD || 页面调用 operationId：contentPostContents;contentPatchContentsById；请求/响应字段不得另行发明 || 按钮显示、可用和确认条件与服务端状态机、权限、expectedVersion、幂等策略一致 || 首屏、空、刷新、翻页/局部失败、无权限、404、离线和版本冲突状态按页面状态目录实现 || 敏感字段按分级脱敏；高敏读取和后台写操作完整审计 || 自动化覆盖：TST-PUBLISH_001-HAPPY;TST-GROUP_001-HAPPY;TST-PUBLISH_001-IDEMPOTENT;TST-GROUP_001-IDEMPOTENT,READY,READY_FOR_IMPLEMENTATION
STORY-R10-004,R10,群聊推广完整闭环：契约、数据、配置、测试与交接,作为技术负责人，我需要按冻结的 R10 契约和DoR完成数据、后端、配置、测试、观测与交接，使前端故事能够稳定落地并可追溯。,CROSS_PLATFORM,工程治理,N/A,SCR-LIST-003;SCR-DETAIL-003;SCR-PUB-004,,,REQ-CONTACT-001;REQ-GROUP-001,content.limit.normal.online;content.limit.month.online;content.limit.quarter.online;content.limit.year.online;content.team_leader_per_account;content.limit.normal.pending;content.limit.normal.drafts;content.limit.normal.daily_submissions;chat.stranger.daily_conversation_limit;chat.message.per_minute_limit;chat.image.max_mb;chat.history.retention_days,content_posts;content_versions;content_status_logs;content_review_records;content_media;content_contacts;content_stats;content_favorites;content_view_logs;content_contact_access_logs;conversations;conversation_members;chat_messages;chat_read_receipts;user_blocks;chat_reports;h5_page_configs;cms_articles;agreements;app_versions,TST-GROUP_001-HAPPY;TST-GROUP_001-IDEMPOTENT;TST-GROUP_001-REJECT;TST-V122-005,R05;R06;R07,tech_lead;backend_engineer;database_engineer;test_engineer;devops_engineer,OpenAPI、状态机、数据库迁移、配置Schema和页面契约引用一致，代码生成不得产生手工分叉 || 每个需求可追溯到页面/API/表/配置/测试/故事；不适用项必须显式N/A并说明 || 版本DoR全部PASS后方可编码；出口仍按原RELEASE_MANIFEST和ACCEPTANCE_MATRIX执行 || 变更必须通过CR，更新唯一事实源并重新生成全部派生目录和哈希 || 完成Session Log、追踪矩阵、发布证据和下一任务交接,READY,READY_FOR_IMPLEMENTATION
STORY-R11-001,R11,内容：团队长详情,作为已登录用户；公开能力仅限文档明确的H5页面，我需要完成团队长详情的完整业务流程，以便在不依赖研发临时决策的情况下实现团队资料、案例、联系。,ANDROID,内容,MOB-DETAIL,SCR-DETAIL-004,contentGetContentsById;contentPostContentsByIdContactsByChannelAccess;chatPostConversationsDirect;contentPostContentsByIdFavorite;contentPostContentsByIdShare,GET /api/v1/contents/{id};POST /api/v1/contents/{id}/contacts/{channel}/access;POST /api/v1/conversations/direct;POST /api/v1/contents/{id}/favorite;POST /api/v1/contents/{id}/share,REQ-CONTENT-001;REQ-CONTACT-001;REQ-TEAM-001,content.limit.normal.online;content.limit.month.online;content.limit.quarter.online;content.limit.year.online;content.team_leader_per_account;content.limit.normal.pending;content.limit.normal.drafts;content.limit.normal.daily_submissions;chat.stranger.daily_conversation_limit;chat.message.per_minute_limit;chat.image.max_mb;chat.history.retention_days,content_posts;content_versions;content_status_logs;content_review_records;content_media;content_contacts;content_stats;content_favorites;content_view_logs;content_contact_access_logs;conversations;conversation_members;chat_messages;chat_read_receipts;user_blocks;chat_reports;home_modules;banners;h5_page_configs;cms_articles;agreements;app_versions,TST-CONTENT_001-HAPPY;TST-CONTACT_001-HAPPY;TST-TEAM_001-HAPPY;TST-CONTENT_001-IDEMPOTENT;TST-CONTACT_001-IDEMPOTENT;TST-TEAM_001-IDEMPOTENT,R05;R06;R07,android_engineer;backend_engineer;test_engineer,SCR-DETAIL-004 全部绑定模板 MOB-DETAIL，字段、状态、动作、导航和错误恢复无TBD || 页面调用 operationId：contentGetContentsById;contentPostContentsByIdContactsByChannelAccess;chatPostConversationsDirect;contentPostContentsByIdFavorite;contentPostContentsByIdShare；请求/响应字段不得另行发明 || 按钮显示、可用和确认条件与服务端状态机、权限、expectedVersion、幂等策略一致 || 首屏、空、刷新、翻页/局部失败、无权限、404、离线和版本冲突状态按页面状态目录实现 || 敏感字段按分级脱敏；高敏读取和后台写操作完整审计 || 自动化覆盖：TST-CONTENT_001-HAPPY;TST-CONTACT_001-HAPPY;TST-TEAM_001-HAPPY;TST-CONTENT_001-IDEMPOTENT;TST-CONTACT_001-IDEMPOTENT;TST-TEAM_001-IDEMPOTENT,READY,READY_FOR_IMPLEMENTATION
STORY-R11-002,R11,内容：团队长列表,作为已登录用户；公开能力仅限文档明确的H5页面，我需要完成团队长列表的完整业务流程，以便在不依赖研发临时决策的情况下实现团队长卡片列表。,ANDROID,内容,MOB-LIST,SCR-LIST-004,contentGetContents,GET /api/v1/contents,REQ-CONTENT-001;REQ-TEAM-001,content.limit.normal.online;content.limit.month.online;content.limit.quarter.online;content.limit.year.online;content.team_leader_per_account;content.limit.normal.pending;content.limit.normal.drafts;content.limit.normal.daily_submissions,content_posts;content_versions;content_status_logs;content_review_records;content_media;content_contacts;content_stats;content_favorites;content_view_logs;content_contact_access_logs;home_modules;banners;conversations;conversation_members;chat_messages;chat_read_receipts;user_blocks;chat_reports;h5_page_configs;cms_articles;agreements;app_versions,TST-CONTENT_001-HAPPY;TST-TEAM_001-HAPPY,R05;R06;R07,android_engineer;backend_engineer;test_engineer,SCR-LIST-004 全部绑定模板 MOB-LIST，字段、状态、动作、导航和错误恢复无TBD || 页面调用 operationId：contentGetContents；请求/响应字段不得另行发明 || 按钮显示、可用和确认条件与服务端状态机、权限、expectedVersion、幂等策略一致 || 首屏、空、刷新、翻页/局部失败、无权限、404、离线和版本冲突状态按页面状态目录实现 || 敏感字段按分级脱敏；高敏读取和后台写操作完整审计 || 自动化覆盖：TST-CONTENT_001-HAPPY;TST-TEAM_001-HAPPY || 团队长列表闭环必须把首页团队长一级入口、真实团队长内容卡和团队长列表/详情导航接回SCR-HOME-001并按V1.2工程执行强化版4.3与B02/P01、P02、P08回归,READY,READY_FOR_IMPLEMENTATION
STORY-R11-003,R11,发布：团队长资料编辑,作为已登录且满足对应发布能力的内容发布者，我需要完成团队长资料编辑的完整业务流程，以便在不依赖研发临时决策的情况下实现一账号一份。,ANDROID,发布,MOB-FORM,SCR-PUB-005,contentPostContents;contentPatchContentsById,POST /api/v1/contents;PATCH /api/v1/contents/{id},REQ-PUBLISH-001;REQ-TEAM-001,content.limit.normal.online;content.limit.month.online;content.limit.quarter.online;content.limit.year.online;content.team_leader_per_account;content.limit.normal.pending;content.limit.normal.drafts;content.limit.normal.daily_submissions,content_posts;content_versions;content_status_logs;content_review_records;content_media;content_contacts;content_stats;content_favorites;content_view_logs;content_contact_access_logs;users;user_profiles;user_settings;user_status_logs;identity_review_records;manual_review_cases;content_reports;chat_reports;content_appeals;conversations;conversation_members;chat_messages;chat_read_receipts;user_blocks;h5_page_configs;cms_articles;agreements;app_versions,TST-PUBLISH_001-HAPPY;TST-TEAM_001-HAPPY;TST-PUBLISH_001-IDEMPOTENT;TST-TEAM_001-IDEMPOTENT,R05;R06;R07,android_engineer;backend_engineer;test_engineer,SCR-PUB-005 全部绑定模板 MOB-FORM，字段、状态、动作、导航和错误恢复无TBD || 页面调用 operationId：contentPostContents;contentPatchContentsById；请求/响应字段不得另行发明 || 按钮显示、可用和确认条件与服务端状态机、权限、expectedVersion、幂等策略一致 || 首屏、空、刷新、翻页/局部失败、无权限、404、离线和版本冲突状态按页面状态目录实现 || 敏感字段按分级脱敏；高敏读取和后台写操作完整审计 || 自动化覆盖：TST-PUBLISH_001-HAPPY;TST-TEAM_001-HAPPY;TST-PUBLISH_001-IDEMPOTENT;TST-TEAM_001-IDEMPOTENT,READY,READY_FOR_IMPLEMENTATION
STORY-R11-004,R11,团队长入驻完整闭环：契约、数据、配置、测试与交接,作为技术负责人，我需要按冻结的 R11 契约和DoR完成数据、后端、配置、测试、观测与交接，使前端故事能够稳定落地并可追溯。,CROSS_PLATFORM,工程治理,N/A,SCR-LIST-004;SCR-DETAIL-004;SCR-PUB-005,,,REQ-TEAM-001;REQ-CONTACT-001,content.limit.normal.online;content.limit.month.online;content.limit.quarter.online;content.limit.year.online;content.team_leader_per_account;content.limit.normal.pending;content.limit.normal.drafts;content.limit.normal.daily_submissions;chat.stranger.daily_conversation_limit;chat.message.per_minute_limit;chat.image.max_mb;chat.history.retention_days,content_posts;content_versions;content_status_logs;content_review_records;content_media;content_contacts;content_stats;content_favorites;content_view_logs;content_contact_access_logs;conversations;conversation_members;chat_messages;chat_read_receipts;user_blocks;chat_reports;h5_page_configs;cms_articles;agreements;app_versions,TST-TEAM_001-HAPPY;TST-TEAM_001-IDEMPOTENT;TST-TEAM_001-REJECT,R05;R06;R07,tech_lead;backend_engineer;database_engineer;test_engineer;devops_engineer,OpenAPI、状态机、数据库迁移、配置Schema和页面契约引用一致，代码生成不得产生手工分叉 || 每个需求可追溯到页面/API/表/配置/测试/故事；不适用项必须显式N/A并说明 || 版本DoR全部PASS后方可编码；出口仍按原RELEASE_MANIFEST和ACCEPTANCE_MATRIX执行 || 变更必须通过CR，更新唯一事实源并重新生成全部派生目录和哈希 || 完成Session Log、追踪矩阵、发布证据和下一任务交接,READY,READY_FOR_IMPLEMENTATION
STORY-R12-001,R12,审核：审核队列,作为具备 review.read 的后台员工；决定与分配分别需要 review.decide 和 review.assign，我需要完成审核队列的完整业务流程，以便在不依赖研发临时决策的情况下实现内容/红包/实名/申诉。,ADMIN,审核,ADM-REVIEW,ADM-REVIEW-001,adminReviewGetReviewsQueue;adminReviewGetReviewsById;adminReportsGetContentReports;adminAppealsGetAppeals;adminReviewPostReviewsByIdDecide;adminReviewPostReviewsByIdAssign,GET /admin-api/v1/reviews/queue;GET /admin-api/v1/reviews/{id};GET /admin-api/v1/content-reports;GET /admin-api/v1/appeals;POST /admin-api/v1/reviews/{id}/decide;POST /admin-api/v1/reviews/{id}/assign,REQ-PUBLISH-001;REQ-PAGE-SPEC-001;REQ-ADMIN-OPS-001,platform.brand.name;platform.brand.slogan;platform.brand.logo_media_id;platform.customer_service.name;platform.customer_service.contact,content_review_records;identity_review_records;manual_review_cases;content_reports;chat_reports;content_appeals;users;user_profiles;user_settings;user_status_logs;content_posts;content_versions;content_status_logs;content_media;content_contacts;content_stats;content_favorites;content_view_logs;content_contact_access_logs;admin_users;admin_roles;admin_permissions;admin_user_roles;admin_role_permissions;admin_operation_logs;admin_approval_requests,TST-PUBLISH_001-HAPPY;TST-V122-018;TST-V122-019,R08;R09;R10;R11,admin_frontend_engineer;backend_engineer;test_engineer,ADM-REVIEW-001 全部绑定模板 ADM-REVIEW，字段、状态、动作、导航和错误恢复无TBD || 页面调用 operationId：adminReviewGetReviewsQueue;adminReviewGetReviewsById;adminReportsGetContentReports;adminAppealsGetAppeals;adminReviewPostReviewsByIdDecide;adminReviewPostReviewsByIdAssign；请求/响应字段不得另行发明 || 按钮显示、可用和确认条件与服务端状态机、权限、expectedVersion、幂等策略一致 || 首屏、空、刷新、翻页/局部失败、无权限、404、离线和版本冲突状态按页面状态目录实现 || 敏感字段按分级脱敏；高敏读取和后台写操作完整审计 || 自动化覆盖：TST-PUBLISH_001-HAPPY;TST-V122-018;TST-V122-019,READY,READY_FOR_IMPLEMENTATION
STORY-R12-002,R12,内容管理：内容管理详情,作为已登录且满足对应发布能力的内容发布者，我需要完成内容管理详情的完整业务流程，以便在不依赖研发临时决策的情况下实现状态、审核、数据、道具、红包。,ANDROID,内容管理,MOB-DETAIL,SCR-MYC-003,contentGetContentsById;contentPostContentsByIdCopy;contentGetContentsByIdAnalytics,GET /api/v1/contents/{id};POST /api/v1/contents/{id}/copy;GET /api/v1/contents/{id}/analytics,REQ-PUBLISH-001;REQ-CONTENT-002,content.limit.normal.online;content.limit.month.online;content.limit.quarter.online;content.limit.year.online;content.team_leader_per_account;content.limit.normal.pending;content.limit.normal.drafts;content.limit.normal.daily_submissions,content_posts;content_versions;content_status_logs;content_review_records;content_media;content_contacts;content_stats;content_favorites;content_view_logs;content_contact_access_logs;users;user_profiles;user_settings;user_status_logs;identity_review_records;manual_review_cases;content_reports;chat_reports;content_appeals,TST-PUBLISH_001-HAPPY;TST-CONTENT_002-HAPPY;TST-PUBLISH_001-IDEMPOTENT;TST-CONTENT_002-IDEMPOTENT,R08;R09;R10;R11,android_engineer;backend_engineer;test_engineer,SCR-MYC-003 全部绑定模板 MOB-DETAIL，字段、状态、动作、导航和错误恢复无TBD || 页面调用 operationId：contentGetContentsById;contentPostContentsByIdCopy;contentGetContentsByIdAnalytics；请求/响应字段不得另行发明 || 按钮显示、可用和确认条件与服务端状态机、权限、expectedVersion、幂等策略一致 || 首屏、空、刷新、翻页/局部失败、无权限、404、离线和版本冲突状态按页面状态目录实现 || 敏感字段按分级脱敏；高敏读取和后台写操作完整审计 || 自动化覆盖：TST-PUBLISH_001-HAPPY;TST-CONTENT_002-HAPPY;TST-PUBLISH_001-IDEMPOTENT;TST-CONTENT_002-IDEMPOTENT,READY,READY_FOR_IMPLEMENTATION
STORY-R12-003,R12,内容管理：我的发布、草稿箱、审核记录、内容数据,作为已登录且满足对应发布能力的内容发布者，我需要完成我的发布、草稿箱、审核记录、内容数据的完整业务流程，以便在不依赖研发临时决策的情况下实现状态筛选和管理。,ANDROID,内容管理,MOB-LIST,SCR-MYC-001;SCR-MYC-002;SCR-MYC-004;SCR-MYC-005,contentGetMeContents;contentPostContentsByIdOnline;contentPostContentsByIdOffline;contentGetMeDrafts;contentDeleteContentsById;contentGetContentsByIdReviews;contentGetContentsByIdAnalytics,GET /api/v1/me/contents;POST /api/v1/contents/{id}/online;POST /api/v1/contents/{id}/offline;GET /api/v1/me/drafts;DELETE /api/v1/contents/{id};GET /api/v1/contents/{id}/reviews;GET /api/v1/contents/{id}/analytics,REQ-PUBLISH-001;REQ-CONTENT-002,content.limit.normal.online;content.limit.month.online;content.limit.quarter.online;content.limit.year.online;content.team_leader_per_account;content.limit.normal.pending;content.limit.normal.drafts;content.limit.normal.daily_submissions,content_posts;content_versions;content_status_logs;content_review_records;content_media;content_contacts;content_stats;content_favorites;content_view_logs;content_contact_access_logs;users;user_profiles;user_settings;user_status_logs;identity_review_records;manual_review_cases;content_reports;chat_reports;content_appeals,TST-PUBLISH_001-HAPPY;TST-CONTENT_002-HAPPY;TST-PUBLISH_001-IDEMPOTENT;TST-CONTENT_002-IDEMPOTENT,R08;R09;R10;R11,android_engineer;backend_engineer;test_engineer,SCR-MYC-001;SCR-MYC-002;SCR-MYC-004;SCR-MYC-005 全部绑定模板 MOB-LIST，字段、状态、动作、导航和错误恢复无TBD || 页面调用 operationId：contentGetMeContents;contentPostContentsByIdOnline;contentPostContentsByIdOffline;contentGetMeDrafts;contentDeleteContentsById;contentGetContentsByIdReviews;contentGetContentsByIdAnalytics；请求/响应字段不得另行发明 || 按钮显示、可用和确认条件与服务端状态机、权限、expectedVersion、幂等策略一致 || 首屏、空、刷新、翻页/局部失败、无权限、404、离线和版本冲突状态按页面状态目录实现 || 敏感字段按分级脱敏；高敏读取和后台写操作完整审计 || 自动化覆盖：TST-PUBLISH_001-HAPPY;TST-CONTENT_002-HAPPY;TST-PUBLISH_001-IDEMPOTENT;TST-CONTENT_002-IDEMPOTENT,READY,READY_FOR_IMPLEMENTATION
STORY-R12-004,R12,发布：发布入口、发布预览,作为已登录且满足对应发布能力的内容发布者，我需要完成发布入口、发布预览的完整业务流程，以便在不依赖研发临时决策的情况下实现四类入口。,ANDROID,发布,MOB-FORM,SCR-PUB-001;SCR-PUB-006,userGetMe;contentGetMeContents;contentGetContentsById,GET /api/v1/me;GET /api/v1/me/contents;GET /api/v1/contents/{id},REQ-PUBLISH-001,auth.default_login_method;auth.security_challenge.provider;auth.security_challenge.mode;auth.password.min_length;auth.password.max_length;auth.password.max_failures;auth.password.lock_seconds;auth.invite.app_required;content.limit.normal.online;content.limit.month.online;content.limit.quarter.online;content.limit.year.online;content.team_leader_per_account;content.limit.normal.pending;content.limit.normal.drafts;content.limit.normal.daily_submissions,users;user_profiles;user_settings;user_status_logs;content_posts;content_versions;content_status_logs;content_review_records;content_media;content_contacts;content_stats;content_favorites;content_view_logs;content_contact_access_logs;identity_review_records;manual_review_cases;content_reports;chat_reports;content_appeals,TST-PUBLISH_001-HAPPY,R08;R09;R10;R11,android_engineer;backend_engineer;test_engineer,SCR-PUB-001;SCR-PUB-006 全部绑定模板 MOB-FORM，字段、状态、动作、导航和错误恢复无TBD || 页面调用 operationId：userGetMe;contentGetMeContents;contentGetContentsById；请求/响应字段不得另行发明 || 按钮显示、可用和确认条件与服务端状态机、权限、expectedVersion、幂等策略一致 || 首屏、空、刷新、翻页/局部失败、无权限、404、离线和版本冲突状态按页面状态目录实现 || 敏感字段按分级脱敏；高敏读取和后台写操作完整审计 || 自动化覆盖：TST-PUBLISH_001-HAPPY,READY,READY_FOR_IMPLEMENTATION
STORY-R12-005,R12,发布：提交结果,作为已登录且满足对应发布能力的内容发布者，我需要完成提交结果的完整业务流程，以便在不依赖研发临时决策的情况下实现成功/失败/待审。,ANDROID,发布,MOB-STATUS,SCR-PUB-007,contentPostContentsByIdSubmit,POST /api/v1/contents/{id}/submit,REQ-PUBLISH-001,content.limit.normal.online;content.limit.month.online;content.limit.quarter.online;content.limit.year.online;content.team_leader_per_account;content.limit.normal.pending;content.limit.normal.drafts;content.limit.normal.daily_submissions,content_posts;content_versions;content_status_logs;content_review_records;content_media;content_contacts;content_stats;content_favorites;content_view_logs;content_contact_access_logs;users;user_profiles;user_settings;user_status_logs;identity_review_records;manual_review_cases;content_reports;chat_reports;content_appeals,TST-PUBLISH_001-HAPPY;TST-PUBLISH_001-IDEMPOTENT,R08;R09;R10;R11,android_engineer;backend_engineer;test_engineer,SCR-PUB-007 全部绑定模板 MOB-STATUS，字段、状态、动作、导航和错误恢复无TBD || 页面调用 operationId：contentPostContentsByIdSubmit；请求/响应字段不得另行发明 || 按钮显示、可用和确认条件与服务端状态机、权限、expectedVersion、幂等策略一致 || 首屏、空、刷新、翻页/局部失败、无权限、404、离线和版本冲突状态按页面状态目录实现 || 敏感字段按分级脱敏；高敏读取和后台写操作完整审计 || 自动化覆盖：TST-PUBLISH_001-HAPPY;TST-PUBLISH_001-IDEMPOTENT,READY,READY_FOR_IMPLEMENTATION
STORY-R12-006,R12,我的：个人资料,作为已登录用户；公开能力仅限文档明确的H5页面，我需要完成个人资料的完整业务流程，以便在不依赖研发临时决策的情况下实现头像昵称简介。,ANDROID,我的,MOB-FORM,SCR-ME-002,userGetMe;userPatchMeProfile,GET /api/v1/me;PATCH /api/v1/me/profile,REQ-PUBLISHER-001,auth.default_login_method;auth.security_challenge.provider;auth.security_challenge.mode;auth.password.min_length;auth.password.max_length;auth.password.max_failures;auth.password.lock_seconds;auth.invite.app_required,users;user_profiles;user_settings;user_status_logs;content_posts;content_versions;content_status_logs;content_review_records;content_media;content_contacts;content_stats;content_favorites;content_view_logs;content_contact_access_logs;membership_plans;membership_skus;user_memberships;membership_entitlement_segments;membership_benefit_snapshots;membership_upgrade_quotes;reward_accounts;reward_ledger;reward_settlements;reward_freezes;accounting_entries,TST-PUBLISHER_001-HAPPY;TST-PUBLISHER_001-IDEMPOTENT,R08;R09;R10;R11,android_engineer;backend_engineer;test_engineer,SCR-ME-002 全部绑定模板 MOB-FORM，字段、状态、动作、导航和错误恢复无TBD || 页面调用 operationId：userGetMe;userPatchMeProfile；请求/响应字段不得另行发明 || 按钮显示、可用和确认条件与服务端状态机、权限、expectedVersion、幂等策略一致 || 首屏、空、刷新、翻页/局部失败、无权限、404、离线和版本冲突状态按页面状态目录实现 || 敏感字段按分级脱敏；高敏读取和后台写操作完整审计 || 自动化覆盖：TST-PUBLISHER_001-HAPPY;TST-PUBLISHER_001-IDEMPOTENT,READY,READY_FOR_IMPLEMENTATION
STORY-R12-007,R12,我的：我的首页,作为已登录用户；公开能力仅限文档明确的H5页面，我需要完成我的首页的完整业务流程，以便在不依赖研发临时决策的情况下实现账号、会员、收益、功能入口。,ANDROID,我的,MOB-HOME,SCR-ME-001,userGetMe;membershipGetMeMembership;rewardGetMeRewardAccount,GET /api/v1/me;GET /api/v1/me/membership;GET /api/v1/me/reward-account,REQ-PUBLISHER-001,auth.default_login_method;auth.security_challenge.provider;auth.security_challenge.mode;auth.password.min_length;auth.password.max_length;auth.password.max_failures;auth.password.lock_seconds;auth.invite.app_required;membership.upgrade.time_precision;membership.upgrade.rounding;membership.upgrade.preserve_gift_days;membership.public_badge.text;membership.public_badge.enabled;withdrawal.min_amount_cent.normal;withdrawal.fee.fixed_cent.normal;withdrawal.fee.bps.normal;withdrawal.daily_count.normal;withdrawal.min_amount_cent.month;withdrawal.fee.fixed_cent.month;withdrawal.fee.bps.month;withdrawal.daily_count.month,users;user_profiles;user_settings;user_status_logs;membership_plans;membership_skus;user_memberships;membership_entitlement_segments;membership_benefit_snapshots;membership_upgrade_quotes;reward_accounts;reward_ledger;reward_settlements;reward_freezes;accounting_entries;content_posts;content_versions;content_status_logs;content_review_records;content_media;content_contacts;content_stats;content_favorites;content_view_logs;content_contact_access_logs,TST-PUBLISHER_001-HAPPY,R08;R09;R10;R11,android_engineer;backend_engineer;test_engineer,SCR-ME-001 全部绑定模板 MOB-HOME，字段、状态、动作、导航和错误恢复无TBD || 页面调用 operationId：userGetMe;membershipGetMeMembership;rewardGetMeRewardAccount；请求/响应字段不得另行发明 || 按钮显示、可用和确认条件与服务端状态机、权限、expectedVersion、幂等策略一致 || 首屏、空、刷新、翻页/局部失败、无权限、404、离线和版本冲突状态按页面状态目录实现 || 敏感字段按分级脱敏；高敏读取和后台写操作完整审计 || 自动化覆盖：TST-PUBLISHER_001-HAPPY,READY,READY_FOR_IMPLEMENTATION
STORY-R12-008,R12,统一发布与发布管理：契约、数据、配置、测试与交接,作为技术负责人，我需要按冻结的 R12 契约和DoR完成数据、后端、配置、测试、观测与交接，使前端故事能够稳定落地并可追溯。,CROSS_PLATFORM,工程治理,N/A,SCR-PUB-001;SCR-PUB-006;SCR-PUB-007;SCR-MYC-001;SCR-MYC-002;SCR-MYC-003;SCR-MYC-004;SCR-MYC-005;SCR-ME-001;SCR-ME-002;ADM-REVIEW-001,contentGetMeContents;contentGetMeDrafts;contentGetContentsByIdReviews;adminReviewGetReviewsQueue;adminReviewGetReviewsById;adminReviewPostReviewsByIdDecide;adminReviewPostReviewsByIdAssign,GET /api/v1/me/contents;GET /api/v1/me/drafts;GET /api/v1/contents/{id}/reviews;GET /admin-api/v1/reviews/queue;GET /admin-api/v1/reviews/{id};POST /admin-api/v1/reviews/{id}/decide;POST /admin-api/v1/reviews/{id}/assign,REQ-CONTENT-002;REQ-PUBLISH-001,auth.default_login_method;auth.security_challenge.provider;auth.security_challenge.mode;auth.password.min_length;auth.password.max_length;auth.password.max_failures;auth.password.lock_seconds;auth.invite.app_required;content.limit.normal.online;content.limit.month.online;content.limit.quarter.online;content.limit.year.online;content.team_leader_per_account;content.limit.normal.pending;content.limit.normal.drafts;content.limit.normal.daily_submissions;membership.upgrade.time_precision;membership.upgrade.rounding;membership.upgrade.preserve_gift_days;membership.public_badge.text;membership.public_badge.enabled;withdrawal.min_amount_cent.normal;withdrawal.fee.fixed_cent.normal;withdrawal.fee.bps.normal;withdrawal.daily_count.normal;withdrawal.min_amount_cent.month;withdrawal.fee.fixed_cent.month;withdrawal.fee.bps.month;withdrawal.daily_count.month;platform.brand.name;platform.brand.slogan;platform.brand.logo_media_id;platform.customer_service.name;platform.customer_service.contact,content_posts;content_versions;content_status_logs;content_review_records;content_media;content_contacts;content_stats;content_favorites;content_view_logs;content_contact_access_logs;users;user_profiles;user_settings;user_status_logs;identity_review_records;manual_review_cases;content_reports;chat_reports;content_appeals,TST-CONTENT_002-HAPPY;TST-CONTENT_002-IDEMPOTENT;TST-CONTENT_002-REJECT;TST-PUBLISH_001-HAPPY;TST-PUBLISH_001-IDEMPOTENT;TST-PUBLISH_001-REJECT;TST-V122-018;TST-V122-019,R08;R09;R10;R11,tech_lead;backend_engineer;database_engineer;test_engineer;devops_engineer,OpenAPI、状态机、数据库迁移、配置Schema和页面契约引用一致，代码生成不得产生手工分叉 || 每个需求可追溯到页面/API/表/配置/测试/故事；不适用项必须显式N/A并说明 || 版本DoR全部PASS后方可编码；出口仍按原RELEASE_MANIFEST和ACCEPTANCE_MATRIX执行 || 变更必须通过CR，更新唯一事实源并重新生成全部派生目录和哈希 || 完成Session Log、追踪矩阵、发布证据和下一任务交接,READY,READY_FOR_IMPLEMENTATION
STORY-R13-001,R13,内容：分享面板、联系方式失效反馈,作为已登录用户；公开能力仅限文档明确的H5页面，我需要完成分享面板、联系方式失效反馈的完整业务流程，以便在不依赖研发临时决策的情况下实现链接、海报、渠道。,ANDROID,内容,MOB-SHEET,SHEET-SHARE-001;SHEET-CONTENT-INVALID-001,contentPostContentsByIdShare;contentPostContentsByIdInvalidFeedback,POST /api/v1/contents/{id}/share;POST /api/v1/contents/{id}/invalid-feedback,REQ-ACTIVITY-001;REQ-H5-001;REQ-CONTACT-001,content.limit.normal.online;content.limit.month.online;content.limit.quarter.online;content.limit.year.online;content.team_leader_per_account;content.limit.normal.pending;content.limit.normal.drafts;content.limit.normal.daily_submissions;storage.default_provider;storage.scope.public_media.provider;storage.scope.private_kyc.provider;storage.scope.private_chat.provider;storage.scope.audit_evidence.provider;storage.scope.apk_release.provider;storage.scope.backup.provider;storage.r2.account_id;analytics.event.retention_days;analytics.traffic_types,content_posts;content_versions;content_status_logs;content_review_records;content_media;content_contacts;content_stats;content_favorites;content_view_logs;content_contact_access_logs;h5_page_configs;cms_articles;agreements;app_versions;conversations;conversation_members;chat_messages;chat_read_receipts;user_blocks;chat_reports,TST-ACTIVITY_001-HAPPY;TST-H5_001-HAPPY;TST-ACTIVITY_001-IDEMPOTENT;TST-H5_001-IDEMPOTENT;TST-V122-005,R07;R12,android_engineer;backend_engineer;test_engineer,SHEET-SHARE-001;SHEET-CONTENT-INVALID-001 全部绑定模板 MOB-SHEET，字段、状态、动作、导航和错误恢复无TBD || 页面调用 operationId：contentPostContentsByIdShare;contentPostContentsByIdInvalidFeedback；请求/响应字段不得另行发明 || 按钮显示、可用和确认条件与服务端状态机、权限、expectedVersion、幂等策略一致 || 首屏、空、刷新、翻页/局部失败、无权限、404、离线和版本冲突状态按页面状态目录实现 || 敏感字段按分级脱敏；高敏读取和后台写操作完整审计 || 自动化覆盖：TST-ACTIVITY_001-HAPPY;TST-H5_001-HAPPY;TST-ACTIVITY_001-IDEMPOTENT;TST-H5_001-IDEMPOTENT;TST-V122-005,READY,READY_FOR_IMPLEMENTATION
STORY-R13-002,R13,我的：我的收藏、浏览记录,作为已登录用户；公开能力仅限文档明确的H5页面，我需要完成我的收藏、浏览记录的完整业务流程，以便在不依赖研发临时决策的情况下实现收藏列表。,ANDROID,我的,MOB-LIST,SCR-FAV-001;SCR-HIS-001,contentGetMeFavorites;contentDeleteContentsByIdFavorite;contentGetMeHistory,GET /api/v1/me/favorites;DELETE /api/v1/contents/{id}/favorite;GET /api/v1/me/history,REQ-ACTIVITY-001,content.limit.normal.online;content.limit.month.online;content.limit.quarter.online;content.limit.year.online;content.team_leader_per_account;content.limit.normal.pending;content.limit.normal.drafts;content.limit.normal.daily_submissions,content_posts;content_versions;content_status_logs;content_review_records;content_media;content_contacts;content_stats;content_favorites;content_view_logs;content_contact_access_logs,TST-ACTIVITY_001-HAPPY;TST-ACTIVITY_001-IDEMPOTENT,R07;R12,android_engineer;backend_engineer;test_engineer,SCR-FAV-001;SCR-HIS-001 全部绑定模板 MOB-LIST，字段、状态、动作、导航和错误恢复无TBD || 页面调用 operationId：contentGetMeFavorites;contentDeleteContentsByIdFavorite;contentGetMeHistory；请求/响应字段不得另行发明 || 按钮显示、可用和确认条件与服务端状态机、权限、expectedVersion、幂等策略一致 || 首屏、空、刷新、翻页/局部失败、无权限、404、离线和版本冲突状态按页面状态目录实现 || 敏感字段按分级脱敏；高敏读取和后台写操作完整审计 || 自动化覆盖：TST-ACTIVITY_001-HAPPY;TST-ACTIVITY_001-IDEMPOTENT,READY,READY_FOR_IMPLEMENTATION
STORY-R13-003,R13,收藏、历史、分享与行为审计：契约、数据、配置、测试与交接,作为技术负责人，我需要按冻结的 R13 契约和DoR完成数据、后端、配置、测试、观测与交接，使前端故事能够稳定落地并可追溯。,CROSS_PLATFORM,工程治理,N/A,SHEET-SHARE-001;SCR-FAV-001;SCR-HIS-001;SHEET-CONTENT-INVALID-001,contentPostContentsByIdFavorite;contentDeleteContentsByIdFavorite;contentGetMeFavorites;contentGetMeHistory;contentPostContentsByIdShare,POST /api/v1/contents/{id}/favorite;DELETE /api/v1/contents/{id}/favorite;GET /api/v1/me/favorites;GET /api/v1/me/history;POST /api/v1/contents/{id}/share,REQ-PUBLISHER-001;REQ-ACTIVITY-001,content.limit.normal.online;content.limit.month.online;content.limit.quarter.online;content.limit.year.online;content.team_leader_per_account;content.limit.normal.pending;content.limit.normal.drafts;content.limit.normal.daily_submissions;storage.default_provider;storage.scope.public_media.provider;storage.scope.private_kyc.provider;storage.scope.private_chat.provider;storage.scope.audit_evidence.provider;storage.scope.apk_release.provider;storage.scope.backup.provider;storage.r2.account_id;analytics.event.retention_days;analytics.traffic_types,users;user_profiles;user_settings;user_status_logs;content_posts;content_versions;content_status_logs;content_review_records;content_media;content_contacts;content_stats;content_favorites;content_view_logs;content_contact_access_logs;membership_plans;membership_skus;user_memberships;membership_entitlement_segments;membership_benefit_snapshots;membership_upgrade_quotes;reward_accounts;reward_ledger;reward_settlements;reward_freezes;accounting_entries,TST-ACTIVITY_001-HAPPY;TST-ACTIVITY_001-IDEMPOTENT;TST-ACTIVITY_001-REJECT,R07;R12,tech_lead;backend_engineer;database_engineer;test_engineer;devops_engineer,OpenAPI、状态机、数据库迁移、配置Schema和页面契约引用一致，代码生成不得产生手工分叉 || 每个需求可追溯到页面/API/表/配置/测试/故事；不适用项必须显式N/A并说明 || 版本DoR全部PASS后方可编码；出口仍按原RELEASE_MANIFEST和ACCEPTANCE_MATRIX执行 || 变更必须通过CR，更新唯一事实源并重新生成全部派生目录和哈希 || 完成Session Log、追踪矩阵、发布证据和下一任务交接,READY,READY_FOR_IMPLEMENTATION
STORY-R14-001,R14,消息：私聊页,作为已登录用户；公开能力仅限文档明确的H5页面，我需要完成私聊页的完整业务流程，以便在不依赖研发临时决策的情况下实现文本、图片、卡片。,ANDROID,消息,MOB-CHAT-DETAIL,SCR-CHAT-002,chatGetConversationsByIdMessages;chatPostConversationsByIdMessages;chatPostConversationsByIdRead,GET /api/v1/conversations/{id}/messages;POST /api/v1/conversations/{id}/messages;POST /api/v1/conversations/{id}/read,REQ-CHAT-001;REQ-CHAT-002,chat.stranger.daily_conversation_limit;chat.message.per_minute_limit;chat.image.max_mb;chat.history.retention_days,conversations;conversation_members;chat_messages;chat_read_receipts;user_blocks;chat_reports;notifications;notification_deliveries;announcements;announcement_reads,TST-CHAT_001-HAPPY;TST-CHAT_002-HAPPY;TST-CHAT_001-IDEMPOTENT;TST-CHAT_002-IDEMPOTENT,R02;R04;R06,android_engineer;backend_engineer;test_engineer,SCR-CHAT-002 全部绑定模板 MOB-CHAT-DETAIL，字段、状态、动作、导航和错误恢复无TBD || 页面调用 operationId：chatGetConversationsByIdMessages;chatPostConversationsByIdMessages;chatPostConversationsByIdRead；请求/响应字段不得另行发明 || 按钮显示、可用和确认条件与服务端状态机、权限、expectedVersion、幂等策略一致 || 首屏、空、刷新、翻页/局部失败、无权限、404、离线和版本冲突状态按页面状态目录实现 || 敏感字段按分级脱敏；高敏读取和后台写操作完整审计 || 自动化覆盖：TST-CHAT_001-HAPPY;TST-CHAT_002-HAPPY;TST-CHAT_001-IDEMPOTENT;TST-CHAT_002-IDEMPOTENT,READY,READY_FOR_IMPLEMENTATION
STORY-R14-002,R14,消息：会话列表,作为已登录用户；公开能力仅限文档明确的H5页面，我需要完成会话列表的完整业务流程，以便在不依赖研发临时决策的情况下实现未读和最后消息。,ANDROID,消息,MOB-CHAT-LIST,SCR-CHAT-001,chatGetConversations,GET /api/v1/conversations,REQ-CHAT-001;REQ-CHAT-002,chat.stranger.daily_conversation_limit;chat.message.per_minute_limit;chat.image.max_mb;chat.history.retention_days,conversations;conversation_members;chat_messages;chat_read_receipts;user_blocks;chat_reports;notifications;notification_deliveries;announcements;announcement_reads,TST-CHAT_001-HAPPY;TST-CHAT_002-HAPPY,R02;R04;R06,android_engineer;backend_engineer;test_engineer,SCR-CHAT-001 全部绑定模板 MOB-CHAT-LIST，字段、状态、动作、导航和错误恢复无TBD || 页面调用 operationId：chatGetConversations；请求/响应字段不得另行发明 || 按钮显示、可用和确认条件与服务端状态机、权限、expectedVersion、幂等策略一致 || 首屏、空、刷新、翻页/局部失败、无权限、404、离线和版本冲突状态按页面状态目录实现 || 敏感字段按分级脱敏；高敏读取和后台写操作完整审计 || 自动化覆盖：TST-CHAT_001-HAPPY;TST-CHAT_002-HAPPY,READY,READY_FOR_IMPLEMENTATION
STORY-R14-003,R14,消息：发送联系方式、聊天举报、拉黑与解除拉黑确认、删除会话确认,作为已登录用户；公开能力仅限文档明确的H5页面，我需要完成发送联系方式、聊天举报、拉黑与解除拉黑确认、删除会话确认的完整业务流程，以便在不依赖研发临时决策的情况下实现选择字段和备注。,ANDROID,消息,MOB-SHEET,SHEET-CHAT-001;SHEET-CHAT-002;DIALOG-CHAT-BLOCK-001;DIALOG-CHAT-DELETE-001,chatPostConversationsByIdMessages;chatPostConversationsByIdReport;chatPostUsersByIdBlock;chatDeleteUsersByIdBlock;chatDeleteConversationsById,POST /api/v1/conversations/{id}/messages;POST /api/v1/conversations/{id}/report;POST /api/v1/users/{id}/block;DELETE /api/v1/users/{id}/block;DELETE /api/v1/conversations/{id},REQ-CHAT-001;REQ-CHAT-002,chat.stranger.daily_conversation_limit;chat.message.per_minute_limit;chat.image.max_mb;chat.history.retention_days;notification.marketing.default_enabled;notification.quiet_hours.start;notification.quiet_hours.end,conversations;conversation_members;chat_messages;chat_read_receipts;user_blocks;chat_reports;notifications;notification_deliveries;announcements;announcement_reads,TST-CHAT_001-HAPPY;TST-CHAT_002-HAPPY;TST-CHAT_001-IDEMPOTENT;TST-CHAT_002-IDEMPOTENT;TST-V122-007;TST-V122-008;TST-V122-006,R02;R04;R06,android_engineer;backend_engineer;test_engineer,SHEET-CHAT-001;SHEET-CHAT-002;DIALOG-CHAT-BLOCK-001;DIALOG-CHAT-DELETE-001 全部绑定模板 MOB-SHEET，字段、状态、动作、导航和错误恢复无TBD || 页面调用 operationId：chatPostConversationsByIdMessages;chatPostConversationsByIdReport;chatPostUsersByIdBlock;chatDeleteUsersByIdBlock;chatDeleteConversationsById；请求/响应字段不得另行发明 || 按钮显示、可用和确认条件与服务端状态机、权限、expectedVersion、幂等策略一致 || 首屏、空、刷新、翻页/局部失败、无权限、404、离线和版本冲突状态按页面状态目录实现 || 敏感字段按分级脱敏；高敏读取和后台写操作完整审计 || 自动化覆盖：TST-CHAT_001-HAPPY;TST-CHAT_002-HAPPY;TST-CHAT_001-IDEMPOTENT;TST-CHAT_002-IDEMPOTENT;TST-V122-007;TST-V122-008;TST-V122-006,READY,READY_FOR_IMPLEMENTATION
STORY-R14-004,R14,一对一聊天核心：契约、数据、配置、测试与交接,作为技术负责人，我需要按冻结的 R14 契约和DoR完成数据、后端、配置、测试、观测与交接，使前端故事能够稳定落地并可追溯。,CROSS_PLATFORM,工程治理,N/A,SCR-CHAT-001;SCR-CHAT-002;SHEET-CHAT-001;SHEET-CHAT-002;DIALOG-CHAT-BLOCK-001;DIALOG-CHAT-DELETE-001,chatGetConversations;chatPostConversationsDirect;chatGetConversationsByIdMessages;chatPostConversationsByIdMessages;chatPostConversationsByIdRead;chatDeleteConversationsById;chatPostUsersByIdBlock;chatDeleteUsersByIdBlock;chatPostConversationsByIdReport,GET /api/v1/conversations;POST /api/v1/conversations/direct;GET /api/v1/conversations/{id}/messages;POST /api/v1/conversations/{id}/messages;POST /api/v1/conversations/{id}/read;DELETE /api/v1/conversations/{id};POST /api/v1/users/{id}/block;DELETE /api/v1/users/{id}/block;POST /api/v1/conversations/{id}/report,REQ-CHAT-001;REQ-CHAT-002,chat.stranger.daily_conversation_limit;chat.message.per_minute_limit;chat.image.max_mb;chat.history.retention_days;notification.marketing.default_enabled;notification.quiet_hours.start;notification.quiet_hours.end,conversations;conversation_members;chat_messages;chat_read_receipts;user_blocks;chat_reports;notifications;notification_deliveries;announcements;announcement_reads,TST-CHAT_001-HAPPY;TST-CHAT_001-IDEMPOTENT;TST-CHAT_001-REJECT;TST-CHAT_002-HAPPY;TST-CHAT_002-IDEMPOTENT;TST-CHAT_002-REJECT;TST-V122-006;TST-V122-007;TST-V122-008,R02;R04;R06,tech_lead;backend_engineer;database_engineer;test_engineer;devops_engineer,OpenAPI、状态机、数据库迁移、配置Schema和页面契约引用一致，代码生成不得产生手工分叉 || WebSocket严格使用双子协议升级前鉴权、逐事件ACK、用户级连续序列与CHAT/NOTIFICATIONS服务端水位补洞；不得在URL传令牌或从REST结果猜测重连序列 || 每个需求可追溯到页面/API/表/配置/测试/故事；不适用项必须显式N/A并说明 || 版本DoR全部PASS后方可编码；出口仍按原RELEASE_MANIFEST和ACCEPTANCE_MATRIX执行 || 变更必须通过CR，更新唯一事实源并重新生成全部派生目录和哈希 || 完成Session Log、追踪矩阵、发布证据和下一任务交接,READY,READY_FOR_IMPLEMENTATION
STORY-R15-001,R15,客服：工单详情,作为具备 support.read 的后台员工；写操作另需 support.manage，我需要完成工单详情的完整业务流程，以便在不依赖研发临时决策的情况下实现会话式工单详情、附件、分配、内部备注、回复、关闭与重开记录。,ADMIN,客服,ADM-DETAIL,ADM-SUPPORT-002,adminSupportPostSupportTicketsByIdAssign;adminSupportPostSupportTicketsByIdMessages;adminSupportPostSupportTicketsByIdClose,POST /admin-api/v1/support/tickets/{id}/assign;POST /admin-api/v1/support/tickets/{id}/messages;POST /admin-api/v1/support/tickets/{id}/close,REQ-SUPPORT-001;REQ-ADMIN-OPS-001,ops.backup.rpo_minutes;ops.recovery.rto_minutes;ops.audit_log.retention_days;ops.security_event.retention_days;ops.alert.error_rate_percent;ops.alert.api_p95_ms;notification.marketing.default_enabled;notification.quiet_hours.start;notification.quiet_hours.end;storage.default_provider;storage.scope.public_media.provider;storage.scope.private_kyc.provider;storage.scope.private_chat.provider;storage.scope.audit_evidence.provider;storage.scope.apk_release.provider;storage.scope.backup.provider;storage.r2.account_id,content_posts;content_versions;content_status_logs;content_review_records;content_media;content_contacts;content_stats;content_favorites;content_view_logs;content_contact_access_logs;support_tickets;ticket_messages;ticket_attachments;ticket_status_logs;h5_page_configs;cms_articles;agreements;app_versions;admin_users;admin_roles;admin_permissions;admin_user_roles;admin_role_permissions;admin_operation_logs;admin_approval_requests,TST-V122-023;TST-V122-024;TST-V122-025,R14,admin_frontend_engineer;backend_engineer;test_engineer,ADM-SUPPORT-002 全部绑定模板 ADM-DETAIL，字段、状态、动作、导航和错误恢复无TBD || 页面调用 operationId：adminSupportPostSupportTicketsByIdAssign;adminSupportPostSupportTicketsByIdMessages;adminSupportPostSupportTicketsByIdClose；请求/响应字段不得另行发明 || 按钮显示、可用和确认条件与服务端状态机、权限、expectedVersion、幂等策略一致 || 首屏、空、刷新、翻页/局部失败、无权限、404、离线和版本冲突状态按页面状态目录实现 || 敏感字段按分级脱敏；高敏读取和后台写操作完整审计 || 自动化覆盖：TST-V122-023;TST-V122-024;TST-V122-025,READY,READY_FOR_IMPLEMENTATION
STORY-R15-002,R15,客服：工单列表,作为具备 support.manage 的后台员工；写操作另需 support.manage，我需要完成工单列表的完整业务流程，以便在不依赖研发临时决策的情况下实现分配、SLA、回复。,ADMIN,客服,ADM-LIST,ADM-SUPPORT-001,adminSupportGetSupportTickets;adminSupportGetSupportTicketsById,GET /admin-api/v1/support/tickets;GET /admin-api/v1/support/tickets/{id},REQ-SUPPORT-001,system.maintenance.enabled;system.maintenance.message;system.registration.enabled;system.publish.enabled;system.red_packet.enabled;system.withdrawal.enabled,support_tickets;ticket_messages;ticket_attachments;ticket_status_logs;content_posts;content_versions;content_status_logs;content_review_records;content_media;content_contacts;content_stats;content_favorites;content_view_logs;content_contact_access_logs;h5_page_configs;cms_articles;agreements;app_versions,TST-SUPPORT_001-HAPPY,R14,admin_frontend_engineer;backend_engineer;test_engineer,ADM-SUPPORT-001 全部绑定模板 ADM-LIST，字段、状态、动作、导航和错误恢复无TBD || 页面调用 operationId：adminSupportGetSupportTickets;adminSupportGetSupportTicketsById；请求/响应字段不得另行发明 || 按钮显示、可用和确认条件与服务端状态机、权限、expectedVersion、幂等策略一致 || 首屏、空、刷新、翻页/局部失败、无权限、404、离线和版本冲突状态按页面状态目录实现 || 敏感字段按分级脱敏；高敏读取和后台写操作完整审计 || 自动化覆盖：TST-SUPPORT_001-HAPPY,READY,READY_FOR_IMPLEMENTATION
STORY-R15-003,R15,治理：内容举报处理、申诉处理,作为具备 report.read 的后台员工；写操作另需 report.decide，我需要完成内容举报处理、申诉处理的完整业务流程，以便在不依赖研发临时决策的情况下实现举报筛选、证据预览、内容与用户上下文、处理决定和通知结果。,ADMIN,治理,ADM-REVIEW,ADM-REPORT-001;ADM-APPEAL-001,adminReportsPostContentReportsByIdDecide;adminAppealsPostAppealsByIdDecide,POST /admin-api/v1/content-reports/{id}/decide;POST /admin-api/v1/appeals/{id}/decide,REQ-SUPPORT-001;REQ-ADMIN-OPS-001,content.limit.normal.online;content.limit.month.online;content.limit.quarter.online;content.limit.year.online;content.team_leader_per_account;content.limit.normal.pending;content.limit.normal.drafts;content.limit.normal.daily_submissions;chat.stranger.daily_conversation_limit;chat.message.per_minute_limit;chat.image.max_mb;chat.history.retention_days;notification.marketing.default_enabled;notification.quiet_hours.start;notification.quiet_hours.end;system.maintenance.enabled;system.maintenance.message;system.registration.enabled;system.publish.enabled;system.red_packet.enabled;system.withdrawal.enabled,content_posts;content_versions;content_status_logs;content_review_records;content_media;content_contacts;content_stats;content_favorites;content_view_logs;content_contact_access_logs;support_tickets;ticket_messages;ticket_attachments;ticket_status_logs;h5_page_configs;cms_articles;agreements;app_versions;admin_users;admin_roles;admin_permissions;admin_user_roles;admin_role_permissions;admin_operation_logs;admin_approval_requests,TST-V122-020;TST-V122-021,R14,admin_frontend_engineer;backend_engineer;test_engineer,ADM-REPORT-001;ADM-APPEAL-001 全部绑定模板 ADM-REVIEW，字段、状态、动作、导航和错误恢复无TBD || 页面调用 operationId：adminReportsPostContentReportsByIdDecide;adminAppealsPostAppealsByIdDecide；请求/响应字段不得另行发明 || 按钮显示、可用和确认条件与服务端状态机、权限、expectedVersion、幂等策略一致 || 首屏、空、刷新、翻页/局部失败、无权限、404、离线和版本冲突状态按页面状态目录实现 || 敏感字段按分级脱敏；高敏读取和后台写操作完整审计 || 自动化覆盖：TST-V122-020;TST-V122-021,READY,READY_FOR_IMPLEMENTATION
STORY-R15-004,R15,聊天：聊天举报,作为具备 chat.report.read 的后台员工；写操作另需 chat.report.manage，我需要完成聊天举报的完整业务流程，以便在不依赖研发临时决策的情况下实现消息证据。,ADMIN,聊天,ADM-LIST,ADM-CHAT-001,adminChatGetChatReports;adminChatPostChatReportsByIdDecide,GET /admin-api/v1/chat-reports;POST /admin-api/v1/chat-reports/{id}/decide,REQ-CHAT-002,chat.stranger.daily_conversation_limit;chat.message.per_minute_limit;chat.image.max_mb;chat.history.retention_days,conversations;conversation_members;chat_messages;chat_read_receipts;user_blocks;chat_reports,TST-CHAT_002-HAPPY;TST-CHAT_002-IDEMPOTENT,R14,admin_frontend_engineer;backend_engineer;test_engineer,ADM-CHAT-001 全部绑定模板 ADM-LIST，字段、状态、动作、导航和错误恢复无TBD || 页面调用 operationId：adminChatGetChatReports;adminChatPostChatReportsByIdDecide；请求/响应字段不得另行发明 || 按钮显示、可用和确认条件与服务端状态机、权限、expectedVersion、幂等策略一致 || 首屏、空、刷新、翻页/局部失败、无权限、404、离线和版本冲突状态按页面状态目录实现 || 敏感字段按分级脱敏；高敏读取和后台写操作完整审计 || 自动化覆盖：TST-CHAT_002-HAPPY;TST-CHAT_002-IDEMPOTENT,READY,READY_FOR_IMPLEMENTATION
STORY-R15-005,R15,内容：举报面板,作为已登录用户；公开能力仅限文档明确的H5页面，我需要完成举报面板的完整业务流程，以便在不依赖研发临时决策的情况下实现举报类型和证据。,ANDROID,内容,MOB-SHEET,SHEET-REPORT-001,contentPostContentsByIdReport,POST /api/v1/contents/{id}/report,REQ-SUPPORT-001,content.limit.normal.online;content.limit.month.online;content.limit.quarter.online;content.limit.year.online;content.team_leader_per_account;content.limit.normal.pending;content.limit.normal.drafts;content.limit.normal.daily_submissions,content_posts;content_versions;content_status_logs;content_review_records;content_media;content_contacts;content_stats;content_favorites;content_view_logs;content_contact_access_logs;support_tickets;ticket_messages;ticket_attachments;ticket_status_logs;h5_page_configs;cms_articles;agreements;app_versions,TST-SUPPORT_001-HAPPY;TST-SUPPORT_001-IDEMPOTENT,R14,android_engineer;backend_engineer;test_engineer,SHEET-REPORT-001 全部绑定模板 MOB-SHEET，字段、状态、动作、导航和错误恢复无TBD || 页面调用 operationId：contentPostContentsByIdReport；请求/响应字段不得另行发明 || 按钮显示、可用和确认条件与服务端状态机、权限、expectedVersion、幂等策略一致 || 首屏、空、刷新、翻页/局部失败、无权限、404、离线和版本冲突状态按页面状态目录实现 || 敏感字段按分级脱敏；高敏读取和后台写操作完整审计 || 自动化覆盖：TST-SUPPORT_001-HAPPY;TST-SUPPORT_001-IDEMPOTENT,READY,READY_FOR_IMPLEMENTATION
STORY-R15-006,R15,客服：工单详情、帮助文章详情,作为已登录用户；公开能力仅限文档明确的H5页面，我需要完成工单详情、帮助文章详情的完整业务流程，以便在不依赖研发临时决策的情况下实现回复和补充材料。,ANDROID,客服,MOB-DETAIL,SCR-SUPPORT-004;SCR-SUPPORT-005,supportGetSupportTicketsById;supportPostSupportTicketsByIdMessages;supportGetHelpArticlesById,GET /api/v1/support/tickets/{id};POST /api/v1/support/tickets/{id}/messages;GET /api/v1/help/articles/{id},REQ-SUPPORT-001,system.maintenance.enabled;system.maintenance.message;system.registration.enabled;system.publish.enabled;system.red_packet.enabled;system.withdrawal.enabled;ops.backup.rpo_minutes;ops.recovery.rto_minutes;ops.audit_log.retention_days;ops.security_event.retention_days;ops.alert.error_rate_percent;ops.alert.api_p95_ms;notification.marketing.default_enabled;notification.quiet_hours.start;notification.quiet_hours.end;storage.default_provider;storage.scope.public_media.provider;storage.scope.private_kyc.provider;storage.scope.private_chat.provider;storage.scope.audit_evidence.provider;storage.scope.apk_release.provider;storage.scope.backup.provider;storage.r2.account_id,support_tickets;ticket_messages;ticket_attachments;ticket_status_logs;content_posts;content_versions;content_status_logs;content_review_records;content_media;content_contacts;content_stats;content_favorites;content_view_logs;content_contact_access_logs;h5_page_configs;cms_articles;agreements;app_versions,TST-SUPPORT_001-HAPPY;TST-SUPPORT_001-IDEMPOTENT;TST-V122-010,R14,android_engineer;backend_engineer;test_engineer,SCR-SUPPORT-004;SCR-SUPPORT-005 全部绑定模板 MOB-DETAIL，字段、状态、动作、导航和错误恢复无TBD || 页面调用 operationId：supportGetSupportTicketsById;supportPostSupportTicketsByIdMessages;supportGetHelpArticlesById；请求/响应字段不得另行发明 || 按钮显示、可用和确认条件与服务端状态机、权限、expectedVersion、幂等策略一致 || 首屏、空、刷新、翻页/局部失败、无权限、404、离线和版本冲突状态按页面状态目录实现 || 敏感字段按分级脱敏；高敏读取和后台写操作完整审计 || 自动化覆盖：TST-SUPPORT_001-HAPPY;TST-SUPPORT_001-IDEMPOTENT;TST-V122-010,READY,READY_FOR_IMPLEMENTATION
STORY-R15-007,R15,客服：创建工单,作为已登录用户；公开能力仅限文档明确的H5页面，我需要完成创建工单的完整业务流程，以便在不依赖研发临时决策的情况下实现类型、关联单、附件。,ANDROID,客服,MOB-FORM,SCR-SUPPORT-002,supportPostSupportTickets,POST /api/v1/support/tickets,REQ-SUPPORT-001,system.maintenance.enabled;system.maintenance.message;system.registration.enabled;system.publish.enabled;system.red_packet.enabled;system.withdrawal.enabled,support_tickets;ticket_messages;ticket_attachments;ticket_status_logs;content_posts;content_versions;content_status_logs;content_review_records;content_media;content_contacts;content_stats;content_favorites;content_view_logs;content_contact_access_logs;h5_page_configs;cms_articles;agreements;app_versions,TST-SUPPORT_001-HAPPY;TST-SUPPORT_001-IDEMPOTENT,R14,android_engineer;backend_engineer;test_engineer,SCR-SUPPORT-002 全部绑定模板 MOB-FORM，字段、状态、动作、导航和错误恢复无TBD || 页面调用 operationId：supportPostSupportTickets；请求/响应字段不得另行发明 || 按钮显示、可用和确认条件与服务端状态机、权限、expectedVersion、幂等策略一致 || 首屏、空、刷新、翻页/局部失败、无权限、404、离线和版本冲突状态按页面状态目录实现 || 敏感字段按分级脱敏；高敏读取和后台写操作完整审计 || 自动化覆盖：TST-SUPPORT_001-HAPPY;TST-SUPPORT_001-IDEMPOTENT,READY,READY_FOR_IMPLEMENTATION
STORY-R15-008,R15,客服：帮助中心、工单列表,作为已登录用户；公开能力仅限文档明确的H5页面，我需要完成帮助中心、工单列表的完整业务流程，以便在不依赖研发临时决策的情况下实现分类和搜索。,ANDROID,客服,MOB-LIST,SCR-SUPPORT-001;SCR-SUPPORT-003,supportGetHelpArticles;supportGetSupportTickets,GET /api/v1/help/articles;GET /api/v1/support/tickets,REQ-SUPPORT-001,system.maintenance.enabled;system.maintenance.message;system.registration.enabled;system.publish.enabled;system.red_packet.enabled;system.withdrawal.enabled,support_tickets;ticket_messages;ticket_attachments;ticket_status_logs;content_posts;content_versions;content_status_logs;content_review_records;content_media;content_contacts;content_stats;content_favorites;content_view_logs;content_contact_access_logs;h5_page_configs;cms_articles;agreements;app_versions,TST-SUPPORT_001-HAPPY,R14,android_engineer;backend_engineer;test_engineer,SCR-SUPPORT-001;SCR-SUPPORT-003 全部绑定模板 MOB-LIST，字段、状态、动作、导航和错误恢复无TBD || 页面调用 operationId：supportGetHelpArticles;supportGetSupportTickets；请求/响应字段不得另行发明 || 按钮显示、可用和确认条件与服务端状态机、权限、expectedVersion、幂等策略一致 || 首屏、空、刷新、翻页/局部失败、无权限、404、离线和版本冲突状态按页面状态目录实现 || 敏感字段按分级脱敏；高敏读取和后台写操作完整审计 || 自动化覆盖：TST-SUPPORT_001-HAPPY,READY,READY_FOR_IMPLEMENTATION
STORY-R15-009,R15,消息：通知详情、公告详情,作为已登录用户；公开能力仅限文档明确的H5页面，我需要完成通知详情、公告详情的完整业务流程，以便在不依赖研发临时决策的情况下实现业务跳转。,ANDROID,消息,MOB-DETAIL,SCR-NOTICE-002;SCR-ANN-002,notificationGetNotifications;notificationPostNotificationsByIdRead;notificationGetAnnouncementsById,GET /api/v1/notifications;POST /api/v1/notifications/{id}/read;GET /api/v1/announcements/{id},REQ-NOTIFY-001,notification.marketing.default_enabled;notification.quiet_hours.start;notification.quiet_hours.end,notifications;notification_deliveries;announcements;announcement_reads;conversations;conversation_members;chat_messages;chat_read_receipts;user_blocks;chat_reports;users;user_credentials;auth_security_challenges;user_sessions;user_devices;sms_verification_codes;login_logs;user_profiles;user_settings;user_status_logs,TST-NOTIFY_001-HAPPY;TST-NOTIFY_001-IDEMPOTENT,R14,android_engineer;backend_engineer;test_engineer,SCR-NOTICE-002;SCR-ANN-002 全部绑定模板 MOB-DETAIL，字段、状态、动作、导航和错误恢复无TBD || 页面调用 operationId：notificationGetNotifications;notificationPostNotificationsByIdRead;notificationGetAnnouncementsById；请求/响应字段不得另行发明 || 按钮显示、可用和确认条件与服务端状态机、权限、expectedVersion、幂等策略一致 || 首屏、空、刷新、翻页/局部失败、无权限、404、离线和版本冲突状态按页面状态目录实现 || 敏感字段按分级脱敏；高敏读取和后台写操作完整审计 || 自动化覆盖：TST-NOTIFY_001-HAPPY;TST-NOTIFY_001-IDEMPOTENT,READY,READY_FOR_IMPLEMENTATION
STORY-R15-010,R15,消息：消息中心,作为已登录用户；公开能力仅限文档明确的H5页面，我需要完成消息中心的完整业务流程，以便在不依赖研发临时决策的情况下实现聊天/通知/公告。,ANDROID,消息,MOB-HOME,SCR-MSG-001,chatGetConversations;notificationGetNotifications;notificationGetAnnouncements,GET /api/v1/conversations;GET /api/v1/notifications;GET /api/v1/announcements,REQ-CHAT-001;REQ-NOTIFY-001,chat.stranger.daily_conversation_limit;chat.message.per_minute_limit;chat.image.max_mb;chat.history.retention_days;notification.marketing.default_enabled;notification.quiet_hours.start;notification.quiet_hours.end,conversations;conversation_members;chat_messages;chat_read_receipts;user_blocks;chat_reports;notifications;notification_deliveries;announcements;announcement_reads;users;user_credentials;auth_security_challenges;user_sessions;user_devices;sms_verification_codes;login_logs;user_profiles;user_settings;user_status_logs,TST-CHAT_001-HAPPY;TST-NOTIFY_001-HAPPY,R14,android_engineer;backend_engineer;test_engineer,SCR-MSG-001 全部绑定模板 MOB-HOME，字段、状态、动作、导航和错误恢复无TBD || 页面调用 operationId：chatGetConversations;notificationGetNotifications;notificationGetAnnouncements；请求/响应字段不得另行发明 || 按钮显示、可用和确认条件与服务端状态机、权限、expectedVersion、幂等策略一致 || 首屏、空、刷新、翻页/局部失败、无权限、404、离线和版本冲突状态按页面状态目录实现 || 敏感字段按分级脱敏；高敏读取和后台写操作完整审计 || 自动化覆盖：TST-CHAT_001-HAPPY;TST-NOTIFY_001-HAPPY,READY,READY_FOR_IMPLEMENTATION
STORY-R15-011,R15,消息：通知列表、公告列表,作为已登录用户；公开能力仅限文档明确的H5页面，我需要完成通知列表、公告列表的完整业务流程，以便在不依赖研发临时决策的情况下实现系统通知。,ANDROID,消息,MOB-LIST,SCR-NOTICE-001;SCR-ANN-001,notificationGetNotifications;notificationPostNotificationsReadAll;notificationGetAnnouncements,GET /api/v1/notifications;POST /api/v1/notifications/read-all;GET /api/v1/announcements,REQ-NOTIFY-001,notification.marketing.default_enabled;notification.quiet_hours.start;notification.quiet_hours.end,notifications;notification_deliveries;announcements;announcement_reads;conversations;conversation_members;chat_messages;chat_read_receipts;user_blocks;chat_reports;users;user_credentials;auth_security_challenges;user_sessions;user_devices;sms_verification_codes;login_logs;user_profiles;user_settings;user_status_logs,TST-NOTIFY_001-HAPPY;TST-NOTIFY_001-IDEMPOTENT,R14,android_engineer;backend_engineer;test_engineer,SCR-NOTICE-001;SCR-ANN-001 全部绑定模板 MOB-LIST，字段、状态、动作、导航和错误恢复无TBD || 页面调用 operationId：notificationGetNotifications;notificationPostNotificationsReadAll;notificationGetAnnouncements；请求/响应字段不得另行发明 || 按钮显示、可用和确认条件与服务端状态机、权限、expectedVersion、幂等策略一致 || 首屏、空、刷新、翻页/局部失败、无权限、404、离线和版本冲突状态按页面状态目录实现 || 敏感字段按分级脱敏；高敏读取和后台写操作完整审计 || 自动化覆盖：TST-NOTIFY_001-HAPPY;TST-NOTIFY_001-IDEMPOTENT,READY,READY_FOR_IMPLEMENTATION
STORY-R15-012,R15,设置：设置,作为已登录用户；公开能力仅限文档明确的H5页面，我需要完成设置的完整业务流程，以便在不依赖研发临时决策的情况下实现通知、缓存、关于、退出。,ANDROID,设置,MOB-SETTINGS,SCR-SET-001,authPostAuthLogout;userPatchMeProfile,POST /api/v1/auth/logout;PATCH /api/v1/me/profile,REQ-NOTIFY-001,auth.default_login_method;auth.security_challenge.provider;auth.security_challenge.mode;auth.password.min_length;auth.password.max_length;auth.password.max_failures;auth.password.lock_seconds;auth.invite.app_required,users;user_credentials;auth_security_challenges;user_sessions;user_devices;sms_verification_codes;login_logs;user_profiles;user_settings;user_status_logs;conversations;conversation_members;chat_messages;chat_read_receipts;user_blocks;chat_reports;notifications;notification_deliveries;announcements;announcement_reads,TST-NOTIFY_001-HAPPY;TST-NOTIFY_001-IDEMPOTENT,R14,android_engineer;backend_engineer;test_engineer,SCR-SET-001 全部绑定模板 MOB-SETTINGS，字段、状态、动作、导航和错误恢复无TBD || 页面调用 operationId：authPostAuthLogout;userPatchMeProfile；请求/响应字段不得另行发明 || 按钮显示、可用和确认条件与服务端状态机、权限、expectedVersion、幂等策略一致 || 首屏、空、刷新、翻页/局部失败、无权限、404、离线和版本冲突状态按页面状态目录实现 || 敏感字段按分级脱敏；高敏读取和后台写操作完整审计 || 自动化覆盖：TST-NOTIFY_001-HAPPY;TST-NOTIFY_001-IDEMPOTENT,READY,READY_FOR_IMPLEMENTATION
STORY-R15-013,R15,H5：协议与规则、帮助文章,作为公开访客或从分享/邀请/支付/实名流程进入的用户，我需要完成协议与规则、帮助文章的完整业务流程，以便在不依赖研发临时决策的情况下实现版本化协议。,H5,H5,H5-DOCUMENT,H5-010;H5-011,publicGetAgreementsByCode;publicGetHelpArticlesById,GET /public-api/v1/agreements/{code};GET /public-api/v1/help/articles/{id},REQ-CMS-001;REQ-SUPPORT-001,platform.brand.name;platform.brand.slogan;platform.brand.logo_media_id;platform.customer_service.name;platform.customer_service.contact,h5_page_configs;cms_articles;agreements;app_versions;content_posts;home_modules;banners;content_versions;content_status_logs;content_review_records;content_media;content_contacts;content_stats;content_favorites;content_view_logs;content_contact_access_logs;support_tickets;ticket_messages;ticket_attachments;ticket_status_logs,TST-CMS_001-HAPPY;TST-SUPPORT_001-HAPPY,R14,web_frontend_engineer;backend_engineer;test_engineer,H5-010;H5-011 全部绑定模板 H5-DOCUMENT，字段、状态、动作、导航和错误恢复无TBD || 页面调用 operationId：publicGetAgreementsByCode;publicGetHelpArticlesById；请求/响应字段不得另行发明 || 按钮显示、可用和确认条件与服务端状态机、权限、expectedVersion、幂等策略一致 || 首屏、空、刷新、翻页/局部失败、无权限、404、离线和版本冲突状态按页面状态目录实现 || 敏感字段按分级脱敏；高敏读取和后台写操作完整审计 || 自动化覆盖：TST-CMS_001-HAPPY;TST-SUPPORT_001-HAPPY,READY,READY_FOR_IMPLEMENTATION
STORY-R15-014,R15,通知、公告、举报与客服：契约、数据、配置、测试与交接,作为技术负责人，我需要按冻结的 R15 契约和DoR完成数据、后端、配置、测试、观测与交接，使前端故事能够稳定落地并可追溯。,CROSS_PLATFORM,工程治理,N/A,SHEET-REPORT-001;SCR-MSG-001;SCR-NOTICE-001;SCR-NOTICE-002;SCR-ANN-001;SCR-ANN-002;SCR-SUPPORT-001;SCR-SUPPORT-002;SCR-SUPPORT-003;SCR-SUPPORT-004;SCR-SET-001;SCR-SUPPORT-005;H5-010;H5-011;ADM-CHAT-001;ADM-SUPPORT-001;ADM-REPORT-001;ADM-APPEAL-001;ADM-SUPPORT-002,contentPostContentsByIdReport;notificationGetNotifications;notificationPostNotificationsByIdRead;notificationPostNotificationsReadAll;notificationGetAnnouncements;notificationGetAnnouncementsById;supportGetHelpArticles;supportGetHelpArticlesById;supportPostSupportTickets;supportGetSupportTickets;supportGetSupportTicketsById;supportPostSupportTicketsByIdMessages;adminReportsGetContentReports;adminReportsPostContentReportsByIdDecide;adminAppealsGetAppeals;adminAppealsPostAppealsByIdDecide;adminChatGetChatReports;adminChatPostChatReportsByIdDecide;adminSupportGetSupportTickets;adminSupportGetSupportTicketsById;adminSupportPostSupportTicketsByIdAssign;adminSupportPostSupportTicketsByIdMessages;adminSupportPostSupportTicketsByIdClose,POST /api/v1/contents/{id}/report;GET /api/v1/notifications;POST /api/v1/notifications/{id}/read;POST /api/v1/notifications/read-all;GET /api/v1/announcements;GET /api/v1/announcements/{id};GET /api/v1/help/articles;GET /api/v1/help/articles/{id};POST /api/v1/support/tickets;GET /api/v1/support/tickets;GET /api/v1/support/tickets/{id};POST /api/v1/support/tickets/{id}/messages;GET /admin-api/v1/content-reports;POST /admin-api/v1/content-reports/{id}/decide;GET /admin-api/v1/appeals;POST /admin-api/v1/appeals/{id}/decide;GET /admin-api/v1/chat-reports;POST /admin-api/v1/chat-reports/{id}/decide;GET /admin-api/v1/support/tickets;GET /admin-api/v1/support/tickets/{id};POST /admin-api/v1/support/tickets/{id}/assign;POST /admin-api/v1/support/tickets/{id}/messages;POST /admin-api/v1/support/tickets/{id}/close,REQ-CHAT-002;REQ-NOTIFY-001;REQ-SUPPORT-001;REQ-NOTIFICATION-OPS-001,content.limit.normal.online;content.limit.month.online;content.limit.quarter.online;content.limit.year.online;content.team_leader_per_account;content.limit.normal.pending;content.limit.normal.drafts;content.limit.normal.daily_submissions;chat.stranger.daily_conversation_limit;chat.message.per_minute_limit;chat.image.max_mb;chat.history.retention_days;notification.marketing.default_enabled;notification.quiet_hours.start;notification.quiet_hours.end;system.maintenance.enabled;system.maintenance.message;system.registration.enabled;system.publish.enabled;system.red_packet.enabled;system.withdrawal.enabled;auth.default_login_method;auth.security_challenge.provider;auth.security_challenge.mode;auth.password.min_length;auth.password.max_length;auth.password.max_failures;auth.password.lock_seconds;auth.invite.app_required;ops.backup.rpo_minutes;ops.recovery.rto_minutes;ops.audit_log.retention_days;ops.security_event.retention_days;ops.alert.error_rate_percent;ops.alert.api_p95_ms;storage.default_provider;storage.scope.public_media.provider;storage.scope.private_kyc.provider;storage.scope.private_chat.provider;storage.scope.audit_evidence.provider;storage.scope.apk_release.provider;storage.scope.backup.provider;storage.r2.account_id;platform.brand.name;platform.brand.slogan;platform.brand.logo_media_id;platform.customer_service.name;platform.customer_service.contact,conversations;conversation_members;chat_messages;chat_read_receipts;user_blocks;chat_reports;notifications;notification_deliveries;announcements;announcement_reads;users;user_credentials;auth_security_challenges;user_sessions;user_devices;sms_verification_codes;login_logs;user_profiles;user_settings;user_status_logs;content_posts;content_versions;content_status_logs;content_review_records;content_media;content_contacts;content_stats;content_favorites;content_view_logs;content_contact_access_logs;support_tickets;ticket_messages;ticket_attachments;ticket_status_logs;h5_page_configs;cms_articles;agreements;app_versions;notification_templates;notification_delivery_attempts;admin_operation_logs,TST-NOTIFICATION_OPS_001-DRIFT;TST-NOTIFICATION_OPS_001-HAPPY;TST-NOTIFICATION_OPS_001-REJECT;TST-NOTIFICATION_OPS_001-SECURITY;TST-NOTIFY_001-HAPPY;TST-NOTIFY_001-IDEMPOTENT;TST-NOTIFY_001-REJECT;TST-SUPPORT_001-HAPPY;TST-SUPPORT_001-IDEMPOTENT;TST-SUPPORT_001-REJECT;TST-V122-005;TST-V122-010;TST-V122-020;TST-V122-021;TST-V122-023;TST-V122-024;TST-V122-025,R14,tech_lead;backend_engineer;database_engineer;test_engineer;devops_engineer,OpenAPI、状态机、数据库迁移、配置Schema和页面契约引用一致，代码生成不得产生手工分叉 || 每个需求可追溯到页面/API/表/配置/测试/故事；不适用项必须显式N/A并说明 || 版本DoR全部PASS后方可编码；出口仍按原RELEASE_MANIFEST和ACCEPTANCE_MATRIX执行 || 变更必须通过CR，更新唯一事实源并重新生成全部派生目录和哈希 || 完成Session Log、追踪矩阵、发布证据和下一任务交接,READY,READY_FOR_IMPLEMENTATION
STORY-R16-001,R16,订单：订单列表,作为具备 order.read 的后台员工；写操作另需 order.manage，我需要完成订单列表的完整业务流程，以便在不依赖研发临时决策的情况下实现全商品订单。,ADMIN,订单,ADM-LIST,ADM-ORDER-001,adminOrdersGetOrders;adminOrdersGetOrdersByOrderno,GET /admin-api/v1/orders;GET /admin-api/v1/orders/{orderNo},REQ-ORDER-001,platform.brand.name;platform.brand.slogan;platform.brand.logo_media_id;platform.customer_service.name;platform.customer_service.contact,system_configs;orders;order_items;order_price_snapshots,TST-ORDER_001-HAPPY,R02;R06,admin_frontend_engineer;backend_engineer;test_engineer,ADM-ORDER-001 全部绑定模板 ADM-LIST，字段、状态、动作、导航和错误恢复无TBD || 页面调用 operationId：adminOrdersGetOrders;adminOrdersGetOrdersByOrderno；请求/响应字段不得另行发明 || 按钮显示、可用和确认条件与服务端状态机、权限、expectedVersion、幂等策略一致 || 首屏、空、刷新、翻页/局部失败、无权限、404、离线和版本冲突状态按页面状态目录实现 || 敏感字段按分级脱敏；高敏读取和后台写操作完整审计 || 自动化覆盖：TST-ORDER_001-HAPPY,READY,READY_FOR_IMPLEMENTATION
STORY-R16-002,R16,订单：订单详情,作为已登录用户；公开能力仅限文档明确的H5页面，我需要完成订单详情的完整业务流程，以便在不依赖研发临时决策的情况下实现价格快照和状态。,ANDROID,订单,MOB-DETAIL,SCR-ORDER-002,orderGetMeOrdersByOrderno,GET /api/v1/me/orders/{orderNo},REQ-ORDER-001;REQ-NOREFUND-001,payment.active_gateway;payment.caihong.base_url;payment.caihong.merchant_id;payment.caihong.merchant_key;payment.caihong.sign_type;payment.caihong.enabled_channels;payment.notify_url;payment.return_url,orders;order_items;order_price_snapshots;system_configs,TST-ORDER_001-HAPPY;TST-NOREFUND_001-HAPPY,R02;R06,android_engineer;backend_engineer;test_engineer,SCR-ORDER-002 全部绑定模板 MOB-DETAIL，字段、状态、动作、导航和错误恢复无TBD || 页面调用 operationId：orderGetMeOrdersByOrderno；请求/响应字段不得另行发明 || 按钮显示、可用和确认条件与服务端状态机、权限、expectedVersion、幂等策略一致 || 首屏、空、刷新、翻页/局部失败、无权限、404、离线和版本冲突状态按页面状态目录实现 || 敏感字段按分级脱敏；高敏读取和后台写操作完整审计 || 自动化覆盖：TST-ORDER_001-HAPPY;TST-NOREFUND_001-HAPPY,READY,READY_FOR_IMPLEMENTATION
STORY-R16-003,R16,订单：订单列表,作为已登录用户；公开能力仅限文档明确的H5页面，我需要完成订单列表的完整业务流程，以便在不依赖研发临时决策的情况下实现全部商品订单。,ANDROID,订单,MOB-LIST,SCR-ORDER-001,orderGetMeOrders,GET /api/v1/me/orders,REQ-ORDER-001;REQ-NOREFUND-001,payment.active_gateway;payment.caihong.base_url;payment.caihong.merchant_id;payment.caihong.merchant_key;payment.caihong.sign_type;payment.caihong.enabled_channels;payment.notify_url;payment.return_url,orders;order_items;order_price_snapshots;system_configs,TST-ORDER_001-HAPPY;TST-NOREFUND_001-HAPPY,R02;R06,android_engineer;backend_engineer;test_engineer,SCR-ORDER-001 全部绑定模板 MOB-LIST，字段、状态、动作、导航和错误恢复无TBD || 页面调用 operationId：orderGetMeOrders；请求/响应字段不得另行发明 || 按钮显示、可用和确认条件与服务端状态机、权限、expectedVersion、幂等策略一致 || 首屏、空、刷新、翻页/局部失败、无权限、404、离线和版本冲突状态按页面状态目录实现 || 敏感字段按分级脱敏；高敏读取和后台写操作完整审计 || 自动化覆盖：TST-ORDER_001-HAPPY;TST-NOREFUND_001-HAPPY,READY,READY_FOR_IMPLEMENTATION
STORY-R16-004,R16,商品、SKU、报价与统一订单：契约、数据、配置、测试与交接,作为技术负责人，我需要按冻结的 R16 契约和DoR完成数据、后端、配置、测试、观测与交接，使前端故事能够稳定落地并可追溯。,CROSS_PLATFORM,工程治理,N/A,SCR-ORDER-001;SCR-ORDER-002;ADM-ORDER-001,orderGetMeOrders;orderGetMeOrdersByOrderno;adminProductsGetProducts;adminProductsPostProducts;adminProductsPatchProductsById;adminProductsGetSkus;adminProductsPostSkus;adminProductsPatchSkusById;adminOrdersGetOrders;adminOrdersGetOrdersByOrderno,GET /api/v1/me/orders;GET /api/v1/me/orders/{orderNo};GET /admin-api/v1/products;POST /admin-api/v1/products;PATCH /admin-api/v1/products/{id};GET /admin-api/v1/skus;POST /admin-api/v1/skus;PATCH /admin-api/v1/skus/{id};GET /admin-api/v1/orders;GET /admin-api/v1/orders/{orderNo},REQ-NOREFUND-001;REQ-PRODUCT-001;REQ-ORDER-001,payment.active_gateway;payment.caihong.base_url;payment.caihong.merchant_id;payment.caihong.merchant_key;payment.caihong.sign_type;payment.caihong.enabled_channels;payment.notify_url;payment.return_url;platform.brand.name;platform.brand.slogan;platform.brand.logo_media_id;platform.customer_service.name;platform.customer_service.contact,orders;order_items;order_price_snapshots;products;product_skus;sku_commission_policies;system_configs,TST-NOREFUND_001-HAPPY;TST-NOREFUND_001-IDEMPOTENT;TST-NOREFUND_001-REJECT;TST-ORDER_001-HAPPY;TST-ORDER_001-IDEMPOTENT;TST-ORDER_001-REJECT;TST-PRODUCT_001-HAPPY;TST-PRODUCT_001-IDEMPOTENT;TST-PRODUCT_001-REJECT,R02;R06,tech_lead;backend_engineer;database_engineer;test_engineer;devops_engineer,OpenAPI、状态机、数据库迁移、配置Schema和页面契约引用一致，代码生成不得产生手工分叉 || 每个需求可追溯到页面/API/表/配置/测试/故事；不适用项必须显式N/A并说明 || 版本DoR全部PASS后方可编码；出口仍按原RELEASE_MANIFEST和ACCEPTANCE_MATRIX执行 || 变更必须通过CR，更新唯一事实源并重新生成全部派生目录和哈希 || 完成Session Log、追踪矩阵、发布证据和下一任务交接,READY,READY_FOR_IMPLEMENTATION
STORY-R17-001,R17,支付：支付交易、支付对账,作为具备 payment.read 的后台员工；写操作另需 payment.manage，我需要完成支付交易、支付对账的完整业务流程，以便在不依赖研发临时决策的情况下实现回调、查单、异常。,ADMIN,支付,ADM-FINANCE,ADM-PAY-001;ADM-RECON-001,adminPaymentsGetPayments;adminPaymentsGetPaymentCallbacks;adminPaymentsPostPaymentsByIdQuery;adminPaymentsGetPaymentExceptions;adminPaymentsPostPaymentExceptionsByIdResolve;adminPaymentsPostPaymentReconciliationRun,GET /admin-api/v1/payments;GET /admin-api/v1/payment-callbacks;POST /admin-api/v1/payments/{id}/query;GET /admin-api/v1/payment-exceptions;POST /admin-api/v1/payment-exceptions/{id}/resolve;POST /admin-api/v1/payment-reconciliation/run,REQ-PAY-002;REQ-LEDGER-001,platform.brand.name;platform.brand.slogan;platform.brand.logo_media_id;platform.customer_service.name;platform.customer_service.contact,payment_transactions;payment_callbacks;payment_exception_orders;payment_reconciliation_records;accounting_transactions;accounting_entries;orders;reward_accounts;reward_ledger;reward_settlements;reward_freezes;payout_accounts;withdrawal_requests;payout_transactions;payout_callbacks;payout_reconciliation_records,TST-PAY_002-HAPPY;TST-LEDGER_001-HAPPY;TST-PAY_002-IDEMPOTENT;TST-LEDGER_001-IDEMPOTENT,R03;R16,admin_frontend_engineer;backend_engineer;test_engineer,ADM-PAY-001;ADM-RECON-001 全部绑定模板 ADM-FINANCE，字段、状态、动作、导航和错误恢复无TBD || 页面调用 operationId：adminPaymentsGetPayments;adminPaymentsGetPaymentCallbacks;adminPaymentsPostPaymentsByIdQuery;adminPaymentsGetPaymentExceptions;adminPaymentsPostPaymentExceptionsByIdResolve;adminPaymentsPostPaymentReconciliationRun；请求/响应字段不得另行发明 || 按钮显示、可用和确认条件与服务端状态机、权限、expectedVersion、幂等策略一致 || 首屏、空、刷新、翻页/局部失败、无权限、404、离线和版本冲突状态按页面状态目录实现 || 敏感字段按分级脱敏；高敏读取和后台写操作完整审计 || 自动化覆盖：TST-PAY_002-HAPPY;TST-LEDGER_001-HAPPY;TST-PAY_002-IDEMPOTENT;TST-LEDGER_001-IDEMPOTENT,READY,READY_FOR_IMPLEMENTATION
STORY-R17-002,R17,H5：支付结果,作为公开访客或从分享/邀请/支付/实名流程进入的用户，我需要完成支付结果的完整业务流程，以便在不依赖研发临时决策的情况下实现展示平台查单结果。,H5,H5,H5-CALLBACK,H5-009,paymentGetOrdersByOrdernoPaymentStatus,GET /api/v1/orders/{orderNo}/payment-status,REQ-PAY-001;REQ-PAY-002,payment.active_gateway;payment.caihong.base_url;payment.caihong.merchant_id;payment.caihong.merchant_key;payment.caihong.sign_type;payment.caihong.enabled_channels;payment.notify_url;payment.return_url,orders;payment_transactions;payment_callbacks;payment_exception_orders;payment_reconciliation_records;accounting_transactions;accounting_entries,TST-PAY_001-HAPPY;TST-PAY_002-HAPPY,R03;R16,web_frontend_engineer;backend_engineer;test_engineer,H5-009 全部绑定模板 H5-CALLBACK，字段、状态、动作、导航和错误恢复无TBD || 页面调用 operationId：paymentGetOrdersByOrdernoPaymentStatus；请求/响应字段不得另行发明 || 按钮显示、可用和确认条件与服务端状态机、权限、expectedVersion、幂等策略一致 || 首屏、空、刷新、翻页/局部失败、无权限、404、离线和版本冲突状态按页面状态目录实现 || 敏感字段按分级脱敏；高敏读取和后台写操作完整审计 || 自动化覆盖：TST-PAY_001-HAPPY;TST-PAY_002-HAPPY,READY,READY_FOR_IMPLEMENTATION
STORY-R17-003,R17,H5：统一收银台,作为公开访客或从分享/邀请/支付/实名流程进入的用户，我需要完成统一收银台的完整业务流程，以便在不依赖研发临时决策的情况下实现商品、渠道、协议。,H5,H5,MOB-CHECKOUT,H5-008,paymentGetOrdersByOrdernoCashier;paymentPostOrdersByOrdernoPayments,GET /api/v1/orders/{orderNo}/cashier;POST /api/v1/orders/{orderNo}/payments,REQ-PAY-001;REQ-PAY-002,payment.active_gateway;payment.caihong.base_url;payment.caihong.merchant_id;payment.caihong.merchant_key;payment.caihong.sign_type;payment.caihong.enabled_channels;payment.notify_url;payment.return_url,orders;payment_transactions;payment_callbacks;payment_exception_orders;payment_reconciliation_records;accounting_transactions;accounting_entries,TST-PAY_001-HAPPY;TST-PAY_002-HAPPY;TST-PAY_001-IDEMPOTENT;TST-PAY_002-IDEMPOTENT,R03;R16,web_frontend_engineer;backend_engineer;test_engineer,H5-008 全部绑定模板 MOB-CHECKOUT，字段、状态、动作、导航和错误恢复无TBD || 页面调用 operationId：paymentGetOrdersByOrdernoCashier;paymentPostOrdersByOrdernoPayments；请求/响应字段不得另行发明 || 按钮显示、可用和确认条件与服务端状态机、权限、expectedVersion、幂等策略一致 || 首屏、空、刷新、翻页/局部失败、无权限、404、离线和版本冲突状态按页面状态目录实现 || 敏感字段按分级脱敏；高敏读取和后台写操作完整审计 || 自动化覆盖：TST-PAY_001-HAPPY;TST-PAY_002-HAPPY;TST-PAY_001-IDEMPOTENT;TST-PAY_002-IDEMPOTENT,READY,READY_FOR_IMPLEMENTATION
STORY-R17-004,R17,支付抽象与H5统一收银台：契约、数据、配置、测试与交接,作为技术负责人，我需要按冻结的 R17 契约和DoR完成数据、后端、配置、测试、观测与交接，使前端故事能够稳定落地并可追溯。,CROSS_PLATFORM,工程治理,N/A,H5-008;H5-009;ADM-PAY-001;ADM-RECON-001,paymentGetOrdersByOrdernoCashier;paymentPostOrdersByOrdernoPayments;paymentGetOrdersByOrdernoPaymentStatus;paymentPostPaymentByGatewayNotify;adminPaymentsGetPayments;adminPaymentsGetPaymentCallbacks;adminPaymentsPostPaymentsByIdQuery;adminPaymentsGetPaymentExceptions;adminPaymentsPostPaymentExceptionsByIdResolve;adminPaymentsPostPaymentReconciliationRun,GET /api/v1/orders/{orderNo}/cashier;POST /api/v1/orders/{orderNo}/payments;GET /api/v1/orders/{orderNo}/payment-status;POST /public-api/v1/payment/{gateway}/notify;GET /admin-api/v1/payments;GET /admin-api/v1/payment-callbacks;POST /admin-api/v1/payments/{id}/query;GET /admin-api/v1/payment-exceptions;POST /admin-api/v1/payment-exceptions/{id}/resolve;POST /admin-api/v1/payment-reconciliation/run,REQ-PAY-001;REQ-PAY-002;REQ-LEDGER-001,payment.active_gateway;payment.caihong.base_url;payment.caihong.merchant_id;payment.caihong.merchant_key;payment.caihong.sign_type;payment.caihong.enabled_channels;payment.notify_url;payment.return_url;platform.brand.name;platform.brand.slogan;platform.brand.logo_media_id;platform.customer_service.name;platform.customer_service.contact,orders;payment_transactions;payment_callbacks;payment_exception_orders;payment_reconciliation_records;accounting_transactions;accounting_entries;reward_accounts;reward_ledger;reward_settlements;reward_freezes;payout_accounts;withdrawal_requests;payout_transactions;payout_callbacks;payout_reconciliation_records,TST-PAY_001-CONCURRENCY;TST-PAY_001-HAPPY;TST-PAY_001-IDEMPOTENT;TST-PAY_001-RECOVERY;TST-PAY_001-REJECT;TST-PAY_002-CONCURRENCY;TST-PAY_002-HAPPY;TST-PAY_002-IDEMPOTENT;TST-PAY_002-RECOVERY;TST-PAY_002-REJECT,R03;R16,tech_lead;backend_engineer;database_engineer;test_engineer;devops_engineer,OpenAPI、状态机、数据库迁移、配置Schema和页面契约引用一致，代码生成不得产生手工分叉 || 每个需求可追溯到页面/API/表/配置/测试/故事；不适用项必须显式N/A并说明 || 版本DoR全部PASS后方可编码；出口仍按原RELEASE_MANIFEST和ACCEPTANCE_MATRIX执行 || 变更必须通过CR，更新唯一事实源并重新生成全部派生目录和哈希 || 完成Session Log、追踪矩阵、发布证据和下一任务交接,READY,READY_FOR_IMPLEMENTATION
STORY-R18-001,R18,会员：会员SKU、用户会员,作为具备 membership.manage 的后台员工；写操作另需 membership.manage，我需要完成会员SKU、用户会员的完整业务流程，以便在不依赖研发临时决策的情况下实现月季年和权益。,ADMIN,会员,ADM-LIST,ADM-MEMBER-001;ADM-MEMBER-002,adminMembershipGetMembershipSkus;adminMembershipPatchMembershipSkusById;adminMembershipPutMembershipSkusByIdBenefits;adminMembershipGetUserMemberships;adminMembershipPostUserMembershipsGrants,GET /admin-api/v1/membership/skus;PATCH /admin-api/v1/membership/skus/{id};PUT /admin-api/v1/membership/skus/{id}/benefits;GET /admin-api/v1/user-memberships;POST /admin-api/v1/user-memberships/grants,REQ-MEMBER-003,membership.upgrade.time_precision;membership.upgrade.rounding;membership.upgrade.preserve_gift_days;membership.public_badge.text;membership.public_badge.enabled,membership_plans;membership_skus;user_memberships;membership_entitlement_segments;membership_benefit_snapshots;membership_upgrade_quotes,TST-MEMBER_003-HAPPY;TST-MEMBER_003-IDEMPOTENT,R17,admin_frontend_engineer;backend_engineer;test_engineer,ADM-MEMBER-001;ADM-MEMBER-002 全部绑定模板 ADM-LIST，字段、状态、动作、导航和错误恢复无TBD || 页面调用 operationId：adminMembershipGetMembershipSkus;adminMembershipPatchMembershipSkusById;adminMembershipPutMembershipSkusByIdBenefits;adminMembershipGetUserMemberships;adminMembershipPostUserMembershipsGrants；请求/响应字段不得另行发明 || 按钮显示、可用和确认条件与服务端状态机、权限、expectedVersion、幂等策略一致 || 首屏、空、刷新、翻页/局部失败、无权限、404、离线和版本冲突状态按页面状态目录实现 || 敏感字段按分级脱敏；高敏读取和后台写操作完整审计 || 自动化覆盖：TST-MEMBER_003-HAPPY;TST-MEMBER_003-IDEMPOTENT,READY,READY_FOR_IMPLEMENTATION
STORY-R18-002,R18,会员：会员购买确认、会员升级,作为已登录用户；公开能力仅限文档明确的H5页面，我需要完成会员购买确认、会员升级的完整业务流程，以便在不依赖研发临时决策的情况下实现价格和协议。,ANDROID,会员,MOB-CHECKOUT,SCR-MEMBER-002;SCR-MEMBER-003,membershipGetMembershipSkus;membershipPostMembershipOrders;membershipPostMembershipUpgradeQuotes;membershipPostMembershipUpgradeOrders,GET /api/v1/membership/skus;POST /api/v1/membership/orders;POST /api/v1/membership/upgrade-quotes;POST /api/v1/membership/upgrade-orders,REQ-MEMBER-001;REQ-MEMBER-002;REQ-MEMBER-003,membership.upgrade.time_precision;membership.upgrade.rounding;membership.upgrade.preserve_gift_days;membership.public_badge.text;membership.public_badge.enabled,membership_plans;membership_skus;user_memberships;membership_entitlement_segments;membership_benefit_snapshots;membership_upgrade_quotes,TST-MEMBER_001-HAPPY;TST-MEMBER_002-HAPPY;TST-MEMBER_003-HAPPY;TST-MEMBER_001-IDEMPOTENT;TST-MEMBER_002-IDEMPOTENT;TST-MEMBER_003-IDEMPOTENT,R17,android_engineer;backend_engineer;test_engineer,SCR-MEMBER-002;SCR-MEMBER-003 全部绑定模板 MOB-CHECKOUT，字段、状态、动作、导航和错误恢复无TBD || 页面调用 operationId：membershipGetMembershipSkus;membershipPostMembershipOrders;membershipPostMembershipUpgradeQuotes;membershipPostMembershipUpgradeOrders；请求/响应字段不得另行发明 || 按钮显示、可用和确认条件与服务端状态机、权限、expectedVersion、幂等策略一致 || 首屏、空、刷新、翻页/局部失败、无权限、404、离线和版本冲突状态按页面状态目录实现 || 敏感字段按分级脱敏；高敏读取和后台写操作完整审计 || 自动化覆盖：TST-MEMBER_001-HAPPY;TST-MEMBER_002-HAPPY;TST-MEMBER_003-HAPPY;TST-MEMBER_001-IDEMPOTENT;TST-MEMBER_002-IDEMPOTENT;TST-MEMBER_003-IDEMPOTENT,READY,READY_FOR_IMPLEMENTATION
STORY-R18-003,R18,会员：会员中心、会员权益明细,作为已登录用户；公开能力仅限文档明确的H5页面，我需要完成会员中心、会员权益明细的完整业务流程，以便在不依赖研发临时决策的情况下实现月季年SKU和权益。,ANDROID,会员,MOB-DETAIL,SCR-MEMBER-001;SCR-MEMBER-004,membershipGetMembershipSkus;membershipGetMeMembership,GET /api/v1/membership/skus;GET /api/v1/me/membership,REQ-MEMBER-001;REQ-MEMBER-002;REQ-MEMBER-003,membership.upgrade.time_precision;membership.upgrade.rounding;membership.upgrade.preserve_gift_days;membership.public_badge.text;membership.public_badge.enabled,membership_plans;membership_skus;user_memberships;membership_entitlement_segments;membership_benefit_snapshots;membership_upgrade_quotes,TST-MEMBER_001-HAPPY;TST-MEMBER_002-HAPPY;TST-MEMBER_003-HAPPY,R17,android_engineer;backend_engineer;test_engineer,SCR-MEMBER-001;SCR-MEMBER-004 全部绑定模板 MOB-DETAIL，字段、状态、动作、导航和错误恢复无TBD || 页面调用 operationId：membershipGetMembershipSkus;membershipGetMeMembership；请求/响应字段不得另行发明 || 按钮显示、可用和确认条件与服务端状态机、权限、expectedVersion、幂等策略一致 || 首屏、空、刷新、翻页/局部失败、无权限、404、离线和版本冲突状态按页面状态目录实现 || 敏感字段按分级脱敏；高敏读取和后台写操作完整审计 || 自动化覆盖：TST-MEMBER_001-HAPPY;TST-MEMBER_002-HAPPY;TST-MEMBER_003-HAPPY,READY,READY_FOR_IMPLEMENTATION
STORY-R18-004,R18,Pro会员与补差升级：契约、数据、配置、测试与交接,作为技术负责人，我需要按冻结的 R18 契约和DoR完成数据、后端、配置、测试、观测与交接，使前端故事能够稳定落地并可追溯。,CROSS_PLATFORM,工程治理,N/A,SCR-MEMBER-001;SCR-MEMBER-002;SCR-MEMBER-003;SCR-MEMBER-004;ADM-MEMBER-001;ADM-MEMBER-002,membershipGetMembershipSkus;membershipGetMeMembership;membershipPostMembershipOrders;membershipPostMembershipUpgradeQuotes;membershipPostMembershipUpgradeOrders;adminMembershipGetMembershipSkus;adminMembershipPatchMembershipSkusById;adminMembershipPutMembershipSkusByIdBenefits;adminMembershipGetUserMemberships;adminMembershipPostUserMembershipsGrants,GET /api/v1/membership/skus;GET /api/v1/me/membership;POST /api/v1/membership/orders;POST /api/v1/membership/upgrade-quotes;POST /api/v1/membership/upgrade-orders;GET /admin-api/v1/membership/skus;PATCH /admin-api/v1/membership/skus/{id};PUT /admin-api/v1/membership/skus/{id}/benefits;GET /admin-api/v1/user-memberships;POST /admin-api/v1/user-memberships/grants,REQ-MEMBER-001;REQ-MEMBER-002;REQ-MEMBER-003,membership.upgrade.time_precision;membership.upgrade.rounding;membership.upgrade.preserve_gift_days;membership.public_badge.text;membership.public_badge.enabled,membership_plans;membership_skus;user_memberships;membership_entitlement_segments;membership_benefit_snapshots;membership_upgrade_quotes,TST-MEMBER_001-HAPPY;TST-MEMBER_001-IDEMPOTENT;TST-MEMBER_001-REJECT;TST-MEMBER_002-HAPPY;TST-MEMBER_002-IDEMPOTENT;TST-MEMBER_002-REJECT;TST-MEMBER_003-HAPPY;TST-MEMBER_003-IDEMPOTENT;TST-MEMBER_003-REJECT,R17,tech_lead;backend_engineer;database_engineer;test_engineer;devops_engineer,OpenAPI、状态机、数据库迁移、配置Schema和页面契约引用一致，代码生成不得产生手工分叉 || 每个需求可追溯到页面/API/表/配置/测试/故事；不适用项必须显式N/A并说明 || 版本DoR全部PASS后方可编码；出口仍按原RELEASE_MANIFEST和ACCEPTANCE_MATRIX执行 || 变更必须通过CR，更新唯一事实源并重新生成全部派生目录和哈希 || 完成Session Log、追踪矩阵、发布证据和下一任务交接,READY,READY_FOR_IMPLEMENTATION
STORY-R19-001,R19,道具：道具商品、资源位与排期、执行日志,作为具备 prop.manage 的后台员工；写操作另需 prop.manage，我需要完成道具商品、资源位与排期、执行日志的完整业务流程，以便在不依赖研发临时决策的情况下实现四种道具。,ADMIN,道具,ADM-LIST,ADM-PROP-001;ADM-PROP-002;ADM-PROP-003,adminPropsGetProps;adminPropsPatchPropsById;adminPropsGetHeadlineSlots;adminPropsPostHeadlineSlots;adminPropsGetPropExecutions,GET /admin-api/v1/props;PATCH /admin-api/v1/props/{id};GET /admin-api/v1/headline-slots;POST /admin-api/v1/headline-slots;GET /admin-api/v1/prop-executions,REQ-PROP-002,props.top_duration_seconds;props.headline_duration_seconds;props.color_duration_seconds;props.refresh_cooldown_seconds;props.same_type.stack_duration;props.same_page.deduplicate_content;props.refresh.daily_limit.normal;props.refresh.daily_limit.month,system_configs;prop_products;prop_skus;user_props;content_exposure_entitlements;content_refresh_records;headline_slot_bookings;prop_execution_logs,TST-PROP_002-HAPPY;TST-PROP_002-IDEMPOTENT,R17;R12,admin_frontend_engineer;backend_engineer;test_engineer,ADM-PROP-001;ADM-PROP-002;ADM-PROP-003 全部绑定模板 ADM-LIST，字段、状态、动作、导航和错误恢复无TBD || 页面调用 operationId：adminPropsGetProps;adminPropsPatchPropsById;adminPropsGetHeadlineSlots;adminPropsPostHeadlineSlots;adminPropsGetPropExecutions；请求/响应字段不得另行发明 || 按钮显示、可用和确认条件与服务端状态机、权限、expectedVersion、幂等策略一致 || 首屏、空、刷新、翻页/局部失败、无权限、404、离线和版本冲突状态按页面状态目录实现 || 敏感字段按分级脱敏；高敏读取和后台写操作完整审计 || 自动化覆盖：TST-PROP_002-HAPPY;TST-PROP_002-IDEMPOTENT,READY,READY_FOR_IMPLEMENTATION
STORY-R19-002,R19,道具：使用道具,作为已登录用户；公开能力仅限文档明确的H5页面，我需要完成使用道具的完整业务流程，以便在不依赖研发临时决策的情况下实现选择内容和确认。,ANDROID,道具,MOB-FORM,SCR-PROP-003,propGetMeProps;propPostMePropsByIdUse,GET /api/v1/me/props;POST /api/v1/me/props/{id}/use,REQ-PROP-001;REQ-PROP-002,props.top_duration_seconds;props.headline_duration_seconds;props.color_duration_seconds;props.refresh_cooldown_seconds;props.same_type.stack_duration;props.same_page.deduplicate_content;props.refresh.daily_limit.normal;props.refresh.daily_limit.month,prop_products;prop_skus;user_props;content_exposure_entitlements;content_refresh_records;headline_slot_bookings;prop_execution_logs;system_configs,TST-PROP_001-HAPPY;TST-PROP_002-HAPPY;TST-PROP_001-IDEMPOTENT;TST-PROP_002-IDEMPOTENT,R17;R12,android_engineer;backend_engineer;test_engineer,SCR-PROP-003 全部绑定模板 MOB-FORM，字段、状态、动作、导航和错误恢复无TBD || 页面调用 operationId：propGetMeProps;propPostMePropsByIdUse；请求/响应字段不得另行发明 || 按钮显示、可用和确认条件与服务端状态机、权限、expectedVersion、幂等策略一致 || 首屏、空、刷新、翻页/局部失败、无权限、404、离线和版本冲突状态按页面状态目录实现 || 敏感字段按分级脱敏；高敏读取和后台写操作完整审计 || 自动化覆盖：TST-PROP_001-HAPPY;TST-PROP_002-HAPPY;TST-PROP_001-IDEMPOTENT;TST-PROP_002-IDEMPOTENT,READY,READY_FOR_IMPLEMENTATION
STORY-R19-003,R19,道具：道具商城、我的道具,作为已登录用户；公开能力仅限文档明确的H5页面，我需要完成道具商城、我的道具的完整业务流程，以便在不依赖研发临时决策的情况下实现四类道具。,ANDROID,道具,MOB-LIST,SCR-PROP-001;SCR-PROP-002,propGetPropsStore;propPostPropsOrders;propGetMeProps,GET /api/v1/props/store;POST /api/v1/props/orders;GET /api/v1/me/props,REQ-PROP-001;REQ-PROP-002,props.top_duration_seconds;props.headline_duration_seconds;props.color_duration_seconds;props.refresh_cooldown_seconds;props.same_type.stack_duration;props.same_page.deduplicate_content;props.refresh.daily_limit.normal;props.refresh.daily_limit.month,prop_products;prop_skus;user_props;content_exposure_entitlements;content_refresh_records;headline_slot_bookings;prop_execution_logs;system_configs,TST-PROP_001-HAPPY;TST-PROP_002-HAPPY;TST-PROP_001-IDEMPOTENT;TST-PROP_002-IDEMPOTENT,R17;R12,android_engineer;backend_engineer;test_engineer,SCR-PROP-001;SCR-PROP-002 全部绑定模板 MOB-LIST，字段、状态、动作、导航和错误恢复无TBD || 页面调用 operationId：propGetPropsStore;propPostPropsOrders;propGetMeProps；请求/响应字段不得另行发明 || 按钮显示、可用和确认条件与服务端状态机、权限、expectedVersion、幂等策略一致 || 首屏、空、刷新、翻页/局部失败、无权限、404、离线和版本冲突状态按页面状态目录实现 || 敏感字段按分级脱敏；高敏读取和后台写操作完整审计 || 自动化覆盖：TST-PROP_001-HAPPY;TST-PROP_002-HAPPY;TST-PROP_001-IDEMPOTENT;TST-PROP_002-IDEMPOTENT,READY,READY_FOR_IMPLEMENTATION
STORY-R19-004,R19,道具与曝光层级：契约、数据、配置、测试与交接,作为技术负责人，我需要按冻结的 R19 契约和DoR完成数据、后端、配置、测试、观测与交接，使前端故事能够稳定落地并可追溯。,CROSS_PLATFORM,工程治理,N/A,SCR-PROP-001;SCR-PROP-002;SCR-PROP-003;ADM-PROP-001;ADM-PROP-002;ADM-PROP-003,propGetPropsStore;propGetMeProps;propPostPropsOrders;propPostMePropsByIdUse;adminPropsGetProps;adminPropsPatchPropsById;adminPropsGetHeadlineSlots;adminPropsPostHeadlineSlots;adminPropsGetPropExecutions,GET /api/v1/props/store;GET /api/v1/me/props;POST /api/v1/props/orders;POST /api/v1/me/props/{id}/use;GET /admin-api/v1/props;PATCH /admin-api/v1/props/{id};GET /admin-api/v1/headline-slots;POST /admin-api/v1/headline-slots;GET /admin-api/v1/prop-executions,REQ-PROP-001;REQ-PROP-002,props.top_duration_seconds;props.headline_duration_seconds;props.color_duration_seconds;props.refresh_cooldown_seconds;props.same_type.stack_duration;props.same_page.deduplicate_content;props.refresh.daily_limit.normal;props.refresh.daily_limit.month,prop_products;prop_skus;user_props;content_exposure_entitlements;content_refresh_records;headline_slot_bookings;prop_execution_logs;system_configs,TST-PROP_001-HAPPY;TST-PROP_001-IDEMPOTENT;TST-PROP_001-REJECT;TST-PROP_002-HAPPY;TST-PROP_002-IDEMPOTENT;TST-PROP_002-REJECT,R17;R12,tech_lead;backend_engineer;database_engineer;test_engineer;devops_engineer,OpenAPI、状态机、数据库迁移、配置Schema和页面契约引用一致，代码生成不得产生手工分叉 || 每个需求可追溯到页面/API/表/配置/测试/故事；不适用项必须显式N/A并说明 || 版本DoR全部PASS后方可编码；出口仍按原RELEASE_MANIFEST和ACCEPTANCE_MATRIX执行 || 变更必须通过CR，更新唯一事实源并重新生成全部派生目录和哈希 || 完成Session Log、追踪矩阵、发布证据和下一任务交接,READY,READY_FOR_IMPLEMENTATION
STORY-R20-001,R20,红包：红包活动列表,作为具备 redpacket.read 的后台员工；写操作另需 redpacket.manage，我需要完成红包活动列表的完整业务流程，以便在不依赖研发临时决策的情况下实现活动状态和金额。,ADMIN,红包,ADM-LIST,ADM-RP-001,adminRedPacketGetRedPacketCampaigns;adminRedPacketGetRedPacketCampaignsById;adminRedPacketGetRedPacketCampaignsByIdSessions;adminRedPacketGetRedPacketCampaignsByIdClaims;adminRedPacketGetRedPacketCampaignsByIdLedger,GET /admin-api/v1/red-packet-campaigns;GET /admin-api/v1/red-packet-campaigns/{id};GET /admin-api/v1/red-packet-campaigns/{id}/sessions;GET /admin-api/v1/red-packet-campaigns/{id}/claims;GET /admin-api/v1/red-packet-campaigns/{id}/ledger,REQ-RP-004;REQ-RP-006,red_packet.default_view_seconds;red_packet.reservation_min_seconds;red_packet.unit_amount_min_cent;red_packet.unit_amount_max_cent;red_packet.min_count;red_packet.service_fee_bps;red_packet.one_active_per_content;red_packet.allow_raise_unit_amount,red_packet_campaigns;red_packet_campaign_versions;red_packet_quotes;red_packet_orders;red_packet_stock;red_packet_view_sessions;red_packet_reservations;red_packet_claims;red_packet_ledger;reward_ledger;outbox_events;reward_accounts;reward_settlements;reward_freezes;accounting_entries,TST-RP_004-HAPPY;TST-RP_006-HAPPY,R05;R12;R17,admin_frontend_engineer;backend_engineer;test_engineer,ADM-RP-001 全部绑定模板 ADM-LIST，字段、状态、动作、导航和错误恢复无TBD || 页面调用 operationId：adminRedPacketGetRedPacketCampaigns;adminRedPacketGetRedPacketCampaignsById;adminRedPacketGetRedPacketCampaignsByIdSessions;adminRedPacketGetRedPacketCampaignsByIdClaims;adminRedPacketGetRedPacketCampaignsByIdLedger；请求/响应字段不得另行发明 || 按钮显示、可用和确认条件与服务端状态机、权限、expectedVersion、幂等策略一致 || 首屏、空、刷新、翻页/局部失败、无权限、404、离线和版本冲突状态按页面状态目录实现 || 敏感字段按分级脱敏；高敏读取和后台写操作完整审计 || 自动化覆盖：TST-RP_004-HAPPY;TST-RP_006-HAPPY,READY,READY_FOR_IMPLEMENTATION
STORY-R20-002,R20,红包：红包预审核,作为具备 redpacket.read 的后台员工；写操作另需 redpacket.manage，我需要完成红包预审核的完整业务流程，以便在不依赖研发临时决策的情况下实现规则和内容联查。,ADMIN,红包,ADM-REVIEW,ADM-RP-003,adminRedPacketGetRedPacketCampaigns;adminRedPacketGetRedPacketCampaignsById;adminRedPacketPostRedPacketCampaignsByIdReview;adminRedPacketPostRedPacketCampaignsByIdPause;adminRedPacketPostRedPacketCampaignsByIdResume;adminRedPacketPostRedPacketCampaignsByIdTerminate;adminRedPacketGetRedPacketCampaignsByIdSessions;adminRedPacketGetRedPacketCampaignsByIdClaims,GET /admin-api/v1/red-packet-campaigns;GET /admin-api/v1/red-packet-campaigns/{id};POST /admin-api/v1/red-packet-campaigns/{id}/review;POST /admin-api/v1/red-packet-campaigns/{id}/pause;POST /admin-api/v1/red-packet-campaigns/{id}/resume;POST /admin-api/v1/red-packet-campaigns/{id}/terminate;GET /admin-api/v1/red-packet-campaigns/{id}/sessions;GET /admin-api/v1/red-packet-campaigns/{id}/claims,REQ-RP-004;REQ-RP-006,red_packet.default_view_seconds;red_packet.reservation_min_seconds;red_packet.unit_amount_min_cent;red_packet.unit_amount_max_cent;red_packet.min_count;red_packet.service_fee_bps;red_packet.one_active_per_content;red_packet.allow_raise_unit_amount,red_packet_campaigns;red_packet_campaign_versions;red_packet_quotes;red_packet_orders;red_packet_stock;red_packet_view_sessions;red_packet_reservations;red_packet_claims;red_packet_ledger;reward_ledger;outbox_events;reward_accounts;reward_settlements;reward_freezes;accounting_entries,TST-RP_004-HAPPY;TST-RP_006-HAPPY;TST-RP_004-IDEMPOTENT;TST-RP_006-IDEMPOTENT,R05;R12;R17,admin_frontend_engineer;backend_engineer;test_engineer,ADM-RP-003 全部绑定模板 ADM-REVIEW，字段、状态、动作、导航和错误恢复无TBD || 页面调用 operationId：adminRedPacketGetRedPacketCampaigns;adminRedPacketGetRedPacketCampaignsById;adminRedPacketPostRedPacketCampaignsByIdReview;adminRedPacketPostRedPacketCampaignsByIdPause;adminRedPacketPostRedPacketCampaignsByIdResume;adminRedPacketPostRedPacketCampaignsByIdTerminate;adminRedPacketGetRedPacketCampaignsByIdSessions;adminRedPacketGetRedPacketCampaignsByIdClaims；请求/响应字段不得另行发明 || 按钮显示、可用和确认条件与服务端状态机、权限、expectedVersion、幂等策略一致 || 首屏、空、刷新、翻页/局部失败、无权限、404、离线和版本冲突状态按页面状态目录实现 || 敏感字段按分级脱敏；高敏读取和后台写操作完整审计 || 自动化覆盖：TST-RP_004-HAPPY;TST-RP_006-HAPPY;TST-RP_004-IDEMPOTENT;TST-RP_006-IDEMPOTENT,READY,READY_FOR_IMPLEMENTATION
STORY-R20-003,R20,红包广告：红包报价确认,作为已登录且满足实名/发布能力的广告主，我需要完成红包报价确认的完整业务流程，以便在不依赖研发临时决策的情况下实现本金、服务费、不可退款。,ANDROID,红包广告,MOB-CHECKOUT,SCR-RP-ADV-004,redPacketPostRedPacketCampaignsByIdQuote;redPacketPostRedPacketCampaignsByIdOrders,POST /api/v1/red-packet-campaigns/{id}/quote;POST /api/v1/red-packet-campaigns/{id}/orders,REQ-RP-001;REQ-RP-004;REQ-RP-005,red_packet.default_view_seconds;red_packet.reservation_min_seconds;red_packet.unit_amount_min_cent;red_packet.unit_amount_max_cent;red_packet.min_count;red_packet.service_fee_bps;red_packet.one_active_per_content;red_packet.allow_raise_unit_amount,red_packet_campaigns;red_packet_campaign_versions;red_packet_quotes;red_packet_orders;red_packet_stock;red_packet_view_sessions;red_packet_reservations;red_packet_claims;red_packet_ledger;reward_ledger;outbox_events,TST-RP_001-HAPPY;TST-RP_004-HAPPY;TST-RP_005-HAPPY;TST-RP_001-IDEMPOTENT;TST-RP_004-IDEMPOTENT;TST-RP_005-IDEMPOTENT,R05;R12;R17,android_engineer;backend_engineer;test_engineer,SCR-RP-ADV-004 全部绑定模板 MOB-CHECKOUT，字段、状态、动作、导航和错误恢复无TBD || 页面调用 operationId：redPacketPostRedPacketCampaignsByIdQuote;redPacketPostRedPacketCampaignsByIdOrders；请求/响应字段不得另行发明 || 按钮显示、可用和确认条件与服务端状态机、权限、expectedVersion、幂等策略一致 || 首屏、空、刷新、翻页/局部失败、无权限、404、离线和版本冲突状态按页面状态目录实现 || 敏感字段按分级脱敏；高敏读取和后台写操作完整审计 || 自动化覆盖：TST-RP_001-HAPPY;TST-RP_004-HAPPY;TST-RP_005-HAPPY;TST-RP_001-IDEMPOTENT;TST-RP_004-IDEMPOTENT;TST-RP_005-IDEMPOTENT,READY,READY_FOR_IMPLEMENTATION
STORY-R20-004,R20,红包广告：创建红包,作为已登录且满足实名/发布能力的广告主，我需要完成创建红包的完整业务流程，以便在不依赖研发临时决策的情况下实现内容、金额、数量、浏览秒数。,ANDROID,红包广告,MOB-FORM,SCR-RP-ADV-002,redPacketPostRedPacketCampaigns;redPacketPatchRedPacketCampaignsById,POST /api/v1/red-packet-campaigns;PATCH /api/v1/red-packet-campaigns/{id},REQ-RP-001;REQ-RP-004;REQ-RP-005;REQ-PAGE-SPEC-001,red_packet.default_view_seconds;red_packet.reservation_min_seconds;red_packet.unit_amount_min_cent;red_packet.unit_amount_max_cent;red_packet.min_count;red_packet.service_fee_bps;red_packet.one_active_per_content;red_packet.allow_raise_unit_amount,red_packet_campaigns;red_packet_campaign_versions;red_packet_quotes;red_packet_orders;red_packet_stock;red_packet_view_sessions;red_packet_reservations;red_packet_claims;red_packet_ledger;reward_ledger;outbox_events,TST-RP_001-HAPPY;TST-RP_004-HAPPY;TST-RP_005-HAPPY;TST-RP_001-IDEMPOTENT;TST-RP_004-IDEMPOTENT;TST-RP_005-IDEMPOTENT;TST-V122-009,R05;R12;R17,android_engineer;backend_engineer;test_engineer,SCR-RP-ADV-002 全部绑定模板 MOB-FORM，字段、状态、动作、导航和错误恢复无TBD || 页面调用 operationId：redPacketPostRedPacketCampaigns;redPacketPatchRedPacketCampaignsById；请求/响应字段不得另行发明 || 按钮显示、可用和确认条件与服务端状态机、权限、expectedVersion、幂等策略一致 || 首屏、空、刷新、翻页/局部失败、无权限、404、离线和版本冲突状态按页面状态目录实现 || 敏感字段按分级脱敏；高敏读取和后台写操作完整审计 || 自动化覆盖：TST-RP_001-HAPPY;TST-RP_004-HAPPY;TST-RP_005-HAPPY;TST-RP_001-IDEMPOTENT;TST-RP_004-IDEMPOTENT;TST-RP_005-IDEMPOTENT;TST-V122-009,READY,READY_FOR_IMPLEMENTATION
STORY-R20-005,R20,红包广告：红包活动列表,作为已登录且满足实名/发布能力的广告主，我需要完成红包活动列表的完整业务流程，以便在不依赖研发临时决策的情况下实现广告主活动管理。,ANDROID,红包广告,MOB-LIST,SCR-RP-ADV-001,redPacketGetMeRedPacketCampaigns,GET /api/v1/me/red-packet-campaigns,REQ-RP-001;REQ-RP-004;REQ-RP-005,red_packet.default_view_seconds;red_packet.reservation_min_seconds;red_packet.unit_amount_min_cent;red_packet.unit_amount_max_cent;red_packet.min_count;red_packet.service_fee_bps;red_packet.one_active_per_content;red_packet.allow_raise_unit_amount,red_packet_campaigns;red_packet_campaign_versions;red_packet_quotes;red_packet_orders;red_packet_stock;red_packet_view_sessions;red_packet_reservations;red_packet_claims;red_packet_ledger;reward_ledger;outbox_events,TST-RP_001-HAPPY;TST-RP_004-HAPPY;TST-RP_005-HAPPY,R05;R12;R17,android_engineer;backend_engineer;test_engineer,SCR-RP-ADV-001 全部绑定模板 MOB-LIST，字段、状态、动作、导航和错误恢复无TBD || 页面调用 operationId：redPacketGetMeRedPacketCampaigns；请求/响应字段不得另行发明 || 按钮显示、可用和确认条件与服务端状态机、权限、expectedVersion、幂等策略一致 || 首屏、空、刷新、翻页/局部失败、无权限、404、离线和版本冲突状态按页面状态目录实现 || 敏感字段按分级脱敏；高敏读取和后台写操作完整审计 || 自动化覆盖：TST-RP_001-HAPPY;TST-RP_004-HAPPY;TST-RP_005-HAPPY,READY,READY_FOR_IMPLEMENTATION
STORY-R20-006,R20,红包广告：预审核结果,作为已登录且满足实名/发布能力的广告主，我需要完成预审核结果的完整业务流程，以便在不依赖研发临时决策的情况下实现审核状态和原因。,ANDROID,红包广告,MOB-STATUS,SCR-RP-ADV-003,redPacketGetRedPacketCampaignsById;redPacketPostRedPacketCampaignsByIdSubmitReview,GET /api/v1/red-packet-campaigns/{id};POST /api/v1/red-packet-campaigns/{id}/submit-review,REQ-RP-001;REQ-RP-004;REQ-RP-005,red_packet.default_view_seconds;red_packet.reservation_min_seconds;red_packet.unit_amount_min_cent;red_packet.unit_amount_max_cent;red_packet.min_count;red_packet.service_fee_bps;red_packet.one_active_per_content;red_packet.allow_raise_unit_amount,red_packet_campaigns;red_packet_campaign_versions;red_packet_quotes;red_packet_orders;red_packet_stock;red_packet_view_sessions;red_packet_reservations;red_packet_claims;red_packet_ledger;reward_ledger;outbox_events,TST-RP_001-HAPPY;TST-RP_004-HAPPY;TST-RP_005-HAPPY;TST-RP_001-IDEMPOTENT;TST-RP_004-IDEMPOTENT;TST-RP_005-IDEMPOTENT,R05;R12;R17,android_engineer;backend_engineer;test_engineer,SCR-RP-ADV-003 全部绑定模板 MOB-STATUS，字段、状态、动作、导航和错误恢复无TBD || 页面调用 operationId：redPacketGetRedPacketCampaignsById;redPacketPostRedPacketCampaignsByIdSubmitReview；请求/响应字段不得另行发明 || 按钮显示、可用和确认条件与服务端状态机、权限、expectedVersion、幂等策略一致 || 首屏、空、刷新、翻页/局部失败、无权限、404、离线和版本冲突状态按页面状态目录实现 || 敏感字段按分级脱敏；高敏读取和后台写操作完整审计 || 自动化覆盖：TST-RP_001-HAPPY;TST-RP_004-HAPPY;TST-RP_005-HAPPY;TST-RP_001-IDEMPOTENT;TST-RP_004-IDEMPOTENT;TST-RP_005-IDEMPOTENT,READY,READY_FOR_IMPLEMENTATION
STORY-R20-007,R20,红包活动创建与预审核：契约、数据、配置、测试与交接,作为技术负责人，我需要按冻结的 R20 契约和DoR完成数据、后端、配置、测试、观测与交接，使前端故事能够稳定落地并可追溯。,CROSS_PLATFORM,工程治理,N/A,SCR-RP-ADV-001;SCR-RP-ADV-002;SCR-RP-ADV-003;SCR-RP-ADV-004;ADM-RP-001;ADM-RP-003,,,REQ-RP-001;REQ-RP-004;REQ-LEDGER-001,red_packet.default_view_seconds;red_packet.reservation_min_seconds;red_packet.unit_amount_min_cent;red_packet.unit_amount_max_cent;red_packet.min_count;red_packet.service_fee_bps;red_packet.one_active_per_content;red_packet.allow_raise_unit_amount,red_packet_campaigns;red_packet_campaign_versions;red_packet_quotes;red_packet_orders;red_packet_stock;red_packet_view_sessions;red_packet_reservations;red_packet_claims;red_packet_ledger;reward_ledger;outbox_events;reward_accounts;reward_settlements;reward_freezes;accounting_entries;payout_accounts;withdrawal_requests;payout_transactions;payout_callbacks;payout_reconciliation_records;accounting_transactions;payment_transactions;payment_callbacks;payment_exception_orders;payment_reconciliation_records,TST-RP_001-CONCURRENCY;TST-RP_001-HAPPY;TST-RP_001-IDEMPOTENT;TST-RP_001-RECOVERY;TST-RP_001-REJECT;TST-RP_004-CONCURRENCY;TST-RP_004-HAPPY;TST-RP_004-IDEMPOTENT;TST-RP_004-RECOVERY;TST-RP_004-REJECT;TST-V122-009,R05;R12;R17,tech_lead;backend_engineer;database_engineer;test_engineer;devops_engineer,OpenAPI、状态机、数据库迁移、配置Schema和页面契约引用一致，代码生成不得产生手工分叉 || 每个需求可追溯到页面/API/表/配置/测试/故事；不适用项必须显式N/A并说明 || 版本DoR全部PASS后方可编码；出口仍按原RELEASE_MANIFEST和ACCEPTANCE_MATRIX执行 || 变更必须通过CR，更新唯一事实源并重新生成全部派生目录和哈希 || 完成Session Log、追踪矩阵、发布证据和下一任务交接,READY,READY_FOR_IMPLEMENTATION
STORY-R21-001,R21,红包广告：提高红包金额,作为已登录且满足实名/发布能力的广告主，我需要完成提高红包金额的完整业务流程，以便在不依赖研发临时决策的情况下实现新金额、差额报价和付款。,ANDROID,红包广告,MOB-CHECKOUT,SCR-RP-ADV-006,redPacketPostRedPacketCampaignsByIdIncreaseQuotes;redPacketPostRedPacketCampaignsByIdIncreaseOrders,POST /api/v1/red-packet-campaigns/{id}/increase-quotes;POST /api/v1/red-packet-campaigns/{id}/increase-orders,REQ-RP-001;REQ-RP-004;REQ-RP-005,red_packet.default_view_seconds;red_packet.reservation_min_seconds;red_packet.unit_amount_min_cent;red_packet.unit_amount_max_cent;red_packet.min_count;red_packet.service_fee_bps;red_packet.one_active_per_content;red_packet.allow_raise_unit_amount,red_packet_campaigns;red_packet_campaign_versions;red_packet_quotes;red_packet_orders;red_packet_stock;red_packet_view_sessions;red_packet_reservations;red_packet_claims;red_packet_ledger;reward_ledger;outbox_events,TST-RP_001-HAPPY;TST-RP_004-HAPPY;TST-RP_005-HAPPY;TST-RP_001-IDEMPOTENT;TST-RP_004-IDEMPOTENT;TST-RP_005-IDEMPOTENT,R20,android_engineer;backend_engineer;test_engineer,SCR-RP-ADV-006 全部绑定模板 MOB-CHECKOUT，字段、状态、动作、导航和错误恢复无TBD || 页面调用 operationId：redPacketPostRedPacketCampaignsByIdIncreaseQuotes;redPacketPostRedPacketCampaignsByIdIncreaseOrders；请求/响应字段不得另行发明 || 按钮显示、可用和确认条件与服务端状态机、权限、expectedVersion、幂等策略一致 || 首屏、空、刷新、翻页/局部失败、无权限、404、离线和版本冲突状态按页面状态目录实现 || 敏感字段按分级脱敏；高敏读取和后台写操作完整审计 || 自动化覆盖：TST-RP_001-HAPPY;TST-RP_004-HAPPY;TST-RP_005-HAPPY;TST-RP_001-IDEMPOTENT;TST-RP_004-IDEMPOTENT;TST-RP_005-IDEMPOTENT,READY,READY_FOR_IMPLEMENTATION
STORY-R21-002,R21,红包广告：红包活动详情,作为已登录且满足实名/发布能力的广告主，我需要完成红包活动详情的完整业务流程，以便在不依赖研发临时决策的情况下实现数据、暂停、恢复、关闭。,ANDROID,红包广告,MOB-DETAIL,SCR-RP-ADV-005,redPacketGetMeRedPacketCampaignsByIdAnalytics;redPacketPostRedPacketCampaignsByIdPause;redPacketPostRedPacketCampaignsByIdResume;redPacketPostRedPacketCampaignsByIdClose,GET /api/v1/me/red-packet-campaigns/{id}/analytics;POST /api/v1/red-packet-campaigns/{id}/pause;POST /api/v1/red-packet-campaigns/{id}/resume;POST /api/v1/red-packet-campaigns/{id}/close,REQ-RP-001;REQ-RP-004;REQ-RP-005,red_packet.default_view_seconds;red_packet.reservation_min_seconds;red_packet.unit_amount_min_cent;red_packet.unit_amount_max_cent;red_packet.min_count;red_packet.service_fee_bps;red_packet.one_active_per_content;red_packet.allow_raise_unit_amount,red_packet_campaigns;red_packet_campaign_versions;red_packet_quotes;red_packet_orders;red_packet_stock;red_packet_view_sessions;red_packet_reservations;red_packet_claims;red_packet_ledger;reward_ledger;outbox_events,TST-RP_001-HAPPY;TST-RP_004-HAPPY;TST-RP_005-HAPPY;TST-RP_001-IDEMPOTENT;TST-RP_004-IDEMPOTENT;TST-RP_005-IDEMPOTENT,R20,android_engineer;backend_engineer;test_engineer,SCR-RP-ADV-005 全部绑定模板 MOB-DETAIL，字段、状态、动作、导航和错误恢复无TBD || 页面调用 operationId：redPacketGetMeRedPacketCampaignsByIdAnalytics;redPacketPostRedPacketCampaignsByIdPause;redPacketPostRedPacketCampaignsByIdResume;redPacketPostRedPacketCampaignsByIdClose；请求/响应字段不得另行发明 || 按钮显示、可用和确认条件与服务端状态机、权限、expectedVersion、幂等策略一致 || 首屏、空、刷新、翻页/局部失败、无权限、404、离线和版本冲突状态按页面状态目录实现 || 敏感字段按分级脱敏；高敏读取和后台写操作完整审计 || 自动化覆盖：TST-RP_001-HAPPY;TST-RP_004-HAPPY;TST-RP_005-HAPPY;TST-RP_001-IDEMPOTENT;TST-RP_004-IDEMPOTENT;TST-RP_005-IDEMPOTENT,READY,READY_FOR_IMPLEMENTATION
STORY-R21-003,R21,红包付款、加价与暂停：契约、数据、配置、测试与交接,作为技术负责人，我需要按冻结的 R21 契约和DoR完成数据、后端、配置、测试、观测与交接，使前端故事能够稳定落地并可追溯。,CROSS_PLATFORM,工程治理,N/A,SCR-RP-ADV-005;SCR-RP-ADV-006,,,REQ-RP-002;REQ-RP-005,red_packet.default_view_seconds;red_packet.reservation_min_seconds;red_packet.unit_amount_min_cent;red_packet.unit_amount_max_cent;red_packet.min_count;red_packet.service_fee_bps;red_packet.one_active_per_content;red_packet.allow_raise_unit_amount,red_packet_campaigns;red_packet_campaign_versions;red_packet_quotes;red_packet_orders;red_packet_stock;red_packet_view_sessions;red_packet_heartbeats;red_packet_reservations;red_packet_claims;red_packet_task_evidence;red_packet_ledger;red_packet_campaign_stats;reward_ledger;outbox_events,TST-RP_002-CONCURRENCY;TST-RP_002-HAPPY;TST-RP_002-IDEMPOTENT;TST-RP_002-RECOVERY;TST-RP_002-REJECT;TST-RP_005-CONCURRENCY;TST-RP_005-HAPPY;TST-RP_005-IDEMPOTENT;TST-RP_005-RECOVERY;TST-RP_005-REJECT,R20,tech_lead;backend_engineer;database_engineer;test_engineer;devops_engineer,OpenAPI、状态机、数据库迁移、配置Schema和页面契约引用一致，代码生成不得产生手工分叉 || 每个需求可追溯到页面/API/表/配置/测试/故事；不适用项必须显式N/A并说明 || 版本DoR全部PASS后方可编码；出口仍按原RELEASE_MANIFEST和ACCEPTANCE_MATRIX执行 || 变更必须通过CR，更新唯一事实源并重新生成全部派生目录和哈希 || 完成Session Log、追踪矩阵、发布证据和下一任务交接,READY,READY_FOR_IMPLEMENTATION
STORY-R22-001,R22,红包：红包首页,作为已登录用户；公开能力仅限文档明确的H5页面，我需要完成红包首页的完整业务流程，以便在不依赖研发临时决策的情况下实现四类红包聚合。,ANDROID,红包,MOB-HOME,SCR-RP-001,redPacketGetRedPacketCampaigns,GET /api/v1/red-packet-campaigns,REQ-RP-003;REQ-RP-006,red_packet.default_view_seconds;red_packet.reservation_min_seconds;red_packet.unit_amount_min_cent;red_packet.unit_amount_max_cent;red_packet.min_count;red_packet.service_fee_bps;red_packet.one_active_per_content;red_packet.allow_raise_unit_amount,red_packet_campaigns;red_packet_campaign_versions;red_packet_quotes;red_packet_orders;red_packet_stock;red_packet_view_sessions;red_packet_reservations;red_packet_claims;red_packet_ledger;reward_ledger;outbox_events;reward_accounts;reward_settlements;reward_freezes;accounting_entries,TST-RP_003-HAPPY;TST-RP_006-HAPPY,R21,android_engineer;backend_engineer;test_engineer,SCR-RP-001 全部绑定模板 MOB-HOME，字段、状态、动作、导航和错误恢复无TBD || 页面调用 operationId：redPacketGetRedPacketCampaigns；请求/响应字段不得另行发明 || 按钮显示、可用和确认条件与服务端状态机、权限、expectedVersion、幂等策略一致 || 首屏、空、刷新、翻页/局部失败、无权限、404、离线和版本冲突状态按页面状态目录实现 || 敏感字段按分级脱敏；高敏读取和后台写操作完整审计 || 自动化覆盖：TST-RP_003-HAPPY;TST-RP_006-HAPPY,READY,READY_FOR_IMPLEMENTATION
STORY-R22-002,R22,红包：红包领取面板,作为已登录用户；公开能力仅限文档明确的H5页面，我需要完成红包领取面板的完整业务流程，以便在不依赖研发临时决策的情况下实现领取成功/失败/待审核。,ANDROID,红包,MOB-SHEET,SHEET-RP-001,redPacketPostRedPacketViewSessionsByIdClaim;rewardGetMeRewardAccount,POST /api/v1/red-packet-view-sessions/{id}/claim;GET /api/v1/me/reward-account,REQ-RP-003;REQ-REWARD-001,red_packet.default_view_seconds;red_packet.reservation_min_seconds;red_packet.unit_amount_min_cent;red_packet.unit_amount_max_cent;red_packet.min_count;red_packet.service_fee_bps;red_packet.one_active_per_content;red_packet.allow_raise_unit_amount;withdrawal.min_amount_cent.normal;withdrawal.fee.fixed_cent.normal;withdrawal.fee.bps.normal;withdrawal.daily_count.normal;withdrawal.min_amount_cent.month;withdrawal.fee.fixed_cent.month;withdrawal.fee.bps.month;withdrawal.daily_count.month,red_packet_campaigns;red_packet_campaign_versions;red_packet_quotes;red_packet_orders;red_packet_stock;red_packet_view_sessions;red_packet_reservations;red_packet_claims;red_packet_ledger;reward_ledger;outbox_events;reward_accounts;reward_settlements;reward_freezes;accounting_entries,TST-RP_003-HAPPY;TST-REWARD_001-HAPPY;TST-RP_003-IDEMPOTENT;TST-REWARD_001-IDEMPOTENT,R21,android_engineer;backend_engineer;test_engineer,SHEET-RP-001 全部绑定模板 MOB-SHEET，字段、状态、动作、导航和错误恢复无TBD || 页面调用 operationId：redPacketPostRedPacketViewSessionsByIdClaim;rewardGetMeRewardAccount；请求/响应字段不得另行发明 || 按钮显示、可用和确认条件与服务端状态机、权限、expectedVersion、幂等策略一致 || 首屏、空、刷新、翻页/局部失败、无权限、404、离线和版本冲突状态按页面状态目录实现 || 敏感字段按分级脱敏；高敏读取和后台写操作完整审计 || 自动化覆盖：TST-RP_003-HAPPY;TST-REWARD_001-HAPPY;TST-RP_003-IDEMPOTENT;TST-REWARD_001-IDEMPOTENT,READY,READY_FOR_IMPLEMENTATION
STORY-R22-003,R22,红包：红包任务资格、红包浏览任务,作为已登录用户；公开能力仅限文档明确的H5页面，我需要完成红包任务资格、红包浏览任务的完整业务流程，以便在不依赖研发临时决策的情况下实现实名、重复、库存校验。,ANDROID,红包,MOB-TIMED-TASK,SCR-RP-002;SCR-RP-003,redPacketGetRedPacketCampaignsById;redPacketPostRedPacketCampaignsByIdViewSessions;redPacketPostRedPacketViewSessionsByIdHeartbeat;redPacketPostRedPacketViewSessionsByIdClaim;redPacketPostRedPacketViewSessionsByIdCancel,GET /api/v1/red-packet-campaigns/{id};POST /api/v1/red-packet-campaigns/{id}/view-sessions;POST /api/v1/red-packet-view-sessions/{id}/heartbeat;POST /api/v1/red-packet-view-sessions/{id}/claim;POST /api/v1/red-packet-view-sessions/{id}/cancel,REQ-RP-003;REQ-RP-006,red_packet.default_view_seconds;red_packet.reservation_min_seconds;red_packet.unit_amount_min_cent;red_packet.unit_amount_max_cent;red_packet.min_count;red_packet.service_fee_bps;red_packet.one_active_per_content;red_packet.allow_raise_unit_amount,red_packet_campaigns;red_packet_campaign_versions;red_packet_quotes;red_packet_orders;red_packet_stock;red_packet_view_sessions;red_packet_reservations;red_packet_claims;red_packet_ledger;reward_ledger;outbox_events;reward_accounts;reward_settlements;reward_freezes;accounting_entries,TST-RP_003-HAPPY;TST-RP_006-HAPPY;TST-RP_003-IDEMPOTENT;TST-RP_006-IDEMPOTENT,R21,android_engineer;backend_engineer;test_engineer,SCR-RP-002;SCR-RP-003 全部绑定模板 MOB-TIMED-TASK，字段、状态、动作、导航和错误恢复无TBD || 页面调用 operationId：redPacketGetRedPacketCampaignsById;redPacketPostRedPacketCampaignsByIdViewSessions;redPacketPostRedPacketViewSessionsByIdHeartbeat;redPacketPostRedPacketViewSessionsByIdClaim;redPacketPostRedPacketViewSessionsByIdCancel；请求/响应字段不得另行发明 || 按钮显示、可用和确认条件与服务端状态机、权限、expectedVersion、幂等策略一致 || 首屏、空、刷新、翻页/局部失败、无权限、404、离线和版本冲突状态按页面状态目录实现 || 敏感字段按分级脱敏；高敏读取和后台写操作完整审计 || 自动化覆盖：TST-RP_003-HAPPY;TST-RP_006-HAPPY;TST-RP_003-IDEMPOTENT;TST-RP_006-IDEMPOTENT,READY,READY_FOR_IMPLEMENTATION
STORY-R22-004,R22,红包20秒有效浏览与领取：契约、数据、配置、测试与交接,作为技术负责人，我需要按冻结的 R22 契约和DoR完成数据、后端、配置、测试、观测与交接，使前端故事能够稳定落地并可追溯。,CROSS_PLATFORM,工程治理,N/A,SCR-RP-001;SCR-RP-002;SCR-RP-003;SHEET-RP-001,,,REQ-RP-003,red_packet.default_view_seconds;red_packet.reservation_min_seconds;red_packet.unit_amount_min_cent;red_packet.unit_amount_max_cent;red_packet.min_count;red_packet.service_fee_bps;red_packet.one_active_per_content;red_packet.allow_raise_unit_amount;withdrawal.min_amount_cent.normal;withdrawal.fee.fixed_cent.normal;withdrawal.fee.bps.normal;withdrawal.daily_count.normal;withdrawal.min_amount_cent.month;withdrawal.fee.fixed_cent.month;withdrawal.fee.bps.month;withdrawal.daily_count.month,red_packet_campaigns;red_packet_campaign_versions;red_packet_quotes;red_packet_orders;red_packet_stock;red_packet_view_sessions;red_packet_reservations;red_packet_claims;red_packet_ledger;reward_ledger;outbox_events;reward_accounts;reward_settlements;reward_freezes;accounting_entries,TST-RP_003-CONCURRENCY;TST-RP_003-HAPPY;TST-RP_003-IDEMPOTENT;TST-RP_003-RECOVERY;TST-RP_003-REJECT,R21,tech_lead;backend_engineer;database_engineer;test_engineer;devops_engineer,OpenAPI、状态机、数据库迁移、配置Schema和页面契约引用一致，代码生成不得产生手工分叉 || 每个需求可追溯到页面/API/表/配置/测试/故事；不适用项必须显式N/A并说明 || 版本DoR全部PASS后方可编码；出口仍按原RELEASE_MANIFEST和ACCEPTANCE_MATRIX执行 || 变更必须通过CR，更新唯一事实源并重新生成全部派生目录和哈希 || 完成Session Log、追踪矩阵、发布证据和下一任务交接,READY,READY_FOR_IMPLEMENTATION
STORY-R23-001,R23,红包：红包活动详情,作为具备 redpacket.read 的后台员工；写操作另需 redpacket.manage，我需要完成红包活动详情的完整业务流程，以便在不依赖研发临时决策的情况下实现库存、会话、领取、账本。,ADMIN,红包,ADM-DETAIL,ADM-RP-002,adminRedPacketGetRedPacketCampaigns;adminRedPacketGetRedPacketCampaignsById;adminRedPacketPostRedPacketCampaignsByIdReview;adminRedPacketPostRedPacketCampaignsByIdPause;adminRedPacketPostRedPacketCampaignsByIdResume;adminRedPacketPostRedPacketCampaignsByIdTerminate;adminRedPacketGetRedPacketCampaignsByIdSessions;adminRedPacketGetRedPacketCampaignsByIdClaims,GET /admin-api/v1/red-packet-campaigns;GET /admin-api/v1/red-packet-campaigns/{id};POST /admin-api/v1/red-packet-campaigns/{id}/review;POST /admin-api/v1/red-packet-campaigns/{id}/pause;POST /admin-api/v1/red-packet-campaigns/{id}/resume;POST /admin-api/v1/red-packet-campaigns/{id}/terminate;GET /admin-api/v1/red-packet-campaigns/{id}/sessions;GET /admin-api/v1/red-packet-campaigns/{id}/claims,REQ-RP-004;REQ-RP-006,red_packet.default_view_seconds;red_packet.reservation_min_seconds;red_packet.unit_amount_min_cent;red_packet.unit_amount_max_cent;red_packet.min_count;red_packet.service_fee_bps;red_packet.one_active_per_content;red_packet.allow_raise_unit_amount,red_packet_campaigns;red_packet_campaign_versions;red_packet_quotes;red_packet_orders;red_packet_stock;red_packet_view_sessions;red_packet_reservations;red_packet_claims;red_packet_ledger;reward_ledger;outbox_events;reward_accounts;reward_settlements;reward_freezes;accounting_entries,TST-RP_004-HAPPY;TST-RP_006-HAPPY;TST-RP_004-IDEMPOTENT;TST-RP_006-IDEMPOTENT,R22,admin_frontend_engineer;backend_engineer;test_engineer,ADM-RP-002 全部绑定模板 ADM-DETAIL，字段、状态、动作、导航和错误恢复无TBD || 页面调用 operationId：adminRedPacketGetRedPacketCampaigns;adminRedPacketGetRedPacketCampaignsById;adminRedPacketPostRedPacketCampaignsByIdReview;adminRedPacketPostRedPacketCampaignsByIdPause;adminRedPacketPostRedPacketCampaignsByIdResume;adminRedPacketPostRedPacketCampaignsByIdTerminate;adminRedPacketGetRedPacketCampaignsByIdSessions;adminRedPacketGetRedPacketCampaignsByIdClaims；请求/响应字段不得另行发明 || 按钮显示、可用和确认条件与服务端状态机、权限、expectedVersion、幂等策略一致 || 首屏、空、刷新、翻页/局部失败、无权限、404、离线和版本冲突状态按页面状态目录实现 || 敏感字段按分级脱敏；高敏读取和后台写操作完整审计 || 自动化覆盖：TST-RP_004-HAPPY;TST-RP_006-HAPPY;TST-RP_004-IDEMPOTENT;TST-RP_006-IDEMPOTENT,READY,READY_FOR_IMPLEMENTATION
STORY-R23-002,R23,红包：红包风险事件,作为具备 redpacket.read 的后台员工；写操作另需 redpacket.manage，我需要完成红包风险事件的完整业务流程，以便在不依赖研发临时决策的情况下实现冻结和复核。,ADMIN,红包,ADM-SECURITY,ADM-RP-004,adminRedPacketGetRedPacketCampaigns;adminRedPacketGetRedPacketCampaignsById;adminRedPacketPostRedPacketCampaignsByIdReview;adminRedPacketPostRedPacketCampaignsByIdPause;adminRedPacketPostRedPacketCampaignsByIdResume;adminRedPacketPostRedPacketCampaignsByIdTerminate;adminRedPacketGetRedPacketCampaignsByIdSessions;adminRedPacketGetRedPacketCampaignsByIdClaims,GET /admin-api/v1/red-packet-campaigns;GET /admin-api/v1/red-packet-campaigns/{id};POST /admin-api/v1/red-packet-campaigns/{id}/review;POST /admin-api/v1/red-packet-campaigns/{id}/pause;POST /admin-api/v1/red-packet-campaigns/{id}/resume;POST /admin-api/v1/red-packet-campaigns/{id}/terminate;GET /admin-api/v1/red-packet-campaigns/{id}/sessions;GET /admin-api/v1/red-packet-campaigns/{id}/claims,REQ-RP-004;REQ-RP-006,red_packet.default_view_seconds;red_packet.reservation_min_seconds;red_packet.unit_amount_min_cent;red_packet.unit_amount_max_cent;red_packet.min_count;red_packet.service_fee_bps;red_packet.one_active_per_content;red_packet.allow_raise_unit_amount,red_packet_campaigns;red_packet_campaign_versions;red_packet_quotes;red_packet_orders;red_packet_stock;red_packet_view_sessions;red_packet_reservations;red_packet_claims;red_packet_ledger;reward_ledger;outbox_events;reward_accounts;reward_settlements;reward_freezes;accounting_entries,TST-RP_004-HAPPY;TST-RP_006-HAPPY;TST-RP_004-IDEMPOTENT;TST-RP_006-IDEMPOTENT,R22,admin_frontend_engineer;backend_engineer;test_engineer,ADM-RP-004 全部绑定模板 ADM-SECURITY，字段、状态、动作、导航和错误恢复无TBD || 页面调用 operationId：adminRedPacketGetRedPacketCampaigns;adminRedPacketGetRedPacketCampaignsById;adminRedPacketPostRedPacketCampaignsByIdReview;adminRedPacketPostRedPacketCampaignsByIdPause;adminRedPacketPostRedPacketCampaignsByIdResume;adminRedPacketPostRedPacketCampaignsByIdTerminate;adminRedPacketGetRedPacketCampaignsByIdSessions;adminRedPacketGetRedPacketCampaignsByIdClaims；请求/响应字段不得另行发明 || 按钮显示、可用和确认条件与服务端状态机、权限、expectedVersion、幂等策略一致 || 首屏、空、刷新、翻页/局部失败、无权限、404、离线和版本冲突状态按页面状态目录实现 || 敏感字段按分级脱敏；高敏读取和后台写操作完整审计 || 自动化覆盖：TST-RP_004-HAPPY;TST-RP_006-HAPPY;TST-RP_004-IDEMPOTENT;TST-RP_006-IDEMPOTENT,READY,READY_FOR_IMPLEMENTATION
STORY-R23-003,R23,红包：我的红包,作为已登录用户；公开能力仅限文档明确的H5页面，我需要完成我的红包的完整业务流程，以便在不依赖研发临时决策的情况下实现待结算/可提现/历史。,ANDROID,红包,MOB-WALLET,SCR-RP-004,redPacketGetMeRedPacketClaims;rewardGetMeRewardAccount,GET /api/v1/me/red-packet-claims;GET /api/v1/me/reward-account,REQ-RP-003;REQ-RP-006,red_packet.default_view_seconds;red_packet.reservation_min_seconds;red_packet.unit_amount_min_cent;red_packet.unit_amount_max_cent;red_packet.min_count;red_packet.service_fee_bps;red_packet.one_active_per_content;red_packet.allow_raise_unit_amount;withdrawal.min_amount_cent.normal;withdrawal.fee.fixed_cent.normal;withdrawal.fee.bps.normal;withdrawal.daily_count.normal;withdrawal.min_amount_cent.month;withdrawal.fee.fixed_cent.month;withdrawal.fee.bps.month;withdrawal.daily_count.month,red_packet_campaigns;red_packet_campaign_versions;red_packet_quotes;red_packet_orders;red_packet_stock;red_packet_view_sessions;red_packet_reservations;red_packet_claims;red_packet_ledger;reward_ledger;outbox_events;reward_accounts;reward_settlements;reward_freezes;accounting_entries,TST-RP_003-HAPPY;TST-RP_006-HAPPY,R22,android_engineer;backend_engineer;test_engineer,SCR-RP-004 全部绑定模板 MOB-WALLET，字段、状态、动作、导航和错误恢复无TBD || 页面调用 operationId：redPacketGetMeRedPacketClaims;rewardGetMeRewardAccount；请求/响应字段不得另行发明 || 按钮显示、可用和确认条件与服务端状态机、权限、expectedVersion、幂等策略一致 || 首屏、空、刷新、翻页/局部失败、无权限、404、离线和版本冲突状态按页面状态目录实现 || 敏感字段按分级脱敏；高敏读取和后台写操作完整审计 || 自动化覆盖：TST-RP_003-HAPPY;TST-RP_006-HAPPY,READY,READY_FOR_IMPLEMENTATION
STORY-R23-004,R23,红包账本、数据与反作弊：契约、数据、配置、测试与交接,作为技术负责人，我需要按冻结的 R23 契约和DoR完成数据、后端、配置、测试、观测与交接，使前端故事能够稳定落地并可追溯。,CROSS_PLATFORM,工程治理,N/A,SCR-RP-004;ADM-RP-002;ADM-RP-004,,,REQ-RP-006;REQ-ANALYTICS-001,red_packet.default_view_seconds;red_packet.reservation_min_seconds;red_packet.unit_amount_min_cent;red_packet.unit_amount_max_cent;red_packet.min_count;red_packet.service_fee_bps;red_packet.one_active_per_content;red_packet.allow_raise_unit_amount;withdrawal.min_amount_cent.normal;withdrawal.fee.fixed_cent.normal;withdrawal.fee.bps.normal;withdrawal.daily_count.normal;withdrawal.min_amount_cent.month;withdrawal.fee.fixed_cent.month;withdrawal.fee.bps.month;withdrawal.daily_count.month,red_packet_campaigns;red_packet_campaign_versions;red_packet_quotes;red_packet_orders;red_packet_stock;red_packet_view_sessions;red_packet_reservations;red_packet_claims;red_packet_ledger;reward_ledger;outbox_events;reward_accounts;reward_settlements;reward_freezes;accounting_entries;daily_kpis;analytics_events,TST-ANALYTICS_001-HAPPY;TST-ANALYTICS_001-IDEMPOTENT;TST-ANALYTICS_001-REJECT;TST-RP_006-CONCURRENCY;TST-RP_006-HAPPY;TST-RP_006-IDEMPOTENT;TST-RP_006-RECOVERY;TST-RP_006-REJECT;TST-V122-009,R22,tech_lead;backend_engineer;database_engineer;test_engineer;devops_engineer,OpenAPI、状态机、数据库迁移、配置Schema和页面契约引用一致，代码生成不得产生手工分叉 || 每个需求可追溯到页面/API/表/配置/测试/故事；不适用项必须显式N/A并说明 || 版本DoR全部PASS后方可编码；出口仍按原RELEASE_MANIFEST和ACCEPTANCE_MATRIX执行 || 变更必须通过CR，更新唯一事实源并重新生成全部派生目录和哈希 || 完成Session Log、追踪矩阵、发布证据和下一任务交接,READY,READY_FOR_IMPLEMENTATION
STORY-R24-001,R24,奖励：奖励账户、奖励流水,作为具备 reward.read 的后台员工；写操作另需 reward.manage，我需要完成奖励账户、奖励流水的完整业务流程，以便在不依赖研发临时决策的情况下实现余额和来源。,ADMIN,奖励,ADM-FINANCE,ADM-REWARD-001;ADM-REWARD-002,adminRewardsGetRewardAccounts;adminRewardsGetRewardAccountsByUseridLedger;adminRewardsPostRewardAdjustments,GET /admin-api/v1/reward-accounts;GET /admin-api/v1/reward-accounts/{userId}/ledger;POST /admin-api/v1/reward-adjustments,REQ-REWARD-001;REQ-LEDGER-001,platform.brand.name;platform.brand.slogan;platform.brand.logo_media_id;platform.customer_service.name;platform.customer_service.contact,reward_accounts;reward_ledger;reward_settlements;reward_freezes;red_packet_campaigns;red_packet_campaign_versions;red_packet_quotes;red_packet_orders;red_packet_stock;red_packet_view_sessions;red_packet_reservations;red_packet_claims;red_packet_ledger;outbox_events;accounting_entries;payout_accounts;withdrawal_requests;payout_transactions;payout_callbacks;payout_reconciliation_records;accounting_transactions;payment_transactions;payment_callbacks;payment_exception_orders;payment_reconciliation_records,TST-REWARD_001-HAPPY;TST-LEDGER_001-HAPPY;TST-REWARD_001-IDEMPOTENT;TST-LEDGER_001-IDEMPOTENT,R05;R17;R23,admin_frontend_engineer;backend_engineer;test_engineer,ADM-REWARD-001;ADM-REWARD-002 全部绑定模板 ADM-FINANCE，字段、状态、动作、导航和错误恢复无TBD || 页面调用 operationId：adminRewardsGetRewardAccounts;adminRewardsGetRewardAccountsByUseridLedger;adminRewardsPostRewardAdjustments；请求/响应字段不得另行发明 || 按钮显示、可用和确认条件与服务端状态机、权限、expectedVersion、幂等策略一致 || 首屏、空、刷新、翻页/局部失败、无权限、404、离线和版本冲突状态按页面状态目录实现 || 敏感字段按分级脱敏；高敏读取和后台写操作完整审计 || 自动化覆盖：TST-REWARD_001-HAPPY;TST-LEDGER_001-HAPPY;TST-REWARD_001-IDEMPOTENT;TST-LEDGER_001-IDEMPOTENT,READY,READY_FOR_IMPLEMENTATION
STORY-R24-002,R24,提现：提现列表、提现详情,作为具备 withdrawal.read 的后台员工；写操作另需 withdrawal.manage，我需要完成提现列表、提现详情的完整业务流程，以便在不依赖研发临时决策的情况下实现风控、财务、出款。,ADMIN,提现,ADM-FINANCE,ADM-WD-001;ADM-WD-002,adminWithdrawalsGetWithdrawals;adminWithdrawalsGetWithdrawalsById;adminWithdrawalsPostWithdrawalsByIdRiskReview;adminWithdrawalsPostWithdrawalsByIdFinanceReview;adminWithdrawalsPostWithdrawalsByIdPayout;adminWithdrawalsPostWithdrawalsByIdQuery,GET /admin-api/v1/withdrawals;GET /admin-api/v1/withdrawals/{id};POST /admin-api/v1/withdrawals/{id}/risk-review;POST /admin-api/v1/withdrawals/{id}/finance-review;POST /admin-api/v1/withdrawals/{id}/payout;POST /admin-api/v1/withdrawals/{id}/query,REQ-WD-001;REQ-LEDGER-001,platform.brand.name;platform.brand.slogan;platform.brand.logo_media_id;platform.customer_service.name;platform.customer_service.contact,withdrawal_requests;payout_transactions;payout_reconciliation_records;payout_accounts;payout_callbacks;accounting_transactions;accounting_entries;reward_accounts;reward_ledger;reward_settlements;reward_freezes;payment_transactions;payment_callbacks;payment_exception_orders;payment_reconciliation_records,TST-WD_001-HAPPY;TST-LEDGER_001-HAPPY;TST-WD_001-IDEMPOTENT;TST-LEDGER_001-IDEMPOTENT,R05;R17;R23,admin_frontend_engineer;backend_engineer;test_engineer,ADM-WD-001;ADM-WD-002 全部绑定模板 ADM-FINANCE，字段、状态、动作、导航和错误恢复无TBD || 页面调用 operationId：adminWithdrawalsGetWithdrawals;adminWithdrawalsGetWithdrawalsById;adminWithdrawalsPostWithdrawalsByIdRiskReview;adminWithdrawalsPostWithdrawalsByIdFinanceReview;adminWithdrawalsPostWithdrawalsByIdPayout;adminWithdrawalsPostWithdrawalsByIdQuery；请求/响应字段不得另行发明 || 按钮显示、可用和确认条件与服务端状态机、权限、expectedVersion、幂等策略一致 || 首屏、空、刷新、翻页/局部失败、无权限、404、离线和版本冲突状态按页面状态目录实现 || 敏感字段按分级脱敏；高敏读取和后台写操作完整审计 || 自动化覆盖：TST-WD_001-HAPPY;TST-LEDGER_001-HAPPY;TST-WD_001-IDEMPOTENT;TST-LEDGER_001-IDEMPOTENT,READY,READY_FOR_IMPLEMENTATION
STORY-R24-003,R24,财务：统一会计交易、会计交易详情与冲正,作为具备 accounting.read 的后台员工；写操作另需 accounting.reversal.request，我需要完成统一会计交易、会计交易详情与冲正的完整业务流程，以便在不依赖研发临时决策的情况下实现按业务来源、账户、日期和状态查询复式记账交易，核对借贷平衡与业务幂等键。,ADMIN,财务,ADM-FINANCE,ADM-ACCOUNTING-001;ADM-ACCOUNTING-002,adminAccountingGetTransactions;adminAccountingGetEntries;adminAccountingGetTransactionById;adminAccountingPostReversal,GET /admin-api/v1/accounting/transactions;GET /admin-api/v1/accounting/entries;GET /admin-api/v1/accounting/transactions/{id};POST /admin-api/v1/accounting/transactions/{id}/reversals,REQ-ACCOUNTING-OPS-001;REQ-LEDGER-001,payment.active_gateway;payment.caihong.base_url;payment.caihong.merchant_id;payment.caihong.merchant_key;payment.caihong.sign_type;payment.caihong.enabled_channels;payment.notify_url;payment.return_url;withdrawal.min_amount_cent.normal;withdrawal.fee.fixed_cent.normal;withdrawal.fee.bps.normal;withdrawal.daily_count.normal;withdrawal.min_amount_cent.month;withdrawal.fee.fixed_cent.month;withdrawal.fee.bps.month;withdrawal.daily_count.month;payout.active_gateway;payout.alipay.app_id;payout.alipay.merchant_id;payout.alipay.private_key_certificate_id;payout.alipay.app_public_certificate_id;payout.alipay.alipay_public_certificate_id;payout.alipay.root_certificate_id;payout.alipay.gateway_url;system.maintenance.enabled;system.maintenance.message;system.registration.enabled;system.publish.enabled;system.red_packet.enabled;system.withdrawal.enabled,accounting_transactions;accounting_entries;accounting_reversal_requests;admin_approval_requests;admin_operation_logs;reward_accounts;reward_ledger;reward_settlements;reward_freezes;payout_accounts;withdrawal_requests;payout_transactions;payout_callbacks;payout_reconciliation_records;payment_transactions;payment_callbacks;payment_exception_orders;payment_reconciliation_records,TST-V122-039;TST-V122-041;TST-V122-040;TST-V122-042,R05;R17;R23,admin_frontend_engineer;backend_engineer;test_engineer,ADM-ACCOUNTING-001;ADM-ACCOUNTING-002 全部绑定模板 ADM-FINANCE，字段、状态、动作、导航和错误恢复无TBD || 页面调用 operationId：adminAccountingGetTransactions;adminAccountingGetEntries;adminAccountingGetTransactionById;adminAccountingPostReversal；请求/响应字段不得另行发明 || 按钮显示、可用和确认条件与服务端状态机、权限、expectedVersion、幂等策略一致 || 首屏、空、刷新、翻页/局部失败、无权限、404、离线和版本冲突状态按页面状态目录实现 || 敏感字段按分级脱敏；高敏读取和后台写操作完整审计 || 自动化覆盖：TST-V122-039;TST-V122-041;TST-V122-040;TST-V122-042,READY,READY_FOR_IMPLEMENTATION
STORY-R24-004,R24,提现：申请提现,作为已登录、完成实名且资金能力未被冻结的用户，我需要完成申请提现的完整业务流程，以便在不依赖研发临时决策的情况下实现金额、手续费、到账。,ANDROID,提现,MOB-CHECKOUT,SCR-WD-002,withdrawalPostWithdrawalsQuote;withdrawalPostWithdrawals,POST /api/v1/withdrawals/quote;POST /api/v1/withdrawals,REQ-WD-001;REQ-LEDGER-001,withdrawal.min_amount_cent.normal;withdrawal.fee.fixed_cent.normal;withdrawal.fee.bps.normal;withdrawal.daily_count.normal;withdrawal.min_amount_cent.month;withdrawal.fee.fixed_cent.month;withdrawal.fee.bps.month;withdrawal.daily_count.month,payout_accounts;withdrawal_requests;payout_transactions;payout_callbacks;payout_reconciliation_records;accounting_transactions;accounting_entries;reward_accounts;reward_ledger;reward_settlements;reward_freezes;payment_transactions;payment_callbacks;payment_exception_orders;payment_reconciliation_records,TST-WD_001-HAPPY;TST-LEDGER_001-HAPPY;TST-WD_001-IDEMPOTENT;TST-LEDGER_001-IDEMPOTENT,R05;R17;R23,android_engineer;backend_engineer;test_engineer,SCR-WD-002 全部绑定模板 MOB-CHECKOUT，字段、状态、动作、导航和错误恢复无TBD || 页面调用 operationId：withdrawalPostWithdrawalsQuote;withdrawalPostWithdrawals；请求/响应字段不得另行发明 || 按钮显示、可用和确认条件与服务端状态机、权限、expectedVersion、幂等策略一致 || 首屏、空、刷新、翻页/局部失败、无权限、404、离线和版本冲突状态按页面状态目录实现 || 敏感字段按分级脱敏；高敏读取和后台写操作完整审计 || 自动化覆盖：TST-WD_001-HAPPY;TST-LEDGER_001-HAPPY;TST-WD_001-IDEMPOTENT;TST-LEDGER_001-IDEMPOTENT,READY,READY_FOR_IMPLEMENTATION
STORY-R24-005,R24,提现：绑定支付宝,作为已登录、完成实名且资金能力未被冻结的用户，我需要完成绑定支付宝的完整业务流程，以便在不依赖研发临时决策的情况下实现账户和姓名校验。,ANDROID,提现,MOB-FORM,SCR-WD-001,withdrawalGetMePayoutAccount;withdrawalPutMePayoutAccount,GET /api/v1/me/payout-account;PUT /api/v1/me/payout-account,REQ-WD-001;REQ-LEDGER-001,withdrawal.min_amount_cent.normal;withdrawal.fee.fixed_cent.normal;withdrawal.fee.bps.normal;withdrawal.daily_count.normal;withdrawal.min_amount_cent.month;withdrawal.fee.fixed_cent.month;withdrawal.fee.bps.month;withdrawal.daily_count.month,payout_accounts;withdrawal_requests;payout_transactions;payout_callbacks;payout_reconciliation_records;accounting_transactions;accounting_entries;reward_accounts;reward_ledger;reward_settlements;reward_freezes;payment_transactions;payment_callbacks;payment_exception_orders;payment_reconciliation_records,TST-WD_001-HAPPY;TST-LEDGER_001-HAPPY;TST-WD_001-IDEMPOTENT;TST-LEDGER_001-IDEMPOTENT,R05;R17;R23,android_engineer;backend_engineer;test_engineer,SCR-WD-001 全部绑定模板 MOB-FORM，字段、状态、动作、导航和错误恢复无TBD || 页面调用 operationId：withdrawalGetMePayoutAccount;withdrawalPutMePayoutAccount；请求/响应字段不得另行发明 || 按钮显示、可用和确认条件与服务端状态机、权限、expectedVersion、幂等策略一致 || 首屏、空、刷新、翻页/局部失败、无权限、404、离线和版本冲突状态按页面状态目录实现 || 敏感字段按分级脱敏；高敏读取和后台写操作完整审计 || 自动化覆盖：TST-WD_001-HAPPY;TST-LEDGER_001-HAPPY;TST-WD_001-IDEMPOTENT;TST-LEDGER_001-IDEMPOTENT,READY,READY_FOR_IMPLEMENTATION
STORY-R24-006,R24,提现：提现记录,作为已登录、完成实名且资金能力未被冻结的用户，我需要完成提现记录的完整业务流程，以便在不依赖研发临时决策的情况下实现状态和详情。,ANDROID,提现,MOB-WALLET,SCR-WD-003,withdrawalGetMeWithdrawals,GET /api/v1/me/withdrawals,REQ-WD-001;REQ-LEDGER-001,withdrawal.min_amount_cent.normal;withdrawal.fee.fixed_cent.normal;withdrawal.fee.bps.normal;withdrawal.daily_count.normal;withdrawal.min_amount_cent.month;withdrawal.fee.fixed_cent.month;withdrawal.fee.bps.month;withdrawal.daily_count.month,payout_accounts;withdrawal_requests;payout_transactions;payout_callbacks;payout_reconciliation_records;accounting_transactions;accounting_entries;reward_accounts;reward_ledger;reward_settlements;reward_freezes;payment_transactions;payment_callbacks;payment_exception_orders;payment_reconciliation_records,TST-WD_001-HAPPY;TST-LEDGER_001-HAPPY,R05;R17;R23,android_engineer;backend_engineer;test_engineer,SCR-WD-003 全部绑定模板 MOB-WALLET，字段、状态、动作、导航和错误恢复无TBD || 页面调用 operationId：withdrawalGetMeWithdrawals；请求/响应字段不得另行发明 || 按钮显示、可用和确认条件与服务端状态机、权限、expectedVersion、幂等策略一致 || 首屏、空、刷新、翻页/局部失败、无权限、404、离线和版本冲突状态按页面状态目录实现 || 敏感字段按分级脱敏；高敏读取和后台写操作完整审计 || 自动化覆盖：TST-WD_001-HAPPY;TST-LEDGER_001-HAPPY,READY,READY_FOR_IMPLEMENTATION
STORY-R24-007,R24,收益：奖励账户、奖励明细,作为已登录、完成实名且资金能力未被冻结的用户，我需要完成奖励账户、奖励明细的完整业务流程，以便在不依赖研发临时决策的情况下实现余额分类和来源。,ANDROID,收益,MOB-WALLET,SCR-REWARD-001;SCR-REWARD-002,rewardGetMeRewardAccount;rewardGetMeRewardLedger,GET /api/v1/me/reward-account;GET /api/v1/me/reward-ledger,REQ-REWARD-001;REQ-LEDGER-001,withdrawal.min_amount_cent.normal;withdrawal.fee.fixed_cent.normal;withdrawal.fee.bps.normal;withdrawal.daily_count.normal;withdrawal.min_amount_cent.month;withdrawal.fee.fixed_cent.month;withdrawal.fee.bps.month;withdrawal.daily_count.month,reward_accounts;reward_ledger;reward_settlements;reward_freezes;accounting_entries;red_packet_campaigns;red_packet_campaign_versions;red_packet_quotes;red_packet_orders;red_packet_stock;red_packet_view_sessions;red_packet_reservations;red_packet_claims;red_packet_ledger;outbox_events;payout_accounts;withdrawal_requests;payout_transactions;payout_callbacks;payout_reconciliation_records;accounting_transactions;payment_transactions;payment_callbacks;payment_exception_orders;payment_reconciliation_records,TST-REWARD_001-HAPPY;TST-LEDGER_001-HAPPY,R05;R17;R23,android_engineer;backend_engineer;test_engineer,SCR-REWARD-001;SCR-REWARD-002 全部绑定模板 MOB-WALLET，字段、状态、动作、导航和错误恢复无TBD || 页面调用 operationId：rewardGetMeRewardAccount;rewardGetMeRewardLedger；请求/响应字段不得另行发明 || 按钮显示、可用和确认条件与服务端状态机、权限、expectedVersion、幂等策略一致 || 首屏、空、刷新、翻页/局部失败、无权限、404、离线和版本冲突状态按页面状态目录实现 || 敏感字段按分级脱敏；高敏读取和后台写操作完整审计 || 自动化覆盖：TST-REWARD_001-HAPPY;TST-LEDGER_001-HAPPY,READY,READY_FOR_IMPLEMENTATION
STORY-R24-008,R24,奖励账户与支付宝提现：契约、数据、配置、测试与交接,作为技术负责人，我需要按冻结的 R24 契约和DoR完成数据、后端、配置、测试、观测与交接，使前端故事能够稳定落地并可追溯。,CROSS_PLATFORM,工程治理,N/A,SCR-REWARD-001;SCR-REWARD-002;SCR-WD-001;SCR-WD-002;SCR-WD-003;ADM-REWARD-001;ADM-REWARD-002;ADM-WD-001;ADM-WD-002;ADM-ACCOUNTING-001;ADM-ACCOUNTING-002,rewardGetMeRewardAccount;rewardGetMeRewardLedger;withdrawalGetMePayoutAccount;withdrawalPutMePayoutAccount;withdrawalPostWithdrawalsQuote;withdrawalPostWithdrawals;withdrawalGetMeWithdrawals;adminRewardsGetRewardAccounts;adminRewardsGetRewardAccountsByUseridLedger;adminRewardsPostRewardAdjustments;adminWithdrawalsGetWithdrawals;adminWithdrawalsGetWithdrawalsById;adminWithdrawalsPostWithdrawalsByIdRiskReview;adminWithdrawalsPostWithdrawalsByIdFinanceReview;adminWithdrawalsPostWithdrawalsByIdPayout;adminWithdrawalsPostWithdrawalsByIdQuery;adminAccountingGetTransactions;adminAccountingGetTransactionById;adminAccountingGetEntries;adminAccountingPostReversal,GET /api/v1/me/reward-account;GET /api/v1/me/reward-ledger;GET /api/v1/me/payout-account;PUT /api/v1/me/payout-account;POST /api/v1/withdrawals/quote;POST /api/v1/withdrawals;GET /api/v1/me/withdrawals;GET /admin-api/v1/reward-accounts;GET /admin-api/v1/reward-accounts/{userId}/ledger;POST /admin-api/v1/reward-adjustments;GET /admin-api/v1/withdrawals;GET /admin-api/v1/withdrawals/{id};POST /admin-api/v1/withdrawals/{id}/risk-review;POST /admin-api/v1/withdrawals/{id}/finance-review;POST /admin-api/v1/withdrawals/{id}/payout;POST /admin-api/v1/withdrawals/{id}/query;GET /admin-api/v1/accounting/transactions;GET /admin-api/v1/accounting/transactions/{id};GET /admin-api/v1/accounting/entries;POST /admin-api/v1/accounting/transactions/{id}/reversals,REQ-REWARD-001;REQ-WD-001;REQ-LEDGER-001;REQ-ACCOUNTING-OPS-001,withdrawal.min_amount_cent.normal;withdrawal.fee.fixed_cent.normal;withdrawal.fee.bps.normal;withdrawal.daily_count.normal;withdrawal.min_amount_cent.month;withdrawal.fee.fixed_cent.month;withdrawal.fee.bps.month;withdrawal.daily_count.month;platform.brand.name;platform.brand.slogan;platform.brand.logo_media_id;platform.customer_service.name;platform.customer_service.contact;payment.active_gateway;payment.caihong.base_url;payment.caihong.merchant_id;payment.caihong.merchant_key;payment.caihong.sign_type;payment.caihong.enabled_channels;payment.notify_url;payment.return_url;payout.active_gateway;payout.alipay.app_id;payout.alipay.merchant_id;payout.alipay.private_key_certificate_id;payout.alipay.app_public_certificate_id;payout.alipay.alipay_public_certificate_id;payout.alipay.root_certificate_id;payout.alipay.gateway_url;system.maintenance.enabled;system.maintenance.message;system.registration.enabled;system.publish.enabled;system.red_packet.enabled;system.withdrawal.enabled,red_packet_campaigns;red_packet_campaign_versions;red_packet_quotes;red_packet_orders;red_packet_stock;red_packet_view_sessions;red_packet_reservations;red_packet_claims;red_packet_ledger;reward_ledger;outbox_events;reward_accounts;reward_settlements;reward_freezes;accounting_entries;payout_accounts;withdrawal_requests;payout_transactions;payout_callbacks;payout_reconciliation_records;accounting_transactions;payment_transactions;payment_callbacks;payment_exception_orders;payment_reconciliation_records;accounting_reversal_requests;admin_approval_requests;admin_operation_logs,TST-ACCOUNTING_OPS_001-DRIFT;TST-ACCOUNTING_OPS_001-HAPPY;TST-ACCOUNTING_OPS_001-REJECT;TST-ACCOUNTING_OPS_001-SECURITY;TST-REWARD_001-CONCURRENCY;TST-REWARD_001-HAPPY;TST-REWARD_001-IDEMPOTENT;TST-REWARD_001-RECOVERY;TST-REWARD_001-REJECT;TST-V122-039;TST-V122-040;TST-V122-041;TST-V122-042;TST-WD_001-CONCURRENCY;TST-WD_001-HAPPY;TST-WD_001-IDEMPOTENT;TST-WD_001-RECOVERY;TST-WD_001-REJECT,R05;R17;R23,tech_lead;backend_engineer;database_engineer;test_engineer;devops_engineer,OpenAPI、状态机、数据库迁移、配置Schema和页面契约引用一致，代码生成不得产生手工分叉 || 每个需求可追溯到页面/API/表/配置/测试/故事；不适用项必须显式N/A并说明 || 版本DoR全部PASS后方可编码；出口仍按原RELEASE_MANIFEST和ACCEPTANCE_MATRIX执行 || 变更必须通过CR，更新唯一事实源并重新生成全部派生目录和哈希 || 完成Session Log、追踪矩阵、发布证据和下一任务交接,READY,READY_FOR_IMPLEMENTATION
STORY-R25-001,R25,推广：佣金记录,作为具备 referral.read 的后台员工；写操作另需 referral.manage，我需要完成佣金记录的完整业务流程，以便在不依赖研发临时决策的情况下实现结算和风险。,ADMIN,推广,ADM-FINANCE,ADM-REF-003,adminReferralGetReferralRelations;adminReferralGetCommissionPolicies;adminReferralGetCommissions;adminReferralActivityGetReferralActivityRules;adminReferralActivityGetReferralActivityProgress;adminReferralActivityGetReferralActivityMilestones;adminReferralActivityGetReferralActivityRewards,GET /admin-api/v1/referral-relations;GET /admin-api/v1/commission-policies;GET /admin-api/v1/commissions;GET /admin-api/v1/referral-activity/rules;GET /admin-api/v1/referral-activity/progress;GET /admin-api/v1/referral-activity/milestones;GET /admin-api/v1/referral-activity/rewards,REQ-REF-001;REQ-REF-ACT-002,commission.settlement_delay_hours;referral.max_commission_level;referral.binding_mode;referral.relation_change_allowed;referral.attribution_days;referral.block_self_invite;referral.block_same_device;referral.red_packet_principal_commissionable,invite_codes;referral_relations;commission_records;referral_activity_progress;referral_milestone_rewards;referral_activity_rule_versions;referral_activity_rules;h5_page_configs;cms_articles;agreements;app_versions;content_posts,TST-REF_001-HAPPY;TST-REF_ACT_002-HAPPY,R17;R24,admin_frontend_engineer;backend_engineer;test_engineer,ADM-REF-003 全部绑定模板 ADM-FINANCE，字段、状态、动作、导航和错误恢复无TBD || 页面调用 operationId：adminReferralGetReferralRelations;adminReferralGetCommissionPolicies;adminReferralGetCommissions;adminReferralActivityGetReferralActivityRules;adminReferralActivityGetReferralActivityProgress;adminReferralActivityGetReferralActivityMilestones;adminReferralActivityGetReferralActivityRewards；请求/响应字段不得另行发明 || 按钮显示、可用和确认条件与服务端状态机、权限、expectedVersion、幂等策略一致 || 首屏、空、刷新、翻页/局部失败、无权限、404、离线和版本冲突状态按页面状态目录实现 || 敏感字段按分级脱敏；高敏读取和后台写操作完整审计 || 自动化覆盖：TST-REF_001-HAPPY;TST-REF_ACT_002-HAPPY,READY,READY_FOR_IMPLEMENTATION
STORY-R25-002,R25,推广：邀请关系、佣金策略,作为具备 referral.read 的后台员工；写操作另需 referral.manage，我需要完成邀请关系、佣金策略的完整业务流程，以便在不依赖研发临时决策的情况下实现一级二级。,ADMIN,推广,ADM-LIST,ADM-REF-001;ADM-REF-002,adminReferralGetReferralRelations;adminReferralPostReferralRelationsByInviteeidAdjust;adminReferralGetCommissionPolicies;adminReferralPostCommissionPolicies;adminReferralGetCommissions;adminReferralActivityGetReferralActivityRules;adminReferralActivityPostReferralActivityRuleVersions;adminReferralActivityGetReferralActivityProgress,GET /admin-api/v1/referral-relations;POST /admin-api/v1/referral-relations/{inviteeId}/adjust;GET /admin-api/v1/commission-policies;POST /admin-api/v1/commission-policies;GET /admin-api/v1/commissions;GET /admin-api/v1/referral-activity/rules;POST /admin-api/v1/referral-activity/rule-versions;GET /admin-api/v1/referral-activity/progress,REQ-REF-001;REQ-REF-ACT-002,commission.settlement_delay_hours;referral.max_commission_level;referral.binding_mode;referral.relation_change_allowed;referral.attribution_days;referral.block_self_invite;referral.block_same_device;referral.red_packet_principal_commissionable,invite_codes;referral_relations;commission_records;referral_activity_progress;referral_milestone_rewards;referral_activity_rule_versions;referral_activity_rules;h5_page_configs;cms_articles;agreements;app_versions;content_posts,TST-REF_001-HAPPY;TST-REF_ACT_002-HAPPY;TST-REF_001-IDEMPOTENT;TST-REF_ACT_002-IDEMPOTENT,R17;R24,admin_frontend_engineer;backend_engineer;test_engineer,ADM-REF-001;ADM-REF-002 全部绑定模板 ADM-LIST，字段、状态、动作、导航和错误恢复无TBD || 页面调用 operationId：adminReferralGetReferralRelations;adminReferralPostReferralRelationsByInviteeidAdjust;adminReferralGetCommissionPolicies;adminReferralPostCommissionPolicies;adminReferralGetCommissions;adminReferralActivityGetReferralActivityRules;adminReferralActivityPostReferralActivityRuleVersions;adminReferralActivityGetReferralActivityProgress；请求/响应字段不得另行发明 || 按钮显示、可用和确认条件与服务端状态机、权限、expectedVersion、幂等策略一致 || 首屏、空、刷新、翻页/局部失败、无权限、404、离线和版本冲突状态按页面状态目录实现 || 敏感字段按分级脱敏；高敏读取和后台写操作完整审计 || 自动化覆盖：TST-REF_001-HAPPY;TST-REF_ACT_002-HAPPY;TST-REF_001-IDEMPOTENT;TST-REF_ACT_002-IDEMPOTENT,READY,READY_FOR_IMPLEMENTATION
STORY-R25-003,R25,推广：邀请好友、邀请海报、推广规则/教程,作为已登录用户；公开能力仅限文档明确的H5页面，我需要完成邀请好友、邀请海报、推广规则/教程的完整业务流程，以便在不依赖研发临时决策的情况下实现链接、二维码、分享。,ANDROID,推广,MOB-DETAIL,SCR-REF-002;SCR-REF-003;SCR-REF-008,referralGetMeReferralInviteAssets;referralGetMeReferralPosters;publicGetAgreementsByCode,GET /api/v1/me/referral/invite-assets;GET /api/v1/me/referral/posters;GET /public-api/v1/agreements/{code},REQ-REF-001;REQ-REF-002;REQ-REF-ACT-001;REQ-REF-ACT-002,commission.settlement_delay_hours;referral.max_commission_level;referral.binding_mode;referral.relation_change_allowed;referral.attribution_days;referral.block_self_invite;referral.block_same_device;referral.red_packet_principal_commissionable;platform.brand.name;platform.brand.slogan;platform.brand.logo_media_id;platform.customer_service.name;platform.customer_service.contact,invite_codes;referral_relations;commission_records;referral_activity_progress;referral_milestone_rewards;h5_page_configs;cms_articles;agreements;app_versions;content_posts;referral_activity_rule_versions;referral_activity_rules,TST-REF_001-HAPPY;TST-REF_002-HAPPY;TST-REF_ACT_001-HAPPY;TST-REF_ACT_002-HAPPY,R17;R24,android_engineer;backend_engineer;test_engineer,SCR-REF-002;SCR-REF-003;SCR-REF-008 全部绑定模板 MOB-DETAIL，字段、状态、动作、导航和错误恢复无TBD || 页面调用 operationId：referralGetMeReferralInviteAssets;referralGetMeReferralPosters;publicGetAgreementsByCode；请求/响应字段不得另行发明 || 按钮显示、可用和确认条件与服务端状态机、权限、expectedVersion、幂等策略一致 || 首屏、空、刷新、翻页/局部失败、无权限、404、离线和版本冲突状态按页面状态目录实现 || 敏感字段按分级脱敏；高敏读取和后台写操作完整审计 || 自动化覆盖：TST-REF_001-HAPPY;TST-REF_002-HAPPY;TST-REF_ACT_001-HAPPY;TST-REF_ACT_002-HAPPY,READY,READY_FOR_IMPLEMENTATION
STORY-R25-004,R25,推广：推广中心,作为已登录用户；公开能力仅限文档明确的H5页面，我需要完成推广中心的完整业务流程，以便在不依赖研发临时决策的情况下实现邀请和收益总览。,ANDROID,推广,MOB-HOME,SCR-REF-001,referralGetMeReferralOverview,GET /api/v1/me/referral/overview,REQ-REF-001;REQ-REF-002;REQ-REF-ACT-001;REQ-REF-ACT-002,commission.settlement_delay_hours;referral.max_commission_level;referral.binding_mode;referral.relation_change_allowed;referral.attribution_days;referral.block_self_invite;referral.block_same_device;referral.red_packet_principal_commissionable,invite_codes;referral_relations;commission_records;referral_activity_progress;referral_milestone_rewards;h5_page_configs;cms_articles;agreements;app_versions;content_posts;referral_activity_rule_versions;referral_activity_rules,TST-REF_001-HAPPY;TST-REF_002-HAPPY;TST-REF_ACT_001-HAPPY;TST-REF_ACT_002-HAPPY,R17;R24,android_engineer;backend_engineer;test_engineer,SCR-REF-001 全部绑定模板 MOB-HOME，字段、状态、动作、导航和错误恢复无TBD || 页面调用 operationId：referralGetMeReferralOverview；请求/响应字段不得另行发明 || 按钮显示、可用和确认条件与服务端状态机、权限、expectedVersion、幂等策略一致 || 首屏、空、刷新、翻页/局部失败、无权限、404、离线和版本冲突状态按页面状态目录实现 || 敏感字段按分级脱敏；高敏读取和后台写操作完整审计 || 自动化覆盖：TST-REF_001-HAPPY;TST-REF_002-HAPPY;TST-REF_ACT_001-HAPPY;TST-REF_ACT_002-HAPPY,READY,READY_FOR_IMPLEMENTATION
STORY-R25-005,R25,推广：二级用户,作为已登录用户；公开能力仅限文档明确的H5页面，我需要完成二级用户的完整业务流程，以便在不依赖研发临时决策的情况下实现消费关系统计。,ANDROID,推广,MOB-LIST,SCR-REF-005,referralGetMeReferralLevel2Users,GET /api/v1/me/referral/level2-users,REQ-REF-001;REQ-REF-002;REQ-REF-ACT-001;REQ-REF-ACT-002,commission.settlement_delay_hours;referral.max_commission_level;referral.binding_mode;referral.relation_change_allowed;referral.attribution_days;referral.block_self_invite;referral.block_same_device;referral.red_packet_principal_commissionable,invite_codes;referral_relations;commission_records;referral_activity_progress;referral_milestone_rewards;h5_page_configs;cms_articles;agreements;app_versions;content_posts;referral_activity_rule_versions;referral_activity_rules,TST-REF_001-HAPPY;TST-REF_002-HAPPY;TST-REF_ACT_001-HAPPY;TST-REF_ACT_002-HAPPY,R17;R24,android_engineer;backend_engineer;test_engineer,SCR-REF-005 全部绑定模板 MOB-LIST，字段、状态、动作、导航和错误恢复无TBD || 页面调用 operationId：referralGetMeReferralLevel2Users；请求/响应字段不得另行发明 || 按钮显示、可用和确认条件与服务端状态机、权限、expectedVersion、幂等策略一致 || 首屏、空、刷新、翻页/局部失败、无权限、404、离线和版本冲突状态按页面状态目录实现 || 敏感字段按分级脱敏；高敏读取和后台写操作完整审计 || 自动化覆盖：TST-REF_001-HAPPY;TST-REF_002-HAPPY;TST-REF_ACT_001-HAPPY;TST-REF_ACT_002-HAPPY,READY,READY_FOR_IMPLEMENTATION
STORY-R25-006,R25,推广：消费佣金,作为已登录用户；公开能力仅限文档明确的H5页面，我需要完成消费佣金的完整业务流程，以便在不依赖研发临时决策的情况下实现一级二级明细。,ANDROID,推广,MOB-WALLET,SCR-REF-006,referralGetMeReferralCommissions,GET /api/v1/me/referral/commissions,REQ-REF-001;REQ-REF-002;REQ-REF-ACT-001;REQ-REF-ACT-002,commission.settlement_delay_hours;referral.max_commission_level;referral.binding_mode;referral.relation_change_allowed;referral.attribution_days;referral.block_self_invite;referral.block_same_device;referral.red_packet_principal_commissionable,invite_codes;referral_relations;commission_records;referral_activity_progress;referral_milestone_rewards;h5_page_configs;cms_articles;agreements;app_versions;content_posts;referral_activity_rule_versions;referral_activity_rules,TST-REF_001-HAPPY;TST-REF_002-HAPPY;TST-REF_ACT_001-HAPPY;TST-REF_ACT_002-HAPPY,R17;R24,android_engineer;backend_engineer;test_engineer,SCR-REF-006 全部绑定模板 MOB-WALLET，字段、状态、动作、导航和错误恢复无TBD || 页面调用 operationId：referralGetMeReferralCommissions；请求/响应字段不得另行发明 || 按钮显示、可用和确认条件与服务端状态机、权限、expectedVersion、幂等策略一致 || 首屏、空、刷新、翻页/局部失败、无权限、404、离线和版本冲突状态按页面状态目录实现 || 敏感字段按分级脱敏；高敏读取和后台写操作完整审计 || 自动化覆盖：TST-REF_001-HAPPY;TST-REF_002-HAPPY;TST-REF_ACT_001-HAPPY;TST-REF_ACT_002-HAPPY,READY,READY_FOR_IMPLEMENTATION
STORY-R25-007,R25,二级消费佣金：契约、数据、配置、测试与交接,作为技术负责人，我需要按冻结的 R25 契约和DoR完成数据、后端、配置、测试、观测与交接，使前端故事能够稳定落地并可追溯。,CROSS_PLATFORM,工程治理,N/A,SCR-REF-001;SCR-REF-002;SCR-REF-003;SCR-REF-005;SCR-REF-006;SCR-REF-008;ADM-REF-001;ADM-REF-002;ADM-REF-003,,,REQ-REF-001;REQ-REF-002;REQ-LEDGER-001,commission.settlement_delay_hours;referral.max_commission_level;referral.binding_mode;referral.relation_change_allowed;referral.attribution_days;referral.block_self_invite;referral.block_same_device;referral.red_packet_principal_commissionable;platform.brand.name;platform.brand.slogan;platform.brand.logo_media_id;platform.customer_service.name;platform.customer_service.contact,invite_codes;referral_relations;commission_records;referral_activity_progress;referral_milestone_rewards;h5_page_configs;cms_articles;agreements;app_versions;content_posts;referral_activity_rule_versions;referral_activity_rules;reward_accounts;reward_ledger;reward_settlements;reward_freezes;accounting_entries;payout_accounts;withdrawal_requests;payout_transactions;payout_callbacks;payout_reconciliation_records;accounting_transactions;payment_transactions;payment_callbacks;payment_exception_orders;payment_reconciliation_records,TST-REF_001-CONCURRENCY;TST-REF_001-HAPPY;TST-REF_001-IDEMPOTENT;TST-REF_001-RECOVERY;TST-REF_001-REJECT;TST-REF_002-CONCURRENCY;TST-REF_002-HAPPY;TST-REF_002-IDEMPOTENT;TST-REF_002-RECOVERY;TST-REF_002-REJECT,R17;R24,tech_lead;backend_engineer;database_engineer;test_engineer;devops_engineer,OpenAPI、状态机、数据库迁移、配置Schema和页面契约引用一致，代码生成不得产生手工分叉 || 每个需求可追溯到页面/API/表/配置/测试/故事；不适用项必须显式N/A并说明 || 版本DoR全部PASS后方可编码；出口仍按原RELEASE_MANIFEST和ACCEPTANCE_MATRIX执行 || 变更必须通过CR，更新唯一事实源并重新生成全部派生目录和哈希 || 完成Session Log、追踪矩阵、发布证据和下一任务交接,READY,READY_FOR_IMPLEMENTATION
STORY-R26-001,R26,推广：阶梯奖励矩阵,作为具备 referral.read 的后台员工；写操作另需 referral.manage，我需要完成阶梯奖励矩阵的完整业务流程，以便在不依赖研发临时决策的情况下实现档位×会员。,ADMIN,推广,ADM-FINANCE,ADM-REF-006,adminReferralGetReferralRelations;adminReferralPostReferralRelationsByInviteeidAdjust;adminReferralGetCommissionPolicies;adminReferralPostCommissionPolicies;adminReferralGetCommissions;adminReferralActivityGetReferralActivityRules;adminReferralActivityPostReferralActivityRuleVersions;adminReferralActivityGetReferralActivityProgress;adminReferralActivityPutReferralActivityMilestones,GET /admin-api/v1/referral-relations;POST /admin-api/v1/referral-relations/{inviteeId}/adjust;GET /admin-api/v1/commission-policies;POST /admin-api/v1/commission-policies;GET /admin-api/v1/commissions;GET /admin-api/v1/referral-activity/rules;POST /admin-api/v1/referral-activity/rule-versions;GET /admin-api/v1/referral-activity/progress;PUT /admin-api/v1/referral-activity/milestones,REQ-REF-001;REQ-REF-ACT-002;REQ-PAGE-SPEC-001;REQ-ADMIN-OPS-001,commission.settlement_delay_hours;referral.max_commission_level;referral.binding_mode;referral.relation_change_allowed;referral.attribution_days;referral.block_self_invite;referral.block_same_device;referral.red_packet_principal_commissionable,invite_codes;referral_relations;commission_records;referral_activity_progress;referral_milestone_rewards;referral_activity_rule_versions;referral_activity_rules;h5_page_configs;cms_articles;agreements;app_versions;content_posts;admin_users;admin_roles;admin_permissions;admin_user_roles;admin_role_permissions;admin_operation_logs;admin_approval_requests,TST-REF_001-HAPPY;TST-REF_ACT_002-HAPPY;TST-REF_001-IDEMPOTENT;TST-REF_ACT_002-IDEMPOTENT;TST-V122-022,R25,admin_frontend_engineer;backend_engineer;test_engineer,ADM-REF-006 全部绑定模板 ADM-FINANCE，字段、状态、动作、导航和错误恢复无TBD || 页面调用 operationId：adminReferralGetReferralRelations;adminReferralPostReferralRelationsByInviteeidAdjust;adminReferralGetCommissionPolicies;adminReferralPostCommissionPolicies;adminReferralGetCommissions;adminReferralActivityGetReferralActivityRules;adminReferralActivityPostReferralActivityRuleVersions;adminReferralActivityGetReferralActivityProgress;adminReferralActivityPutReferralActivityMilestones；请求/响应字段不得另行发明 || 按钮显示、可用和确认条件与服务端状态机、权限、expectedVersion、幂等策略一致 || 首屏、空、刷新、翻页/局部失败、无权限、404、离线和版本冲突状态按页面状态目录实现 || 敏感字段按分级脱敏；高敏读取和后台写操作完整审计 || 自动化覆盖：TST-REF_001-HAPPY;TST-REF_ACT_002-HAPPY;TST-REF_001-IDEMPOTENT;TST-REF_ACT_002-IDEMPOTENT;TST-V122-022,READY,READY_FOR_IMPLEMENTATION
STORY-R26-002,R26,推广：直推活跃规则、直推进度,作为具备 referral.read 的后台员工；写操作另需 referral.manage，我需要完成直推活跃规则、直推进度的完整业务流程，以便在不依赖研发临时决策的情况下实现事件和分值。,ADMIN,推广,ADM-LIST,ADM-REF-004;ADM-REF-005,adminReferralGetReferralRelations;adminReferralPostReferralRelationsByInviteeidAdjust;adminReferralGetCommissionPolicies;adminReferralPostCommissionPolicies;adminReferralGetCommissions;adminReferralActivityGetReferralActivityRules;adminReferralActivityPostReferralActivityRuleVersions;adminReferralActivityGetReferralActivityProgress,GET /admin-api/v1/referral-relations;POST /admin-api/v1/referral-relations/{inviteeId}/adjust;GET /admin-api/v1/commission-policies;POST /admin-api/v1/commission-policies;GET /admin-api/v1/commissions;GET /admin-api/v1/referral-activity/rules;POST /admin-api/v1/referral-activity/rule-versions;GET /admin-api/v1/referral-activity/progress,REQ-REF-001;REQ-REF-ACT-002,commission.settlement_delay_hours;referral.max_commission_level;referral.binding_mode;referral.relation_change_allowed;referral.attribution_days;referral.block_self_invite;referral.block_same_device;referral.red_packet_principal_commissionable,invite_codes;referral_relations;commission_records;referral_activity_progress;referral_milestone_rewards;referral_activity_rule_versions;referral_activity_rules;h5_page_configs;cms_articles;agreements;app_versions;content_posts,TST-REF_001-HAPPY;TST-REF_ACT_002-HAPPY;TST-REF_001-IDEMPOTENT;TST-REF_ACT_002-IDEMPOTENT,R25,admin_frontend_engineer;backend_engineer;test_engineer,ADM-REF-004;ADM-REF-005 全部绑定模板 ADM-LIST，字段、状态、动作、导航和错误恢复无TBD || 页面调用 operationId：adminReferralGetReferralRelations;adminReferralPostReferralRelationsByInviteeidAdjust;adminReferralGetCommissionPolicies;adminReferralPostCommissionPolicies;adminReferralGetCommissions;adminReferralActivityGetReferralActivityRules;adminReferralActivityPostReferralActivityRuleVersions;adminReferralActivityGetReferralActivityProgress；请求/响应字段不得另行发明 || 按钮显示、可用和确认条件与服务端状态机、权限、expectedVersion、幂等策略一致 || 首屏、空、刷新、翻页/局部失败、无权限、404、离线和版本冲突状态按页面状态目录实现 || 敏感字段按分级脱敏；高敏读取和后台写操作完整审计 || 自动化覆盖：TST-REF_001-HAPPY;TST-REF_ACT_002-HAPPY;TST-REF_001-IDEMPOTENT;TST-REF_ACT_002-IDEMPOTENT,READY,READY_FOR_IMPLEMENTATION
STORY-R26-003,R26,推广：直推用户,作为已登录用户；公开能力仅限文档明确的H5页面，我需要完成直推用户的完整业务流程，以便在不依赖研发临时决策的情况下实现每人独立活跃进度。,ANDROID,推广,MOB-LIST,SCR-REF-004,referralGetMeReferralDirectUsers,GET /api/v1/me/referral/direct-users,REQ-REF-001;REQ-REF-002;REQ-REF-ACT-001;REQ-REF-ACT-002,commission.settlement_delay_hours;referral.max_commission_level;referral.binding_mode;referral.relation_change_allowed;referral.attribution_days;referral.block_self_invite;referral.block_same_device;referral.red_packet_principal_commissionable,invite_codes;referral_relations;commission_records;referral_activity_progress;referral_milestone_rewards;h5_page_configs;cms_articles;agreements;app_versions;content_posts;referral_activity_rule_versions;referral_activity_rules,TST-REF_001-HAPPY;TST-REF_002-HAPPY;TST-REF_ACT_001-HAPPY;TST-REF_ACT_002-HAPPY,R25,android_engineer;backend_engineer;test_engineer,SCR-REF-004 全部绑定模板 MOB-LIST，字段、状态、动作、导航和错误恢复无TBD || 页面调用 operationId：referralGetMeReferralDirectUsers；请求/响应字段不得另行发明 || 按钮显示、可用和确认条件与服务端状态机、权限、expectedVersion、幂等策略一致 || 首屏、空、刷新、翻页/局部失败、无权限、404、离线和版本冲突状态按页面状态目录实现 || 敏感字段按分级脱敏；高敏读取和后台写操作完整审计 || 自动化覆盖：TST-REF_001-HAPPY;TST-REF_002-HAPPY;TST-REF_ACT_001-HAPPY;TST-REF_ACT_002-HAPPY,READY,READY_FOR_IMPLEMENTATION
STORY-R26-004,R26,推广：直推活跃奖励,作为已登录用户；公开能力仅限文档明确的H5页面，我需要完成直推活跃奖励的完整业务流程，以便在不依赖研发临时决策的情况下实现档位矩阵和奖励。,ANDROID,推广,MOB-WALLET,SCR-REF-007,referralGetMeReferralActivityRewards,GET /api/v1/me/referral/activity-rewards,REQ-REF-001;REQ-REF-002;REQ-REF-ACT-001;REQ-REF-ACT-002,commission.settlement_delay_hours;referral.max_commission_level;referral.binding_mode;referral.relation_change_allowed;referral.attribution_days;referral.block_self_invite;referral.block_same_device;referral.red_packet_principal_commissionable,invite_codes;referral_relations;commission_records;referral_activity_progress;referral_milestone_rewards;h5_page_configs;cms_articles;agreements;app_versions;content_posts;referral_activity_rule_versions;referral_activity_rules,TST-REF_001-HAPPY;TST-REF_002-HAPPY;TST-REF_ACT_001-HAPPY;TST-REF_ACT_002-HAPPY,R25,android_engineer;backend_engineer;test_engineer,SCR-REF-007 全部绑定模板 MOB-WALLET，字段、状态、动作、导航和错误恢复无TBD || 页面调用 operationId：referralGetMeReferralActivityRewards；请求/响应字段不得另行发明 || 按钮显示、可用和确认条件与服务端状态机、权限、expectedVersion、幂等策略一致 || 首屏、空、刷新、翻页/局部失败、无权限、404、离线和版本冲突状态按页面状态目录实现 || 敏感字段按分级脱敏；高敏读取和后台写操作完整审计 || 自动化覆盖：TST-REF_001-HAPPY;TST-REF_002-HAPPY;TST-REF_ACT_001-HAPPY;TST-REF_ACT_002-HAPPY,READY,READY_FOR_IMPLEMENTATION
STORY-R26-005,R26,直推活跃阶梯奖励：契约、数据、配置、测试与交接,作为技术负责人，我需要按冻结的 R26 契约和DoR完成数据、后端、配置、测试、观测与交接，使前端故事能够稳定落地并可追溯。,CROSS_PLATFORM,工程治理,N/A,SCR-REF-004;SCR-REF-007;ADM-REF-004;ADM-REF-005;ADM-REF-006,,,REQ-REF-ACT-001;REQ-REF-ACT-002,commission.settlement_delay_hours;referral.max_commission_level;referral.binding_mode;referral.relation_change_allowed;referral.attribution_days;referral.block_self_invite;referral.block_same_device;referral.red_packet_principal_commissionable,invite_codes;referral_relations;commission_records;referral_activity_progress;referral_milestone_rewards;h5_page_configs;cms_articles;agreements;app_versions;content_posts;referral_activity_rule_versions;referral_activity_rules,TST-REF_ACT_001-CONCURRENCY;TST-REF_ACT_001-HAPPY;TST-REF_ACT_001-IDEMPOTENT;TST-REF_ACT_001-RECOVERY;TST-REF_ACT_001-REJECT;TST-REF_ACT_002-CONCURRENCY;TST-REF_ACT_002-HAPPY;TST-REF_ACT_002-IDEMPOTENT;TST-REF_ACT_002-RECOVERY;TST-REF_ACT_002-REJECT,R25,tech_lead;backend_engineer;database_engineer;test_engineer;devops_engineer,OpenAPI、状态机、数据库迁移、配置Schema和页面契约引用一致，代码生成不得产生手工分叉 || 每个需求可追溯到页面/API/表/配置/测试/故事；不适用项必须显式N/A并说明 || 版本DoR全部PASS后方可编码；出口仍按原RELEASE_MANIFEST和ACCEPTANCE_MATRIX执行 || 变更必须通过CR，更新唯一事实源并重新生成全部派生目录和哈希 || 完成Session Log、追踪矩阵、发布证据和下一任务交接,READY,READY_FOR_IMPLEMENTATION
STORY-R27-001,R27,任务：任务定义、任务进度与预算,作为具备 task.manage 的后台员工；写操作另需 task.manage，我需要完成任务定义、任务进度与预算的完整业务流程，以便在不依赖研发临时决策的情况下实现个人任务和奖励。,ADMIN,任务,ADM-LIST,ADM-TASK-001;ADM-TASK-002,adminTasksGetTasks;adminTasksPostTasks;adminTasksPatchTasksById;adminTasksGetTaskProgress;adminTasksGetGrowthBudgets;adminTasksPutGrowthBudgetsById,GET /admin-api/v1/tasks;POST /admin-api/v1/tasks;PATCH /admin-api/v1/tasks/{id};GET /admin-api/v1/task-progress;GET /admin-api/v1/growth-budgets;PUT /admin-api/v1/growth-budgets/{id},REQ-TASK-002,platform.brand.name;platform.brand.slogan;platform.brand.logo_media_id;platform.customer_service.name;platform.customer_service.contact,task_definitions;task_rule_versions;user_task_progress;growth_budgets;task_events;user_point_accounts;user_point_ledger,TST-TASK_002-HAPPY;TST-TASK_002-IDEMPOTENT,R24,admin_frontend_engineer;backend_engineer;test_engineer,ADM-TASK-001;ADM-TASK-002 全部绑定模板 ADM-LIST，字段、状态、动作、导航和错误恢复无TBD || 页面调用 operationId：adminTasksGetTasks;adminTasksPostTasks;adminTasksPatchTasksById;adminTasksGetTaskProgress;adminTasksGetGrowthBudgets;adminTasksPutGrowthBudgetsById；请求/响应字段不得另行发明 || 按钮显示、可用和确认条件与服务端状态机、权限、expectedVersion、幂等策略一致 || 首屏、空、刷新、翻页/局部失败、无权限、404、离线和版本冲突状态按页面状态目录实现 || 敏感字段按分级脱敏；高敏读取和后台写操作完整审计 || 自动化覆盖：TST-TASK_002-HAPPY;TST-TASK_002-IDEMPOTENT,READY,READY_FOR_IMPLEMENTATION
STORY-R27-002,R27,任务：任务中心,作为已登录用户；公开能力仅限文档明确的H5页面，我需要完成任务中心的完整业务流程，以便在不依赖研发临时决策的情况下实现七日/每日/连续任务。,ANDROID,任务,MOB-LIST,SCR-TASK-001,taskGetTasks;taskPostTasksByIdClaim,GET /api/v1/tasks;POST /api/v1/tasks/{id}/claim,REQ-TASK-001;REQ-TASK-002,feature.personal_task_cash_reward;task.enabled;task.daily_point_cap;task.monthly_cash_reward_cap_cent;task.platform_daily_budget_cent;task.platform_monthly_budget_cent;task.incentivized_traffic_excluded_from_organic_rank,task_definitions;user_task_progress;task_events;user_point_accounts;user_point_ledger;growth_budgets;task_rule_versions,TST-TASK_001-HAPPY;TST-TASK_002-HAPPY;TST-TASK_001-IDEMPOTENT;TST-TASK_002-IDEMPOTENT,R24,android_engineer;backend_engineer;test_engineer,SCR-TASK-001 全部绑定模板 MOB-LIST，字段、状态、动作、导航和错误恢复无TBD || 页面调用 operationId：taskGetTasks;taskPostTasksByIdClaim；请求/响应字段不得另行发明 || 按钮显示、可用和确认条件与服务端状态机、权限、expectedVersion、幂等策略一致 || 首屏、空、刷新、翻页/局部失败、无权限、404、离线和版本冲突状态按页面状态目录实现 || 敏感字段按分级脱敏；高敏读取和后台写操作完整审计 || 自动化覆盖：TST-TASK_001-HAPPY;TST-TASK_002-HAPPY;TST-TASK_001-IDEMPOTENT;TST-TASK_002-IDEMPOTENT,READY,READY_FOR_IMPLEMENTATION
STORY-R27-003,R27,任务：个人任务积分,作为已登录用户；公开能力仅限文档明确的H5页面，我需要完成个人任务积分的完整业务流程，以便在不依赖研发临时决策的情况下实现积分和里程碑。,ANDROID,任务,MOB-WALLET,SCR-TASK-002,taskGetMePoints;taskGetMePointLedger,GET /api/v1/me/points;GET /api/v1/me/point-ledger,REQ-TASK-001;REQ-TASK-002,feature.personal_task_cash_reward;task.enabled;task.daily_point_cap;task.monthly_cash_reward_cap_cent;task.platform_daily_budget_cent;task.platform_monthly_budget_cent;task.incentivized_traffic_excluded_from_organic_rank,task_definitions;user_task_progress;task_events;user_point_accounts;user_point_ledger;growth_budgets;task_rule_versions,TST-TASK_001-HAPPY;TST-TASK_002-HAPPY,R24,android_engineer;backend_engineer;test_engineer,SCR-TASK-002 全部绑定模板 MOB-WALLET，字段、状态、动作、导航和错误恢复无TBD || 页面调用 operationId：taskGetMePoints;taskGetMePointLedger；请求/响应字段不得另行发明 || 按钮显示、可用和确认条件与服务端状态机、权限、expectedVersion、幂等策略一致 || 首屏、空、刷新、翻页/局部失败、无权限、404、离线和版本冲突状态按页面状态目录实现 || 敏感字段按分级脱敏；高敏读取和后台写操作完整审计 || 自动化覆盖：TST-TASK_001-HAPPY;TST-TASK_002-HAPPY,READY,READY_FOR_IMPLEMENTATION
STORY-R27-004,R27,个人任务与留存：契约、数据、配置、测试与交接,作为技术负责人，我需要按冻结的 R27 契约和DoR完成数据、后端、配置、测试、观测与交接，使前端故事能够稳定落地并可追溯。,CROSS_PLATFORM,工程治理,N/A,SCR-TASK-001;SCR-TASK-002;ADM-TASK-001;ADM-TASK-002,taskGetTasks;taskPostTasksByIdClaim;taskGetMePoints;taskGetMePointLedger;adminTasksGetTasks;adminTasksPostTasks;adminTasksPatchTasksById;adminTasksGetTaskProgress;adminTasksGetGrowthBudgets;adminTasksPutGrowthBudgetsById,GET /api/v1/tasks;POST /api/v1/tasks/{id}/claim;GET /api/v1/me/points;GET /api/v1/me/point-ledger;GET /admin-api/v1/tasks;POST /admin-api/v1/tasks;PATCH /admin-api/v1/tasks/{id};GET /admin-api/v1/task-progress;GET /admin-api/v1/growth-budgets;PUT /admin-api/v1/growth-budgets/{id},REQ-TASK-001;REQ-TASK-002;REQ-LEDGER-001,feature.personal_task_cash_reward;task.enabled;task.daily_point_cap;task.monthly_cash_reward_cap_cent;task.platform_daily_budget_cent;task.platform_monthly_budget_cent;task.incentivized_traffic_excluded_from_organic_rank;platform.brand.name;platform.brand.slogan;platform.brand.logo_media_id;platform.customer_service.name;platform.customer_service.contact,task_definitions;user_task_progress;task_events;user_point_accounts;user_point_ledger;growth_budgets;task_rule_versions;reward_accounts;reward_ledger;reward_settlements;reward_freezes;accounting_entries;payout_accounts;withdrawal_requests;payout_transactions;payout_callbacks;payout_reconciliation_records;accounting_transactions;payment_transactions;payment_callbacks;payment_exception_orders;payment_reconciliation_records,TST-TASK_001-CONCURRENCY;TST-TASK_001-HAPPY;TST-TASK_001-IDEMPOTENT;TST-TASK_001-RECOVERY;TST-TASK_001-REJECT;TST-TASK_002-CONCURRENCY;TST-TASK_002-HAPPY;TST-TASK_002-IDEMPOTENT;TST-TASK_002-RECOVERY;TST-TASK_002-REJECT,R24,tech_lead;backend_engineer;database_engineer;test_engineer;devops_engineer,OpenAPI、状态机、数据库迁移、配置Schema和页面契约引用一致，代码生成不得产生手工分叉 || 每个需求可追溯到页面/API/表/配置/测试/故事；不适用项必须显式N/A并说明 || 版本DoR全部PASS后方可编码；出口仍按原RELEASE_MANIFEST和ACCEPTANCE_MATRIX执行 || 变更必须通过CR，更新唯一事实源并重新生成全部派生目录和哈希 || 完成Session Log、追踪矩阵、发布证据和下一任务交接,READY,READY_FOR_IMPLEMENTATION
STORY-R28-001,R28,运营：首页CMS、H5宣传页CMS、公告帮助协议,作为具备 cms.manage 的后台员工；写操作另需 cms.manage，我需要完成首页CMS、H5宣传页CMS、公告帮助协议的完整业务流程，以便在不依赖研发临时决策的情况下实现模块、轮播、专题。,ADMIN,运营,ADM-CMS,ADM-CMS-001;ADM-CMS-002;ADM-CMS-003,adminCMSGetCmsHomeModules;adminCMSPutCmsHomeModules;adminCMSGetCmsBanners;adminCMSPostCmsBanners;adminCMSGetCmsArticles;adminCMSPostCmsArticles;adminCMSGetCmsH5Pages;adminCMSPutCmsH5PagesByCode;adminAgreementsGetAgreements;adminAgreementsPostAgreementsByCodeVersions,GET /admin-api/v1/cms/home-modules;PUT /admin-api/v1/cms/home-modules;GET /admin-api/v1/cms/banners;POST /admin-api/v1/cms/banners;GET /admin-api/v1/cms/articles;POST /admin-api/v1/cms/articles;GET /admin-api/v1/cms/h5-pages;PUT /admin-api/v1/cms/h5-pages/{code};GET /admin-api/v1/agreements;POST /admin-api/v1/agreements/{code}/versions,REQ-CMS-001;REQ-PAGE-SPEC-001;REQ-ADMIN-OPS-001,platform.brand.name;platform.brand.slogan;platform.brand.logo_media_id;platform.customer_service.name;platform.customer_service.contact,home_modules;banners;cms_articles;h5_page_configs;agreements;app_versions;content_posts;admin_users;admin_roles;admin_permissions;admin_user_roles;admin_role_permissions;admin_operation_logs;admin_approval_requests,TST-CMS_001-HAPPY;TST-CMS_001-IDEMPOTENT;TST-V122-026;TST-V122-027,R06;R13;R15,admin_frontend_engineer;backend_engineer;test_engineer,ADM-CMS-001;ADM-CMS-002;ADM-CMS-003 全部绑定模板 ADM-CMS，字段、状态、动作、导航和错误恢复无TBD || 页面调用 operationId：adminCMSGetCmsHomeModules;adminCMSPutCmsHomeModules;adminCMSGetCmsBanners;adminCMSPostCmsBanners;adminCMSGetCmsArticles;adminCMSPostCmsArticles;adminCMSGetCmsH5Pages;adminCMSPutCmsH5PagesByCode;adminAgreementsGetAgreements;adminAgreementsPostAgreementsByCodeVersions；请求/响应字段不得另行发明 || 按钮显示、可用和确认条件与服务端状态机、权限、expectedVersion、幂等策略一致 || 首屏、空、刷新、翻页/局部失败、无权限、404、离线和版本冲突状态按页面状态目录实现 || 敏感字段按分级脱敏；高敏读取和后台写操作完整审计 || 自动化覆盖：TST-CMS_001-HAPPY;TST-CMS_001-IDEMPOTENT;TST-V122-026;TST-V122-027,READY,READY_FOR_IMPLEMENTATION
STORY-R28-002,R28,H5：品牌宣传下载页、安装教程、邀请落地页,作为公开访客或从分享/邀请/支付/实名流程进入的用户，我需要完成品牌宣传下载页、安装教程、邀请落地页的完整业务流程，以便在不依赖研发临时决策的情况下实现品牌官网式页面、下载APK。,H5,H5,H5-LANDING,H5-001;H5-002;H5-003,publicGetHomePage;publicGetAppLatest;publicGetHelpArticlesById;publicGetInviteByCode,GET /public-api/v1/home-page;GET /public-api/v1/app/latest;GET /public-api/v1/help/articles/{id};GET /public-api/v1/invite/{code},REQ-H5-001;REQ-APP-RELEASE-001;REQ-REF-002,platform.brand.name;platform.brand.slogan;platform.brand.logo_media_id;platform.customer_service.name;platform.customer_service.contact,h5_page_configs;cms_articles;agreements;app_versions;content_posts;content_versions;content_status_logs;content_review_records;content_media;content_contacts;content_stats;content_favorites;content_view_logs;content_contact_access_logs;app_release_records;app_build_artifacts;users;user_credentials;auth_security_challenges;user_sessions;user_devices;sms_verification_codes;login_logs;invite_codes;referral_relations;commission_records;referral_activity_progress;referral_milestone_rewards,TST-H5_001-HAPPY;TST-APP_RELEASE_001-HAPPY;TST-REF_002-HAPPY,R06;R13;R15,web_frontend_engineer;backend_engineer;test_engineer,H5-001;H5-002;H5-003 全部绑定模板 H5-LANDING，字段、状态、动作、导航和错误恢复无TBD || 页面调用 operationId：publicGetHomePage;publicGetAppLatest;publicGetHelpArticlesById;publicGetInviteByCode；请求/响应字段不得另行发明 || 按钮显示、可用和确认条件与服务端状态机、权限、expectedVersion、幂等策略一致 || 首屏、空、刷新、翻页/局部失败、无权限、404、离线和版本冲突状态按页面状态目录实现 || 敏感字段按分级脱敏；高敏读取和后台写操作完整审计 || 自动化覆盖：TST-H5_001-HAPPY;TST-APP_RELEASE_001-HAPPY;TST-REF_002-HAPPY,READY,READY_FOR_IMPLEMENTATION
STORY-R28-003,R28,H5：项目分享页、App分享页、群聊分享页、团队长分享页,作为公开访客或从分享/邀请/支付/实名流程进入的用户，我需要完成项目分享页、App分享页、群聊分享页、团队长分享页的完整业务流程，以便在不依赖研发临时决策的情况下实现项目预览和下载引导。,H5,H5,H5-SHARE,H5-004;H5-005;H5-006;H5-007,publicGetShareContentsById,GET /public-api/v1/share/contents/{id},REQ-PROJECT-001;REQ-H5-001;REQ-APP-PROMO-001;REQ-GROUP-001;REQ-TEAM-001,platform.brand.name;platform.brand.slogan;platform.brand.logo_media_id;platform.customer_service.name;platform.customer_service.contact,h5_page_configs;cms_articles;agreements;app_versions;content_posts;content_versions;content_status_logs;content_review_records;content_media;content_contacts;content_stats;content_favorites;content_view_logs;content_contact_access_logs;conversations;conversation_members;chat_messages;chat_read_receipts;user_blocks;chat_reports,TST-PROJECT_001-HAPPY;TST-H5_001-HAPPY;TST-APP_PROMO_001-HAPPY;TST-GROUP_001-HAPPY;TST-TEAM_001-HAPPY,R06;R13;R15,web_frontend_engineer;backend_engineer;test_engineer,H5-004;H5-005;H5-006;H5-007 全部绑定模板 H5-SHARE，字段、状态、动作、导航和错误恢复无TBD || 页面调用 operationId：publicGetShareContentsById；请求/响应字段不得另行发明 || 按钮显示、可用和确认条件与服务端状态机、权限、expectedVersion、幂等策略一致 || 首屏、空、刷新、翻页/局部失败、无权限、404、离线和版本冲突状态按页面状态目录实现 || 敏感字段按分级脱敏；高敏读取和后台写操作完整审计 || 自动化覆盖：TST-PROJECT_001-HAPPY;TST-H5_001-HAPPY;TST-APP_PROMO_001-HAPPY;TST-GROUP_001-HAPPY;TST-TEAM_001-HAPPY,READY,READY_FOR_IMPLEMENTATION
STORY-R28-004,R28,H5品牌宣传、邀请与下载：契约、数据、配置、测试与交接,作为技术负责人，我需要按冻结的 R28 契约和DoR完成数据、后端、配置、测试、观测与交接，使前端故事能够稳定落地并可追溯。,CROSS_PLATFORM,工程治理,N/A,H5-001;H5-002;H5-003;H5-004;H5-005;H5-006;H5-007;ADM-CMS-001;ADM-CMS-002;ADM-CMS-003,publicGetHomePage;publicGetAppLatest;publicGetShareContentsById;publicGetInviteByCode;publicGetInviteByCodeRegistrationConfig;publicGetAgreementsByCode;adminCMSGetCmsHomeModules;adminCMSPutCmsHomeModules;adminCMSGetCmsBanners;adminCMSPostCmsBanners;adminCMSGetCmsArticles;adminCMSPostCmsArticles;adminCMSGetCmsH5Pages;adminCMSPutCmsH5PagesByCode;adminAgreementsGetAgreements;adminAgreementsPostAgreementsByCodeVersions,GET /public-api/v1/home-page;GET /public-api/v1/app/latest;GET /public-api/v1/share/contents/{id};GET /public-api/v1/invite/{code};GET /public-api/v1/invite/{code}/registration-config;GET /public-api/v1/agreements/{code};GET /admin-api/v1/cms/home-modules;PUT /admin-api/v1/cms/home-modules;GET /admin-api/v1/cms/banners;POST /admin-api/v1/cms/banners;GET /admin-api/v1/cms/articles;POST /admin-api/v1/cms/articles;GET /admin-api/v1/cms/h5-pages;PUT /admin-api/v1/cms/h5-pages/{code};GET /admin-api/v1/agreements;POST /admin-api/v1/agreements/{code}/versions,REQ-H5-001;REQ-CMS-001;REQ-DOMAIN-001,platform.brand.name;platform.brand.slogan;platform.brand.logo_media_id;platform.customer_service.name;platform.customer_service.contact,content_posts;content_versions;content_status_logs;content_review_records;content_media;content_contacts;content_stats;content_favorites;content_view_logs;content_contact_access_logs;h5_page_configs;cms_articles;agreements;app_versions;home_modules;banners;agreement_versions;user_agreement_acceptances;app_download_logs;provider_config_definitions;provider_config_versions;provider_connection_tests,TST-CMS_001-HAPPY;TST-CMS_001-IDEMPOTENT;TST-CMS_001-REJECT;TST-H5_001-HAPPY;TST-H5_001-IDEMPOTENT;TST-H5_001-REJECT;TST-V122-026;TST-V122-027,R06;R13;R15,tech_lead;backend_engineer;database_engineer;test_engineer;devops_engineer,OpenAPI、状态机、数据库迁移、配置Schema和页面契约引用一致，代码生成不得产生手工分叉 || 每个需求可追溯到页面/API/表/配置/测试/故事；不适用项必须显式N/A并说明 || 版本DoR全部PASS后方可编码；出口仍按原RELEASE_MANIFEST和ACCEPTANCE_MATRIX执行 || 变更必须通过CR，更新唯一事实源并重新生成全部派生目录和哈希 || 完成Session Log、追踪矩阵、发布证据和下一任务交接,READY,READY_FOR_IMPLEMENTATION
STORY-R29-001,R29,App构建：构建配置、签名配置、构建任务列表、构建任务详情,作为具备 app.build.manage 的后台员工；写操作另需 app.build.manage，我需要完成构建配置、签名配置、构建任务列表、构建任务详情的完整业务流程，以便在不依赖研发临时决策的情况下实现包名、显示名、环境、版本策略、Gradle参数和允许的Git Ref。,ADMIN,App构建,ADM-BUILD,ADM-BUILD-002;ADM-BUILD-003;ADM-BUILD-004;ADM-BUILD-005,adminAppBuildProfileGetAppBuildProfiles;adminAppBuildProfilePutAppBuildProfilesById;adminAppBuildJobGetAppBuildJobs;adminAppBuildJobGetAppBuildJobsById;adminAppBuildJobGetAppBuildJobsByIdLogs;adminAppBuildJobPostAppBuildJobsByIdCancel;adminAppBuildJobPostAppBuildJobsByIdRetry;adminAppBuildArtifactGetAppBuildArtifacts;adminAppBuildProfilePostAppBuildProfiles;adminAppBuildJobPostAppBuildJobs;adminAppSigningPostAppBuildSigningProfiles;adminAppSigningPostAppBuildSigningProfilesByIdTest;adminAppBuildArtifactGetAppBuildArtifactsByIdDownload;adminAppSigningGetAppBuildSigningProfiles,GET /admin-api/v1/app-build/profiles;PUT /admin-api/v1/app-build/profiles/{id};GET /admin-api/v1/app-build/jobs;GET /admin-api/v1/app-build/jobs/{id};GET /admin-api/v1/app-build/jobs/{id}/logs;POST /admin-api/v1/app-build/jobs/{id}/cancel;POST /admin-api/v1/app-build/jobs/{id}/retry;GET /admin-api/v1/app-build/artifacts;POST /admin-api/v1/app-build/profiles;POST /admin-api/v1/app-build/jobs;POST /admin-api/v1/app-build/signing-profiles;POST /admin-api/v1/app-build/signing-profiles/{id}/test;GET /admin-api/v1/app-build/artifacts/{id}/download;GET /admin-api/v1/app-build/signing-profiles,REQ-BUILD-001;REQ-APK-001;REQ-PAGE-SPEC-001;REQ-ADMIN-OPS-001,platform.brand.name;platform.brand.slogan;platform.brand.logo_media_id;platform.customer_service.name;platform.customer_service.contact,app_build_profiles;app_build_jobs;app_build_job_steps;app_build_artifacts;app_signing_profiles;h5_page_configs;cms_articles;agreements;app_versions;content_posts;app_release_records;users;user_credentials;auth_security_challenges;user_sessions;user_devices;sms_verification_codes;login_logs;admin_users;admin_roles;admin_permissions;admin_user_roles;admin_role_permissions;admin_operation_logs;admin_approval_requests,TST-BUILD_001-HAPPY;TST-APK_001-HAPPY;TST-BUILD_001-IDEMPOTENT;TST-APK_001-IDEMPOTENT;TST-V122-037;TST-V122-038,P00;R17;R28,admin_frontend_engineer;backend_engineer;test_engineer,ADM-BUILD-002;ADM-BUILD-003;ADM-BUILD-004;ADM-BUILD-005 全部绑定模板 ADM-BUILD，字段、状态、动作、导航和错误恢复无TBD || 页面调用 operationId：adminAppBuildProfileGetAppBuildProfiles;adminAppBuildProfilePutAppBuildProfilesById;adminAppBuildJobGetAppBuildJobs;adminAppBuildJobGetAppBuildJobsById;adminAppBuildJobGetAppBuildJobsByIdLogs;adminAppBuildJobPostAppBuildJobsByIdCancel;adminAppBuildJobPostAppBuildJobsByIdRetry;adminAppBuildArtifactGetAppBuildArtifacts;adminAppBuildProfilePostAppBuildProfiles;adminAppBuildJobPostAppBuildJobs;adminAppSigningPostAppBuildSigningProfiles;adminAppSigningPostAppBuildSigningProfilesByIdTest;adminAppBuildArtifactGetAppBuildArtifactsByIdDownload;adminAppSigningGetAppBuildSigningProfiles；请求/响应字段不得另行发明 || 按钮显示、可用和确认条件与服务端状态机、权限、expectedVersion、幂等策略一致 || 首屏、空、刷新、翻页/局部失败、无权限、404、离线和版本冲突状态按页面状态目录实现 || 敏感字段按分级脱敏；高敏读取和后台写操作完整审计 || 自动化覆盖：TST-BUILD_001-HAPPY;TST-APK_001-HAPPY;TST-BUILD_001-IDEMPOTENT;TST-APK_001-IDEMPOTENT;TST-V122-037;TST-V122-038,READY,READY_FOR_IMPLEMENTATION
STORY-R29-002,R29,App构建：构建产物与下载、发布与回滚,作为具备 app.build.manage 的后台员工；写操作另需 app.build.manage，我需要完成构建产物与下载、发布与回滚的完整业务流程，以便在不依赖研发临时决策的情况下实现测试APK、正式APK、保留期、下载、二维码和Commit追溯。,ADMIN,App构建,ADM-BUILD,ADM-BUILD-006;ADM-BUILD-007,adminAppBuildProfileGetAppBuildProfiles;adminAppBuildProfilePostAppBuildProfiles;adminAppBuildProfilePutAppBuildProfilesById;adminAppBuildJobGetAppBuildJobs;adminAppBuildJobPostAppBuildJobs;adminAppBuildJobGetAppBuildJobsById;adminAppBuildJobGetAppBuildJobsByIdLogs;adminAppBuildJobPostAppBuildJobsByIdCancel;adminAppBuildReleasePostAppBuildJobsByIdPublishStaging;adminAppBuildReleasePostAppBuildJobsByIdPromote,GET /admin-api/v1/app-build/profiles;POST /admin-api/v1/app-build/profiles;PUT /admin-api/v1/app-build/profiles/{id};GET /admin-api/v1/app-build/jobs;POST /admin-api/v1/app-build/jobs;GET /admin-api/v1/app-build/jobs/{id};GET /admin-api/v1/app-build/jobs/{id}/logs;POST /admin-api/v1/app-build/jobs/{id}/cancel;POST /admin-api/v1/app-build/jobs/{id}/publish-staging;POST /admin-api/v1/app-build/jobs/{id}/promote,REQ-BUILD-001;REQ-APK-001;REQ-PAGE-SPEC-001;REQ-ADMIN-OPS-001,platform.brand.name;platform.brand.slogan;platform.brand.logo_media_id;platform.customer_service.name;platform.customer_service.contact,app_build_profiles;app_build_jobs;app_build_job_steps;app_build_artifacts;app_signing_profiles;h5_page_configs;cms_articles;agreements;app_versions;content_posts;app_release_records;users;user_credentials;auth_security_challenges;user_sessions;user_devices;sms_verification_codes;login_logs;admin_users;admin_roles;admin_permissions;admin_user_roles;admin_role_permissions;admin_operation_logs;admin_approval_requests,TST-BUILD_001-HAPPY;TST-APK_001-HAPPY;TST-BUILD_001-IDEMPOTENT;TST-APK_001-IDEMPOTENT;TST-V122-035;TST-V122-036,P00;R17;R28,admin_frontend_engineer;backend_engineer;test_engineer,ADM-BUILD-006;ADM-BUILD-007 全部绑定模板 ADM-BUILD，字段、状态、动作、导航和错误恢复无TBD || 页面调用 operationId：adminAppBuildProfileGetAppBuildProfiles;adminAppBuildProfilePostAppBuildProfiles;adminAppBuildProfilePutAppBuildProfilesById;adminAppBuildJobGetAppBuildJobs;adminAppBuildJobPostAppBuildJobs;adminAppBuildJobGetAppBuildJobsById;adminAppBuildJobGetAppBuildJobsByIdLogs;adminAppBuildJobPostAppBuildJobsByIdCancel;adminAppBuildReleasePostAppBuildJobsByIdPublishStaging;adminAppBuildReleasePostAppBuildJobsByIdPromote；请求/响应字段不得另行发明 || 按钮显示、可用和确认条件与服务端状态机、权限、expectedVersion、幂等策略一致 || 首屏、空、刷新、翻页/局部失败、无权限、404、离线和版本冲突状态按页面状态目录实现 || 敏感字段按分级脱敏；高敏读取和后台写操作完整审计 || 自动化覆盖：TST-BUILD_001-HAPPY;TST-APK_001-HAPPY;TST-BUILD_001-IDEMPOTENT;TST-APK_001-IDEMPOTENT;TST-V122-035;TST-V122-036,READY,READY_FOR_IMPLEMENTATION
STORY-R29-003,R29,App构建：构建中心首页,作为具备 app.build.manage 的后台员工；写操作另需 app.build.manage，我需要完成构建中心首页的完整业务流程，以便在不依赖研发临时决策的情况下实现官方App构建概览、队列、最近结果、失败告警和快捷创建。,ADMIN,App构建,ADM-DASHBOARD,ADM-BUILD-001,adminAppBuildProfileGetAppBuildProfiles;adminAppBuildProfilePostAppBuildProfiles;adminAppBuildProfilePutAppBuildProfilesById;adminAppBuildJobGetAppBuildJobs;adminAppBuildJobPostAppBuildJobs;adminAppBuildJobGetAppBuildJobsById;adminAppBuildJobGetAppBuildJobsByIdLogs;adminAppBuildJobPostAppBuildJobsByIdCancel,GET /admin-api/v1/app-build/profiles;POST /admin-api/v1/app-build/profiles;PUT /admin-api/v1/app-build/profiles/{id};GET /admin-api/v1/app-build/jobs;POST /admin-api/v1/app-build/jobs;GET /admin-api/v1/app-build/jobs/{id};GET /admin-api/v1/app-build/jobs/{id}/logs;POST /admin-api/v1/app-build/jobs/{id}/cancel,REQ-BUILD-001;REQ-APK-001,platform.brand.name;platform.brand.slogan;platform.brand.logo_media_id;platform.customer_service.name;platform.customer_service.contact,app_build_profiles;app_build_jobs;app_build_job_steps;app_build_artifacts;app_signing_profiles;h5_page_configs;cms_articles;agreements;app_versions;content_posts;app_release_records;users;user_credentials;auth_security_challenges;user_sessions;user_devices;sms_verification_codes;login_logs,TST-BUILD_001-HAPPY;TST-APK_001-HAPPY;TST-BUILD_001-IDEMPOTENT;TST-APK_001-IDEMPOTENT,P00;R17;R28,admin_frontend_engineer;backend_engineer;test_engineer,ADM-BUILD-001 全部绑定模板 ADM-DASHBOARD，字段、状态、动作、导航和错误恢复无TBD || 页面调用 operationId：adminAppBuildProfileGetAppBuildProfiles;adminAppBuildProfilePostAppBuildProfiles;adminAppBuildProfilePutAppBuildProfilesById;adminAppBuildJobGetAppBuildJobs;adminAppBuildJobPostAppBuildJobs;adminAppBuildJobGetAppBuildJobsById;adminAppBuildJobGetAppBuildJobsByIdLogs;adminAppBuildJobPostAppBuildJobsByIdCancel；请求/响应字段不得另行发明 || 按钮显示、可用和确认条件与服务端状态机、权限、expectedVersion、幂等策略一致 || 首屏、空、刷新、翻页/局部失败、无权限、404、离线和版本冲突状态按页面状态目录实现 || 敏感字段按分级脱敏；高敏读取和后台写操作完整审计 || 自动化覆盖：TST-BUILD_001-HAPPY;TST-APK_001-HAPPY;TST-BUILD_001-IDEMPOTENT;TST-APK_001-IDEMPOTENT,READY,READY_FOR_IMPLEMENTATION
STORY-R29-004,R29,版本：App版本,作为具备 app.release.read 的后台员工；写操作另需 app.release.manage，我需要完成App版本的完整业务流程，以便在不依赖研发临时决策的情况下实现APK、强制更新、灰度。,ADMIN,版本,ADM-BUILD,ADM-APP-001,adminAppReleaseGetAppVersions;adminAppReleasePostAppVersions;adminAppReleasePostAppVersionsByIdPublish,GET /admin-api/v1/app-versions;POST /admin-api/v1/app-versions;POST /admin-api/v1/app-versions/{id}/publish,REQ-APP-RELEASE-001,app.android.application_id;app.android.staging_application_id;app.android.display_name;app.android.signing.staging_profile;app.android.signing.production_profile;app.build.runner;app.build.allowed_ref_patterns;app.build.artifact_storage_scope,app_versions;app_release_records;app_build_artifacts;h5_page_configs;cms_articles;agreements;content_posts;users;user_credentials;auth_security_challenges;user_sessions;user_devices;sms_verification_codes;login_logs,TST-APP_RELEASE_001-HAPPY;TST-APP_RELEASE_001-IDEMPOTENT,P00;R17;R28,admin_frontend_engineer;backend_engineer;test_engineer,ADM-APP-001 全部绑定模板 ADM-BUILD，字段、状态、动作、导航和错误恢复无TBD || 页面调用 operationId：adminAppReleaseGetAppVersions;adminAppReleasePostAppVersions;adminAppReleasePostAppVersionsByIdPublish；请求/响应字段不得另行发明 || 按钮显示、可用和确认条件与服务端状态机、权限、expectedVersion、幂等策略一致 || 首屏、空、刷新、翻页/局部失败、无权限、404、离线和版本冲突状态按页面状态目录实现 || 敏感字段按分级脱敏；高敏读取和后台写操作完整审计 || 自动化覆盖：TST-APP_RELEASE_001-HAPPY;TST-APP_RELEASE_001-IDEMPOTENT,READY,READY_FOR_IMPLEMENTATION
STORY-R29-005,R29,官方App自助构建与版本发布中心：契约、数据、配置、测试与交接,作为技术负责人，我需要按冻结的 R29 契约和DoR完成数据、后端、配置、测试、观测与交接，使前端故事能够稳定落地并可追溯。,CROSS_PLATFORM,工程治理,N/A,ADM-APP-001;ADM-BUILD-001;ADM-BUILD-002;ADM-BUILD-003;ADM-BUILD-004;ADM-BUILD-005;ADM-BUILD-006;ADM-BUILD-007,adminAppReleaseGetAppVersions;adminAppReleasePostAppVersions;adminAppReleasePostAppVersionsByIdPublish;adminAppBuildProfileGetAppBuildProfiles;adminAppBuildProfilePostAppBuildProfiles;adminAppBuildProfilePutAppBuildProfilesById;adminAppBuildJobGetAppBuildJobs;adminAppBuildJobPostAppBuildJobs;adminAppBuildJobGetAppBuildJobsById;adminAppBuildJobGetAppBuildJobsByIdLogs;adminAppBuildJobPostAppBuildJobsByIdCancel;adminAppBuildJobPostAppBuildJobsByIdRetry;adminAppBuildArtifactGetAppBuildArtifacts;adminAppBuildArtifactGetAppBuildArtifactsByIdDownload;adminAppBuildReleasePostAppBuildJobsByIdPublishStaging;adminAppBuildReleasePostAppBuildJobsByIdPromote;adminAppSigningGetAppBuildSigningProfiles;adminAppSigningPostAppBuildSigningProfiles;adminAppSigningPostAppBuildSigningProfilesByIdTest,GET /admin-api/v1/app-versions;POST /admin-api/v1/app-versions;POST /admin-api/v1/app-versions/{id}/publish;GET /admin-api/v1/app-build/profiles;POST /admin-api/v1/app-build/profiles;PUT /admin-api/v1/app-build/profiles/{id};GET /admin-api/v1/app-build/jobs;POST /admin-api/v1/app-build/jobs;GET /admin-api/v1/app-build/jobs/{id};GET /admin-api/v1/app-build/jobs/{id}/logs;POST /admin-api/v1/app-build/jobs/{id}/cancel;POST /admin-api/v1/app-build/jobs/{id}/retry;GET /admin-api/v1/app-build/artifacts;GET /admin-api/v1/app-build/artifacts/{id}/download;POST /admin-api/v1/app-build/jobs/{id}/publish-staging;POST /admin-api/v1/app-build/jobs/{id}/promote;GET /admin-api/v1/app-build/signing-profiles;POST /admin-api/v1/app-build/signing-profiles;POST /admin-api/v1/app-build/signing-profiles/{id}/test,REQ-APP-RELEASE-001;REQ-DOMAIN-001;REQ-BUILD-001,app.android.application_id;app.android.staging_application_id;app.android.display_name;app.android.signing.staging_profile;app.android.signing.production_profile;app.build.runner;app.build.allowed_ref_patterns;app.build.artifact_storage_scope;platform.brand.name;platform.brand.slogan;platform.brand.logo_media_id;platform.customer_service.name;platform.customer_service.contact,h5_page_configs;cms_articles;agreements;app_versions;content_posts;app_release_records;app_build_artifacts;users;user_credentials;auth_security_challenges;user_sessions;user_devices;sms_verification_codes;login_logs;home_modules;banners;agreement_versions;user_agreement_acceptances;app_download_logs;provider_config_definitions;provider_config_versions;provider_connection_tests;app_build_profiles;app_build_jobs;app_build_job_steps;app_signing_profiles,TST-APP_RELEASE_001-HAPPY;TST-APP_RELEASE_001-IDEMPOTENT;TST-APP_RELEASE_001-REJECT;TST-BUILD_001-HAPPY;TST-BUILD_001-IDEMPOTENT;TST-BUILD_001-REJECT;TST-V122-011;TST-V122-035;TST-V122-036;TST-V122-037;TST-V122-038,P00;R17;R28,tech_lead;backend_engineer;database_engineer;test_engineer;devops_engineer,OpenAPI、状态机、数据库迁移、配置Schema和页面契约引用一致，代码生成不得产生手工分叉 || 每个需求可追溯到页面/API/表/配置/测试/故事；不适用项必须显式N/A并说明 || 版本DoR全部PASS后方可编码；出口仍按原RELEASE_MANIFEST和ACCEPTANCE_MATRIX执行 || 变更必须通过CR，更新唯一事实源并重新生成全部派生目录和哈希 || 完成Session Log、追踪矩阵、发布证据和下一任务交接,READY,READY_FOR_IMPLEMENTATION
STORY-R30-001,R30,商品：商品与SKU,作为具备 product.manage 的后台员工；写操作另需 product.manage，我需要完成商品与SKU的完整业务流程，以便在不依赖研发临时决策的情况下实现价格、权益、分佣。,ADMIN,商品,ADM-LIST,ADM-PROD-001,adminProductsGetProducts;adminProductsPostProducts;adminProductsPatchProductsById;adminProductsGetSkus;adminProductsPostSkus;adminProductsPatchSkusById,GET /admin-api/v1/products;POST /admin-api/v1/products;PATCH /admin-api/v1/products/{id};GET /admin-api/v1/skus;POST /admin-api/v1/skus;PATCH /admin-api/v1/skus/{id},REQ-PRODUCT-001,platform.brand.name;platform.brand.slogan;platform.brand.logo_media_id;platform.customer_service.name;platform.customer_service.contact,products;product_skus;sku_commission_policies,TST-PRODUCT_001-HAPPY;TST-PRODUCT_001-IDEMPOTENT,R01;R23;R24;R28;R29,admin_frontend_engineer;backend_engineer;test_engineer,ADM-PROD-001 全部绑定模板 ADM-LIST，字段、状态、动作、导航和错误恢复无TBD || 页面调用 operationId：adminProductsGetProducts;adminProductsPostProducts;adminProductsPatchProductsById;adminProductsGetSkus;adminProductsPostSkus;adminProductsPatchSkusById；请求/响应字段不得另行发明 || 按钮显示、可用和确认条件与服务端状态机、权限、expectedVersion、幂等策略一致 || 首屏、空、刷新、翻页/局部失败、无权限、404、离线和版本冲突状态按页面状态目录实现 || 敏感字段按分级脱敏；高敏读取和后台写操作完整审计 || 自动化覆盖：TST-PRODUCT_001-HAPPY;TST-PRODUCT_001-IDEMPOTENT,READY,READY_FOR_IMPLEMENTATION
STORY-R30-002,R30,总览：数据驾驶舱,作为具备 dashboard.read 的后台员工；写操作另需 dashboard.manage，我需要完成数据驾驶舱的完整业务流程，以便在不依赖研发临时决策的情况下实现用户、内容、商业、奖励、风险和待办。,ADMIN,总览,ADM-DASHBOARD,ADM-DASH-001,adminDashboardGetDashboardSummary;adminDashboardGetDashboardTodos,GET /admin-api/v1/dashboard/summary;GET /admin-api/v1/dashboard/todos,REQ-ANALYTICS-001;REQ-ADMIN-001,platform.brand.name;platform.brand.slogan;platform.brand.logo_media_id;platform.customer_service.name;platform.customer_service.contact,daily_kpis;analytics_events;users;user_profiles;user_status_logs;user_sessions,TST-ANALYTICS_001-HAPPY;TST-ADMIN_001-HAPPY,R01;R23;R24;R28;R29,admin_frontend_engineer;backend_engineer;test_engineer,ADM-DASH-001 全部绑定模板 ADM-DASHBOARD，字段、状态、动作、导航和错误恢复无TBD || 页面调用 operationId：adminDashboardGetDashboardSummary;adminDashboardGetDashboardTodos；请求/响应字段不得另行发明 || 按钮显示、可用和确认条件与服务端状态机、权限、expectedVersion、幂等策略一致 || 首屏、空、刷新、翻页/局部失败、无权限、404、离线和版本冲突状态按页面状态目录实现 || 敏感字段按分级脱敏；高敏读取和后台写操作完整审计 || 自动化覆盖：TST-ANALYTICS_001-HAPPY;TST-ADMIN_001-HAPPY,READY,READY_FOR_IMPLEMENTATION
STORY-R30-003,R30,系统：双人审批中心,作为具备 approval.read 的后台员工；写操作另需 approval.decide，我需要完成双人审批中心的完整业务流程，以便在不依赖研发临时决策的情况下实现集中处理资金、配置、发布、签名和敏感操作的双人复核，禁止申请人自审。,ADMIN,系统,ADM-APPROVAL,ADM-APPROVAL-001,adminApprovalsGetApprovals;adminApprovalsPostApprovalsByIdDecide,GET /admin-api/v1/approvals;POST /admin-api/v1/approvals/{id}/decide,REQ-RBAC-001;REQ-ADMIN-OPS-001,system.maintenance.enabled;system.maintenance.message;system.registration.enabled;system.publish.enabled;system.red_packet.enabled;system.withdrawal.enabled;auth.default_login_method;auth.security_challenge.provider;auth.security_challenge.mode;auth.password.min_length;auth.password.max_length;auth.password.max_failures;auth.password.lock_seconds;auth.invite.app_required;analytics.event.retention_days;analytics.traffic_types,admin_users;admin_roles;admin_permissions;admin_user_roles;admin_role_permissions;admin_operation_logs;sensitive_data_access_logs;admin_approval_requests,TST-V122-028;TST-V122-029,R01;R23;R24;R28;R29,admin_frontend_engineer;backend_engineer;test_engineer,ADM-APPROVAL-001 全部绑定模板 ADM-APPROVAL，字段、状态、动作、导航和错误恢复无TBD || 页面调用 operationId：adminApprovalsGetApprovals;adminApprovalsPostApprovalsByIdDecide；请求/响应字段不得另行发明 || 按钮显示、可用和确认条件与服务端状态机、权限、expectedVersion、幂等策略一致 || 首屏、空、刷新、翻页/局部失败、无权限、404、离线和版本冲突状态按页面状态目录实现 || 敏感字段按分级脱敏；高敏读取和后台写操作完整审计 || 自动化覆盖：TST-V122-028;TST-V122-029,READY,READY_FOR_IMPLEMENTATION
STORY-R30-004,R30,系统：系统配置、定时任务,作为具备 config.manage 的后台员工；写操作另需 config.manage，我需要完成系统配置、定时任务的完整业务流程，以便在不依赖研发临时决策的情况下实现参数、版本、开关。,ADMIN,系统,ADM-CONFIG,ADM-CONFIG-001;ADM-JOB-001,adminConfigGetConfigs;adminConfigPutConfigsByKey;adminConfigGetFeatureFlags;adminConfigPutFeatureFlagsByKey;adminProviderConfigGetProviderConfigs;adminProviderConfigGetProviderConfigsByProvider;adminProviderConfigPostProviderConfigsByProviderVersions;adminProviderConfigPostProviderConfigsByProviderTest;adminJobsGetJobs;adminJobsPostJobsByCodeRun,GET /admin-api/v1/configs;PUT /admin-api/v1/configs/{key};GET /admin-api/v1/feature-flags;PUT /admin-api/v1/feature-flags/{key};GET /admin-api/v1/provider-configs;GET /admin-api/v1/provider-configs/{provider};POST /admin-api/v1/provider-configs/{provider}/versions;POST /admin-api/v1/provider-configs/{provider}/test;GET /admin-api/v1/jobs;POST /admin-api/v1/jobs/{code}/run,REQ-CONFIG-001;REQ-SECRET-001;REQ-OPS-001,system.maintenance.enabled;system.maintenance.message;system.registration.enabled;system.publish.enabled;system.red_packet.enabled;system.withdrawal.enabled;platform.brand.name;platform.brand.slogan;platform.brand.logo_media_id;platform.customer_service.name;platform.customer_service.contact,system_configs;system_config_versions;feature_flags;admin_approval_requests;provider_config_definitions;provider_config_versions;provider_connection_tests;provider_certificates;provider_certificate_access_logs;domain_configs;dns_action_items;job_definitions;job_execution_logs,TST-CONFIG_001-HAPPY;TST-SECRET_001-HAPPY;TST-CONFIG_001-IDEMPOTENT;TST-SECRET_001-IDEMPOTENT;TST-OPS_001-HAPPY;TST-OPS_001-IDEMPOTENT,R01;R23;R24;R28;R29,admin_frontend_engineer;backend_engineer;test_engineer,ADM-CONFIG-001;ADM-JOB-001 全部绑定模板 ADM-CONFIG，字段、状态、动作、导航和错误恢复无TBD || 页面调用 operationId：adminConfigGetConfigs;adminConfigPutConfigsByKey;adminConfigGetFeatureFlags;adminConfigPutFeatureFlagsByKey;adminProviderConfigGetProviderConfigs;adminProviderConfigGetProviderConfigsByProvider;adminProviderConfigPostProviderConfigsByProviderVersions;adminProviderConfigPostProviderConfigsByProviderTest;adminJobsGetJobs;adminJobsPostJobsByCodeRun；请求/响应字段不得另行发明 || 按钮显示、可用和确认条件与服务端状态机、权限、expectedVersion、幂等策略一致 || 首屏、空、刷新、翻页/局部失败、无权限、404、离线和版本冲突状态按页面状态目录实现 || 敏感字段按分级脱敏；高敏读取和后台写操作完整审计 || 自动化覆盖：TST-CONFIG_001-HAPPY;TST-SECRET_001-HAPPY;TST-CONFIG_001-IDEMPOTENT;TST-SECRET_001-IDEMPOTENT;TST-OPS_001-HAPPY;TST-OPS_001-IDEMPOTENT,READY,READY_FOR_IMPLEMENTATION
STORY-R30-005,R30,系统：员工角色权限、审计日志、数据导出中心,作为具备 rbac.manage 的后台员工；写操作另需 rbac.manage，我需要完成员工角色权限、审计日志、数据导出中心的完整业务流程，以便在不依赖研发临时决策的情况下实现RBAC和数据权限。,ADMIN,系统,ADM-SECURITY,ADM-RBAC-001;ADM-AUDIT-001;ADM-EXPORT-001,adminRBACGetAdminUsers;adminRBACPostAdminUsers;adminRBACGetRoles;adminRBACPutRolesByIdPermissions;adminAuditGetAuditLogs;adminExportsGetJobs;adminExportsPostJob;adminExportsGetJobById;adminExportsPostDownloadToken,GET /admin-api/v1/admin-users;POST /admin-api/v1/admin-users;GET /admin-api/v1/roles;PUT /admin-api/v1/roles/{id}/permissions;GET /admin-api/v1/audit/logs;GET /admin-api/v1/export-jobs;POST /admin-api/v1/export-jobs;GET /admin-api/v1/export-jobs/{id};POST /admin-api/v1/export-jobs/{id}/download-token,REQ-RBAC-001;REQ-ADMIN-BASE-001;REQ-ID-002;REQ-EXPORT-001,platform.brand.name;platform.brand.slogan;platform.brand.logo_media_id;platform.customer_service.name;platform.customer_service.contact;system.maintenance.enabled;system.maintenance.message;system.registration.enabled;system.publish.enabled;system.red_packet.enabled;system.withdrawal.enabled;auth.default_login_method;auth.security_challenge.provider;auth.security_challenge.mode;auth.password.min_length;auth.password.max_length;auth.password.max_failures;auth.password.lock_seconds;auth.invite.app_required;analytics.event.retention_days;analytics.traffic_types,admin_users;admin_roles;admin_permissions;admin_user_roles;admin_role_permissions;admin_operation_logs;sensitive_data_access_logs;identity_profiles;identity_verification_sessions;identity_provider_requests;identity_review_records;users;user_profiles;user_settings;user_status_logs;export_jobs;export_job_files;export_download_logs;admin_approval_requests;media_objects,TST-RBAC_001-HAPPY;TST-ADMIN_BASE_001-HAPPY;TST-RBAC_001-IDEMPOTENT;TST-ADMIN_BASE_001-IDEMPOTENT;TST-ID_002-HAPPY;TST-V122-052;TST-V122-053;TST-V122-054;TST-V122-055,R01;R23;R24;R28;R29,admin_frontend_engineer;backend_engineer;test_engineer,ADM-RBAC-001;ADM-AUDIT-001;ADM-EXPORT-001 全部绑定模板 ADM-SECURITY，字段、状态、动作、导航和错误恢复无TBD || 页面调用 operationId：adminRBACGetAdminUsers;adminRBACPostAdminUsers;adminRBACGetRoles;adminRBACPutRolesByIdPermissions;adminAuditGetAuditLogs;adminExportsGetJobs;adminExportsPostJob;adminExportsGetJobById;adminExportsPostDownloadToken；请求/响应字段不得另行发明 || 按钮显示、可用和确认条件与服务端状态机、权限、expectedVersion、幂等策略一致 || 首屏、空、刷新、翻页/局部失败、无权限、404、离线和版本冲突状态按页面状态目录实现 || 敏感字段按分级脱敏；高敏读取和后台写操作完整审计 || 自动化覆盖：TST-RBAC_001-HAPPY;TST-ADMIN_BASE_001-HAPPY;TST-RBAC_001-IDEMPOTENT;TST-ADMIN_BASE_001-IDEMPOTENT;TST-ID_002-HAPPY;TST-V122-052;TST-V122-053;TST-V122-054;TST-V122-055,READY,READY_FOR_IMPLEMENTATION
STORY-R30-006,R30,运营：通知模板,作为具备 notification.template.read 的后台员工；写操作另需 notification.template.manage，我需要完成通知模板的完整业务流程，以便在不依赖研发临时决策的情况下实现站内信、推送、短信模板版本、变量白名单、预览、审批和灰度。,ADMIN,运营,ADM-CONFIG,ADM-NOTIFY-001,adminNotificationGetTemplates;adminNotificationPostTemplate;adminNotificationPatchTemplate,GET /admin-api/v1/notification-templates;POST /admin-api/v1/notification-templates;PATCH /admin-api/v1/notification-templates/{id},REQ-NOTIFICATION-OPS-001;REQ-NOTIFY-001,ops.backup.rpo_minutes;ops.recovery.rto_minutes;ops.audit_log.retention_days;ops.security_event.retention_days;ops.alert.error_rate_percent;ops.alert.api_p95_ms;notification.marketing.default_enabled;notification.quiet_hours.start;notification.quiet_hours.end;platform.brand.name;platform.brand.slogan;platform.brand.logo_media_id;platform.customer_service.name;platform.customer_service.contact,notification_templates;notification_deliveries;notification_delivery_attempts;admin_operation_logs;conversations;conversation_members;chat_messages;chat_read_receipts;user_blocks;chat_reports;notifications;announcements;announcement_reads;users;user_credentials;auth_security_challenges;user_sessions;user_devices;sms_verification_codes;login_logs;user_profiles;user_settings;user_status_logs,TST-V122-047;TST-V122-048;TST-V122-049,R01;R23;R24;R28;R29,admin_frontend_engineer;backend_engineer;test_engineer,ADM-NOTIFY-001 全部绑定模板 ADM-CONFIG，字段、状态、动作、导航和错误恢复无TBD || 页面调用 operationId：adminNotificationGetTemplates;adminNotificationPostTemplate;adminNotificationPatchTemplate；请求/响应字段不得另行发明 || 按钮显示、可用和确认条件与服务端状态机、权限、expectedVersion、幂等策略一致 || 首屏、空、刷新、翻页/局部失败、无权限、404、离线和版本冲突状态按页面状态目录实现 || 敏感字段按分级脱敏；高敏读取和后台写操作完整审计 || 自动化覆盖：TST-V122-047;TST-V122-048;TST-V122-049,READY,READY_FOR_IMPLEMENTATION
STORY-R30-007,R30,运营：通知发送记录,作为具备 notification.delivery.read 的后台员工；写操作另需 notification.delivery.retry，我需要完成通知发送记录的完整业务流程，以便在不依赖研发临时决策的情况下实现按渠道、模板、业务、状态查询发送记录，查看脱敏载荷、失败原因和受控重试。,ADMIN,运营,ADM-LIST,ADM-NOTIFY-002,adminNotificationGetDeliveries;adminNotificationPostDeliveryRetry,GET /admin-api/v1/notification-deliveries;POST /admin-api/v1/notification-deliveries/{id}/retry,REQ-NOTIFICATION-OPS-001;REQ-NOTIFY-001,ops.backup.rpo_minutes;ops.recovery.rto_minutes;ops.audit_log.retention_days;ops.security_event.retention_days;ops.alert.error_rate_percent;ops.alert.api_p95_ms;notification.marketing.default_enabled;notification.quiet_hours.start;notification.quiet_hours.end;platform.brand.name;platform.brand.slogan;platform.brand.logo_media_id;platform.customer_service.name;platform.customer_service.contact,notification_templates;notification_deliveries;notification_delivery_attempts;admin_operation_logs;conversations;conversation_members;chat_messages;chat_read_receipts;user_blocks;chat_reports;notifications;announcements;announcement_reads;users;user_credentials;auth_security_challenges;user_sessions;user_devices;sms_verification_codes;login_logs;user_profiles;user_settings;user_status_logs,TST-V122-050;TST-V122-051,R01;R23;R24;R28;R29,admin_frontend_engineer;backend_engineer;test_engineer,ADM-NOTIFY-002 全部绑定模板 ADM-LIST，字段、状态、动作、导航和错误恢复无TBD || 页面调用 operationId：adminNotificationGetDeliveries;adminNotificationPostDeliveryRetry；请求/响应字段不得另行发明 || 按钮显示、可用和确认条件与服务端状态机、权限、expectedVersion、幂等策略一致 || 首屏、空、刷新、翻页/局部失败、无权限、404、离线和版本冲突状态按页面状态目录实现 || 敏感字段按分级脱敏；高敏读取和后台写操作完整审计 || 自动化覆盖：TST-V122-050;TST-V122-051,READY,READY_FOR_IMPLEMENTATION
STORY-R30-008,R30,完整运营后台、RBAC与配置闭环：契约、数据、配置、测试与交接,作为技术负责人，我需要按冻结的 R30 契约和DoR完成数据、后端、配置、测试、观测与交接，使前端故事能够稳定落地并可追溯。,CROSS_PLATFORM,工程治理,N/A,ADM-DASH-001;ADM-PROD-001;ADM-CONFIG-001;ADM-RBAC-001;ADM-AUDIT-001;ADM-JOB-001;ADM-APPROVAL-001;ADM-NOTIFY-001;ADM-NOTIFY-002;ADM-EXPORT-001,adminDashboardGetDashboardSummary;adminDashboardGetDashboardTodos;adminReferralActivityGetReferralActivityRules;adminReferralActivityPostReferralActivityRuleVersions;adminReferralActivityGetReferralActivityProgress;adminReferralActivityGetReferralActivityMilestones;adminReferralActivityPutReferralActivityMilestones;adminReferralActivityGetReferralActivityRewards;adminConfigGetConfigs;adminConfigPutConfigsByKey;adminConfigGetFeatureFlags;adminConfigPutFeatureFlagsByKey;adminRBACGetAdminUsers;adminRBACPostAdminUsers;adminRBACGetRoles;adminRBACPutRolesByIdPermissions;adminAuditGetAuditLogs;adminApprovalsGetApprovals;adminApprovalsPostApprovalsByIdDecide;adminJobsGetJobs;adminJobsPostJobsByCodeRun;adminNotificationGetTemplates;adminNotificationPostTemplate;adminNotificationPatchTemplate;adminNotificationGetDeliveries;adminNotificationPostDeliveryRetry;adminExportsGetJobs;adminExportsPostJob;adminExportsGetJobById;adminExportsPostDownloadToken,GET /admin-api/v1/dashboard/summary;GET /admin-api/v1/dashboard/todos;GET /admin-api/v1/referral-activity/rules;POST /admin-api/v1/referral-activity/rule-versions;GET /admin-api/v1/referral-activity/progress;GET /admin-api/v1/referral-activity/milestones;PUT /admin-api/v1/referral-activity/milestones;GET /admin-api/v1/referral-activity/rewards;GET /admin-api/v1/configs;PUT /admin-api/v1/configs/{key};GET /admin-api/v1/feature-flags;PUT /admin-api/v1/feature-flags/{key};GET /admin-api/v1/admin-users;POST /admin-api/v1/admin-users;GET /admin-api/v1/roles;PUT /admin-api/v1/roles/{id}/permissions;GET /admin-api/v1/audit/logs;GET /admin-api/v1/approvals;POST /admin-api/v1/approvals/{id}/decide;GET /admin-api/v1/jobs;POST /admin-api/v1/jobs/{code}/run;GET /admin-api/v1/notification-templates;POST /admin-api/v1/notification-templates;PATCH /admin-api/v1/notification-templates/{id};GET /admin-api/v1/notification-deliveries;POST /admin-api/v1/notification-deliveries/{id}/retry;GET /admin-api/v1/export-jobs;POST /admin-api/v1/export-jobs;GET /admin-api/v1/export-jobs/{id};POST /admin-api/v1/export-jobs/{id}/download-token,REQ-PAY-001;REQ-ANALYTICS-001;REQ-CMS-001;REQ-ADMIN-001;REQ-RBAC-001;REQ-CONFIG-001;REQ-BUILD-001;REQ-SECRET-001;REQ-CONFIG-UX-001;REQ-ACCOUNTING-OPS-001;REQ-NOTIFICATION-OPS-001;REQ-EXPORT-001,platform.brand.name;platform.brand.slogan;platform.brand.logo_media_id;platform.customer_service.name;platform.customer_service.contact;system.maintenance.enabled;system.maintenance.message;system.registration.enabled;system.publish.enabled;system.red_packet.enabled;system.withdrawal.enabled;auth.default_login_method;auth.security_challenge.provider;auth.security_challenge.mode;auth.password.min_length;auth.password.max_length;auth.password.max_failures;auth.password.lock_seconds;auth.invite.app_required;analytics.event.retention_days;analytics.traffic_types;ops.backup.rpo_minutes;ops.recovery.rto_minutes;ops.audit_log.retention_days;ops.security_event.retention_days;ops.alert.error_rate_percent;ops.alert.api_p95_ms;notification.marketing.default_enabled;notification.quiet_hours.start;notification.quiet_hours.end,orders;payment_transactions;payment_callbacks;payment_exception_orders;payment_reconciliation_records;accounting_transactions;accounting_entries;daily_kpis;analytics_events;h5_page_configs;cms_articles;agreements;app_versions;content_posts;home_modules;banners;users;user_profiles;user_status_logs;user_sessions;admin_users;admin_roles;admin_permissions;admin_user_roles;admin_role_permissions;admin_operation_logs;sensitive_data_access_logs;system_configs;system_config_versions;feature_flags;admin_approval_requests;provider_config_definitions;provider_config_versions;provider_connection_tests;provider_certificates;provider_certificate_access_logs;domain_configs;dns_action_items;app_build_profiles;app_build_jobs;app_build_job_steps;app_build_artifacts;app_signing_profiles;accounting_reversal_requests;notification_templates;notification_deliveries;notification_delivery_attempts;export_jobs;export_job_files;export_download_logs;media_objects,TST-ACCOUNTING_OPS_001-DRIFT;TST-ACCOUNTING_OPS_001-HAPPY;TST-ACCOUNTING_OPS_001-REJECT;TST-ACCOUNTING_OPS_001-SECURITY;TST-ADMIN_001-HAPPY;TST-ADMIN_001-IDEMPOTENT;TST-ADMIN_001-REJECT;TST-CONFIG_UX_001-DRIFT;TST-CONFIG_UX_001-HAPPY;TST-CONFIG_UX_001-REJECT;TST-CONFIG_UX_001-SECURITY;TST-EXPORT_001-DRIFT;TST-EXPORT_001-HAPPY;TST-EXPORT_001-REJECT;TST-EXPORT_001-SECURITY;TST-NOTIFICATION_OPS_001-DRIFT;TST-NOTIFICATION_OPS_001-HAPPY;TST-NOTIFICATION_OPS_001-REJECT;TST-NOTIFICATION_OPS_001-SECURITY;TST-RBAC_001-HAPPY;TST-RBAC_001-IDEMPOTENT;TST-RBAC_001-REJECT;TST-RBAC_001-SECURITY;TST-V122-022;TST-V122-028;TST-V122-029;TST-V122-047;TST-V122-048;TST-V122-049;TST-V122-050;TST-V122-051;TST-V122-052;TST-V122-053;TST-V122-054;TST-V122-055,R01;R23;R24;R28;R29,tech_lead;backend_engineer;database_engineer;test_engineer;devops_engineer,OpenAPI、状态机、数据库迁移、配置Schema和页面契约引用一致，代码生成不得产生手工分叉 || 每个需求可追溯到页面/API/表/配置/测试/故事；不适用项必须显式N/A并说明 || 版本DoR全部PASS后方可编码；出口仍按原RELEASE_MANIFEST和ACCEPTANCE_MATRIX执行 || 变更必须通过CR，更新唯一事实源并重新生成全部派生目录和哈希 || 完成Session Log、追踪矩阵、发布证据和下一任务交接,READY,READY_FOR_IMPLEMENTATION
STORY-R31-001,R31,风控：风控规则版本,作为具备 risk.rule.read 的后台员工；写操作另需 risk.rule.manage，我需要完成风控规则版本的完整业务流程，以便在不依赖研发临时决策的情况下实现规则草稿、版本差异、测试样本、审批、激活、回滚和命中统计。,ADMIN,风控,ADM-CONFIG,ADM-RISK-003,adminRiskRulesGetVersions;adminRiskRulesPostVersion;adminRiskRulesPostActivate,GET /admin-api/v1/risk-rule-versions;POST /admin-api/v1/risk-rule-versions;POST /admin-api/v1/risk-rule-versions/{id}/activate,REQ-RISK-RULE-001;REQ-SEC-001,system.maintenance.enabled;system.maintenance.message;system.registration.enabled;system.publish.enabled;system.red_packet.enabled;system.withdrawal.enabled;auth.default_login_method;auth.security_challenge.provider;auth.security_challenge.mode;auth.password.min_length;auth.password.max_length;auth.password.max_failures;auth.password.lock_seconds;auth.invite.app_required;red_packet.default_view_seconds;red_packet.reservation_min_seconds;red_packet.unit_amount_min_cent;red_packet.unit_amount_max_cent;red_packet.min_count;red_packet.service_fee_bps;red_packet.one_active_per_content;red_packet.allow_raise_unit_amount;withdrawal.min_amount_cent.normal;withdrawal.fee.fixed_cent.normal;withdrawal.fee.bps.normal;withdrawal.daily_count.normal;withdrawal.min_amount_cent.month;withdrawal.fee.fixed_cent.month;withdrawal.fee.bps.month;withdrawal.daily_count.month,risk_rule_versions;risk_rule_simulations;risk_events;admin_approval_requests;admin_operation_logs;blacklists;whitelists;manual_review_cases,TST-V122-043;TST-V122-044;TST-V122-046,R30,admin_frontend_engineer;backend_engineer;test_engineer,ADM-RISK-003 全部绑定模板 ADM-CONFIG，字段、状态、动作、导航和错误恢复无TBD || 页面调用 operationId：adminRiskRulesGetVersions;adminRiskRulesPostVersion;adminRiskRulesPostActivate；请求/响应字段不得另行发明 || 按钮显示、可用和确认条件与服务端状态机、权限、expectedVersion、幂等策略一致 || 首屏、空、刷新、翻页/局部失败、无权限、404、离线和版本冲突状态按页面状态目录实现 || 敏感字段按分级脱敏；高敏读取和后台写操作完整审计 || 自动化覆盖：TST-V122-043;TST-V122-044;TST-V122-046,READY,READY_FOR_IMPLEMENTATION
STORY-R31-002,R31,风控：风控规则模拟器,作为具备 risk.rule.simulate 的后台员工；写操作另需 risk.rule.simulate，我需要完成风控规则模拟器的完整业务流程，以便在不依赖研发临时决策的情况下实现使用脱敏样本或手工输入模拟规则命中、动作和解释，不产生真实业务副作用。,ADMIN,风控,ADM-LIST,ADM-RISK-004,adminRiskRulesPostSimulation,POST /admin-api/v1/risk-rule-versions/{id}/simulate,REQ-RISK-RULE-001;REQ-SEC-001,system.maintenance.enabled;system.maintenance.message;system.registration.enabled;system.publish.enabled;system.red_packet.enabled;system.withdrawal.enabled;auth.default_login_method;auth.security_challenge.provider;auth.security_challenge.mode;auth.password.min_length;auth.password.max_length;auth.password.max_failures;auth.password.lock_seconds;auth.invite.app_required;red_packet.default_view_seconds;red_packet.reservation_min_seconds;red_packet.unit_amount_min_cent;red_packet.unit_amount_max_cent;red_packet.min_count;red_packet.service_fee_bps;red_packet.one_active_per_content;red_packet.allow_raise_unit_amount;withdrawal.min_amount_cent.normal;withdrawal.fee.fixed_cent.normal;withdrawal.fee.bps.normal;withdrawal.daily_count.normal;withdrawal.min_amount_cent.month;withdrawal.fee.fixed_cent.month;withdrawal.fee.bps.month;withdrawal.daily_count.month,risk_rule_versions;risk_rule_simulations;risk_events;admin_approval_requests;admin_operation_logs;blacklists;whitelists;manual_review_cases,TST-V122-045,R30,admin_frontend_engineer;backend_engineer;test_engineer,ADM-RISK-004 全部绑定模板 ADM-LIST，字段、状态、动作、导航和错误恢复无TBD || 页面调用 operationId：adminRiskRulesPostSimulation；请求/响应字段不得另行发明 || 按钮显示、可用和确认条件与服务端状态机、权限、expectedVersion、幂等策略一致 || 首屏、空、刷新、翻页/局部失败、无权限、404、离线和版本冲突状态按页面状态目录实现 || 敏感字段按分级脱敏；高敏读取和后台写操作完整审计 || 自动化覆盖：TST-V122-045,READY,READY_FOR_IMPLEMENTATION
STORY-R31-003,R31,风控：风险事件、黑白名单,作为具备 risk.manage 的后台员工；写操作另需 risk.manage，我需要完成风险事件、黑白名单的完整业务流程，以便在不依赖研发临时决策的情况下实现规则命中和处置。,ADMIN,风控,ADM-SECURITY,ADM-RISK-001;ADM-RISK-002,adminRiskGetRiskEvents;adminRiskPostRiskEventsByIdDecide;adminRiskGetRiskRuleVersions;adminRiskPostRiskRuleVersions;adminRiskGetRiskBlacklists;adminRiskPostRiskBlacklists;adminRiskDeleteRiskBlacklistsById,GET /admin-api/v1/risk/events;POST /admin-api/v1/risk/events/{id}/decide;GET /admin-api/v1/risk/rule-versions;POST /admin-api/v1/risk/rule-versions;GET /admin-api/v1/risk/blacklists;POST /admin-api/v1/risk/blacklists;DELETE /admin-api/v1/risk/blacklists/{id},REQ-SEC-001,system.maintenance.enabled;system.maintenance.message;system.registration.enabled;system.publish.enabled;system.red_packet.enabled;system.withdrawal.enabled,risk_rule_versions;risk_events;blacklists;whitelists;manual_review_cases,TST-SEC_001-HAPPY;TST-SEC_001-IDEMPOTENT,R30,admin_frontend_engineer;backend_engineer;test_engineer,ADM-RISK-001;ADM-RISK-002 全部绑定模板 ADM-SECURITY，字段、状态、动作、导航和错误恢复无TBD || 页面调用 operationId：adminRiskGetRiskEvents;adminRiskPostRiskEventsByIdDecide;adminRiskGetRiskRuleVersions;adminRiskPostRiskRuleVersions;adminRiskGetRiskBlacklists;adminRiskPostRiskBlacklists;adminRiskDeleteRiskBlacklistsById；请求/响应字段不得另行发明 || 按钮显示、可用和确认条件与服务端状态机、权限、expectedVersion、幂等策略一致 || 首屏、空、刷新、翻页/局部失败、无权限、404、离线和版本冲突状态按页面状态目录实现 || 敏感字段按分级脱敏；高敏读取和后台写操作完整审计 || 自动化覆盖：TST-SEC_001-HAPPY;TST-SEC_001-IDEMPOTENT,READY,READY_FOR_IMPLEMENTATION
STORY-R31-004,R31,安全、性能、备份与灾备验收：契约、数据、配置、测试与交接,作为技术负责人，我需要按冻结的 R31 契约和DoR完成数据、后端、配置、测试、观测与交接，使前端故事能够稳定落地并可追溯。,CROSS_PLATFORM,工程治理,N/A,ADM-RISK-001;ADM-RISK-002;ADM-RISK-003;ADM-RISK-004,adminRiskGetRiskEvents;adminRiskPostRiskEventsByIdDecide;adminRiskGetRiskRuleVersions;adminRiskPostRiskRuleVersions;adminRiskGetRiskBlacklists;adminRiskPostRiskBlacklists;adminRiskDeleteRiskBlacklistsById;adminRiskRulesGetVersions;adminRiskRulesPostVersion;adminRiskRulesPostSimulation;adminRiskRulesPostActivate,GET /admin-api/v1/risk/events;POST /admin-api/v1/risk/events/{id}/decide;GET /admin-api/v1/risk/rule-versions;POST /admin-api/v1/risk/rule-versions;GET /admin-api/v1/risk/blacklists;POST /admin-api/v1/risk/blacklists;DELETE /admin-api/v1/risk/blacklists/{id};GET /admin-api/v1/risk-rule-versions;POST /admin-api/v1/risk-rule-versions;POST /admin-api/v1/risk-rule-versions/{id}/simulate;POST /admin-api/v1/risk-rule-versions/{id}/activate,REQ-SEC-001;REQ-OPS-001;REQ-ADMIN-OPS-001;REQ-RISK-RULE-001,system.maintenance.enabled;system.maintenance.message;system.registration.enabled;system.publish.enabled;system.red_packet.enabled;system.withdrawal.enabled;auth.default_login_method;auth.security_challenge.provider;auth.security_challenge.mode;auth.password.min_length;auth.password.max_length;auth.password.max_failures;auth.password.lock_seconds;auth.invite.app_required;red_packet.default_view_seconds;red_packet.reservation_min_seconds;red_packet.unit_amount_min_cent;red_packet.unit_amount_max_cent;red_packet.min_count;red_packet.service_fee_bps;red_packet.one_active_per_content;red_packet.allow_raise_unit_amount;withdrawal.min_amount_cent.normal;withdrawal.fee.fixed_cent.normal;withdrawal.fee.bps.normal;withdrawal.daily_count.normal;withdrawal.min_amount_cent.month;withdrawal.fee.fixed_cent.month;withdrawal.fee.bps.month;withdrawal.daily_count.month,risk_rule_versions;risk_events;blacklists;whitelists;manual_review_cases;job_definitions;job_execution_logs;admin_users;admin_roles;admin_permissions;admin_user_roles;admin_role_permissions;admin_operation_logs;admin_approval_requests;risk_rule_simulations,TST-ADMIN_OPS_001-DRIFT;TST-ADMIN_OPS_001-HAPPY;TST-ADMIN_OPS_001-REJECT;TST-ADMIN_OPS_001-SECURITY;TST-OPS_001-HAPPY;TST-OPS_001-IDEMPOTENT;TST-OPS_001-REJECT;TST-RISK_RULE_001-DRIFT;TST-RISK_RULE_001-HAPPY;TST-RISK_RULE_001-REJECT;TST-RISK_RULE_001-SECURITY;TST-SEC_001-HAPPY;TST-SEC_001-IDEMPOTENT;TST-SEC_001-REJECT;TST-SEC_001-SECURITY;TST-V122-043;TST-V122-044;TST-V122-045;TST-V122-046,R30,tech_lead;backend_engineer;database_engineer;test_engineer;devops_engineer,OpenAPI、状态机、数据库迁移、配置Schema和页面契约引用一致，代码生成不得产生手工分叉 || 每个需求可追溯到页面/API/表/配置/测试/故事；不适用项必须显式N/A并说明 || 版本DoR全部PASS后方可编码；出口仍按原RELEASE_MANIFEST和ACCEPTANCE_MATRIX执行 || 变更必须通过CR，更新唯一事实源并重新生成全部派生目录和哈希 || 完成Session Log、追踪矩阵、发布证据和下一任务交接,READY,READY_FOR_IMPLEMENTATION
STORY-R32-001,R32,最终供应商接入、生产发布与交接：契约、数据、配置、测试与交接,作为技术负责人，我需要按冻结的 R32 契约和DoR完成数据、后端、配置、测试、观测与交接，使前端故事能够稳定落地并可追溯。,CROSS_PLATFORM,工程治理,N/A,,,,REQ-WD-001;REQ-APP-RELEASE-001;REQ-VENDOR-001;REQ-RELEASE-001;REQ-DOMAIN-001;REQ-APK-001;REQ-PAGE-SPEC-001;REQ-DOR-001,,payout_accounts;withdrawal_requests;payout_transactions;payout_callbacks;payout_reconciliation_records;accounting_transactions;accounting_entries;h5_page_configs;cms_articles;agreements;app_versions;content_posts;app_release_records;app_build_artifacts;users;user_credentials;auth_security_challenges;user_sessions;user_devices;sms_verification_codes;login_logs;N/A_DOCUMENT_CONTRACT;home_modules;banners;agreement_versions;user_agreement_acceptances;app_download_logs;provider_config_definitions;provider_config_versions;provider_connection_tests;app_build_profiles;app_build_jobs;app_build_job_steps;app_signing_profiles,TST-DOR_001-DRIFT;TST-DOR_001-HAPPY;TST-DOR_001-REJECT;TST-DOR_001-SECURITY;TST-PAGE_SPEC_001-DRIFT;TST-PAGE_SPEC_001-HAPPY;TST-PAGE_SPEC_001-REJECT;TST-PAGE_SPEC_001-SECURITY;TST-RELEASE_001-HAPPY;TST-RELEASE_001-IDEMPOTENT;TST-RELEASE_001-REJECT;TST-VENDOR_001-HAPPY;TST-VENDOR_001-IDEMPOTENT;TST-VENDOR_001-REJECT,R31,tech_lead;backend_engineer;database_engineer;test_engineer;devops_engineer,OpenAPI、状态机、数据库迁移、配置Schema和页面契约引用一致，代码生成不得产生手工分叉 || 每个需求可追溯到页面/API/表/配置/测试/故事；不适用项必须显式N/A并说明 || 版本DoR全部PASS后方可编码；出口仍按原RELEASE_MANIFEST和ACCEPTANCE_MATRIX执行 || 变更必须通过CR，更新唯一事实源并重新生成全部派生目录和哈希 || 完成Session Log、追踪矩阵、发布证据和下一任务交接,READY,READY_FOR_IMPLEMENTATION
STORY-P00-002,P00,持续开发无状态接续强制门禁落地与演练,作为接手项目的AI或开发者，我需要仅凭仓库完成任务生命周期，以便不依赖旧对话稳定继续开发。,CROSS_PLATFORM,持续开发治理,N/A,,,,REQ-CONT-001;REQ-ENG-001;REQ-DOR-001,,,TST-CONT_001-HAPPY;TST-CONT_001-REJECT;TST-DOR_001-DRIFT,,tech_lead;devops_engineer;test_engineer,唯一Session/Claim || 强制Checkpoint/Tests || Commit Trailer || Handoff/Takeover || per-commit CI || tamper detection,READY,READY_FOR_IMPLEMENTATION
