需求ID,需求标题,版本,优先级,前端页面,客户端API,后台API,数据表,状态机,配置组,配置项,页面规格,动作规格,测试用例,任务清单,DoR证据,Commit/PR,状态
REQ-AUTH-001,强制登录,R02,P0,SCR-APP-001;SCR-APP-002;SCR-APP-003;SCR-AUTH-001;SCR-AUTH-002;SCR-AUTH-003;SCR-AUTH-004;SCR-AUTH-005;SCR-AUTH-006;SCR-AUTH-007;SCR-AUTH-008;ADM-USER-001;ADM-USER-002,GET /public-api/v1/platform/status;POST /public-api/v1/app/version-check;POST /api/v1/auth/refresh;GET /public-api/v1/app/latest;POST /api/v1/auth/security-challenges;POST /api/v1/auth/password/login;POST /api/v1/auth/sms/send;POST /api/v1/auth/sms/login;POST /api/v1/auth/invite-codes/validate;POST /api/v1/auth/register;POST /api/v1/auth/password/reset;GET /api/v1/me;POST /api/v1/support/tickets;GET /api/v1/auth/sessions;DELETE /api/v1/auth/sessions/{id};POST /api/v1/me/security/password/change;POST /api/v1/me/cancellation,GET /admin-api/v1/users;GET /admin-api/v1/users/{id};POST /admin-api/v1/users/{id}/restrictions;DELETE /admin-api/v1/users/{id}/restrictions/{type};POST /admin-api/v1/users/{id}/freeze;POST /admin-api/v1/users/{id}/unfreeze;POST /admin-api/v1/users/{id}/force-logout,h5_page_configs;cms_articles;agreements;app_versions;content_posts;app_release_records;app_build_artifacts;users;user_credentials;auth_security_challenges;user_sessions;user_devices;sms_verification_codes;login_logs;user_profiles;user_settings;user_status_logs;support_tickets;ticket_messages;ticket_attachments;ticket_status_logs,USER_STATUS,auth;sms;platform;app_build;system,auth.default_login_method;auth.security_challenge.provider;auth.security_challenge.mode;auth.password.min_length;auth.password.max_length;auth.password.max_failures;auth.password.lock_seconds;auth.invite.app_required;auth.invite.h5_required;auth.nickname.prefix;auth.nickname.random_digits;auth.security_challenge.ttl_seconds;auth.security_challenge.max_attempts;auth.password.require_letters;auth.password.require_digits;auth.session.access_ttl_seconds;auth.session.refresh_ttl_seconds;auth.session.max_active_devices;auth.registration.daily_ip_limit;auth.registration.daily_device_limit;auth.login.daily_ip_failure_limit;sms.active_provider;sms.aliyun.region_id;sms.aliyun.endpoint;sms.aliyun.access_key_id;sms.aliyun.access_key_secret;sms.aliyun.sign_name;sms.aliyun.template.login;sms.aliyun.template.register;sms.aliyun.template.reset_password;sms.aliyun.template.security_notice;sms.code.length;sms.code.ttl_seconds;sms.send.cooldown_seconds;sms.send.daily_phone_limit;sms.send.daily_ip_limit;sms.provider.timeout_ms;sms.provider.retry_count;sms.verify.max_attempts;sms.send.daily_device_limit;sms.send.same_scene_resend_new_code;sms.delivery_receipt.enabled;sms.aliyun.callback_url;platform.brand.name;platform.brand.slogan;platform.brand.logo_media_id;platform.customer_service.name;platform.customer_service.contact;app.android.application_id;app.android.staging_application_id;app.android.display_name;app.android.signing.staging_profile;app.android.signing.production_profile;app.build.runner;app.build.allowed_ref_patterns;app.build.artifact_storage_scope;app.release.default_update_type;app.release.require_two_person_approval;app.build.apk_required_for_android_release;app.build.timeout_minutes;app.build.max_concurrent_jobs;app.build.artifact_retention_days;app.build.arbitrary_shell_allowed;app.build.white_label_enabled;app.android.min_sdk;app.android.target_sdk;app.android.version_code_strategy;system.maintenance.enabled;system.maintenance.message;system.registration.enabled;system.publish.enabled;system.red_packet.enabled;system.withdrawal.enabled,catalogs/ui_page_specifications.csv;docs/02-ui/page-specs/,catalogs/ui_action_matrix.csv,TST-AUTH_001-HAPPY;TST-AUTH_001-IDEMPOTENT;TST-AUTH_001-REJECT;TST-AUTH_001-SECURITY,releases/R02/STORIES.yaml;releases/R02/TASKS.yaml,catalogs/release_definition_of_ready.csv,开发后由CI回填,FROZEN_READY_V1.2.2
REQ-AUTH-002,默认密码登录,R02,P0,SCR-AUTH-001;SCR-AUTH-002;SCR-AUTH-003;SCR-AUTH-004;SCR-AUTH-005;SCR-AUTH-006;SCR-AUTH-007;SCR-AUTH-008,POST /api/v1/auth/security-challenges;POST /api/v1/auth/password/login;POST /api/v1/auth/sms/send;POST /api/v1/auth/sms/login;POST /api/v1/auth/invite-codes/validate;POST /api/v1/auth/register;POST /api/v1/auth/password/reset;GET /api/v1/me;POST /api/v1/support/tickets;GET /api/v1/auth/sessions;DELETE /api/v1/auth/sessions/{id};POST /api/v1/me/security/password/change;POST /api/v1/me/cancellation,N/A_NO_ADMIN_API,users;user_credentials;auth_security_challenges;user_sessions;user_devices;sms_verification_codes;login_logs;user_profiles;user_settings;user_status_logs;support_tickets;ticket_messages;ticket_attachments;ticket_status_logs,USER_STATUS,auth;sms;platform;system,auth.default_login_method;auth.security_challenge.provider;auth.security_challenge.mode;auth.password.min_length;auth.password.max_length;auth.password.max_failures;auth.password.lock_seconds;auth.invite.app_required;auth.invite.h5_required;auth.nickname.prefix;auth.nickname.random_digits;auth.security_challenge.ttl_seconds;auth.security_challenge.max_attempts;auth.password.require_letters;auth.password.require_digits;auth.session.access_ttl_seconds;auth.session.refresh_ttl_seconds;auth.session.max_active_devices;auth.registration.daily_ip_limit;auth.registration.daily_device_limit;auth.login.daily_ip_failure_limit;sms.active_provider;sms.aliyun.region_id;sms.aliyun.endpoint;sms.aliyun.access_key_id;sms.aliyun.access_key_secret;sms.aliyun.sign_name;sms.aliyun.template.login;sms.aliyun.template.register;sms.aliyun.template.reset_password;sms.aliyun.template.security_notice;sms.code.length;sms.code.ttl_seconds;sms.send.cooldown_seconds;sms.send.daily_phone_limit;sms.send.daily_ip_limit;sms.provider.timeout_ms;sms.provider.retry_count;sms.verify.max_attempts;sms.send.daily_device_limit;sms.send.same_scene_resend_new_code;sms.delivery_receipt.enabled;sms.aliyun.callback_url;platform.brand.name;platform.brand.slogan;platform.brand.logo_media_id;platform.customer_service.name;platform.customer_service.contact;system.maintenance.enabled;system.maintenance.message;system.registration.enabled;system.publish.enabled;system.red_packet.enabled;system.withdrawal.enabled,catalogs/ui_page_specifications.csv;docs/02-ui/page-specs/,catalogs/ui_action_matrix.csv,TST-AUTH_002-HAPPY;TST-AUTH_002-IDEMPOTENT;TST-AUTH_002-REJECT;TST-AUTH_002-SECURITY,releases/R02/STORIES.yaml;releases/R02/TASKS.yaml,catalogs/release_definition_of_ready.csv,开发后由CI回填,FROZEN_READY_V1.2.2
REQ-AUTH-003,阿里云短信登录,R02,P0,SCR-AUTH-001;SCR-AUTH-002;SCR-AUTH-003;SCR-AUTH-004;SCR-AUTH-005;SCR-AUTH-006;SCR-AUTH-007;SCR-AUTH-008,POST /api/v1/auth/security-challenges;POST /api/v1/auth/password/login;POST /api/v1/auth/sms/send;POST /api/v1/auth/sms/login;POST /api/v1/auth/invite-codes/validate;POST /api/v1/auth/register;POST /api/v1/auth/password/reset;GET /api/v1/me;POST /api/v1/support/tickets;GET /api/v1/auth/sessions;DELETE /api/v1/auth/sessions/{id};POST /api/v1/me/security/password/change;POST /api/v1/me/cancellation,N/A_NO_ADMIN_API,users;user_credentials;auth_security_challenges;user_sessions;user_devices;sms_verification_codes;login_logs;user_profiles;user_settings;user_status_logs;support_tickets;ticket_messages;ticket_attachments;ticket_status_logs,USER_STATUS,auth;sms;platform;system,auth.default_login_method;auth.security_challenge.provider;auth.security_challenge.mode;auth.password.min_length;auth.password.max_length;auth.password.max_failures;auth.password.lock_seconds;auth.invite.app_required;auth.invite.h5_required;auth.nickname.prefix;auth.nickname.random_digits;auth.security_challenge.ttl_seconds;auth.security_challenge.max_attempts;auth.password.require_letters;auth.password.require_digits;auth.session.access_ttl_seconds;auth.session.refresh_ttl_seconds;auth.session.max_active_devices;auth.registration.daily_ip_limit;auth.registration.daily_device_limit;auth.login.daily_ip_failure_limit;sms.active_provider;sms.aliyun.region_id;sms.aliyun.endpoint;sms.aliyun.access_key_id;sms.aliyun.access_key_secret;sms.aliyun.sign_name;sms.aliyun.template.login;sms.aliyun.template.register;sms.aliyun.template.reset_password;sms.aliyun.template.security_notice;sms.code.length;sms.code.ttl_seconds;sms.send.cooldown_seconds;sms.send.daily_phone_limit;sms.send.daily_ip_limit;sms.provider.timeout_ms;sms.provider.retry_count;sms.verify.max_attempts;sms.send.daily_device_limit;sms.send.same_scene_resend_new_code;sms.delivery_receipt.enabled;sms.aliyun.callback_url;platform.brand.name;platform.brand.slogan;platform.brand.logo_media_id;platform.customer_service.name;platform.customer_service.contact;system.maintenance.enabled;system.maintenance.message;system.registration.enabled;system.publish.enabled;system.red_packet.enabled;system.withdrawal.enabled,catalogs/ui_page_specifications.csv;docs/02-ui/page-specs/,catalogs/ui_action_matrix.csv,TST-AUTH_003-HAPPY;TST-AUTH_003-IDEMPOTENT;TST-AUTH_003-REJECT;TST-AUTH_003-SECURITY,releases/R02/STORIES.yaml;releases/R02/TASKS.yaml,catalogs/release_definition_of_ready.csv,开发后由CI回填,FROZEN_READY_V1.2.2
REQ-AUTH-004,独立注册,R02,P0,SCR-AUTH-001;SCR-AUTH-002;SCR-AUTH-003;SCR-AUTH-004;SCR-AUTH-005;SCR-AUTH-006;SCR-AUTH-007;SCR-AUTH-008,POST /api/v1/auth/security-challenges;POST /api/v1/auth/password/login;POST /api/v1/auth/sms/send;POST /api/v1/auth/sms/login;POST /api/v1/auth/invite-codes/validate;POST /api/v1/auth/register;POST /api/v1/auth/password/reset;GET /api/v1/me;POST /api/v1/support/tickets;GET /api/v1/auth/sessions;DELETE /api/v1/auth/sessions/{id};POST /api/v1/me/security/password/change;POST /api/v1/me/cancellation,N/A_NO_ADMIN_API,users;user_credentials;auth_security_challenges;user_sessions;user_devices;sms_verification_codes;login_logs;user_profiles;user_settings;user_status_logs;support_tickets;ticket_messages;ticket_attachments;ticket_status_logs,USER_STATUS,auth;sms;platform;system,auth.default_login_method;auth.security_challenge.provider;auth.security_challenge.mode;auth.password.min_length;auth.password.max_length;auth.password.max_failures;auth.password.lock_seconds;auth.invite.app_required;auth.invite.h5_required;auth.nickname.prefix;auth.nickname.random_digits;auth.security_challenge.ttl_seconds;auth.security_challenge.max_attempts;auth.password.require_letters;auth.password.require_digits;auth.session.access_ttl_seconds;auth.session.refresh_ttl_seconds;auth.session.max_active_devices;auth.registration.daily_ip_limit;auth.registration.daily_device_limit;auth.login.daily_ip_failure_limit;sms.active_provider;sms.aliyun.region_id;sms.aliyun.endpoint;sms.aliyun.access_key_id;sms.aliyun.access_key_secret;sms.aliyun.sign_name;sms.aliyun.template.login;sms.aliyun.template.register;sms.aliyun.template.reset_password;sms.aliyun.template.security_notice;sms.code.length;sms.code.ttl_seconds;sms.send.cooldown_seconds;sms.send.daily_phone_limit;sms.send.daily_ip_limit;sms.provider.timeout_ms;sms.provider.retry_count;sms.verify.max_attempts;sms.send.daily_device_limit;sms.send.same_scene_resend_new_code;sms.delivery_receipt.enabled;sms.aliyun.callback_url;platform.brand.name;platform.brand.slogan;platform.brand.logo_media_id;platform.customer_service.name;platform.customer_service.contact;system.maintenance.enabled;system.maintenance.message;system.registration.enabled;system.publish.enabled;system.red_packet.enabled;system.withdrawal.enabled,catalogs/ui_page_specifications.csv;docs/02-ui/page-specs/,catalogs/ui_action_matrix.csv,TST-AUTH_004-HAPPY;TST-AUTH_004-IDEMPOTENT;TST-AUTH_004-REJECT;TST-AUTH_004-SECURITY,releases/R02/STORIES.yaml;releases/R02/TASKS.yaml,catalogs/release_definition_of_ready.csv,开发后由CI回填,FROZEN_READY_V1.2.2
REQ-AUTH-005,H5邀请注册,R02,P0,SCR-AUTH-003;H5-013,POST /api/v1/auth/security-challenges;POST /api/v1/auth/sms/send;POST /api/v1/auth/invite-codes/validate;POST /api/v1/auth/register;GET /public-api/v1/invite/{code}/registration-config,N/A_NO_ADMIN_API,users;user_credentials;auth_security_challenges;user_sessions;user_devices;sms_verification_codes;login_logs;h5_page_configs;cms_articles;agreements;app_versions;content_posts,USER_STATUS,auth;sms;platform,auth.default_login_method;auth.security_challenge.provider;auth.security_challenge.mode;auth.password.min_length;auth.password.max_length;auth.password.max_failures;auth.password.lock_seconds;auth.invite.app_required;auth.invite.h5_required;auth.nickname.prefix;auth.nickname.random_digits;auth.security_challenge.ttl_seconds;auth.security_challenge.max_attempts;auth.password.require_letters;auth.password.require_digits;auth.session.access_ttl_seconds;auth.session.refresh_ttl_seconds;auth.session.max_active_devices;auth.registration.daily_ip_limit;auth.registration.daily_device_limit;auth.login.daily_ip_failure_limit;sms.active_provider;sms.aliyun.region_id;sms.aliyun.endpoint;sms.aliyun.access_key_id;sms.aliyun.access_key_secret;sms.aliyun.sign_name;sms.aliyun.template.login;sms.aliyun.template.register;sms.aliyun.template.reset_password;sms.aliyun.template.security_notice;sms.code.length;sms.code.ttl_seconds;sms.send.cooldown_seconds;sms.send.daily_phone_limit;sms.send.daily_ip_limit;sms.provider.timeout_ms;sms.provider.retry_count;sms.verify.max_attempts;sms.send.daily_device_limit;sms.send.same_scene_resend_new_code;sms.delivery_receipt.enabled;sms.aliyun.callback_url;platform.brand.name;platform.brand.slogan;platform.brand.logo_media_id;platform.customer_service.name;platform.customer_service.contact,catalogs/ui_page_specifications.csv;docs/02-ui/page-specs/,catalogs/ui_action_matrix.csv,TST-AUTH_005-HAPPY;TST-AUTH_005-IDEMPOTENT;TST-AUTH_005-REJECT;TST-AUTH_005-SECURITY,releases/R02/STORIES.yaml;releases/R02/TASKS.yaml,catalogs/release_definition_of_ready.csv,开发后由CI回填,FROZEN_READY_V1.2.2
REQ-UI-001,效果图仅作样式参考,P00/R01,P0,,N/A_NO_CLIENT_API,N/A_NO_ADMIN_API,outbox_events;inbox_messages;ledger_accounts;accounting_transactions;accounting_entries;balance_snapshots;reconciliation_runs;reconciliation_differences,N/A_STATE_MACHINE_NOT_REQUIRED,N/A_NOT_CONFIG_DRIVEN,N/A_NOT_CONFIG_DRIVEN,catalogs/ui_page_specifications.csv;docs/02-ui/page-specs/,catalogs/ui_action_matrix.csv,TST-UI_001-HAPPY;TST-UI_001-IDEMPOTENT;TST-UI_001-REJECT,releases/P00/STORIES.yaml;releases/P00/TASKS.yaml;releases/R01/STORIES.yaml;releases/R01/TASKS.yaml,catalogs/release_definition_of_ready.csv,开发后由CI回填,FROZEN_READY_V1.2.2
REQ-ID-001,单一实名认证,R05,P0,SCR-ID-001;SCR-ID-002;SCR-ID-003;SCR-ID-004;H5-012;ADM-ID-001;ADM-ID-002,POST /api/v1/identity/sessions;GET /api/v1/me;POST /api/v1/identity/sessions/{id}/liveness-token;GET /api/v1/identity/sessions/{id};POST /api/v1/identity/sessions/{id}/retry,GET /admin-api/v1/identities;GET /admin-api/v1/identities/{userId};POST /admin-api/v1/identity-sessions/{id}/review,identity_profiles;identity_verification_sessions;identity_provider_requests;identity_review_records;sensitive_data_access_logs;users;user_profiles;user_settings;user_status_logs,IDENTITY_STATUS,identity;storage;auth,identity.active_provider;identity.provider.appcode;identity.liveness.token_url;identity.liveness.result_url;identity.face_compare.url;identity.max_daily_attempts;identity.one_id_one_account;identity.liveness.poll_interval_ms;identity.liveness.poll_timeout_seconds;identity.liveness.return_url;identity.face_compare.auto_pass_code;identity.face_compare.manual_review_code;identity.photo.preview_watermark;identity.photo.retention_days;identity.admin_preview_ttl_seconds;storage.default_provider;storage.scope.public_media.provider;storage.scope.private_kyc.provider;storage.scope.private_chat.provider;storage.scope.audit_evidence.provider;storage.scope.apk_release.provider;storage.scope.backup.provider;storage.r2.account_id;storage.r2.access_key_id;storage.r2.secret_access_key;storage.r2.endpoint;storage.r2.public_domain;storage.r2.bucket.public_media;storage.r2.bucket.private_kyc;storage.r2.bucket.private_chat;storage.r2.bucket.audit_evidence;storage.r2.bucket.apk_release;storage.r2.bucket.backup;storage.aliyun_oss.endpoint;storage.aliyun_oss.region;storage.aliyun_oss.access_key_id;storage.aliyun_oss.access_key_secret;storage.aliyun_oss.public_domain;storage.aliyun_oss.bucket.public_media;storage.aliyun_oss.bucket.private_kyc;storage.aliyun_oss.bucket.private_chat;storage.aliyun_oss.bucket.audit_evidence;storage.aliyun_oss.bucket.apk_release;storage.aliyun_oss.bucket.backup;storage.upload.max_image_mb;storage.signed_url.ttl_seconds;storage.upload.image.allowed_mime;storage.upload.image.max_mb;storage.upload.chat_image.max_mb;storage.upload.kyc_image.max_mb;storage.upload.apk.max_mb;storage.private_preview.ttl_seconds;storage.delete.delay_hours;storage.migration.batch_size;auth.default_login_method;auth.security_challenge.provider;auth.security_challenge.mode;auth.password.min_length;auth.password.max_length;auth.password.max_failures;auth.password.lock_seconds;auth.invite.app_required;auth.invite.h5_required;auth.nickname.prefix;auth.nickname.random_digits;auth.security_challenge.ttl_seconds;auth.security_challenge.max_attempts;auth.password.require_letters;auth.password.require_digits;auth.session.access_ttl_seconds;auth.session.refresh_ttl_seconds;auth.session.max_active_devices;auth.registration.daily_ip_limit;auth.registration.daily_device_limit;auth.login.daily_ip_failure_limit,catalogs/ui_page_specifications.csv;docs/02-ui/page-specs/,catalogs/ui_action_matrix.csv,TST-ID_001-HAPPY;TST-ID_001-IDEMPOTENT;TST-ID_001-REJECT;TST-ID_001-SECURITY,releases/R05/STORIES.yaml;releases/R05/TASKS.yaml,catalogs/release_definition_of_ready.csv,开发后由CI回填,FROZEN_READY_V1.2.2
REQ-CONTENT-001,四类统一内容模型,R06,P0,SCR-HOME-001;SCR-LIST-001;SCR-LIST-002;SCR-LIST-003;SCR-LIST-004;SCR-DETAIL-001;SCR-DETAIL-002;SCR-DETAIL-003;SCR-DETAIL-004;ADM-CONTENT-001;ADM-CONTENT-002;ADM-CONTENT-003,GET /api/v1/home;GET /api/v1/contents;GET /api/v1/contents/{id};POST /api/v1/contents/{id}/contacts/{channel}/access;POST /api/v1/conversations/direct;POST /api/v1/contents/{id}/favorite;POST /api/v1/contents/{id}/share,GET /admin-api/v1/contents;GET /admin-api/v1/contents/{id};GET /admin-api/v1/content-dictionaries;POST /admin-api/v1/contents/{id}/online;POST /admin-api/v1/contents/{id}/offline;POST /admin-api/v1/contents/{id}/ban;POST /admin-api/v1/contents/{id}/recommend;POST /admin-api/v1/contents/{id}/official-mark,home_modules;banners;content_posts;content_stats;content_versions;content_status_logs;content_review_records;content_media;content_contacts;content_favorites;content_view_logs;content_contact_access_logs;conversations;conversation_members;chat_messages;chat_read_receipts;user_blocks;chat_reports,CONTENT_STATUS,content;storage;chat,content.limit.normal.online;content.limit.month.online;content.limit.quarter.online;content.limit.year.online;content.team_leader_per_account;content.limit.normal.pending;content.limit.normal.drafts;content.limit.normal.daily_submissions;content.limit.month.pending;content.limit.month.drafts;content.limit.month.daily_submissions;content.limit.quarter.pending;content.limit.quarter.drafts;content.limit.quarter.daily_submissions;content.limit.year.pending;content.limit.year.drafts;content.limit.year.daily_submissions;content.title.max_chars;content.summary.max_chars;content.body.max_chars;content.media.max_images.project;content.media.max_images.app;content.media.max_images.group;content.media.max_images.team_leader;content.online_edit.review_strategy;content.contact.access_audit_enabled;storage.default_provider;storage.scope.public_media.provider;storage.scope.private_kyc.provider;storage.scope.private_chat.provider;storage.scope.audit_evidence.provider;storage.scope.apk_release.provider;storage.scope.backup.provider;storage.r2.account_id;storage.r2.access_key_id;storage.r2.secret_access_key;storage.r2.endpoint;storage.r2.public_domain;storage.r2.bucket.public_media;storage.r2.bucket.private_kyc;storage.r2.bucket.private_chat;storage.r2.bucket.audit_evidence;storage.r2.bucket.apk_release;storage.r2.bucket.backup;storage.aliyun_oss.endpoint;storage.aliyun_oss.region;storage.aliyun_oss.access_key_id;storage.aliyun_oss.access_key_secret;storage.aliyun_oss.public_domain;storage.aliyun_oss.bucket.public_media;storage.aliyun_oss.bucket.private_kyc;storage.aliyun_oss.bucket.private_chat;storage.aliyun_oss.bucket.audit_evidence;storage.aliyun_oss.bucket.apk_release;storage.aliyun_oss.bucket.backup;storage.upload.max_image_mb;storage.signed_url.ttl_seconds;storage.upload.image.allowed_mime;storage.upload.image.max_mb;storage.upload.chat_image.max_mb;storage.upload.kyc_image.max_mb;storage.upload.apk.max_mb;storage.private_preview.ttl_seconds;storage.delete.delay_hours;storage.migration.batch_size;chat.stranger.daily_conversation_limit;chat.message.per_minute_limit;chat.image.max_mb;chat.history.retention_days,catalogs/ui_page_specifications.csv;docs/02-ui/page-specs/,catalogs/ui_action_matrix.csv,TST-CONTENT_001-HAPPY;TST-CONTENT_001-IDEMPOTENT;TST-CONTENT_001-REJECT,releases/R06/STORIES.yaml;releases/R06/TASKS.yaml,catalogs/release_definition_of_ready.csv,开发后由CI回填,FROZEN_READY_V1.2.2
REQ-CONTENT-002,内容无自动过期,R12,P0,SCR-MYC-001;SCR-MYC-002;SCR-MYC-003;SCR-MYC-004;SCR-MYC-005,GET /api/v1/me/contents;POST /api/v1/contents/{id}/online;POST /api/v1/contents/{id}/offline;GET /api/v1/me/drafts;DELETE /api/v1/contents/{id};GET /api/v1/contents/{id};POST /api/v1/contents/{id}/copy;GET /api/v1/contents/{id}/analytics;GET /api/v1/contents/{id}/reviews,N/A_NO_ADMIN_API,content_posts;content_versions;content_status_logs;content_review_records;content_media;content_contacts;content_stats;content_favorites;content_view_logs;content_contact_access_logs,CONTENT_STATUS,content;storage,content.limit.normal.online;content.limit.month.online;content.limit.quarter.online;content.limit.year.online;content.team_leader_per_account;content.limit.normal.pending;content.limit.normal.drafts;content.limit.normal.daily_submissions;content.limit.month.pending;content.limit.month.drafts;content.limit.month.daily_submissions;content.limit.quarter.pending;content.limit.quarter.drafts;content.limit.quarter.daily_submissions;content.limit.year.pending;content.limit.year.drafts;content.limit.year.daily_submissions;content.title.max_chars;content.summary.max_chars;content.body.max_chars;content.media.max_images.project;content.media.max_images.app;content.media.max_images.group;content.media.max_images.team_leader;content.online_edit.review_strategy;content.contact.access_audit_enabled;storage.default_provider;storage.scope.public_media.provider;storage.scope.private_kyc.provider;storage.scope.private_chat.provider;storage.scope.audit_evidence.provider;storage.scope.apk_release.provider;storage.scope.backup.provider;storage.r2.account_id;storage.r2.access_key_id;storage.r2.secret_access_key;storage.r2.endpoint;storage.r2.public_domain;storage.r2.bucket.public_media;storage.r2.bucket.private_kyc;storage.r2.bucket.private_chat;storage.r2.bucket.audit_evidence;storage.r2.bucket.apk_release;storage.r2.bucket.backup;storage.aliyun_oss.endpoint;storage.aliyun_oss.region;storage.aliyun_oss.access_key_id;storage.aliyun_oss.access_key_secret;storage.aliyun_oss.public_domain;storage.aliyun_oss.bucket.public_media;storage.aliyun_oss.bucket.private_kyc;storage.aliyun_oss.bucket.private_chat;storage.aliyun_oss.bucket.audit_evidence;storage.aliyun_oss.bucket.apk_release;storage.aliyun_oss.bucket.backup;storage.upload.max_image_mb;storage.signed_url.ttl_seconds;storage.upload.image.allowed_mime;storage.upload.image.max_mb;storage.upload.chat_image.max_mb;storage.upload.kyc_image.max_mb;storage.upload.apk.max_mb;storage.private_preview.ttl_seconds;storage.delete.delay_hours;storage.migration.batch_size,catalogs/ui_page_specifications.csv;docs/02-ui/page-specs/,catalogs/ui_action_matrix.csv,TST-CONTENT_002-HAPPY;TST-CONTENT_002-IDEMPOTENT;TST-CONTENT_002-REJECT,releases/R12/STORIES.yaml;releases/R12/TASKS.yaml,catalogs/release_definition_of_ready.csv,开发后由CI回填,FROZEN_READY_V1.2.2
REQ-TEAM-001,一账号一份资料,R11,P0,SCR-LIST-004;SCR-DETAIL-004;SCR-PUB-005;H5-007,GET /api/v1/contents;GET /api/v1/contents/{id};POST /api/v1/contents/{id}/contacts/{channel}/access;POST /api/v1/conversations/direct;POST /api/v1/contents/{id}/favorite;POST /api/v1/contents/{id}/share;POST /api/v1/contents;PATCH /api/v1/contents/{id};GET /public-api/v1/share/contents/{id},N/A_NO_ADMIN_API,content_posts;content_versions;content_status_logs;content_review_records;content_media;content_contacts;content_stats;content_favorites;content_view_logs;content_contact_access_logs;conversations;conversation_members;chat_messages;chat_read_receipts;user_blocks;chat_reports;h5_page_configs;cms_articles;agreements;app_versions,CONTENT_STATUS,content;chat;platform,content.limit.normal.online;content.limit.month.online;content.limit.quarter.online;content.limit.year.online;content.team_leader_per_account;content.limit.normal.pending;content.limit.normal.drafts;content.limit.normal.daily_submissions;content.limit.month.pending;content.limit.month.drafts;content.limit.month.daily_submissions;content.limit.quarter.pending;content.limit.quarter.drafts;content.limit.quarter.daily_submissions;content.limit.year.pending;content.limit.year.drafts;content.limit.year.daily_submissions;content.title.max_chars;content.summary.max_chars;content.body.max_chars;content.media.max_images.project;content.media.max_images.app;content.media.max_images.group;content.media.max_images.team_leader;content.online_edit.review_strategy;content.contact.access_audit_enabled;chat.stranger.daily_conversation_limit;chat.message.per_minute_limit;chat.image.max_mb;chat.history.retention_days;platform.brand.name;platform.brand.slogan;platform.brand.logo_media_id;platform.customer_service.name;platform.customer_service.contact,catalogs/ui_page_specifications.csv;docs/02-ui/page-specs/,catalogs/ui_action_matrix.csv,TST-TEAM_001-HAPPY;TST-TEAM_001-IDEMPOTENT;TST-TEAM_001-REJECT,releases/R11/STORIES.yaml;releases/R11/TASKS.yaml,catalogs/release_definition_of_ready.csv,开发后由CI回填,FROZEN_READY_V1.2.2
REQ-CONTACT-001,详情页获取联系方式,R07/R08/R09/R10/R11,P0,SCR-DETAIL-001;SCR-DETAIL-002;SCR-DETAIL-003;SCR-DETAIL-004;SHEET-CONTACT-001;SHEET-CONTENT-INVALID-001,GET /api/v1/contents/{id};POST /api/v1/contents/{id}/contacts/{channel}/access;POST /api/v1/conversations/direct;POST /api/v1/contents/{id}/favorite;POST /api/v1/contents/{id}/share;POST /api/v1/contents/{id}/invalid-feedback,N/A_NO_ADMIN_API,content_posts;content_versions;content_status_logs;content_review_records;content_media;content_contacts;content_stats;content_favorites;content_view_logs;content_contact_access_logs;conversations;conversation_members;chat_messages;chat_read_receipts;user_blocks;chat_reports,CONTENT_STATUS,content;chat;storage;analytics,content.limit.normal.online;content.limit.month.online;content.limit.quarter.online;content.limit.year.online;content.team_leader_per_account;content.limit.normal.pending;content.limit.normal.drafts;content.limit.normal.daily_submissions;content.limit.month.pending;content.limit.month.drafts;content.limit.month.daily_submissions;content.limit.quarter.pending;content.limit.quarter.drafts;content.limit.quarter.daily_submissions;content.limit.year.pending;content.limit.year.drafts;content.limit.year.daily_submissions;content.title.max_chars;content.summary.max_chars;content.body.max_chars;content.media.max_images.project;content.media.max_images.app;content.media.max_images.group;content.media.max_images.team_leader;content.online_edit.review_strategy;content.contact.access_audit_enabled;chat.stranger.daily_conversation_limit;chat.message.per_minute_limit;chat.image.max_mb;chat.history.retention_days;storage.default_provider;storage.scope.public_media.provider;storage.scope.private_kyc.provider;storage.scope.private_chat.provider;storage.scope.audit_evidence.provider;storage.scope.apk_release.provider;storage.scope.backup.provider;storage.r2.account_id;storage.r2.access_key_id;storage.r2.secret_access_key;storage.r2.endpoint;storage.r2.public_domain;storage.r2.bucket.public_media;storage.r2.bucket.private_kyc;storage.r2.bucket.private_chat;storage.r2.bucket.audit_evidence;storage.r2.bucket.apk_release;storage.r2.bucket.backup;storage.aliyun_oss.endpoint;storage.aliyun_oss.region;storage.aliyun_oss.access_key_id;storage.aliyun_oss.access_key_secret;storage.aliyun_oss.public_domain;storage.aliyun_oss.bucket.public_media;storage.aliyun_oss.bucket.private_kyc;storage.aliyun_oss.bucket.private_chat;storage.aliyun_oss.bucket.audit_evidence;storage.aliyun_oss.bucket.apk_release;storage.aliyun_oss.bucket.backup;storage.upload.max_image_mb;storage.signed_url.ttl_seconds;storage.upload.image.allowed_mime;storage.upload.image.max_mb;storage.upload.chat_image.max_mb;storage.upload.kyc_image.max_mb;storage.upload.apk.max_mb;storage.private_preview.ttl_seconds;storage.delete.delay_hours;storage.migration.batch_size;analytics.event.retention_days;analytics.traffic_types,catalogs/ui_page_specifications.csv;docs/02-ui/page-specs/,catalogs/ui_action_matrix.csv,TST-CONTACT_001-HAPPY;TST-CONTACT_001-IDEMPOTENT;TST-CONTACT_001-REJECT,releases/R07/STORIES.yaml;releases/R07/TASKS.yaml;releases/R08/STORIES.yaml;releases/R08/TASKS.yaml;releases/R09/STORIES.yaml;releases/R09/TASKS.yaml;releases/R10/STORIES.yaml;releases/R10/TASKS.yaml;releases/R11/STORIES.yaml;releases/R11/TASKS.yaml,catalogs/release_definition_of_ready.csv,开发后由CI回填,FROZEN_READY_V1.2.2
REQ-CHAT-001,一对一即时通讯,R14,P1,SCR-MSG-001;SCR-CHAT-001;SCR-CHAT-002;SHEET-CHAT-001;SHEET-CHAT-002,GET /api/v1/conversations;GET /api/v1/notifications;GET /api/v1/announcements;GET /api/v1/conversations/{id}/messages;POST /api/v1/conversations/{id}/messages;POST /api/v1/conversations/{id}/read;POST /api/v1/conversations/{id}/report,N/A_NO_ADMIN_API,conversations;conversation_members;chat_messages;chat_read_receipts;user_blocks;chat_reports;notifications;notification_deliveries;announcements;announcement_reads,CONTENT_STATUS,chat;notification,chat.stranger.daily_conversation_limit;chat.message.per_minute_limit;chat.image.max_mb;chat.history.retention_days;notification.marketing.default_enabled;notification.quiet_hours.start;notification.quiet_hours.end,catalogs/ui_page_specifications.csv;docs/02-ui/page-specs/,catalogs/ui_action_matrix.csv,TST-CHAT_001-HAPPY;TST-CHAT_001-IDEMPOTENT;TST-CHAT_001-REJECT,releases/R14/STORIES.yaml;releases/R14/TASKS.yaml,catalogs/release_definition_of_ready.csv,开发后由CI回填,FROZEN_READY_V1.2.2
REQ-MEMBER-001,统一Pro会员,R18,P1,SCR-MEMBER-001;SCR-MEMBER-002;SCR-MEMBER-003;SCR-MEMBER-004,GET /api/v1/membership/skus;GET /api/v1/me/membership;POST /api/v1/membership/orders;POST /api/v1/membership/upgrade-quotes;POST /api/v1/membership/upgrade-orders,N/A_NO_ADMIN_API,membership_plans;membership_skus;user_memberships;membership_entitlement_segments;membership_benefit_snapshots;membership_upgrade_quotes,ORDER_STATUS,membership;payment,membership.upgrade.time_precision;membership.upgrade.rounding;membership.upgrade.preserve_gift_days;membership.public_badge.text;membership.public_badge.enabled;payment.active_gateway;payment.caihong.base_url;payment.caihong.merchant_id;payment.caihong.merchant_key;payment.caihong.sign_type;payment.caihong.enabled_channels;payment.notify_url;payment.return_url;payment.order_timeout_seconds;payment.query.max_attempts;payment.query.interval_seconds;payment.callback.ip_whitelist_enabled;payment.webview.allowed_hosts;payment.webview.allowed_schemes;payment.channel.reversal_auto_freeze,catalogs/ui_page_specifications.csv;docs/02-ui/page-specs/,catalogs/ui_action_matrix.csv,TST-MEMBER_001-HAPPY;TST-MEMBER_001-IDEMPOTENT;TST-MEMBER_001-REJECT,releases/R18/STORIES.yaml;releases/R18/TASKS.yaml,catalogs/release_definition_of_ready.csv,开发后由CI回填,FROZEN_READY_V1.2.2
REQ-MEMBER-002,补差升级,R18,P1,SCR-MEMBER-001;SCR-MEMBER-002;SCR-MEMBER-003;SCR-MEMBER-004,GET /api/v1/membership/skus;GET /api/v1/me/membership;POST /api/v1/membership/orders;POST /api/v1/membership/upgrade-quotes;POST /api/v1/membership/upgrade-orders,N/A_NO_ADMIN_API,membership_plans;membership_skus;user_memberships;membership_entitlement_segments;membership_benefit_snapshots;membership_upgrade_quotes,ORDER_STATUS,membership;payment,membership.upgrade.time_precision;membership.upgrade.rounding;membership.upgrade.preserve_gift_days;membership.public_badge.text;membership.public_badge.enabled;payment.active_gateway;payment.caihong.base_url;payment.caihong.merchant_id;payment.caihong.merchant_key;payment.caihong.sign_type;payment.caihong.enabled_channels;payment.notify_url;payment.return_url;payment.order_timeout_seconds;payment.query.max_attempts;payment.query.interval_seconds;payment.callback.ip_whitelist_enabled;payment.webview.allowed_hosts;payment.webview.allowed_schemes;payment.channel.reversal_auto_freeze,catalogs/ui_page_specifications.csv;docs/02-ui/page-specs/,catalogs/ui_action_matrix.csv,TST-MEMBER_002-HAPPY;TST-MEMBER_002-IDEMPOTENT;TST-MEMBER_002-REJECT,releases/R18/STORIES.yaml;releases/R18/TASKS.yaml,catalogs/release_definition_of_ready.csv,开发后由CI回填,FROZEN_READY_V1.2.2
REQ-PROP-001,四种道具,R19,P1,SCR-PROP-001;SCR-PROP-002;SCR-PROP-003,GET /api/v1/props/store;POST /api/v1/props/orders;GET /api/v1/me/props;POST /api/v1/me/props/{id}/use,N/A_NO_ADMIN_API,prop_products;prop_skus;user_props;content_exposure_entitlements;content_refresh_records;headline_slot_bookings;prop_execution_logs,ORDER_STATUS,props;payment,props.top_duration_seconds;props.headline_duration_seconds;props.color_duration_seconds;props.refresh_cooldown_seconds;props.same_type.stack_duration;props.same_page.deduplicate_content;props.refresh.daily_limit.normal;props.refresh.daily_limit.month;props.refresh.daily_limit.quarter;props.refresh.daily_limit.year;props.max_stack_days;payment.active_gateway;payment.caihong.base_url;payment.caihong.merchant_id;payment.caihong.merchant_key;payment.caihong.sign_type;payment.caihong.enabled_channels;payment.notify_url;payment.return_url;payment.order_timeout_seconds;payment.query.max_attempts;payment.query.interval_seconds;payment.callback.ip_whitelist_enabled;payment.webview.allowed_hosts;payment.webview.allowed_schemes;payment.channel.reversal_auto_freeze,catalogs/ui_page_specifications.csv;docs/02-ui/page-specs/,catalogs/ui_action_matrix.csv,TST-PROP_001-HAPPY;TST-PROP_001-IDEMPOTENT;TST-PROP_001-REJECT,releases/R19/STORIES.yaml;releases/R19/TASKS.yaml,catalogs/release_definition_of_ready.csv,开发后由CI回填,FROZEN_READY_V1.2.2
REQ-RP-001,一内容一活动,R20,P1,SCR-RP-ADV-001;SCR-RP-ADV-002;SCR-RP-ADV-003;SCR-RP-ADV-004;SCR-RP-ADV-005;SCR-RP-ADV-006,GET /api/v1/me/red-packet-campaigns;POST /api/v1/red-packet-campaigns;GET /api/v1/red-packet-campaigns/{id};POST /api/v1/red-packet-campaigns/{id}/submit-review;POST /api/v1/red-packet-campaigns/{id}/quote;POST /api/v1/red-packet-campaigns/{id}/orders;GET /api/v1/me/red-packet-campaigns/{id}/analytics;POST /api/v1/red-packet-campaigns/{id}/pause;POST /api/v1/red-packet-campaigns/{id}/resume;POST /api/v1/red-packet-campaigns/{id}/close;POST /api/v1/red-packet-campaigns/{id}/increase-quotes;POST /api/v1/red-packet-campaigns/{id}/increase-orders,N/A_NO_ADMIN_API,red_packet_campaigns;red_packet_campaign_versions;red_packet_quotes;red_packet_orders;red_packet_stock;red_packet_view_sessions;red_packet_reservations;red_packet_claims;red_packet_ledger;reward_ledger;outbox_events,RED_PACKET_STATUS,red_packet;payment,red_packet.default_view_seconds;red_packet.reservation_min_seconds;red_packet.unit_amount_min_cent;red_packet.unit_amount_max_cent;red_packet.min_count;red_packet.service_fee_bps;red_packet.one_active_per_content;red_packet.allow_raise_unit_amount;red_packet.allow_refund;red_packet.view_seconds.min;red_packet.view_seconds.max;red_packet.reservation_extra_seconds;red_packet.reservation_max_seconds;red_packet.max_count;red_packet.claim_per_user;red_packet.heartbeat_interval_seconds;red_packet.session_timeout_seconds;red_packet.settlement_delay_hours;red_packet.pause_max_days;red_packet.owner_close_allowed;red_packet.member_fee_discount_bps.normal;red_packet.member_fee_discount_bps.month;red_packet.member_fee_discount_bps.quarter;red_packet.member_fee_discount_bps.year;red_packet.min_service_fee_cent;red_packet.risk.new_account_hold_hours;payment.active_gateway;payment.caihong.base_url;payment.caihong.merchant_id;payment.caihong.merchant_key;payment.caihong.sign_type;payment.caihong.enabled_channels;payment.notify_url;payment.return_url;payment.order_timeout_seconds;payment.query.max_attempts;payment.query.interval_seconds;payment.callback.ip_whitelist_enabled;payment.webview.allowed_hosts;payment.webview.allowed_schemes;payment.channel.reversal_auto_freeze,catalogs/ui_page_specifications.csv;docs/02-ui/page-specs/,catalogs/ui_action_matrix.csv,TST-RP_001-CONCURRENCY;TST-RP_001-HAPPY;TST-RP_001-IDEMPOTENT;TST-RP_001-RECOVERY;TST-RP_001-REJECT,releases/R20/STORIES.yaml;releases/R20/TASKS.yaml,catalogs/release_definition_of_ready.csv,开发后由CI回填,FROZEN_READY_V1.2.2
REQ-RP-002,提高剩余红包金额,R21,P1,,N/A_NO_CLIENT_API,N/A_NO_ADMIN_API,red_packet_campaigns;red_packet_campaign_versions;red_packet_quotes;red_packet_orders;red_packet_stock;red_packet_view_sessions;red_packet_heartbeats;red_packet_reservations;red_packet_claims;red_packet_task_evidence;red_packet_ledger;red_packet_campaign_stats,RED_PACKET_STATUS,red_packet;payment,red_packet.default_view_seconds;red_packet.reservation_min_seconds;red_packet.unit_amount_min_cent;red_packet.unit_amount_max_cent;red_packet.min_count;red_packet.service_fee_bps;red_packet.one_active_per_content;red_packet.allow_raise_unit_amount;red_packet.allow_refund;red_packet.view_seconds.min;red_packet.view_seconds.max;red_packet.reservation_extra_seconds;red_packet.reservation_max_seconds;red_packet.max_count;red_packet.claim_per_user;red_packet.heartbeat_interval_seconds;red_packet.session_timeout_seconds;red_packet.settlement_delay_hours;red_packet.pause_max_days;red_packet.owner_close_allowed;red_packet.member_fee_discount_bps.normal;red_packet.member_fee_discount_bps.month;red_packet.member_fee_discount_bps.quarter;red_packet.member_fee_discount_bps.year;red_packet.min_service_fee_cent;red_packet.risk.new_account_hold_hours;payment.active_gateway;payment.caihong.base_url;payment.caihong.merchant_id;payment.caihong.merchant_key;payment.caihong.sign_type;payment.caihong.enabled_channels;payment.notify_url;payment.return_url;payment.order_timeout_seconds;payment.query.max_attempts;payment.query.interval_seconds;payment.callback.ip_whitelist_enabled;payment.webview.allowed_hosts;payment.webview.allowed_schemes;payment.channel.reversal_auto_freeze,catalogs/ui_page_specifications.csv;docs/02-ui/page-specs/,catalogs/ui_action_matrix.csv,TST-RP_002-CONCURRENCY;TST-RP_002-HAPPY;TST-RP_002-IDEMPOTENT;TST-RP_002-RECOVERY;TST-RP_002-REJECT,releases/R21/STORIES.yaml;releases/R21/TASKS.yaml,catalogs/release_definition_of_ready.csv,开发后由CI回填,FROZEN_READY_V1.2.2
REQ-RP-003,详情有效浏览领取,R22,P1,SCR-RP-001;SCR-RP-002;SCR-RP-003;SHEET-RP-001;SCR-RP-004,GET /api/v1/red-packet-campaigns;GET /api/v1/red-packet-campaigns/{id};POST /api/v1/red-packet-campaigns/{id}/view-sessions;POST /api/v1/red-packet-view-sessions/{id}/heartbeat;POST /api/v1/red-packet-view-sessions/{id}/claim;POST /api/v1/red-packet-view-sessions/{id}/cancel;GET /api/v1/me/reward-account;GET /api/v1/me/red-packet-claims,N/A_NO_ADMIN_API,red_packet_campaigns;red_packet_campaign_versions;red_packet_quotes;red_packet_orders;red_packet_stock;red_packet_view_sessions;red_packet_reservations;red_packet_claims;red_packet_ledger;reward_ledger;outbox_events;reward_accounts;reward_settlements;reward_freezes;accounting_entries,RED_PACKET_STATUS,red_packet;payment;withdrawal,red_packet.default_view_seconds;red_packet.reservation_min_seconds;red_packet.unit_amount_min_cent;red_packet.unit_amount_max_cent;red_packet.min_count;red_packet.service_fee_bps;red_packet.one_active_per_content;red_packet.allow_raise_unit_amount;red_packet.allow_refund;red_packet.view_seconds.min;red_packet.view_seconds.max;red_packet.reservation_extra_seconds;red_packet.reservation_max_seconds;red_packet.max_count;red_packet.claim_per_user;red_packet.heartbeat_interval_seconds;red_packet.session_timeout_seconds;red_packet.settlement_delay_hours;red_packet.pause_max_days;red_packet.owner_close_allowed;red_packet.member_fee_discount_bps.normal;red_packet.member_fee_discount_bps.month;red_packet.member_fee_discount_bps.quarter;red_packet.member_fee_discount_bps.year;red_packet.min_service_fee_cent;red_packet.risk.new_account_hold_hours;payment.active_gateway;payment.caihong.base_url;payment.caihong.merchant_id;payment.caihong.merchant_key;payment.caihong.sign_type;payment.caihong.enabled_channels;payment.notify_url;payment.return_url;payment.order_timeout_seconds;payment.query.max_attempts;payment.query.interval_seconds;payment.callback.ip_whitelist_enabled;payment.webview.allowed_hosts;payment.webview.allowed_schemes;payment.channel.reversal_auto_freeze;withdrawal.min_amount_cent.normal;withdrawal.fee.fixed_cent.normal;withdrawal.fee.bps.normal;withdrawal.daily_count.normal;withdrawal.min_amount_cent.month;withdrawal.fee.fixed_cent.month;withdrawal.fee.bps.month;withdrawal.daily_count.month;withdrawal.min_amount_cent.quarter;withdrawal.fee.fixed_cent.quarter;withdrawal.fee.bps.quarter;withdrawal.daily_count.quarter;withdrawal.min_amount_cent.year;withdrawal.fee.fixed_cent.year;withdrawal.fee.bps.year;withdrawal.daily_count.year;withdrawal.max_amount_cent.normal;withdrawal.daily_total_cent.normal;withdrawal.monthly_total_cent.normal;withdrawal.monthly_free_count.normal;withdrawal.max_amount_cent.month;withdrawal.daily_total_cent.month;withdrawal.monthly_total_cent.month;withdrawal.monthly_free_count.month;withdrawal.max_amount_cent.quarter;withdrawal.daily_total_cent.quarter;withdrawal.monthly_total_cent.quarter;withdrawal.monthly_free_count.quarter;withdrawal.max_amount_cent.year;withdrawal.daily_total_cent.year;withdrawal.monthly_total_cent.year;withdrawal.monthly_free_count.year;withdrawal.account_change_cooldown_hours;withdrawal.new_device_wait_hours;withdrawal.auto_review_threshold_cent;withdrawal.open_time_windows,catalogs/ui_page_specifications.csv;docs/02-ui/page-specs/,catalogs/ui_action_matrix.csv,TST-RP_003-CONCURRENCY;TST-RP_003-HAPPY;TST-RP_003-IDEMPOTENT;TST-RP_003-RECOVERY;TST-RP_003-REJECT,releases/R22/STORIES.yaml;releases/R22/TASKS.yaml,catalogs/release_definition_of_ready.csv,开发后由CI回填,FROZEN_READY_V1.2.2
REQ-PAY-001,H5统一收银台,R17/R30,P0,H5-008;H5-009,GET /api/v1/orders/{orderNo}/cashier;POST /api/v1/orders/{orderNo}/payments;GET /api/v1/orders/{orderNo}/payment-status,N/A_NO_ADMIN_API,orders;payment_transactions;payment_callbacks;payment_exception_orders;payment_reconciliation_records;accounting_transactions;accounting_entries,ORDER_STATUS,payment,payment.active_gateway;payment.caihong.base_url;payment.caihong.merchant_id;payment.caihong.merchant_key;payment.caihong.sign_type;payment.caihong.enabled_channels;payment.notify_url;payment.return_url;payment.order_timeout_seconds;payment.query.max_attempts;payment.query.interval_seconds;payment.callback.ip_whitelist_enabled;payment.webview.allowed_hosts;payment.webview.allowed_schemes;payment.channel.reversal_auto_freeze,catalogs/ui_page_specifications.csv;docs/02-ui/page-specs/,catalogs/ui_action_matrix.csv,TST-PAY_001-CONCURRENCY;TST-PAY_001-HAPPY;TST-PAY_001-IDEMPOTENT;TST-PAY_001-RECOVERY;TST-PAY_001-REJECT,releases/R17/STORIES.yaml;releases/R17/TASKS.yaml;releases/R30/STORIES.yaml;releases/R30/TASKS.yaml,catalogs/release_definition_of_ready.csv,开发后由CI回填,FROZEN_READY_V1.2.2
REQ-NOREFUND-001,虚拟服务不退款,R16,P0,SCR-ORDER-001;SCR-ORDER-002,GET /api/v1/me/orders;GET /api/v1/me/orders/{orderNo},N/A_NO_ADMIN_API,orders;order_items;order_price_snapshots,ORDER_STATUS,payment,payment.active_gateway;payment.caihong.base_url;payment.caihong.merchant_id;payment.caihong.merchant_key;payment.caihong.sign_type;payment.caihong.enabled_channels;payment.notify_url;payment.return_url;payment.order_timeout_seconds;payment.query.max_attempts;payment.query.interval_seconds;payment.callback.ip_whitelist_enabled;payment.webview.allowed_hosts;payment.webview.allowed_schemes;payment.channel.reversal_auto_freeze,catalogs/ui_page_specifications.csv;docs/02-ui/page-specs/,catalogs/ui_action_matrix.csv,TST-NOREFUND_001-HAPPY;TST-NOREFUND_001-IDEMPOTENT;TST-NOREFUND_001-REJECT,releases/R16/STORIES.yaml;releases/R16/TASKS.yaml,catalogs/release_definition_of_ready.csv,开发后由CI回填,FROZEN_READY_V1.2.2
REQ-REWARD-001,统一奖励账户,R24,P1,SHEET-RP-001;SCR-REWARD-001;SCR-REWARD-002;ADM-REWARD-001;ADM-REWARD-002,POST /api/v1/red-packet-view-sessions/{id}/claim;GET /api/v1/me/reward-account;GET /api/v1/me/reward-ledger,GET /admin-api/v1/reward-accounts;GET /admin-api/v1/reward-accounts/{userId}/ledger;POST /admin-api/v1/reward-adjustments,red_packet_campaigns;red_packet_campaign_versions;red_packet_quotes;red_packet_orders;red_packet_stock;red_packet_view_sessions;red_packet_reservations;red_packet_claims;red_packet_ledger;reward_ledger;outbox_events;reward_accounts;reward_settlements;reward_freezes;accounting_entries,REWARD_STATUS,withdrawal;payout;red_packet;platform,withdrawal.min_amount_cent.normal;withdrawal.fee.fixed_cent.normal;withdrawal.fee.bps.normal;withdrawal.daily_count.normal;withdrawal.min_amount_cent.month;withdrawal.fee.fixed_cent.month;withdrawal.fee.bps.month;withdrawal.daily_count.month;withdrawal.min_amount_cent.quarter;withdrawal.fee.fixed_cent.quarter;withdrawal.fee.bps.quarter;withdrawal.daily_count.quarter;withdrawal.min_amount_cent.year;withdrawal.fee.fixed_cent.year;withdrawal.fee.bps.year;withdrawal.daily_count.year;withdrawal.max_amount_cent.normal;withdrawal.daily_total_cent.normal;withdrawal.monthly_total_cent.normal;withdrawal.monthly_free_count.normal;withdrawal.max_amount_cent.month;withdrawal.daily_total_cent.month;withdrawal.monthly_total_cent.month;withdrawal.monthly_free_count.month;withdrawal.max_amount_cent.quarter;withdrawal.daily_total_cent.quarter;withdrawal.monthly_total_cent.quarter;withdrawal.monthly_free_count.quarter;withdrawal.max_amount_cent.year;withdrawal.daily_total_cent.year;withdrawal.monthly_total_cent.year;withdrawal.monthly_free_count.year;withdrawal.account_change_cooldown_hours;withdrawal.new_device_wait_hours;withdrawal.auto_review_threshold_cent;withdrawal.open_time_windows;payout.active_gateway;payout.alipay.app_id;payout.alipay.merchant_id;payout.alipay.private_key_certificate_id;payout.alipay.app_public_certificate_id;payout.alipay.alipay_public_certificate_id;payout.alipay.root_certificate_id;payout.alipay.gateway_url;payout.notify_url;payout.request.timeout_ms;payout.query.max_attempts;payout.query.interval_seconds;payout.account_name_must_match_identity;payout.auto_enabled;red_packet.default_view_seconds;red_packet.reservation_min_seconds;red_packet.unit_amount_min_cent;red_packet.unit_amount_max_cent;red_packet.min_count;red_packet.service_fee_bps;red_packet.one_active_per_content;red_packet.allow_raise_unit_amount;red_packet.allow_refund;red_packet.view_seconds.min;red_packet.view_seconds.max;red_packet.reservation_extra_seconds;red_packet.reservation_max_seconds;red_packet.max_count;red_packet.claim_per_user;red_packet.heartbeat_interval_seconds;red_packet.session_timeout_seconds;red_packet.settlement_delay_hours;red_packet.pause_max_days;red_packet.owner_close_allowed;red_packet.member_fee_discount_bps.normal;red_packet.member_fee_discount_bps.month;red_packet.member_fee_discount_bps.quarter;red_packet.member_fee_discount_bps.year;red_packet.min_service_fee_cent;red_packet.risk.new_account_hold_hours;platform.brand.name;platform.brand.slogan;platform.brand.logo_media_id;platform.customer_service.name;platform.customer_service.contact,catalogs/ui_page_specifications.csv;docs/02-ui/page-specs/,catalogs/ui_action_matrix.csv,TST-REWARD_001-CONCURRENCY;TST-REWARD_001-HAPPY;TST-REWARD_001-IDEMPOTENT;TST-REWARD_001-RECOVERY;TST-REWARD_001-REJECT,releases/R24/STORIES.yaml;releases/R24/TASKS.yaml,catalogs/release_definition_of_ready.csv,开发后由CI回填,FROZEN_READY_V1.2.2
REQ-WD-001,支付宝企业付款,R24/R32,P1,SCR-WD-001;SCR-WD-002;SCR-WD-003;ADM-WD-001;ADM-WD-002,GET /api/v1/me/payout-account;PUT /api/v1/me/payout-account;POST /api/v1/withdrawals/quote;POST /api/v1/withdrawals;GET /api/v1/me/withdrawals,GET /admin-api/v1/withdrawals;GET /admin-api/v1/withdrawals/{id};POST /admin-api/v1/withdrawals/{id}/risk-review;POST /admin-api/v1/withdrawals/{id}/finance-review;POST /admin-api/v1/withdrawals/{id}/payout;POST /admin-api/v1/withdrawals/{id}/query,payout_accounts;withdrawal_requests;payout_transactions;payout_callbacks;payout_reconciliation_records;accounting_transactions;accounting_entries,WITHDRAWAL_STATUS,withdrawal;payout;identity;platform,withdrawal.min_amount_cent.normal;withdrawal.fee.fixed_cent.normal;withdrawal.fee.bps.normal;withdrawal.daily_count.normal;withdrawal.min_amount_cent.month;withdrawal.fee.fixed_cent.month;withdrawal.fee.bps.month;withdrawal.daily_count.month;withdrawal.min_amount_cent.quarter;withdrawal.fee.fixed_cent.quarter;withdrawal.fee.bps.quarter;withdrawal.daily_count.quarter;withdrawal.min_amount_cent.year;withdrawal.fee.fixed_cent.year;withdrawal.fee.bps.year;withdrawal.daily_count.year;withdrawal.max_amount_cent.normal;withdrawal.daily_total_cent.normal;withdrawal.monthly_total_cent.normal;withdrawal.monthly_free_count.normal;withdrawal.max_amount_cent.month;withdrawal.daily_total_cent.month;withdrawal.monthly_total_cent.month;withdrawal.monthly_free_count.month;withdrawal.max_amount_cent.quarter;withdrawal.daily_total_cent.quarter;withdrawal.monthly_total_cent.quarter;withdrawal.monthly_free_count.quarter;withdrawal.max_amount_cent.year;withdrawal.daily_total_cent.year;withdrawal.monthly_total_cent.year;withdrawal.monthly_free_count.year;withdrawal.account_change_cooldown_hours;withdrawal.new_device_wait_hours;withdrawal.auto_review_threshold_cent;withdrawal.open_time_windows;payout.active_gateway;payout.alipay.app_id;payout.alipay.merchant_id;payout.alipay.private_key_certificate_id;payout.alipay.app_public_certificate_id;payout.alipay.alipay_public_certificate_id;payout.alipay.root_certificate_id;payout.alipay.gateway_url;payout.notify_url;payout.request.timeout_ms;payout.query.max_attempts;payout.query.interval_seconds;payout.account_name_must_match_identity;payout.auto_enabled;identity.active_provider;identity.provider.appcode;identity.liveness.token_url;identity.liveness.result_url;identity.face_compare.url;identity.max_daily_attempts;identity.one_id_one_account;identity.liveness.poll_interval_ms;identity.liveness.poll_timeout_seconds;identity.liveness.return_url;identity.face_compare.auto_pass_code;identity.face_compare.manual_review_code;identity.photo.preview_watermark;identity.photo.retention_days;identity.admin_preview_ttl_seconds;platform.brand.name;platform.brand.slogan;platform.brand.logo_media_id;platform.customer_service.name;platform.customer_service.contact,catalogs/ui_page_specifications.csv;docs/02-ui/page-specs/,catalogs/ui_action_matrix.csv,TST-WD_001-CONCURRENCY;TST-WD_001-HAPPY;TST-WD_001-IDEMPOTENT;TST-WD_001-RECOVERY;TST-WD_001-REJECT,releases/R24/STORIES.yaml;releases/R24/TASKS.yaml;releases/R32/STORIES.yaml;releases/R32/TASKS.yaml,catalogs/release_definition_of_ready.csv,开发后由CI回填,FROZEN_READY_V1.2.2
REQ-REF-001,一级二级消费佣金,R25,P2,SCR-REF-001;SCR-REF-002;SCR-REF-003;SCR-REF-004;SCR-REF-005;SCR-REF-006;SCR-REF-007;SCR-REF-008;ADM-REF-001;ADM-REF-002;ADM-REF-003;ADM-REF-004;ADM-REF-005;ADM-REF-006,GET /api/v1/me/referral/overview;GET /api/v1/me/referral/invite-assets;GET /api/v1/me/referral/posters;GET /api/v1/me/referral/direct-users;GET /api/v1/me/referral/level2-users;GET /api/v1/me/referral/commissions;GET /api/v1/me/referral/activity-rewards;GET /public-api/v1/agreements/{code},GET /admin-api/v1/referral-relations;POST /admin-api/v1/referral-relations/{inviteeId}/adjust;GET /admin-api/v1/commission-policies;POST /admin-api/v1/commission-policies;GET /admin-api/v1/commissions;GET /admin-api/v1/referral-activity/rules;POST /admin-api/v1/referral-activity/rule-versions;GET /admin-api/v1/referral-activity/progress;GET /admin-api/v1/referral-activity/milestones;GET /admin-api/v1/referral-activity/rewards,invite_codes;referral_relations;commission_records;referral_activity_progress;referral_milestone_rewards;h5_page_configs;cms_articles;agreements;app_versions;content_posts;referral_activity_rule_versions;referral_activity_rules,REWARD_STATUS,referral;referral_activity;platform,commission.settlement_delay_hours;referral.max_commission_level;referral.binding_mode;referral.relation_change_allowed;referral.attribution_days;referral.block_self_invite;referral.block_same_device;referral.red_packet_principal_commissionable;referral.commission.default_level1_bps;referral.commission.default_level2_bps;referral_activity.settlement_delay_hours;referral_activity.event.first_register_login_score;referral_activity.event.first_approved_publish_score;referral_activity.enabled;referral_activity.milestones;referral_activity.score_daily_cap_per_invitee;referral_activity.reward_matrix_source;platform.brand.name;platform.brand.slogan;platform.brand.logo_media_id;platform.customer_service.name;platform.customer_service.contact,catalogs/ui_page_specifications.csv;docs/02-ui/page-specs/,catalogs/ui_action_matrix.csv,TST-REF_001-CONCURRENCY;TST-REF_001-HAPPY;TST-REF_001-IDEMPOTENT;TST-REF_001-RECOVERY;TST-REF_001-REJECT,releases/R25/STORIES.yaml;releases/R25/TASKS.yaml,catalogs/release_definition_of_ready.csv,开发后由CI回填,FROZEN_READY_V1.2.2
REQ-REF-ACT-001,直推活跃阶梯奖励,R26,P2,SCR-REF-001;SCR-REF-002;SCR-REF-003;SCR-REF-004;SCR-REF-005;SCR-REF-006;SCR-REF-007;SCR-REF-008,GET /api/v1/me/referral/overview;GET /api/v1/me/referral/invite-assets;GET /api/v1/me/referral/posters;GET /api/v1/me/referral/direct-users;GET /api/v1/me/referral/level2-users;GET /api/v1/me/referral/commissions;GET /api/v1/me/referral/activity-rewards;GET /public-api/v1/agreements/{code},N/A_NO_ADMIN_API,invite_codes;referral_relations;commission_records;referral_activity_progress;referral_milestone_rewards;h5_page_configs;cms_articles;agreements;app_versions;content_posts,REWARD_STATUS,referral;referral_activity;platform,commission.settlement_delay_hours;referral.max_commission_level;referral.binding_mode;referral.relation_change_allowed;referral.attribution_days;referral.block_self_invite;referral.block_same_device;referral.red_packet_principal_commissionable;referral.commission.default_level1_bps;referral.commission.default_level2_bps;referral_activity.settlement_delay_hours;referral_activity.event.first_register_login_score;referral_activity.event.first_approved_publish_score;referral_activity.enabled;referral_activity.milestones;referral_activity.score_daily_cap_per_invitee;referral_activity.reward_matrix_source;platform.brand.name;platform.brand.slogan;platform.brand.logo_media_id;platform.customer_service.name;platform.customer_service.contact,catalogs/ui_page_specifications.csv;docs/02-ui/page-specs/,catalogs/ui_action_matrix.csv,TST-REF_ACT_001-CONCURRENCY;TST-REF_ACT_001-HAPPY;TST-REF_ACT_001-IDEMPOTENT;TST-REF_ACT_001-RECOVERY;TST-REF_ACT_001-REJECT,releases/R26/STORIES.yaml;releases/R26/TASKS.yaml,catalogs/release_definition_of_ready.csv,开发后由CI回填,FROZEN_READY_V1.2.2
REQ-TASK-001,用户个人任务积分,R27,P2,SCR-TASK-001;SCR-TASK-002,GET /api/v1/tasks;POST /api/v1/tasks/{id}/claim;GET /api/v1/me/points;GET /api/v1/me/point-ledger,N/A_NO_ADMIN_API,task_definitions;user_task_progress;task_events;user_point_accounts;user_point_ledger;growth_budgets,REWARD_STATUS,task,feature.personal_task_cash_reward;task.enabled;task.daily_point_cap;task.monthly_cash_reward_cap_cent;task.platform_daily_budget_cent;task.platform_monthly_budget_cent;task.incentivized_traffic_excluded_from_organic_rank,catalogs/ui_page_specifications.csv;docs/02-ui/page-specs/,catalogs/ui_action_matrix.csv,TST-TASK_001-CONCURRENCY;TST-TASK_001-HAPPY;TST-TASK_001-IDEMPOTENT;TST-TASK_001-RECOVERY;TST-TASK_001-REJECT,releases/R27/STORIES.yaml;releases/R27/TASKS.yaml,catalogs/release_definition_of_ready.csv,开发后由CI回填,FROZEN_READY_V1.2.2
REQ-H5-001,科技感宣传下载页,R28,P0,SHEET-SHARE-001;H5-001;H5-002;H5-003;H5-004;H5-005;H5-006;H5-007,POST /api/v1/contents/{id}/share;GET /public-api/v1/home-page;GET /public-api/v1/app/latest;GET /public-api/v1/help/articles/{id};GET /public-api/v1/invite/{code};GET /public-api/v1/share/contents/{id},N/A_NO_ADMIN_API,content_posts;content_versions;content_status_logs;content_review_records;content_media;content_contacts;content_stats;content_favorites;content_view_logs;content_contact_access_logs;h5_page_configs;cms_articles;agreements;app_versions,N/A_STATE_MACHINE_NOT_REQUIRED,platform;domain;app_build;content,platform.brand.name;platform.brand.slogan;platform.brand.logo_media_id;platform.customer_service.name;platform.customer_service.contact;platform.base_domain;domain.www.host;domain.api.host;domain.ws.host;domain.admin.host;domain.h5.host;domain.download.host;domain.assets.host;domain.stg_api.host;domain.stg_ws.host;domain.stg_admin.host;domain.stg_h5.host;domain.stg_download.host;app.android.application_id;app.android.staging_application_id;app.android.display_name;app.android.signing.staging_profile;app.android.signing.production_profile;app.build.runner;app.build.allowed_ref_patterns;app.build.artifact_storage_scope;app.release.default_update_type;app.release.require_two_person_approval;app.build.apk_required_for_android_release;app.build.timeout_minutes;app.build.max_concurrent_jobs;app.build.artifact_retention_days;app.build.arbitrary_shell_allowed;app.build.white_label_enabled;app.android.min_sdk;app.android.target_sdk;app.android.version_code_strategy;content.limit.normal.online;content.limit.month.online;content.limit.quarter.online;content.limit.year.online;content.team_leader_per_account;content.limit.normal.pending;content.limit.normal.drafts;content.limit.normal.daily_submissions;content.limit.month.pending;content.limit.month.drafts;content.limit.month.daily_submissions;content.limit.quarter.pending;content.limit.quarter.drafts;content.limit.quarter.daily_submissions;content.limit.year.pending;content.limit.year.drafts;content.limit.year.daily_submissions;content.title.max_chars;content.summary.max_chars;content.body.max_chars;content.media.max_images.project;content.media.max_images.app;content.media.max_images.group;content.media.max_images.team_leader;content.online_edit.review_strategy;content.contact.access_audit_enabled,catalogs/ui_page_specifications.csv;docs/02-ui/page-specs/,catalogs/ui_action_matrix.csv,TST-H5_001-HAPPY;TST-H5_001-IDEMPOTENT;TST-H5_001-REJECT,releases/R28/STORIES.yaml;releases/R28/TASKS.yaml,catalogs/release_definition_of_ready.csv,开发后由CI回填,FROZEN_READY_V1.2.2
REQ-CONT-001,无状态接续,P00,P0,,N/A_NO_CLIENT_API,N/A_NO_ADMIN_API,outbox_events;inbox_messages;ledger_accounts;accounting_transactions;accounting_entries;balance_snapshots;reconciliation_runs;reconciliation_differences,N/A_STATE_MACHINE_NOT_REQUIRED,N/A_NOT_CONFIG_DRIVEN,N/A_NOT_CONFIG_DRIVEN,catalogs/ui_page_specifications.csv;docs/02-ui/page-specs/,catalogs/ui_action_matrix.csv,TST-CONT_001-HAPPY;TST-CONT_001-IDEMPOTENT;TST-CONT_001-REJECT,releases/P00/STORIES.yaml;releases/P00/TASKS.yaml,catalogs/release_definition_of_ready.csv,开发后由CI回填,FROZEN_READY_V1.2.2
REQ-DESIGN-001,统一Design System,R01,P0,,N/A_NO_CLIENT_API,N/A_NO_ADMIN_API,N/A_DOCUMENT_CONTRACT,N/A_STATE_MACHINE_NOT_REQUIRED,N/A_NOT_CONFIG_DRIVEN,N/A_NOT_CONFIG_DRIVEN,catalogs/ui_page_specifications.csv;docs/02-ui/page-specs/,catalogs/ui_action_matrix.csv,TST-DESIGN_001-HAPPY;TST-DESIGN_001-IDEMPOTENT;TST-DESIGN_001-REJECT,releases/R01/STORIES.yaml;releases/R01/TASKS.yaml,catalogs/release_definition_of_ready.csv,开发后由CI回填,FROZEN_READY_V1.2.2
REQ-MEDIA-001,媒体上传与私有访问,R04,P0,SHEET-MEDIA-001,POST /api/v1/media/upload-sessions;POST /api/v1/media/upload-sessions/{id}/complete;DELETE /api/v1/media/{id},N/A_NO_ADMIN_API,media_objects;upload_sessions;media_access_tokens,N/A_STATE_MACHINE_NOT_REQUIRED,storage;content,storage.default_provider;storage.scope.public_media.provider;storage.scope.private_kyc.provider;storage.scope.private_chat.provider;storage.scope.audit_evidence.provider;storage.scope.apk_release.provider;storage.scope.backup.provider;storage.r2.account_id;storage.r2.access_key_id;storage.r2.secret_access_key;storage.r2.endpoint;storage.r2.public_domain;storage.r2.bucket.public_media;storage.r2.bucket.private_kyc;storage.r2.bucket.private_chat;storage.r2.bucket.audit_evidence;storage.r2.bucket.apk_release;storage.r2.bucket.backup;storage.aliyun_oss.endpoint;storage.aliyun_oss.region;storage.aliyun_oss.access_key_id;storage.aliyun_oss.access_key_secret;storage.aliyun_oss.public_domain;storage.aliyun_oss.bucket.public_media;storage.aliyun_oss.bucket.private_kyc;storage.aliyun_oss.bucket.private_chat;storage.aliyun_oss.bucket.audit_evidence;storage.aliyun_oss.bucket.apk_release;storage.aliyun_oss.bucket.backup;storage.upload.max_image_mb;storage.signed_url.ttl_seconds;storage.upload.image.allowed_mime;storage.upload.image.max_mb;storage.upload.chat_image.max_mb;storage.upload.kyc_image.max_mb;storage.upload.apk.max_mb;storage.private_preview.ttl_seconds;storage.delete.delay_hours;storage.migration.batch_size;content.limit.normal.online;content.limit.month.online;content.limit.quarter.online;content.limit.year.online;content.team_leader_per_account;content.limit.normal.pending;content.limit.normal.drafts;content.limit.normal.daily_submissions;content.limit.month.pending;content.limit.month.drafts;content.limit.month.daily_submissions;content.limit.quarter.pending;content.limit.quarter.drafts;content.limit.quarter.daily_submissions;content.limit.year.pending;content.limit.year.drafts;content.limit.year.daily_submissions;content.title.max_chars;content.summary.max_chars;content.body.max_chars;content.media.max_images.project;content.media.max_images.app;content.media.max_images.group;content.media.max_images.team_leader;content.online_edit.review_strategy;content.contact.access_audit_enabled,catalogs/ui_page_specifications.csv;docs/02-ui/page-specs/,catalogs/ui_action_matrix.csv,TST-MEDIA_001-HAPPY;TST-MEDIA_001-IDEMPOTENT;TST-MEDIA_001-REJECT;TST-V122-001;TST-V122-002;TST-V122-003,releases/R04/STORIES.yaml;releases/R04/TASKS.yaml,catalogs/release_definition_of_ready.csv,开发后由CI回填,FROZEN_READY_V1.2.2
REQ-ID-002,敏感资料访问审计,R05,P0,SCR-ID-001;SCR-ID-002;SCR-ID-003;SCR-ID-004;ADM-ID-001;ADM-ID-002;ADM-AUDIT-001,POST /api/v1/identity/sessions;GET /api/v1/me;POST /api/v1/identity/sessions/{id}/liveness-token;GET /api/v1/identity/sessions/{id};POST /api/v1/identity/sessions/{id}/retry,GET /admin-api/v1/identities;GET /admin-api/v1/identities/{userId};POST /admin-api/v1/identity-sessions/{id}/review;GET /admin-api/v1/audit/logs,identity_profiles;identity_verification_sessions;identity_provider_requests;identity_review_records;sensitive_data_access_logs;users;user_profiles;user_settings;user_status_logs;admin_operation_logs,IDENTITY_STATUS,identity;storage;auth;platform,identity.active_provider;identity.provider.appcode;identity.liveness.token_url;identity.liveness.result_url;identity.face_compare.url;identity.max_daily_attempts;identity.one_id_one_account;identity.liveness.poll_interval_ms;identity.liveness.poll_timeout_seconds;identity.liveness.return_url;identity.face_compare.auto_pass_code;identity.face_compare.manual_review_code;identity.photo.preview_watermark;identity.photo.retention_days;identity.admin_preview_ttl_seconds;storage.default_provider;storage.scope.public_media.provider;storage.scope.private_kyc.provider;storage.scope.private_chat.provider;storage.scope.audit_evidence.provider;storage.scope.apk_release.provider;storage.scope.backup.provider;storage.r2.account_id;storage.r2.access_key_id;storage.r2.secret_access_key;storage.r2.endpoint;storage.r2.public_domain;storage.r2.bucket.public_media;storage.r2.bucket.private_kyc;storage.r2.bucket.private_chat;storage.r2.bucket.audit_evidence;storage.r2.bucket.apk_release;storage.r2.bucket.backup;storage.aliyun_oss.endpoint;storage.aliyun_oss.region;storage.aliyun_oss.access_key_id;storage.aliyun_oss.access_key_secret;storage.aliyun_oss.public_domain;storage.aliyun_oss.bucket.public_media;storage.aliyun_oss.bucket.private_kyc;storage.aliyun_oss.bucket.private_chat;storage.aliyun_oss.bucket.audit_evidence;storage.aliyun_oss.bucket.apk_release;storage.aliyun_oss.bucket.backup;storage.upload.max_image_mb;storage.signed_url.ttl_seconds;storage.upload.image.allowed_mime;storage.upload.image.max_mb;storage.upload.chat_image.max_mb;storage.upload.kyc_image.max_mb;storage.upload.apk.max_mb;storage.private_preview.ttl_seconds;storage.delete.delay_hours;storage.migration.batch_size;auth.default_login_method;auth.security_challenge.provider;auth.security_challenge.mode;auth.password.min_length;auth.password.max_length;auth.password.max_failures;auth.password.lock_seconds;auth.invite.app_required;auth.invite.h5_required;auth.nickname.prefix;auth.nickname.random_digits;auth.security_challenge.ttl_seconds;auth.security_challenge.max_attempts;auth.password.require_letters;auth.password.require_digits;auth.session.access_ttl_seconds;auth.session.refresh_ttl_seconds;auth.session.max_active_devices;auth.registration.daily_ip_limit;auth.registration.daily_device_limit;auth.login.daily_ip_failure_limit;platform.brand.name;platform.brand.slogan;platform.brand.logo_media_id;platform.customer_service.name;platform.customer_service.contact,catalogs/ui_page_specifications.csv;docs/02-ui/page-specs/,catalogs/ui_action_matrix.csv,TST-ID_002-HAPPY;TST-ID_002-IDEMPOTENT;TST-ID_002-REJECT;TST-ID_002-SECURITY,releases/R05/STORIES.yaml;releases/R05/TASKS.yaml,catalogs/release_definition_of_ready.csv,开发后由CI回填,FROZEN_READY_V1.2.2
REQ-HOME-001,首页CMS与统一卡片,R06,P0,SCR-HOME-001,GET /api/v1/home,N/A_NO_ADMIN_API,home_modules;banners;content_posts;content_stats,N/A_STATE_MACHINE_NOT_REQUIRED,content;operations;analytics,content.limit.normal.online;content.limit.month.online;content.limit.quarter.online;content.limit.year.online;content.team_leader_per_account;content.limit.normal.pending;content.limit.normal.drafts;content.limit.normal.daily_submissions;content.limit.month.pending;content.limit.month.drafts;content.limit.month.daily_submissions;content.limit.quarter.pending;content.limit.quarter.drafts;content.limit.quarter.daily_submissions;content.limit.year.pending;content.limit.year.drafts;content.limit.year.daily_submissions;content.title.max_chars;content.summary.max_chars;content.body.max_chars;content.media.max_images.project;content.media.max_images.app;content.media.max_images.group;content.media.max_images.team_leader;content.online_edit.review_strategy;content.contact.access_audit_enabled;ops.backup.rpo_minutes;ops.recovery.rto_minutes;ops.audit_log.retention_days;ops.security_event.retention_days;ops.alert.error_rate_percent;ops.alert.api_p95_ms;analytics.event.retention_days;analytics.traffic_types,catalogs/ui_page_specifications.csv;docs/02-ui/page-specs/,catalogs/ui_action_matrix.csv,TST-HOME_001-HAPPY;TST-HOME_001-IDEMPOTENT;TST-HOME_001-REJECT,releases/R06/STORIES.yaml;releases/R06/TASKS.yaml,catalogs/release_definition_of_ready.csv,开发后由CI回填,FROZEN_READY_V1.2.2
REQ-SEARCH-001,统一搜索与必要筛选,R07,P0,SCR-SEARCH-001;SCR-SEARCH-002;DIALOG-SEARCH-001,GET /api/v1/search/hot;GET /api/v1/search/history;GET /api/v1/search;DELETE /api/v1/search/history,N/A_NO_ADMIN_API,search_histories;hot_search_terms;content_posts,N/A_STATE_MACHINE_NOT_REQUIRED,search;content;analytics,search.default_page_size;search.hot_keywords.max_count;content.limit.normal.online;content.limit.month.online;content.limit.quarter.online;content.limit.year.online;content.team_leader_per_account;content.limit.normal.pending;content.limit.normal.drafts;content.limit.normal.daily_submissions;content.limit.month.pending;content.limit.month.drafts;content.limit.month.daily_submissions;content.limit.quarter.pending;content.limit.quarter.drafts;content.limit.quarter.daily_submissions;content.limit.year.pending;content.limit.year.drafts;content.limit.year.daily_submissions;content.title.max_chars;content.summary.max_chars;content.body.max_chars;content.media.max_images.project;content.media.max_images.app;content.media.max_images.group;content.media.max_images.team_leader;content.online_edit.review_strategy;content.contact.access_audit_enabled;analytics.event.retention_days;analytics.traffic_types,catalogs/ui_page_specifications.csv;docs/02-ui/page-specs/,catalogs/ui_action_matrix.csv,TST-SEARCH_001-HAPPY;TST-SEARCH_001-IDEMPOTENT;TST-SEARCH_001-REJECT;TST-V122-004,releases/R07/STORIES.yaml;releases/R07/TASKS.yaml,catalogs/release_definition_of_ready.csv,开发后由CI回填,FROZEN_READY_V1.2.2
REQ-PUBLISHER-001,发布者主页与联系方式保护,R07/R13,P0,SCR-PUBLISHER-001;SCR-ME-001;SCR-ME-002,GET /api/v1/publishers/{id};GET /api/v1/contents;GET /api/v1/me;GET /api/v1/me/membership;GET /api/v1/me/reward-account;PATCH /api/v1/me/profile,N/A_NO_ADMIN_API,users;user_profiles;user_settings;user_status_logs;content_posts;content_versions;content_status_logs;content_review_records;content_media;content_contacts;content_stats;content_favorites;content_view_logs;content_contact_access_logs;membership_plans;membership_skus;user_memberships;membership_entitlement_segments;membership_benefit_snapshots;membership_upgrade_quotes;reward_accounts;reward_ledger;reward_settlements;reward_freezes;accounting_entries,N/A_STATE_MACHINE_NOT_REQUIRED,content;auth;membership;withdrawal,content.limit.normal.online;content.limit.month.online;content.limit.quarter.online;content.limit.year.online;content.team_leader_per_account;content.limit.normal.pending;content.limit.normal.drafts;content.limit.normal.daily_submissions;content.limit.month.pending;content.limit.month.drafts;content.limit.month.daily_submissions;content.limit.quarter.pending;content.limit.quarter.drafts;content.limit.quarter.daily_submissions;content.limit.year.pending;content.limit.year.drafts;content.limit.year.daily_submissions;content.title.max_chars;content.summary.max_chars;content.body.max_chars;content.media.max_images.project;content.media.max_images.app;content.media.max_images.group;content.media.max_images.team_leader;content.online_edit.review_strategy;content.contact.access_audit_enabled;auth.default_login_method;auth.security_challenge.provider;auth.security_challenge.mode;auth.password.min_length;auth.password.max_length;auth.password.max_failures;auth.password.lock_seconds;auth.invite.app_required;auth.invite.h5_required;auth.nickname.prefix;auth.nickname.random_digits;auth.security_challenge.ttl_seconds;auth.security_challenge.max_attempts;auth.password.require_letters;auth.password.require_digits;auth.session.access_ttl_seconds;auth.session.refresh_ttl_seconds;auth.session.max_active_devices;auth.registration.daily_ip_limit;auth.registration.daily_device_limit;auth.login.daily_ip_failure_limit;membership.upgrade.time_precision;membership.upgrade.rounding;membership.upgrade.preserve_gift_days;membership.public_badge.text;membership.public_badge.enabled;withdrawal.min_amount_cent.normal;withdrawal.fee.fixed_cent.normal;withdrawal.fee.bps.normal;withdrawal.daily_count.normal;withdrawal.min_amount_cent.month;withdrawal.fee.fixed_cent.month;withdrawal.fee.bps.month;withdrawal.daily_count.month;withdrawal.min_amount_cent.quarter;withdrawal.fee.fixed_cent.quarter;withdrawal.fee.bps.quarter;withdrawal.daily_count.quarter;withdrawal.min_amount_cent.year;withdrawal.fee.fixed_cent.year;withdrawal.fee.bps.year;withdrawal.daily_count.year;withdrawal.max_amount_cent.normal;withdrawal.daily_total_cent.normal;withdrawal.monthly_total_cent.normal;withdrawal.monthly_free_count.normal;withdrawal.max_amount_cent.month;withdrawal.daily_total_cent.month;withdrawal.monthly_total_cent.month;withdrawal.monthly_free_count.month;withdrawal.max_amount_cent.quarter;withdrawal.daily_total_cent.quarter;withdrawal.monthly_total_cent.quarter;withdrawal.monthly_free_count.quarter;withdrawal.max_amount_cent.year;withdrawal.daily_total_cent.year;withdrawal.monthly_total_cent.year;withdrawal.monthly_free_count.year;withdrawal.account_change_cooldown_hours;withdrawal.new_device_wait_hours;withdrawal.auto_review_threshold_cent;withdrawal.open_time_windows,catalogs/ui_page_specifications.csv;docs/02-ui/page-specs/,catalogs/ui_action_matrix.csv,TST-PUBLISHER_001-HAPPY;TST-PUBLISHER_001-IDEMPOTENT;TST-PUBLISHER_001-REJECT,releases/R07/STORIES.yaml;releases/R07/TASKS.yaml;releases/R13/STORIES.yaml;releases/R13/TASKS.yaml,catalogs/release_definition_of_ready.csv,开发后由CI回填,FROZEN_READY_V1.2.2
REQ-PROJECT-001,项目推广完整闭环,R08,P0,SCR-LIST-001;SCR-DETAIL-001;SCR-PUB-002;H5-004,GET /api/v1/contents;GET /api/v1/contents/{id};POST /api/v1/contents/{id}/contacts/{channel}/access;POST /api/v1/conversations/direct;POST /api/v1/contents/{id}/favorite;POST /api/v1/contents/{id}/share;POST /api/v1/contents;PATCH /api/v1/contents/{id};GET /public-api/v1/share/contents/{id},N/A_NO_ADMIN_API,content_posts;content_versions;content_status_logs;content_review_records;content_media;content_contacts;content_stats;content_favorites;content_view_logs;content_contact_access_logs;conversations;conversation_members;chat_messages;chat_read_receipts;user_blocks;chat_reports;h5_page_configs;cms_articles;agreements;app_versions,N/A_STATE_MACHINE_NOT_REQUIRED,content;chat;platform,content.limit.normal.online;content.limit.month.online;content.limit.quarter.online;content.limit.year.online;content.team_leader_per_account;content.limit.normal.pending;content.limit.normal.drafts;content.limit.normal.daily_submissions;content.limit.month.pending;content.limit.month.drafts;content.limit.month.daily_submissions;content.limit.quarter.pending;content.limit.quarter.drafts;content.limit.quarter.daily_submissions;content.limit.year.pending;content.limit.year.drafts;content.limit.year.daily_submissions;content.title.max_chars;content.summary.max_chars;content.body.max_chars;content.media.max_images.project;content.media.max_images.app;content.media.max_images.group;content.media.max_images.team_leader;content.online_edit.review_strategy;content.contact.access_audit_enabled;chat.stranger.daily_conversation_limit;chat.message.per_minute_limit;chat.image.max_mb;chat.history.retention_days;platform.brand.name;platform.brand.slogan;platform.brand.logo_media_id;platform.customer_service.name;platform.customer_service.contact,catalogs/ui_page_specifications.csv;docs/02-ui/page-specs/,catalogs/ui_action_matrix.csv,TST-PROJECT_001-HAPPY;TST-PROJECT_001-IDEMPOTENT;TST-PROJECT_001-REJECT,releases/R08/STORIES.yaml;releases/R08/TASKS.yaml,catalogs/release_definition_of_ready.csv,开发后由CI回填,FROZEN_READY_V1.2.2
REQ-APP-PROMO-001,App推广完整闭环,R09,P0,SCR-LIST-002;SCR-DETAIL-002;SCR-PUB-003;H5-005,GET /api/v1/contents;GET /api/v1/contents/{id};POST /api/v1/contents/{id}/contacts/{channel}/access;POST /api/v1/conversations/direct;POST /api/v1/contents/{id}/favorite;POST /api/v1/contents/{id}/share;POST /api/v1/contents;PATCH /api/v1/contents/{id};GET /public-api/v1/share/contents/{id},N/A_NO_ADMIN_API,content_posts;content_versions;content_status_logs;content_review_records;content_media;content_contacts;content_stats;content_favorites;content_view_logs;content_contact_access_logs;conversations;conversation_members;chat_messages;chat_read_receipts;user_blocks;chat_reports;h5_page_configs;cms_articles;agreements;app_versions,N/A_STATE_MACHINE_NOT_REQUIRED,content;chat;platform,content.limit.normal.online;content.limit.month.online;content.limit.quarter.online;content.limit.year.online;content.team_leader_per_account;content.limit.normal.pending;content.limit.normal.drafts;content.limit.normal.daily_submissions;content.limit.month.pending;content.limit.month.drafts;content.limit.month.daily_submissions;content.limit.quarter.pending;content.limit.quarter.drafts;content.limit.quarter.daily_submissions;content.limit.year.pending;content.limit.year.drafts;content.limit.year.daily_submissions;content.title.max_chars;content.summary.max_chars;content.body.max_chars;content.media.max_images.project;content.media.max_images.app;content.media.max_images.group;content.media.max_images.team_leader;content.online_edit.review_strategy;content.contact.access_audit_enabled;chat.stranger.daily_conversation_limit;chat.message.per_minute_limit;chat.image.max_mb;chat.history.retention_days;platform.brand.name;platform.brand.slogan;platform.brand.logo_media_id;platform.customer_service.name;platform.customer_service.contact,catalogs/ui_page_specifications.csv;docs/02-ui/page-specs/,catalogs/ui_action_matrix.csv,TST-APP_PROMO_001-HAPPY;TST-APP_PROMO_001-IDEMPOTENT;TST-APP_PROMO_001-REJECT,releases/R09/STORIES.yaml;releases/R09/TASKS.yaml,catalogs/release_definition_of_ready.csv,开发后由CI回填,FROZEN_READY_V1.2.2
REQ-GROUP-001,群聊推广完整闭环,R10,P0,SCR-LIST-003;SCR-DETAIL-003;SCR-PUB-004;H5-006,GET /api/v1/contents;GET /api/v1/contents/{id};POST /api/v1/contents/{id}/contacts/{channel}/access;POST /api/v1/conversations/direct;POST /api/v1/contents/{id}/favorite;POST /api/v1/contents/{id}/share;POST /api/v1/contents;PATCH /api/v1/contents/{id};GET /public-api/v1/share/contents/{id},N/A_NO_ADMIN_API,content_posts;content_versions;content_status_logs;content_review_records;content_media;content_contacts;content_stats;content_favorites;content_view_logs;content_contact_access_logs;conversations;conversation_members;chat_messages;chat_read_receipts;user_blocks;chat_reports;h5_page_configs;cms_articles;agreements;app_versions,N/A_STATE_MACHINE_NOT_REQUIRED,content;chat;platform,content.limit.normal.online;content.limit.month.online;content.limit.quarter.online;content.limit.year.online;content.team_leader_per_account;content.limit.normal.pending;content.limit.normal.drafts;content.limit.normal.daily_submissions;content.limit.month.pending;content.limit.month.drafts;content.limit.month.daily_submissions;content.limit.quarter.pending;content.limit.quarter.drafts;content.limit.quarter.daily_submissions;content.limit.year.pending;content.limit.year.drafts;content.limit.year.daily_submissions;content.title.max_chars;content.summary.max_chars;content.body.max_chars;content.media.max_images.project;content.media.max_images.app;content.media.max_images.group;content.media.max_images.team_leader;content.online_edit.review_strategy;content.contact.access_audit_enabled;chat.stranger.daily_conversation_limit;chat.message.per_minute_limit;chat.image.max_mb;chat.history.retention_days;platform.brand.name;platform.brand.slogan;platform.brand.logo_media_id;platform.customer_service.name;platform.customer_service.contact,catalogs/ui_page_specifications.csv;docs/02-ui/page-specs/,catalogs/ui_action_matrix.csv,TST-GROUP_001-HAPPY;TST-GROUP_001-IDEMPOTENT;TST-GROUP_001-REJECT,releases/R10/STORIES.yaml;releases/R10/TASKS.yaml,catalogs/release_definition_of_ready.csv,开发后由CI回填,FROZEN_READY_V1.2.2
REQ-PUBLISH-001,统一发布与额度管理,R12,P0,SCR-PUB-001;SCR-PUB-002;SCR-PUB-003;SCR-PUB-004;SCR-PUB-005;SCR-PUB-006;SCR-PUB-007;SCR-MYC-001;SCR-MYC-002;SCR-MYC-003;SCR-MYC-004;SCR-MYC-005;ADM-CONTENT-001;ADM-CONTENT-002;ADM-CONTENT-003;ADM-REVIEW-001,GET /api/v1/me;GET /api/v1/me/contents;POST /api/v1/contents;PATCH /api/v1/contents/{id};GET /api/v1/contents/{id};POST /api/v1/contents/{id}/submit;POST /api/v1/contents/{id}/online;POST /api/v1/contents/{id}/offline;GET /api/v1/me/drafts;DELETE /api/v1/contents/{id};POST /api/v1/contents/{id}/copy;GET /api/v1/contents/{id}/analytics;GET /api/v1/contents/{id}/reviews,GET /admin-api/v1/contents;GET /admin-api/v1/contents/{id};GET /admin-api/v1/content-dictionaries;POST /admin-api/v1/contents/{id}/online;POST /admin-api/v1/contents/{id}/offline;POST /admin-api/v1/contents/{id}/ban;POST /admin-api/v1/contents/{id}/recommend;POST /admin-api/v1/contents/{id}/official-mark;GET /admin-api/v1/reviews/queue;GET /admin-api/v1/reviews/{id};GET /admin-api/v1/content-reports;GET /admin-api/v1/appeals,users;user_profiles;user_settings;user_status_logs;content_posts;content_versions;content_status_logs;content_review_records;content_media;content_contacts;content_stats;content_favorites;content_view_logs;content_contact_access_logs;identity_review_records;manual_review_cases;content_reports;chat_reports;content_appeals,N/A_STATE_MACHINE_NOT_REQUIRED,content;storage;auth;platform,content.limit.normal.online;content.limit.month.online;content.limit.quarter.online;content.limit.year.online;content.team_leader_per_account;content.limit.normal.pending;content.limit.normal.drafts;content.limit.normal.daily_submissions;content.limit.month.pending;content.limit.month.drafts;content.limit.month.daily_submissions;content.limit.quarter.pending;content.limit.quarter.drafts;content.limit.quarter.daily_submissions;content.limit.year.pending;content.limit.year.drafts;content.limit.year.daily_submissions;content.title.max_chars;content.summary.max_chars;content.body.max_chars;content.media.max_images.project;content.media.max_images.app;content.media.max_images.group;content.media.max_images.team_leader;content.online_edit.review_strategy;content.contact.access_audit_enabled;storage.default_provider;storage.scope.public_media.provider;storage.scope.private_kyc.provider;storage.scope.private_chat.provider;storage.scope.audit_evidence.provider;storage.scope.apk_release.provider;storage.scope.backup.provider;storage.r2.account_id;storage.r2.access_key_id;storage.r2.secret_access_key;storage.r2.endpoint;storage.r2.public_domain;storage.r2.bucket.public_media;storage.r2.bucket.private_kyc;storage.r2.bucket.private_chat;storage.r2.bucket.audit_evidence;storage.r2.bucket.apk_release;storage.r2.bucket.backup;storage.aliyun_oss.endpoint;storage.aliyun_oss.region;storage.aliyun_oss.access_key_id;storage.aliyun_oss.access_key_secret;storage.aliyun_oss.public_domain;storage.aliyun_oss.bucket.public_media;storage.aliyun_oss.bucket.private_kyc;storage.aliyun_oss.bucket.private_chat;storage.aliyun_oss.bucket.audit_evidence;storage.aliyun_oss.bucket.apk_release;storage.aliyun_oss.bucket.backup;storage.upload.max_image_mb;storage.signed_url.ttl_seconds;storage.upload.image.allowed_mime;storage.upload.image.max_mb;storage.upload.chat_image.max_mb;storage.upload.kyc_image.max_mb;storage.upload.apk.max_mb;storage.private_preview.ttl_seconds;storage.delete.delay_hours;storage.migration.batch_size;auth.default_login_method;auth.security_challenge.provider;auth.security_challenge.mode;auth.password.min_length;auth.password.max_length;auth.password.max_failures;auth.password.lock_seconds;auth.invite.app_required;auth.invite.h5_required;auth.nickname.prefix;auth.nickname.random_digits;auth.security_challenge.ttl_seconds;auth.security_challenge.max_attempts;auth.password.require_letters;auth.password.require_digits;auth.session.access_ttl_seconds;auth.session.refresh_ttl_seconds;auth.session.max_active_devices;auth.registration.daily_ip_limit;auth.registration.daily_device_limit;auth.login.daily_ip_failure_limit;platform.brand.name;platform.brand.slogan;platform.brand.logo_media_id;platform.customer_service.name;platform.customer_service.contact,catalogs/ui_page_specifications.csv;docs/02-ui/page-specs/,catalogs/ui_action_matrix.csv,TST-PUBLISH_001-HAPPY;TST-PUBLISH_001-IDEMPOTENT;TST-PUBLISH_001-REJECT,releases/R12/STORIES.yaml;releases/R12/TASKS.yaml,catalogs/release_definition_of_ready.csv,开发后由CI回填,FROZEN_READY_V1.2.2
REQ-ACTIVITY-001,收藏历史分享与获取联系审计,R13,P0,SHEET-CONTACT-001;SHEET-SHARE-001;SCR-FAV-001;SCR-HIS-001;SHEET-CONTENT-INVALID-001,POST /api/v1/contents/{id}/contacts/{channel}/access;POST /api/v1/contents/{id}/share;GET /api/v1/me/favorites;DELETE /api/v1/contents/{id}/favorite;GET /api/v1/me/history;POST /api/v1/contents/{id}/invalid-feedback,N/A_NO_ADMIN_API,content_posts;content_versions;content_status_logs;content_review_records;content_media;content_contacts;content_stats;content_favorites;content_view_logs;content_contact_access_logs,N/A_STATE_MACHINE_NOT_REQUIRED,content;analytics;storage,content.limit.normal.online;content.limit.month.online;content.limit.quarter.online;content.limit.year.online;content.team_leader_per_account;content.limit.normal.pending;content.limit.normal.drafts;content.limit.normal.daily_submissions;content.limit.month.pending;content.limit.month.drafts;content.limit.month.daily_submissions;content.limit.quarter.pending;content.limit.quarter.drafts;content.limit.quarter.daily_submissions;content.limit.year.pending;content.limit.year.drafts;content.limit.year.daily_submissions;content.title.max_chars;content.summary.max_chars;content.body.max_chars;content.media.max_images.project;content.media.max_images.app;content.media.max_images.group;content.media.max_images.team_leader;content.online_edit.review_strategy;content.contact.access_audit_enabled;analytics.event.retention_days;analytics.traffic_types;storage.default_provider;storage.scope.public_media.provider;storage.scope.private_kyc.provider;storage.scope.private_chat.provider;storage.scope.audit_evidence.provider;storage.scope.apk_release.provider;storage.scope.backup.provider;storage.r2.account_id;storage.r2.access_key_id;storage.r2.secret_access_key;storage.r2.endpoint;storage.r2.public_domain;storage.r2.bucket.public_media;storage.r2.bucket.private_kyc;storage.r2.bucket.private_chat;storage.r2.bucket.audit_evidence;storage.r2.bucket.apk_release;storage.r2.bucket.backup;storage.aliyun_oss.endpoint;storage.aliyun_oss.region;storage.aliyun_oss.access_key_id;storage.aliyun_oss.access_key_secret;storage.aliyun_oss.public_domain;storage.aliyun_oss.bucket.public_media;storage.aliyun_oss.bucket.private_kyc;storage.aliyun_oss.bucket.private_chat;storage.aliyun_oss.bucket.audit_evidence;storage.aliyun_oss.bucket.apk_release;storage.aliyun_oss.bucket.backup;storage.upload.max_image_mb;storage.signed_url.ttl_seconds;storage.upload.image.allowed_mime;storage.upload.image.max_mb;storage.upload.chat_image.max_mb;storage.upload.kyc_image.max_mb;storage.upload.apk.max_mb;storage.private_preview.ttl_seconds;storage.delete.delay_hours;storage.migration.batch_size,catalogs/ui_page_specifications.csv;docs/02-ui/page-specs/,catalogs/ui_action_matrix.csv,TST-ACTIVITY_001-HAPPY;TST-ACTIVITY_001-IDEMPOTENT;TST-ACTIVITY_001-REJECT;TST-V122-005,releases/R13/STORIES.yaml;releases/R13/TASKS.yaml,catalogs/release_definition_of_ready.csv,开发后由CI回填,FROZEN_READY_V1.2.2
REQ-CHAT-002,消息可靠性与防骚扰,R14/R15,P1,SCR-CHAT-001;SCR-CHAT-002;SHEET-CHAT-001;SHEET-CHAT-002;ADM-CHAT-001;DIALOG-CHAT-DELETE-001;DIALOG-CHAT-BLOCK-001,GET /api/v1/conversations;GET /api/v1/conversations/{id}/messages;POST /api/v1/conversations/{id}/messages;POST /api/v1/conversations/{id}/read;POST /api/v1/conversations/{id}/report;DELETE /api/v1/conversations/{id};POST /api/v1/users/{id}/block;DELETE /api/v1/users/{id}/block,GET /admin-api/v1/chat-reports;POST /admin-api/v1/chat-reports/{id}/decide,conversations;conversation_members;chat_messages;chat_read_receipts;user_blocks;chat_reports,CONTENT_STATUS,chat;notification,chat.stranger.daily_conversation_limit;chat.message.per_minute_limit;chat.image.max_mb;chat.history.retention_days;notification.marketing.default_enabled;notification.quiet_hours.start;notification.quiet_hours.end,catalogs/ui_page_specifications.csv;docs/02-ui/page-specs/,catalogs/ui_action_matrix.csv,TST-CHAT_002-HAPPY;TST-CHAT_002-IDEMPOTENT;TST-CHAT_002-REJECT;TST-V122-006;TST-V122-007;TST-V122-008,releases/R14/STORIES.yaml;releases/R14/TASKS.yaml;releases/R15/STORIES.yaml;releases/R15/TASKS.yaml,catalogs/release_definition_of_ready.csv,开发后由CI回填,FROZEN_READY_V1.2.2
REQ-NOTIFY-001,通知公告与业务跳转,R15,P1,SCR-MSG-001;SCR-NOTICE-001;SCR-NOTICE-002;SCR-ANN-001;SCR-ANN-002;SCR-SET-001;ADM-NOTIFY-001;ADM-NOTIFY-002,GET /api/v1/conversations;GET /api/v1/notifications;GET /api/v1/announcements;POST /api/v1/notifications/read-all;POST /api/v1/notifications/{id}/read;GET /api/v1/announcements/{id};POST /api/v1/auth/logout;PATCH /api/v1/me/profile,GET /admin-api/v1/notification-templates;POST /admin-api/v1/notification-templates;PATCH /admin-api/v1/notification-templates/{id};GET /admin-api/v1/notification-deliveries;POST /admin-api/v1/notification-deliveries/{id}/retry,conversations;conversation_members;chat_messages;chat_read_receipts;user_blocks;chat_reports;notifications;notification_deliveries;announcements;announcement_reads;users;user_credentials;auth_security_challenges;user_sessions;user_devices;sms_verification_codes;login_logs;user_profiles;user_settings;user_status_logs,N/A_STATE_MACHINE_NOT_REQUIRED,notification;chat;auth;operations;platform,notification.marketing.default_enabled;notification.quiet_hours.start;notification.quiet_hours.end;chat.stranger.daily_conversation_limit;chat.message.per_minute_limit;chat.image.max_mb;chat.history.retention_days;auth.default_login_method;auth.security_challenge.provider;auth.security_challenge.mode;auth.password.min_length;auth.password.max_length;auth.password.max_failures;auth.password.lock_seconds;auth.invite.app_required;auth.invite.h5_required;auth.nickname.prefix;auth.nickname.random_digits;auth.security_challenge.ttl_seconds;auth.security_challenge.max_attempts;auth.password.require_letters;auth.password.require_digits;auth.session.access_ttl_seconds;auth.session.refresh_ttl_seconds;auth.session.max_active_devices;auth.registration.daily_ip_limit;auth.registration.daily_device_limit;auth.login.daily_ip_failure_limit;ops.backup.rpo_minutes;ops.recovery.rto_minutes;ops.audit_log.retention_days;ops.security_event.retention_days;ops.alert.error_rate_percent;ops.alert.api_p95_ms;platform.brand.name;platform.brand.slogan;platform.brand.logo_media_id;platform.customer_service.name;platform.customer_service.contact,catalogs/ui_page_specifications.csv;docs/02-ui/page-specs/,catalogs/ui_action_matrix.csv,TST-NOTIFY_001-HAPPY;TST-NOTIFY_001-IDEMPOTENT;TST-NOTIFY_001-REJECT,releases/R15/STORIES.yaml;releases/R15/TASKS.yaml,catalogs/release_definition_of_ready.csv,开发后由CI回填,FROZEN_READY_V1.2.2
REQ-SUPPORT-001,客服工单与纠纷处理,R15,P1,SHEET-REPORT-001;SCR-SUPPORT-001;SCR-SUPPORT-002;SCR-SUPPORT-003;SCR-SUPPORT-004;H5-011;ADM-SUPPORT-001;SCR-SUPPORT-005;ADM-REPORT-001;ADM-APPEAL-001;ADM-SUPPORT-002,POST /api/v1/contents/{id}/report;GET /api/v1/help/articles;POST /api/v1/support/tickets;GET /api/v1/support/tickets;GET /api/v1/support/tickets/{id};POST /api/v1/support/tickets/{id}/messages;GET /public-api/v1/help/articles/{id};GET /api/v1/help/articles/{id},GET /admin-api/v1/support/tickets;GET /admin-api/v1/support/tickets/{id};POST /admin-api/v1/content-reports/{id}/decide;POST /admin-api/v1/appeals/{id}/decide;POST /admin-api/v1/support/tickets/{id}/assign;POST /admin-api/v1/support/tickets/{id}/messages;POST /admin-api/v1/support/tickets/{id}/close,content_posts;content_versions;content_status_logs;content_review_records;content_media;content_contacts;content_stats;content_favorites;content_view_logs;content_contact_access_logs;support_tickets;ticket_messages;ticket_attachments;ticket_status_logs;h5_page_configs;cms_articles;agreements;app_versions,N/A_STATE_MACHINE_NOT_REQUIRED,operations;notification;content;system;platform;storage;chat,ops.backup.rpo_minutes;ops.recovery.rto_minutes;ops.audit_log.retention_days;ops.security_event.retention_days;ops.alert.error_rate_percent;ops.alert.api_p95_ms;notification.marketing.default_enabled;notification.quiet_hours.start;notification.quiet_hours.end;content.limit.normal.online;content.limit.month.online;content.limit.quarter.online;content.limit.year.online;content.team_leader_per_account;content.limit.normal.pending;content.limit.normal.drafts;content.limit.normal.daily_submissions;content.limit.month.pending;content.limit.month.drafts;content.limit.month.daily_submissions;content.limit.quarter.pending;content.limit.quarter.drafts;content.limit.quarter.daily_submissions;content.limit.year.pending;content.limit.year.drafts;content.limit.year.daily_submissions;content.title.max_chars;content.summary.max_chars;content.body.max_chars;content.media.max_images.project;content.media.max_images.app;content.media.max_images.group;content.media.max_images.team_leader;content.online_edit.review_strategy;content.contact.access_audit_enabled;system.maintenance.enabled;system.maintenance.message;system.registration.enabled;system.publish.enabled;system.red_packet.enabled;system.withdrawal.enabled;platform.brand.name;platform.brand.slogan;platform.brand.logo_media_id;platform.customer_service.name;platform.customer_service.contact;storage.default_provider;storage.scope.public_media.provider;storage.scope.private_kyc.provider;storage.scope.private_chat.provider;storage.scope.audit_evidence.provider;storage.scope.apk_release.provider;storage.scope.backup.provider;storage.r2.account_id;storage.r2.access_key_id;storage.r2.secret_access_key;storage.r2.endpoint;storage.r2.public_domain;storage.r2.bucket.public_media;storage.r2.bucket.private_kyc;storage.r2.bucket.private_chat;storage.r2.bucket.audit_evidence;storage.r2.bucket.apk_release;storage.r2.bucket.backup;storage.aliyun_oss.endpoint;storage.aliyun_oss.region;storage.aliyun_oss.access_key_id;storage.aliyun_oss.access_key_secret;storage.aliyun_oss.public_domain;storage.aliyun_oss.bucket.public_media;storage.aliyun_oss.bucket.private_kyc;storage.aliyun_oss.bucket.private_chat;storage.aliyun_oss.bucket.audit_evidence;storage.aliyun_oss.bucket.apk_release;storage.aliyun_oss.bucket.backup;storage.upload.max_image_mb;storage.signed_url.ttl_seconds;storage.upload.image.allowed_mime;storage.upload.image.max_mb;storage.upload.chat_image.max_mb;storage.upload.kyc_image.max_mb;storage.upload.apk.max_mb;storage.private_preview.ttl_seconds;storage.delete.delay_hours;storage.migration.batch_size;chat.stranger.daily_conversation_limit;chat.message.per_minute_limit;chat.image.max_mb;chat.history.retention_days,catalogs/ui_page_specifications.csv;docs/02-ui/page-specs/,catalogs/ui_action_matrix.csv,TST-SUPPORT_001-HAPPY;TST-SUPPORT_001-IDEMPOTENT;TST-SUPPORT_001-REJECT;TST-V122-010;TST-V122-020;TST-V122-021;TST-V122-023;TST-V122-024;TST-V122-025,releases/R15/STORIES.yaml;releases/R15/TASKS.yaml,catalogs/release_definition_of_ready.csv,开发后由CI回填,FROZEN_READY_V1.2.2
REQ-PRODUCT-001,商品SKU与权益快照,R16,P0,ADM-PROD-001,N/A_NO_CLIENT_API,GET /admin-api/v1/products;POST /admin-api/v1/products;PATCH /admin-api/v1/products/{id};GET /admin-api/v1/skus;POST /admin-api/v1/skus;PATCH /admin-api/v1/skus/{id},products;product_skus;sku_commission_policies,ORDER_STATUS,membership;props;payment;platform,membership.upgrade.time_precision;membership.upgrade.rounding;membership.upgrade.preserve_gift_days;membership.public_badge.text;membership.public_badge.enabled;props.top_duration_seconds;props.headline_duration_seconds;props.color_duration_seconds;props.refresh_cooldown_seconds;props.same_type.stack_duration;props.same_page.deduplicate_content;props.refresh.daily_limit.normal;props.refresh.daily_limit.month;props.refresh.daily_limit.quarter;props.refresh.daily_limit.year;props.max_stack_days;payment.active_gateway;payment.caihong.base_url;payment.caihong.merchant_id;payment.caihong.merchant_key;payment.caihong.sign_type;payment.caihong.enabled_channels;payment.notify_url;payment.return_url;payment.order_timeout_seconds;payment.query.max_attempts;payment.query.interval_seconds;payment.callback.ip_whitelist_enabled;payment.webview.allowed_hosts;payment.webview.allowed_schemes;payment.channel.reversal_auto_freeze;platform.brand.name;platform.brand.slogan;platform.brand.logo_media_id;platform.customer_service.name;platform.customer_service.contact,catalogs/ui_page_specifications.csv;docs/02-ui/page-specs/,catalogs/ui_action_matrix.csv,TST-PRODUCT_001-HAPPY;TST-PRODUCT_001-IDEMPOTENT;TST-PRODUCT_001-REJECT,releases/R16/STORIES.yaml;releases/R16/TASKS.yaml,catalogs/release_definition_of_ready.csv,开发后由CI回填,FROZEN_READY_V1.2.2
REQ-ORDER-001,统一报价订单与不退款确认,R16,P0,SCR-ORDER-001;SCR-ORDER-002;ADM-ORDER-001,GET /api/v1/me/orders;GET /api/v1/me/orders/{orderNo},GET /admin-api/v1/orders;GET /admin-api/v1/orders/{orderNo},orders;order_items;order_price_snapshots;system_configs,ORDER_STATUS,payment;platform,payment.active_gateway;payment.caihong.base_url;payment.caihong.merchant_id;payment.caihong.merchant_key;payment.caihong.sign_type;payment.caihong.enabled_channels;payment.notify_url;payment.return_url;payment.order_timeout_seconds;payment.query.max_attempts;payment.query.interval_seconds;payment.callback.ip_whitelist_enabled;payment.webview.allowed_hosts;payment.webview.allowed_schemes;payment.channel.reversal_auto_freeze;platform.brand.name;platform.brand.slogan;platform.brand.logo_media_id;platform.customer_service.name;platform.customer_service.contact,catalogs/ui_page_specifications.csv;docs/02-ui/page-specs/,catalogs/ui_action_matrix.csv,TST-ORDER_001-HAPPY;TST-ORDER_001-IDEMPOTENT;TST-ORDER_001-REJECT,releases/R16/STORIES.yaml;releases/R16/TASKS.yaml,catalogs/release_definition_of_ready.csv,开发后由CI回填,FROZEN_READY_V1.2.2
REQ-PAY-002,支付适配与服务端入账,R17,P0,H5-008;H5-009;ADM-PAY-001;ADM-RECON-001,GET /api/v1/orders/{orderNo}/cashier;POST /api/v1/orders/{orderNo}/payments;GET /api/v1/orders/{orderNo}/payment-status,GET /admin-api/v1/payments;GET /admin-api/v1/payment-callbacks;POST /admin-api/v1/payments/{id}/query;GET /admin-api/v1/payment-exceptions;POST /admin-api/v1/payment-exceptions/{id}/resolve;POST /admin-api/v1/payment-reconciliation/run,orders;payment_transactions;payment_callbacks;payment_exception_orders;payment_reconciliation_records;accounting_transactions;accounting_entries,ORDER_STATUS,payment;platform,payment.active_gateway;payment.caihong.base_url;payment.caihong.merchant_id;payment.caihong.merchant_key;payment.caihong.sign_type;payment.caihong.enabled_channels;payment.notify_url;payment.return_url;payment.order_timeout_seconds;payment.query.max_attempts;payment.query.interval_seconds;payment.callback.ip_whitelist_enabled;payment.webview.allowed_hosts;payment.webview.allowed_schemes;payment.channel.reversal_auto_freeze;platform.brand.name;platform.brand.slogan;platform.brand.logo_media_id;platform.customer_service.name;platform.customer_service.contact,catalogs/ui_page_specifications.csv;docs/02-ui/page-specs/,catalogs/ui_action_matrix.csv,TST-PAY_002-CONCURRENCY;TST-PAY_002-HAPPY;TST-PAY_002-IDEMPOTENT;TST-PAY_002-RECOVERY;TST-PAY_002-REJECT,releases/R17/STORIES.yaml;releases/R17/TASKS.yaml,catalogs/release_definition_of_ready.csv,开发后由CI回填,FROZEN_READY_V1.2.2
REQ-MEMBER-003,会员权益快照与公开标识,R18,P1,SCR-MEMBER-001;SCR-MEMBER-002;SCR-MEMBER-003;SCR-MEMBER-004;ADM-MEMBER-001;ADM-MEMBER-002,GET /api/v1/membership/skus;GET /api/v1/me/membership;POST /api/v1/membership/orders;POST /api/v1/membership/upgrade-quotes;POST /api/v1/membership/upgrade-orders,GET /admin-api/v1/membership/skus;PATCH /admin-api/v1/membership/skus/{id};PUT /admin-api/v1/membership/skus/{id}/benefits;GET /admin-api/v1/user-memberships;POST /admin-api/v1/user-memberships/grants,membership_plans;membership_skus;user_memberships;membership_entitlement_segments;membership_benefit_snapshots;membership_upgrade_quotes,ORDER_STATUS,membership;payment,membership.upgrade.time_precision;membership.upgrade.rounding;membership.upgrade.preserve_gift_days;membership.public_badge.text;membership.public_badge.enabled;payment.active_gateway;payment.caihong.base_url;payment.caihong.merchant_id;payment.caihong.merchant_key;payment.caihong.sign_type;payment.caihong.enabled_channels;payment.notify_url;payment.return_url;payment.order_timeout_seconds;payment.query.max_attempts;payment.query.interval_seconds;payment.callback.ip_whitelist_enabled;payment.webview.allowed_hosts;payment.webview.allowed_schemes;payment.channel.reversal_auto_freeze,catalogs/ui_page_specifications.csv;docs/02-ui/page-specs/,catalogs/ui_action_matrix.csv,TST-MEMBER_003-HAPPY;TST-MEMBER_003-IDEMPOTENT;TST-MEMBER_003-REJECT,releases/R18/STORIES.yaml;releases/R18/TASKS.yaml,catalogs/release_definition_of_ready.csv,开发后由CI回填,FROZEN_READY_V1.2.2
REQ-PROP-002,曝光层级和道具执行,R19,P1,SCR-PROP-001;SCR-PROP-002;SCR-PROP-003;ADM-PROP-001;ADM-PROP-002;ADM-PROP-003,GET /api/v1/props/store;POST /api/v1/props/orders;GET /api/v1/me/props;POST /api/v1/me/props/{id}/use,GET /admin-api/v1/props;PATCH /admin-api/v1/props/{id};GET /admin-api/v1/headline-slots;POST /admin-api/v1/headline-slots;GET /admin-api/v1/prop-executions,prop_products;prop_skus;user_props;content_exposure_entitlements;content_refresh_records;headline_slot_bookings;prop_execution_logs;system_configs,ORDER_STATUS,props;payment,props.top_duration_seconds;props.headline_duration_seconds;props.color_duration_seconds;props.refresh_cooldown_seconds;props.same_type.stack_duration;props.same_page.deduplicate_content;props.refresh.daily_limit.normal;props.refresh.daily_limit.month;props.refresh.daily_limit.quarter;props.refresh.daily_limit.year;props.max_stack_days;payment.active_gateway;payment.caihong.base_url;payment.caihong.merchant_id;payment.caihong.merchant_key;payment.caihong.sign_type;payment.caihong.enabled_channels;payment.notify_url;payment.return_url;payment.order_timeout_seconds;payment.query.max_attempts;payment.query.interval_seconds;payment.callback.ip_whitelist_enabled;payment.webview.allowed_hosts;payment.webview.allowed_schemes;payment.channel.reversal_auto_freeze,catalogs/ui_page_specifications.csv;docs/02-ui/page-specs/,catalogs/ui_action_matrix.csv,TST-PROP_002-HAPPY;TST-PROP_002-IDEMPOTENT;TST-PROP_002-REJECT,releases/R19/STORIES.yaml;releases/R19/TASKS.yaml,catalogs/release_definition_of_ready.csv,开发后由CI回填,FROZEN_READY_V1.2.2
REQ-RP-004,红包预审核与永久活动,R20,P1,SCR-RP-ADV-001;SCR-RP-ADV-002;SCR-RP-ADV-003;SCR-RP-ADV-004;SCR-RP-ADV-005;SCR-RP-ADV-006;ADM-RP-001;ADM-RP-002;ADM-RP-003;ADM-RP-004,GET /api/v1/me/red-packet-campaigns;POST /api/v1/red-packet-campaigns;GET /api/v1/red-packet-campaigns/{id};POST /api/v1/red-packet-campaigns/{id}/submit-review;POST /api/v1/red-packet-campaigns/{id}/quote;POST /api/v1/red-packet-campaigns/{id}/orders;GET /api/v1/me/red-packet-campaigns/{id}/analytics;POST /api/v1/red-packet-campaigns/{id}/pause;POST /api/v1/red-packet-campaigns/{id}/resume;POST /api/v1/red-packet-campaigns/{id}/close;POST /api/v1/red-packet-campaigns/{id}/increase-quotes;POST /api/v1/red-packet-campaigns/{id}/increase-orders,GET /admin-api/v1/red-packet-campaigns;GET /admin-api/v1/red-packet-campaigns/{id};GET /admin-api/v1/red-packet-campaigns/{id}/sessions;GET /admin-api/v1/red-packet-campaigns/{id}/claims;GET /admin-api/v1/red-packet-campaigns/{id}/ledger;POST /admin-api/v1/red-packet-campaigns/{id}/review;POST /admin-api/v1/red-packet-campaigns/{id}/pause;POST /admin-api/v1/red-packet-campaigns/{id}/resume;POST /admin-api/v1/red-packet-campaigns/{id}/terminate,red_packet_campaigns;red_packet_campaign_versions;red_packet_quotes;red_packet_orders;red_packet_stock;red_packet_view_sessions;red_packet_reservations;red_packet_claims;red_packet_ledger;reward_ledger;outbox_events,RED_PACKET_STATUS,red_packet;payment,red_packet.default_view_seconds;red_packet.reservation_min_seconds;red_packet.unit_amount_min_cent;red_packet.unit_amount_max_cent;red_packet.min_count;red_packet.service_fee_bps;red_packet.one_active_per_content;red_packet.allow_raise_unit_amount;red_packet.allow_refund;red_packet.view_seconds.min;red_packet.view_seconds.max;red_packet.reservation_extra_seconds;red_packet.reservation_max_seconds;red_packet.max_count;red_packet.claim_per_user;red_packet.heartbeat_interval_seconds;red_packet.session_timeout_seconds;red_packet.settlement_delay_hours;red_packet.pause_max_days;red_packet.owner_close_allowed;red_packet.member_fee_discount_bps.normal;red_packet.member_fee_discount_bps.month;red_packet.member_fee_discount_bps.quarter;red_packet.member_fee_discount_bps.year;red_packet.min_service_fee_cent;red_packet.risk.new_account_hold_hours;payment.active_gateway;payment.caihong.base_url;payment.caihong.merchant_id;payment.caihong.merchant_key;payment.caihong.sign_type;payment.caihong.enabled_channels;payment.notify_url;payment.return_url;payment.order_timeout_seconds;payment.query.max_attempts;payment.query.interval_seconds;payment.callback.ip_whitelist_enabled;payment.webview.allowed_hosts;payment.webview.allowed_schemes;payment.channel.reversal_auto_freeze,catalogs/ui_page_specifications.csv;docs/02-ui/page-specs/,catalogs/ui_action_matrix.csv,TST-RP_004-CONCURRENCY;TST-RP_004-HAPPY;TST-RP_004-IDEMPOTENT;TST-RP_004-RECOVERY;TST-RP_004-REJECT,releases/R20/STORIES.yaml;releases/R20/TASKS.yaml,catalogs/release_definition_of_ready.csv,开发后由CI回填,FROZEN_READY_V1.2.2
REQ-RP-005,红包付款金额版本与暂停,R21,P1,SCR-RP-ADV-001;SCR-RP-ADV-002;SCR-RP-ADV-003;SCR-RP-ADV-004;SCR-RP-ADV-005;SCR-RP-ADV-006,GET /api/v1/me/red-packet-campaigns;POST /api/v1/red-packet-campaigns;GET /api/v1/red-packet-campaigns/{id};POST /api/v1/red-packet-campaigns/{id}/submit-review;POST /api/v1/red-packet-campaigns/{id}/quote;POST /api/v1/red-packet-campaigns/{id}/orders;GET /api/v1/me/red-packet-campaigns/{id}/analytics;POST /api/v1/red-packet-campaigns/{id}/pause;POST /api/v1/red-packet-campaigns/{id}/resume;POST /api/v1/red-packet-campaigns/{id}/close;POST /api/v1/red-packet-campaigns/{id}/increase-quotes;POST /api/v1/red-packet-campaigns/{id}/increase-orders,N/A_NO_ADMIN_API,red_packet_campaigns;red_packet_campaign_versions;red_packet_quotes;red_packet_orders;red_packet_stock;red_packet_view_sessions;red_packet_reservations;red_packet_claims;red_packet_ledger;reward_ledger;outbox_events,RED_PACKET_STATUS,red_packet;payment,red_packet.default_view_seconds;red_packet.reservation_min_seconds;red_packet.unit_amount_min_cent;red_packet.unit_amount_max_cent;red_packet.min_count;red_packet.service_fee_bps;red_packet.one_active_per_content;red_packet.allow_raise_unit_amount;red_packet.allow_refund;red_packet.view_seconds.min;red_packet.view_seconds.max;red_packet.reservation_extra_seconds;red_packet.reservation_max_seconds;red_packet.max_count;red_packet.claim_per_user;red_packet.heartbeat_interval_seconds;red_packet.session_timeout_seconds;red_packet.settlement_delay_hours;red_packet.pause_max_days;red_packet.owner_close_allowed;red_packet.member_fee_discount_bps.normal;red_packet.member_fee_discount_bps.month;red_packet.member_fee_discount_bps.quarter;red_packet.member_fee_discount_bps.year;red_packet.min_service_fee_cent;red_packet.risk.new_account_hold_hours;payment.active_gateway;payment.caihong.base_url;payment.caihong.merchant_id;payment.caihong.merchant_key;payment.caihong.sign_type;payment.caihong.enabled_channels;payment.notify_url;payment.return_url;payment.order_timeout_seconds;payment.query.max_attempts;payment.query.interval_seconds;payment.callback.ip_whitelist_enabled;payment.webview.allowed_hosts;payment.webview.allowed_schemes;payment.channel.reversal_auto_freeze,catalogs/ui_page_specifications.csv;docs/02-ui/page-specs/,catalogs/ui_action_matrix.csv,TST-RP_005-CONCURRENCY;TST-RP_005-HAPPY;TST-RP_005-IDEMPOTENT;TST-RP_005-RECOVERY;TST-RP_005-REJECT,releases/R21/STORIES.yaml;releases/R21/TASKS.yaml,catalogs/release_definition_of_ready.csv,开发后由CI回填,FROZEN_READY_V1.2.2
REQ-RP-006,红包账本数据与反作弊,R23,P1,SCR-RP-001;SCR-RP-002;SCR-RP-003;SCR-RP-004;ADM-RP-001;ADM-RP-002;ADM-RP-003;ADM-RP-004,GET /api/v1/red-packet-campaigns;GET /api/v1/red-packet-campaigns/{id};POST /api/v1/red-packet-campaigns/{id}/view-sessions;POST /api/v1/red-packet-view-sessions/{id}/heartbeat;POST /api/v1/red-packet-view-sessions/{id}/claim;POST /api/v1/red-packet-view-sessions/{id}/cancel;GET /api/v1/me/red-packet-claims;GET /api/v1/me/reward-account,GET /admin-api/v1/red-packet-campaigns;GET /admin-api/v1/red-packet-campaigns/{id};GET /admin-api/v1/red-packet-campaigns/{id}/sessions;GET /admin-api/v1/red-packet-campaigns/{id}/claims;GET /admin-api/v1/red-packet-campaigns/{id}/ledger;POST /admin-api/v1/red-packet-campaigns/{id}/review;POST /admin-api/v1/red-packet-campaigns/{id}/pause;POST /admin-api/v1/red-packet-campaigns/{id}/resume;POST /admin-api/v1/red-packet-campaigns/{id}/terminate,red_packet_campaigns;red_packet_campaign_versions;red_packet_quotes;red_packet_orders;red_packet_stock;red_packet_view_sessions;red_packet_reservations;red_packet_claims;red_packet_ledger;reward_ledger;outbox_events;reward_accounts;reward_settlements;reward_freezes;accounting_entries,RED_PACKET_STATUS,red_packet;payment;withdrawal,red_packet.default_view_seconds;red_packet.reservation_min_seconds;red_packet.unit_amount_min_cent;red_packet.unit_amount_max_cent;red_packet.min_count;red_packet.service_fee_bps;red_packet.one_active_per_content;red_packet.allow_raise_unit_amount;red_packet.allow_refund;red_packet.view_seconds.min;red_packet.view_seconds.max;red_packet.reservation_extra_seconds;red_packet.reservation_max_seconds;red_packet.max_count;red_packet.claim_per_user;red_packet.heartbeat_interval_seconds;red_packet.session_timeout_seconds;red_packet.settlement_delay_hours;red_packet.pause_max_days;red_packet.owner_close_allowed;red_packet.member_fee_discount_bps.normal;red_packet.member_fee_discount_bps.month;red_packet.member_fee_discount_bps.quarter;red_packet.member_fee_discount_bps.year;red_packet.min_service_fee_cent;red_packet.risk.new_account_hold_hours;payment.active_gateway;payment.caihong.base_url;payment.caihong.merchant_id;payment.caihong.merchant_key;payment.caihong.sign_type;payment.caihong.enabled_channels;payment.notify_url;payment.return_url;payment.order_timeout_seconds;payment.query.max_attempts;payment.query.interval_seconds;payment.callback.ip_whitelist_enabled;payment.webview.allowed_hosts;payment.webview.allowed_schemes;payment.channel.reversal_auto_freeze;withdrawal.min_amount_cent.normal;withdrawal.fee.fixed_cent.normal;withdrawal.fee.bps.normal;withdrawal.daily_count.normal;withdrawal.min_amount_cent.month;withdrawal.fee.fixed_cent.month;withdrawal.fee.bps.month;withdrawal.daily_count.month;withdrawal.min_amount_cent.quarter;withdrawal.fee.fixed_cent.quarter;withdrawal.fee.bps.quarter;withdrawal.daily_count.quarter;withdrawal.min_amount_cent.year;withdrawal.fee.fixed_cent.year;withdrawal.fee.bps.year;withdrawal.daily_count.year;withdrawal.max_amount_cent.normal;withdrawal.daily_total_cent.normal;withdrawal.monthly_total_cent.normal;withdrawal.monthly_free_count.normal;withdrawal.max_amount_cent.month;withdrawal.daily_total_cent.month;withdrawal.monthly_total_cent.month;withdrawal.monthly_free_count.month;withdrawal.max_amount_cent.quarter;withdrawal.daily_total_cent.quarter;withdrawal.monthly_total_cent.quarter;withdrawal.monthly_free_count.quarter;withdrawal.max_amount_cent.year;withdrawal.daily_total_cent.year;withdrawal.monthly_total_cent.year;withdrawal.monthly_free_count.year;withdrawal.account_change_cooldown_hours;withdrawal.new_device_wait_hours;withdrawal.auto_review_threshold_cent;withdrawal.open_time_windows,catalogs/ui_page_specifications.csv;docs/02-ui/page-specs/,catalogs/ui_action_matrix.csv,TST-RP_006-CONCURRENCY;TST-RP_006-HAPPY;TST-RP_006-IDEMPOTENT;TST-RP_006-RECOVERY;TST-RP_006-REJECT,releases/R23/STORIES.yaml;releases/R23/TASKS.yaml,catalogs/release_definition_of_ready.csv,开发后由CI回填,FROZEN_READY_V1.2.2
REQ-ANALYTICS-001,统一埋点和指标口径,R23/R30,P0,ADM-DASH-001,N/A_NO_CLIENT_API,GET /admin-api/v1/dashboard/summary;GET /admin-api/v1/dashboard/todos,daily_kpis;analytics_events,N/A_STATE_MACHINE_NOT_REQUIRED,analytics;platform,analytics.event.retention_days;analytics.traffic_types;platform.brand.name;platform.brand.slogan;platform.brand.logo_media_id;platform.customer_service.name;platform.customer_service.contact,catalogs/ui_page_specifications.csv;docs/02-ui/page-specs/,catalogs/ui_action_matrix.csv,TST-ANALYTICS_001-HAPPY;TST-ANALYTICS_001-IDEMPOTENT;TST-ANALYTICS_001-REJECT,releases/R23/STORIES.yaml;releases/R23/TASKS.yaml;releases/R30/STORIES.yaml;releases/R30/TASKS.yaml,catalogs/release_definition_of_ready.csv,开发后由CI回填,FROZEN_READY_V1.2.2
REQ-REF-002,邀请归因与反作弊,R25,P2,SCR-REF-001;SCR-REF-002;SCR-REF-003;SCR-REF-004;SCR-REF-005;SCR-REF-006;SCR-REF-007;SCR-REF-008;H5-003,GET /api/v1/me/referral/overview;GET /api/v1/me/referral/invite-assets;GET /api/v1/me/referral/posters;GET /api/v1/me/referral/direct-users;GET /api/v1/me/referral/level2-users;GET /api/v1/me/referral/commissions;GET /api/v1/me/referral/activity-rewards;GET /public-api/v1/agreements/{code};GET /public-api/v1/invite/{code};GET /public-api/v1/app/latest,N/A_NO_ADMIN_API,invite_codes;referral_relations;commission_records;referral_activity_progress;referral_milestone_rewards;h5_page_configs;cms_articles;agreements;app_versions;content_posts,REWARD_STATUS,referral;referral_activity;platform,commission.settlement_delay_hours;referral.max_commission_level;referral.binding_mode;referral.relation_change_allowed;referral.attribution_days;referral.block_self_invite;referral.block_same_device;referral.red_packet_principal_commissionable;referral.commission.default_level1_bps;referral.commission.default_level2_bps;referral_activity.settlement_delay_hours;referral_activity.event.first_register_login_score;referral_activity.event.first_approved_publish_score;referral_activity.enabled;referral_activity.milestones;referral_activity.score_daily_cap_per_invitee;referral_activity.reward_matrix_source;platform.brand.name;platform.brand.slogan;platform.brand.logo_media_id;platform.customer_service.name;platform.customer_service.contact,catalogs/ui_page_specifications.csv;docs/02-ui/page-specs/,catalogs/ui_action_matrix.csv,TST-REF_002-CONCURRENCY;TST-REF_002-HAPPY;TST-REF_002-IDEMPOTENT;TST-REF_002-RECOVERY;TST-REF_002-REJECT,releases/R25/STORIES.yaml;releases/R25/TASKS.yaml,catalogs/release_definition_of_ready.csv,开发后由CI回填,FROZEN_READY_V1.2.2
REQ-REF-ACT-002,直推活跃事件与矩阵配置,R26,P2,SCR-REF-001;SCR-REF-002;SCR-REF-003;SCR-REF-004;SCR-REF-005;SCR-REF-006;SCR-REF-007;SCR-REF-008;ADM-REF-001;ADM-REF-002;ADM-REF-003;ADM-REF-004;ADM-REF-005;ADM-REF-006,GET /api/v1/me/referral/overview;GET /api/v1/me/referral/invite-assets;GET /api/v1/me/referral/posters;GET /api/v1/me/referral/direct-users;GET /api/v1/me/referral/level2-users;GET /api/v1/me/referral/commissions;GET /api/v1/me/referral/activity-rewards;GET /public-api/v1/agreements/{code},GET /admin-api/v1/referral-relations;POST /admin-api/v1/referral-relations/{inviteeId}/adjust;GET /admin-api/v1/commission-policies;POST /admin-api/v1/commission-policies;GET /admin-api/v1/commissions;GET /admin-api/v1/referral-activity/rules;POST /admin-api/v1/referral-activity/rule-versions;GET /admin-api/v1/referral-activity/progress;GET /admin-api/v1/referral-activity/milestones;GET /admin-api/v1/referral-activity/rewards,invite_codes;referral_relations;commission_records;referral_activity_progress;referral_milestone_rewards;h5_page_configs;cms_articles;agreements;app_versions;content_posts;referral_activity_rule_versions;referral_activity_rules,REWARD_STATUS,referral;referral_activity;platform,commission.settlement_delay_hours;referral.max_commission_level;referral.binding_mode;referral.relation_change_allowed;referral.attribution_days;referral.block_self_invite;referral.block_same_device;referral.red_packet_principal_commissionable;referral.commission.default_level1_bps;referral.commission.default_level2_bps;referral_activity.settlement_delay_hours;referral_activity.event.first_register_login_score;referral_activity.event.first_approved_publish_score;referral_activity.enabled;referral_activity.milestones;referral_activity.score_daily_cap_per_invitee;referral_activity.reward_matrix_source;platform.brand.name;platform.brand.slogan;platform.brand.logo_media_id;platform.customer_service.name;platform.customer_service.contact,catalogs/ui_page_specifications.csv;docs/02-ui/page-specs/,catalogs/ui_action_matrix.csv,TST-REF_ACT_002-CONCURRENCY;TST-REF_ACT_002-HAPPY;TST-REF_ACT_002-IDEMPOTENT;TST-REF_ACT_002-RECOVERY;TST-REF_ACT_002-REJECT,releases/R26/STORIES.yaml;releases/R26/TASKS.yaml,catalogs/release_definition_of_ready.csv,开发后由CI回填,FROZEN_READY_V1.2.2
REQ-TASK-002,个人任务预算与留存,R27,P2,SCR-TASK-001;SCR-TASK-002;ADM-TASK-001;ADM-TASK-002,GET /api/v1/tasks;POST /api/v1/tasks/{id}/claim;GET /api/v1/me/points;GET /api/v1/me/point-ledger,GET /admin-api/v1/tasks;POST /admin-api/v1/tasks;PATCH /admin-api/v1/tasks/{id};GET /admin-api/v1/task-progress;GET /admin-api/v1/growth-budgets;PUT /admin-api/v1/growth-budgets/{id},task_definitions;user_task_progress;task_events;user_point_accounts;user_point_ledger;growth_budgets;task_rule_versions,REWARD_STATUS,task;platform,feature.personal_task_cash_reward;task.enabled;task.daily_point_cap;task.monthly_cash_reward_cap_cent;task.platform_daily_budget_cent;task.platform_monthly_budget_cent;task.incentivized_traffic_excluded_from_organic_rank;platform.brand.name;platform.brand.slogan;platform.brand.logo_media_id;platform.customer_service.name;platform.customer_service.contact,catalogs/ui_page_specifications.csv;docs/02-ui/page-specs/,catalogs/ui_action_matrix.csv,TST-TASK_002-CONCURRENCY;TST-TASK_002-HAPPY;TST-TASK_002-IDEMPOTENT;TST-TASK_002-RECOVERY;TST-TASK_002-REJECT,releases/R27/STORIES.yaml;releases/R27/TASKS.yaml,catalogs/release_definition_of_ready.csv,开发后由CI回填,FROZEN_READY_V1.2.2
REQ-CMS-001,H5与运营CMS,R28/R30,P2,H5-010;ADM-CMS-001;ADM-CMS-002;ADM-CMS-003,GET /public-api/v1/agreements/{code},GET /admin-api/v1/cms/home-modules;PUT /admin-api/v1/cms/home-modules;GET /admin-api/v1/cms/banners;POST /admin-api/v1/cms/banners;GET /admin-api/v1/cms/articles;POST /admin-api/v1/cms/articles;GET /admin-api/v1/cms/h5-pages;PUT /admin-api/v1/cms/h5-pages/{code},h5_page_configs;cms_articles;agreements;app_versions;content_posts;home_modules;banners,N/A_STATE_MACHINE_NOT_REQUIRED,operations;notification;platform,ops.backup.rpo_minutes;ops.recovery.rto_minutes;ops.audit_log.retention_days;ops.security_event.retention_days;ops.alert.error_rate_percent;ops.alert.api_p95_ms;notification.marketing.default_enabled;notification.quiet_hours.start;notification.quiet_hours.end;platform.brand.name;platform.brand.slogan;platform.brand.logo_media_id;platform.customer_service.name;platform.customer_service.contact,catalogs/ui_page_specifications.csv;docs/02-ui/page-specs/,catalogs/ui_action_matrix.csv,TST-CMS_001-HAPPY;TST-CMS_001-IDEMPOTENT;TST-CMS_001-REJECT,releases/R28/STORIES.yaml;releases/R28/TASKS.yaml;releases/R30/STORIES.yaml;releases/R30/TASKS.yaml,catalogs/release_definition_of_ready.csv,开发后由CI回填,FROZEN_READY_V1.2.2
REQ-APP-RELEASE-001,App版本检测与自有分发,R29/R32,P0,SCR-APP-001;SCR-APP-002;SCR-APP-003;SCR-ABOUT-001;H5-001;ADM-APP-001,GET /public-api/v1/platform/status;POST /public-api/v1/app/version-check;POST /api/v1/auth/refresh;GET /public-api/v1/app/latest;GET /public-api/v1/agreements/{code};GET /public-api/v1/home-page,GET /admin-api/v1/app-versions;POST /admin-api/v1/app-versions;POST /admin-api/v1/app-versions/{id}/publish,h5_page_configs;cms_articles;agreements;app_versions;content_posts;app_release_records;app_build_artifacts;users;user_credentials;auth_security_challenges;user_sessions;user_devices;sms_verification_codes;login_logs,N/A_STATE_MACHINE_NOT_REQUIRED,app_build;domain;platform;auth,app.android.application_id;app.android.staging_application_id;app.android.display_name;app.android.signing.staging_profile;app.android.signing.production_profile;app.build.runner;app.build.allowed_ref_patterns;app.build.artifact_storage_scope;app.release.default_update_type;app.release.require_two_person_approval;app.build.apk_required_for_android_release;app.build.timeout_minutes;app.build.max_concurrent_jobs;app.build.artifact_retention_days;app.build.arbitrary_shell_allowed;app.build.white_label_enabled;app.android.min_sdk;app.android.target_sdk;app.android.version_code_strategy;platform.base_domain;domain.www.host;domain.api.host;domain.ws.host;domain.admin.host;domain.h5.host;domain.download.host;domain.assets.host;domain.stg_api.host;domain.stg_ws.host;domain.stg_admin.host;domain.stg_h5.host;domain.stg_download.host;platform.brand.name;platform.brand.slogan;platform.brand.logo_media_id;platform.customer_service.name;platform.customer_service.contact;auth.default_login_method;auth.security_challenge.provider;auth.security_challenge.mode;auth.password.min_length;auth.password.max_length;auth.password.max_failures;auth.password.lock_seconds;auth.invite.app_required;auth.invite.h5_required;auth.nickname.prefix;auth.nickname.random_digits;auth.security_challenge.ttl_seconds;auth.security_challenge.max_attempts;auth.password.require_letters;auth.password.require_digits;auth.session.access_ttl_seconds;auth.session.refresh_ttl_seconds;auth.session.max_active_devices;auth.registration.daily_ip_limit;auth.registration.daily_device_limit;auth.login.daily_ip_failure_limit,catalogs/ui_page_specifications.csv;docs/02-ui/page-specs/,catalogs/ui_action_matrix.csv,TST-APP_RELEASE_001-HAPPY;TST-APP_RELEASE_001-IDEMPOTENT;TST-APP_RELEASE_001-REJECT,releases/R29/STORIES.yaml;releases/R29/TASKS.yaml;releases/R32/STORIES.yaml;releases/R32/TASKS.yaml,catalogs/release_definition_of_ready.csv,开发后由CI回填,FROZEN_READY_V1.2.2
REQ-ADMIN-001,完整运营后台,R30,P0,ADM-DASH-001;ADM-USER-001;ADM-USER-002,N/A_NO_CLIENT_API,GET /admin-api/v1/dashboard/summary;GET /admin-api/v1/dashboard/todos;GET /admin-api/v1/users;GET /admin-api/v1/users/{id};POST /admin-api/v1/users/{id}/restrictions;DELETE /admin-api/v1/users/{id}/restrictions/{type};POST /admin-api/v1/users/{id}/freeze;POST /admin-api/v1/users/{id}/unfreeze;POST /admin-api/v1/users/{id}/force-logout,daily_kpis;analytics_events;users;user_profiles;user_status_logs;user_sessions,N/A_STATE_MACHINE_NOT_REQUIRED,system;auth;operations;platform,system.maintenance.enabled;system.maintenance.message;system.registration.enabled;system.publish.enabled;system.red_packet.enabled;system.withdrawal.enabled;auth.default_login_method;auth.security_challenge.provider;auth.security_challenge.mode;auth.password.min_length;auth.password.max_length;auth.password.max_failures;auth.password.lock_seconds;auth.invite.app_required;auth.invite.h5_required;auth.nickname.prefix;auth.nickname.random_digits;auth.security_challenge.ttl_seconds;auth.security_challenge.max_attempts;auth.password.require_letters;auth.password.require_digits;auth.session.access_ttl_seconds;auth.session.refresh_ttl_seconds;auth.session.max_active_devices;auth.registration.daily_ip_limit;auth.registration.daily_device_limit;auth.login.daily_ip_failure_limit;ops.backup.rpo_minutes;ops.recovery.rto_minutes;ops.audit_log.retention_days;ops.security_event.retention_days;ops.alert.error_rate_percent;ops.alert.api_p95_ms;platform.brand.name;platform.brand.slogan;platform.brand.logo_media_id;platform.customer_service.name;platform.customer_service.contact,catalogs/ui_page_specifications.csv;docs/02-ui/page-specs/,catalogs/ui_action_matrix.csv,TST-ADMIN_001-HAPPY;TST-ADMIN_001-IDEMPOTENT;TST-ADMIN_001-REJECT,releases/R30/STORIES.yaml;releases/R30/TASKS.yaml,catalogs/release_definition_of_ready.csv,开发后由CI回填,FROZEN_READY_V1.2.2
REQ-RBAC-001,RBAC审批与审计,R30,P0,ADM-RBAC-001;ADM-AUDIT-001;ADM-SECURITY-001;ADM-APPROVAL-001;ADM-EXPORT-001,N/A_NO_CLIENT_API,GET /admin-api/v1/admin-users;POST /admin-api/v1/admin-users;GET /admin-api/v1/roles;PUT /admin-api/v1/roles/{id}/permissions;GET /admin-api/v1/audit/logs;POST /admin-api/v1/auth/logout;GET /admin-api/v1/approvals;POST /admin-api/v1/approvals/{id}/decide;GET /admin-api/v1/export-jobs;POST /admin-api/v1/export-jobs;GET /admin-api/v1/export-jobs/{id};POST /admin-api/v1/export-jobs/{id}/download-token;GET /admin-api/v1/me/security;POST /admin-api/v1/me/security/password/change;POST /admin-api/v1/me/security/mfa/enroll;POST /admin-api/v1/me/security/mfa/confirm;POST /admin-api/v1/me/security/mfa/disable,admin_users;admin_roles;admin_permissions;admin_user_roles;admin_role_permissions;admin_operation_logs;sensitive_data_access_logs,N/A_STATE_MACHINE_NOT_REQUIRED,system;auth;operations;platform;analytics,system.maintenance.enabled;system.maintenance.message;system.registration.enabled;system.publish.enabled;system.red_packet.enabled;system.withdrawal.enabled;auth.default_login_method;auth.security_challenge.provider;auth.security_challenge.mode;auth.password.min_length;auth.password.max_length;auth.password.max_failures;auth.password.lock_seconds;auth.invite.app_required;auth.invite.h5_required;auth.nickname.prefix;auth.nickname.random_digits;auth.security_challenge.ttl_seconds;auth.security_challenge.max_attempts;auth.password.require_letters;auth.password.require_digits;auth.session.access_ttl_seconds;auth.session.refresh_ttl_seconds;auth.session.max_active_devices;auth.registration.daily_ip_limit;auth.registration.daily_device_limit;auth.login.daily_ip_failure_limit;ops.backup.rpo_minutes;ops.recovery.rto_minutes;ops.audit_log.retention_days;ops.security_event.retention_days;ops.alert.error_rate_percent;ops.alert.api_p95_ms;platform.brand.name;platform.brand.slogan;platform.brand.logo_media_id;platform.customer_service.name;platform.customer_service.contact;analytics.event.retention_days;analytics.traffic_types,catalogs/ui_page_specifications.csv;docs/02-ui/page-specs/,catalogs/ui_action_matrix.csv,TST-RBAC_001-HAPPY;TST-RBAC_001-IDEMPOTENT;TST-RBAC_001-REJECT;TST-RBAC_001-SECURITY;TST-V122-028;TST-V122-029,releases/R30/STORIES.yaml;releases/R30/TASKS.yaml,catalogs/release_definition_of_ready.csv,开发后由CI回填,FROZEN_READY_V1.2.2
REQ-SEC-001,全量安全和性能验收,R31,P0,ADM-RISK-001;ADM-RISK-002;ADM-RISK-003;ADM-RISK-004,N/A_NO_CLIENT_API,GET /admin-api/v1/risk/events;POST /admin-api/v1/risk/events/{id}/decide;GET /admin-api/v1/risk/rule-versions;POST /admin-api/v1/risk/rule-versions;GET /admin-api/v1/risk/blacklists;POST /admin-api/v1/risk/blacklists;DELETE /admin-api/v1/risk/blacklists/{id};GET /admin-api/v1/risk-rule-versions;POST /admin-api/v1/risk-rule-versions;POST /admin-api/v1/risk-rule-versions/{id}/simulate;POST /admin-api/v1/risk-rule-versions/{id}/activate,risk_rule_versions;risk_events;blacklists;whitelists;manual_review_cases,N/A_STATE_MACHINE_NOT_REQUIRED,auth;system;operations;red_packet;withdrawal,auth.default_login_method;auth.security_challenge.provider;auth.security_challenge.mode;auth.password.min_length;auth.password.max_length;auth.password.max_failures;auth.password.lock_seconds;auth.invite.app_required;auth.invite.h5_required;auth.nickname.prefix;auth.nickname.random_digits;auth.security_challenge.ttl_seconds;auth.security_challenge.max_attempts;auth.password.require_letters;auth.password.require_digits;auth.session.access_ttl_seconds;auth.session.refresh_ttl_seconds;auth.session.max_active_devices;auth.registration.daily_ip_limit;auth.registration.daily_device_limit;auth.login.daily_ip_failure_limit;system.maintenance.enabled;system.maintenance.message;system.registration.enabled;system.publish.enabled;system.red_packet.enabled;system.withdrawal.enabled;ops.backup.rpo_minutes;ops.recovery.rto_minutes;ops.audit_log.retention_days;ops.security_event.retention_days;ops.alert.error_rate_percent;ops.alert.api_p95_ms;red_packet.default_view_seconds;red_packet.reservation_min_seconds;red_packet.unit_amount_min_cent;red_packet.unit_amount_max_cent;red_packet.min_count;red_packet.service_fee_bps;red_packet.one_active_per_content;red_packet.allow_raise_unit_amount;red_packet.allow_refund;red_packet.view_seconds.min;red_packet.view_seconds.max;red_packet.reservation_extra_seconds;red_packet.reservation_max_seconds;red_packet.max_count;red_packet.claim_per_user;red_packet.heartbeat_interval_seconds;red_packet.session_timeout_seconds;red_packet.settlement_delay_hours;red_packet.pause_max_days;red_packet.owner_close_allowed;red_packet.member_fee_discount_bps.normal;red_packet.member_fee_discount_bps.month;red_packet.member_fee_discount_bps.quarter;red_packet.member_fee_discount_bps.year;red_packet.min_service_fee_cent;red_packet.risk.new_account_hold_hours;withdrawal.min_amount_cent.normal;withdrawal.fee.fixed_cent.normal;withdrawal.fee.bps.normal;withdrawal.daily_count.normal;withdrawal.min_amount_cent.month;withdrawal.fee.fixed_cent.month;withdrawal.fee.bps.month;withdrawal.daily_count.month;withdrawal.min_amount_cent.quarter;withdrawal.fee.fixed_cent.quarter;withdrawal.fee.bps.quarter;withdrawal.daily_count.quarter;withdrawal.min_amount_cent.year;withdrawal.fee.fixed_cent.year;withdrawal.fee.bps.year;withdrawal.daily_count.year;withdrawal.max_amount_cent.normal;withdrawal.daily_total_cent.normal;withdrawal.monthly_total_cent.normal;withdrawal.monthly_free_count.normal;withdrawal.max_amount_cent.month;withdrawal.daily_total_cent.month;withdrawal.monthly_total_cent.month;withdrawal.monthly_free_count.month;withdrawal.max_amount_cent.quarter;withdrawal.daily_total_cent.quarter;withdrawal.monthly_total_cent.quarter;withdrawal.monthly_free_count.quarter;withdrawal.max_amount_cent.year;withdrawal.daily_total_cent.year;withdrawal.monthly_total_cent.year;withdrawal.monthly_free_count.year;withdrawal.account_change_cooldown_hours;withdrawal.new_device_wait_hours;withdrawal.auto_review_threshold_cent;withdrawal.open_time_windows,catalogs/ui_page_specifications.csv;docs/02-ui/page-specs/,catalogs/ui_action_matrix.csv,TST-SEC_001-HAPPY;TST-SEC_001-IDEMPOTENT;TST-SEC_001-REJECT;TST-SEC_001-SECURITY,releases/R31/STORIES.yaml;releases/R31/TASKS.yaml,catalogs/release_definition_of_ready.csv,开发后由CI回填,FROZEN_READY_V1.2.2
REQ-OPS-001,监控备份灾备与回滚,R31,P0,ADM-JOB-001,N/A_NO_CLIENT_API,GET /admin-api/v1/jobs;POST /admin-api/v1/jobs/{code}/run,job_definitions;job_execution_logs,N/A_STATE_MACHINE_NOT_REQUIRED,operations;domain;platform,ops.backup.rpo_minutes;ops.recovery.rto_minutes;ops.audit_log.retention_days;ops.security_event.retention_days;ops.alert.error_rate_percent;ops.alert.api_p95_ms;platform.base_domain;domain.www.host;domain.api.host;domain.ws.host;domain.admin.host;domain.h5.host;domain.download.host;domain.assets.host;domain.stg_api.host;domain.stg_ws.host;domain.stg_admin.host;domain.stg_h5.host;domain.stg_download.host;platform.brand.name;platform.brand.slogan;platform.brand.logo_media_id;platform.customer_service.name;platform.customer_service.contact,catalogs/ui_page_specifications.csv;docs/02-ui/page-specs/,catalogs/ui_action_matrix.csv,TST-OPS_001-HAPPY;TST-OPS_001-IDEMPOTENT;TST-OPS_001-REJECT,releases/R31/STORIES.yaml;releases/R31/TASKS.yaml,catalogs/release_definition_of_ready.csv,开发后由CI回填,FROZEN_READY_V1.2.2
REQ-VENDOR-001,最终供应商生产接入,R32,P0,,N/A_NO_CLIENT_API,N/A_NO_ADMIN_API,N/A_DOCUMENT_CONTRACT,N/A_STATE_MACHINE_NOT_REQUIRED,sms;storage;identity;payment;payout,sms.active_provider;sms.aliyun.region_id;sms.aliyun.endpoint;sms.aliyun.access_key_id;sms.aliyun.access_key_secret;sms.aliyun.sign_name;sms.aliyun.template.login;sms.aliyun.template.register;sms.aliyun.template.reset_password;sms.aliyun.template.security_notice;sms.code.length;sms.code.ttl_seconds;sms.send.cooldown_seconds;sms.send.daily_phone_limit;sms.send.daily_ip_limit;sms.provider.timeout_ms;sms.provider.retry_count;sms.verify.max_attempts;sms.send.daily_device_limit;sms.send.same_scene_resend_new_code;sms.delivery_receipt.enabled;sms.aliyun.callback_url;storage.default_provider;storage.scope.public_media.provider;storage.scope.private_kyc.provider;storage.scope.private_chat.provider;storage.scope.audit_evidence.provider;storage.scope.apk_release.provider;storage.scope.backup.provider;storage.r2.account_id;storage.r2.access_key_id;storage.r2.secret_access_key;storage.r2.endpoint;storage.r2.public_domain;storage.r2.bucket.public_media;storage.r2.bucket.private_kyc;storage.r2.bucket.private_chat;storage.r2.bucket.audit_evidence;storage.r2.bucket.apk_release;storage.r2.bucket.backup;storage.aliyun_oss.endpoint;storage.aliyun_oss.region;storage.aliyun_oss.access_key_id;storage.aliyun_oss.access_key_secret;storage.aliyun_oss.public_domain;storage.aliyun_oss.bucket.public_media;storage.aliyun_oss.bucket.private_kyc;storage.aliyun_oss.bucket.private_chat;storage.aliyun_oss.bucket.audit_evidence;storage.aliyun_oss.bucket.apk_release;storage.aliyun_oss.bucket.backup;storage.upload.max_image_mb;storage.signed_url.ttl_seconds;storage.upload.image.allowed_mime;storage.upload.image.max_mb;storage.upload.chat_image.max_mb;storage.upload.kyc_image.max_mb;storage.upload.apk.max_mb;storage.private_preview.ttl_seconds;storage.delete.delay_hours;storage.migration.batch_size;identity.active_provider;identity.provider.appcode;identity.liveness.token_url;identity.liveness.result_url;identity.face_compare.url;identity.max_daily_attempts;identity.one_id_one_account;identity.liveness.poll_interval_ms;identity.liveness.poll_timeout_seconds;identity.liveness.return_url;identity.face_compare.auto_pass_code;identity.face_compare.manual_review_code;identity.photo.preview_watermark;identity.photo.retention_days;identity.admin_preview_ttl_seconds;payment.active_gateway;payment.caihong.base_url;payment.caihong.merchant_id;payment.caihong.merchant_key;payment.caihong.sign_type;payment.caihong.enabled_channels;payment.notify_url;payment.return_url;payment.order_timeout_seconds;payment.query.max_attempts;payment.query.interval_seconds;payment.callback.ip_whitelist_enabled;payment.webview.allowed_hosts;payment.webview.allowed_schemes;payment.channel.reversal_auto_freeze;payout.active_gateway;payout.alipay.app_id;payout.alipay.merchant_id;payout.alipay.private_key_certificate_id;payout.alipay.app_public_certificate_id;payout.alipay.alipay_public_certificate_id;payout.alipay.root_certificate_id;payout.alipay.gateway_url;payout.notify_url;payout.request.timeout_ms;payout.query.max_attempts;payout.query.interval_seconds;payout.account_name_must_match_identity;payout.auto_enabled,catalogs/ui_page_specifications.csv;docs/02-ui/page-specs/,catalogs/ui_action_matrix.csv,TST-VENDOR_001-HAPPY;TST-VENDOR_001-IDEMPOTENT;TST-VENDOR_001-REJECT,releases/R32/STORIES.yaml;releases/R32/TASKS.yaml,catalogs/release_definition_of_ready.csv,开发后由CI回填,FROZEN_READY_V1.2.2
REQ-RELEASE-001,生产发布与完整交接,R32,P0,,N/A_NO_CLIENT_API,N/A_NO_ADMIN_API,N/A_DOCUMENT_CONTRACT,N/A_STATE_MACHINE_NOT_REQUIRED,app_build;operations,app.android.application_id;app.android.staging_application_id;app.android.display_name;app.android.signing.staging_profile;app.android.signing.production_profile;app.build.runner;app.build.allowed_ref_patterns;app.build.artifact_storage_scope;app.release.default_update_type;app.release.require_two_person_approval;app.build.apk_required_for_android_release;app.build.timeout_minutes;app.build.max_concurrent_jobs;app.build.artifact_retention_days;app.build.arbitrary_shell_allowed;app.build.white_label_enabled;app.android.min_sdk;app.android.target_sdk;app.android.version_code_strategy;ops.backup.rpo_minutes;ops.recovery.rto_minutes;ops.audit_log.retention_days;ops.security_event.retention_days;ops.alert.error_rate_percent;ops.alert.api_p95_ms,catalogs/ui_page_specifications.csv;docs/02-ui/page-specs/,catalogs/ui_action_matrix.csv,TST-RELEASE_001-HAPPY;TST-RELEASE_001-IDEMPOTENT;TST-RELEASE_001-REJECT,releases/R32/STORIES.yaml;releases/R32/TASKS.yaml,catalogs/release_definition_of_ready.csv,开发后由CI回填,FROZEN_READY_V1.2.2
REQ-ENG-001,用户自有仓库与受控环境,P00,P0,,N/A_NO_CLIENT_API,N/A_NO_ADMIN_API,outbox_events;inbox_messages;ledger_accounts;accounting_transactions;accounting_entries;balance_snapshots;reconciliation_runs;reconciliation_differences,N/A_STATE_MACHINE_NOT_REQUIRED,N/A_NOT_CONFIG_DRIVEN,N/A_NOT_CONFIG_DRIVEN,catalogs/ui_page_specifications.csv;docs/02-ui/page-specs/,catalogs/ui_action_matrix.csv,TST-ENG_001-HAPPY;TST-ENG_001-IDEMPOTENT;TST-ENG_001-REJECT;TST-GATE-BACKEND-BUILD;TST-GATE-WEB-BUILD,releases/P00/STORIES.yaml;releases/P00/TASKS.yaml,catalogs/release_definition_of_ready.csv,开发后由CI回填,FROZEN_READY_V1.2.2
REQ-CONTRACT-001,契约先行与一一追踪,P00/R01,P0,,N/A_NO_CLIENT_API,N/A_NO_ADMIN_API,outbox_events;inbox_messages;ledger_accounts;accounting_transactions;accounting_entries;balance_snapshots;reconciliation_runs;reconciliation_differences,N/A_STATE_MACHINE_NOT_REQUIRED,N/A_NOT_CONFIG_DRIVEN,N/A_NOT_CONFIG_DRIVEN,catalogs/ui_page_specifications.csv;docs/02-ui/page-specs/,catalogs/ui_action_matrix.csv,TST-CONTRACT_001-HAPPY;TST-CONTRACT_001-IDEMPOTENT;TST-CONTRACT_001-REJECT;TST-GATE-MAPPING;TST-GATE-OPENAPI;TST-GATE-STATE,releases/P00/STORIES.yaml;releases/P00/TASKS.yaml;releases/R01/STORIES.yaml;releases/R01/TASKS.yaml,catalogs/release_definition_of_ready.csv,开发后由CI回填,FROZEN_READY_V1.2.2
REQ-CONFIG-001,供应商与系统配置中心,R03/R30,P0,ADM-CONFIG-001;ADM-CONFIG-002;ADM-CONFIG-003;ADM-CONFIG-004;ADM-CONFIG-005;ADM-CONFIG-006;ADM-CONFIG-007;ADM-CONFIG-008,N/A_NO_CLIENT_API,GET /admin-api/v1/configs;PUT /admin-api/v1/configs/{key};GET /admin-api/v1/feature-flags;PUT /admin-api/v1/feature-flags/{key};GET /admin-api/v1/provider-configs;GET /admin-api/v1/provider-configs/{provider};POST /admin-api/v1/provider-configs/{provider}/versions;POST /admin-api/v1/provider-configs/{provider}/test;GET /admin-api/v1/provider-certificates;POST /admin-api/v1/provider-certificates/{id}/rotate;GET /admin-api/v1/domains;GET /admin-api/v1/domains/dns-actions,system_configs;system_config_versions;feature_flags;admin_approval_requests;provider_config_definitions;provider_config_versions;provider_connection_tests;provider_certificates;provider_certificate_access_logs;domain_configs;dns_action_items,N/A_STATE_MACHINE_NOT_REQUIRED,analytics;app_build;auth;chat;content;domain;identity;membership;notification;operations;payment;payout;platform;props;red_packet;referral;referral_activity;search;sms;storage;system;task;withdrawal,analytics.event.retention_days;analytics.traffic_types;app.android.application_id;app.android.staging_application_id;app.android.display_name;app.android.signing.staging_profile;app.android.signing.production_profile;app.build.runner;app.build.allowed_ref_patterns;app.build.artifact_storage_scope;app.release.default_update_type;app.release.require_two_person_approval;app.build.apk_required_for_android_release;app.build.timeout_minutes;app.build.max_concurrent_jobs;app.build.artifact_retention_days;app.build.arbitrary_shell_allowed;app.build.white_label_enabled;app.android.min_sdk;app.android.target_sdk;app.android.version_code_strategy;auth.default_login_method;auth.security_challenge.provider;auth.security_challenge.mode;auth.password.min_length;auth.password.max_length;auth.password.max_failures;auth.password.lock_seconds;auth.invite.app_required;auth.invite.h5_required;auth.nickname.prefix;auth.nickname.random_digits;auth.security_challenge.ttl_seconds;auth.security_challenge.max_attempts;auth.password.require_letters;auth.password.require_digits;auth.session.access_ttl_seconds;auth.session.refresh_ttl_seconds;auth.session.max_active_devices;auth.registration.daily_ip_limit;auth.registration.daily_device_limit;auth.login.daily_ip_failure_limit;chat.stranger.daily_conversation_limit;chat.message.per_minute_limit;chat.image.max_mb;chat.history.retention_days;content.limit.normal.online;content.limit.month.online;content.limit.quarter.online;content.limit.year.online;content.team_leader_per_account;content.limit.normal.pending;content.limit.normal.drafts;content.limit.normal.daily_submissions;content.limit.month.pending;content.limit.month.drafts;content.limit.month.daily_submissions;content.limit.quarter.pending;content.limit.quarter.drafts;content.limit.quarter.daily_submissions;content.limit.year.pending;content.limit.year.drafts;content.limit.year.daily_submissions;content.title.max_chars;content.summary.max_chars;content.body.max_chars;content.media.max_images.project;content.media.max_images.app;content.media.max_images.group;content.media.max_images.team_leader;content.online_edit.review_strategy;content.contact.access_audit_enabled;platform.base_domain;domain.www.host;domain.api.host;domain.ws.host;domain.admin.host;domain.h5.host;domain.download.host;domain.assets.host;domain.stg_api.host;domain.stg_ws.host;domain.stg_admin.host;domain.stg_h5.host;domain.stg_download.host;identity.active_provider;identity.provider.appcode;identity.liveness.token_url;identity.liveness.result_url;identity.face_compare.url;identity.max_daily_attempts;identity.one_id_one_account;identity.liveness.poll_interval_ms;identity.liveness.poll_timeout_seconds;identity.liveness.return_url;identity.face_compare.auto_pass_code;identity.face_compare.manual_review_code;identity.photo.preview_watermark;identity.photo.retention_days;identity.admin_preview_ttl_seconds;membership.upgrade.time_precision;membership.upgrade.rounding;membership.upgrade.preserve_gift_days;membership.public_badge.text;membership.public_badge.enabled;notification.marketing.default_enabled;notification.quiet_hours.start;notification.quiet_hours.end;ops.backup.rpo_minutes;ops.recovery.rto_minutes;ops.audit_log.retention_days;ops.security_event.retention_days;ops.alert.error_rate_percent;ops.alert.api_p95_ms;payment.active_gateway;payment.caihong.base_url;payment.caihong.merchant_id;payment.caihong.merchant_key;payment.caihong.sign_type;payment.caihong.enabled_channels;payment.notify_url;payment.return_url;payment.order_timeout_seconds;payment.query.max_attempts;payment.query.interval_seconds;payment.callback.ip_whitelist_enabled;payment.webview.allowed_hosts;payment.webview.allowed_schemes;payment.channel.reversal_auto_freeze;payout.active_gateway;payout.alipay.app_id;payout.alipay.merchant_id;payout.alipay.private_key_certificate_id;payout.alipay.app_public_certificate_id;payout.alipay.alipay_public_certificate_id;payout.alipay.root_certificate_id;payout.alipay.gateway_url;payout.notify_url;payout.request.timeout_ms;payout.query.max_attempts;payout.query.interval_seconds;payout.account_name_must_match_identity;payout.auto_enabled;platform.brand.name;platform.brand.slogan;platform.brand.logo_media_id;platform.customer_service.name;platform.customer_service.contact;props.top_duration_seconds;props.headline_duration_seconds;props.color_duration_seconds;props.refresh_cooldown_seconds;props.same_type.stack_duration;props.same_page.deduplicate_content;props.refresh.daily_limit.normal;props.refresh.daily_limit.month;props.refresh.daily_limit.quarter;props.refresh.daily_limit.year;props.max_stack_days;red_packet.default_view_seconds;red_packet.reservation_min_seconds;red_packet.unit_amount_min_cent;red_packet.unit_amount_max_cent;red_packet.min_count;red_packet.service_fee_bps;red_packet.one_active_per_content;red_packet.allow_raise_unit_amount;red_packet.allow_refund;red_packet.view_seconds.min;red_packet.view_seconds.max;red_packet.reservation_extra_seconds;red_packet.reservation_max_seconds;red_packet.max_count;red_packet.claim_per_user;red_packet.heartbeat_interval_seconds;red_packet.session_timeout_seconds;red_packet.settlement_delay_hours;red_packet.pause_max_days;red_packet.owner_close_allowed;red_packet.member_fee_discount_bps.normal;red_packet.member_fee_discount_bps.month;red_packet.member_fee_discount_bps.quarter;red_packet.member_fee_discount_bps.year;red_packet.min_service_fee_cent;red_packet.risk.new_account_hold_hours;commission.settlement_delay_hours;referral.max_commission_level;referral.binding_mode;referral.relation_change_allowed;referral.attribution_days;referral.block_self_invite;referral.block_same_device;referral.red_packet_principal_commissionable;referral.commission.default_level1_bps;referral.commission.default_level2_bps;referral_activity.settlement_delay_hours;referral_activity.event.first_register_login_score;referral_activity.event.first_approved_publish_score;referral_activity.enabled;referral_activity.milestones;referral_activity.score_daily_cap_per_invitee;referral_activity.reward_matrix_source;search.default_page_size;search.hot_keywords.max_count;sms.active_provider;sms.aliyun.region_id;sms.aliyun.endpoint;sms.aliyun.access_key_id;sms.aliyun.access_key_secret;sms.aliyun.sign_name;sms.aliyun.template.login;sms.aliyun.template.register;sms.aliyun.template.reset_password;sms.aliyun.template.security_notice;sms.code.length;sms.code.ttl_seconds;sms.send.cooldown_seconds;sms.send.daily_phone_limit;sms.send.daily_ip_limit;sms.provider.timeout_ms;sms.provider.retry_count;sms.verify.max_attempts;sms.send.daily_device_limit;sms.send.same_scene_resend_new_code;sms.delivery_receipt.enabled;sms.aliyun.callback_url;storage.default_provider;storage.scope.public_media.provider;storage.scope.private_kyc.provider;storage.scope.private_chat.provider;storage.scope.audit_evidence.provider;storage.scope.apk_release.provider;storage.scope.backup.provider;storage.r2.account_id;storage.r2.access_key_id;storage.r2.secret_access_key;storage.r2.endpoint;storage.r2.public_domain;storage.r2.bucket.public_media;storage.r2.bucket.private_kyc;storage.r2.bucket.private_chat;storage.r2.bucket.audit_evidence;storage.r2.bucket.apk_release;storage.r2.bucket.backup;storage.aliyun_oss.endpoint;storage.aliyun_oss.region;storage.aliyun_oss.access_key_id;storage.aliyun_oss.access_key_secret;storage.aliyun_oss.public_domain;storage.aliyun_oss.bucket.public_media;storage.aliyun_oss.bucket.private_kyc;storage.aliyun_oss.bucket.private_chat;storage.aliyun_oss.bucket.audit_evidence;storage.aliyun_oss.bucket.apk_release;storage.aliyun_oss.bucket.backup;storage.upload.max_image_mb;storage.signed_url.ttl_seconds;storage.upload.image.allowed_mime;storage.upload.image.max_mb;storage.upload.chat_image.max_mb;storage.upload.kyc_image.max_mb;storage.upload.apk.max_mb;storage.private_preview.ttl_seconds;storage.delete.delay_hours;storage.migration.batch_size;system.maintenance.enabled;system.maintenance.message;system.registration.enabled;system.publish.enabled;system.red_packet.enabled;system.withdrawal.enabled;feature.personal_task_cash_reward;task.enabled;task.daily_point_cap;task.monthly_cash_reward_cap_cent;task.platform_daily_budget_cent;task.platform_monthly_budget_cent;task.incentivized_traffic_excluded_from_organic_rank;withdrawal.min_amount_cent.normal;withdrawal.fee.fixed_cent.normal;withdrawal.fee.bps.normal;withdrawal.daily_count.normal;withdrawal.min_amount_cent.month;withdrawal.fee.fixed_cent.month;withdrawal.fee.bps.month;withdrawal.daily_count.month;withdrawal.min_amount_cent.quarter;withdrawal.fee.fixed_cent.quarter;withdrawal.fee.bps.quarter;withdrawal.daily_count.quarter;withdrawal.min_amount_cent.year;withdrawal.fee.fixed_cent.year;withdrawal.fee.bps.year;withdrawal.daily_count.year;withdrawal.max_amount_cent.normal;withdrawal.daily_total_cent.normal;withdrawal.monthly_total_cent.normal;withdrawal.monthly_free_count.normal;withdrawal.max_amount_cent.month;withdrawal.daily_total_cent.month;withdrawal.monthly_total_cent.month;withdrawal.monthly_free_count.month;withdrawal.max_amount_cent.quarter;withdrawal.daily_total_cent.quarter;withdrawal.monthly_total_cent.quarter;withdrawal.monthly_free_count.quarter;withdrawal.max_amount_cent.year;withdrawal.daily_total_cent.year;withdrawal.monthly_total_cent.year;withdrawal.monthly_free_count.year;withdrawal.account_change_cooldown_hours;withdrawal.new_device_wait_hours;withdrawal.auto_review_threshold_cent;withdrawal.open_time_windows,catalogs/ui_page_specifications.csv;docs/02-ui/page-specs/,catalogs/ui_action_matrix.csv,TST-CONFIG_001-HAPPY;TST-CONFIG_001-IDEMPOTENT;TST-CONFIG_001-REJECT,releases/R03/STORIES.yaml;releases/R03/TASKS.yaml;releases/R30/STORIES.yaml;releases/R30/TASKS.yaml,catalogs/release_definition_of_ready.csv,开发后由CI回填,FROZEN_READY_V1.2.2
REQ-DOMAIN-001,orbexa.cc域名编排,R03/R28/R29/R32,P0,,N/A_NO_CLIENT_API,N/A_NO_ADMIN_API,home_modules;banners;cms_articles;agreements;agreement_versions;user_agreement_acceptances;h5_page_configs;app_versions;app_download_logs;provider_config_definitions;provider_config_versions;provider_connection_tests,N/A_STATE_MACHINE_NOT_REQUIRED,operations;domain,ops.backup.rpo_minutes;ops.recovery.rto_minutes;ops.audit_log.retention_days;ops.security_event.retention_days;ops.alert.error_rate_percent;ops.alert.api_p95_ms;platform.base_domain;domain.www.host;domain.api.host;domain.ws.host;domain.admin.host;domain.h5.host;domain.download.host;domain.assets.host;domain.stg_api.host;domain.stg_ws.host;domain.stg_admin.host;domain.stg_h5.host;domain.stg_download.host,catalogs/ui_page_specifications.csv;docs/02-ui/page-specs/,catalogs/ui_action_matrix.csv,TST-DOMAIN_001-HAPPY;TST-DOMAIN_001-IDEMPOTENT;TST-DOMAIN_001-REJECT,releases/R03/STORIES.yaml;releases/R03/TASKS.yaml;releases/R28/STORIES.yaml;releases/R28/TASKS.yaml;releases/R29/STORIES.yaml;releases/R29/TASKS.yaml;releases/R32/STORIES.yaml;releases/R32/TASKS.yaml,catalogs/release_definition_of_ready.csv,开发后由CI回填,FROZEN_READY_V1.2.2
REQ-STORAGE-001,Cloudflare R2与阿里云OSS双适配,R03/R04,P0,,N/A_NO_CLIENT_API,N/A_NO_ADMIN_API,media_objects;upload_sessions;media_access_tokens;provider_config_definitions;provider_config_versions;provider_connection_tests;provider_certificates;provider_certificate_access_logs;domain_configs;dns_action_items;storage_scope_bindings;storage_migration_jobs,N/A_STATE_MACHINE_NOT_REQUIRED,storage,storage.default_provider;storage.scope.public_media.provider;storage.scope.private_kyc.provider;storage.scope.private_chat.provider;storage.scope.audit_evidence.provider;storage.scope.apk_release.provider;storage.scope.backup.provider;storage.r2.account_id;storage.r2.access_key_id;storage.r2.secret_access_key;storage.r2.endpoint;storage.r2.public_domain;storage.r2.bucket.public_media;storage.r2.bucket.private_kyc;storage.r2.bucket.private_chat;storage.r2.bucket.audit_evidence;storage.r2.bucket.apk_release;storage.r2.bucket.backup;storage.aliyun_oss.endpoint;storage.aliyun_oss.region;storage.aliyun_oss.access_key_id;storage.aliyun_oss.access_key_secret;storage.aliyun_oss.public_domain;storage.aliyun_oss.bucket.public_media;storage.aliyun_oss.bucket.private_kyc;storage.aliyun_oss.bucket.private_chat;storage.aliyun_oss.bucket.audit_evidence;storage.aliyun_oss.bucket.apk_release;storage.aliyun_oss.bucket.backup;storage.upload.max_image_mb;storage.signed_url.ttl_seconds;storage.upload.image.allowed_mime;storage.upload.image.max_mb;storage.upload.chat_image.max_mb;storage.upload.kyc_image.max_mb;storage.upload.apk.max_mb;storage.private_preview.ttl_seconds;storage.delete.delay_hours;storage.migration.batch_size,catalogs/ui_page_specifications.csv;docs/02-ui/page-specs/,catalogs/ui_action_matrix.csv,TST-STORAGE_001-HAPPY;TST-STORAGE_001-IDEMPOTENT;TST-STORAGE_001-REJECT,releases/R03/STORIES.yaml;releases/R03/TASKS.yaml;releases/R04/STORIES.yaml;releases/R04/TASKS.yaml,catalogs/release_definition_of_ready.csv,开发后由CI回填,FROZEN_READY_V1.2.2
REQ-BUILD-001,官方App自助构建中心,R29/R30,P2,ADM-BUILD-001;ADM-BUILD-002;ADM-BUILD-003;ADM-BUILD-004;ADM-BUILD-005;ADM-BUILD-006;ADM-BUILD-007,N/A_NO_CLIENT_API,GET /admin-api/v1/app-build/profiles;POST /admin-api/v1/app-build/profiles;PUT /admin-api/v1/app-build/profiles/{id};GET /admin-api/v1/app-build/jobs;POST /admin-api/v1/app-build/jobs;GET /admin-api/v1/app-build/jobs/{id};GET /admin-api/v1/app-build/jobs/{id}/logs;POST /admin-api/v1/app-build/jobs/{id}/cancel;POST /admin-api/v1/app-build/jobs/{id}/retry;GET /admin-api/v1/app-build/artifacts;GET /admin-api/v1/app-build/artifacts/{id}/download;GET /admin-api/v1/app-build/signing-profiles,app_build_profiles;app_build_jobs;app_build_job_steps;app_build_artifacts;app_signing_profiles,N/A_STATE_MACHINE_NOT_REQUIRED,app_build;platform,app.android.application_id;app.android.staging_application_id;app.android.display_name;app.android.signing.staging_profile;app.android.signing.production_profile;app.build.runner;app.build.allowed_ref_patterns;app.build.artifact_storage_scope;app.release.default_update_type;app.release.require_two_person_approval;app.build.apk_required_for_android_release;app.build.timeout_minutes;app.build.max_concurrent_jobs;app.build.artifact_retention_days;app.build.arbitrary_shell_allowed;app.build.white_label_enabled;app.android.min_sdk;app.android.target_sdk;app.android.version_code_strategy;platform.brand.name;platform.brand.slogan;platform.brand.logo_media_id;platform.customer_service.name;platform.customer_service.contact,catalogs/ui_page_specifications.csv;docs/02-ui/page-specs/,catalogs/ui_action_matrix.csv,TST-BUILD_001-HAPPY;TST-BUILD_001-IDEMPOTENT;TST-BUILD_001-REJECT,releases/R29/STORIES.yaml;releases/R29/TASKS.yaml;releases/R30/STORIES.yaml;releases/R30/TASKS.yaml,catalogs/release_definition_of_ready.csv,开发后由CI回填,FROZEN_READY_V1.2.2
REQ-APK-001,Android版本持续APK,P00/R01-R32,P0,SCR-APP-001;SCR-APP-002;SCR-APP-003;ADM-BUILD-001;ADM-BUILD-002;ADM-BUILD-003;ADM-BUILD-004;ADM-BUILD-005;ADM-BUILD-006;ADM-BUILD-007,GET /public-api/v1/platform/status;POST /public-api/v1/app/version-check;POST /api/v1/auth/refresh;GET /public-api/v1/app/latest,GET /admin-api/v1/app-build/profiles;POST /admin-api/v1/app-build/profiles;PUT /admin-api/v1/app-build/profiles/{id};GET /admin-api/v1/app-build/jobs;POST /admin-api/v1/app-build/jobs;GET /admin-api/v1/app-build/jobs/{id};GET /admin-api/v1/app-build/jobs/{id}/logs;POST /admin-api/v1/app-build/jobs/{id}/cancel;POST /admin-api/v1/app-build/jobs/{id}/retry;GET /admin-api/v1/app-build/artifacts;GET /admin-api/v1/app-build/artifacts/{id}/download;GET /admin-api/v1/app-build/signing-profiles,h5_page_configs;cms_articles;agreements;app_versions;content_posts;app_release_records;app_build_artifacts;users;user_credentials;auth_security_challenges;user_sessions;user_devices;sms_verification_codes;login_logs;app_build_profiles;app_build_jobs;app_build_job_steps;app_signing_profiles,N/A_STATE_MACHINE_NOT_REQUIRED,app_build;operations;platform;auth,app.android.application_id;app.android.staging_application_id;app.android.display_name;app.android.signing.staging_profile;app.android.signing.production_profile;app.build.runner;app.build.allowed_ref_patterns;app.build.artifact_storage_scope;app.release.default_update_type;app.release.require_two_person_approval;app.build.apk_required_for_android_release;app.build.timeout_minutes;app.build.max_concurrent_jobs;app.build.artifact_retention_days;app.build.arbitrary_shell_allowed;app.build.white_label_enabled;app.android.min_sdk;app.android.target_sdk;app.android.version_code_strategy;ops.backup.rpo_minutes;ops.recovery.rto_minutes;ops.audit_log.retention_days;ops.security_event.retention_days;ops.alert.error_rate_percent;ops.alert.api_p95_ms;platform.brand.name;platform.brand.slogan;platform.brand.logo_media_id;platform.customer_service.name;platform.customer_service.contact;auth.default_login_method;auth.security_challenge.provider;auth.security_challenge.mode;auth.password.min_length;auth.password.max_length;auth.password.max_failures;auth.password.lock_seconds;auth.invite.app_required;auth.invite.h5_required;auth.nickname.prefix;auth.nickname.random_digits;auth.security_challenge.ttl_seconds;auth.security_challenge.max_attempts;auth.password.require_letters;auth.password.require_digits;auth.session.access_ttl_seconds;auth.session.refresh_ttl_seconds;auth.session.max_active_devices;auth.registration.daily_ip_limit;auth.registration.daily_device_limit;auth.login.daily_ip_failure_limit,catalogs/ui_page_specifications.csv;docs/02-ui/page-specs/,catalogs/ui_action_matrix.csv,TST-APK_001-HAPPY;TST-APK_001-IDEMPOTENT;TST-APK_001-REJECT;TST-GATE-ANDROID-BUILD,releases/P00/STORIES.yaml;releases/P00/TASKS.yaml;releases/R01/STORIES.yaml;releases/R01/TASKS.yaml;releases/R32/STORIES.yaml;releases/R32/TASKS.yaml,catalogs/release_definition_of_ready.csv,开发后由CI回填,FROZEN_READY_V1.2.2
REQ-ARCH-001,模块化单体与强模块边界,P00/R01,P0,,N/A_NO_CLIENT_API,N/A_NO_ADMIN_API,outbox_events;inbox_messages;ledger_accounts;accounting_transactions;accounting_entries;balance_snapshots;reconciliation_runs;reconciliation_differences,N/A_STATE_MACHINE_NOT_REQUIRED,N/A_NOT_CONFIG_DRIVEN,N/A_NOT_CONFIG_DRIVEN,catalogs/ui_page_specifications.csv;docs/02-ui/page-specs/,catalogs/ui_action_matrix.csv,TST-ARCH_001-HAPPY;TST-ARCH_001-IDEMPOTENT;TST-ARCH_001-REJECT;TST-GATE-MODULE-BOUNDARY,releases/P00/STORIES.yaml;releases/P00/TASKS.yaml;releases/R01/STORIES.yaml;releases/R01/TASKS.yaml,catalogs/release_definition_of_ready.csv,开发后由CI回填,FROZEN_READY_V1.2.2
REQ-DATA-001,可执行迁移与数据库级不变量,P00/R01,P0,,N/A_NO_CLIENT_API,N/A_NO_ADMIN_API,outbox_events;inbox_messages;ledger_accounts;accounting_transactions;accounting_entries;balance_snapshots;reconciliation_runs;reconciliation_differences,N/A_STATE_MACHINE_NOT_REQUIRED,analytics,analytics.event.retention_days;analytics.traffic_types,catalogs/ui_page_specifications.csv;docs/02-ui/page-specs/,catalogs/ui_action_matrix.csv,TST-DATA_001-HAPPY;TST-DATA_001-IDEMPOTENT;TST-DATA_001-REJECT;TST-GATE-DB-MIGRATION,releases/P00/STORIES.yaml;releases/P00/TASKS.yaml;releases/R01/STORIES.yaml;releases/R01/TASKS.yaml,catalogs/release_definition_of_ready.csv,开发后由CI回填,FROZEN_READY_V1.2.2
REQ-EVENT-001,事务Outbox与幂等Inbox,P00/R01,P0,,N/A_NO_CLIENT_API,N/A_NO_ADMIN_API,outbox_events;inbox_messages;ledger_accounts;accounting_transactions;accounting_entries;balance_snapshots;reconciliation_runs;reconciliation_differences,N/A_STATE_MACHINE_NOT_REQUIRED,N/A_NOT_CONFIG_DRIVEN,N/A_NOT_CONFIG_DRIVEN,catalogs/ui_page_specifications.csv;docs/02-ui/page-specs/,catalogs/ui_action_matrix.csv,TST-EVENT_001-HAPPY;TST-EVENT_001-IDEMPOTENT;TST-EVENT_001-REJECT;TST-GATE-OUTBOX,releases/P00/STORIES.yaml;releases/P00/TASKS.yaml;releases/R01/STORIES.yaml;releases/R01/TASKS.yaml,catalogs/release_definition_of_ready.csv,开发后由CI回填,FROZEN_READY_V1.2.2
REQ-LEDGER-001,统一复式记账事实层,P00/R17/R20/R24/R25/R27,P0,SCR-REWARD-001;SCR-REWARD-002;SCR-WD-001;SCR-WD-002;SCR-WD-003;ADM-PAY-001;ADM-RECON-001;ADM-REWARD-001;ADM-REWARD-002;ADM-WD-001;ADM-WD-002;ADM-ACCOUNTING-001;ADM-ACCOUNTING-002,GET /api/v1/me/reward-account;GET /api/v1/me/reward-ledger;GET /api/v1/me/payout-account;PUT /api/v1/me/payout-account;POST /api/v1/withdrawals/quote;POST /api/v1/withdrawals;GET /api/v1/me/withdrawals,GET /admin-api/v1/payments;GET /admin-api/v1/payment-callbacks;POST /admin-api/v1/payments/{id}/query;GET /admin-api/v1/payment-exceptions;POST /admin-api/v1/payment-exceptions/{id}/resolve;POST /admin-api/v1/payment-reconciliation/run;GET /admin-api/v1/reward-accounts;GET /admin-api/v1/reward-accounts/{userId}/ledger;POST /admin-api/v1/reward-adjustments;GET /admin-api/v1/withdrawals;GET /admin-api/v1/withdrawals/{id};POST /admin-api/v1/withdrawals/{id}/risk-review;POST /admin-api/v1/withdrawals/{id}/finance-review;POST /admin-api/v1/withdrawals/{id}/payout;POST /admin-api/v1/withdrawals/{id}/query;GET /admin-api/v1/accounting/transactions;GET /admin-api/v1/accounting/transactions/{id};GET /admin-api/v1/accounting/entries;POST /admin-api/v1/accounting/transactions/{id}/reversals,reward_accounts;reward_ledger;reward_settlements;reward_freezes;accounting_entries;payout_accounts;withdrawal_requests;payout_transactions;payout_callbacks;payout_reconciliation_records;accounting_transactions;payment_transactions;payment_callbacks;payment_exception_orders;payment_reconciliation_records,ORDER_STATUS;REWARD_STATUS;WITHDRAWAL_STATUS,payment;payout;withdrawal;system;platform,payment.active_gateway;payment.caihong.base_url;payment.caihong.merchant_id;payment.caihong.merchant_key;payment.caihong.sign_type;payment.caihong.enabled_channels;payment.notify_url;payment.return_url;payment.order_timeout_seconds;payment.query.max_attempts;payment.query.interval_seconds;payment.callback.ip_whitelist_enabled;payment.webview.allowed_hosts;payment.webview.allowed_schemes;payment.channel.reversal_auto_freeze;payout.active_gateway;payout.alipay.app_id;payout.alipay.merchant_id;payout.alipay.private_key_certificate_id;payout.alipay.app_public_certificate_id;payout.alipay.alipay_public_certificate_id;payout.alipay.root_certificate_id;payout.alipay.gateway_url;payout.notify_url;payout.request.timeout_ms;payout.query.max_attempts;payout.query.interval_seconds;payout.account_name_must_match_identity;payout.auto_enabled;withdrawal.min_amount_cent.normal;withdrawal.fee.fixed_cent.normal;withdrawal.fee.bps.normal;withdrawal.daily_count.normal;withdrawal.min_amount_cent.month;withdrawal.fee.fixed_cent.month;withdrawal.fee.bps.month;withdrawal.daily_count.month;withdrawal.min_amount_cent.quarter;withdrawal.fee.fixed_cent.quarter;withdrawal.fee.bps.quarter;withdrawal.daily_count.quarter;withdrawal.min_amount_cent.year;withdrawal.fee.fixed_cent.year;withdrawal.fee.bps.year;withdrawal.daily_count.year;withdrawal.max_amount_cent.normal;withdrawal.daily_total_cent.normal;withdrawal.monthly_total_cent.normal;withdrawal.monthly_free_count.normal;withdrawal.max_amount_cent.month;withdrawal.daily_total_cent.month;withdrawal.monthly_total_cent.month;withdrawal.monthly_free_count.month;withdrawal.max_amount_cent.quarter;withdrawal.daily_total_cent.quarter;withdrawal.monthly_total_cent.quarter;withdrawal.monthly_free_count.quarter;withdrawal.max_amount_cent.year;withdrawal.daily_total_cent.year;withdrawal.monthly_total_cent.year;withdrawal.monthly_free_count.year;withdrawal.account_change_cooldown_hours;withdrawal.new_device_wait_hours;withdrawal.auto_review_threshold_cent;withdrawal.open_time_windows;system.maintenance.enabled;system.maintenance.message;system.registration.enabled;system.publish.enabled;system.red_packet.enabled;system.withdrawal.enabled;platform.brand.name;platform.brand.slogan;platform.brand.logo_media_id;platform.customer_service.name;platform.customer_service.contact,catalogs/ui_page_specifications.csv;docs/02-ui/page-specs/,catalogs/ui_action_matrix.csv,TST-GATE-LEDGER;TST-LEDGER_001-CONCURRENCY;TST-LEDGER_001-HAPPY;TST-LEDGER_001-IDEMPOTENT;TST-LEDGER_001-RECOVERY;TST-LEDGER_001-REJECT,releases/P00/STORIES.yaml;releases/P00/TASKS.yaml;releases/R17/STORIES.yaml;releases/R17/TASKS.yaml;releases/R20/STORIES.yaml;releases/R20/TASKS.yaml;releases/R24/STORIES.yaml;releases/R24/TASKS.yaml;releases/R25/STORIES.yaml;releases/R25/TASKS.yaml;releases/R27/STORIES.yaml;releases/R27/TASKS.yaml,catalogs/release_definition_of_ready.csv,开发后由CI回填,FROZEN_READY_V1.2.2
REQ-ADMIN-BASE-001,基础后台认证权限前置,P00/R01,P0,ADM-RBAC-001;ADM-AUTH-001;ADM-AUTH-002,N/A_NO_CLIENT_API,GET /admin-api/v1/admin-users;POST /admin-api/v1/admin-users;GET /admin-api/v1/roles;PUT /admin-api/v1/roles/{id}/permissions;POST /admin-api/v1/auth/login;POST /admin-api/v1/auth/mfa/verify,admin_users;admin_roles;admin_permissions;admin_user_roles;admin_role_permissions,N/A_STATE_MACHINE_NOT_REQUIRED,system;auth;operations;platform,system.maintenance.enabled;system.maintenance.message;system.registration.enabled;system.publish.enabled;system.red_packet.enabled;system.withdrawal.enabled;auth.default_login_method;auth.security_challenge.provider;auth.security_challenge.mode;auth.password.min_length;auth.password.max_length;auth.password.max_failures;auth.password.lock_seconds;auth.invite.app_required;auth.invite.h5_required;auth.nickname.prefix;auth.nickname.random_digits;auth.security_challenge.ttl_seconds;auth.security_challenge.max_attempts;auth.password.require_letters;auth.password.require_digits;auth.session.access_ttl_seconds;auth.session.refresh_ttl_seconds;auth.session.max_active_devices;auth.registration.daily_ip_limit;auth.registration.daily_device_limit;auth.login.daily_ip_failure_limit;ops.backup.rpo_minutes;ops.recovery.rto_minutes;ops.audit_log.retention_days;ops.security_event.retention_days;ops.alert.error_rate_percent;ops.alert.api_p95_ms;platform.brand.name;platform.brand.slogan;platform.brand.logo_media_id;platform.customer_service.name;platform.customer_service.contact,catalogs/ui_page_specifications.csv;docs/02-ui/page-specs/,catalogs/ui_action_matrix.csv,TST-ADMIN_BASE_001-HAPPY;TST-ADMIN_BASE_001-IDEMPOTENT;TST-ADMIN_BASE_001-REJECT;TST-V122-012;TST-V122-013,releases/P00/STORIES.yaml;releases/P00/TASKS.yaml;releases/R01/STORIES.yaml;releases/R01/TASKS.yaml,catalogs/release_definition_of_ready.csv,开发后由CI回填,FROZEN_READY_V1.2.2
REQ-OBS-002,日志指标链路与告警基线,P00/R01,P0,,N/A_NO_CLIENT_API,N/A_NO_ADMIN_API,outbox_events;inbox_messages;ledger_accounts;accounting_transactions;accounting_entries;balance_snapshots;reconciliation_runs;reconciliation_differences,N/A_STATE_MACHINE_NOT_REQUIRED,operations,ops.backup.rpo_minutes;ops.recovery.rto_minutes;ops.audit_log.retention_days;ops.security_event.retention_days;ops.alert.error_rate_percent;ops.alert.api_p95_ms,catalogs/ui_page_specifications.csv;docs/02-ui/page-specs/,catalogs/ui_action_matrix.csv,TST-OBS_002-HAPPY;TST-OBS_002-IDEMPOTENT;TST-OBS_002-REJECT,releases/P00/STORIES.yaml;releases/P00/TASKS.yaml;releases/R01/STORIES.yaml;releases/R01/TASKS.yaml,catalogs/release_definition_of_ready.csv,开发后由CI回填,FROZEN_READY_V1.2.2
REQ-SECRET-001,秘密引用与配置生命周期,P00/R03/R30,P0,ADM-CONFIG-001;ADM-CONFIG-002;ADM-CONFIG-003;ADM-CONFIG-004;ADM-CONFIG-005;ADM-CONFIG-006;ADM-CONFIG-007;ADM-CONFIG-008,N/A_NO_CLIENT_API,GET /admin-api/v1/configs;PUT /admin-api/v1/configs/{key};GET /admin-api/v1/feature-flags;PUT /admin-api/v1/feature-flags/{key};GET /admin-api/v1/provider-configs;GET /admin-api/v1/provider-configs/{provider};POST /admin-api/v1/provider-configs/{provider}/versions;POST /admin-api/v1/provider-configs/{provider}/test;GET /admin-api/v1/provider-certificates;POST /admin-api/v1/provider-certificates/{id}/rotate;GET /admin-api/v1/domains;GET /admin-api/v1/domains/dns-actions,system_configs;system_config_versions;feature_flags;admin_approval_requests;provider_config_definitions;provider_config_versions;provider_connection_tests;provider_certificates;provider_certificate_access_logs;domain_configs;dns_action_items,N/A_STATE_MACHINE_NOT_REQUIRED,auth;system;operations;domain,auth.default_login_method;auth.security_challenge.provider;auth.security_challenge.mode;auth.password.min_length;auth.password.max_length;auth.password.max_failures;auth.password.lock_seconds;auth.invite.app_required;auth.invite.h5_required;auth.nickname.prefix;auth.nickname.random_digits;auth.security_challenge.ttl_seconds;auth.security_challenge.max_attempts;auth.password.require_letters;auth.password.require_digits;auth.session.access_ttl_seconds;auth.session.refresh_ttl_seconds;auth.session.max_active_devices;auth.registration.daily_ip_limit;auth.registration.daily_device_limit;auth.login.daily_ip_failure_limit;system.maintenance.enabled;system.maintenance.message;system.registration.enabled;system.publish.enabled;system.red_packet.enabled;system.withdrawal.enabled;ops.backup.rpo_minutes;ops.recovery.rto_minutes;ops.audit_log.retention_days;ops.security_event.retention_days;ops.alert.error_rate_percent;ops.alert.api_p95_ms;platform.base_domain;domain.www.host;domain.api.host;domain.ws.host;domain.admin.host;domain.h5.host;domain.download.host;domain.assets.host;domain.stg_api.host;domain.stg_ws.host;domain.stg_admin.host;domain.stg_h5.host;domain.stg_download.host,catalogs/ui_page_specifications.csv;docs/02-ui/page-specs/,catalogs/ui_action_matrix.csv,TST-GATE-SECRETS;TST-SECRET_001-HAPPY;TST-SECRET_001-IDEMPOTENT;TST-SECRET_001-REJECT;TST-SECRET_001-SECURITY,releases/P00/STORIES.yaml;releases/P00/TASKS.yaml;releases/R03/STORIES.yaml;releases/R03/TASKS.yaml;releases/R30/STORIES.yaml;releases/R30/TASKS.yaml,catalogs/release_definition_of_ready.csv,开发后由CI回填,FROZEN_READY_V1.2.2
REQ-PAGE-SPEC-001,页面字段状态动作施工规格,P00/R01-R32,P0,ALL_189_UI_SURFACES,POST /api/v1/media/upload-sessions;POST /api/v1/media/upload-sessions/{id}/complete;DELETE /api/v1/media/{id};DELETE /api/v1/search/history;PATCH /api/v1/red-packet-campaigns/{id};GET /api/v1/app/version-check,POST /admin-api/v1/identities/{userId}/media-access;POST /admin-api/v1/identities/{userId}/freeze;PUT /admin-api/v1/content-dictionaries/{code};POST /admin-api/v1/reviews/{id}/decide;POST /admin-api/v1/reviews/{id}/assign;PUT /admin-api/v1/referral-activity/milestones;GET /admin-api/v1/agreements;POST /admin-api/v1/agreements/{code}/versions;POST /admin-api/v1/provider-configs/{provider}/activate;POST /admin-api/v1/provider-configs/{provider}/rollback;POST /admin-api/v1/provider-certificates;PUT /admin-api/v1/domains/{code};POST /admin-api/v1/domains/{code}/verify;POST /admin-api/v1/app-build/jobs/{id}/publish-staging;POST /admin-api/v1/app-build/jobs/{id}/promote;POST /admin-api/v1/app-build/signing-profiles;POST /admin-api/v1/app-build/signing-profiles/{id}/test,N/A_DOCUMENT_CONTRACT,N/A_OR_PAGE_STATE_CATALOG,storage;content;search;analytics;red_packet;platform;app_build;auth;identity;referral;system;domain,storage.default_provider;storage.scope.public_media.provider;storage.scope.private_kyc.provider;storage.scope.private_chat.provider;storage.scope.audit_evidence.provider;storage.scope.apk_release.provider;storage.scope.backup.provider;storage.r2.account_id;storage.r2.access_key_id;storage.r2.secret_access_key;storage.r2.endpoint;storage.r2.public_domain;storage.r2.bucket.public_media;storage.r2.bucket.private_kyc;storage.r2.bucket.private_chat;storage.r2.bucket.audit_evidence;storage.r2.bucket.apk_release;storage.r2.bucket.backup;storage.aliyun_oss.endpoint;storage.aliyun_oss.region;storage.aliyun_oss.access_key_id;storage.aliyun_oss.access_key_secret;storage.aliyun_oss.public_domain;storage.aliyun_oss.bucket.public_media;storage.aliyun_oss.bucket.private_kyc;storage.aliyun_oss.bucket.private_chat;storage.aliyun_oss.bucket.audit_evidence;storage.aliyun_oss.bucket.apk_release;storage.aliyun_oss.bucket.backup;storage.upload.max_image_mb;storage.signed_url.ttl_seconds;storage.upload.image.allowed_mime;storage.upload.image.max_mb;storage.upload.chat_image.max_mb;storage.upload.kyc_image.max_mb;storage.upload.apk.max_mb;storage.private_preview.ttl_seconds;storage.delete.delay_hours;storage.migration.batch_size;content.limit.normal.online;content.limit.month.online;content.limit.quarter.online;content.limit.year.online;content.team_leader_per_account;content.limit.normal.pending;content.limit.normal.drafts;content.limit.normal.daily_submissions;content.limit.month.pending;content.limit.month.drafts;content.limit.month.daily_submissions;content.limit.quarter.pending;content.limit.quarter.drafts;content.limit.quarter.daily_submissions;content.limit.year.pending;content.limit.year.drafts;content.limit.year.daily_submissions;content.title.max_chars;content.summary.max_chars;content.body.max_chars;content.media.max_images.project;content.media.max_images.app;content.media.max_images.group;content.media.max_images.team_leader;content.online_edit.review_strategy;content.contact.access_audit_enabled;search.default_page_size;search.hot_keywords.max_count;analytics.event.retention_days;analytics.traffic_types;red_packet.default_view_seconds;red_packet.reservation_min_seconds;red_packet.unit_amount_min_cent;red_packet.unit_amount_max_cent;red_packet.min_count;red_packet.service_fee_bps;red_packet.one_active_per_content;red_packet.allow_raise_unit_amount;red_packet.allow_refund;red_packet.view_seconds.min;red_packet.view_seconds.max;red_packet.reservation_extra_seconds;red_packet.reservation_max_seconds;red_packet.max_count;red_packet.claim_per_user;red_packet.heartbeat_interval_seconds;red_packet.session_timeout_seconds;red_packet.settlement_delay_hours;red_packet.pause_max_days;red_packet.owner_close_allowed;red_packet.member_fee_discount_bps.normal;red_packet.member_fee_discount_bps.month;red_packet.member_fee_discount_bps.quarter;red_packet.member_fee_discount_bps.year;red_packet.min_service_fee_cent;red_packet.risk.new_account_hold_hours;platform.brand.name;platform.brand.slogan;platform.brand.logo_media_id;platform.customer_service.name;platform.customer_service.contact;app.android.application_id;app.android.staging_application_id;app.android.display_name;app.android.signing.staging_profile;app.android.signing.production_profile;app.build.runner;app.build.allowed_ref_patterns;app.build.artifact_storage_scope;app.release.default_update_type;app.release.require_two_person_approval;app.build.apk_required_for_android_release;app.build.timeout_minutes;app.build.max_concurrent_jobs;app.build.artifact_retention_days;app.build.arbitrary_shell_allowed;app.build.white_label_enabled;app.android.min_sdk;app.android.target_sdk;app.android.version_code_strategy;auth.default_login_method;auth.security_challenge.provider;auth.security_challenge.mode;auth.password.min_length;auth.password.max_length;auth.password.max_failures;auth.password.lock_seconds;auth.invite.app_required;auth.invite.h5_required;auth.nickname.prefix;auth.nickname.random_digits;auth.security_challenge.ttl_seconds;auth.security_challenge.max_attempts;auth.password.require_letters;auth.password.require_digits;auth.session.access_ttl_seconds;auth.session.refresh_ttl_seconds;auth.session.max_active_devices;auth.registration.daily_ip_limit;auth.registration.daily_device_limit;auth.login.daily_ip_failure_limit;identity.active_provider;identity.provider.appcode;identity.liveness.token_url;identity.liveness.result_url;identity.face_compare.url;identity.max_daily_attempts;identity.one_id_one_account;identity.liveness.poll_interval_ms;identity.liveness.poll_timeout_seconds;identity.liveness.return_url;identity.face_compare.auto_pass_code;identity.face_compare.manual_review_code;identity.photo.preview_watermark;identity.photo.retention_days;identity.admin_preview_ttl_seconds;commission.settlement_delay_hours;referral.max_commission_level;referral.binding_mode;referral.relation_change_allowed;referral.attribution_days;referral.block_self_invite;referral.block_same_device;referral.red_packet_principal_commissionable;referral.commission.default_level1_bps;referral.commission.default_level2_bps;system.maintenance.enabled;system.maintenance.message;system.registration.enabled;system.publish.enabled;system.red_packet.enabled;system.withdrawal.enabled;platform.base_domain;domain.www.host;domain.api.host;domain.ws.host;domain.admin.host;domain.h5.host;domain.download.host;domain.assets.host;domain.stg_api.host;domain.stg_ws.host;domain.stg_admin.host;domain.stg_h5.host;domain.stg_download.host,catalogs/ui_page_specifications.csv;docs/02-ui/page-specs/,catalogs/ui_action_matrix.csv,TST-PAGE_SPEC_001-DRIFT;TST-PAGE_SPEC_001-HAPPY;TST-PAGE_SPEC_001-REJECT;TST-PAGE_SPEC_001-SECURITY;TST-V122-009;TST-V122-011;TST-V122-015;TST-V122-016;TST-V122-017;TST-V122-018;TST-V122-019;TST-V122-022;TST-V122-026;TST-V122-027;TST-V122-030;TST-V122-031;TST-V122-032;TST-V122-033;TST-V122-034;TST-V122-035;TST-V122-036;TST-V122-037;TST-V122-038,releases/P00/STORIES.yaml;releases/P00/TASKS.yaml;releases/R01/STORIES.yaml;releases/R01/TASKS.yaml;releases/R32/STORIES.yaml;releases/R32/TASKS.yaml,catalogs/release_definition_of_ready.csv,开发后由CI回填,FROZEN_READY_V1.2.2
REQ-ADMIN-OPS-001,后台运营操作施工规格,R01/R02-R31,P0,ALL_74_ADMIN_SURFACES,N/A_NO_CLIENT_API,POST /admin-api/v1/identities/{userId}/media-access;POST /admin-api/v1/identities/{userId}/freeze;PUT /admin-api/v1/content-dictionaries/{code};POST /admin-api/v1/reviews/{id}/decide;POST /admin-api/v1/reviews/{id}/assign;POST /admin-api/v1/content-reports/{id}/decide;POST /admin-api/v1/appeals/{id}/decide;PUT /admin-api/v1/referral-activity/milestones;POST /admin-api/v1/support/tickets/{id}/assign;POST /admin-api/v1/support/tickets/{id}/messages;POST /admin-api/v1/support/tickets/{id}/close;GET /admin-api/v1/agreements;POST /admin-api/v1/agreements/{code}/versions;GET /admin-api/v1/approvals;POST /admin-api/v1/approvals/{id}/decide;POST /admin-api/v1/provider-configs/{provider}/activate;POST /admin-api/v1/provider-configs/{provider}/rollback;POST /admin-api/v1/provider-certificates;PUT /admin-api/v1/domains/{code};POST /admin-api/v1/domains/{code}/verify;POST /admin-api/v1/app-build/jobs/{id}/publish-staging;POST /admin-api/v1/app-build/jobs/{id}/promote;POST /admin-api/v1/app-build/signing-profiles;POST /admin-api/v1/app-build/signing-profiles/{id}/test,admin_users;admin_roles;admin_permissions;admin_user_roles;admin_role_permissions;admin_operation_logs;admin_approval_requests,N/A_OR_PAGE_STATE_CATALOG,system;operations;analytics;identity;content;platform;chat;notification;referral;storage;auth;domain,system.maintenance.enabled;system.maintenance.message;system.registration.enabled;system.publish.enabled;system.red_packet.enabled;system.withdrawal.enabled;ops.backup.rpo_minutes;ops.recovery.rto_minutes;ops.audit_log.retention_days;ops.security_event.retention_days;ops.alert.error_rate_percent;ops.alert.api_p95_ms;analytics.event.retention_days;analytics.traffic_types;identity.active_provider;identity.provider.appcode;identity.liveness.token_url;identity.liveness.result_url;identity.face_compare.url;identity.max_daily_attempts;identity.one_id_one_account;identity.liveness.poll_interval_ms;identity.liveness.poll_timeout_seconds;identity.liveness.return_url;identity.face_compare.auto_pass_code;identity.face_compare.manual_review_code;identity.photo.preview_watermark;identity.photo.retention_days;identity.admin_preview_ttl_seconds;content.limit.normal.online;content.limit.month.online;content.limit.quarter.online;content.limit.year.online;content.team_leader_per_account;content.limit.normal.pending;content.limit.normal.drafts;content.limit.normal.daily_submissions;content.limit.month.pending;content.limit.month.drafts;content.limit.month.daily_submissions;content.limit.quarter.pending;content.limit.quarter.drafts;content.limit.quarter.daily_submissions;content.limit.year.pending;content.limit.year.drafts;content.limit.year.daily_submissions;content.title.max_chars;content.summary.max_chars;content.body.max_chars;content.media.max_images.project;content.media.max_images.app;content.media.max_images.group;content.media.max_images.team_leader;content.online_edit.review_strategy;content.contact.access_audit_enabled;platform.brand.name;platform.brand.slogan;platform.brand.logo_media_id;platform.customer_service.name;platform.customer_service.contact;chat.stranger.daily_conversation_limit;chat.message.per_minute_limit;chat.image.max_mb;chat.history.retention_days;notification.marketing.default_enabled;notification.quiet_hours.start;notification.quiet_hours.end;commission.settlement_delay_hours;referral.max_commission_level;referral.binding_mode;referral.relation_change_allowed;referral.attribution_days;referral.block_self_invite;referral.block_same_device;referral.red_packet_principal_commissionable;referral.commission.default_level1_bps;referral.commission.default_level2_bps;storage.default_provider;storage.scope.public_media.provider;storage.scope.private_kyc.provider;storage.scope.private_chat.provider;storage.scope.audit_evidence.provider;storage.scope.apk_release.provider;storage.scope.backup.provider;storage.r2.account_id;storage.r2.access_key_id;storage.r2.secret_access_key;storage.r2.endpoint;storage.r2.public_domain;storage.r2.bucket.public_media;storage.r2.bucket.private_kyc;storage.r2.bucket.private_chat;storage.r2.bucket.audit_evidence;storage.r2.bucket.apk_release;storage.r2.bucket.backup;storage.aliyun_oss.endpoint;storage.aliyun_oss.region;storage.aliyun_oss.access_key_id;storage.aliyun_oss.access_key_secret;storage.aliyun_oss.public_domain;storage.aliyun_oss.bucket.public_media;storage.aliyun_oss.bucket.private_kyc;storage.aliyun_oss.bucket.private_chat;storage.aliyun_oss.bucket.audit_evidence;storage.aliyun_oss.bucket.apk_release;storage.aliyun_oss.bucket.backup;storage.upload.max_image_mb;storage.signed_url.ttl_seconds;storage.upload.image.allowed_mime;storage.upload.image.max_mb;storage.upload.chat_image.max_mb;storage.upload.kyc_image.max_mb;storage.upload.apk.max_mb;storage.private_preview.ttl_seconds;storage.delete.delay_hours;storage.migration.batch_size;auth.default_login_method;auth.security_challenge.provider;auth.security_challenge.mode;auth.password.min_length;auth.password.max_length;auth.password.max_failures;auth.password.lock_seconds;auth.invite.app_required;auth.invite.h5_required;auth.nickname.prefix;auth.nickname.random_digits;auth.security_challenge.ttl_seconds;auth.security_challenge.max_attempts;auth.password.require_letters;auth.password.require_digits;auth.session.access_ttl_seconds;auth.session.refresh_ttl_seconds;auth.session.max_active_devices;auth.registration.daily_ip_limit;auth.registration.daily_device_limit;auth.login.daily_ip_failure_limit;platform.base_domain;domain.www.host;domain.api.host;domain.ws.host;domain.admin.host;domain.h5.host;domain.download.host;domain.assets.host;domain.stg_api.host;domain.stg_ws.host;domain.stg_admin.host;domain.stg_h5.host;domain.stg_download.host,catalogs/ui_page_specifications.csv;docs/02-ui/page-specs/,catalogs/ui_action_matrix.csv,TST-ADMIN_OPS_001-DRIFT;TST-ADMIN_OPS_001-HAPPY;TST-ADMIN_OPS_001-REJECT;TST-ADMIN_OPS_001-SECURITY,releases/R01/STORIES.yaml;releases/R01/TASKS.yaml;releases/R02/STORIES.yaml;releases/R02/TASKS.yaml;releases/R31/STORIES.yaml;releases/R31/TASKS.yaml,catalogs/release_definition_of_ready.csv,开发后由CI回填,FROZEN_READY_V1.2.2
REQ-CONFIG-UX-001,配置项运营表单与权限元数据,R03/R30,P0,ADM-CONFIG-001;ADM-CONFIG-002;ADM-CONFIG-003;ADM-CONFIG-004;ADM-CONFIG-005;ADM-CONFIG-006;ADM-CONFIG-007;ADM-CONFIG-008,N/A_NO_CLIENT_API,N/A_NO_ADMIN_API,system_configs;system_config_versions;provider_config_definitions;provider_config_versions;admin_approval_requests;admin_operation_logs,N/A_OR_PAGE_STATE_CATALOG,analytics;app_build;auth;chat;content;domain;identity;membership;notification;operations;payment;payout;platform;props;red_packet;referral;referral_activity;search;sms;storage;system;task;withdrawal,analytics.event.retention_days;analytics.traffic_types;app.android.application_id;app.android.staging_application_id;app.android.display_name;app.android.signing.staging_profile;app.android.signing.production_profile;app.build.runner;app.build.allowed_ref_patterns;app.build.artifact_storage_scope;app.release.default_update_type;app.release.require_two_person_approval;app.build.apk_required_for_android_release;app.build.timeout_minutes;app.build.max_concurrent_jobs;app.build.artifact_retention_days;app.build.arbitrary_shell_allowed;app.build.white_label_enabled;app.android.min_sdk;app.android.target_sdk;app.android.version_code_strategy;auth.default_login_method;auth.security_challenge.provider;auth.security_challenge.mode;auth.password.min_length;auth.password.max_length;auth.password.max_failures;auth.password.lock_seconds;auth.invite.app_required;auth.invite.h5_required;auth.nickname.prefix;auth.nickname.random_digits;auth.security_challenge.ttl_seconds;auth.security_challenge.max_attempts;auth.password.require_letters;auth.password.require_digits;auth.session.access_ttl_seconds;auth.session.refresh_ttl_seconds;auth.session.max_active_devices;auth.registration.daily_ip_limit;auth.registration.daily_device_limit;auth.login.daily_ip_failure_limit;chat.stranger.daily_conversation_limit;chat.message.per_minute_limit;chat.image.max_mb;chat.history.retention_days;content.limit.normal.online;content.limit.month.online;content.limit.quarter.online;content.limit.year.online;content.team_leader_per_account;content.limit.normal.pending;content.limit.normal.drafts;content.limit.normal.daily_submissions;content.limit.month.pending;content.limit.month.drafts;content.limit.month.daily_submissions;content.limit.quarter.pending;content.limit.quarter.drafts;content.limit.quarter.daily_submissions;content.limit.year.pending;content.limit.year.drafts;content.limit.year.daily_submissions;content.title.max_chars;content.summary.max_chars;content.body.max_chars;content.media.max_images.project;content.media.max_images.app;content.media.max_images.group;content.media.max_images.team_leader;content.online_edit.review_strategy;content.contact.access_audit_enabled;platform.base_domain;domain.www.host;domain.api.host;domain.ws.host;domain.admin.host;domain.h5.host;domain.download.host;domain.assets.host;domain.stg_api.host;domain.stg_ws.host;domain.stg_admin.host;domain.stg_h5.host;domain.stg_download.host;identity.active_provider;identity.provider.appcode;identity.liveness.token_url;identity.liveness.result_url;identity.face_compare.url;identity.max_daily_attempts;identity.one_id_one_account;identity.liveness.poll_interval_ms;identity.liveness.poll_timeout_seconds;identity.liveness.return_url;identity.face_compare.auto_pass_code;identity.face_compare.manual_review_code;identity.photo.preview_watermark;identity.photo.retention_days;identity.admin_preview_ttl_seconds;membership.upgrade.time_precision;membership.upgrade.rounding;membership.upgrade.preserve_gift_days;membership.public_badge.text;membership.public_badge.enabled;notification.marketing.default_enabled;notification.quiet_hours.start;notification.quiet_hours.end;ops.backup.rpo_minutes;ops.recovery.rto_minutes;ops.audit_log.retention_days;ops.security_event.retention_days;ops.alert.error_rate_percent;ops.alert.api_p95_ms;payment.active_gateway;payment.caihong.base_url;payment.caihong.merchant_id;payment.caihong.merchant_key;payment.caihong.sign_type;payment.caihong.enabled_channels;payment.notify_url;payment.return_url;payment.order_timeout_seconds;payment.query.max_attempts;payment.query.interval_seconds;payment.callback.ip_whitelist_enabled;payment.webview.allowed_hosts;payment.webview.allowed_schemes;payment.channel.reversal_auto_freeze;payout.active_gateway;payout.alipay.app_id;payout.alipay.merchant_id;payout.alipay.private_key_certificate_id;payout.alipay.app_public_certificate_id;payout.alipay.alipay_public_certificate_id;payout.alipay.root_certificate_id;payout.alipay.gateway_url;payout.notify_url;payout.request.timeout_ms;payout.query.max_attempts;payout.query.interval_seconds;payout.account_name_must_match_identity;payout.auto_enabled;platform.brand.name;platform.brand.slogan;platform.brand.logo_media_id;platform.customer_service.name;platform.customer_service.contact;props.top_duration_seconds;props.headline_duration_seconds;props.color_duration_seconds;props.refresh_cooldown_seconds;props.same_type.stack_duration;props.same_page.deduplicate_content;props.refresh.daily_limit.normal;props.refresh.daily_limit.month;props.refresh.daily_limit.quarter;props.refresh.daily_limit.year;props.max_stack_days;red_packet.default_view_seconds;red_packet.reservation_min_seconds;red_packet.unit_amount_min_cent;red_packet.unit_amount_max_cent;red_packet.min_count;red_packet.service_fee_bps;red_packet.one_active_per_content;red_packet.allow_raise_unit_amount;red_packet.allow_refund;red_packet.view_seconds.min;red_packet.view_seconds.max;red_packet.reservation_extra_seconds;red_packet.reservation_max_seconds;red_packet.max_count;red_packet.claim_per_user;red_packet.heartbeat_interval_seconds;red_packet.session_timeout_seconds;red_packet.settlement_delay_hours;red_packet.pause_max_days;red_packet.owner_close_allowed;red_packet.member_fee_discount_bps.normal;red_packet.member_fee_discount_bps.month;red_packet.member_fee_discount_bps.quarter;red_packet.member_fee_discount_bps.year;red_packet.min_service_fee_cent;red_packet.risk.new_account_hold_hours;commission.settlement_delay_hours;referral.max_commission_level;referral.binding_mode;referral.relation_change_allowed;referral.attribution_days;referral.block_self_invite;referral.block_same_device;referral.red_packet_principal_commissionable;referral.commission.default_level1_bps;referral.commission.default_level2_bps;referral_activity.settlement_delay_hours;referral_activity.event.first_register_login_score;referral_activity.event.first_approved_publish_score;referral_activity.enabled;referral_activity.milestones;referral_activity.score_daily_cap_per_invitee;referral_activity.reward_matrix_source;search.default_page_size;search.hot_keywords.max_count;sms.active_provider;sms.aliyun.region_id;sms.aliyun.endpoint;sms.aliyun.access_key_id;sms.aliyun.access_key_secret;sms.aliyun.sign_name;sms.aliyun.template.login;sms.aliyun.template.register;sms.aliyun.template.reset_password;sms.aliyun.template.security_notice;sms.code.length;sms.code.ttl_seconds;sms.send.cooldown_seconds;sms.send.daily_phone_limit;sms.send.daily_ip_limit;sms.provider.timeout_ms;sms.provider.retry_count;sms.verify.max_attempts;sms.send.daily_device_limit;sms.send.same_scene_resend_new_code;sms.delivery_receipt.enabled;sms.aliyun.callback_url;storage.default_provider;storage.scope.public_media.provider;storage.scope.private_kyc.provider;storage.scope.private_chat.provider;storage.scope.audit_evidence.provider;storage.scope.apk_release.provider;storage.scope.backup.provider;storage.r2.account_id;storage.r2.access_key_id;storage.r2.secret_access_key;storage.r2.endpoint;storage.r2.public_domain;storage.r2.bucket.public_media;storage.r2.bucket.private_kyc;storage.r2.bucket.private_chat;storage.r2.bucket.audit_evidence;storage.r2.bucket.apk_release;storage.r2.bucket.backup;storage.aliyun_oss.endpoint;storage.aliyun_oss.region;storage.aliyun_oss.access_key_id;storage.aliyun_oss.access_key_secret;storage.aliyun_oss.public_domain;storage.aliyun_oss.bucket.public_media;storage.aliyun_oss.bucket.private_kyc;storage.aliyun_oss.bucket.private_chat;storage.aliyun_oss.bucket.audit_evidence;storage.aliyun_oss.bucket.apk_release;storage.aliyun_oss.bucket.backup;storage.upload.max_image_mb;storage.signed_url.ttl_seconds;storage.upload.image.allowed_mime;storage.upload.image.max_mb;storage.upload.chat_image.max_mb;storage.upload.kyc_image.max_mb;storage.upload.apk.max_mb;storage.private_preview.ttl_seconds;storage.delete.delay_hours;storage.migration.batch_size;system.maintenance.enabled;system.maintenance.message;system.registration.enabled;system.publish.enabled;system.red_packet.enabled;system.withdrawal.enabled;feature.personal_task_cash_reward;task.enabled;task.daily_point_cap;task.monthly_cash_reward_cap_cent;task.platform_daily_budget_cent;task.platform_monthly_budget_cent;task.incentivized_traffic_excluded_from_organic_rank;withdrawal.min_amount_cent.normal;withdrawal.fee.fixed_cent.normal;withdrawal.fee.bps.normal;withdrawal.daily_count.normal;withdrawal.min_amount_cent.month;withdrawal.fee.fixed_cent.month;withdrawal.fee.bps.month;withdrawal.daily_count.month;withdrawal.min_amount_cent.quarter;withdrawal.fee.fixed_cent.quarter;withdrawal.fee.bps.quarter;withdrawal.daily_count.quarter;withdrawal.min_amount_cent.year;withdrawal.fee.fixed_cent.year;withdrawal.fee.bps.year;withdrawal.daily_count.year;withdrawal.max_amount_cent.normal;withdrawal.daily_total_cent.normal;withdrawal.monthly_total_cent.normal;withdrawal.monthly_free_count.normal;withdrawal.max_amount_cent.month;withdrawal.daily_total_cent.month;withdrawal.monthly_total_cent.month;withdrawal.monthly_free_count.month;withdrawal.max_amount_cent.quarter;withdrawal.daily_total_cent.quarter;withdrawal.monthly_total_cent.quarter;withdrawal.monthly_free_count.quarter;withdrawal.max_amount_cent.year;withdrawal.daily_total_cent.year;withdrawal.monthly_total_cent.year;withdrawal.monthly_free_count.year;withdrawal.account_change_cooldown_hours;withdrawal.new_device_wait_hours;withdrawal.auto_review_threshold_cent;withdrawal.open_time_windows,catalogs/ui_page_specifications.csv;docs/02-ui/page-specs/,catalogs/ui_action_matrix.csv,TST-CONFIG_UX_001-DRIFT;TST-CONFIG_UX_001-HAPPY;TST-CONFIG_UX_001-REJECT;TST-CONFIG_UX_001-SECURITY,releases/R03/STORIES.yaml;releases/R03/TASKS.yaml;releases/R30/STORIES.yaml;releases/R30/TASKS.yaml,catalogs/release_definition_of_ready.csv,开发后由CI回填,FROZEN_READY_V1.2.2
REQ-ACCOUNTING-OPS-001,统一会计查询与受控冲正,R24/R30,P0,ADM-ACCOUNTING-001;ADM-ACCOUNTING-002,N/A_NO_CLIENT_API,GET /admin-api/v1/accounting/transactions;GET /admin-api/v1/accounting/transactions/{id};GET /admin-api/v1/accounting/entries;POST /admin-api/v1/accounting/transactions/{id}/reversals,accounting_transactions;accounting_entries;accounting_reversal_requests;admin_approval_requests;admin_operation_logs,ORDER_STATUS;REWARD_STATUS;WITHDRAWAL_STATUS,payment;payout;withdrawal;system,payment.active_gateway;payment.caihong.base_url;payment.caihong.merchant_id;payment.caihong.merchant_key;payment.caihong.sign_type;payment.caihong.enabled_channels;payment.notify_url;payment.return_url;payment.order_timeout_seconds;payment.query.max_attempts;payment.query.interval_seconds;payment.callback.ip_whitelist_enabled;payment.webview.allowed_hosts;payment.webview.allowed_schemes;payment.channel.reversal_auto_freeze;payout.active_gateway;payout.alipay.app_id;payout.alipay.merchant_id;payout.alipay.private_key_certificate_id;payout.alipay.app_public_certificate_id;payout.alipay.alipay_public_certificate_id;payout.alipay.root_certificate_id;payout.alipay.gateway_url;payout.notify_url;payout.request.timeout_ms;payout.query.max_attempts;payout.query.interval_seconds;payout.account_name_must_match_identity;payout.auto_enabled;withdrawal.min_amount_cent.normal;withdrawal.fee.fixed_cent.normal;withdrawal.fee.bps.normal;withdrawal.daily_count.normal;withdrawal.min_amount_cent.month;withdrawal.fee.fixed_cent.month;withdrawal.fee.bps.month;withdrawal.daily_count.month;withdrawal.min_amount_cent.quarter;withdrawal.fee.fixed_cent.quarter;withdrawal.fee.bps.quarter;withdrawal.daily_count.quarter;withdrawal.min_amount_cent.year;withdrawal.fee.fixed_cent.year;withdrawal.fee.bps.year;withdrawal.daily_count.year;withdrawal.max_amount_cent.normal;withdrawal.daily_total_cent.normal;withdrawal.monthly_total_cent.normal;withdrawal.monthly_free_count.normal;withdrawal.max_amount_cent.month;withdrawal.daily_total_cent.month;withdrawal.monthly_total_cent.month;withdrawal.monthly_free_count.month;withdrawal.max_amount_cent.quarter;withdrawal.daily_total_cent.quarter;withdrawal.monthly_total_cent.quarter;withdrawal.monthly_free_count.quarter;withdrawal.max_amount_cent.year;withdrawal.daily_total_cent.year;withdrawal.monthly_total_cent.year;withdrawal.monthly_free_count.year;withdrawal.account_change_cooldown_hours;withdrawal.new_device_wait_hours;withdrawal.auto_review_threshold_cent;withdrawal.open_time_windows;system.maintenance.enabled;system.maintenance.message;system.registration.enabled;system.publish.enabled;system.red_packet.enabled;system.withdrawal.enabled,catalogs/ui_page_specifications.csv;docs/02-ui/page-specs/,catalogs/ui_action_matrix.csv,TST-ACCOUNTING_OPS_001-DRIFT;TST-ACCOUNTING_OPS_001-HAPPY;TST-ACCOUNTING_OPS_001-REJECT;TST-ACCOUNTING_OPS_001-SECURITY;TST-V122-039;TST-V122-040;TST-V122-041;TST-V122-042,releases/R24/STORIES.yaml;releases/R24/TASKS.yaml;releases/R30/STORIES.yaml;releases/R30/TASKS.yaml,catalogs/release_definition_of_ready.csv,开发后由CI回填,FROZEN_READY_V1.2.2
REQ-RISK-RULE-001,风控规则版本与无副作用模拟,R31,P0,ADM-RISK-003;ADM-RISK-004,N/A_NO_CLIENT_API,GET /admin-api/v1/risk-rule-versions;POST /admin-api/v1/risk-rule-versions;POST /admin-api/v1/risk-rule-versions/{id}/simulate;POST /admin-api/v1/risk-rule-versions/{id}/activate,risk_rule_versions;risk_rule_simulations;risk_events;admin_approval_requests;admin_operation_logs,N/A_OR_PAGE_STATE_CATALOG,system;red_packet;withdrawal;referral;task;auth,system.maintenance.enabled;system.maintenance.message;system.registration.enabled;system.publish.enabled;system.red_packet.enabled;system.withdrawal.enabled;red_packet.default_view_seconds;red_packet.reservation_min_seconds;red_packet.unit_amount_min_cent;red_packet.unit_amount_max_cent;red_packet.min_count;red_packet.service_fee_bps;red_packet.one_active_per_content;red_packet.allow_raise_unit_amount;red_packet.allow_refund;red_packet.view_seconds.min;red_packet.view_seconds.max;red_packet.reservation_extra_seconds;red_packet.reservation_max_seconds;red_packet.max_count;red_packet.claim_per_user;red_packet.heartbeat_interval_seconds;red_packet.session_timeout_seconds;red_packet.settlement_delay_hours;red_packet.pause_max_days;red_packet.owner_close_allowed;red_packet.member_fee_discount_bps.normal;red_packet.member_fee_discount_bps.month;red_packet.member_fee_discount_bps.quarter;red_packet.member_fee_discount_bps.year;red_packet.min_service_fee_cent;red_packet.risk.new_account_hold_hours;withdrawal.min_amount_cent.normal;withdrawal.fee.fixed_cent.normal;withdrawal.fee.bps.normal;withdrawal.daily_count.normal;withdrawal.min_amount_cent.month;withdrawal.fee.fixed_cent.month;withdrawal.fee.bps.month;withdrawal.daily_count.month;withdrawal.min_amount_cent.quarter;withdrawal.fee.fixed_cent.quarter;withdrawal.fee.bps.quarter;withdrawal.daily_count.quarter;withdrawal.min_amount_cent.year;withdrawal.fee.fixed_cent.year;withdrawal.fee.bps.year;withdrawal.daily_count.year;withdrawal.max_amount_cent.normal;withdrawal.daily_total_cent.normal;withdrawal.monthly_total_cent.normal;withdrawal.monthly_free_count.normal;withdrawal.max_amount_cent.month;withdrawal.daily_total_cent.month;withdrawal.monthly_total_cent.month;withdrawal.monthly_free_count.month;withdrawal.max_amount_cent.quarter;withdrawal.daily_total_cent.quarter;withdrawal.monthly_total_cent.quarter;withdrawal.monthly_free_count.quarter;withdrawal.max_amount_cent.year;withdrawal.daily_total_cent.year;withdrawal.monthly_total_cent.year;withdrawal.monthly_free_count.year;withdrawal.account_change_cooldown_hours;withdrawal.new_device_wait_hours;withdrawal.auto_review_threshold_cent;withdrawal.open_time_windows;commission.settlement_delay_hours;referral.max_commission_level;referral.binding_mode;referral.relation_change_allowed;referral.attribution_days;referral.block_self_invite;referral.block_same_device;referral.red_packet_principal_commissionable;referral.commission.default_level1_bps;referral.commission.default_level2_bps;feature.personal_task_cash_reward;task.enabled;task.daily_point_cap;task.monthly_cash_reward_cap_cent;task.platform_daily_budget_cent;task.platform_monthly_budget_cent;task.incentivized_traffic_excluded_from_organic_rank;auth.default_login_method;auth.security_challenge.provider;auth.security_challenge.mode;auth.password.min_length;auth.password.max_length;auth.password.max_failures;auth.password.lock_seconds;auth.invite.app_required;auth.invite.h5_required;auth.nickname.prefix;auth.nickname.random_digits;auth.security_challenge.ttl_seconds;auth.security_challenge.max_attempts;auth.password.require_letters;auth.password.require_digits;auth.session.access_ttl_seconds;auth.session.refresh_ttl_seconds;auth.session.max_active_devices;auth.registration.daily_ip_limit;auth.registration.daily_device_limit;auth.login.daily_ip_failure_limit,catalogs/ui_page_specifications.csv;docs/02-ui/page-specs/,catalogs/ui_action_matrix.csv,TST-RISK_RULE_001-DRIFT;TST-RISK_RULE_001-HAPPY;TST-RISK_RULE_001-REJECT;TST-RISK_RULE_001-SECURITY;TST-V122-043;TST-V122-044;TST-V122-045;TST-V122-046,releases/R31/STORIES.yaml;releases/R31/TASKS.yaml,catalogs/release_definition_of_ready.csv,开发后由CI回填,FROZEN_READY_V1.2.2
REQ-NOTIFICATION-OPS-001,通知模板与发送治理,R15/R30,P1,ADM-NOTIFY-001;ADM-NOTIFY-002;SCR-NOTICE-001;SCR-NOTICE-002,N/A_NO_CLIENT_API,GET /admin-api/v1/notification-templates;POST /admin-api/v1/notification-templates;PATCH /admin-api/v1/notification-templates/{id};GET /admin-api/v1/notification-deliveries;POST /admin-api/v1/notification-deliveries/{id}/retry,notification_templates;notification_deliveries;notification_delivery_attempts;admin_operation_logs,N/A_OR_PAGE_STATE_CATALOG,notification;sms;operations;platform,notification.marketing.default_enabled;notification.quiet_hours.start;notification.quiet_hours.end;sms.active_provider;sms.aliyun.region_id;sms.aliyun.endpoint;sms.aliyun.access_key_id;sms.aliyun.access_key_secret;sms.aliyun.sign_name;sms.aliyun.template.login;sms.aliyun.template.register;sms.aliyun.template.reset_password;sms.aliyun.template.security_notice;sms.code.length;sms.code.ttl_seconds;sms.send.cooldown_seconds;sms.send.daily_phone_limit;sms.send.daily_ip_limit;sms.provider.timeout_ms;sms.provider.retry_count;sms.verify.max_attempts;sms.send.daily_device_limit;sms.send.same_scene_resend_new_code;sms.delivery_receipt.enabled;sms.aliyun.callback_url;ops.backup.rpo_minutes;ops.recovery.rto_minutes;ops.audit_log.retention_days;ops.security_event.retention_days;ops.alert.error_rate_percent;ops.alert.api_p95_ms;platform.brand.name;platform.brand.slogan;platform.brand.logo_media_id;platform.customer_service.name;platform.customer_service.contact,catalogs/ui_page_specifications.csv;docs/02-ui/page-specs/,catalogs/ui_action_matrix.csv,TST-NOTIFICATION_OPS_001-DRIFT;TST-NOTIFICATION_OPS_001-HAPPY;TST-NOTIFICATION_OPS_001-REJECT;TST-NOTIFICATION_OPS_001-SECURITY;TST-V122-047;TST-V122-048;TST-V122-049;TST-V122-050;TST-V122-051,releases/R15/STORIES.yaml;releases/R15/TASKS.yaml;releases/R30/STORIES.yaml;releases/R30/TASKS.yaml,catalogs/release_definition_of_ready.csv,开发后由CI回填,FROZEN_READY_V1.2.2
REQ-EXPORT-001,异步数据导出中心,R30,P0,ADM-EXPORT-001,N/A_NO_CLIENT_API,GET /admin-api/v1/export-jobs;POST /admin-api/v1/export-jobs;GET /admin-api/v1/export-jobs/{id};POST /admin-api/v1/export-jobs/{id}/download-token,export_jobs;export_job_files;export_download_logs;admin_approval_requests;admin_operation_logs;media_objects,N/A_OR_PAGE_STATE_CATALOG,operations;system;storage;auth;analytics,ops.backup.rpo_minutes;ops.recovery.rto_minutes;ops.audit_log.retention_days;ops.security_event.retention_days;ops.alert.error_rate_percent;ops.alert.api_p95_ms;system.maintenance.enabled;system.maintenance.message;system.registration.enabled;system.publish.enabled;system.red_packet.enabled;system.withdrawal.enabled;storage.default_provider;storage.scope.public_media.provider;storage.scope.private_kyc.provider;storage.scope.private_chat.provider;storage.scope.audit_evidence.provider;storage.scope.apk_release.provider;storage.scope.backup.provider;storage.r2.account_id;storage.r2.access_key_id;storage.r2.secret_access_key;storage.r2.endpoint;storage.r2.public_domain;storage.r2.bucket.public_media;storage.r2.bucket.private_kyc;storage.r2.bucket.private_chat;storage.r2.bucket.audit_evidence;storage.r2.bucket.apk_release;storage.r2.bucket.backup;storage.aliyun_oss.endpoint;storage.aliyun_oss.region;storage.aliyun_oss.access_key_id;storage.aliyun_oss.access_key_secret;storage.aliyun_oss.public_domain;storage.aliyun_oss.bucket.public_media;storage.aliyun_oss.bucket.private_kyc;storage.aliyun_oss.bucket.private_chat;storage.aliyun_oss.bucket.audit_evidence;storage.aliyun_oss.bucket.apk_release;storage.aliyun_oss.bucket.backup;storage.upload.max_image_mb;storage.signed_url.ttl_seconds;storage.upload.image.allowed_mime;storage.upload.image.max_mb;storage.upload.chat_image.max_mb;storage.upload.kyc_image.max_mb;storage.upload.apk.max_mb;storage.private_preview.ttl_seconds;storage.delete.delay_hours;storage.migration.batch_size;auth.default_login_method;auth.security_challenge.provider;auth.security_challenge.mode;auth.password.min_length;auth.password.max_length;auth.password.max_failures;auth.password.lock_seconds;auth.invite.app_required;auth.invite.h5_required;auth.nickname.prefix;auth.nickname.random_digits;auth.security_challenge.ttl_seconds;auth.security_challenge.max_attempts;auth.password.require_letters;auth.password.require_digits;auth.session.access_ttl_seconds;auth.session.refresh_ttl_seconds;auth.session.max_active_devices;auth.registration.daily_ip_limit;auth.registration.daily_device_limit;auth.login.daily_ip_failure_limit;analytics.event.retention_days;analytics.traffic_types,catalogs/ui_page_specifications.csv;docs/02-ui/page-specs/,catalogs/ui_action_matrix.csv,TST-EXPORT_001-DRIFT;TST-EXPORT_001-HAPPY;TST-EXPORT_001-REJECT;TST-EXPORT_001-SECURITY;TST-V122-052;TST-V122-053;TST-V122-054;TST-V122-055,releases/R30/STORIES.yaml;releases/R30/TASKS.yaml,catalogs/release_definition_of_ready.csv,开发后由CI回填,FROZEN_READY_V1.2.2
REQ-ADMIN-SECURITY-001,管理员个人安全中心,R01,P0,ADM-AUTH-001;ADM-AUTH-002;ADM-SECURITY-001,N/A_NO_CLIENT_API,POST /admin-api/v1/auth/login;POST /admin-api/v1/auth/mfa/verify;POST /admin-api/v1/auth/logout;GET /admin-api/v1/me/security;POST /admin-api/v1/me/security/password/change;POST /admin-api/v1/me/security/mfa/enroll;POST /admin-api/v1/me/security/mfa/confirm;POST /admin-api/v1/me/security/mfa/disable,admin_users;admin_sessions;admin_mfa_methods;admin_recovery_codes;admin_login_logs;admin_operation_logs,N/A_OR_PAGE_STATE_CATALOG,auth;system;operations,auth.default_login_method;auth.security_challenge.provider;auth.security_challenge.mode;auth.password.min_length;auth.password.max_length;auth.password.max_failures;auth.password.lock_seconds;auth.invite.app_required;auth.invite.h5_required;auth.nickname.prefix;auth.nickname.random_digits;auth.security_challenge.ttl_seconds;auth.security_challenge.max_attempts;auth.password.require_letters;auth.password.require_digits;auth.session.access_ttl_seconds;auth.session.refresh_ttl_seconds;auth.session.max_active_devices;auth.registration.daily_ip_limit;auth.registration.daily_device_limit;auth.login.daily_ip_failure_limit;system.maintenance.enabled;system.maintenance.message;system.registration.enabled;system.publish.enabled;system.red_packet.enabled;system.withdrawal.enabled;ops.backup.rpo_minutes;ops.recovery.rto_minutes;ops.audit_log.retention_days;ops.security_event.retention_days;ops.alert.error_rate_percent;ops.alert.api_p95_ms,catalogs/ui_page_specifications.csv;docs/02-ui/page-specs/,catalogs/ui_action_matrix.csv,TST-ADMIN_SECURITY_001-DRIFT;TST-ADMIN_SECURITY_001-HAPPY;TST-ADMIN_SECURITY_001-REJECT;TST-ADMIN_SECURITY_001-SECURITY;TST-V122-014;TST-V122-056;TST-V122-057;TST-V122-058;TST-V122-059;TST-V122-060,releases/R01/STORIES.yaml;releases/R01/TASKS.yaml,catalogs/release_definition_of_ready.csv,开发后由CI回填,FROZEN_READY_V1.2.2
REQ-DOR-001,逐版本开发就绪门禁,P00/R01-R32,P0,ALL_RELEASES_P00_R32,N/A_NO_CLIENT_API,N/A_NO_ADMIN_API,N/A_DOCUMENT_CONTRACT,N/A_OR_PAGE_STATE_CATALOG,N/A_NOT_CONFIG_DRIVEN,N/A_NOT_CONFIG_DRIVEN,catalogs/ui_page_specifications.csv;docs/02-ui/page-specs/,catalogs/ui_action_matrix.csv,TST-DOR_001-DRIFT;TST-DOR_001-HAPPY;TST-DOR_001-REJECT;TST-DOR_001-SECURITY,releases/P00/STORIES.yaml;releases/P00/TASKS.yaml;releases/R01/STORIES.yaml;releases/R01/TASKS.yaml;releases/R32/STORIES.yaml;releases/R32/TASKS.yaml,catalogs/release_definition_of_ready.csv,开发后由CI回填,FROZEN_READY_V1.2.2
