动作ID,平台,UI_ID,页面,路由,动作,触发条件,API契约,operationId,请求Schema,权限,幂等键,成功状态,失败状态,埋点,需求ID,测试ID,成熟度,动作类型,入口组件,显示条件,可用条件,前置校验,输入字段,二次确认,请求映射,并发控制,加载表现,重试策略,成功后导航,数据刷新范围,审计要求,敏感处理,离线策略,响应Schema,DoR状态
ACT-ID-001-03,ANDROID,SCR-ID-001,实名认证首页,/me/identity,读取实名总览,页面进入、显式重试、从身份子页返回或应用恢复时触发；相同请求避免并发重复,GET /api/v1/identity/overview,identityGetIdentityOverview,IdentityGetIdentityOverviewParameters,登录,不要求,以服务端status和activeSession恢复未认证、认证中、人工审核或已认证页面；活动会话继续原流程且已认证禁止新建,401返回登录；403收回实名入口；500保留页面结构并提供重新加载且不显示技术字段,ui_action_scr_id_001_03,REQ-ID-001;REQ-ID-002,TST-ID_001-HAPPY;TST-ID_002-HAPPY,FROZEN_DETAILED_V1.2.2,DETAIL_QUERY,页面进入自动加载与失败态重新加载按钮,用户已登录且进入实名认证首页,网络可用且不存在相同总览请求,仅使用当前登录上下文,无业务请求体,不需要,GET /api/v1/identity/overview；请求模型 IdentityGetIdentityOverviewParameters；响应模型 IdentityGetIdentityOverviewResponse,同请求去重,首次进入展示冻结加载状态；返回恢复保留页面结构并轻量刷新,GET可由失败态按钮重试；不得用本地缓存执行重复创建,按服务端状态留在首页或继续活动会话；已认证返回我的,仅更新实名首页状态和活动会话缓存；不得清空其他业务缓存,只记录加载成功或失败分类；不记录会话URL、身份信息或技术响应,activeSession仅用于内存导航；不得展示供应商、内部状态码和请求编号,离线保留页面结构并禁用创建操作,IdentityGetIdentityOverviewResponse,READY_FOR_IMPLEMENTATION
ACT-APP-001-01,ANDROID,SCR-APP-001,启动页,/splash,启动维护状态、注册/发布/红包/提现总开关和服务端时间,页面首次进入、下拉刷新、筛选/排序变化或滚动触底时触发；相同查询条件避免并发重复请求,GET /public-api/v1/platform/status,publicGetPlatformStatus,PublicGetPlatformStatusParameters,公开,不要求,首屏替换数据，翻页仅追加去重；更新分页、筛选回显、总数/游标和最后刷新时间；空结果进入业务空状态,首屏失败显示全页错误与重试；刷新失败保留旧数据并提示；翻页失败保留已加载数据并提供行内重试；401跳登录或会话升级，403显示无权限，404不适用,ui_action_scr_app_001_01,REQ-AUTH-001;REQ-APP-RELEASE-001;REQ-APK-001,TST-AUTH_001-HAPPY;TST-APP_RELEASE_001-HAPPY;TST-APK_001-HAPPY,FROZEN_DETAILED_V1.2.2,LIST_QUERY,页面主按钮/行操作/更多菜单/标准弹层，具体位置由模板和页面操作规格确定,页面具备读取权限；筛选项按数据范围和角色显示,网络可用；非正在刷新；翻页时 nextCursor/hasNext 为真,"校验 page,pageSize,cursor,status,keyword,sort",page;pageSize;cursor;status;keyword;sort,不需要,GET /public-api/v1/platform/status；请求模型 PublicGetPlatformStatusParameters；响应模型 PublicGetPlatformStatusResponse,同资源单写请求锁；状态机服务端复核,首屏使用骨架屏；刷新保留现有数据；翻页使用列表尾部加载器,GET 可人工重试；网络瞬断最多指数退避自动重试 2 次；筛选变化取消旧请求,留在当前页；点击行/卡片按页面导航规格进入详情,当前资源、来源列表、全局角标/余额/待办中与该领域相关的缓存；禁止无差别清空全部缓存,记录必要业务埋点；读取高敏字段时额外记录访问审计,遵循最小采集；仅记录业务标识和状态，不记录自由文本中的个人信息,GET 可展示明确标记的最近缓存；写操作离线时禁止提交，不进入隐式离线队列,PublicGetPlatformStatusResponse,READY_FOR_IMPLEMENTATION
ACT-APP-001-02,ANDROID,SCR-APP-001,启动页,/splash,按平台、版本号、渠道和环境返回可选/强制更新策略,用户显式点击操作入口，且本地字段校验、权限、状态机前置条件全部满足,POST /public-api/v1/app/version-check,appReleasePostAppVersionCheck,AppReleasePostAppVersionCheckRequest,公开,不要求,使用响应中的资源和 version 更新页面；清除已提交脏状态；展示“按平台、版本号、渠道和环境返回可选/强制更新策略成功”；刷新受影响列表、详情、余额或配置版本,400逐字段映射；401要求重新认证；403隐藏后续写入口并记录越权拒绝；409提示数据已变化并重新加载；422展示业务原因且保留输入；429显示可重试时间；500保留上下文并提供 requestId,ui_action_scr_app_001_02,REQ-AUTH-001;REQ-APP-RELEASE-001;REQ-APK-001,TST-AUTH_001-HAPPY;TST-APP_RELEASE_001-HAPPY;TST-APK_001-HAPPY,FROZEN_DETAILED_V1.2.2,CREATE_OR_SUBMIT,页面主按钮/行操作/更多菜单/标准弹层，具体位置由模板和页面操作规格确定,具备权限 公开，且资源状态允许“按平台、版本号、渠道和环境返回可选/强制更新策略”；按钮显示条件由页面状态表和状态机共同决定,不存在同资源写请求；必填字段有效；服务端 version 未被本地标记过期；需要审批时已选择审批单,"校验 platform,versionCode,versionName,channel,environment",platform;versionCode;versionName;channel;environment,金额、权益或发布范围变化时二次确认；普通可撤销保存不需要,POST /public-api/v1/app/version-check；请求模型 AppReleasePostAppVersionCheckRequest；响应模型 AppReleasePostAppVersionCheckResponse,同资源单写请求锁；状态机服务端复核,提交期间锁定同资源写操作，保留输入并显示明确进度；禁止全页无反馈等待,写操作不自动重试；用户重新确认后使用最新 version 发起新请求,默认留在当前页并刷新；创建成功进入详情，支付/认证/发布结果按对应流程导航,当前资源、来源列表、全局角标/余额/待办中与该领域相关的缓存；禁止无差别清空全部缓存,记录必要业务埋点；读取高敏字段时额外记录访问审计,遵循最小采集；仅记录业务标识和状态，不记录自由文本中的个人信息,GET 可展示明确标记的最近缓存；写操作离线时禁止提交，不进入隐式离线队列,AppReleasePostAppVersionCheckResponse,READY_FOR_IMPLEMENTATION
ACT-APP-001-03,ANDROID,SCR-APP-001,启动页,/splash,刷新Token,用户显式提交且本地校验、安全挑战或会话升级条件已满足,POST /api/v1/auth/refresh,authPostAuthRefresh,AuthPostAuthRefreshRequest,RefreshToken,X-Idempotency-Key必填,更新认证会话或安全状态；清除一次性挑战和敏感输入；按来源跳转；记录安全审计但不记录秘密,字段错误就地提示；挑战过期要求重建；限流显示剩余时间；账号受限跳转账号受限页；服务端错误不清空可安全保留的非敏感字段,ui_action_scr_app_001_03,REQ-AUTH-001;REQ-APP-RELEASE-001;REQ-APK-001,TST-AUTH_001-HAPPY;TST-APP_RELEASE_001-HAPPY;TST-APK_001-HAPPY;TST-AUTH_001-IDEMPOTENT;TST-APP_RELEASE_001-IDEMPOTENT;TST-APK_001-IDEMPOTENT,FROZEN_DETAILED_V1.2.2,AUTH_SECURITY,页面主按钮/行操作/更多菜单/标准弹层，具体位置由模板和页面操作规格确定,仅在当前认证状态允许时显示；已完成步骤不可重复展示,必填字段有效、验证码/挑战未过期、未触发倒计时或锁定,"校验 X-Idempotency-Key,refreshToken,deviceId；同一业务意图生成稳定 X-Idempotency-Key；请求体变化必须换键",X-Idempotency-Key;refreshToken;deviceId,修改密码、解绑MFA、退出全部会话等高风险操作需要二次确认；登录和普通验证不需要,POST /api/v1/auth/refresh；请求模型 AuthPostAuthRefreshRequest；响应模型 AuthPostAuthRefreshResponse,X-Idempotency-Key + 服务端结果查询,锁定提交按钮，保留非敏感输入；密码、验证码和密钥不得写入日志、埋点或持久化,仅在获得新挑战/验证码或用户再次确认后重试；幂等键不得跨不同提交内容复用,按认证流程图跳转到首页、MFA、账号受限页或原始目标页,当前资源、来源列表、全局角标/余额/待办中与该领域相关的缓存；禁止无差别清空全部缓存,记录必要业务埋点；读取高敏字段时额外记录访问审计,遵循最小采集；仅记录业务标识和状态，不记录自由文本中的个人信息,GET 可展示明确标记的最近缓存；写操作离线时禁止提交，不进入隐式离线队列,AuthPostAuthRefreshResponse,READY_FOR_IMPLEMENTATION
ACT-APP-002-01,ANDROID,SCR-APP-002,系统维护页,/maintenance,启动维护状态、注册/发布/红包/提现总开关和服务端时间,页面首次进入、下拉刷新、筛选/排序变化或滚动触底时触发；相同查询条件避免并发重复请求,GET /public-api/v1/platform/status,publicGetPlatformStatus,PublicGetPlatformStatusParameters,公开,不要求,首屏替换数据，翻页仅追加去重；更新分页、筛选回显、总数/游标和最后刷新时间；空结果进入业务空状态,首屏失败显示全页错误与重试；刷新失败保留旧数据并提示；翻页失败保留已加载数据并提供行内重试；401跳登录或会话升级，403显示无权限，404不适用,ui_action_scr_app_002_01,REQ-AUTH-001;REQ-APP-RELEASE-001;REQ-APK-001,TST-AUTH_001-HAPPY;TST-APP_RELEASE_001-HAPPY;TST-APK_001-HAPPY,FROZEN_DETAILED_V1.2.2,LIST_QUERY,页面主按钮/行操作/更多菜单/标准弹层，具体位置由模板和页面操作规格确定,页面具备读取权限；筛选项按数据范围和角色显示,网络可用；非正在刷新；翻页时 nextCursor/hasNext 为真,"校验 page,pageSize,cursor,status,keyword,sort",page;pageSize;cursor;status;keyword;sort,不需要,GET /public-api/v1/platform/status；请求模型 PublicGetPlatformStatusParameters；响应模型 PublicGetPlatformStatusResponse,同资源单写请求锁；状态机服务端复核,首屏使用骨架屏；刷新保留现有数据；翻页使用列表尾部加载器,GET 可人工重试；网络瞬断最多指数退避自动重试 2 次；筛选变化取消旧请求,留在当前页；点击行/卡片按页面导航规格进入详情,当前资源、来源列表、全局角标/余额/待办中与该领域相关的缓存；禁止无差别清空全部缓存,记录必要业务埋点；读取高敏字段时额外记录访问审计,遵循最小采集；仅记录业务标识和状态，不记录自由文本中的个人信息,GET 可展示明确标记的最近缓存；写操作离线时禁止提交，不进入隐式离线队列,PublicGetPlatformStatusResponse,READY_FOR_IMPLEMENTATION
ACT-APP-003-01,ANDROID,SCR-APP-003,更新提示,/update,按平台、版本号、渠道和环境返回可选/强制更新策略,用户显式点击操作入口，且本地字段校验、权限、状态机前置条件全部满足,POST /public-api/v1/app/version-check,appReleasePostAppVersionCheck,AppReleasePostAppVersionCheckRequest,公开,不要求,使用响应中的资源和 version 更新页面；清除已提交脏状态；展示“按平台、版本号、渠道和环境返回可选/强制更新策略成功”；刷新受影响列表、详情、余额或配置版本,400逐字段映射；401要求重新认证；403隐藏后续写入口并记录越权拒绝；409提示数据已变化并重新加载；422展示业务原因且保留输入；429显示可重试时间；500保留上下文并提供 requestId,ui_action_scr_app_003_01,REQ-AUTH-001;REQ-APP-RELEASE-001;REQ-APK-001,TST-AUTH_001-HAPPY;TST-APP_RELEASE_001-HAPPY;TST-APK_001-HAPPY,FROZEN_DETAILED_V1.2.2,CREATE_OR_SUBMIT,页面主按钮/行操作/更多菜单/标准弹层，具体位置由模板和页面操作规格确定,具备权限 公开，且资源状态允许“按平台、版本号、渠道和环境返回可选/强制更新策略”；按钮显示条件由页面状态表和状态机共同决定,不存在同资源写请求；必填字段有效；服务端 version 未被本地标记过期；需要审批时已选择审批单,"校验 platform,versionCode,versionName,channel,environment",platform;versionCode;versionName;channel;environment,金额、权益或发布范围变化时二次确认；普通可撤销保存不需要,POST /public-api/v1/app/version-check；请求模型 AppReleasePostAppVersionCheckRequest；响应模型 AppReleasePostAppVersionCheckResponse,同资源单写请求锁；状态机服务端复核,提交期间锁定同资源写操作，保留输入并显示明确进度；禁止全页无反馈等待,写操作不自动重试；用户重新确认后使用最新 version 发起新请求,默认留在当前页并刷新；创建成功进入详情，支付/认证/发布结果按对应流程导航,当前资源、来源列表、全局角标/余额/待办中与该领域相关的缓存；禁止无差别清空全部缓存,记录必要业务埋点；读取高敏字段时额外记录访问审计,遵循最小采集；仅记录业务标识和状态，不记录自由文本中的个人信息,GET 可展示明确标记的最近缓存；写操作离线时禁止提交，不进入隐式离线队列,AppReleasePostAppVersionCheckResponse,READY_FOR_IMPLEMENTATION
ACT-APP-003-02,ANDROID,SCR-APP-003,更新提示,/update,最新APK下载信息,页面进入、显式刷新、从后台恢复且缓存过期，或收到相关领域事件后触发,GET /public-api/v1/app/latest,publicGetAppLatest,PublicGetAppLatestParameters,公开,不要求,以服务端返回的 version 和状态覆盖详情；重算按钮显示/可用条件；记录页面曝光和请求 requestId,404显示资源不存在或已下架并提供返回；403显示无权限；409触发重新拉取；网络失败保留缓存并标记可能过期,ui_action_scr_app_003_02,REQ-AUTH-001;REQ-APP-RELEASE-001;REQ-APK-001,TST-AUTH_001-HAPPY;TST-APP_RELEASE_001-HAPPY;TST-APK_001-HAPPY,FROZEN_DETAILED_V1.2.2,DETAIL_QUERY,页面主按钮/行操作/更多菜单/标准弹层，具体位置由模板和页面操作规格确定,页面具备读取权限且路由参数完整,网络可用且不存在同资源进行中的请求,路由参数、权限和页面状态有效,无业务请求体；仅使用路由/会话上下文,不需要,GET /public-api/v1/app/latest；请求模型 PublicGetAppLatestParameters；响应模型 PublicGetAppLatestResponse,同资源单写请求锁；状态机服务端复核,首次进入使用结构骨架；刷新保留当前内容并显示轻量刷新态,GET 可人工重试；缓存可作为只读降级但禁止基于过期数据执行写操作,留在当前页；资源不存在时返回上一级并从来源列表移除或标记,当前资源、来源列表、全局角标/余额/待办中与该领域相关的缓存；禁止无差别清空全部缓存,记录必要业务埋点；读取高敏字段时额外记录访问审计,遵循最小采集；仅记录业务标识和状态，不记录自由文本中的个人信息,GET 可展示明确标记的最近缓存；写操作离线时禁止提交，不进入隐式离线队列,PublicGetAppLatestResponse,READY_FOR_IMPLEMENTATION
ACT-AUTH-001-01,ANDROID,SCR-AUTH-001,密码登录,/login,创建图形/行为安全挑战,用户显式点击操作入口，且本地字段校验、权限、状态机前置条件全部满足,POST /api/v1/auth/security-challenges,authPostAuthSecurityChallenges,AuthPostAuthSecurityChallengesRequest,公开,X-Idempotency-Key必填,使用响应中的资源和 version 更新页面；清除已提交脏状态；展示“创建图形/行为安全挑战成功”；刷新受影响列表、详情、余额或配置版本,400逐字段映射；401要求重新认证；403隐藏后续写入口并记录越权拒绝；409提示数据已变化并重新加载；422展示业务原因且保留输入；429显示可重试时间；500保留上下文并提供 requestId,ui_action_scr_auth_001_01,REQ-AUTH-001;REQ-AUTH-002;REQ-AUTH-003;REQ-AUTH-004,TST-AUTH_001-HAPPY;TST-AUTH_002-HAPPY;TST-AUTH_003-HAPPY;TST-AUTH_004-HAPPY;TST-AUTH_001-IDEMPOTENT;TST-AUTH_002-IDEMPOTENT;TST-AUTH_003-IDEMPOTENT;TST-AUTH_004-IDEMPOTENT,FROZEN_DETAILED_V1.2.2,CREATE_OR_SUBMIT,页面主按钮/行操作/更多菜单/标准弹层，具体位置由模板和页面操作规格确定,具备权限 公开，且资源状态允许“创建图形/行为安全挑战”；按钮显示条件由页面状态表和状态机共同决定,不存在同资源写请求；必填字段有效；服务端 version 未被本地标记过期；需要审批时已选择审批单,"校验 X-Idempotency-Key,scene,clientNonce,deviceFingerprint；同一业务意图生成稳定 X-Idempotency-Key；请求体变化必须换键",X-Idempotency-Key;scene;clientNonce;deviceFingerprint,金额、权益或发布范围变化时二次确认；普通可撤销保存不需要,POST /api/v1/auth/security-challenges；请求模型 AuthPostAuthSecurityChallengesRequest；响应模型 AuthPostAuthSecurityChallengesResponse,X-Idempotency-Key + 服务端结果查询,提交期间锁定同资源写操作，保留输入并显示明确进度；禁止全页无反馈等待,使用同一幂等键仅重试同一请求体；若服务端已受理则先查询结果；409版本冲突不得盲重试,默认留在当前页并刷新；创建成功进入详情，支付/认证/发布结果按对应流程导航,当前资源、来源列表、全局角标/余额/待办中与该领域相关的缓存；禁止无差别清空全部缓存,记录必要业务埋点；读取高敏字段时额外记录访问审计,遵循最小采集；仅记录业务标识和状态，不记录自由文本中的个人信息,GET 可展示明确标记的最近缓存；写操作离线时禁止提交，不进入隐式离线队列,AuthPostAuthSecurityChallengesResponse,READY_FOR_IMPLEMENTATION
ACT-AUTH-001-02,ANDROID,SCR-AUTH-001,密码登录,/login,手机号+密码+安全验证登录,用户显式提交且本地校验、安全挑战或会话升级条件已满足,POST /api/v1/auth/password/login,authPostAuthPasswordLogin,AuthPostAuthPasswordLoginRequest,公开,X-Idempotency-Key必填,更新认证会话或安全状态；清除一次性挑战和敏感输入；按来源跳转；记录安全审计但不记录秘密,字段错误就地提示；挑战过期要求重建；限流显示剩余时间；账号受限跳转账号受限页；服务端错误不清空可安全保留的非敏感字段,ui_action_scr_auth_001_02,REQ-AUTH-001;REQ-AUTH-002;REQ-AUTH-003;REQ-AUTH-004,TST-AUTH_001-HAPPY;TST-AUTH_002-HAPPY;TST-AUTH_003-HAPPY;TST-AUTH_004-HAPPY;TST-AUTH_001-IDEMPOTENT;TST-AUTH_002-IDEMPOTENT;TST-AUTH_003-IDEMPOTENT;TST-AUTH_004-IDEMPOTENT,FROZEN_DETAILED_V1.2.2,AUTH_SECURITY,页面主按钮/行操作/更多菜单/标准弹层，具体位置由模板和页面操作规格确定,仅在当前认证状态允许时显示；已完成步骤不可重复展示,必填字段有效、验证码/挑战未过期、未触发倒计时或锁定,"校验 X-Idempotency-Key,phone,password,challengeId,challengeProof,device；同一业务意图生成稳定 X-Idempotency-Key；请求体变化必须换键；敏感值仅在内存中使用，不写日志、URL、埋点或本地明文缓存",X-Idempotency-Key;phone;password;challengeId;challengeProof;device,修改密码、解绑MFA、退出全部会话等高风险操作需要二次确认；登录和普通验证不需要,POST /api/v1/auth/password/login；请求模型 AuthPostAuthPasswordLoginRequest；响应模型 AuthPostAuthPasswordLoginResponse,X-Idempotency-Key + 服务端结果查询,锁定提交按钮，保留非敏感输入；密码、验证码和密钥不得写入日志、埋点或持久化,仅在获得新挑战/验证码或用户再次确认后重试；幂等键不得跨不同提交内容复用,按认证流程图跳转到首页、MFA、账号受限页或原始目标页,当前资源、来源列表、全局角标/余额/待办中与该领域相关的缓存；禁止无差别清空全部缓存,记录必要业务埋点；读取高敏字段时额外记录访问审计,敏感字段按数据分级脱敏；密码、验证码、身份证、支付账号、秘密引用绝不进入埋点和普通日志,GET 可展示明确标记的最近缓存；写操作离线时禁止提交，不进入隐式离线队列,AuthPostAuthPasswordLoginResponse,READY_FOR_IMPLEMENTATION
ACT-AUTH-002-01,ANDROID,SCR-AUTH-002,短信验证码登录,/login/sms,创建图形/行为安全挑战,用户显式点击操作入口，且本地字段校验、权限、状态机前置条件全部满足,POST /api/v1/auth/security-challenges,authPostAuthSecurityChallenges,AuthPostAuthSecurityChallengesRequest,公开,X-Idempotency-Key必填,使用响应中的资源和 version 更新页面；清除已提交脏状态；展示“创建图形/行为安全挑战成功”；刷新受影响列表、详情、余额或配置版本,400逐字段映射；401要求重新认证；403隐藏后续写入口并记录越权拒绝；409提示数据已变化并重新加载；422展示业务原因且保留输入；429显示可重试时间；500保留上下文并提供 requestId,ui_action_scr_auth_002_01,REQ-AUTH-001;REQ-AUTH-002;REQ-AUTH-003;REQ-AUTH-004,TST-AUTH_001-HAPPY;TST-AUTH_002-HAPPY;TST-AUTH_003-HAPPY;TST-AUTH_004-HAPPY;TST-AUTH_001-IDEMPOTENT;TST-AUTH_002-IDEMPOTENT;TST-AUTH_003-IDEMPOTENT;TST-AUTH_004-IDEMPOTENT,FROZEN_DETAILED_V1.2.2,CREATE_OR_SUBMIT,页面主按钮/行操作/更多菜单/标准弹层，具体位置由模板和页面操作规格确定,具备权限 公开，且资源状态允许“创建图形/行为安全挑战”；按钮显示条件由页面状态表和状态机共同决定,不存在同资源写请求；必填字段有效；服务端 version 未被本地标记过期；需要审批时已选择审批单,"校验 X-Idempotency-Key,scene,clientNonce,deviceFingerprint；同一业务意图生成稳定 X-Idempotency-Key；请求体变化必须换键",X-Idempotency-Key;scene;clientNonce;deviceFingerprint,金额、权益或发布范围变化时二次确认；普通可撤销保存不需要,POST /api/v1/auth/security-challenges；请求模型 AuthPostAuthSecurityChallengesRequest；响应模型 AuthPostAuthSecurityChallengesResponse,X-Idempotency-Key + 服务端结果查询,提交期间锁定同资源写操作，保留输入并显示明确进度；禁止全页无反馈等待,使用同一幂等键仅重试同一请求体；若服务端已受理则先查询结果；409版本冲突不得盲重试,默认留在当前页并刷新；创建成功进入详情，支付/认证/发布结果按对应流程导航,当前资源、来源列表、全局角标/余额/待办中与该领域相关的缓存；禁止无差别清空全部缓存,记录必要业务埋点；读取高敏字段时额外记录访问审计,遵循最小采集；仅记录业务标识和状态，不记录自由文本中的个人信息,GET 可展示明确标记的最近缓存；写操作离线时禁止提交，不进入隐式离线队列,AuthPostAuthSecurityChallengesResponse,READY_FOR_IMPLEMENTATION
ACT-AUTH-002-02,ANDROID,SCR-AUTH-002,短信验证码登录,/login/sms,阿里云短信验证码：LOGIN/REGISTER/RESET_PASSWORD,用户显式点击操作入口，且本地字段校验、权限、状态机前置条件全部满足,POST /api/v1/auth/sms/send,authPostAuthSmsSend,AuthPostAuthSmsSendRequest,公开+安全挑战,X-Idempotency-Key必填,以响应数据更新页面和关联缓存；展示“阿里云短信验证码：LOGIN/REGISTER/RESET_PASSWORD成功”；仅刷新受影响区域,400逐字段映射；401要求重新认证；403隐藏后续写入口并记录越权拒绝；409提示数据已变化并重新加载；422展示业务原因且保留输入；429显示可重试时间；500保留上下文并提供 requestId,ui_action_scr_auth_002_02,REQ-AUTH-001;REQ-AUTH-002;REQ-AUTH-003;REQ-AUTH-004,TST-AUTH_001-HAPPY;TST-AUTH_002-HAPPY;TST-AUTH_003-HAPPY;TST-AUTH_004-HAPPY;TST-AUTH_001-IDEMPOTENT;TST-AUTH_002-IDEMPOTENT;TST-AUTH_003-IDEMPOTENT;TST-AUTH_004-IDEMPOTENT,FROZEN_DETAILED_V1.2.2,CREATE_OR_SUBMIT,页面主按钮/行操作/更多菜单/标准弹层，具体位置由模板和页面操作规格确定,具备权限 公开+安全挑战，且资源状态允许“阿里云短信验证码：LOGIN/REGISTER/RESET_PASSWORD”；按钮显示条件由页面状态表和状态机共同决定,不存在同资源写请求；必填字段有效；服务端 version 未被本地标记过期；需要审批时已选择审批单,"校验 X-Idempotency-Key,phone,scene,challengeId,challengeProof；同一业务意图生成稳定 X-Idempotency-Key；请求体变化必须换键；敏感值仅在内存中使用，不写日志、URL、埋点或本地明文缓存",X-Idempotency-Key;phone;scene;challengeId;challengeProof,金额、权益或发布范围变化时二次确认；普通可撤销保存不需要,POST /api/v1/auth/sms/send；请求模型 AuthPostAuthSmsSendRequest；响应模型 AuthPostAuthSmsSendResponse,X-Idempotency-Key + 服务端结果查询,提交期间锁定同资源写操作，保留输入并显示明确进度；禁止全页无反馈等待,使用同一幂等键仅重试同一请求体；若服务端已受理则先查询结果；409版本冲突不得盲重试,默认留在当前页并刷新；创建成功进入详情，支付/认证/发布结果按对应流程导航,当前资源、来源列表、全局角标/余额/待办中与该领域相关的缓存；禁止无差别清空全部缓存,记录必要业务埋点；读取高敏字段时额外记录访问审计,敏感字段按数据分级脱敏；密码、验证码、身份证、支付账号、秘密引用绝不进入埋点和普通日志,GET 可展示明确标记的最近缓存；写操作离线时禁止提交，不进入隐式离线队列,AuthPostAuthSmsSendResponse,READY_FOR_IMPLEMENTATION
ACT-AUTH-002-03,ANDROID,SCR-AUTH-002,短信验证码登录,/login/sms,已注册手机号短信验证码登录,用户显式提交且本地校验、安全挑战或会话升级条件已满足,POST /api/v1/auth/sms/login,authPostAuthSmsLogin,AuthPostAuthSmsLoginRequest,公开,X-Idempotency-Key必填,更新认证会话或安全状态；清除一次性挑战和敏感输入；按来源跳转；记录安全审计但不记录秘密,字段错误就地提示；挑战过期要求重建；限流显示剩余时间；账号受限跳转账号受限页；服务端错误不清空可安全保留的非敏感字段,ui_action_scr_auth_002_03,REQ-AUTH-001;REQ-AUTH-002;REQ-AUTH-003;REQ-AUTH-004,TST-AUTH_001-HAPPY;TST-AUTH_002-HAPPY;TST-AUTH_003-HAPPY;TST-AUTH_004-HAPPY;TST-AUTH_001-IDEMPOTENT;TST-AUTH_002-IDEMPOTENT;TST-AUTH_003-IDEMPOTENT;TST-AUTH_004-IDEMPOTENT,FROZEN_DETAILED_V1.2.2,AUTH_SECURITY,页面主按钮/行操作/更多菜单/标准弹层，具体位置由模板和页面操作规格确定,仅在当前认证状态允许时显示；已完成步骤不可重复展示,必填字段有效、验证码/挑战未过期、未触发倒计时或锁定,"校验 X-Idempotency-Key,phone,smsCode,device；同一业务意图生成稳定 X-Idempotency-Key；请求体变化必须换键；敏感值仅在内存中使用，不写日志、URL、埋点或本地明文缓存",X-Idempotency-Key;phone;smsCode;device,修改密码、解绑MFA、退出全部会话等高风险操作需要二次确认；登录和普通验证不需要,POST /api/v1/auth/sms/login；请求模型 AuthPostAuthSmsLoginRequest；响应模型 AuthPostAuthSmsLoginResponse,X-Idempotency-Key + 服务端结果查询,锁定提交按钮，保留非敏感输入；密码、验证码和密钥不得写入日志、埋点或持久化,仅在获得新挑战/验证码或用户再次确认后重试；幂等键不得跨不同提交内容复用,按认证流程图跳转到首页、MFA、账号受限页或原始目标页,当前资源、来源列表、全局角标/余额/待办中与该领域相关的缓存；禁止无差别清空全部缓存,记录必要业务埋点；读取高敏字段时额外记录访问审计,敏感字段按数据分级脱敏；密码、验证码、身份证、支付账号、秘密引用绝不进入埋点和普通日志,GET 可展示明确标记的最近缓存；写操作离线时禁止提交，不进入隐式离线队列,AuthPostAuthSmsLoginResponse,READY_FOR_IMPLEMENTATION
ACT-AUTH-003-01,ANDROID,SCR-AUTH-003,注册账号,/register,创建图形/行为安全挑战,用户显式点击操作入口，且本地字段校验、权限、状态机前置条件全部满足,POST /api/v1/auth/security-challenges,authPostAuthSecurityChallenges,AuthPostAuthSecurityChallengesRequest,公开,X-Idempotency-Key必填,使用响应中的资源和 version 更新页面；清除已提交脏状态；展示“创建图形/行为安全挑战成功”；刷新受影响列表、详情、余额或配置版本,400逐字段映射；401要求重新认证；403隐藏后续写入口并记录越权拒绝；409提示数据已变化并重新加载；422展示业务原因且保留输入；429显示可重试时间；500保留上下文并提供 requestId,ui_action_scr_auth_003_01,REQ-AUTH-001;REQ-AUTH-002;REQ-AUTH-003;REQ-AUTH-004;REQ-AUTH-005,TST-AUTH_001-HAPPY;TST-AUTH_002-HAPPY;TST-AUTH_003-HAPPY;TST-AUTH_004-HAPPY;TST-AUTH_005-HAPPY;TST-AUTH_001-IDEMPOTENT;TST-AUTH_002-IDEMPOTENT;TST-AUTH_003-IDEMPOTENT;TST-AUTH_004-IDEMPOTENT;TST-AUTH_005-IDEMPOTENT,FROZEN_DETAILED_V1.2.2,CREATE_OR_SUBMIT,页面主按钮/行操作/更多菜单/标准弹层，具体位置由模板和页面操作规格确定,具备权限 公开，且资源状态允许“创建图形/行为安全挑战”；按钮显示条件由页面状态表和状态机共同决定,不存在同资源写请求；必填字段有效；服务端 version 未被本地标记过期；需要审批时已选择审批单,"校验 X-Idempotency-Key,scene,clientNonce,deviceFingerprint；同一业务意图生成稳定 X-Idempotency-Key；请求体变化必须换键",X-Idempotency-Key;scene;clientNonce;deviceFingerprint,金额、权益或发布范围变化时二次确认；普通可撤销保存不需要,POST /api/v1/auth/security-challenges；请求模型 AuthPostAuthSecurityChallengesRequest；响应模型 AuthPostAuthSecurityChallengesResponse,X-Idempotency-Key + 服务端结果查询,提交期间锁定同资源写操作，保留输入并显示明确进度；禁止全页无反馈等待,使用同一幂等键仅重试同一请求体；若服务端已受理则先查询结果；409版本冲突不得盲重试,默认留在当前页并刷新；创建成功进入详情，支付/认证/发布结果按对应流程导航,当前资源、来源列表、全局角标/余额/待办中与该领域相关的缓存；禁止无差别清空全部缓存,记录必要业务埋点；读取高敏字段时额外记录访问审计,遵循最小采集；仅记录业务标识和状态，不记录自由文本中的个人信息,GET 可展示明确标记的最近缓存；写操作离线时禁止提交，不进入隐式离线队列,AuthPostAuthSecurityChallengesResponse,READY_FOR_IMPLEMENTATION
ACT-AUTH-003-02,ANDROID,SCR-AUTH-003,注册账号,/register,阿里云短信验证码：LOGIN/REGISTER/RESET_PASSWORD,用户显式点击操作入口，且本地字段校验、权限、状态机前置条件全部满足,POST /api/v1/auth/sms/send,authPostAuthSmsSend,AuthPostAuthSmsSendRequest,公开+安全挑战,X-Idempotency-Key必填,以响应数据更新页面和关联缓存；展示“阿里云短信验证码：LOGIN/REGISTER/RESET_PASSWORD成功”；仅刷新受影响区域,400逐字段映射；401要求重新认证；403隐藏后续写入口并记录越权拒绝；409提示数据已变化并重新加载；422展示业务原因且保留输入；429显示可重试时间；500保留上下文并提供 requestId,ui_action_scr_auth_003_02,REQ-AUTH-001;REQ-AUTH-002;REQ-AUTH-003;REQ-AUTH-004;REQ-AUTH-005,TST-AUTH_001-HAPPY;TST-AUTH_002-HAPPY;TST-AUTH_003-HAPPY;TST-AUTH_004-HAPPY;TST-AUTH_005-HAPPY;TST-AUTH_001-IDEMPOTENT;TST-AUTH_002-IDEMPOTENT;TST-AUTH_003-IDEMPOTENT;TST-AUTH_004-IDEMPOTENT;TST-AUTH_005-IDEMPOTENT,FROZEN_DETAILED_V1.2.2,CREATE_OR_SUBMIT,页面主按钮/行操作/更多菜单/标准弹层，具体位置由模板和页面操作规格确定,具备权限 公开+安全挑战，且资源状态允许“阿里云短信验证码：LOGIN/REGISTER/RESET_PASSWORD”；按钮显示条件由页面状态表和状态机共同决定,不存在同资源写请求；必填字段有效；服务端 version 未被本地标记过期；需要审批时已选择审批单,"校验 X-Idempotency-Key,phone,scene,challengeId,challengeProof；同一业务意图生成稳定 X-Idempotency-Key；请求体变化必须换键；敏感值仅在内存中使用，不写日志、URL、埋点或本地明文缓存",X-Idempotency-Key;phone;scene;challengeId;challengeProof,金额、权益或发布范围变化时二次确认；普通可撤销保存不需要,POST /api/v1/auth/sms/send；请求模型 AuthPostAuthSmsSendRequest；响应模型 AuthPostAuthSmsSendResponse,X-Idempotency-Key + 服务端结果查询,提交期间锁定同资源写操作，保留输入并显示明确进度；禁止全页无反馈等待,使用同一幂等键仅重试同一请求体；若服务端已受理则先查询结果；409版本冲突不得盲重试,默认留在当前页并刷新；创建成功进入详情，支付/认证/发布结果按对应流程导航,当前资源、来源列表、全局角标/余额/待办中与该领域相关的缓存；禁止无差别清空全部缓存,记录必要业务埋点；读取高敏字段时额外记录访问审计,敏感字段按数据分级脱敏；密码、验证码、身份证、支付账号、秘密引用绝不进入埋点和普通日志,GET 可展示明确标记的最近缓存；写操作离线时禁止提交，不进入隐式离线队列,AuthPostAuthSmsSendResponse,READY_FOR_IMPLEMENTATION
ACT-AUTH-003-03,ANDROID,SCR-AUTH-003,注册账号,/register,校验邀请码和注册必填规则,用户显式点击操作入口，且本地字段校验、权限、状态机前置条件全部满足,POST /api/v1/auth/invite-codes/validate,authPostAuthInviteCodesValidate,AuthPostAuthInviteCodesValidateRequest,公开,不要求,以响应数据更新页面和关联缓存；展示“校验邀请码和注册必填规则成功”；仅刷新受影响区域,400逐字段映射；401要求重新认证；403隐藏后续写入口并记录越权拒绝；409提示数据已变化并重新加载；422展示业务原因且保留输入；429显示可重试时间；500保留上下文并提供 requestId,ui_action_scr_auth_003_03,REQ-AUTH-001;REQ-AUTH-002;REQ-AUTH-003;REQ-AUTH-004;REQ-AUTH-005,TST-AUTH_001-HAPPY;TST-AUTH_002-HAPPY;TST-AUTH_003-HAPPY;TST-AUTH_004-HAPPY;TST-AUTH_005-HAPPY,FROZEN_DETAILED_V1.2.2,CREATE_OR_SUBMIT,页面主按钮/行操作/更多菜单/标准弹层，具体位置由模板和页面操作规格确定,具备权限 公开，且资源状态允许“校验邀请码和注册必填规则”；按钮显示条件由页面状态表和状态机共同决定,不存在同资源写请求；必填字段有效；服务端 version 未被本地标记过期；需要审批时已选择审批单,校验 inviteCode,inviteCode,金额、权益或发布范围变化时二次确认；普通可撤销保存不需要,POST /api/v1/auth/invite-codes/validate；请求模型 AuthPostAuthInviteCodesValidateRequest；响应模型 AuthPostAuthInviteCodesValidateResponse,同资源单写请求锁；状态机服务端复核,提交期间锁定同资源写操作，保留输入并显示明确进度；禁止全页无反馈等待,写操作不自动重试；用户重新确认后使用最新 version 发起新请求,默认留在当前页并刷新；创建成功进入详情，支付/认证/发布结果按对应流程导航,当前资源、来源列表、全局角标/余额/待办中与该领域相关的缓存；禁止无差别清空全部缓存,记录必要业务埋点；读取高敏字段时额外记录访问审计,遵循最小采集；仅记录业务标识和状态，不记录自由文本中的个人信息,GET 可展示明确标记的最近缓存；写操作离线时禁止提交，不进入隐式离线队列,AuthPostAuthInviteCodesValidateResponse,READY_FOR_IMPLEMENTATION
ACT-AUTH-003-05,ANDROID,SCR-AUTH-003,注册账号,/register,读取当前注册协议版本配置,用户进入注册流程后显式加载当前协议，GET不要求幂等键,GET /api/v1/auth/registration-config,authGetAuthRegistrationConfig,AuthGetAuthRegistrationConfigParameters,公开,不要求,仅更新当前协议版本和勾选状态；无生效版本时禁用注册,网络或服务失败保留输入并显示可恢复提示和 requestId,ui_action_scr_auth_003_05,REQ-AUTH-005,TST-AUTH_005-HAPPY,FROZEN_DETAILED_V1.2.2,LIST_QUERY,注册页“加载当前注册协议”按钮,仅注册页显示,网络可用且未提交,无请求体,无,不需要,GET /api/v1/auth/registration-config；请求模型 AuthGetAuthRegistrationConfigParameters；响应模型 AuthGetAuthRegistrationConfigResponse,同请求去重,按钮内显示加载状态；保留已有可验证输入,GET可人工重试；网络瞬断最多指数退避自动重试2次,留在当前页并要求用户勾选确认,仅更新注册协议版本状态；不清空表单输入,记录必要业务埋点；不记录协议内容,仅保存版本ID于本次请求内存；不写日志或本地明文缓存,离线时禁止注册提交并提供重试,AuthGetAuthRegistrationConfigResponse,READY_FOR_IMPLEMENTATION
ACT-AUTH-003-04,ANDROID,SCR-AUTH-003,注册账号,/register,密码注册、短信校验、邀请码绑定、随机用户名,用户显式点击操作入口，且本地字段校验、权限、状态机前置条件全部满足,POST /api/v1/auth/register,authPostAuthRegister,AuthPostAuthRegisterRequest,公开,X-Idempotency-Key必填,以响应数据更新页面和关联缓存；展示“密码注册、短信校验、邀请码绑定、随机用户名成功”；仅刷新受影响区域,400逐字段映射；401要求重新认证；403隐藏后续写入口并记录越权拒绝；409提示数据已变化并重新加载；422展示业务原因且保留输入；429显示可重试时间；500保留上下文并提供 requestId,ui_action_scr_auth_003_04,REQ-AUTH-001;REQ-AUTH-002;REQ-AUTH-003;REQ-AUTH-004;REQ-AUTH-005,TST-AUTH_001-HAPPY;TST-AUTH_002-HAPPY;TST-AUTH_003-HAPPY;TST-AUTH_004-HAPPY;TST-AUTH_005-HAPPY;TST-AUTH_001-IDEMPOTENT;TST-AUTH_002-IDEMPOTENT;TST-AUTH_003-IDEMPOTENT;TST-AUTH_004-IDEMPOTENT;TST-AUTH_005-IDEMPOTENT,FROZEN_DETAILED_V1.2.2,CREATE_OR_SUBMIT,页面主按钮/行操作/更多菜单/标准弹层，具体位置由模板和页面操作规格确定,具备权限 公开，且资源状态允许“密码注册、短信校验、邀请码绑定、随机用户名”；按钮显示条件由页面状态表和状态机共同决定,不存在同资源写请求；必填字段有效；服务端 version 未被本地标记过期；需要审批时已选择审批单,"校验 X-Idempotency-Key,phone,smsCode,password,inviteCode,agreementVersions,device；同一业务意图生成稳定 X-Idempotency-Key；请求体变化必须换键；敏感值仅在内存中使用，不写日志、URL、埋点或本地明文缓存",X-Idempotency-Key;phone;smsCode;password;inviteCode;agreementVersions;device,金额、权益或发布范围变化时二次确认；普通可撤销保存不需要,POST /api/v1/auth/register；请求模型 AuthPostAuthRegisterRequest；响应模型 AuthPostAuthRegisterResponse,X-Idempotency-Key + 服务端结果查询,提交期间锁定同资源写操作，保留输入并显示明确进度；禁止全页无反馈等待,使用同一幂等键仅重试同一请求体；若服务端已受理则先查询结果；409版本冲突不得盲重试,默认留在当前页并刷新；创建成功进入详情，支付/认证/发布结果按对应流程导航,当前资源、来源列表、全局角标/余额/待办中与该领域相关的缓存；禁止无差别清空全部缓存,记录必要业务埋点；读取高敏字段时额外记录访问审计,敏感字段按数据分级脱敏；密码、验证码、身份证、支付账号、秘密引用绝不进入埋点和普通日志,GET 可展示明确标记的最近缓存；写操作离线时禁止提交，不进入隐式离线队列,AuthPostAuthRegisterResponse,READY_FOR_IMPLEMENTATION
ACT-AUTH-004-01,ANDROID,SCR-AUTH-004,忘记密码,/password/reset,创建图形/行为安全挑战,用户显式点击操作入口，且本地字段校验、权限、状态机前置条件全部满足,POST /api/v1/auth/security-challenges,authPostAuthSecurityChallenges,AuthPostAuthSecurityChallengesRequest,公开,X-Idempotency-Key必填,使用响应中的资源和 version 更新页面；清除已提交脏状态；展示“创建图形/行为安全挑战成功”；刷新受影响列表、详情、余额或配置版本,400逐字段映射；401要求重新认证；403隐藏后续写入口并记录越权拒绝；409提示数据已变化并重新加载；422展示业务原因且保留输入；429显示可重试时间；500保留上下文并提供 requestId,ui_action_scr_auth_004_01,REQ-AUTH-001;REQ-AUTH-002;REQ-AUTH-003;REQ-AUTH-004,TST-AUTH_001-HAPPY;TST-AUTH_002-HAPPY;TST-AUTH_003-HAPPY;TST-AUTH_004-HAPPY;TST-AUTH_001-IDEMPOTENT;TST-AUTH_002-IDEMPOTENT;TST-AUTH_003-IDEMPOTENT;TST-AUTH_004-IDEMPOTENT,FROZEN_DETAILED_V1.2.2,CREATE_OR_SUBMIT,页面主按钮/行操作/更多菜单/标准弹层，具体位置由模板和页面操作规格确定,具备权限 公开，且资源状态允许“创建图形/行为安全挑战”；按钮显示条件由页面状态表和状态机共同决定,不存在同资源写请求；必填字段有效；服务端 version 未被本地标记过期；需要审批时已选择审批单,"校验 X-Idempotency-Key,scene,clientNonce,deviceFingerprint；同一业务意图生成稳定 X-Idempotency-Key；请求体变化必须换键",X-Idempotency-Key;scene;clientNonce;deviceFingerprint,金额、权益或发布范围变化时二次确认；普通可撤销保存不需要,POST /api/v1/auth/security-challenges；请求模型 AuthPostAuthSecurityChallengesRequest；响应模型 AuthPostAuthSecurityChallengesResponse,X-Idempotency-Key + 服务端结果查询,提交期间锁定同资源写操作，保留输入并显示明确进度；禁止全页无反馈等待,使用同一幂等键仅重试同一请求体；若服务端已受理则先查询结果；409版本冲突不得盲重试,默认留在当前页并刷新；创建成功进入详情，支付/认证/发布结果按对应流程导航,当前资源、来源列表、全局角标/余额/待办中与该领域相关的缓存；禁止无差别清空全部缓存,记录必要业务埋点；读取高敏字段时额外记录访问审计,遵循最小采集；仅记录业务标识和状态，不记录自由文本中的个人信息,GET 可展示明确标记的最近缓存；写操作离线时禁止提交，不进入隐式离线队列,AuthPostAuthSecurityChallengesResponse,READY_FOR_IMPLEMENTATION
ACT-AUTH-004-02,ANDROID,SCR-AUTH-004,忘记密码,/password/reset,阿里云短信验证码：LOGIN/REGISTER/RESET_PASSWORD,用户显式点击操作入口，且本地字段校验、权限、状态机前置条件全部满足,POST /api/v1/auth/sms/send,authPostAuthSmsSend,AuthPostAuthSmsSendRequest,公开+安全挑战,X-Idempotency-Key必填,以响应数据更新页面和关联缓存；展示“阿里云短信验证码：LOGIN/REGISTER/RESET_PASSWORD成功”；仅刷新受影响区域,400逐字段映射；401要求重新认证；403隐藏后续写入口并记录越权拒绝；409提示数据已变化并重新加载；422展示业务原因且保留输入；429显示可重试时间；500保留上下文并提供 requestId,ui_action_scr_auth_004_02,REQ-AUTH-001;REQ-AUTH-002;REQ-AUTH-003;REQ-AUTH-004,TST-AUTH_001-HAPPY;TST-AUTH_002-HAPPY;TST-AUTH_003-HAPPY;TST-AUTH_004-HAPPY;TST-AUTH_001-IDEMPOTENT;TST-AUTH_002-IDEMPOTENT;TST-AUTH_003-IDEMPOTENT;TST-AUTH_004-IDEMPOTENT,FROZEN_DETAILED_V1.2.2,CREATE_OR_SUBMIT,页面主按钮/行操作/更多菜单/标准弹层，具体位置由模板和页面操作规格确定,具备权限 公开+安全挑战，且资源状态允许“阿里云短信验证码：LOGIN/REGISTER/RESET_PASSWORD”；按钮显示条件由页面状态表和状态机共同决定,不存在同资源写请求；必填字段有效；服务端 version 未被本地标记过期；需要审批时已选择审批单,"校验 X-Idempotency-Key,phone,scene,challengeId,challengeProof；同一业务意图生成稳定 X-Idempotency-Key；请求体变化必须换键；敏感值仅在内存中使用，不写日志、URL、埋点或本地明文缓存",X-Idempotency-Key;phone;scene;challengeId;challengeProof,金额、权益或发布范围变化时二次确认；普通可撤销保存不需要,POST /api/v1/auth/sms/send；请求模型 AuthPostAuthSmsSendRequest；响应模型 AuthPostAuthSmsSendResponse,X-Idempotency-Key + 服务端结果查询,提交期间锁定同资源写操作，保留输入并显示明确进度；禁止全页无反馈等待,使用同一幂等键仅重试同一请求体；若服务端已受理则先查询结果；409版本冲突不得盲重试,默认留在当前页并刷新；创建成功进入详情，支付/认证/发布结果按对应流程导航,当前资源、来源列表、全局角标/余额/待办中与该领域相关的缓存；禁止无差别清空全部缓存,记录必要业务埋点；读取高敏字段时额外记录访问审计,敏感字段按数据分级脱敏；密码、验证码、身份证、支付账号、秘密引用绝不进入埋点和普通日志,GET 可展示明确标记的最近缓存；写操作离线时禁止提交，不进入隐式离线队列,AuthPostAuthSmsSendResponse,READY_FOR_IMPLEMENTATION
ACT-AUTH-004-03,ANDROID,SCR-AUTH-004,忘记密码,/password/reset,短信校验后重置密码,用户显式点击操作入口，且本地字段校验、权限、状态机前置条件全部满足,POST /api/v1/auth/password/reset,authPostAuthPasswordReset,AuthPostAuthPasswordResetRequest,公开,X-Idempotency-Key必填,以响应数据更新页面和关联缓存；展示“短信校验后重置密码成功”；仅刷新受影响区域,400逐字段映射；401要求重新认证；403隐藏后续写入口并记录越权拒绝；409提示数据已变化并重新加载；422展示业务原因且保留输入；429显示可重试时间；500保留上下文并提供 requestId,ui_action_scr_auth_004_03,REQ-AUTH-001;REQ-AUTH-002;REQ-AUTH-003;REQ-AUTH-004,TST-AUTH_001-HAPPY;TST-AUTH_002-HAPPY;TST-AUTH_003-HAPPY;TST-AUTH_004-HAPPY;TST-AUTH_001-IDEMPOTENT;TST-AUTH_002-IDEMPOTENT;TST-AUTH_003-IDEMPOTENT;TST-AUTH_004-IDEMPOTENT,FROZEN_DETAILED_V1.2.2,CREATE_OR_SUBMIT,页面主按钮/行操作/更多菜单/标准弹层，具体位置由模板和页面操作规格确定,具备权限 公开，且资源状态允许“短信校验后重置密码”；按钮显示条件由页面状态表和状态机共同决定,不存在同资源写请求；必填字段有效；服务端 version 未被本地标记过期；需要审批时已选择审批单,"校验 X-Idempotency-Key,phone,smsCode,newPassword；同一业务意图生成稳定 X-Idempotency-Key；请求体变化必须换键；敏感值仅在内存中使用，不写日志、URL、埋点或本地明文缓存",X-Idempotency-Key;phone;smsCode;newPassword,金额、权益或发布范围变化时二次确认；普通可撤销保存不需要,POST /api/v1/auth/password/reset；请求模型 AuthPostAuthPasswordResetRequest；响应模型 AuthPostAuthPasswordResetResponse,X-Idempotency-Key + 服务端结果查询,提交期间锁定同资源写操作，保留输入并显示明确进度；禁止全页无反馈等待,使用同一幂等键仅重试同一请求体；若服务端已受理则先查询结果；409版本冲突不得盲重试,默认留在当前页并刷新；创建成功进入详情，支付/认证/发布结果按对应流程导航,当前资源、来源列表、全局角标/余额/待办中与该领域相关的缓存；禁止无差别清空全部缓存,记录必要业务埋点；读取高敏字段时额外记录访问审计,敏感字段按数据分级脱敏；密码、验证码、身份证、支付账号、秘密引用绝不进入埋点和普通日志,GET 可展示明确标记的最近缓存；写操作离线时禁止提交，不进入隐式离线队列,AuthPostAuthPasswordResetResponse,READY_FOR_IMPLEMENTATION
ACT-AUTH-005-01,ANDROID,SCR-AUTH-005,账号冻结,/account-blocked,当前用户资料,页面进入、显式刷新、从后台恢复且缓存过期，或收到相关领域事件后触发,GET /api/v1/me,userGetMe,UserGetMeParameters,登录,不要求,以服务端返回的 version 和状态覆盖详情；重算按钮显示/可用条件；记录页面曝光和请求 requestId,404显示资源不存在或已下架并提供返回；403显示无权限；409触发重新拉取；网络失败保留缓存并标记可能过期,ui_action_scr_auth_005_01,REQ-AUTH-001;REQ-AUTH-002;REQ-AUTH-003;REQ-AUTH-004,TST-AUTH_001-HAPPY;TST-AUTH_002-HAPPY;TST-AUTH_003-HAPPY;TST-AUTH_004-HAPPY,FROZEN_DETAILED_V1.2.2,DETAIL_QUERY,页面主按钮/行操作/更多菜单/标准弹层，具体位置由模板和页面操作规格确定,页面具备读取权限且路由参数完整,网络可用且不存在同资源进行中的请求,路由参数、权限和页面状态有效,无业务请求体；仅使用路由/会话上下文,不需要,GET /api/v1/me；请求模型 UserGetMeParameters；响应模型 UserGetMeResponse,同资源单写请求锁；状态机服务端复核,首次进入使用结构骨架；刷新保留当前内容并显示轻量刷新态,GET 可人工重试；缓存可作为只读降级但禁止基于过期数据执行写操作,留在当前页；资源不存在时返回上一级并从来源列表移除或标记,当前资源、来源列表、全局角标/余额/待办中与该领域相关的缓存；禁止无差别清空全部缓存,记录必要业务埋点；读取高敏字段时额外记录访问审计,遵循最小采集；仅记录业务标识和状态，不记录自由文本中的个人信息,GET 可展示明确标记的最近缓存；写操作离线时禁止提交，不进入隐式离线队列,UserGetMeResponse,READY_FOR_IMPLEMENTATION
ACT-AUTH-005-02,ANDROID,SCR-AUTH-005,账号冻结,/account-blocked,创建工单,用户显式点击操作入口，且本地字段校验、权限、状态机前置条件全部满足,POST /api/v1/support/tickets,supportPostSupportTickets,SupportPostSupportTicketsRequest,登录,X-Idempotency-Key必填,使用响应中的资源和 version 更新页面；清除已提交脏状态；展示“创建工单成功”；刷新受影响列表、详情、余额或配置版本,400逐字段映射；401要求重新认证；403隐藏后续写入口并记录越权拒绝；409提示数据已变化并重新加载；422展示业务原因且保留输入；429显示可重试时间；500保留上下文并提供 requestId,ui_action_scr_auth_005_02,REQ-AUTH-001;REQ-AUTH-002;REQ-AUTH-003;REQ-AUTH-004,TST-AUTH_001-HAPPY;TST-AUTH_002-HAPPY;TST-AUTH_003-HAPPY;TST-AUTH_004-HAPPY;TST-AUTH_001-IDEMPOTENT;TST-AUTH_002-IDEMPOTENT;TST-AUTH_003-IDEMPOTENT;TST-AUTH_004-IDEMPOTENT,FROZEN_DETAILED_V1.2.2,CREATE_OR_SUBMIT,页面主按钮/行操作/更多菜单/标准弹层，具体位置由模板和页面操作规格确定,具备权限 登录，且资源状态允许“创建工单”；按钮显示条件由页面状态表和状态机共同决定,不存在同资源写请求；必填字段有效；服务端 version 未被本地标记过期；需要审批时已选择审批单,"校验 X-Idempotency-Key,category,subject,content,attachments；同一业务意图生成稳定 X-Idempotency-Key；请求体变化必须换键",X-Idempotency-Key;category;subject;content;attachments,金额、权益或发布范围变化时二次确认；普通可撤销保存不需要,POST /api/v1/support/tickets；请求模型 SupportPostSupportTicketsRequest；响应模型 SupportPostSupportTicketsResponse,X-Idempotency-Key + 服务端结果查询,提交期间锁定同资源写操作，保留输入并显示明确进度；禁止全页无反馈等待,使用同一幂等键仅重试同一请求体；若服务端已受理则先查询结果；409版本冲突不得盲重试,默认留在当前页并刷新；创建成功进入详情，支付/认证/发布结果按对应流程导航,当前资源、来源列表、全局角标/余额/待办中与该领域相关的缓存；禁止无差别清空全部缓存,记录必要业务埋点；读取高敏字段时额外记录访问审计,遵循最小采集；仅记录业务标识和状态，不记录自由文本中的个人信息,GET 可展示明确标记的最近缓存；写操作离线时禁止提交，不进入隐式离线队列,SupportPostSupportTicketsResponse,READY_FOR_IMPLEMENTATION
ACT-AUTH-006-01,ANDROID,SCR-AUTH-006,登录设备,/me/security/devices,登录设备列表,用户显式提交且本地校验、安全挑战或会话升级条件已满足,GET /api/v1/auth/sessions,authGetAuthSessions,AuthGetAuthSessionsParameters,登录,不要求,更新认证会话或安全状态；清除一次性挑战和敏感输入；按来源跳转；记录安全审计但不记录秘密,字段错误就地提示；挑战过期要求重建；限流显示剩余时间；账号受限跳转账号受限页；服务端错误不清空可安全保留的非敏感字段,ui_action_scr_auth_006_01,REQ-AUTH-001;REQ-AUTH-002;REQ-AUTH-003;REQ-AUTH-004,TST-AUTH_001-HAPPY;TST-AUTH_002-HAPPY;TST-AUTH_003-HAPPY;TST-AUTH_004-HAPPY,FROZEN_DETAILED_V1.2.2,AUTH_SECURITY,页面主按钮/行操作/更多菜单/标准弹层，具体位置由模板和页面操作规格确定,仅在当前认证状态允许时显示；已完成步骤不可重复展示,必填字段有效、验证码/挑战未过期、未触发倒计时或锁定,"校验 page,pageSize,cursor,status,keyword,sort",page;pageSize;cursor;status;keyword;sort,修改密码、解绑MFA、退出全部会话等高风险操作需要二次确认；登录和普通验证不需要,GET /api/v1/auth/sessions；请求模型 AuthGetAuthSessionsParameters；响应模型 AuthGetAuthSessionsResponse,同资源单写请求锁；状态机服务端复核,锁定提交按钮，保留非敏感输入；密码、验证码和密钥不得写入日志、埋点或持久化,仅在获得新挑战/验证码或用户再次确认后重试；幂等键不得跨不同提交内容复用,按认证流程图跳转到首页、MFA、账号受限页或原始目标页,当前资源、来源列表、全局角标/余额/待办中与该领域相关的缓存；禁止无差别清空全部缓存,记录必要业务埋点；读取高敏字段时额外记录访问审计,遵循最小采集；仅记录业务标识和状态，不记录自由文本中的个人信息,GET 可展示明确标记的最近缓存；写操作离线时禁止提交，不进入隐式离线队列,AuthGetAuthSessionsResponse,READY_FOR_IMPLEMENTATION
ACT-AUTH-006-02,ANDROID,SCR-AUTH-006,登录设备,/me/security/devices,下线设备,用户显式点击操作入口，且本地字段校验、权限、状态机前置条件全部满足,DELETE /api/v1/auth/sessions/{id},authDeleteAuthSessionsById,AuthDeleteAuthSessionsByIdParameters,登录,X-Idempotency-Key必填,按状态机更新资源并移除或禁用不再可用的操作；展示“下线设备成功”；保留操作记录入口,400逐字段映射；401要求重新认证；403隐藏后续写入口并记录越权拒绝；409提示数据已变化并重新加载；422展示业务原因且保留输入；429显示可重试时间；500保留上下文并提供 requestId,ui_action_scr_auth_006_02,REQ-AUTH-001;REQ-AUTH-002;REQ-AUTH-003;REQ-AUTH-004,TST-AUTH_001-HAPPY;TST-AUTH_002-HAPPY;TST-AUTH_003-HAPPY;TST-AUTH_004-HAPPY;TST-AUTH_001-IDEMPOTENT;TST-AUTH_002-IDEMPOTENT;TST-AUTH_003-IDEMPOTENT;TST-AUTH_004-IDEMPOTENT,FROZEN_DETAILED_V1.2.2,DESTRUCTIVE_COMMAND,页面主按钮/行操作/更多菜单/标准弹层，具体位置由模板和页面操作规格确定,具备权限 登录，且资源状态允许“下线设备”；按钮显示条件由页面状态表和状态机共同决定,不存在同资源写请求；必填字段有效；服务端 version 未被本地标记过期；需要审批时已选择审批单,"校验 id,X-Idempotency-Key,xIdempotencyKey；同一业务意图生成稳定 X-Idempotency-Key；请求体变化必须换键",id;X-Idempotency-Key;xIdempotencyKey,必须二次确认；确认框展示目标、影响、不可逆性、原因、审批要求和将触发的通知,DELETE /api/v1/auth/sessions/{id}；请求模型 AuthDeleteAuthSessionsByIdParameters；响应模型 AuthDeleteAuthSessionsByIdResponse,X-Idempotency-Key + 服务端结果查询,提交期间锁定同资源写操作，保留输入并显示明确进度；禁止全页无反馈等待,使用同一幂等键仅重试同一请求体；若服务端已受理则先查询结果；409版本冲突不得盲重试,默认留在当前页并刷新；创建成功进入详情，支付/认证/发布结果按对应流程导航,当前资源、来源列表、全局角标/余额/待办中与该领域相关的缓存；禁止无差别清空全部缓存,记录操作人、角色、目标、前后状态/版本、原因、审批单、requestId、IP/设备和结果,遵循最小采集；仅记录业务标识和状态，不记录自由文本中的个人信息,GET 可展示明确标记的最近缓存；写操作离线时禁止提交，不进入隐式离线队列,AuthDeleteAuthSessionsByIdResponse,READY_FOR_IMPLEMENTATION
ACT-AUTH-007-01,ANDROID,SCR-AUTH-007,修改登录密码,/me/security/password,修改登录密码,用户显式提交且本地校验、安全挑战或会话升级条件已满足,POST /api/v1/me/security/password/change,authPostMeSecurityPasswordChange,AuthPostMeSecurityPasswordChangeRequest,登录,X-Idempotency-Key必填,更新认证会话或安全状态；清除一次性挑战和敏感输入；按来源跳转；记录安全审计但不记录秘密,字段错误就地提示；挑战过期要求重建；限流显示剩余时间；账号受限跳转账号受限页；服务端错误不清空可安全保留的非敏感字段,ui_action_scr_auth_007_01,REQ-AUTH-001;REQ-AUTH-002;REQ-AUTH-003;REQ-AUTH-004,TST-AUTH_001-HAPPY;TST-AUTH_002-HAPPY;TST-AUTH_003-HAPPY;TST-AUTH_004-HAPPY;TST-AUTH_001-IDEMPOTENT;TST-AUTH_002-IDEMPOTENT;TST-AUTH_003-IDEMPOTENT;TST-AUTH_004-IDEMPOTENT,FROZEN_DETAILED_V1.2.2,AUTH_SECURITY,页面主按钮/行操作/更多菜单/标准弹层，具体位置由模板和页面操作规格确定,仅在当前认证状态允许时显示；已完成步骤不可重复展示,必填字段有效、验证码/挑战未过期、未触发倒计时或锁定,"校验 X-Idempotency-Key,currentPassword,newPassword,smsCode；同一业务意图生成稳定 X-Idempotency-Key；请求体变化必须换键；敏感值仅在内存中使用，不写日志、URL、埋点或本地明文缓存",X-Idempotency-Key;currentPassword;newPassword;smsCode,修改密码、解绑MFA、退出全部会话等高风险操作需要二次确认；登录和普通验证不需要,POST /api/v1/me/security/password/change；请求模型 AuthPostMeSecurityPasswordChangeRequest；响应模型 AuthPostMeSecurityPasswordChangeResponse,X-Idempotency-Key + 服务端结果查询,锁定提交按钮，保留非敏感输入；密码、验证码和密钥不得写入日志、埋点或持久化,仅在获得新挑战/验证码或用户再次确认后重试；幂等键不得跨不同提交内容复用,按认证流程图跳转到首页、MFA、账号受限页或原始目标页,当前资源、来源列表、全局角标/余额/待办中与该领域相关的缓存；禁止无差别清空全部缓存,记录必要业务埋点；读取高敏字段时额外记录访问审计,敏感字段按数据分级脱敏；密码、验证码、身份证、支付账号、秘密引用绝不进入埋点和普通日志,GET 可展示明确标记的最近缓存；写操作离线时禁止提交，不进入隐式离线队列,AuthPostMeSecurityPasswordChangeResponse,READY_FOR_IMPLEMENTATION
ACT-AUTH-008-01,ANDROID,SCR-AUTH-008,注销账号,/me/security/cancel,申请注销,用户显式点击操作入口，且本地字段校验、权限、状态机前置条件全部满足,POST /api/v1/me/cancellation,userPostMeCancellation,UserPostMeCancellationRequest,登录,X-Idempotency-Key必填,以响应数据更新页面和关联缓存；展示“申请注销成功”；仅刷新受影响区域,400逐字段映射；401要求重新认证；403隐藏后续写入口并记录越权拒绝；409提示数据已变化并重新加载；422展示业务原因且保留输入；429显示可重试时间；500保留上下文并提供 requestId,ui_action_scr_auth_008_01,REQ-AUTH-001;REQ-AUTH-002;REQ-AUTH-003;REQ-AUTH-004,TST-AUTH_001-HAPPY;TST-AUTH_002-HAPPY;TST-AUTH_003-HAPPY;TST-AUTH_004-HAPPY;TST-AUTH_001-IDEMPOTENT;TST-AUTH_002-IDEMPOTENT;TST-AUTH_003-IDEMPOTENT;TST-AUTH_004-IDEMPOTENT,FROZEN_DETAILED_V1.2.2,CREATE_OR_SUBMIT,页面主按钮/行操作/更多菜单/标准弹层，具体位置由模板和页面操作规格确定,具备权限 登录，且资源状态允许“申请注销”；按钮显示条件由页面状态表和状态机共同决定,不存在同资源写请求；必填字段有效；服务端 version 未被本地标记过期；需要审批时已选择审批单,"校验 X-Idempotency-Key,reason,smsCode,expectedVersion；expectedVersion 必须等于页面最后一次成功读取的服务端版本；同一业务意图生成稳定 X-Idempotency-Key；请求体变化必须换键；敏感值仅在内存中使用，不写日志、URL、埋点或本地明文缓存",X-Idempotency-Key;reason;smsCode;expectedVersion,必须二次确认；确认框展示目标、影响、不可逆性、原因、审批要求和将触发的通知,POST /api/v1/me/cancellation；请求模型 UserPostMeCancellationRequest；响应模型 UserPostMeCancellationResponse,expectedVersion 乐观锁 + X-Idempotency-Key + 服务端结果查询,提交期间锁定同资源写操作，保留输入并显示明确进度；禁止全页无反馈等待,使用同一幂等键仅重试同一请求体；若服务端已受理则先查询结果；409版本冲突不得盲重试,默认留在当前页并刷新；创建成功进入详情，支付/认证/发布结果按对应流程导航,当前资源、来源列表、全局角标/余额/待办中与该领域相关的缓存；禁止无差别清空全部缓存,记录必要业务埋点；读取高敏字段时额外记录访问审计,敏感字段按数据分级脱敏；密码、验证码、身份证、支付账号、秘密引用绝不进入埋点和普通日志,GET 可展示明确标记的最近缓存；写操作离线时禁止提交，不进入隐式离线队列,UserPostMeCancellationResponse,READY_FOR_IMPLEMENTATION
ACT-HOME-001-01,ANDROID,SCR-HOME-001,首页,/home,首页聚合,页面进入、显式刷新、从后台恢复且缓存过期，或收到相关领域事件后触发,GET /api/v1/home,homeGetHome,HomeGetHomeParameters,登录,不要求,以服务端返回的 version 和状态覆盖详情；重算按钮显示/可用条件；记录页面曝光和请求 requestId,404显示资源不存在或已下架并提供返回；403显示无权限；409触发重新拉取；网络失败保留缓存并标记可能过期,ui_action_scr_home_001_01,REQ-HOME-001;REQ-CONTENT-001,TST-HOME_001-HAPPY;TST-CONTENT_001-HAPPY,FROZEN_DETAILED_V1.2.2,DETAIL_QUERY,页面主按钮/行操作/更多菜单/标准弹层，具体位置由模板和页面操作规格确定,页面具备读取权限且路由参数完整,网络可用且不存在同资源进行中的请求,路由参数、权限和页面状态有效,无业务请求体；仅使用路由/会话上下文,不需要,GET /api/v1/home；请求模型 HomeGetHomeParameters；响应模型 HomeGetHomeResponse,同资源单写请求锁；状态机服务端复核,首次进入使用结构骨架；刷新保留当前内容并显示轻量刷新态,GET 可人工重试；缓存可作为只读降级但禁止基于过期数据执行写操作,留在当前页；资源不存在时返回上一级并从来源列表移除或标记,当前资源、来源列表、全局角标/余额/待办中与该领域相关的缓存；禁止无差别清空全部缓存,记录必要业务埋点；读取高敏字段时额外记录访问审计,遵循最小采集；仅记录业务标识和状态，不记录自由文本中的个人信息,GET 可展示明确标记的最近缓存；写操作离线时禁止提交，不进入隐式离线队列,HomeGetHomeResponse,READY_FOR_IMPLEMENTATION
ACT-SEARCH-001-01,ANDROID,SCR-SEARCH-001,全局搜索,/search,热搜,页面首次进入、下拉刷新、筛选/排序变化或滚动触底时触发；相同查询条件避免并发重复请求,GET /api/v1/search/hot,searchGetSearchHot,SearchGetSearchHotParameters,登录,不要求,首屏替换数据，翻页仅追加去重；更新分页、筛选回显、总数/游标和最后刷新时间；空结果进入业务空状态,首屏失败显示全页错误与重试；刷新失败保留旧数据并提示；翻页失败保留已加载数据并提供行内重试；401跳登录或会话升级，403显示无权限，404不适用,ui_action_scr_search_001_01,REQ-SEARCH-001,TST-SEARCH_001-HAPPY,FROZEN_DETAILED_V1.2.2,LIST_QUERY,页面主按钮/行操作/更多菜单/标准弹层，具体位置由模板和页面操作规格确定,页面具备读取权限；筛选项按数据范围和角色显示,网络可用；非正在刷新；翻页时 nextCursor/hasNext 为真,"校验 page,pageSize,cursor,status,keyword,sort",page;pageSize;cursor;status;keyword;sort,不需要,GET /api/v1/search/hot；请求模型 SearchGetSearchHotParameters；响应模型 SearchGetSearchHotResponse,同资源单写请求锁；状态机服务端复核,首屏使用骨架屏；刷新保留现有数据；翻页使用列表尾部加载器,GET 可人工重试；网络瞬断最多指数退避自动重试 2 次；筛选变化取消旧请求,留在当前页；点击行/卡片按页面导航规格进入详情,当前资源、来源列表、全局角标/余额/待办中与该领域相关的缓存；禁止无差别清空全部缓存,记录必要业务埋点；读取高敏字段时额外记录访问审计,遵循最小采集；仅记录业务标识和状态，不记录自由文本中的个人信息,GET 可展示明确标记的最近缓存；写操作离线时禁止提交，不进入隐式离线队列,SearchGetSearchHotResponse,READY_FOR_IMPLEMENTATION
ACT-SEARCH-001-02,ANDROID,SCR-SEARCH-001,全局搜索,/search,搜索历史,页面首次进入、下拉刷新、筛选/排序变化或滚动触底时触发；相同查询条件避免并发重复请求,GET /api/v1/search/history,searchGetSearchHistory,SearchGetSearchHistoryParameters,登录,不要求,首屏替换数据，翻页仅追加去重；更新分页、筛选回显、总数/游标和最后刷新时间；空结果进入业务空状态,首屏失败显示全页错误与重试；刷新失败保留旧数据并提示；翻页失败保留已加载数据并提供行内重试；401跳登录或会话升级，403显示无权限，404不适用,ui_action_scr_search_001_02,REQ-SEARCH-001,TST-SEARCH_001-HAPPY,FROZEN_DETAILED_V1.2.2,LIST_QUERY,页面主按钮/行操作/更多菜单/标准弹层，具体位置由模板和页面操作规格确定,页面具备读取权限；筛选项按数据范围和角色显示,网络可用；非正在刷新；翻页时 nextCursor/hasNext 为真,"校验 page,pageSize,cursor,status,keyword,sort",page;pageSize;cursor;status;keyword;sort,不需要,GET /api/v1/search/history；请求模型 SearchGetSearchHistoryParameters；响应模型 SearchGetSearchHistoryResponse,同资源单写请求锁；状态机服务端复核,首屏使用骨架屏；刷新保留现有数据；翻页使用列表尾部加载器,GET 可人工重试；网络瞬断最多指数退避自动重试 2 次；筛选变化取消旧请求,留在当前页；点击行/卡片按页面导航规格进入详情,当前资源、来源列表、全局角标/余额/待办中与该领域相关的缓存；禁止无差别清空全部缓存,记录必要业务埋点；读取高敏字段时额外记录访问审计,遵循最小采集；仅记录业务标识和状态，不记录自由文本中的个人信息,GET 可展示明确标记的最近缓存；写操作离线时禁止提交，不进入隐式离线队列,SearchGetSearchHistoryResponse,READY_FOR_IMPLEMENTATION
ACT-SEARCH-001-03,ANDROID,SCR-SEARCH-001,全局搜索,/search,全局搜索,页面首次进入、下拉刷新、筛选/排序变化或滚动触底时触发；相同查询条件避免并发重复请求,GET /api/v1/search,searchGetSearch,SearchGetSearchParameters,登录,不要求,首屏替换数据，翻页仅追加去重；更新分页、筛选回显、总数/游标和最后刷新时间；空结果进入业务空状态,首屏失败显示全页错误与重试；刷新失败保留旧数据并提示；翻页失败保留已加载数据并提供行内重试；401跳登录或会话升级，403显示无权限，404不适用,ui_action_scr_search_001_03,REQ-SEARCH-001,TST-SEARCH_001-HAPPY,FROZEN_DETAILED_V1.2.2,LIST_QUERY,页面主按钮/行操作/更多菜单/标准弹层，具体位置由模板和页面操作规格确定,页面具备读取权限；筛选项按数据范围和角色显示,网络可用；非正在刷新；翻页时 nextCursor/hasNext 为真,"校验 q,contentType,categoryCode,regionCode",q;contentType;categoryCode;regionCode,不需要,GET /api/v1/search；请求模型 SearchGetSearchParameters；响应模型 SearchGetSearchResponse,同资源单写请求锁；状态机服务端复核,首屏使用骨架屏；刷新保留现有数据；翻页使用列表尾部加载器,GET 可人工重试；网络瞬断最多指数退避自动重试 2 次；筛选变化取消旧请求,留在当前页；点击行/卡片按页面导航规格进入详情,当前资源、来源列表、全局角标/余额/待办中与该领域相关的缓存；禁止无差别清空全部缓存,记录必要业务埋点；读取高敏字段时额外记录访问审计,遵循最小采集；仅记录业务标识和状态，不记录自由文本中的个人信息,GET 可展示明确标记的最近缓存；写操作离线时禁止提交，不进入隐式离线队列,SearchGetSearchResponse,READY_FOR_IMPLEMENTATION
ACT-SEARCH-002-01,ANDROID,SCR-SEARCH-002,搜索结果,/search/result,全局搜索,页面首次进入、下拉刷新、筛选/排序变化或滚动触底时触发；相同查询条件避免并发重复请求,GET /api/v1/search,searchGetSearch,SearchGetSearchParameters,登录,不要求,首屏替换数据，翻页仅追加去重；更新分页、筛选回显、总数/游标和最后刷新时间；空结果进入业务空状态,首屏失败显示全页错误与重试；刷新失败保留旧数据并提示；翻页失败保留已加载数据并提供行内重试；401跳登录或会话升级，403显示无权限，404不适用,ui_action_scr_search_002_01,REQ-SEARCH-001,TST-SEARCH_001-HAPPY,FROZEN_DETAILED_V1.2.2,LIST_QUERY,页面主按钮/行操作/更多菜单/标准弹层，具体位置由模板和页面操作规格确定,页面具备读取权限；筛选项按数据范围和角色显示,网络可用；非正在刷新；翻页时 nextCursor/hasNext 为真,"校验 q,contentType,categoryCode,regionCode",q;contentType;categoryCode;regionCode,不需要,GET /api/v1/search；请求模型 SearchGetSearchParameters；响应模型 SearchGetSearchResponse,同资源单写请求锁；状态机服务端复核,首屏使用骨架屏；刷新保留现有数据；翻页使用列表尾部加载器,GET 可人工重试；网络瞬断最多指数退避自动重试 2 次；筛选变化取消旧请求,留在当前页；点击行/卡片按页面导航规格进入详情,当前资源、来源列表、全局角标/余额/待办中与该领域相关的缓存；禁止无差别清空全部缓存,记录必要业务埋点；读取高敏字段时额外记录访问审计,遵循最小采集；仅记录业务标识和状态，不记录自由文本中的个人信息,GET 可展示明确标记的最近缓存；写操作离线时禁止提交，不进入隐式离线队列,SearchGetSearchResponse,READY_FOR_IMPLEMENTATION
ACT-LIST-001-01,ANDROID,SCR-LIST-001,项目列表,/content/projects,统一内容列表,页面首次进入、下拉刷新、筛选/排序变化或滚动触底时触发；相同查询条件避免并发重复请求,GET /api/v1/contents,contentGetContents,ContentGetContentsParameters,登录,不要求,首屏替换数据，翻页仅追加去重；更新分页、筛选回显、总数/游标和最后刷新时间；空结果进入业务空状态,首屏失败显示全页错误与重试；刷新失败保留旧数据并提示；翻页失败保留已加载数据并提供行内重试；401跳登录或会话升级，403显示无权限，404不适用,ui_action_scr_list_001_01,REQ-CONTENT-001;REQ-PROJECT-001,TST-CONTENT_001-HAPPY;TST-PROJECT_001-HAPPY,FROZEN_DETAILED_V1.2.2,LIST_QUERY,页面主按钮/行操作/更多菜单/标准弹层，具体位置由模板和页面操作规格确定,页面具备读取权限；筛选项按数据范围和角色显示,网络可用；非正在刷新；翻页时 nextCursor/hasNext 为真,"校验 page,pageSize,cursor,status,keyword,sort,contentType,categoryCode,regionCode",page;pageSize;cursor;status;keyword;sort;contentType;categoryCode;regionCode,不需要,GET /api/v1/contents；请求模型 ContentGetContentsParameters；响应模型 ContentGetContentsResponse,同资源单写请求锁；状态机服务端复核,首屏使用骨架屏；刷新保留现有数据；翻页使用列表尾部加载器,GET 可人工重试；网络瞬断最多指数退避自动重试 2 次；筛选变化取消旧请求,留在当前页；点击行/卡片按页面导航规格进入详情,当前资源、来源列表、全局角标/余额/待办中与该领域相关的缓存；禁止无差别清空全部缓存,记录必要业务埋点；读取高敏字段时额外记录访问审计,遵循最小采集；仅记录业务标识和状态，不记录自由文本中的个人信息,GET 可展示明确标记的最近缓存；写操作离线时禁止提交，不进入隐式离线队列,ContentGetContentsResponse,READY_FOR_IMPLEMENTATION
ACT-LIST-002-01,ANDROID,SCR-LIST-002,App列表,/content/apps,统一内容列表,页面首次进入、下拉刷新、筛选/排序变化或滚动触底时触发；相同查询条件避免并发重复请求,GET /api/v1/contents,contentGetContents,ContentGetContentsParameters,登录,不要求,首屏替换数据，翻页仅追加去重；更新分页、筛选回显、总数/游标和最后刷新时间；空结果进入业务空状态,首屏失败显示全页错误与重试；刷新失败保留旧数据并提示；翻页失败保留已加载数据并提供行内重试；401跳登录或会话升级，403显示无权限，404不适用,ui_action_scr_list_002_01,REQ-CONTENT-001;REQ-APP-PROMO-001,TST-CONTENT_001-HAPPY;TST-APP_PROMO_001-HAPPY,FROZEN_DETAILED_V1.2.2,LIST_QUERY,页面主按钮/行操作/更多菜单/标准弹层，具体位置由模板和页面操作规格确定,页面具备读取权限；筛选项按数据范围和角色显示,网络可用；非正在刷新；翻页时 nextCursor/hasNext 为真,"校验 page,pageSize,cursor,status,keyword,sort,contentType,categoryCode,regionCode",page;pageSize;cursor;status;keyword;sort;contentType;categoryCode;regionCode,不需要,GET /api/v1/contents；请求模型 ContentGetContentsParameters；响应模型 ContentGetContentsResponse,同资源单写请求锁；状态机服务端复核,首屏使用骨架屏；刷新保留现有数据；翻页使用列表尾部加载器,GET 可人工重试；网络瞬断最多指数退避自动重试 2 次；筛选变化取消旧请求,留在当前页；点击行/卡片按页面导航规格进入详情,当前资源、来源列表、全局角标/余额/待办中与该领域相关的缓存；禁止无差别清空全部缓存,记录必要业务埋点；读取高敏字段时额外记录访问审计,遵循最小采集；仅记录业务标识和状态，不记录自由文本中的个人信息,GET 可展示明确标记的最近缓存；写操作离线时禁止提交，不进入隐式离线队列,ContentGetContentsResponse,READY_FOR_IMPLEMENTATION
ACT-LIST-003-01,ANDROID,SCR-LIST-003,群聊列表,/content/groups,统一内容列表,页面首次进入、下拉刷新、筛选/排序变化或滚动触底时触发；相同查询条件避免并发重复请求,GET /api/v1/contents,contentGetContents,ContentGetContentsParameters,登录,不要求,首屏替换数据，翻页仅追加去重；更新分页、筛选回显、总数/游标和最后刷新时间；空结果进入业务空状态,首屏失败显示全页错误与重试；刷新失败保留旧数据并提示；翻页失败保留已加载数据并提供行内重试；401跳登录或会话升级，403显示无权限，404不适用,ui_action_scr_list_003_01,REQ-CONTENT-001;REQ-GROUP-001,TST-CONTENT_001-HAPPY;TST-GROUP_001-HAPPY,FROZEN_DETAILED_V1.2.2,LIST_QUERY,页面主按钮/行操作/更多菜单/标准弹层，具体位置由模板和页面操作规格确定,页面具备读取权限；筛选项按数据范围和角色显示,网络可用；非正在刷新；翻页时 nextCursor/hasNext 为真,"校验 page,pageSize,cursor,status,keyword,sort,contentType,categoryCode,regionCode",page;pageSize;cursor;status;keyword;sort;contentType;categoryCode;regionCode,不需要,GET /api/v1/contents；请求模型 ContentGetContentsParameters；响应模型 ContentGetContentsResponse,同资源单写请求锁；状态机服务端复核,首屏使用骨架屏；刷新保留现有数据；翻页使用列表尾部加载器,GET 可人工重试；网络瞬断最多指数退避自动重试 2 次；筛选变化取消旧请求,留在当前页；点击行/卡片按页面导航规格进入详情,当前资源、来源列表、全局角标/余额/待办中与该领域相关的缓存；禁止无差别清空全部缓存,记录必要业务埋点；读取高敏字段时额外记录访问审计,遵循最小采集；仅记录业务标识和状态，不记录自由文本中的个人信息,GET 可展示明确标记的最近缓存；写操作离线时禁止提交，不进入隐式离线队列,ContentGetContentsResponse,READY_FOR_IMPLEMENTATION
ACT-LIST-004-01,ANDROID,SCR-LIST-004,团队长列表,/content/team-leaders,统一内容列表,页面首次进入、下拉刷新、筛选/排序变化或滚动触底时触发；相同查询条件避免并发重复请求,GET /api/v1/contents,contentGetContents,ContentGetContentsParameters,登录,不要求,首屏替换数据，翻页仅追加去重；更新分页、筛选回显、总数/游标和最后刷新时间；空结果进入业务空状态,首屏失败显示全页错误与重试；刷新失败保留旧数据并提示；翻页失败保留已加载数据并提供行内重试；401跳登录或会话升级，403显示无权限，404不适用,ui_action_scr_list_004_01,REQ-CONTENT-001;REQ-TEAM-001,TST-CONTENT_001-HAPPY;TST-TEAM_001-HAPPY,FROZEN_DETAILED_V1.2.2,LIST_QUERY,页面主按钮/行操作/更多菜单/标准弹层，具体位置由模板和页面操作规格确定,页面具备读取权限；筛选项按数据范围和角色显示,网络可用；非正在刷新；翻页时 nextCursor/hasNext 为真,"校验 page,pageSize,cursor,status,keyword,sort,contentType,categoryCode,regionCode",page;pageSize;cursor;status;keyword;sort;contentType;categoryCode;regionCode,不需要,GET /api/v1/contents；请求模型 ContentGetContentsParameters；响应模型 ContentGetContentsResponse,同资源单写请求锁；状态机服务端复核,首屏使用骨架屏；刷新保留现有数据；翻页使用列表尾部加载器,GET 可人工重试；网络瞬断最多指数退避自动重试 2 次；筛选变化取消旧请求,留在当前页；点击行/卡片按页面导航规格进入详情,当前资源、来源列表、全局角标/余额/待办中与该领域相关的缓存；禁止无差别清空全部缓存,记录必要业务埋点；读取高敏字段时额外记录访问审计,遵循最小采集；仅记录业务标识和状态，不记录自由文本中的个人信息,GET 可展示明确标记的最近缓存；写操作离线时禁止提交，不进入隐式离线队列,ContentGetContentsResponse,READY_FOR_IMPLEMENTATION
ACT-DETAIL-001-01,ANDROID,SCR-DETAIL-001,项目详情,/content/project/{id},内容详情,页面进入、显式刷新、从后台恢复且缓存过期，或收到相关领域事件后触发,GET /api/v1/contents/{id},contentGetContentsById,ContentGetContentsByIdParameters,登录,不要求,以服务端返回的 version 和状态覆盖详情；重算按钮显示/可用条件；记录页面曝光和请求 requestId,404显示资源不存在或已下架并提供返回；403显示无权限；409触发重新拉取；网络失败保留缓存并标记可能过期,ui_action_scr_detail_001_01,REQ-CONTENT-001;REQ-CONTACT-001;REQ-PROJECT-001,TST-CONTENT_001-HAPPY;TST-CONTACT_001-HAPPY;TST-PROJECT_001-HAPPY,FROZEN_DETAILED_V1.2.2,DETAIL_QUERY,页面主按钮/行操作/更多菜单/标准弹层，具体位置由模板和页面操作规格确定,页面具备读取权限且路由参数完整,网络可用且不存在同资源进行中的请求,校验 id,id,不需要,GET /api/v1/contents/{id}；请求模型 ContentGetContentsByIdParameters；响应模型 ContentGetContentsByIdResponse,同资源单写请求锁；状态机服务端复核,首次进入使用结构骨架；刷新保留当前内容并显示轻量刷新态,GET 可人工重试；缓存可作为只读降级但禁止基于过期数据执行写操作,留在当前页；资源不存在时返回上一级并从来源列表移除或标记,当前资源、来源列表、全局角标/余额/待办中与该领域相关的缓存；禁止无差别清空全部缓存,记录必要业务埋点；读取高敏字段时额外记录访问审计,遵循最小采集；仅记录业务标识和状态，不记录自由文本中的个人信息,GET 可展示明确标记的最近缓存；写操作离线时禁止提交，不进入隐式离线队列,ContentGetContentsByIdResponse,READY_FOR_IMPLEMENTATION
ACT-DETAIL-001-02,ANDROID,SCR-DETAIL-001,项目详情,/content/project/{id},获取/复制联系方式,用户显式点击操作入口，且本地字段校验、权限、状态机前置条件全部满足,POST /api/v1/contents/{id}/contacts/{channel}/access,contentPostContentsByIdContactsByChannelAccess,ContentPostContentsByIdContactsByChannelAccessRequest,登录,X-Idempotency-Key必填,以响应数据更新页面和关联缓存；展示“获取/复制联系方式成功”；仅刷新受影响区域,400逐字段映射；401要求重新认证；403隐藏后续写入口并记录越权拒绝；409提示数据已变化并重新加载；422展示业务原因且保留输入；429显示可重试时间；500保留上下文并提供 requestId,ui_action_scr_detail_001_02,REQ-CONTENT-001;REQ-CONTACT-001;REQ-PROJECT-001,TST-CONTENT_001-HAPPY;TST-CONTACT_001-HAPPY;TST-PROJECT_001-HAPPY;TST-CONTENT_001-IDEMPOTENT;TST-CONTACT_001-IDEMPOTENT;TST-PROJECT_001-IDEMPOTENT,FROZEN_DETAILED_V1.2.2,CREATE_OR_SUBMIT,页面主按钮/行操作/更多菜单/标准弹层，具体位置由模板和页面操作规格确定,具备权限 登录，且资源状态允许“获取/复制联系方式”；按钮显示条件由页面状态表和状态机共同决定,不存在同资源写请求；必填字段有效；服务端 version 未被本地标记过期；需要审批时已选择审批单,"校验 id,channel,X-Idempotency-Key,clientContext；同一业务意图生成稳定 X-Idempotency-Key；请求体变化必须换键",id;channel;X-Idempotency-Key;clientContext,金额、权益或发布范围变化时二次确认；普通可撤销保存不需要,POST /api/v1/contents/{id}/contacts/{channel}/access；请求模型 ContentPostContentsByIdContactsByChannelAccessRequest；响应模型 ContentPostContentsByIdContactsByChannelAccessResponse,X-Idempotency-Key + 服务端结果查询,提交期间锁定同资源写操作，保留输入并显示明确进度；禁止全页无反馈等待,使用同一幂等键仅重试同一请求体；若服务端已受理则先查询结果；409版本冲突不得盲重试,默认留在当前页并刷新；创建成功进入详情，支付/认证/发布结果按对应流程导航,当前资源、来源列表、全局角标/余额/待办中与该领域相关的缓存；禁止无差别清空全部缓存,记录必要业务埋点；读取高敏字段时额外记录访问审计,遵循最小采集；仅记录业务标识和状态，不记录自由文本中的个人信息,GET 可展示明确标记的最近缓存；写操作离线时禁止提交，不进入隐式离线队列,ContentPostContentsByIdContactsByChannelAccessResponse,READY_FOR_IMPLEMENTATION
ACT-DETAIL-001-03,ANDROID,SCR-DETAIL-001,项目详情,/content/project/{id},创建/获取私聊会话,用户显式点击操作入口，且本地字段校验、权限、状态机前置条件全部满足,POST /api/v1/conversations/direct,chatPostConversationsDirect,ChatPostConversationsDirectRequest,登录,X-Idempotency-Key必填,使用响应中的资源和 version 更新页面；清除已提交脏状态；展示“创建/获取私聊会话成功”；刷新受影响列表、详情、余额或配置版本,400逐字段映射；401要求重新认证；403隐藏后续写入口并记录越权拒绝；409提示数据已变化并重新加载；422展示业务原因且保留输入；429显示可重试时间；500保留上下文并提供 requestId,ui_action_scr_detail_001_03,REQ-CONTENT-001;REQ-CONTACT-001;REQ-PROJECT-001,TST-CONTENT_001-HAPPY;TST-CONTACT_001-HAPPY;TST-PROJECT_001-HAPPY;TST-CONTENT_001-IDEMPOTENT;TST-CONTACT_001-IDEMPOTENT;TST-PROJECT_001-IDEMPOTENT,FROZEN_DETAILED_V1.2.2,CREATE_OR_SUBMIT,页面主按钮/行操作/更多菜单/标准弹层，具体位置由模板和页面操作规格确定,具备权限 登录，且资源状态允许“创建/获取私聊会话”；按钮显示条件由页面状态表和状态机共同决定,不存在同资源写请求；必填字段有效；服务端 version 未被本地标记过期；需要审批时已选择审批单,"校验 X-Idempotency-Key,peerUserId,sourceContentId；同一业务意图生成稳定 X-Idempotency-Key；请求体变化必须换键",X-Idempotency-Key;peerUserId;sourceContentId,金额、权益或发布范围变化时二次确认；普通可撤销保存不需要,POST /api/v1/conversations/direct；请求模型 ChatPostConversationsDirectRequest；响应模型 ChatPostConversationsDirectResponse,X-Idempotency-Key + 服务端结果查询,提交期间锁定同资源写操作，保留输入并显示明确进度；禁止全页无反馈等待,使用同一幂等键仅重试同一请求体；若服务端已受理则先查询结果；409版本冲突不得盲重试,默认留在当前页并刷新；创建成功进入详情，支付/认证/发布结果按对应流程导航,当前资源、来源列表、全局角标/余额/待办中与该领域相关的缓存；禁止无差别清空全部缓存,记录必要业务埋点；读取高敏字段时额外记录访问审计,遵循最小采集；仅记录业务标识和状态，不记录自由文本中的个人信息,GET 可展示明确标记的最近缓存；写操作离线时禁止提交，不进入隐式离线队列,ChatPostConversationsDirectResponse,READY_FOR_IMPLEMENTATION
ACT-DETAIL-001-04,ANDROID,SCR-DETAIL-001,项目详情,/content/project/{id},收藏,用户显式点击操作入口，且本地字段校验、权限、状态机前置条件全部满足,POST /api/v1/contents/{id}/favorite,contentPostContentsByIdFavorite,ContentPostContentsByIdFavoriteRequest,登录,X-Idempotency-Key必填,以响应数据更新页面和关联缓存；展示“收藏成功”；仅刷新受影响区域,400逐字段映射；401要求重新认证；403隐藏后续写入口并记录越权拒绝；409提示数据已变化并重新加载；422展示业务原因且保留输入；429显示可重试时间；500保留上下文并提供 requestId,ui_action_scr_detail_001_04,REQ-CONTENT-001;REQ-CONTACT-001;REQ-PROJECT-001,TST-CONTENT_001-HAPPY;TST-CONTACT_001-HAPPY;TST-PROJECT_001-HAPPY;TST-CONTENT_001-IDEMPOTENT;TST-CONTACT_001-IDEMPOTENT;TST-PROJECT_001-IDEMPOTENT,FROZEN_DETAILED_V1.2.2,CREATE_OR_SUBMIT,页面主按钮/行操作/更多菜单/标准弹层，具体位置由模板和页面操作规格确定,具备权限 登录，且资源状态允许“收藏”；按钮显示条件由页面状态表和状态机共同决定,不存在同资源写请求；必填字段有效；服务端 version 未被本地标记过期；需要审批时已选择审批单,"校验 id,X-Idempotency-Key,reason,expectedVersion,payload；expectedVersion 必须等于页面最后一次成功读取的服务端版本；同一业务意图生成稳定 X-Idempotency-Key；请求体变化必须换键",id;X-Idempotency-Key;reason;expectedVersion;payload,必须二次确认；确认框展示目标、影响、不可逆性、原因、审批要求和将触发的通知,POST /api/v1/contents/{id}/favorite；请求模型 ContentPostContentsByIdFavoriteRequest；响应模型 ContentPostContentsByIdFavoriteResponse,expectedVersion 乐观锁 + X-Idempotency-Key + 服务端结果查询,提交期间锁定同资源写操作，保留输入并显示明确进度；禁止全页无反馈等待,使用同一幂等键仅重试同一请求体；若服务端已受理则先查询结果；409版本冲突不得盲重试,默认留在当前页并刷新；创建成功进入详情，支付/认证/发布结果按对应流程导航,当前资源、来源列表、全局角标/余额/待办中与该领域相关的缓存；禁止无差别清空全部缓存,记录必要业务埋点；读取高敏字段时额外记录访问审计,遵循最小采集；仅记录业务标识和状态，不记录自由文本中的个人信息,GET 可展示明确标记的最近缓存；写操作离线时禁止提交，不进入隐式离线队列,ContentPostContentsByIdFavoriteResponse,READY_FOR_IMPLEMENTATION
ACT-DETAIL-001-05,ANDROID,SCR-DETAIL-001,项目详情,/content/project/{id},记录分享并返回分享地址,用户显式点击操作入口，且本地字段校验、权限、状态机前置条件全部满足,POST /api/v1/contents/{id}/share,contentPostContentsByIdShare,ContentPostContentsByIdShareRequest,登录,X-Idempotency-Key必填,以响应数据更新页面和关联缓存；展示“记录分享并返回分享地址成功”；仅刷新受影响区域,400逐字段映射；401要求重新认证；403隐藏后续写入口并记录越权拒绝；409提示数据已变化并重新加载；422展示业务原因且保留输入；429显示可重试时间；500保留上下文并提供 requestId,ui_action_scr_detail_001_05,REQ-CONTENT-001;REQ-CONTACT-001;REQ-PROJECT-001,TST-CONTENT_001-HAPPY;TST-CONTACT_001-HAPPY;TST-PROJECT_001-HAPPY;TST-CONTENT_001-IDEMPOTENT;TST-CONTACT_001-IDEMPOTENT;TST-PROJECT_001-IDEMPOTENT,FROZEN_DETAILED_V1.2.2,CREATE_OR_SUBMIT,页面主按钮/行操作/更多菜单/标准弹层，具体位置由模板和页面操作规格确定,具备权限 登录，且资源状态允许“记录分享并返回分享地址”；按钮显示条件由页面状态表和状态机共同决定,不存在同资源写请求；必填字段有效；服务端 version 未被本地标记过期；需要审批时已选择审批单,"校验 id,X-Idempotency-Key,channel；同一业务意图生成稳定 X-Idempotency-Key；请求体变化必须换键",id;X-Idempotency-Key;channel,金额、权益或发布范围变化时二次确认；普通可撤销保存不需要,POST /api/v1/contents/{id}/share；请求模型 ContentPostContentsByIdShareRequest；响应模型 ContentPostContentsByIdShareResponse,X-Idempotency-Key + 服务端结果查询,提交期间锁定同资源写操作，保留输入并显示明确进度；禁止全页无反馈等待,使用同一幂等键仅重试同一请求体；若服务端已受理则先查询结果；409版本冲突不得盲重试,默认留在当前页并刷新；创建成功进入详情，支付/认证/发布结果按对应流程导航,当前资源、来源列表、全局角标/余额/待办中与该领域相关的缓存；禁止无差别清空全部缓存,记录必要业务埋点；读取高敏字段时额外记录访问审计,遵循最小采集；仅记录业务标识和状态，不记录自由文本中的个人信息,GET 可展示明确标记的最近缓存；写操作离线时禁止提交，不进入隐式离线队列,ContentPostContentsByIdShareResponse,READY_FOR_IMPLEMENTATION
ACT-DETAIL-002-01,ANDROID,SCR-DETAIL-002,App详情,/content/app/{id},内容详情,页面进入、显式刷新、从后台恢复且缓存过期，或收到相关领域事件后触发,GET /api/v1/contents/{id},contentGetContentsById,ContentGetContentsByIdParameters,登录,不要求,以服务端返回的 version 和状态覆盖详情；重算按钮显示/可用条件；记录页面曝光和请求 requestId,404显示资源不存在或已下架并提供返回；403显示无权限；409触发重新拉取；网络失败保留缓存并标记可能过期,ui_action_scr_detail_002_01,REQ-CONTENT-001;REQ-CONTACT-001;REQ-APP-PROMO-001,TST-CONTENT_001-HAPPY;TST-CONTACT_001-HAPPY;TST-APP_PROMO_001-HAPPY,FROZEN_DETAILED_V1.2.2,DETAIL_QUERY,页面主按钮/行操作/更多菜单/标准弹层，具体位置由模板和页面操作规格确定,页面具备读取权限且路由参数完整,网络可用且不存在同资源进行中的请求,校验 id,id,不需要,GET /api/v1/contents/{id}；请求模型 ContentGetContentsByIdParameters；响应模型 ContentGetContentsByIdResponse,同资源单写请求锁；状态机服务端复核,首次进入使用结构骨架；刷新保留当前内容并显示轻量刷新态,GET 可人工重试；缓存可作为只读降级但禁止基于过期数据执行写操作,留在当前页；资源不存在时返回上一级并从来源列表移除或标记,当前资源、来源列表、全局角标/余额/待办中与该领域相关的缓存；禁止无差别清空全部缓存,记录必要业务埋点；读取高敏字段时额外记录访问审计,遵循最小采集；仅记录业务标识和状态，不记录自由文本中的个人信息,GET 可展示明确标记的最近缓存；写操作离线时禁止提交，不进入隐式离线队列,ContentGetContentsByIdResponse,READY_FOR_IMPLEMENTATION
ACT-DETAIL-002-02,ANDROID,SCR-DETAIL-002,App详情,/content/app/{id},获取/复制联系方式,用户显式点击操作入口，且本地字段校验、权限、状态机前置条件全部满足,POST /api/v1/contents/{id}/contacts/{channel}/access,contentPostContentsByIdContactsByChannelAccess,ContentPostContentsByIdContactsByChannelAccessRequest,登录,X-Idempotency-Key必填,以响应数据更新页面和关联缓存；展示“获取/复制联系方式成功”；仅刷新受影响区域,400逐字段映射；401要求重新认证；403隐藏后续写入口并记录越权拒绝；409提示数据已变化并重新加载；422展示业务原因且保留输入；429显示可重试时间；500保留上下文并提供 requestId,ui_action_scr_detail_002_02,REQ-CONTENT-001;REQ-CONTACT-001;REQ-APP-PROMO-001,TST-CONTENT_001-HAPPY;TST-CONTACT_001-HAPPY;TST-APP_PROMO_001-HAPPY;TST-CONTENT_001-IDEMPOTENT;TST-CONTACT_001-IDEMPOTENT;TST-APP_PROMO_001-IDEMPOTENT,FROZEN_DETAILED_V1.2.2,CREATE_OR_SUBMIT,页面主按钮/行操作/更多菜单/标准弹层，具体位置由模板和页面操作规格确定,具备权限 登录，且资源状态允许“获取/复制联系方式”；按钮显示条件由页面状态表和状态机共同决定,不存在同资源写请求；必填字段有效；服务端 version 未被本地标记过期；需要审批时已选择审批单,"校验 id,channel,X-Idempotency-Key,clientContext；同一业务意图生成稳定 X-Idempotency-Key；请求体变化必须换键",id;channel;X-Idempotency-Key;clientContext,金额、权益或发布范围变化时二次确认；普通可撤销保存不需要,POST /api/v1/contents/{id}/contacts/{channel}/access；请求模型 ContentPostContentsByIdContactsByChannelAccessRequest；响应模型 ContentPostContentsByIdContactsByChannelAccessResponse,X-Idempotency-Key + 服务端结果查询,提交期间锁定同资源写操作，保留输入并显示明确进度；禁止全页无反馈等待,使用同一幂等键仅重试同一请求体；若服务端已受理则先查询结果；409版本冲突不得盲重试,默认留在当前页并刷新；创建成功进入详情，支付/认证/发布结果按对应流程导航,当前资源、来源列表、全局角标/余额/待办中与该领域相关的缓存；禁止无差别清空全部缓存,记录必要业务埋点；读取高敏字段时额外记录访问审计,遵循最小采集；仅记录业务标识和状态，不记录自由文本中的个人信息,GET 可展示明确标记的最近缓存；写操作离线时禁止提交，不进入隐式离线队列,ContentPostContentsByIdContactsByChannelAccessResponse,READY_FOR_IMPLEMENTATION
ACT-DETAIL-002-03,ANDROID,SCR-DETAIL-002,App详情,/content/app/{id},创建/获取私聊会话,用户显式点击操作入口，且本地字段校验、权限、状态机前置条件全部满足,POST /api/v1/conversations/direct,chatPostConversationsDirect,ChatPostConversationsDirectRequest,登录,X-Idempotency-Key必填,使用响应中的资源和 version 更新页面；清除已提交脏状态；展示“创建/获取私聊会话成功”；刷新受影响列表、详情、余额或配置版本,400逐字段映射；401要求重新认证；403隐藏后续写入口并记录越权拒绝；409提示数据已变化并重新加载；422展示业务原因且保留输入；429显示可重试时间；500保留上下文并提供 requestId,ui_action_scr_detail_002_03,REQ-CONTENT-001;REQ-CONTACT-001;REQ-APP-PROMO-001,TST-CONTENT_001-HAPPY;TST-CONTACT_001-HAPPY;TST-APP_PROMO_001-HAPPY;TST-CONTENT_001-IDEMPOTENT;TST-CONTACT_001-IDEMPOTENT;TST-APP_PROMO_001-IDEMPOTENT,FROZEN_DETAILED_V1.2.2,CREATE_OR_SUBMIT,页面主按钮/行操作/更多菜单/标准弹层，具体位置由模板和页面操作规格确定,具备权限 登录，且资源状态允许“创建/获取私聊会话”；按钮显示条件由页面状态表和状态机共同决定,不存在同资源写请求；必填字段有效；服务端 version 未被本地标记过期；需要审批时已选择审批单,"校验 X-Idempotency-Key,peerUserId,sourceContentId；同一业务意图生成稳定 X-Idempotency-Key；请求体变化必须换键",X-Idempotency-Key;peerUserId;sourceContentId,金额、权益或发布范围变化时二次确认；普通可撤销保存不需要,POST /api/v1/conversations/direct；请求模型 ChatPostConversationsDirectRequest；响应模型 ChatPostConversationsDirectResponse,X-Idempotency-Key + 服务端结果查询,提交期间锁定同资源写操作，保留输入并显示明确进度；禁止全页无反馈等待,使用同一幂等键仅重试同一请求体；若服务端已受理则先查询结果；409版本冲突不得盲重试,默认留在当前页并刷新；创建成功进入详情，支付/认证/发布结果按对应流程导航,当前资源、来源列表、全局角标/余额/待办中与该领域相关的缓存；禁止无差别清空全部缓存,记录必要业务埋点；读取高敏字段时额外记录访问审计,遵循最小采集；仅记录业务标识和状态，不记录自由文本中的个人信息,GET 可展示明确标记的最近缓存；写操作离线时禁止提交，不进入隐式离线队列,ChatPostConversationsDirectResponse,READY_FOR_IMPLEMENTATION
ACT-DETAIL-002-04,ANDROID,SCR-DETAIL-002,App详情,/content/app/{id},收藏,用户显式点击操作入口，且本地字段校验、权限、状态机前置条件全部满足,POST /api/v1/contents/{id}/favorite,contentPostContentsByIdFavorite,ContentPostContentsByIdFavoriteRequest,登录,X-Idempotency-Key必填,以响应数据更新页面和关联缓存；展示“收藏成功”；仅刷新受影响区域,400逐字段映射；401要求重新认证；403隐藏后续写入口并记录越权拒绝；409提示数据已变化并重新加载；422展示业务原因且保留输入；429显示可重试时间；500保留上下文并提供 requestId,ui_action_scr_detail_002_04,REQ-CONTENT-001;REQ-CONTACT-001;REQ-APP-PROMO-001,TST-CONTENT_001-HAPPY;TST-CONTACT_001-HAPPY;TST-APP_PROMO_001-HAPPY;TST-CONTENT_001-IDEMPOTENT;TST-CONTACT_001-IDEMPOTENT;TST-APP_PROMO_001-IDEMPOTENT,FROZEN_DETAILED_V1.2.2,CREATE_OR_SUBMIT,页面主按钮/行操作/更多菜单/标准弹层，具体位置由模板和页面操作规格确定,具备权限 登录，且资源状态允许“收藏”；按钮显示条件由页面状态表和状态机共同决定,不存在同资源写请求；必填字段有效；服务端 version 未被本地标记过期；需要审批时已选择审批单,"校验 id,X-Idempotency-Key,reason,expectedVersion,payload；expectedVersion 必须等于页面最后一次成功读取的服务端版本；同一业务意图生成稳定 X-Idempotency-Key；请求体变化必须换键",id;X-Idempotency-Key;reason;expectedVersion;payload,必须二次确认；确认框展示目标、影响、不可逆性、原因、审批要求和将触发的通知,POST /api/v1/contents/{id}/favorite；请求模型 ContentPostContentsByIdFavoriteRequest；响应模型 ContentPostContentsByIdFavoriteResponse,expectedVersion 乐观锁 + X-Idempotency-Key + 服务端结果查询,提交期间锁定同资源写操作，保留输入并显示明确进度；禁止全页无反馈等待,使用同一幂等键仅重试同一请求体；若服务端已受理则先查询结果；409版本冲突不得盲重试,默认留在当前页并刷新；创建成功进入详情，支付/认证/发布结果按对应流程导航,当前资源、来源列表、全局角标/余额/待办中与该领域相关的缓存；禁止无差别清空全部缓存,记录必要业务埋点；读取高敏字段时额外记录访问审计,遵循最小采集；仅记录业务标识和状态，不记录自由文本中的个人信息,GET 可展示明确标记的最近缓存；写操作离线时禁止提交，不进入隐式离线队列,ContentPostContentsByIdFavoriteResponse,READY_FOR_IMPLEMENTATION
ACT-DETAIL-002-05,ANDROID,SCR-DETAIL-002,App详情,/content/app/{id},记录分享并返回分享地址,用户显式点击操作入口，且本地字段校验、权限、状态机前置条件全部满足,POST /api/v1/contents/{id}/share,contentPostContentsByIdShare,ContentPostContentsByIdShareRequest,登录,X-Idempotency-Key必填,以响应数据更新页面和关联缓存；展示“记录分享并返回分享地址成功”；仅刷新受影响区域,400逐字段映射；401要求重新认证；403隐藏后续写入口并记录越权拒绝；409提示数据已变化并重新加载；422展示业务原因且保留输入；429显示可重试时间；500保留上下文并提供 requestId,ui_action_scr_detail_002_05,REQ-CONTENT-001;REQ-CONTACT-001;REQ-APP-PROMO-001,TST-CONTENT_001-HAPPY;TST-CONTACT_001-HAPPY;TST-APP_PROMO_001-HAPPY;TST-CONTENT_001-IDEMPOTENT;TST-CONTACT_001-IDEMPOTENT;TST-APP_PROMO_001-IDEMPOTENT,FROZEN_DETAILED_V1.2.2,CREATE_OR_SUBMIT,页面主按钮/行操作/更多菜单/标准弹层，具体位置由模板和页面操作规格确定,具备权限 登录，且资源状态允许“记录分享并返回分享地址”；按钮显示条件由页面状态表和状态机共同决定,不存在同资源写请求；必填字段有效；服务端 version 未被本地标记过期；需要审批时已选择审批单,"校验 id,X-Idempotency-Key,channel；同一业务意图生成稳定 X-Idempotency-Key；请求体变化必须换键",id;X-Idempotency-Key;channel,金额、权益或发布范围变化时二次确认；普通可撤销保存不需要,POST /api/v1/contents/{id}/share；请求模型 ContentPostContentsByIdShareRequest；响应模型 ContentPostContentsByIdShareResponse,X-Idempotency-Key + 服务端结果查询,提交期间锁定同资源写操作，保留输入并显示明确进度；禁止全页无反馈等待,使用同一幂等键仅重试同一请求体；若服务端已受理则先查询结果；409版本冲突不得盲重试,默认留在当前页并刷新；创建成功进入详情，支付/认证/发布结果按对应流程导航,当前资源、来源列表、全局角标/余额/待办中与该领域相关的缓存；禁止无差别清空全部缓存,记录必要业务埋点；读取高敏字段时额外记录访问审计,遵循最小采集；仅记录业务标识和状态，不记录自由文本中的个人信息,GET 可展示明确标记的最近缓存；写操作离线时禁止提交，不进入隐式离线队列,ContentPostContentsByIdShareResponse,READY_FOR_IMPLEMENTATION
ACT-DETAIL-003-01,ANDROID,SCR-DETAIL-003,群聊详情,/content/group/{id},内容详情,页面进入、显式刷新、从后台恢复且缓存过期，或收到相关领域事件后触发,GET /api/v1/contents/{id},contentGetContentsById,ContentGetContentsByIdParameters,登录,不要求,以服务端返回的 version 和状态覆盖详情；重算按钮显示/可用条件；记录页面曝光和请求 requestId,404显示资源不存在或已下架并提供返回；403显示无权限；409触发重新拉取；网络失败保留缓存并标记可能过期,ui_action_scr_detail_003_01,REQ-CONTENT-001;REQ-CONTACT-001;REQ-GROUP-001,TST-CONTENT_001-HAPPY;TST-CONTACT_001-HAPPY;TST-GROUP_001-HAPPY,FROZEN_DETAILED_V1.2.2,DETAIL_QUERY,页面主按钮/行操作/更多菜单/标准弹层，具体位置由模板和页面操作规格确定,页面具备读取权限且路由参数完整,网络可用且不存在同资源进行中的请求,校验 id,id,不需要,GET /api/v1/contents/{id}；请求模型 ContentGetContentsByIdParameters；响应模型 ContentGetContentsByIdResponse,同资源单写请求锁；状态机服务端复核,首次进入使用结构骨架；刷新保留当前内容并显示轻量刷新态,GET 可人工重试；缓存可作为只读降级但禁止基于过期数据执行写操作,留在当前页；资源不存在时返回上一级并从来源列表移除或标记,当前资源、来源列表、全局角标/余额/待办中与该领域相关的缓存；禁止无差别清空全部缓存,记录必要业务埋点；读取高敏字段时额外记录访问审计,遵循最小采集；仅记录业务标识和状态，不记录自由文本中的个人信息,GET 可展示明确标记的最近缓存；写操作离线时禁止提交，不进入隐式离线队列,ContentGetContentsByIdResponse,READY_FOR_IMPLEMENTATION
ACT-DETAIL-003-02,ANDROID,SCR-DETAIL-003,群聊详情,/content/group/{id},获取/复制联系方式,用户显式点击操作入口，且本地字段校验、权限、状态机前置条件全部满足,POST /api/v1/contents/{id}/contacts/{channel}/access,contentPostContentsByIdContactsByChannelAccess,ContentPostContentsByIdContactsByChannelAccessRequest,登录,X-Idempotency-Key必填,以响应数据更新页面和关联缓存；展示“获取/复制联系方式成功”；仅刷新受影响区域,400逐字段映射；401要求重新认证；403隐藏后续写入口并记录越权拒绝；409提示数据已变化并重新加载；422展示业务原因且保留输入；429显示可重试时间；500保留上下文并提供 requestId,ui_action_scr_detail_003_02,REQ-CONTENT-001;REQ-CONTACT-001;REQ-GROUP-001,TST-CONTENT_001-HAPPY;TST-CONTACT_001-HAPPY;TST-GROUP_001-HAPPY;TST-CONTENT_001-IDEMPOTENT;TST-CONTACT_001-IDEMPOTENT;TST-GROUP_001-IDEMPOTENT,FROZEN_DETAILED_V1.2.2,CREATE_OR_SUBMIT,页面主按钮/行操作/更多菜单/标准弹层，具体位置由模板和页面操作规格确定,具备权限 登录，且资源状态允许“获取/复制联系方式”；按钮显示条件由页面状态表和状态机共同决定,不存在同资源写请求；必填字段有效；服务端 version 未被本地标记过期；需要审批时已选择审批单,"校验 id,channel,X-Idempotency-Key,clientContext；同一业务意图生成稳定 X-Idempotency-Key；请求体变化必须换键",id;channel;X-Idempotency-Key;clientContext,金额、权益或发布范围变化时二次确认；普通可撤销保存不需要,POST /api/v1/contents/{id}/contacts/{channel}/access；请求模型 ContentPostContentsByIdContactsByChannelAccessRequest；响应模型 ContentPostContentsByIdContactsByChannelAccessResponse,X-Idempotency-Key + 服务端结果查询,提交期间锁定同资源写操作，保留输入并显示明确进度；禁止全页无反馈等待,使用同一幂等键仅重试同一请求体；若服务端已受理则先查询结果；409版本冲突不得盲重试,默认留在当前页并刷新；创建成功进入详情，支付/认证/发布结果按对应流程导航,当前资源、来源列表、全局角标/余额/待办中与该领域相关的缓存；禁止无差别清空全部缓存,记录必要业务埋点；读取高敏字段时额外记录访问审计,遵循最小采集；仅记录业务标识和状态，不记录自由文本中的个人信息,GET 可展示明确标记的最近缓存；写操作离线时禁止提交，不进入隐式离线队列,ContentPostContentsByIdContactsByChannelAccessResponse,READY_FOR_IMPLEMENTATION
ACT-DETAIL-003-03,ANDROID,SCR-DETAIL-003,群聊详情,/content/group/{id},创建/获取私聊会话,用户显式点击操作入口，且本地字段校验、权限、状态机前置条件全部满足,POST /api/v1/conversations/direct,chatPostConversationsDirect,ChatPostConversationsDirectRequest,登录,X-Idempotency-Key必填,使用响应中的资源和 version 更新页面；清除已提交脏状态；展示“创建/获取私聊会话成功”；刷新受影响列表、详情、余额或配置版本,400逐字段映射；401要求重新认证；403隐藏后续写入口并记录越权拒绝；409提示数据已变化并重新加载；422展示业务原因且保留输入；429显示可重试时间；500保留上下文并提供 requestId,ui_action_scr_detail_003_03,REQ-CONTENT-001;REQ-CONTACT-001;REQ-GROUP-001,TST-CONTENT_001-HAPPY;TST-CONTACT_001-HAPPY;TST-GROUP_001-HAPPY;TST-CONTENT_001-IDEMPOTENT;TST-CONTACT_001-IDEMPOTENT;TST-GROUP_001-IDEMPOTENT,FROZEN_DETAILED_V1.2.2,CREATE_OR_SUBMIT,页面主按钮/行操作/更多菜单/标准弹层，具体位置由模板和页面操作规格确定,具备权限 登录，且资源状态允许“创建/获取私聊会话”；按钮显示条件由页面状态表和状态机共同决定,不存在同资源写请求；必填字段有效；服务端 version 未被本地标记过期；需要审批时已选择审批单,"校验 X-Idempotency-Key,peerUserId,sourceContentId；同一业务意图生成稳定 X-Idempotency-Key；请求体变化必须换键",X-Idempotency-Key;peerUserId;sourceContentId,金额、权益或发布范围变化时二次确认；普通可撤销保存不需要,POST /api/v1/conversations/direct；请求模型 ChatPostConversationsDirectRequest；响应模型 ChatPostConversationsDirectResponse,X-Idempotency-Key + 服务端结果查询,提交期间锁定同资源写操作，保留输入并显示明确进度；禁止全页无反馈等待,使用同一幂等键仅重试同一请求体；若服务端已受理则先查询结果；409版本冲突不得盲重试,默认留在当前页并刷新；创建成功进入详情，支付/认证/发布结果按对应流程导航,当前资源、来源列表、全局角标/余额/待办中与该领域相关的缓存；禁止无差别清空全部缓存,记录必要业务埋点；读取高敏字段时额外记录访问审计,遵循最小采集；仅记录业务标识和状态，不记录自由文本中的个人信息,GET 可展示明确标记的最近缓存；写操作离线时禁止提交，不进入隐式离线队列,ChatPostConversationsDirectResponse,READY_FOR_IMPLEMENTATION
ACT-DETAIL-003-04,ANDROID,SCR-DETAIL-003,群聊详情,/content/group/{id},收藏,用户显式点击操作入口，且本地字段校验、权限、状态机前置条件全部满足,POST /api/v1/contents/{id}/favorite,contentPostContentsByIdFavorite,ContentPostContentsByIdFavoriteRequest,登录,X-Idempotency-Key必填,以响应数据更新页面和关联缓存；展示“收藏成功”；仅刷新受影响区域,400逐字段映射；401要求重新认证；403隐藏后续写入口并记录越权拒绝；409提示数据已变化并重新加载；422展示业务原因且保留输入；429显示可重试时间；500保留上下文并提供 requestId,ui_action_scr_detail_003_04,REQ-CONTENT-001;REQ-CONTACT-001;REQ-GROUP-001,TST-CONTENT_001-HAPPY;TST-CONTACT_001-HAPPY;TST-GROUP_001-HAPPY;TST-CONTENT_001-IDEMPOTENT;TST-CONTACT_001-IDEMPOTENT;TST-GROUP_001-IDEMPOTENT,FROZEN_DETAILED_V1.2.2,CREATE_OR_SUBMIT,页面主按钮/行操作/更多菜单/标准弹层，具体位置由模板和页面操作规格确定,具备权限 登录，且资源状态允许“收藏”；按钮显示条件由页面状态表和状态机共同决定,不存在同资源写请求；必填字段有效；服务端 version 未被本地标记过期；需要审批时已选择审批单,"校验 id,X-Idempotency-Key,reason,expectedVersion,payload；expectedVersion 必须等于页面最后一次成功读取的服务端版本；同一业务意图生成稳定 X-Idempotency-Key；请求体变化必须换键",id;X-Idempotency-Key;reason;expectedVersion;payload,必须二次确认；确认框展示目标、影响、不可逆性、原因、审批要求和将触发的通知,POST /api/v1/contents/{id}/favorite；请求模型 ContentPostContentsByIdFavoriteRequest；响应模型 ContentPostContentsByIdFavoriteResponse,expectedVersion 乐观锁 + X-Idempotency-Key + 服务端结果查询,提交期间锁定同资源写操作，保留输入并显示明确进度；禁止全页无反馈等待,使用同一幂等键仅重试同一请求体；若服务端已受理则先查询结果；409版本冲突不得盲重试,默认留在当前页并刷新；创建成功进入详情，支付/认证/发布结果按对应流程导航,当前资源、来源列表、全局角标/余额/待办中与该领域相关的缓存；禁止无差别清空全部缓存,记录必要业务埋点；读取高敏字段时额外记录访问审计,遵循最小采集；仅记录业务标识和状态，不记录自由文本中的个人信息,GET 可展示明确标记的最近缓存；写操作离线时禁止提交，不进入隐式离线队列,ContentPostContentsByIdFavoriteResponse,READY_FOR_IMPLEMENTATION
ACT-DETAIL-003-05,ANDROID,SCR-DETAIL-003,群聊详情,/content/group/{id},记录分享并返回分享地址,用户显式点击操作入口，且本地字段校验、权限、状态机前置条件全部满足,POST /api/v1/contents/{id}/share,contentPostContentsByIdShare,ContentPostContentsByIdShareRequest,登录,X-Idempotency-Key必填,以响应数据更新页面和关联缓存；展示“记录分享并返回分享地址成功”；仅刷新受影响区域,400逐字段映射；401要求重新认证；403隐藏后续写入口并记录越权拒绝；409提示数据已变化并重新加载；422展示业务原因且保留输入；429显示可重试时间；500保留上下文并提供 requestId,ui_action_scr_detail_003_05,REQ-CONTENT-001;REQ-CONTACT-001;REQ-GROUP-001,TST-CONTENT_001-HAPPY;TST-CONTACT_001-HAPPY;TST-GROUP_001-HAPPY;TST-CONTENT_001-IDEMPOTENT;TST-CONTACT_001-IDEMPOTENT;TST-GROUP_001-IDEMPOTENT,FROZEN_DETAILED_V1.2.2,CREATE_OR_SUBMIT,页面主按钮/行操作/更多菜单/标准弹层，具体位置由模板和页面操作规格确定,具备权限 登录，且资源状态允许“记录分享并返回分享地址”；按钮显示条件由页面状态表和状态机共同决定,不存在同资源写请求；必填字段有效；服务端 version 未被本地标记过期；需要审批时已选择审批单,"校验 id,X-Idempotency-Key,channel；同一业务意图生成稳定 X-Idempotency-Key；请求体变化必须换键",id;X-Idempotency-Key;channel,金额、权益或发布范围变化时二次确认；普通可撤销保存不需要,POST /api/v1/contents/{id}/share；请求模型 ContentPostContentsByIdShareRequest；响应模型 ContentPostContentsByIdShareResponse,X-Idempotency-Key + 服务端结果查询,提交期间锁定同资源写操作，保留输入并显示明确进度；禁止全页无反馈等待,使用同一幂等键仅重试同一请求体；若服务端已受理则先查询结果；409版本冲突不得盲重试,默认留在当前页并刷新；创建成功进入详情，支付/认证/发布结果按对应流程导航,当前资源、来源列表、全局角标/余额/待办中与该领域相关的缓存；禁止无差别清空全部缓存,记录必要业务埋点；读取高敏字段时额外记录访问审计,遵循最小采集；仅记录业务标识和状态，不记录自由文本中的个人信息,GET 可展示明确标记的最近缓存；写操作离线时禁止提交，不进入隐式离线队列,ContentPostContentsByIdShareResponse,READY_FOR_IMPLEMENTATION
ACT-DETAIL-004-01,ANDROID,SCR-DETAIL-004,团队长详情,/content/team-leader/{id},内容详情,页面进入、显式刷新、从后台恢复且缓存过期，或收到相关领域事件后触发,GET /api/v1/contents/{id},contentGetContentsById,ContentGetContentsByIdParameters,登录,不要求,以服务端返回的 version 和状态覆盖详情；重算按钮显示/可用条件；记录页面曝光和请求 requestId,404显示资源不存在或已下架并提供返回；403显示无权限；409触发重新拉取；网络失败保留缓存并标记可能过期,ui_action_scr_detail_004_01,REQ-CONTENT-001;REQ-CONTACT-001;REQ-TEAM-001,TST-CONTENT_001-HAPPY;TST-CONTACT_001-HAPPY;TST-TEAM_001-HAPPY,FROZEN_DETAILED_V1.2.2,DETAIL_QUERY,页面主按钮/行操作/更多菜单/标准弹层，具体位置由模板和页面操作规格确定,页面具备读取权限且路由参数完整,网络可用且不存在同资源进行中的请求,校验 id,id,不需要,GET /api/v1/contents/{id}；请求模型 ContentGetContentsByIdParameters；响应模型 ContentGetContentsByIdResponse,同资源单写请求锁；状态机服务端复核,首次进入使用结构骨架；刷新保留当前内容并显示轻量刷新态,GET 可人工重试；缓存可作为只读降级但禁止基于过期数据执行写操作,留在当前页；资源不存在时返回上一级并从来源列表移除或标记,当前资源、来源列表、全局角标/余额/待办中与该领域相关的缓存；禁止无差别清空全部缓存,记录必要业务埋点；读取高敏字段时额外记录访问审计,遵循最小采集；仅记录业务标识和状态，不记录自由文本中的个人信息,GET 可展示明确标记的最近缓存；写操作离线时禁止提交，不进入隐式离线队列,ContentGetContentsByIdResponse,READY_FOR_IMPLEMENTATION
ACT-DETAIL-004-02,ANDROID,SCR-DETAIL-004,团队长详情,/content/team-leader/{id},获取/复制联系方式,用户显式点击操作入口，且本地字段校验、权限、状态机前置条件全部满足,POST /api/v1/contents/{id}/contacts/{channel}/access,contentPostContentsByIdContactsByChannelAccess,ContentPostContentsByIdContactsByChannelAccessRequest,登录,X-Idempotency-Key必填,以响应数据更新页面和关联缓存；展示“获取/复制联系方式成功”；仅刷新受影响区域,400逐字段映射；401要求重新认证；403隐藏后续写入口并记录越权拒绝；409提示数据已变化并重新加载；422展示业务原因且保留输入；429显示可重试时间；500保留上下文并提供 requestId,ui_action_scr_detail_004_02,REQ-CONTENT-001;REQ-CONTACT-001;REQ-TEAM-001,TST-CONTENT_001-HAPPY;TST-CONTACT_001-HAPPY;TST-TEAM_001-HAPPY;TST-CONTENT_001-IDEMPOTENT;TST-CONTACT_001-IDEMPOTENT;TST-TEAM_001-IDEMPOTENT,FROZEN_DETAILED_V1.2.2,CREATE_OR_SUBMIT,页面主按钮/行操作/更多菜单/标准弹层，具体位置由模板和页面操作规格确定,具备权限 登录，且资源状态允许“获取/复制联系方式”；按钮显示条件由页面状态表和状态机共同决定,不存在同资源写请求；必填字段有效；服务端 version 未被本地标记过期；需要审批时已选择审批单,"校验 id,channel,X-Idempotency-Key,clientContext；同一业务意图生成稳定 X-Idempotency-Key；请求体变化必须换键",id;channel;X-Idempotency-Key;clientContext,金额、权益或发布范围变化时二次确认；普通可撤销保存不需要,POST /api/v1/contents/{id}/contacts/{channel}/access；请求模型 ContentPostContentsByIdContactsByChannelAccessRequest；响应模型 ContentPostContentsByIdContactsByChannelAccessResponse,X-Idempotency-Key + 服务端结果查询,提交期间锁定同资源写操作，保留输入并显示明确进度；禁止全页无反馈等待,使用同一幂等键仅重试同一请求体；若服务端已受理则先查询结果；409版本冲突不得盲重试,默认留在当前页并刷新；创建成功进入详情，支付/认证/发布结果按对应流程导航,当前资源、来源列表、全局角标/余额/待办中与该领域相关的缓存；禁止无差别清空全部缓存,记录必要业务埋点；读取高敏字段时额外记录访问审计,遵循最小采集；仅记录业务标识和状态，不记录自由文本中的个人信息,GET 可展示明确标记的最近缓存；写操作离线时禁止提交，不进入隐式离线队列,ContentPostContentsByIdContactsByChannelAccessResponse,READY_FOR_IMPLEMENTATION
ACT-DETAIL-004-03,ANDROID,SCR-DETAIL-004,团队长详情,/content/team-leader/{id},创建/获取私聊会话,用户显式点击操作入口，且本地字段校验、权限、状态机前置条件全部满足,POST /api/v1/conversations/direct,chatPostConversationsDirect,ChatPostConversationsDirectRequest,登录,X-Idempotency-Key必填,使用响应中的资源和 version 更新页面；清除已提交脏状态；展示“创建/获取私聊会话成功”；刷新受影响列表、详情、余额或配置版本,400逐字段映射；401要求重新认证；403隐藏后续写入口并记录越权拒绝；409提示数据已变化并重新加载；422展示业务原因且保留输入；429显示可重试时间；500保留上下文并提供 requestId,ui_action_scr_detail_004_03,REQ-CONTENT-001;REQ-CONTACT-001;REQ-TEAM-001,TST-CONTENT_001-HAPPY;TST-CONTACT_001-HAPPY;TST-TEAM_001-HAPPY;TST-CONTENT_001-IDEMPOTENT;TST-CONTACT_001-IDEMPOTENT;TST-TEAM_001-IDEMPOTENT,FROZEN_DETAILED_V1.2.2,CREATE_OR_SUBMIT,页面主按钮/行操作/更多菜单/标准弹层，具体位置由模板和页面操作规格确定,具备权限 登录，且资源状态允许“创建/获取私聊会话”；按钮显示条件由页面状态表和状态机共同决定,不存在同资源写请求；必填字段有效；服务端 version 未被本地标记过期；需要审批时已选择审批单,"校验 X-Idempotency-Key,peerUserId,sourceContentId；同一业务意图生成稳定 X-Idempotency-Key；请求体变化必须换键",X-Idempotency-Key;peerUserId;sourceContentId,金额、权益或发布范围变化时二次确认；普通可撤销保存不需要,POST /api/v1/conversations/direct；请求模型 ChatPostConversationsDirectRequest；响应模型 ChatPostConversationsDirectResponse,X-Idempotency-Key + 服务端结果查询,提交期间锁定同资源写操作，保留输入并显示明确进度；禁止全页无反馈等待,使用同一幂等键仅重试同一请求体；若服务端已受理则先查询结果；409版本冲突不得盲重试,默认留在当前页并刷新；创建成功进入详情，支付/认证/发布结果按对应流程导航,当前资源、来源列表、全局角标/余额/待办中与该领域相关的缓存；禁止无差别清空全部缓存,记录必要业务埋点；读取高敏字段时额外记录访问审计,遵循最小采集；仅记录业务标识和状态，不记录自由文本中的个人信息,GET 可展示明确标记的最近缓存；写操作离线时禁止提交，不进入隐式离线队列,ChatPostConversationsDirectResponse,READY_FOR_IMPLEMENTATION
ACT-DETAIL-004-04,ANDROID,SCR-DETAIL-004,团队长详情,/content/team-leader/{id},收藏,用户显式点击操作入口，且本地字段校验、权限、状态机前置条件全部满足,POST /api/v1/contents/{id}/favorite,contentPostContentsByIdFavorite,ContentPostContentsByIdFavoriteRequest,登录,X-Idempotency-Key必填,以响应数据更新页面和关联缓存；展示“收藏成功”；仅刷新受影响区域,400逐字段映射；401要求重新认证；403隐藏后续写入口并记录越权拒绝；409提示数据已变化并重新加载；422展示业务原因且保留输入；429显示可重试时间；500保留上下文并提供 requestId,ui_action_scr_detail_004_04,REQ-CONTENT-001;REQ-CONTACT-001;REQ-TEAM-001,TST-CONTENT_001-HAPPY;TST-CONTACT_001-HAPPY;TST-TEAM_001-HAPPY;TST-CONTENT_001-IDEMPOTENT;TST-CONTACT_001-IDEMPOTENT;TST-TEAM_001-IDEMPOTENT,FROZEN_DETAILED_V1.2.2,CREATE_OR_SUBMIT,页面主按钮/行操作/更多菜单/标准弹层，具体位置由模板和页面操作规格确定,具备权限 登录，且资源状态允许“收藏”；按钮显示条件由页面状态表和状态机共同决定,不存在同资源写请求；必填字段有效；服务端 version 未被本地标记过期；需要审批时已选择审批单,"校验 id,X-Idempotency-Key,reason,expectedVersion,payload；expectedVersion 必须等于页面最后一次成功读取的服务端版本；同一业务意图生成稳定 X-Idempotency-Key；请求体变化必须换键",id;X-Idempotency-Key;reason;expectedVersion;payload,必须二次确认；确认框展示目标、影响、不可逆性、原因、审批要求和将触发的通知,POST /api/v1/contents/{id}/favorite；请求模型 ContentPostContentsByIdFavoriteRequest；响应模型 ContentPostContentsByIdFavoriteResponse,expectedVersion 乐观锁 + X-Idempotency-Key + 服务端结果查询,提交期间锁定同资源写操作，保留输入并显示明确进度；禁止全页无反馈等待,使用同一幂等键仅重试同一请求体；若服务端已受理则先查询结果；409版本冲突不得盲重试,默认留在当前页并刷新；创建成功进入详情，支付/认证/发布结果按对应流程导航,当前资源、来源列表、全局角标/余额/待办中与该领域相关的缓存；禁止无差别清空全部缓存,记录必要业务埋点；读取高敏字段时额外记录访问审计,遵循最小采集；仅记录业务标识和状态，不记录自由文本中的个人信息,GET 可展示明确标记的最近缓存；写操作离线时禁止提交，不进入隐式离线队列,ContentPostContentsByIdFavoriteResponse,READY_FOR_IMPLEMENTATION
ACT-DETAIL-004-05,ANDROID,SCR-DETAIL-004,团队长详情,/content/team-leader/{id},记录分享并返回分享地址,用户显式点击操作入口，且本地字段校验、权限、状态机前置条件全部满足,POST /api/v1/contents/{id}/share,contentPostContentsByIdShare,ContentPostContentsByIdShareRequest,登录,X-Idempotency-Key必填,以响应数据更新页面和关联缓存；展示“记录分享并返回分享地址成功”；仅刷新受影响区域,400逐字段映射；401要求重新认证；403隐藏后续写入口并记录越权拒绝；409提示数据已变化并重新加载；422展示业务原因且保留输入；429显示可重试时间；500保留上下文并提供 requestId,ui_action_scr_detail_004_05,REQ-CONTENT-001;REQ-CONTACT-001;REQ-TEAM-001,TST-CONTENT_001-HAPPY;TST-CONTACT_001-HAPPY;TST-TEAM_001-HAPPY;TST-CONTENT_001-IDEMPOTENT;TST-CONTACT_001-IDEMPOTENT;TST-TEAM_001-IDEMPOTENT,FROZEN_DETAILED_V1.2.2,CREATE_OR_SUBMIT,页面主按钮/行操作/更多菜单/标准弹层，具体位置由模板和页面操作规格确定,具备权限 登录，且资源状态允许“记录分享并返回分享地址”；按钮显示条件由页面状态表和状态机共同决定,不存在同资源写请求；必填字段有效；服务端 version 未被本地标记过期；需要审批时已选择审批单,"校验 id,X-Idempotency-Key,channel；同一业务意图生成稳定 X-Idempotency-Key；请求体变化必须换键",id;X-Idempotency-Key;channel,金额、权益或发布范围变化时二次确认；普通可撤销保存不需要,POST /api/v1/contents/{id}/share；请求模型 ContentPostContentsByIdShareRequest；响应模型 ContentPostContentsByIdShareResponse,X-Idempotency-Key + 服务端结果查询,提交期间锁定同资源写操作，保留输入并显示明确进度；禁止全页无反馈等待,使用同一幂等键仅重试同一请求体；若服务端已受理则先查询结果；409版本冲突不得盲重试,默认留在当前页并刷新；创建成功进入详情，支付/认证/发布结果按对应流程导航,当前资源、来源列表、全局角标/余额/待办中与该领域相关的缓存；禁止无差别清空全部缓存,记录必要业务埋点；读取高敏字段时额外记录访问审计,遵循最小采集；仅记录业务标识和状态，不记录自由文本中的个人信息,GET 可展示明确标记的最近缓存；写操作离线时禁止提交，不进入隐式离线队列,ContentPostContentsByIdShareResponse,READY_FOR_IMPLEMENTATION
ACT-PUBLISHER-001-01,ANDROID,SCR-PUBLISHER-001,发布者主页,/publisher/{userId},发布者公开主页,页面进入、显式刷新、从后台恢复且缓存过期，或收到相关领域事件后触发,GET /api/v1/publishers/{id},userGetPublishersById,UserGetPublishersByIdParameters,登录,不要求,以服务端返回的 version 和状态覆盖详情；重算按钮显示/可用条件；记录页面曝光和请求 requestId,404显示资源不存在或已下架并提供返回；403显示无权限；409触发重新拉取；网络失败保留缓存并标记可能过期,ui_action_scr_publisher_001_01,REQ-PUBLISHER-001,TST-PUBLISHER_001-HAPPY,FROZEN_DETAILED_V1.2.2,DETAIL_QUERY,页面主按钮/行操作/更多菜单/标准弹层，具体位置由模板和页面操作规格确定,页面具备读取权限且路由参数完整,网络可用且不存在同资源进行中的请求,校验 id,id,不需要,GET /api/v1/publishers/{id}；请求模型 UserGetPublishersByIdParameters；响应模型 UserGetPublishersByIdResponse,同资源单写请求锁；状态机服务端复核,首次进入使用结构骨架；刷新保留当前内容并显示轻量刷新态,GET 可人工重试；缓存可作为只读降级但禁止基于过期数据执行写操作,留在当前页；资源不存在时返回上一级并从来源列表移除或标记,当前资源、来源列表、全局角标/余额/待办中与该领域相关的缓存；禁止无差别清空全部缓存,记录必要业务埋点；读取高敏字段时额外记录访问审计,遵循最小采集；仅记录业务标识和状态，不记录自由文本中的个人信息,GET 可展示明确标记的最近缓存；写操作离线时禁止提交，不进入隐式离线队列,UserGetPublishersByIdResponse,READY_FOR_IMPLEMENTATION
ACT-PUBLISHER-001-02,ANDROID,SCR-PUBLISHER-001,发布者主页,/publisher/{userId},统一内容列表,页面首次进入、下拉刷新、筛选/排序变化或滚动触底时触发；相同查询条件避免并发重复请求,GET /api/v1/contents,contentGetContents,ContentGetContentsParameters,登录,不要求,首屏替换数据，翻页仅追加去重；更新分页、筛选回显、总数/游标和最后刷新时间；空结果进入业务空状态,首屏失败显示全页错误与重试；刷新失败保留旧数据并提示；翻页失败保留已加载数据并提供行内重试；401跳登录或会话升级，403显示无权限，404不适用,ui_action_scr_publisher_001_02,REQ-PUBLISHER-001,TST-PUBLISHER_001-HAPPY,FROZEN_DETAILED_V1.2.2,LIST_QUERY,页面主按钮/行操作/更多菜单/标准弹层，具体位置由模板和页面操作规格确定,页面具备读取权限；筛选项按数据范围和角色显示,网络可用；非正在刷新；翻页时 nextCursor/hasNext 为真,"校验 page,pageSize,cursor,status,keyword,sort,contentType,categoryCode,regionCode",page;pageSize;cursor;status;keyword;sort;contentType;categoryCode;regionCode,不需要,GET /api/v1/contents；请求模型 ContentGetContentsParameters；响应模型 ContentGetContentsResponse,同资源单写请求锁；状态机服务端复核,首屏使用骨架屏；刷新保留现有数据；翻页使用列表尾部加载器,GET 可人工重试；网络瞬断最多指数退避自动重试 2 次；筛选变化取消旧请求,留在当前页；点击行/卡片按页面导航规格进入详情,当前资源、来源列表、全局角标/余额/待办中与该领域相关的缓存；禁止无差别清空全部缓存,记录必要业务埋点；读取高敏字段时额外记录访问审计,遵循最小采集；仅记录业务标识和状态，不记录自由文本中的个人信息,GET 可展示明确标记的最近缓存；写操作离线时禁止提交，不进入隐式离线队列,ContentGetContentsResponse,READY_FOR_IMPLEMENTATION
ACT-SHEET-CONTACT-001-01,ANDROID,SHEET-CONTACT-001,联系方式面板,sheet://contact,获取/复制联系方式,用户显式点击操作入口，且本地字段校验、权限、状态机前置条件全部满足,POST /api/v1/contents/{id}/contacts/{channel}/access,contentPostContentsByIdContactsByChannelAccess,ContentPostContentsByIdContactsByChannelAccessRequest,登录,X-Idempotency-Key必填,以响应数据更新页面和关联缓存；展示“获取/复制联系方式成功”；仅刷新受影响区域,400逐字段映射；401要求重新认证；403隐藏后续写入口并记录越权拒绝；409提示数据已变化并重新加载；422展示业务原因且保留输入；429显示可重试时间；500保留上下文并提供 requestId,ui_action_sheet_contact_001_01,REQ-CONTACT-001;REQ-ACTIVITY-001,TST-CONTACT_001-HAPPY;TST-ACTIVITY_001-HAPPY;TST-CONTACT_001-IDEMPOTENT;TST-ACTIVITY_001-IDEMPOTENT,FROZEN_DETAILED_V1.2.2,CREATE_OR_SUBMIT,页面主按钮/行操作/更多菜单/标准弹层，具体位置由模板和页面操作规格确定,具备权限 登录，且资源状态允许“获取/复制联系方式”；按钮显示条件由页面状态表和状态机共同决定,不存在同资源写请求；必填字段有效；服务端 version 未被本地标记过期；需要审批时已选择审批单,"校验 id,channel,X-Idempotency-Key,clientContext；同一业务意图生成稳定 X-Idempotency-Key；请求体变化必须换键",id;channel;X-Idempotency-Key;clientContext,金额、权益或发布范围变化时二次确认；普通可撤销保存不需要,POST /api/v1/contents/{id}/contacts/{channel}/access；请求模型 ContentPostContentsByIdContactsByChannelAccessRequest；响应模型 ContentPostContentsByIdContactsByChannelAccessResponse,X-Idempotency-Key + 服务端结果查询,提交期间锁定同资源写操作，保留输入并显示明确进度；禁止全页无反馈等待,使用同一幂等键仅重试同一请求体；若服务端已受理则先查询结果；409版本冲突不得盲重试,默认留在当前页并刷新；创建成功进入详情，支付/认证/发布结果按对应流程导航,当前资源、来源列表、全局角标/余额/待办中与该领域相关的缓存；禁止无差别清空全部缓存,记录必要业务埋点；读取高敏字段时额外记录访问审计,遵循最小采集；仅记录业务标识和状态，不记录自由文本中的个人信息,GET 可展示明确标记的最近缓存；写操作离线时禁止提交，不进入隐式离线队列,ContentPostContentsByIdContactsByChannelAccessResponse,READY_FOR_IMPLEMENTATION
ACT-SHEET-REPORT-001-01,ANDROID,SHEET-REPORT-001,举报面板,sheet://report,举报内容,用户显式点击操作入口，且本地字段校验、权限、状态机前置条件全部满足,POST /api/v1/contents/{id}/report,contentPostContentsByIdReport,ContentPostContentsByIdReportRequest,登录,X-Idempotency-Key必填,以响应数据更新页面和关联缓存；展示“举报内容成功”；仅刷新受影响区域,400逐字段映射；401要求重新认证；403隐藏后续写入口并记录越权拒绝；409提示数据已变化并重新加载；422展示业务原因且保留输入；429显示可重试时间；500保留上下文并提供 requestId,ui_action_sheet_report_001_01,REQ-SUPPORT-001,TST-SUPPORT_001-HAPPY;TST-SUPPORT_001-IDEMPOTENT,FROZEN_DETAILED_V1.2.2,CREATE_OR_SUBMIT,页面主按钮/行操作/更多菜单/标准弹层，具体位置由模板和页面操作规格确定,具备权限 登录，且资源状态允许“举报内容”；按钮显示条件由页面状态表和状态机共同决定,不存在同资源写请求；必填字段有效；服务端 version 未被本地标记过期；需要审批时已选择审批单,"校验 id,X-Idempotency-Key,reasonCode,description,evidenceMediaIds,messageIds,expectedVersion；expectedVersion 必须等于页面最后一次成功读取的服务端版本；同一业务意图生成稳定 X-Idempotency-Key；请求体变化必须换键",id;X-Idempotency-Key;reasonCode;description;evidenceMediaIds;messageIds;expectedVersion,必须二次确认；确认框展示目标、影响、不可逆性、原因、审批要求和将触发的通知,POST /api/v1/contents/{id}/report；请求模型 ContentPostContentsByIdReportRequest；响应模型 ContentPostContentsByIdReportResponse,expectedVersion 乐观锁 + X-Idempotency-Key + 服务端结果查询,提交期间锁定同资源写操作，保留输入并显示明确进度；禁止全页无反馈等待,使用同一幂等键仅重试同一请求体；若服务端已受理则先查询结果；409版本冲突不得盲重试,默认留在当前页并刷新；创建成功进入详情，支付/认证/发布结果按对应流程导航,当前资源、来源列表、全局角标/余额/待办中与该领域相关的缓存；禁止无差别清空全部缓存,记录必要业务埋点；读取高敏字段时额外记录访问审计,遵循最小采集；仅记录业务标识和状态，不记录自由文本中的个人信息,GET 可展示明确标记的最近缓存；写操作离线时禁止提交，不进入隐式离线队列,ContentPostContentsByIdReportResponse,READY_FOR_IMPLEMENTATION
ACT-SHEET-SHARE-001-01,ANDROID,SHEET-SHARE-001,分享面板,sheet://share,记录分享并返回分享地址,用户显式点击操作入口，且本地字段校验、权限、状态机前置条件全部满足,POST /api/v1/contents/{id}/share,contentPostContentsByIdShare,ContentPostContentsByIdShareRequest,登录,X-Idempotency-Key必填,以响应数据更新页面和关联缓存；展示“记录分享并返回分享地址成功”；仅刷新受影响区域,400逐字段映射；401要求重新认证；403隐藏后续写入口并记录越权拒绝；409提示数据已变化并重新加载；422展示业务原因且保留输入；429显示可重试时间；500保留上下文并提供 requestId,ui_action_sheet_share_001_01,REQ-ACTIVITY-001;REQ-H5-001,TST-ACTIVITY_001-HAPPY;TST-H5_001-HAPPY;TST-ACTIVITY_001-IDEMPOTENT;TST-H5_001-IDEMPOTENT,FROZEN_DETAILED_V1.2.2,CREATE_OR_SUBMIT,页面主按钮/行操作/更多菜单/标准弹层，具体位置由模板和页面操作规格确定,具备权限 登录，且资源状态允许“记录分享并返回分享地址”；按钮显示条件由页面状态表和状态机共同决定,不存在同资源写请求；必填字段有效；服务端 version 未被本地标记过期；需要审批时已选择审批单,"校验 id,X-Idempotency-Key,channel；同一业务意图生成稳定 X-Idempotency-Key；请求体变化必须换键",id;X-Idempotency-Key;channel,金额、权益或发布范围变化时二次确认；普通可撤销保存不需要,POST /api/v1/contents/{id}/share；请求模型 ContentPostContentsByIdShareRequest；响应模型 ContentPostContentsByIdShareResponse,X-Idempotency-Key + 服务端结果查询,提交期间锁定同资源写操作，保留输入并显示明确进度；禁止全页无反馈等待,使用同一幂等键仅重试同一请求体；若服务端已受理则先查询结果；409版本冲突不得盲重试,默认留在当前页并刷新；创建成功进入详情，支付/认证/发布结果按对应流程导航,当前资源、来源列表、全局角标/余额/待办中与该领域相关的缓存；禁止无差别清空全部缓存,记录必要业务埋点；读取高敏字段时额外记录访问审计,遵循最小采集；仅记录业务标识和状态，不记录自由文本中的个人信息,GET 可展示明确标记的最近缓存；写操作离线时禁止提交，不进入隐式离线队列,ContentPostContentsByIdShareResponse,READY_FOR_IMPLEMENTATION
ACT-RP-001-01,ANDROID,SCR-RP-001,红包首页,/red-packet,红包聚合列表,页面首次进入、下拉刷新、筛选/排序变化或滚动触底时触发；相同查询条件避免并发重复请求,GET /api/v1/red-packet-campaigns,redPacketGetRedPacketCampaigns,RedPacketGetRedPacketCampaignsParameters,登录,不要求,首屏替换数据，翻页仅追加去重；更新分页、筛选回显、总数/游标和最后刷新时间；空结果进入业务空状态,首屏失败显示全页错误与重试；刷新失败保留旧数据并提示；翻页失败保留已加载数据并提供行内重试；401跳登录或会话升级，403显示无权限，404不适用,ui_action_scr_rp_001_01,REQ-RP-003;REQ-RP-006,TST-RP_003-HAPPY;TST-RP_006-HAPPY,FROZEN_DETAILED_V1.2.2,LIST_QUERY,页面主按钮/行操作/更多菜单/标准弹层，具体位置由模板和页面操作规格确定,页面具备读取权限；筛选项按数据范围和角色显示,网络可用；非正在刷新；翻页时 nextCursor/hasNext 为真,"校验 page,pageSize,cursor,status,keyword,sort",page;pageSize;cursor;status;keyword;sort,不需要,GET /api/v1/red-packet-campaigns；请求模型 RedPacketGetRedPacketCampaignsParameters；响应模型 RedPacketGetRedPacketCampaignsResponse,同资源单写请求锁；状态机服务端复核,首屏使用骨架屏；刷新保留现有数据；翻页使用列表尾部加载器,GET 可人工重试；网络瞬断最多指数退避自动重试 2 次；筛选变化取消旧请求,留在当前页；点击行/卡片按页面导航规格进入详情,当前资源、来源列表、全局角标/余额/待办中与该领域相关的缓存；禁止无差别清空全部缓存,记录必要业务埋点；读取高敏字段时额外记录访问审计,遵循最小采集；仅记录业务标识和状态，不记录自由文本中的个人信息,GET 可展示明确标记的最近缓存；写操作离线时禁止提交，不进入隐式离线队列,RedPacketGetRedPacketCampaignsResponse,READY_FOR_IMPLEMENTATION
ACT-RP-002-01,ANDROID,SCR-RP-002,红包任务资格,/red-packet/{id}/eligibility,红包活动详情,页面进入、显式刷新、从后台恢复且缓存过期，或收到相关领域事件后触发,GET /api/v1/red-packet-campaigns/{id},redPacketGetRedPacketCampaignsById,RedPacketGetRedPacketCampaignsByIdParameters,登录,不要求,以服务端返回的 version 和状态覆盖详情；重算按钮显示/可用条件；记录页面曝光和请求 requestId,404显示资源不存在或已下架并提供返回；403显示无权限；409触发重新拉取；网络失败保留缓存并标记可能过期,ui_action_scr_rp_002_01,REQ-RP-003;REQ-RP-006,TST-RP_003-HAPPY;TST-RP_006-HAPPY,FROZEN_DETAILED_V1.2.2,DETAIL_QUERY,页面主按钮/行操作/更多菜单/标准弹层，具体位置由模板和页面操作规格确定,页面具备读取权限且路由参数完整,网络可用且不存在同资源进行中的请求,校验 id,id,不需要,GET /api/v1/red-packet-campaigns/{id}；请求模型 RedPacketGetRedPacketCampaignsByIdParameters；响应模型 RedPacketGetRedPacketCampaignsByIdResponse,同资源单写请求锁；状态机服务端复核,首次进入使用结构骨架；刷新保留当前内容并显示轻量刷新态,GET 可人工重试；缓存可作为只读降级但禁止基于过期数据执行写操作,留在当前页；资源不存在时返回上一级并从来源列表移除或标记,当前资源、来源列表、全局角标/余额/待办中与该领域相关的缓存；禁止无差别清空全部缓存,记录必要业务埋点；读取高敏字段时额外记录访问审计,遵循最小采集；仅记录业务标识和状态，不记录自由文本中的个人信息,GET 可展示明确标记的最近缓存；写操作离线时禁止提交，不进入隐式离线队列,RedPacketGetRedPacketCampaignsByIdResponse,READY_FOR_IMPLEMENTATION
ACT-RP-002-02,ANDROID,SCR-RP-002,红包任务资格,/red-packet/{id}/eligibility,创建浏览会话并锁定名额,用户显式点击操作入口，且本地字段校验、权限、状态机前置条件全部满足,POST /api/v1/red-packet-campaigns/{id}/view-sessions,redPacketPostRedPacketCampaignsByIdViewSessions,RedPacketPostRedPacketCampaignsByIdViewSessionsRequest,登录+实名,X-Idempotency-Key必填,使用响应中的资源和 version 更新页面；清除已提交脏状态；展示“创建浏览会话并锁定名额成功”；刷新受影响列表、详情、余额或配置版本,400逐字段映射；401要求重新认证；403隐藏后续写入口并记录越权拒绝；409提示数据已变化并重新加载；422展示业务原因且保留输入；429显示可重试时间；500保留上下文并提供 requestId,ui_action_scr_rp_002_02,REQ-RP-003;REQ-RP-006,TST-RP_003-HAPPY;TST-RP_006-HAPPY;TST-RP_003-IDEMPOTENT;TST-RP_006-IDEMPOTENT,FROZEN_DETAILED_V1.2.2,CREATE_OR_SUBMIT,页面主按钮/行操作/更多菜单/标准弹层，具体位置由模板和页面操作规格确定,具备权限 登录+实名，且资源状态允许“创建浏览会话并锁定名额”；按钮显示条件由页面状态表和状态机共同决定,不存在同资源写请求；必填字段有效；服务端 version 未被本地标记过期；需要审批时已选择审批单,"校验 id,X-Idempotency-Key,clientNonce,deviceContext；同一业务意图生成稳定 X-Idempotency-Key；请求体变化必须换键",id;X-Idempotency-Key;clientNonce;deviceContext,金额、权益或发布范围变化时二次确认；普通可撤销保存不需要,POST /api/v1/red-packet-campaigns/{id}/view-sessions；请求模型 RedPacketPostRedPacketCampaignsByIdViewSessionsRequest；响应模型 RedPacketPostRedPacketCampaignsByIdViewSessionsResponse,X-Idempotency-Key + 服务端结果查询,提交期间锁定同资源写操作，保留输入并显示明确进度；禁止全页无反馈等待,使用同一幂等键仅重试同一请求体；若服务端已受理则先查询结果；409版本冲突不得盲重试,默认留在当前页并刷新；创建成功进入详情，支付/认证/发布结果按对应流程导航,当前资源、来源列表、全局角标/余额/待办中与该领域相关的缓存；禁止无差别清空全部缓存,记录必要业务埋点；读取高敏字段时额外记录访问审计,遵循最小采集；仅记录业务标识和状态，不记录自由文本中的个人信息,GET 可展示明确标记的最近缓存；写操作离线时禁止提交，不进入隐式离线队列,RedPacketPostRedPacketCampaignsByIdViewSessionsResponse,READY_FOR_IMPLEMENTATION
ACT-RP-003-01,ANDROID,SCR-RP-003,红包浏览任务,/red-packet/{id}/view,创建浏览会话并锁定名额,用户显式点击操作入口，且本地字段校验、权限、状态机前置条件全部满足,POST /api/v1/red-packet-campaigns/{id}/view-sessions,redPacketPostRedPacketCampaignsByIdViewSessions,RedPacketPostRedPacketCampaignsByIdViewSessionsRequest,登录+实名,X-Idempotency-Key必填,使用响应中的资源和 version 更新页面；清除已提交脏状态；展示“创建浏览会话并锁定名额成功”；刷新受影响列表、详情、余额或配置版本,400逐字段映射；401要求重新认证；403隐藏后续写入口并记录越权拒绝；409提示数据已变化并重新加载；422展示业务原因且保留输入；429显示可重试时间；500保留上下文并提供 requestId,ui_action_scr_rp_003_01,REQ-RP-003;REQ-RP-006,TST-RP_003-HAPPY;TST-RP_006-HAPPY;TST-RP_003-IDEMPOTENT;TST-RP_006-IDEMPOTENT,FROZEN_DETAILED_V1.2.2,CREATE_OR_SUBMIT,页面主按钮/行操作/更多菜单/标准弹层，具体位置由模板和页面操作规格确定,具备权限 登录+实名，且资源状态允许“创建浏览会话并锁定名额”；按钮显示条件由页面状态表和状态机共同决定,不存在同资源写请求；必填字段有效；服务端 version 未被本地标记过期；需要审批时已选择审批单,"校验 id,X-Idempotency-Key,clientNonce,deviceContext；同一业务意图生成稳定 X-Idempotency-Key；请求体变化必须换键",id;X-Idempotency-Key;clientNonce;deviceContext,金额、权益或发布范围变化时二次确认；普通可撤销保存不需要,POST /api/v1/red-packet-campaigns/{id}/view-sessions；请求模型 RedPacketPostRedPacketCampaignsByIdViewSessionsRequest；响应模型 RedPacketPostRedPacketCampaignsByIdViewSessionsResponse,X-Idempotency-Key + 服务端结果查询,提交期间锁定同资源写操作，保留输入并显示明确进度；禁止全页无反馈等待,使用同一幂等键仅重试同一请求体；若服务端已受理则先查询结果；409版本冲突不得盲重试,默认留在当前页并刷新；创建成功进入详情，支付/认证/发布结果按对应流程导航,当前资源、来源列表、全局角标/余额/待办中与该领域相关的缓存；禁止无差别清空全部缓存,记录必要业务埋点；读取高敏字段时额外记录访问审计,遵循最小采集；仅记录业务标识和状态，不记录自由文本中的个人信息,GET 可展示明确标记的最近缓存；写操作离线时禁止提交，不进入隐式离线队列,RedPacketPostRedPacketCampaignsByIdViewSessionsResponse,READY_FOR_IMPLEMENTATION
ACT-RP-003-02,ANDROID,SCR-RP-003,红包浏览任务,/red-packet/{id}/view,浏览心跳,用户显式点击操作入口，且本地字段校验、权限、状态机前置条件全部满足,POST /api/v1/red-packet-view-sessions/{id}/heartbeat,redPacketPostRedPacketViewSessionsByIdHeartbeat,RedPacketPostRedPacketViewSessionsByIdHeartbeatRequest,登录,X-Idempotency-Key必填,以响应数据更新页面和关联缓存；展示“浏览心跳成功”；仅刷新受影响区域,400逐字段映射；401要求重新认证；403隐藏后续写入口并记录越权拒绝；409提示数据已变化并重新加载；422展示业务原因且保留输入；429显示可重试时间；500保留上下文并提供 requestId,ui_action_scr_rp_003_02,REQ-RP-003;REQ-RP-006,TST-RP_003-HAPPY;TST-RP_006-HAPPY;TST-RP_003-IDEMPOTENT;TST-RP_006-IDEMPOTENT,FROZEN_DETAILED_V1.2.2,CREATE_OR_SUBMIT,页面主按钮/行操作/更多菜单/标准弹层，具体位置由模板和页面操作规格确定,具备权限 登录，且资源状态允许“浏览心跳”；按钮显示条件由页面状态表和状态机共同决定,不存在同资源写请求；必填字段有效；服务端 version 未被本地标记过期；需要审批时已选择审批单,"校验 id,X-Idempotency-Key,clientSequence,elapsedSeconds,pageVisible；同一业务意图生成稳定 X-Idempotency-Key；请求体变化必须换键",id;X-Idempotency-Key;clientSequence;elapsedSeconds;pageVisible,金额、权益或发布范围变化时二次确认；普通可撤销保存不需要,POST /api/v1/red-packet-view-sessions/{id}/heartbeat；请求模型 RedPacketPostRedPacketViewSessionsByIdHeartbeatRequest；响应模型 RedPacketPostRedPacketViewSessionsByIdHeartbeatResponse,X-Idempotency-Key + 服务端结果查询,提交期间锁定同资源写操作，保留输入并显示明确进度；禁止全页无反馈等待,使用同一幂等键仅重试同一请求体；若服务端已受理则先查询结果；409版本冲突不得盲重试,默认留在当前页并刷新；创建成功进入详情，支付/认证/发布结果按对应流程导航,当前资源、来源列表、全局角标/余额/待办中与该领域相关的缓存；禁止无差别清空全部缓存,记录必要业务埋点；读取高敏字段时额外记录访问审计,遵循最小采集；仅记录业务标识和状态，不记录自由文本中的个人信息,GET 可展示明确标记的最近缓存；写操作离线时禁止提交，不进入隐式离线队列,RedPacketPostRedPacketViewSessionsByIdHeartbeatResponse,READY_FOR_IMPLEMENTATION
ACT-RP-003-03,ANDROID,SCR-RP-003,红包浏览任务,/red-packet/{id}/view,领取红包,用户显式点击操作入口，且本地字段校验、权限、状态机前置条件全部满足,POST /api/v1/red-packet-view-sessions/{id}/claim,redPacketPostRedPacketViewSessionsByIdClaim,RedPacketPostRedPacketViewSessionsByIdClaimRequest,登录+实名,X-Idempotency-Key必填,以响应数据更新页面和关联缓存；展示“领取红包成功”；仅刷新受影响区域,400逐字段映射；401要求重新认证；403隐藏后续写入口并记录越权拒绝；409提示数据已变化并重新加载；422展示业务原因且保留输入；429显示可重试时间；500保留上下文并提供 requestId,ui_action_scr_rp_003_03,REQ-RP-003;REQ-RP-006,TST-RP_003-HAPPY;TST-RP_006-HAPPY;TST-RP_003-IDEMPOTENT;TST-RP_006-IDEMPOTENT,FROZEN_DETAILED_V1.2.2,CREATE_OR_SUBMIT,页面主按钮/行操作/更多菜单/标准弹层，具体位置由模板和页面操作规格确定,具备权限 登录+实名，且资源状态允许“领取红包”；按钮显示条件由页面状态表和状态机共同决定,不存在同资源写请求；必填字段有效；服务端 version 未被本地标记过期；需要审批时已选择审批单,"校验 id,X-Idempotency-Key,clientNonce,finalHeartbeatSequence；同一业务意图生成稳定 X-Idempotency-Key；请求体变化必须换键",id;X-Idempotency-Key;clientNonce;finalHeartbeatSequence,金额、权益或发布范围变化时二次确认；普通可撤销保存不需要,POST /api/v1/red-packet-view-sessions/{id}/claim；请求模型 RedPacketPostRedPacketViewSessionsByIdClaimRequest；响应模型 RedPacketPostRedPacketViewSessionsByIdClaimResponse,X-Idempotency-Key + 服务端结果查询,提交期间锁定同资源写操作，保留输入并显示明确进度；禁止全页无反馈等待,使用同一幂等键仅重试同一请求体；若服务端已受理则先查询结果；409版本冲突不得盲重试,默认留在当前页并刷新；创建成功进入详情，支付/认证/发布结果按对应流程导航,当前资源、来源列表、全局角标/余额/待办中与该领域相关的缓存；禁止无差别清空全部缓存,记录必要业务埋点；读取高敏字段时额外记录访问审计,遵循最小采集；仅记录业务标识和状态，不记录自由文本中的个人信息,GET 可展示明确标记的最近缓存；写操作离线时禁止提交，不进入隐式离线队列,RedPacketPostRedPacketViewSessionsByIdClaimResponse,READY_FOR_IMPLEMENTATION
ACT-RP-003-04,ANDROID,SCR-RP-003,红包浏览任务,/red-packet/{id}/view,取消/释放名额,用户显式点击操作入口，且本地字段校验、权限、状态机前置条件全部满足,POST /api/v1/red-packet-view-sessions/{id}/cancel,redPacketPostRedPacketViewSessionsByIdCancel,RedPacketPostRedPacketViewSessionsByIdCancelRequest,登录,X-Idempotency-Key必填,按状态机更新资源并移除或禁用不再可用的操作；展示“取消/释放名额成功”；保留操作记录入口,400逐字段映射；401要求重新认证；403隐藏后续写入口并记录越权拒绝；409提示数据已变化并重新加载；422展示业务原因且保留输入；429显示可重试时间；500保留上下文并提供 requestId,ui_action_scr_rp_003_04,REQ-RP-003;REQ-RP-006,TST-RP_003-HAPPY;TST-RP_006-HAPPY;TST-RP_003-IDEMPOTENT;TST-RP_006-IDEMPOTENT,FROZEN_DETAILED_V1.2.2,CREATE_OR_SUBMIT,页面主按钮/行操作/更多菜单/标准弹层，具体位置由模板和页面操作规格确定,具备权限 登录，且资源状态允许“取消/释放名额”；按钮显示条件由页面状态表和状态机共同决定,不存在同资源写请求；必填字段有效；服务端 version 未被本地标记过期；需要审批时已选择审批单,"校验 id,X-Idempotency-Key,reason；同一业务意图生成稳定 X-Idempotency-Key；请求体变化必须换键",id;X-Idempotency-Key;reason,必须二次确认；确认框展示目标、影响、不可逆性、原因、审批要求和将触发的通知,POST /api/v1/red-packet-view-sessions/{id}/cancel；请求模型 RedPacketPostRedPacketViewSessionsByIdCancelRequest；响应模型 RedPacketPostRedPacketViewSessionsByIdCancelResponse,X-Idempotency-Key + 服务端结果查询,提交期间锁定同资源写操作，保留输入并显示明确进度；禁止全页无反馈等待,使用同一幂等键仅重试同一请求体；若服务端已受理则先查询结果；409版本冲突不得盲重试,默认留在当前页并刷新；创建成功进入详情，支付/认证/发布结果按对应流程导航,当前资源、来源列表、全局角标/余额/待办中与该领域相关的缓存；禁止无差别清空全部缓存,记录必要业务埋点；读取高敏字段时额外记录访问审计,遵循最小采集；仅记录业务标识和状态，不记录自由文本中的个人信息,GET 可展示明确标记的最近缓存；写操作离线时禁止提交，不进入隐式离线队列,RedPacketPostRedPacketViewSessionsByIdCancelResponse,READY_FOR_IMPLEMENTATION
ACT-SHEET-RP-001-01,ANDROID,SHEET-RP-001,红包领取面板,sheet://red-packet-claim,领取红包,用户显式点击操作入口，且本地字段校验、权限、状态机前置条件全部满足,POST /api/v1/red-packet-view-sessions/{id}/claim,redPacketPostRedPacketViewSessionsByIdClaim,RedPacketPostRedPacketViewSessionsByIdClaimRequest,登录+实名,X-Idempotency-Key必填,以响应数据更新页面和关联缓存；展示“领取红包成功”；仅刷新受影响区域,400逐字段映射；401要求重新认证；403隐藏后续写入口并记录越权拒绝；409提示数据已变化并重新加载；422展示业务原因且保留输入；429显示可重试时间；500保留上下文并提供 requestId,ui_action_sheet_rp_001_01,REQ-RP-003;REQ-REWARD-001,TST-RP_003-HAPPY;TST-REWARD_001-HAPPY;TST-RP_003-IDEMPOTENT;TST-REWARD_001-IDEMPOTENT,FROZEN_DETAILED_V1.2.2,CREATE_OR_SUBMIT,页面主按钮/行操作/更多菜单/标准弹层，具体位置由模板和页面操作规格确定,具备权限 登录+实名，且资源状态允许“领取红包”；按钮显示条件由页面状态表和状态机共同决定,不存在同资源写请求；必填字段有效；服务端 version 未被本地标记过期；需要审批时已选择审批单,"校验 id,X-Idempotency-Key,clientNonce,finalHeartbeatSequence；同一业务意图生成稳定 X-Idempotency-Key；请求体变化必须换键",id;X-Idempotency-Key;clientNonce;finalHeartbeatSequence,金额、权益或发布范围变化时二次确认；普通可撤销保存不需要,POST /api/v1/red-packet-view-sessions/{id}/claim；请求模型 RedPacketPostRedPacketViewSessionsByIdClaimRequest；响应模型 RedPacketPostRedPacketViewSessionsByIdClaimResponse,X-Idempotency-Key + 服务端结果查询,提交期间锁定同资源写操作，保留输入并显示明确进度；禁止全页无反馈等待,使用同一幂等键仅重试同一请求体；若服务端已受理则先查询结果；409版本冲突不得盲重试,默认留在当前页并刷新；创建成功进入详情，支付/认证/发布结果按对应流程导航,当前资源、来源列表、全局角标/余额/待办中与该领域相关的缓存；禁止无差别清空全部缓存,记录必要业务埋点；读取高敏字段时额外记录访问审计,遵循最小采集；仅记录业务标识和状态，不记录自由文本中的个人信息,GET 可展示明确标记的最近缓存；写操作离线时禁止提交，不进入隐式离线队列,RedPacketPostRedPacketViewSessionsByIdClaimResponse,READY_FOR_IMPLEMENTATION
ACT-SHEET-RP-001-02,ANDROID,SHEET-RP-001,红包领取面板,sheet://red-packet-claim,奖励账户,页面进入、显式刷新、从后台恢复且缓存过期，或收到相关领域事件后触发,GET /api/v1/me/reward-account,rewardGetMeRewardAccount,RewardGetMeRewardAccountParameters,登录+实名,不要求,以服务端返回的 version 和状态覆盖详情；重算按钮显示/可用条件；记录页面曝光和请求 requestId,404显示资源不存在或已下架并提供返回；403显示无权限；409触发重新拉取；网络失败保留缓存并标记可能过期,ui_action_sheet_rp_001_02,REQ-RP-003;REQ-REWARD-001,TST-RP_003-HAPPY;TST-REWARD_001-HAPPY,FROZEN_DETAILED_V1.2.2,DETAIL_QUERY,页面主按钮/行操作/更多菜单/标准弹层，具体位置由模板和页面操作规格确定,页面具备读取权限且路由参数完整,网络可用且不存在同资源进行中的请求,路由参数、权限和页面状态有效,无业务请求体；仅使用路由/会话上下文,不需要,GET /api/v1/me/reward-account；请求模型 RewardGetMeRewardAccountParameters；响应模型 RewardGetMeRewardAccountResponse,同资源单写请求锁；状态机服务端复核,首次进入使用结构骨架；刷新保留当前内容并显示轻量刷新态,GET 可人工重试；缓存可作为只读降级但禁止基于过期数据执行写操作,留在当前页；资源不存在时返回上一级并从来源列表移除或标记,当前资源、来源列表、全局角标/余额/待办中与该领域相关的缓存；禁止无差别清空全部缓存,记录必要业务埋点；读取高敏字段时额外记录访问审计,遵循最小采集；仅记录业务标识和状态，不记录自由文本中的个人信息,GET 可展示明确标记的最近缓存；写操作离线时禁止提交，不进入隐式离线队列,RewardGetMeRewardAccountResponse,READY_FOR_IMPLEMENTATION
ACT-RP-004-01,ANDROID,SCR-RP-004,我的红包,/me/rewards/red-packets,我的红包记录,页面首次进入、下拉刷新、筛选/排序变化或滚动触底时触发；相同查询条件避免并发重复请求,GET /api/v1/me/red-packet-claims,redPacketGetMeRedPacketClaims,RedPacketGetMeRedPacketClaimsParameters,登录,不要求,首屏替换数据，翻页仅追加去重；更新分页、筛选回显、总数/游标和最后刷新时间；空结果进入业务空状态,首屏失败显示全页错误与重试；刷新失败保留旧数据并提示；翻页失败保留已加载数据并提供行内重试；401跳登录或会话升级，403显示无权限，404不适用,ui_action_scr_rp_004_01,REQ-RP-003;REQ-RP-006,TST-RP_003-HAPPY;TST-RP_006-HAPPY,FROZEN_DETAILED_V1.2.2,LIST_QUERY,页面主按钮/行操作/更多菜单/标准弹层，具体位置由模板和页面操作规格确定,页面具备读取权限；筛选项按数据范围和角色显示,网络可用；非正在刷新；翻页时 nextCursor/hasNext 为真,"校验 page,pageSize,cursor,status,keyword,sort",page;pageSize;cursor;status;keyword;sort,不需要,GET /api/v1/me/red-packet-claims；请求模型 RedPacketGetMeRedPacketClaimsParameters；响应模型 RedPacketGetMeRedPacketClaimsResponse,同资源单写请求锁；状态机服务端复核,首屏使用骨架屏；刷新保留现有数据；翻页使用列表尾部加载器,GET 可人工重试；网络瞬断最多指数退避自动重试 2 次；筛选变化取消旧请求,留在当前页；点击行/卡片按页面导航规格进入详情,当前资源、来源列表、全局角标/余额/待办中与该领域相关的缓存；禁止无差别清空全部缓存,记录必要业务埋点；读取高敏字段时额外记录访问审计,遵循最小采集；仅记录业务标识和状态，不记录自由文本中的个人信息,GET 可展示明确标记的最近缓存；写操作离线时禁止提交，不进入隐式离线队列,RedPacketGetMeRedPacketClaimsResponse,READY_FOR_IMPLEMENTATION
ACT-RP-004-02,ANDROID,SCR-RP-004,我的红包,/me/rewards/red-packets,奖励账户,页面进入、显式刷新、从后台恢复且缓存过期，或收到相关领域事件后触发,GET /api/v1/me/reward-account,rewardGetMeRewardAccount,RewardGetMeRewardAccountParameters,登录+实名,不要求,以服务端返回的 version 和状态覆盖详情；重算按钮显示/可用条件；记录页面曝光和请求 requestId,404显示资源不存在或已下架并提供返回；403显示无权限；409触发重新拉取；网络失败保留缓存并标记可能过期,ui_action_scr_rp_004_02,REQ-RP-003;REQ-RP-006,TST-RP_003-HAPPY;TST-RP_006-HAPPY,FROZEN_DETAILED_V1.2.2,DETAIL_QUERY,页面主按钮/行操作/更多菜单/标准弹层，具体位置由模板和页面操作规格确定,页面具备读取权限且路由参数完整,网络可用且不存在同资源进行中的请求,路由参数、权限和页面状态有效,无业务请求体；仅使用路由/会话上下文,不需要,GET /api/v1/me/reward-account；请求模型 RewardGetMeRewardAccountParameters；响应模型 RewardGetMeRewardAccountResponse,同资源单写请求锁；状态机服务端复核,首次进入使用结构骨架；刷新保留当前内容并显示轻量刷新态,GET 可人工重试；缓存可作为只读降级但禁止基于过期数据执行写操作,留在当前页；资源不存在时返回上一级并从来源列表移除或标记,当前资源、来源列表、全局角标/余额/待办中与该领域相关的缓存；禁止无差别清空全部缓存,记录必要业务埋点；读取高敏字段时额外记录访问审计,遵循最小采集；仅记录业务标识和状态，不记录自由文本中的个人信息,GET 可展示明确标记的最近缓存；写操作离线时禁止提交，不进入隐式离线队列,RewardGetMeRewardAccountResponse,READY_FOR_IMPLEMENTATION
ACT-RP-ADV-001-01,ANDROID,SCR-RP-ADV-001,红包活动列表,/me/red-packet-campaigns,广告主活动列表,页面首次进入、下拉刷新、筛选/排序变化或滚动触底时触发；相同查询条件避免并发重复请求,GET /api/v1/me/red-packet-campaigns,redPacketGetMeRedPacketCampaigns,RedPacketGetMeRedPacketCampaignsParameters,登录,不要求,首屏替换数据，翻页仅追加去重；更新分页、筛选回显、总数/游标和最后刷新时间；空结果进入业务空状态,首屏失败显示全页错误与重试；刷新失败保留旧数据并提示；翻页失败保留已加载数据并提供行内重试；401跳登录或会话升级，403显示无权限，404不适用,ui_action_scr_rp_adv_001_01,REQ-RP-001;REQ-RP-004;REQ-RP-005,TST-RP_001-HAPPY;TST-RP_004-HAPPY;TST-RP_005-HAPPY,FROZEN_DETAILED_V1.2.2,LIST_QUERY,页面主按钮/行操作/更多菜单/标准弹层，具体位置由模板和页面操作规格确定,页面具备读取权限；筛选项按数据范围和角色显示,网络可用；非正在刷新；翻页时 nextCursor/hasNext 为真,"校验 page,pageSize,cursor,status,keyword,sort",page;pageSize;cursor;status;keyword;sort,不需要,GET /api/v1/me/red-packet-campaigns；请求模型 RedPacketGetMeRedPacketCampaignsParameters；响应模型 RedPacketGetMeRedPacketCampaignsResponse,同资源单写请求锁；状态机服务端复核,首屏使用骨架屏；刷新保留现有数据；翻页使用列表尾部加载器,GET 可人工重试；网络瞬断最多指数退避自动重试 2 次；筛选变化取消旧请求,留在当前页；点击行/卡片按页面导航规格进入详情,当前资源、来源列表、全局角标/余额/待办中与该领域相关的缓存；禁止无差别清空全部缓存,记录必要业务埋点；读取高敏字段时额外记录访问审计,遵循最小采集；仅记录业务标识和状态，不记录自由文本中的个人信息,GET 可展示明确标记的最近缓存；写操作离线时禁止提交，不进入隐式离线队列,RedPacketGetMeRedPacketCampaignsResponse,READY_FOR_IMPLEMENTATION
ACT-RP-ADV-002-01,ANDROID,SCR-RP-ADV-002,创建红包,/me/red-packet-campaigns/create,创建草稿,用户显式点击操作入口，且本地字段校验、权限、状态机前置条件全部满足,POST /api/v1/red-packet-campaigns,redPacketPostRedPacketCampaigns,RedPacketPostRedPacketCampaignsRequest,登录+实名,X-Idempotency-Key必填,使用响应中的资源和 version 更新页面；清除已提交脏状态；展示“创建草稿成功”；刷新受影响列表、详情、余额或配置版本,400逐字段映射；401要求重新认证；403隐藏后续写入口并记录越权拒绝；409提示数据已变化并重新加载；422展示业务原因且保留输入；429显示可重试时间；500保留上下文并提供 requestId,ui_action_scr_rp_adv_002_01,REQ-RP-001;REQ-RP-004;REQ-RP-005,TST-RP_001-HAPPY;TST-RP_004-HAPPY;TST-RP_005-HAPPY;TST-RP_001-IDEMPOTENT;TST-RP_004-IDEMPOTENT;TST-RP_005-IDEMPOTENT,FROZEN_DETAILED_V1.2.2,CREATE_OR_SUBMIT,页面主按钮/行操作/更多菜单/标准弹层，具体位置由模板和页面操作规格确定,具备权限 登录+实名，且资源状态允许“创建草稿”；按钮显示条件由页面状态表和状态机共同决定,不存在同资源写请求；必填字段有效；服务端 version 未被本地标记过期；需要审批时已选择审批单,"校验 X-Idempotency-Key,contentId,totalCount,amountPerClaimCent,startAt,endAt,targeting；同一业务意图生成稳定 X-Idempotency-Key；请求体变化必须换键",X-Idempotency-Key;contentId;totalCount;amountPerClaimCent;startAt;endAt;targeting,金额、权益或发布范围变化时二次确认；普通可撤销保存不需要,POST /api/v1/red-packet-campaigns；请求模型 RedPacketPostRedPacketCampaignsRequest；响应模型 RedPacketPostRedPacketCampaignsResponse,X-Idempotency-Key + 服务端结果查询,提交期间锁定同资源写操作，保留输入并显示明确进度；禁止全页无反馈等待,使用同一幂等键仅重试同一请求体；若服务端已受理则先查询结果；409版本冲突不得盲重试,默认留在当前页并刷新；创建成功进入详情，支付/认证/发布结果按对应流程导航,当前资源、来源列表、全局角标/余额/待办中与该领域相关的缓存；禁止无差别清空全部缓存,记录必要业务埋点；读取高敏字段时额外记录访问审计,遵循最小采集；仅记录业务标识和状态，不记录自由文本中的个人信息,GET 可展示明确标记的最近缓存；写操作离线时禁止提交，不进入隐式离线队列,RedPacketPostRedPacketCampaignsResponse,READY_FOR_IMPLEMENTATION
ACT-RP-ADV-003-01,ANDROID,SCR-RP-ADV-003,预审核结果,/me/red-packet-campaigns/{id}/review,红包活动详情,页面进入、显式刷新、从后台恢复且缓存过期，或收到相关领域事件后触发,GET /api/v1/red-packet-campaigns/{id},redPacketGetRedPacketCampaignsById,RedPacketGetRedPacketCampaignsByIdParameters,登录,不要求,以服务端返回的 version 和状态覆盖详情；重算按钮显示/可用条件；记录页面曝光和请求 requestId,404显示资源不存在或已下架并提供返回；403显示无权限；409触发重新拉取；网络失败保留缓存并标记可能过期,ui_action_scr_rp_adv_003_01,REQ-RP-001;REQ-RP-004;REQ-RP-005,TST-RP_001-HAPPY;TST-RP_004-HAPPY;TST-RP_005-HAPPY,FROZEN_DETAILED_V1.2.2,DETAIL_QUERY,页面主按钮/行操作/更多菜单/标准弹层，具体位置由模板和页面操作规格确定,页面具备读取权限且路由参数完整,网络可用且不存在同资源进行中的请求,校验 id,id,不需要,GET /api/v1/red-packet-campaigns/{id}；请求模型 RedPacketGetRedPacketCampaignsByIdParameters；响应模型 RedPacketGetRedPacketCampaignsByIdResponse,同资源单写请求锁；状态机服务端复核,首次进入使用结构骨架；刷新保留当前内容并显示轻量刷新态,GET 可人工重试；缓存可作为只读降级但禁止基于过期数据执行写操作,留在当前页；资源不存在时返回上一级并从来源列表移除或标记,当前资源、来源列表、全局角标/余额/待办中与该领域相关的缓存；禁止无差别清空全部缓存,记录必要业务埋点；读取高敏字段时额外记录访问审计,遵循最小采集；仅记录业务标识和状态，不记录自由文本中的个人信息,GET 可展示明确标记的最近缓存；写操作离线时禁止提交，不进入隐式离线队列,RedPacketGetRedPacketCampaignsByIdResponse,READY_FOR_IMPLEMENTATION
ACT-RP-ADV-003-02,ANDROID,SCR-RP-ADV-003,预审核结果,/me/red-packet-campaigns/{id}/review,提交预审核,用户显式点击操作入口，且本地字段校验、权限、状态机前置条件全部满足,POST /api/v1/red-packet-campaigns/{id}/submit-review,redPacketPostRedPacketCampaignsByIdSubmitReview,RedPacketPostRedPacketCampaignsByIdSubmitReviewRequest,登录+实名+所有者,X-Idempotency-Key必填,使用响应中的资源和 version 更新页面；清除已提交脏状态；展示“提交预审核成功”；刷新受影响列表、详情、余额或配置版本,400逐字段映射；401要求重新认证；403隐藏后续写入口并记录越权拒绝；409提示数据已变化并重新加载；422展示业务原因且保留输入；429显示可重试时间；500保留上下文并提供 requestId,ui_action_scr_rp_adv_003_02,REQ-RP-001;REQ-RP-004;REQ-RP-005,TST-RP_001-HAPPY;TST-RP_004-HAPPY;TST-RP_005-HAPPY;TST-RP_001-IDEMPOTENT;TST-RP_004-IDEMPOTENT;TST-RP_005-IDEMPOTENT,FROZEN_DETAILED_V1.2.2,CONTROLLED_COMMAND,页面主按钮/行操作/更多菜单/标准弹层，具体位置由模板和页面操作规格确定,具备权限 登录+实名+所有者，且资源状态允许“提交预审核”；按钮显示条件由页面状态表和状态机共同决定,不存在同资源写请求；必填字段有效；服务端 version 未被本地标记过期；需要审批时已选择审批单,"校验 id,X-Idempotency-Key,expectedVersion,remark；expectedVersion 必须等于页面最后一次成功读取的服务端版本；同一业务意图生成稳定 X-Idempotency-Key；请求体变化必须换键",id;X-Idempotency-Key;expectedVersion;remark,必须二次确认；确认框展示目标、影响、不可逆性、原因、审批要求和将触发的通知,POST /api/v1/red-packet-campaigns/{id}/submit-review；请求模型 RedPacketPostRedPacketCampaignsByIdSubmitReviewRequest；响应模型 RedPacketPostRedPacketCampaignsByIdSubmitReviewResponse,expectedVersion 乐观锁 + X-Idempotency-Key + 服务端结果查询,提交期间锁定同资源写操作，保留输入并显示明确进度；禁止全页无反馈等待,使用同一幂等键仅重试同一请求体；若服务端已受理则先查询结果；409版本冲突不得盲重试,默认留在当前页并刷新；创建成功进入详情，支付/认证/发布结果按对应流程导航,当前资源、来源列表、全局角标/余额/待办中与该领域相关的缓存；禁止无差别清空全部缓存,记录操作人、角色、目标、前后状态/版本、原因、审批单、requestId、IP/设备和结果,遵循最小采集；仅记录业务标识和状态，不记录自由文本中的个人信息,GET 可展示明确标记的最近缓存；写操作离线时禁止提交，不进入隐式离线队列,RedPacketPostRedPacketCampaignsByIdSubmitReviewResponse,READY_FOR_IMPLEMENTATION
ACT-RP-ADV-004-01,ANDROID,SCR-RP-ADV-004,红包报价确认,/me/red-packet-campaigns/{id}/quote,创建初始报价,用户显式点击操作入口，且本地字段校验、权限、状态机前置条件全部满足,POST /api/v1/red-packet-campaigns/{id}/quote,redPacketPostRedPacketCampaignsByIdQuote,RedPacketPostRedPacketCampaignsByIdQuoteRequest,登录+实名+所有者,X-Idempotency-Key必填,使用响应中的资源和 version 更新页面；清除已提交脏状态；展示“创建初始报价成功”；刷新受影响列表、详情、余额或配置版本,400逐字段映射；401要求重新认证；403隐藏后续写入口并记录越权拒绝；409提示数据已变化并重新加载；422展示业务原因且保留输入；429显示可重试时间；500保留上下文并提供 requestId,ui_action_scr_rp_adv_004_01,REQ-RP-001;REQ-RP-004;REQ-RP-005,TST-RP_001-HAPPY;TST-RP_004-HAPPY;TST-RP_005-HAPPY;TST-RP_001-IDEMPOTENT;TST-RP_004-IDEMPOTENT;TST-RP_005-IDEMPOTENT,FROZEN_DETAILED_V1.2.2,CREATE_OR_SUBMIT,页面主按钮/行操作/更多菜单/标准弹层，具体位置由模板和页面操作规格确定,具备权限 登录+实名+所有者，且资源状态允许“创建初始报价”；按钮显示条件由页面状态表和状态机共同决定,不存在同资源写请求；必填字段有效；服务端 version 未被本地标记过期；需要审批时已选择审批单,"校验 id,X-Idempotency-Key,totalCount,amountPerClaimCent,expectedVersion；expectedVersion 必须等于页面最后一次成功读取的服务端版本；同一业务意图生成稳定 X-Idempotency-Key；请求体变化必须换键",id;X-Idempotency-Key;totalCount;amountPerClaimCent;expectedVersion,金额、权益或发布范围变化时二次确认；普通可撤销保存不需要,POST /api/v1/red-packet-campaigns/{id}/quote；请求模型 RedPacketPostRedPacketCampaignsByIdQuoteRequest；响应模型 RedPacketPostRedPacketCampaignsByIdQuoteResponse,expectedVersion 乐观锁 + X-Idempotency-Key + 服务端结果查询,提交期间锁定同资源写操作，保留输入并显示明确进度；禁止全页无反馈等待,使用同一幂等键仅重试同一请求体；若服务端已受理则先查询结果；409版本冲突不得盲重试,默认留在当前页并刷新；创建成功进入详情，支付/认证/发布结果按对应流程导航,当前资源、来源列表、全局角标/余额/待办中与该领域相关的缓存；禁止无差别清空全部缓存,记录必要业务埋点；读取高敏字段时额外记录访问审计,遵循最小采集；仅记录业务标识和状态，不记录自由文本中的个人信息,GET 可展示明确标记的最近缓存；写操作离线时禁止提交，不进入隐式离线队列,RedPacketPostRedPacketCampaignsByIdQuoteResponse,READY_FOR_IMPLEMENTATION
ACT-RP-ADV-004-02,ANDROID,SCR-RP-ADV-004,红包报价确认,/me/red-packet-campaigns/{id}/quote,创建红包订单,用户显式点击操作入口，且本地字段校验、权限、状态机前置条件全部满足,POST /api/v1/red-packet-campaigns/{id}/orders,redPacketPostRedPacketCampaignsByIdOrders,RedPacketPostRedPacketCampaignsByIdOrdersRequest,登录+实名+所有者,X-Idempotency-Key必填,使用响应中的资源和 version 更新页面；清除已提交脏状态；展示“创建红包订单成功”；刷新受影响列表、详情、余额或配置版本,400逐字段映射；401要求重新认证；403隐藏后续写入口并记录越权拒绝；409提示数据已变化并重新加载；422展示业务原因且保留输入；429显示可重试时间；500保留上下文并提供 requestId,ui_action_scr_rp_adv_004_02,REQ-RP-001;REQ-RP-004;REQ-RP-005,TST-RP_001-HAPPY;TST-RP_004-HAPPY;TST-RP_005-HAPPY;TST-RP_001-IDEMPOTENT;TST-RP_004-IDEMPOTENT;TST-RP_005-IDEMPOTENT,FROZEN_DETAILED_V1.2.2,CREATE_OR_SUBMIT,页面主按钮/行操作/更多菜单/标准弹层，具体位置由模板和页面操作规格确定,具备权限 登录+实名+所有者，且资源状态允许“创建红包订单”；按钮显示条件由页面状态表和状态机共同决定,不存在同资源写请求；必填字段有效；服务端 version 未被本地标记过期；需要审批时已选择审批单,"校验 id,X-Idempotency-Key,quoteId,paymentChannel,expectedVersion；expectedVersion 必须等于页面最后一次成功读取的服务端版本；同一业务意图生成稳定 X-Idempotency-Key；请求体变化必须换键",id;X-Idempotency-Key;quoteId;paymentChannel;expectedVersion,金额、权益或发布范围变化时二次确认；普通可撤销保存不需要,POST /api/v1/red-packet-campaigns/{id}/orders；请求模型 RedPacketPostRedPacketCampaignsByIdOrdersRequest；响应模型 RedPacketPostRedPacketCampaignsByIdOrdersResponse,expectedVersion 乐观锁 + X-Idempotency-Key + 服务端结果查询,提交期间锁定同资源写操作，保留输入并显示明确进度；禁止全页无反馈等待,使用同一幂等键仅重试同一请求体；若服务端已受理则先查询结果；409版本冲突不得盲重试,默认留在当前页并刷新；创建成功进入详情，支付/认证/发布结果按对应流程导航,当前资源、来源列表、全局角标/余额/待办中与该领域相关的缓存；禁止无差别清空全部缓存,记录必要业务埋点；读取高敏字段时额外记录访问审计,遵循最小采集；仅记录业务标识和状态，不记录自由文本中的个人信息,GET 可展示明确标记的最近缓存；写操作离线时禁止提交，不进入隐式离线队列,RedPacketPostRedPacketCampaignsByIdOrdersResponse,READY_FOR_IMPLEMENTATION
ACT-RP-ADV-005-01,ANDROID,SCR-RP-ADV-005,红包活动详情,/me/red-packet-campaigns/{id},活动数据,页面首次进入、下拉刷新、筛选/排序变化或滚动触底时触发；相同查询条件避免并发重复请求,GET /api/v1/me/red-packet-campaigns/{id}/analytics,redPacketGetMeRedPacketCampaignsByIdAnalytics,RedPacketGetMeRedPacketCampaignsByIdAnalyticsParameters,登录+所有者,不要求,首屏替换数据，翻页仅追加去重；更新分页、筛选回显、总数/游标和最后刷新时间；空结果进入业务空状态,首屏失败显示全页错误与重试；刷新失败保留旧数据并提示；翻页失败保留已加载数据并提供行内重试；401跳登录或会话升级，403显示无权限，404不适用,ui_action_scr_rp_adv_005_01,REQ-RP-001;REQ-RP-004;REQ-RP-005,TST-RP_001-HAPPY;TST-RP_004-HAPPY;TST-RP_005-HAPPY,FROZEN_DETAILED_V1.2.2,LIST_QUERY,页面主按钮/行操作/更多菜单/标准弹层，具体位置由模板和页面操作规格确定,页面具备读取权限；筛选项按数据范围和角色显示,网络可用；非正在刷新；翻页时 nextCursor/hasNext 为真,"校验 id,page,pageSize,cursor,status,keyword,sort",id;page;pageSize;cursor;status;keyword;sort,不需要,GET /api/v1/me/red-packet-campaigns/{id}/analytics；请求模型 RedPacketGetMeRedPacketCampaignsByIdAnalyticsParameters；响应模型 RedPacketGetMeRedPacketCampaignsByIdAnalyticsResponse,同资源单写请求锁；状态机服务端复核,首屏使用骨架屏；刷新保留现有数据；翻页使用列表尾部加载器,GET 可人工重试；网络瞬断最多指数退避自动重试 2 次；筛选变化取消旧请求,留在当前页；点击行/卡片按页面导航规格进入详情,当前资源、来源列表、全局角标/余额/待办中与该领域相关的缓存；禁止无差别清空全部缓存,记录必要业务埋点；读取高敏字段时额外记录访问审计,遵循最小采集；仅记录业务标识和状态，不记录自由文本中的个人信息,GET 可展示明确标记的最近缓存；写操作离线时禁止提交，不进入隐式离线队列,RedPacketGetMeRedPacketCampaignsByIdAnalyticsResponse,READY_FOR_IMPLEMENTATION
ACT-RP-ADV-005-02,ANDROID,SCR-RP-ADV-005,红包活动详情,/me/red-packet-campaigns/{id},暂停,用户显式点击操作入口，且本地字段校验、权限、状态机前置条件全部满足,POST /api/v1/red-packet-campaigns/{id}/pause,redPacketPostRedPacketCampaignsByIdPause,RedPacketPostRedPacketCampaignsByIdPauseRequest,登录+所有者,X-Idempotency-Key必填,以响应数据更新页面和关联缓存；展示“暂停成功”；仅刷新受影响区域,400逐字段映射；401要求重新认证；403隐藏后续写入口并记录越权拒绝；409提示数据已变化并重新加载；422展示业务原因且保留输入；429显示可重试时间；500保留上下文并提供 requestId,ui_action_scr_rp_adv_005_02,REQ-RP-001;REQ-RP-004;REQ-RP-005,TST-RP_001-HAPPY;TST-RP_004-HAPPY;TST-RP_005-HAPPY;TST-RP_001-IDEMPOTENT;TST-RP_004-IDEMPOTENT;TST-RP_005-IDEMPOTENT,FROZEN_DETAILED_V1.2.2,CREATE_OR_SUBMIT,页面主按钮/行操作/更多菜单/标准弹层，具体位置由模板和页面操作规格确定,具备权限 登录+所有者，且资源状态允许“暂停”；按钮显示条件由页面状态表和状态机共同决定,不存在同资源写请求；必填字段有效；服务端 version 未被本地标记过期；需要审批时已选择审批单,"校验 id,X-Idempotency-Key,reason,expectedVersion；expectedVersion 必须等于页面最后一次成功读取的服务端版本；同一业务意图生成稳定 X-Idempotency-Key；请求体变化必须换键",id;X-Idempotency-Key;reason;expectedVersion,必须二次确认；确认框展示目标、影响、不可逆性、原因、审批要求和将触发的通知,POST /api/v1/red-packet-campaigns/{id}/pause；请求模型 RedPacketPostRedPacketCampaignsByIdPauseRequest；响应模型 RedPacketPostRedPacketCampaignsByIdPauseResponse,expectedVersion 乐观锁 + X-Idempotency-Key + 服务端结果查询,提交期间锁定同资源写操作，保留输入并显示明确进度；禁止全页无反馈等待,使用同一幂等键仅重试同一请求体；若服务端已受理则先查询结果；409版本冲突不得盲重试,默认留在当前页并刷新；创建成功进入详情，支付/认证/发布结果按对应流程导航,当前资源、来源列表、全局角标/余额/待办中与该领域相关的缓存；禁止无差别清空全部缓存,记录必要业务埋点；读取高敏字段时额外记录访问审计,遵循最小采集；仅记录业务标识和状态，不记录自由文本中的个人信息,GET 可展示明确标记的最近缓存；写操作离线时禁止提交，不进入隐式离线队列,RedPacketPostRedPacketCampaignsByIdPauseResponse,READY_FOR_IMPLEMENTATION
ACT-RP-ADV-005-03,ANDROID,SCR-RP-ADV-005,红包活动详情,/me/red-packet-campaigns/{id},恢复,用户显式点击操作入口，且本地字段校验、权限、状态机前置条件全部满足,POST /api/v1/red-packet-campaigns/{id}/resume,redPacketPostRedPacketCampaignsByIdResume,RedPacketPostRedPacketCampaignsByIdResumeRequest,登录+所有者,X-Idempotency-Key必填,以响应数据更新页面和关联缓存；展示“恢复成功”；仅刷新受影响区域,400逐字段映射；401要求重新认证；403隐藏后续写入口并记录越权拒绝；409提示数据已变化并重新加载；422展示业务原因且保留输入；429显示可重试时间；500保留上下文并提供 requestId,ui_action_scr_rp_adv_005_03,REQ-RP-001;REQ-RP-004;REQ-RP-005,TST-RP_001-HAPPY;TST-RP_004-HAPPY;TST-RP_005-HAPPY;TST-RP_001-IDEMPOTENT;TST-RP_004-IDEMPOTENT;TST-RP_005-IDEMPOTENT,FROZEN_DETAILED_V1.2.2,CREATE_OR_SUBMIT,页面主按钮/行操作/更多菜单/标准弹层，具体位置由模板和页面操作规格确定,具备权限 登录+所有者，且资源状态允许“恢复”；按钮显示条件由页面状态表和状态机共同决定,不存在同资源写请求；必填字段有效；服务端 version 未被本地标记过期；需要审批时已选择审批单,"校验 id,X-Idempotency-Key,reason,expectedVersion；expectedVersion 必须等于页面最后一次成功读取的服务端版本；同一业务意图生成稳定 X-Idempotency-Key；请求体变化必须换键",id;X-Idempotency-Key;reason;expectedVersion,必须二次确认；确认框展示目标、影响、不可逆性、原因、审批要求和将触发的通知,POST /api/v1/red-packet-campaigns/{id}/resume；请求模型 RedPacketPostRedPacketCampaignsByIdResumeRequest；响应模型 RedPacketPostRedPacketCampaignsByIdResumeResponse,expectedVersion 乐观锁 + X-Idempotency-Key + 服务端结果查询,提交期间锁定同资源写操作，保留输入并显示明确进度；禁止全页无反馈等待,使用同一幂等键仅重试同一请求体；若服务端已受理则先查询结果；409版本冲突不得盲重试,默认留在当前页并刷新；创建成功进入详情，支付/认证/发布结果按对应流程导航,当前资源、来源列表、全局角标/余额/待办中与该领域相关的缓存；禁止无差别清空全部缓存,记录必要业务埋点；读取高敏字段时额外记录访问审计,遵循最小采集；仅记录业务标识和状态，不记录自由文本中的个人信息,GET 可展示明确标记的最近缓存；写操作离线时禁止提交，不进入隐式离线队列,RedPacketPostRedPacketCampaignsByIdResumeResponse,READY_FOR_IMPLEMENTATION
ACT-RP-ADV-005-04,ANDROID,SCR-RP-ADV-005,红包活动详情,/me/red-packet-campaigns/{id},关闭且不退款,用户显式点击操作入口，且本地字段校验、权限、状态机前置条件全部满足,POST /api/v1/red-packet-campaigns/{id}/close,redPacketPostRedPacketCampaignsByIdClose,RedPacketPostRedPacketCampaignsByIdCloseRequest,登录+所有者,X-Idempotency-Key必填,按状态机更新资源并移除或禁用不再可用的操作；展示“关闭且不退款成功”；保留操作记录入口,400逐字段映射；401要求重新认证；403隐藏后续写入口并记录越权拒绝；409提示数据已变化并重新加载；422展示业务原因且保留输入；429显示可重试时间；500保留上下文并提供 requestId,ui_action_scr_rp_adv_005_04,REQ-RP-001;REQ-RP-004;REQ-RP-005,TST-RP_001-HAPPY;TST-RP_004-HAPPY;TST-RP_005-HAPPY;TST-RP_001-IDEMPOTENT;TST-RP_004-IDEMPOTENT;TST-RP_005-IDEMPOTENT,FROZEN_DETAILED_V1.2.2,CONTROLLED_COMMAND,页面主按钮/行操作/更多菜单/标准弹层，具体位置由模板和页面操作规格确定,具备权限 登录+所有者，且资源状态允许“关闭且不退款”；按钮显示条件由页面状态表和状态机共同决定,不存在同资源写请求；必填字段有效；服务端 version 未被本地标记过期；需要审批时已选择审批单,"校验 id,X-Idempotency-Key,reason,expectedVersion；expectedVersion 必须等于页面最后一次成功读取的服务端版本；同一业务意图生成稳定 X-Idempotency-Key；请求体变化必须换键",id;X-Idempotency-Key;reason;expectedVersion,必须二次确认；确认框展示目标、影响、不可逆性、原因、审批要求和将触发的通知,POST /api/v1/red-packet-campaigns/{id}/close；请求模型 RedPacketPostRedPacketCampaignsByIdCloseRequest；响应模型 RedPacketPostRedPacketCampaignsByIdCloseResponse,expectedVersion 乐观锁 + X-Idempotency-Key + 服务端结果查询,提交期间锁定同资源写操作，保留输入并显示明确进度；禁止全页无反馈等待,使用同一幂等键仅重试同一请求体；若服务端已受理则先查询结果；409版本冲突不得盲重试,默认留在当前页并刷新；创建成功进入详情，支付/认证/发布结果按对应流程导航,当前资源、来源列表、全局角标/余额/待办中与该领域相关的缓存；禁止无差别清空全部缓存,记录操作人、角色、目标、前后状态/版本、原因、审批单、requestId、IP/设备和结果,遵循最小采集；仅记录业务标识和状态，不记录自由文本中的个人信息,GET 可展示明确标记的最近缓存；写操作离线时禁止提交，不进入隐式离线队列,RedPacketPostRedPacketCampaignsByIdCloseResponse,READY_FOR_IMPLEMENTATION
ACT-RP-ADV-006-01,ANDROID,SCR-RP-ADV-006,提高红包金额,/me/red-packet-campaigns/{id}/increase,提高金额报价,用户显式点击操作入口，且本地字段校验、权限、状态机前置条件全部满足,POST /api/v1/red-packet-campaigns/{id}/increase-quotes,redPacketPostRedPacketCampaignsByIdIncreaseQuotes,RedPacketPostRedPacketCampaignsByIdIncreaseQuotesRequest,登录+实名+所有者,X-Idempotency-Key必填,以响应数据更新页面和关联缓存；展示“提高金额报价成功”；仅刷新受影响区域,400逐字段映射；401要求重新认证；403隐藏后续写入口并记录越权拒绝；409提示数据已变化并重新加载；422展示业务原因且保留输入；429显示可重试时间；500保留上下文并提供 requestId,ui_action_scr_rp_adv_006_01,REQ-RP-001;REQ-RP-004;REQ-RP-005,TST-RP_001-HAPPY;TST-RP_004-HAPPY;TST-RP_005-HAPPY;TST-RP_001-IDEMPOTENT;TST-RP_004-IDEMPOTENT;TST-RP_005-IDEMPOTENT,FROZEN_DETAILED_V1.2.2,CREATE_OR_SUBMIT,页面主按钮/行操作/更多菜单/标准弹层，具体位置由模板和页面操作规格确定,具备权限 登录+实名+所有者，且资源状态允许“提高金额报价”；按钮显示条件由页面状态表和状态机共同决定,不存在同资源写请求；必填字段有效；服务端 version 未被本地标记过期；需要审批时已选择审批单,"校验 id,X-Idempotency-Key,newAmountPerClaimCent,expectedVersion；expectedVersion 必须等于页面最后一次成功读取的服务端版本；同一业务意图生成稳定 X-Idempotency-Key；请求体变化必须换键",id;X-Idempotency-Key;newAmountPerClaimCent;expectedVersion,金额、权益或发布范围变化时二次确认；普通可撤销保存不需要,POST /api/v1/red-packet-campaigns/{id}/increase-quotes；请求模型 RedPacketPostRedPacketCampaignsByIdIncreaseQuotesRequest；响应模型 RedPacketPostRedPacketCampaignsByIdIncreaseQuotesResponse,expectedVersion 乐观锁 + X-Idempotency-Key + 服务端结果查询,提交期间锁定同资源写操作，保留输入并显示明确进度；禁止全页无反馈等待,使用同一幂等键仅重试同一请求体；若服务端已受理则先查询结果；409版本冲突不得盲重试,默认留在当前页并刷新；创建成功进入详情，支付/认证/发布结果按对应流程导航,当前资源、来源列表、全局角标/余额/待办中与该领域相关的缓存；禁止无差别清空全部缓存,记录必要业务埋点；读取高敏字段时额外记录访问审计,遵循最小采集；仅记录业务标识和状态，不记录自由文本中的个人信息,GET 可展示明确标记的最近缓存；写操作离线时禁止提交，不进入隐式离线队列,RedPacketPostRedPacketCampaignsByIdIncreaseQuotesResponse,READY_FOR_IMPLEMENTATION
ACT-RP-ADV-006-02,ANDROID,SCR-RP-ADV-006,提高红包金额,/me/red-packet-campaigns/{id}/increase,创建加价订单,用户显式点击操作入口，且本地字段校验、权限、状态机前置条件全部满足,POST /api/v1/red-packet-campaigns/{id}/increase-orders,redPacketPostRedPacketCampaignsByIdIncreaseOrders,RedPacketPostRedPacketCampaignsByIdIncreaseOrdersRequest,登录+实名+所有者,X-Idempotency-Key必填,使用响应中的资源和 version 更新页面；清除已提交脏状态；展示“创建加价订单成功”；刷新受影响列表、详情、余额或配置版本,400逐字段映射；401要求重新认证；403隐藏后续写入口并记录越权拒绝；409提示数据已变化并重新加载；422展示业务原因且保留输入；429显示可重试时间；500保留上下文并提供 requestId,ui_action_scr_rp_adv_006_02,REQ-RP-001;REQ-RP-004;REQ-RP-005,TST-RP_001-HAPPY;TST-RP_004-HAPPY;TST-RP_005-HAPPY;TST-RP_001-IDEMPOTENT;TST-RP_004-IDEMPOTENT;TST-RP_005-IDEMPOTENT,FROZEN_DETAILED_V1.2.2,CREATE_OR_SUBMIT,页面主按钮/行操作/更多菜单/标准弹层，具体位置由模板和页面操作规格确定,具备权限 登录+实名+所有者，且资源状态允许“创建加价订单”；按钮显示条件由页面状态表和状态机共同决定,不存在同资源写请求；必填字段有效；服务端 version 未被本地标记过期；需要审批时已选择审批单,"校验 id,X-Idempotency-Key,quoteId,paymentChannel,expectedVersion；expectedVersion 必须等于页面最后一次成功读取的服务端版本；同一业务意图生成稳定 X-Idempotency-Key；请求体变化必须换键",id;X-Idempotency-Key;quoteId;paymentChannel;expectedVersion,金额、权益或发布范围变化时二次确认；普通可撤销保存不需要,POST /api/v1/red-packet-campaigns/{id}/increase-orders；请求模型 RedPacketPostRedPacketCampaignsByIdIncreaseOrdersRequest；响应模型 RedPacketPostRedPacketCampaignsByIdIncreaseOrdersResponse,expectedVersion 乐观锁 + X-Idempotency-Key + 服务端结果查询,提交期间锁定同资源写操作，保留输入并显示明确进度；禁止全页无反馈等待,使用同一幂等键仅重试同一请求体；若服务端已受理则先查询结果；409版本冲突不得盲重试,默认留在当前页并刷新；创建成功进入详情，支付/认证/发布结果按对应流程导航,当前资源、来源列表、全局角标/余额/待办中与该领域相关的缓存；禁止无差别清空全部缓存,记录必要业务埋点；读取高敏字段时额外记录访问审计,遵循最小采集；仅记录业务标识和状态，不记录自由文本中的个人信息,GET 可展示明确标记的最近缓存；写操作离线时禁止提交，不进入隐式离线队列,RedPacketPostRedPacketCampaignsByIdIncreaseOrdersResponse,READY_FOR_IMPLEMENTATION
ACT-PUB-001-01,ANDROID,SCR-PUB-001,发布入口,/publish,当前用户资料,页面进入、显式刷新、从后台恢复且缓存过期，或收到相关领域事件后触发,GET /api/v1/me,userGetMe,UserGetMeParameters,登录,不要求,以服务端返回的 version 和状态覆盖详情；重算按钮显示/可用条件；记录页面曝光和请求 requestId,404显示资源不存在或已下架并提供返回；403显示无权限；409触发重新拉取；网络失败保留缓存并标记可能过期,ui_action_scr_pub_001_01,REQ-PUBLISH-001,TST-PUBLISH_001-HAPPY,FROZEN_DETAILED_V1.2.2,DETAIL_QUERY,页面主按钮/行操作/更多菜单/标准弹层，具体位置由模板和页面操作规格确定,页面具备读取权限且路由参数完整,网络可用且不存在同资源进行中的请求,路由参数、权限和页面状态有效,无业务请求体；仅使用路由/会话上下文,不需要,GET /api/v1/me；请求模型 UserGetMeParameters；响应模型 UserGetMeResponse,同资源单写请求锁；状态机服务端复核,首次进入使用结构骨架；刷新保留当前内容并显示轻量刷新态,GET 可人工重试；缓存可作为只读降级但禁止基于过期数据执行写操作,留在当前页；资源不存在时返回上一级并从来源列表移除或标记,当前资源、来源列表、全局角标/余额/待办中与该领域相关的缓存；禁止无差别清空全部缓存,记录必要业务埋点；读取高敏字段时额外记录访问审计,遵循最小采集；仅记录业务标识和状态，不记录自由文本中的个人信息,GET 可展示明确标记的最近缓存；写操作离线时禁止提交，不进入隐式离线队列,UserGetMeResponse,READY_FOR_IMPLEMENTATION
ACT-PUB-001-02,ANDROID,SCR-PUB-001,发布入口,/publish,我的发布,页面首次进入、下拉刷新、筛选/排序变化或滚动触底时触发；相同查询条件避免并发重复请求,GET /api/v1/me/contents,contentGetMeContents,ContentGetMeContentsParameters,登录,不要求,首屏替换数据，翻页仅追加去重；更新分页、筛选回显、总数/游标和最后刷新时间；空结果进入业务空状态,首屏失败显示全页错误与重试；刷新失败保留旧数据并提示；翻页失败保留已加载数据并提供行内重试；401跳登录或会话升级，403显示无权限，404不适用,ui_action_scr_pub_001_02,REQ-PUBLISH-001,TST-PUBLISH_001-HAPPY,FROZEN_DETAILED_V1.2.2,LIST_QUERY,页面主按钮/行操作/更多菜单/标准弹层，具体位置由模板和页面操作规格确定,页面具备读取权限；筛选项按数据范围和角色显示,网络可用；非正在刷新；翻页时 nextCursor/hasNext 为真,"校验 page,pageSize,cursor,status,keyword,sort,contentType,categoryCode,regionCode",page;pageSize;cursor;status;keyword;sort;contentType;categoryCode;regionCode,不需要,GET /api/v1/me/contents；请求模型 ContentGetMeContentsParameters；响应模型 ContentGetMeContentsResponse,同资源单写请求锁；状态机服务端复核,首屏使用骨架屏；刷新保留现有数据；翻页使用列表尾部加载器,GET 可人工重试；网络瞬断最多指数退避自动重试 2 次；筛选变化取消旧请求,留在当前页；点击行/卡片按页面导航规格进入详情,当前资源、来源列表、全局角标/余额/待办中与该领域相关的缓存；禁止无差别清空全部缓存,记录必要业务埋点；读取高敏字段时额外记录访问审计,遵循最小采集；仅记录业务标识和状态，不记录自由文本中的个人信息,GET 可展示明确标记的最近缓存；写操作离线时禁止提交，不进入隐式离线队列,ContentGetMeContentsResponse,READY_FOR_IMPLEMENTATION
ACT-PUB-002-01,ANDROID,SCR-PUB-002,项目发布/编辑,/publish/project/{id?},创建内容/草稿,用户显式点击操作入口，且本地字段校验、权限、状态机前置条件全部满足,POST /api/v1/contents,contentPostContents,ContentPostContentsRequest,登录+实名,X-Idempotency-Key必填,使用响应中的资源和 version 更新页面；清除已提交脏状态；展示“创建内容/草稿成功”；刷新受影响列表、详情、余额或配置版本,400逐字段映射；401要求重新认证；403隐藏后续写入口并记录越权拒绝；409提示数据已变化并重新加载；422展示业务原因且保留输入；429显示可重试时间；500保留上下文并提供 requestId,ui_action_scr_pub_002_01,REQ-PUBLISH-001;REQ-PROJECT-001,TST-PUBLISH_001-HAPPY;TST-PROJECT_001-HAPPY;TST-PUBLISH_001-IDEMPOTENT;TST-PROJECT_001-IDEMPOTENT,FROZEN_DETAILED_V1.2.2,CREATE_OR_SUBMIT,页面主按钮/行操作/更多菜单/标准弹层，具体位置由模板和页面操作规格确定,具备权限 登录+实名，且资源状态允许“创建内容/草稿”；按钮显示条件由页面状态表和状态机共同决定,不存在同资源写请求；必填字段有效；服务端 version 未被本地标记过期；需要审批时已选择审批单,"校验 X-Idempotency-Key,contentType,title,summary,description,categoryCode,regionCode,mediaIds,contacts,attributes；同一业务意图生成稳定 X-Idempotency-Key；请求体变化必须换键",X-Idempotency-Key;contentType;title;summary;description;categoryCode;regionCode;mediaIds;contacts;attributes,必须二次确认；确认框展示目标、影响、不可逆性、原因、审批要求和将触发的通知,POST /api/v1/contents；请求模型 ContentPostContentsRequest；响应模型 ContentPostContentsResponse,X-Idempotency-Key + 服务端结果查询,提交期间锁定同资源写操作，保留输入并显示明确进度；禁止全页无反馈等待,使用同一幂等键仅重试同一请求体；若服务端已受理则先查询结果；409版本冲突不得盲重试,默认留在当前页并刷新；创建成功进入详情，支付/认证/发布结果按对应流程导航,当前资源、来源列表、全局角标/余额/待办中与该领域相关的缓存；禁止无差别清空全部缓存,记录必要业务埋点；读取高敏字段时额外记录访问审计,遵循最小采集；仅记录业务标识和状态，不记录自由文本中的个人信息,GET 可展示明确标记的最近缓存；写操作离线时禁止提交，不进入隐式离线队列,ContentPostContentsResponse,READY_FOR_IMPLEMENTATION
ACT-PUB-002-02,ANDROID,SCR-PUB-002,项目发布/编辑,/publish/project/{id?},编辑内容,用户显式点击操作入口，且本地字段校验、权限、状态机前置条件全部满足,PATCH /api/v1/contents/{id},contentPatchContentsById,ContentPatchContentsByIdRequest,登录+实名+所有者,X-Idempotency-Key必填,使用响应中的资源和 version 更新页面；清除已提交脏状态；展示“编辑内容成功”；刷新受影响列表、详情、余额或配置版本,400逐字段映射；401要求重新认证；403隐藏后续写入口并记录越权拒绝；409提示数据已变化并重新加载；422展示业务原因且保留输入；429显示可重试时间；500保留上下文并提供 requestId,ui_action_scr_pub_002_02,REQ-PUBLISH-001;REQ-PROJECT-001,TST-PUBLISH_001-HAPPY;TST-PROJECT_001-HAPPY;TST-PUBLISH_001-IDEMPOTENT;TST-PROJECT_001-IDEMPOTENT,FROZEN_DETAILED_V1.2.2,UPDATE,页面主按钮/行操作/更多菜单/标准弹层，具体位置由模板和页面操作规格确定,具备权限 登录+实名+所有者，且资源状态允许“编辑内容”；按钮显示条件由页面状态表和状态机共同决定,不存在同资源写请求；必填字段有效；服务端 version 未被本地标记过期；需要审批时已选择审批单,"校验 id,X-Idempotency-Key,title,summary,description,categoryCode,regionCode,mediaIds,contacts,attributes,expectedVersion；expectedVersion 必须等于页面最后一次成功读取的服务端版本；同一业务意图生成稳定 X-Idempotency-Key；请求体变化必须换键",id;X-Idempotency-Key;title;summary;description;categoryCode;regionCode;mediaIds;contacts;attributes;expectedVersion,必须二次确认；确认框展示目标、影响、不可逆性、原因、审批要求和将触发的通知,PATCH /api/v1/contents/{id}；请求模型 ContentPatchContentsByIdRequest；响应模型 ContentPatchContentsByIdResponse,expectedVersion 乐观锁 + X-Idempotency-Key + 服务端结果查询,提交期间锁定同资源写操作，保留输入并显示明确进度；禁止全页无反馈等待,使用同一幂等键仅重试同一请求体；若服务端已受理则先查询结果；409版本冲突不得盲重试,默认留在当前页并刷新；创建成功进入详情，支付/认证/发布结果按对应流程导航,当前资源、来源列表、全局角标/余额/待办中与该领域相关的缓存；禁止无差别清空全部缓存,记录必要业务埋点；读取高敏字段时额外记录访问审计,遵循最小采集；仅记录业务标识和状态，不记录自由文本中的个人信息,GET 可展示明确标记的最近缓存；写操作离线时禁止提交，不进入隐式离线队列,ContentPatchContentsByIdResponse,READY_FOR_IMPLEMENTATION
ACT-PUB-003-01,ANDROID,SCR-PUB-003,App发布/编辑,/publish/app/{id?},创建内容/草稿,用户显式点击操作入口，且本地字段校验、权限、状态机前置条件全部满足,POST /api/v1/contents,contentPostContents,ContentPostContentsRequest,登录+实名,X-Idempotency-Key必填,使用响应中的资源和 version 更新页面；清除已提交脏状态；展示“创建内容/草稿成功”；刷新受影响列表、详情、余额或配置版本,400逐字段映射；401要求重新认证；403隐藏后续写入口并记录越权拒绝；409提示数据已变化并重新加载；422展示业务原因且保留输入；429显示可重试时间；500保留上下文并提供 requestId,ui_action_scr_pub_003_01,REQ-PUBLISH-001;REQ-APP-PROMO-001,TST-PUBLISH_001-HAPPY;TST-APP_PROMO_001-HAPPY;TST-PUBLISH_001-IDEMPOTENT;TST-APP_PROMO_001-IDEMPOTENT,FROZEN_DETAILED_V1.2.2,CREATE_OR_SUBMIT,页面主按钮/行操作/更多菜单/标准弹层，具体位置由模板和页面操作规格确定,具备权限 登录+实名，且资源状态允许“创建内容/草稿”；按钮显示条件由页面状态表和状态机共同决定,不存在同资源写请求；必填字段有效；服务端 version 未被本地标记过期；需要审批时已选择审批单,"校验 X-Idempotency-Key,contentType,title,summary,description,categoryCode,regionCode,mediaIds,contacts,attributes；同一业务意图生成稳定 X-Idempotency-Key；请求体变化必须换键",X-Idempotency-Key;contentType;title;summary;description;categoryCode;regionCode;mediaIds;contacts;attributes,必须二次确认；确认框展示目标、影响、不可逆性、原因、审批要求和将触发的通知,POST /api/v1/contents；请求模型 ContentPostContentsRequest；响应模型 ContentPostContentsResponse,X-Idempotency-Key + 服务端结果查询,提交期间锁定同资源写操作，保留输入并显示明确进度；禁止全页无反馈等待,使用同一幂等键仅重试同一请求体；若服务端已受理则先查询结果；409版本冲突不得盲重试,默认留在当前页并刷新；创建成功进入详情，支付/认证/发布结果按对应流程导航,当前资源、来源列表、全局角标/余额/待办中与该领域相关的缓存；禁止无差别清空全部缓存,记录必要业务埋点；读取高敏字段时额外记录访问审计,遵循最小采集；仅记录业务标识和状态，不记录自由文本中的个人信息,GET 可展示明确标记的最近缓存；写操作离线时禁止提交，不进入隐式离线队列,ContentPostContentsResponse,READY_FOR_IMPLEMENTATION
ACT-PUB-003-02,ANDROID,SCR-PUB-003,App发布/编辑,/publish/app/{id?},编辑内容,用户显式点击操作入口，且本地字段校验、权限、状态机前置条件全部满足,PATCH /api/v1/contents/{id},contentPatchContentsById,ContentPatchContentsByIdRequest,登录+实名+所有者,X-Idempotency-Key必填,使用响应中的资源和 version 更新页面；清除已提交脏状态；展示“编辑内容成功”；刷新受影响列表、详情、余额或配置版本,400逐字段映射；401要求重新认证；403隐藏后续写入口并记录越权拒绝；409提示数据已变化并重新加载；422展示业务原因且保留输入；429显示可重试时间；500保留上下文并提供 requestId,ui_action_scr_pub_003_02,REQ-PUBLISH-001;REQ-APP-PROMO-001,TST-PUBLISH_001-HAPPY;TST-APP_PROMO_001-HAPPY;TST-PUBLISH_001-IDEMPOTENT;TST-APP_PROMO_001-IDEMPOTENT,FROZEN_DETAILED_V1.2.2,UPDATE,页面主按钮/行操作/更多菜单/标准弹层，具体位置由模板和页面操作规格确定,具备权限 登录+实名+所有者，且资源状态允许“编辑内容”；按钮显示条件由页面状态表和状态机共同决定,不存在同资源写请求；必填字段有效；服务端 version 未被本地标记过期；需要审批时已选择审批单,"校验 id,X-Idempotency-Key,title,summary,description,categoryCode,regionCode,mediaIds,contacts,attributes,expectedVersion；expectedVersion 必须等于页面最后一次成功读取的服务端版本；同一业务意图生成稳定 X-Idempotency-Key；请求体变化必须换键",id;X-Idempotency-Key;title;summary;description;categoryCode;regionCode;mediaIds;contacts;attributes;expectedVersion,必须二次确认；确认框展示目标、影响、不可逆性、原因、审批要求和将触发的通知,PATCH /api/v1/contents/{id}；请求模型 ContentPatchContentsByIdRequest；响应模型 ContentPatchContentsByIdResponse,expectedVersion 乐观锁 + X-Idempotency-Key + 服务端结果查询,提交期间锁定同资源写操作，保留输入并显示明确进度；禁止全页无反馈等待,使用同一幂等键仅重试同一请求体；若服务端已受理则先查询结果；409版本冲突不得盲重试,默认留在当前页并刷新；创建成功进入详情，支付/认证/发布结果按对应流程导航,当前资源、来源列表、全局角标/余额/待办中与该领域相关的缓存；禁止无差别清空全部缓存,记录必要业务埋点；读取高敏字段时额外记录访问审计,遵循最小采集；仅记录业务标识和状态，不记录自由文本中的个人信息,GET 可展示明确标记的最近缓存；写操作离线时禁止提交，不进入隐式离线队列,ContentPatchContentsByIdResponse,READY_FOR_IMPLEMENTATION
ACT-PUB-004-01,ANDROID,SCR-PUB-004,群聊发布/编辑,/publish/group/{id?},创建内容/草稿,用户显式点击操作入口，且本地字段校验、权限、状态机前置条件全部满足,POST /api/v1/contents,contentPostContents,ContentPostContentsRequest,登录+实名,X-Idempotency-Key必填,使用响应中的资源和 version 更新页面；清除已提交脏状态；展示“创建内容/草稿成功”；刷新受影响列表、详情、余额或配置版本,400逐字段映射；401要求重新认证；403隐藏后续写入口并记录越权拒绝；409提示数据已变化并重新加载；422展示业务原因且保留输入；429显示可重试时间；500保留上下文并提供 requestId,ui_action_scr_pub_004_01,REQ-PUBLISH-001;REQ-GROUP-001,TST-PUBLISH_001-HAPPY;TST-GROUP_001-HAPPY;TST-PUBLISH_001-IDEMPOTENT;TST-GROUP_001-IDEMPOTENT,FROZEN_DETAILED_V1.2.2,CREATE_OR_SUBMIT,页面主按钮/行操作/更多菜单/标准弹层，具体位置由模板和页面操作规格确定,具备权限 登录+实名，且资源状态允许“创建内容/草稿”；按钮显示条件由页面状态表和状态机共同决定,不存在同资源写请求；必填字段有效；服务端 version 未被本地标记过期；需要审批时已选择审批单,"校验 X-Idempotency-Key,contentType,title,summary,description,categoryCode,regionCode,mediaIds,contacts,attributes；同一业务意图生成稳定 X-Idempotency-Key；请求体变化必须换键",X-Idempotency-Key;contentType;title;summary;description;categoryCode;regionCode;mediaIds;contacts;attributes,必须二次确认；确认框展示目标、影响、不可逆性、原因、审批要求和将触发的通知,POST /api/v1/contents；请求模型 ContentPostContentsRequest；响应模型 ContentPostContentsResponse,X-Idempotency-Key + 服务端结果查询,提交期间锁定同资源写操作，保留输入并显示明确进度；禁止全页无反馈等待,使用同一幂等键仅重试同一请求体；若服务端已受理则先查询结果；409版本冲突不得盲重试,默认留在当前页并刷新；创建成功进入详情，支付/认证/发布结果按对应流程导航,当前资源、来源列表、全局角标/余额/待办中与该领域相关的缓存；禁止无差别清空全部缓存,记录必要业务埋点；读取高敏字段时额外记录访问审计,遵循最小采集；仅记录业务标识和状态，不记录自由文本中的个人信息,GET 可展示明确标记的最近缓存；写操作离线时禁止提交，不进入隐式离线队列,ContentPostContentsResponse,READY_FOR_IMPLEMENTATION
ACT-PUB-004-02,ANDROID,SCR-PUB-004,群聊发布/编辑,/publish/group/{id?},编辑内容,用户显式点击操作入口，且本地字段校验、权限、状态机前置条件全部满足,PATCH /api/v1/contents/{id},contentPatchContentsById,ContentPatchContentsByIdRequest,登录+实名+所有者,X-Idempotency-Key必填,使用响应中的资源和 version 更新页面；清除已提交脏状态；展示“编辑内容成功”；刷新受影响列表、详情、余额或配置版本,400逐字段映射；401要求重新认证；403隐藏后续写入口并记录越权拒绝；409提示数据已变化并重新加载；422展示业务原因且保留输入；429显示可重试时间；500保留上下文并提供 requestId,ui_action_scr_pub_004_02,REQ-PUBLISH-001;REQ-GROUP-001,TST-PUBLISH_001-HAPPY;TST-GROUP_001-HAPPY;TST-PUBLISH_001-IDEMPOTENT;TST-GROUP_001-IDEMPOTENT,FROZEN_DETAILED_V1.2.2,UPDATE,页面主按钮/行操作/更多菜单/标准弹层，具体位置由模板和页面操作规格确定,具备权限 登录+实名+所有者，且资源状态允许“编辑内容”；按钮显示条件由页面状态表和状态机共同决定,不存在同资源写请求；必填字段有效；服务端 version 未被本地标记过期；需要审批时已选择审批单,"校验 id,X-Idempotency-Key,title,summary,description,categoryCode,regionCode,mediaIds,contacts,attributes,expectedVersion；expectedVersion 必须等于页面最后一次成功读取的服务端版本；同一业务意图生成稳定 X-Idempotency-Key；请求体变化必须换键",id;X-Idempotency-Key;title;summary;description;categoryCode;regionCode;mediaIds;contacts;attributes;expectedVersion,必须二次确认；确认框展示目标、影响、不可逆性、原因、审批要求和将触发的通知,PATCH /api/v1/contents/{id}；请求模型 ContentPatchContentsByIdRequest；响应模型 ContentPatchContentsByIdResponse,expectedVersion 乐观锁 + X-Idempotency-Key + 服务端结果查询,提交期间锁定同资源写操作，保留输入并显示明确进度；禁止全页无反馈等待,使用同一幂等键仅重试同一请求体；若服务端已受理则先查询结果；409版本冲突不得盲重试,默认留在当前页并刷新；创建成功进入详情，支付/认证/发布结果按对应流程导航,当前资源、来源列表、全局角标/余额/待办中与该领域相关的缓存；禁止无差别清空全部缓存,记录必要业务埋点；读取高敏字段时额外记录访问审计,遵循最小采集；仅记录业务标识和状态，不记录自由文本中的个人信息,GET 可展示明确标记的最近缓存；写操作离线时禁止提交，不进入隐式离线队列,ContentPatchContentsByIdResponse,READY_FOR_IMPLEMENTATION
ACT-PUB-005-01,ANDROID,SCR-PUB-005,团队长资料编辑,/publish/team-leader,创建内容/草稿,用户显式点击操作入口，且本地字段校验、权限、状态机前置条件全部满足,POST /api/v1/contents,contentPostContents,ContentPostContentsRequest,登录+实名,X-Idempotency-Key必填,使用响应中的资源和 version 更新页面；清除已提交脏状态；展示“创建内容/草稿成功”；刷新受影响列表、详情、余额或配置版本,400逐字段映射；401要求重新认证；403隐藏后续写入口并记录越权拒绝；409提示数据已变化并重新加载；422展示业务原因且保留输入；429显示可重试时间；500保留上下文并提供 requestId,ui_action_scr_pub_005_01,REQ-PUBLISH-001;REQ-TEAM-001,TST-PUBLISH_001-HAPPY;TST-TEAM_001-HAPPY;TST-PUBLISH_001-IDEMPOTENT;TST-TEAM_001-IDEMPOTENT,FROZEN_DETAILED_V1.2.2,CREATE_OR_SUBMIT,页面主按钮/行操作/更多菜单/标准弹层，具体位置由模板和页面操作规格确定,具备权限 登录+实名，且资源状态允许“创建内容/草稿”；按钮显示条件由页面状态表和状态机共同决定,不存在同资源写请求；必填字段有效；服务端 version 未被本地标记过期；需要审批时已选择审批单,"校验 X-Idempotency-Key,contentType,title,summary,description,categoryCode,regionCode,mediaIds,contacts,attributes；同一业务意图生成稳定 X-Idempotency-Key；请求体变化必须换键",X-Idempotency-Key;contentType;title;summary;description;categoryCode;regionCode;mediaIds;contacts;attributes,必须二次确认；确认框展示目标、影响、不可逆性、原因、审批要求和将触发的通知,POST /api/v1/contents；请求模型 ContentPostContentsRequest；响应模型 ContentPostContentsResponse,X-Idempotency-Key + 服务端结果查询,提交期间锁定同资源写操作，保留输入并显示明确进度；禁止全页无反馈等待,使用同一幂等键仅重试同一请求体；若服务端已受理则先查询结果；409版本冲突不得盲重试,默认留在当前页并刷新；创建成功进入详情，支付/认证/发布结果按对应流程导航,当前资源、来源列表、全局角标/余额/待办中与该领域相关的缓存；禁止无差别清空全部缓存,记录必要业务埋点；读取高敏字段时额外记录访问审计,遵循最小采集；仅记录业务标识和状态，不记录自由文本中的个人信息,GET 可展示明确标记的最近缓存；写操作离线时禁止提交，不进入隐式离线队列,ContentPostContentsResponse,READY_FOR_IMPLEMENTATION
ACT-PUB-005-02,ANDROID,SCR-PUB-005,团队长资料编辑,/publish/team-leader,编辑内容,用户显式点击操作入口，且本地字段校验、权限、状态机前置条件全部满足,PATCH /api/v1/contents/{id},contentPatchContentsById,ContentPatchContentsByIdRequest,登录+实名+所有者,X-Idempotency-Key必填,使用响应中的资源和 version 更新页面；清除已提交脏状态；展示“编辑内容成功”；刷新受影响列表、详情、余额或配置版本,400逐字段映射；401要求重新认证；403隐藏后续写入口并记录越权拒绝；409提示数据已变化并重新加载；422展示业务原因且保留输入；429显示可重试时间；500保留上下文并提供 requestId,ui_action_scr_pub_005_02,REQ-PUBLISH-001;REQ-TEAM-001,TST-PUBLISH_001-HAPPY;TST-TEAM_001-HAPPY;TST-PUBLISH_001-IDEMPOTENT;TST-TEAM_001-IDEMPOTENT,FROZEN_DETAILED_V1.2.2,UPDATE,页面主按钮/行操作/更多菜单/标准弹层，具体位置由模板和页面操作规格确定,具备权限 登录+实名+所有者，且资源状态允许“编辑内容”；按钮显示条件由页面状态表和状态机共同决定,不存在同资源写请求；必填字段有效；服务端 version 未被本地标记过期；需要审批时已选择审批单,"校验 id,X-Idempotency-Key,title,summary,description,categoryCode,regionCode,mediaIds,contacts,attributes,expectedVersion；expectedVersion 必须等于页面最后一次成功读取的服务端版本；同一业务意图生成稳定 X-Idempotency-Key；请求体变化必须换键",id;X-Idempotency-Key;title;summary;description;categoryCode;regionCode;mediaIds;contacts;attributes;expectedVersion,必须二次确认；确认框展示目标、影响、不可逆性、原因、审批要求和将触发的通知,PATCH /api/v1/contents/{id}；请求模型 ContentPatchContentsByIdRequest；响应模型 ContentPatchContentsByIdResponse,expectedVersion 乐观锁 + X-Idempotency-Key + 服务端结果查询,提交期间锁定同资源写操作，保留输入并显示明确进度；禁止全页无反馈等待,使用同一幂等键仅重试同一请求体；若服务端已受理则先查询结果；409版本冲突不得盲重试,默认留在当前页并刷新；创建成功进入详情，支付/认证/发布结果按对应流程导航,当前资源、来源列表、全局角标/余额/待办中与该领域相关的缓存；禁止无差别清空全部缓存,记录必要业务埋点；读取高敏字段时额外记录访问审计,遵循最小采集；仅记录业务标识和状态，不记录自由文本中的个人信息,GET 可展示明确标记的最近缓存；写操作离线时禁止提交，不进入隐式离线队列,ContentPatchContentsByIdResponse,READY_FOR_IMPLEMENTATION
ACT-PUB-006-01,ANDROID,SCR-PUB-006,发布预览,/publish/preview,内容详情,页面进入、显式刷新、从后台恢复且缓存过期，或收到相关领域事件后触发,GET /api/v1/contents/{id},contentGetContentsById,ContentGetContentsByIdParameters,登录,不要求,以服务端返回的 version 和状态覆盖详情；重算按钮显示/可用条件；记录页面曝光和请求 requestId,404显示资源不存在或已下架并提供返回；403显示无权限；409触发重新拉取；网络失败保留缓存并标记可能过期,ui_action_scr_pub_006_01,REQ-PUBLISH-001,TST-PUBLISH_001-HAPPY,FROZEN_DETAILED_V1.2.2,DETAIL_QUERY,页面主按钮/行操作/更多菜单/标准弹层，具体位置由模板和页面操作规格确定,页面具备读取权限且路由参数完整,网络可用且不存在同资源进行中的请求,校验 id,id,不需要,GET /api/v1/contents/{id}；请求模型 ContentGetContentsByIdParameters；响应模型 ContentGetContentsByIdResponse,同资源单写请求锁；状态机服务端复核,首次进入使用结构骨架；刷新保留当前内容并显示轻量刷新态,GET 可人工重试；缓存可作为只读降级但禁止基于过期数据执行写操作,留在当前页；资源不存在时返回上一级并从来源列表移除或标记,当前资源、来源列表、全局角标/余额/待办中与该领域相关的缓存；禁止无差别清空全部缓存,记录必要业务埋点；读取高敏字段时额外记录访问审计,遵循最小采集；仅记录业务标识和状态，不记录自由文本中的个人信息,GET 可展示明确标记的最近缓存；写操作离线时禁止提交，不进入隐式离线队列,ContentGetContentsByIdResponse,READY_FOR_IMPLEMENTATION
ACT-PUB-007-01,ANDROID,SCR-PUB-007,提交结果,/publish/result,提交审核,用户显式点击操作入口，且本地字段校验、权限、状态机前置条件全部满足,POST /api/v1/contents/{id}/submit,contentPostContentsByIdSubmit,ContentPostContentsByIdSubmitRequest,登录+实名+所有者,X-Idempotency-Key必填,使用响应中的资源和 version 更新页面；清除已提交脏状态；展示“提交审核成功”；刷新受影响列表、详情、余额或配置版本,400逐字段映射；401要求重新认证；403隐藏后续写入口并记录越权拒绝；409提示数据已变化并重新加载；422展示业务原因且保留输入；429显示可重试时间；500保留上下文并提供 requestId,ui_action_scr_pub_007_01,REQ-PUBLISH-001,TST-PUBLISH_001-HAPPY;TST-PUBLISH_001-IDEMPOTENT,FROZEN_DETAILED_V1.2.2,CONTROLLED_COMMAND,页面主按钮/行操作/更多菜单/标准弹层，具体位置由模板和页面操作规格确定,具备权限 登录+实名+所有者，且资源状态允许“提交审核”；按钮显示条件由页面状态表和状态机共同决定,不存在同资源写请求；必填字段有效；服务端 version 未被本地标记过期；需要审批时已选择审批单,"校验 id,X-Idempotency-Key,expectedVersion,reason；expectedVersion 必须等于页面最后一次成功读取的服务端版本；同一业务意图生成稳定 X-Idempotency-Key；请求体变化必须换键",id;X-Idempotency-Key;expectedVersion;reason,必须二次确认；确认框展示目标、影响、不可逆性、原因、审批要求和将触发的通知,POST /api/v1/contents/{id}/submit；请求模型 ContentPostContentsByIdSubmitRequest；响应模型 ContentPostContentsByIdSubmitResponse,expectedVersion 乐观锁 + X-Idempotency-Key + 服务端结果查询,提交期间锁定同资源写操作，保留输入并显示明确进度；禁止全页无反馈等待,使用同一幂等键仅重试同一请求体；若服务端已受理则先查询结果；409版本冲突不得盲重试,默认留在当前页并刷新；创建成功进入详情，支付/认证/发布结果按对应流程导航,当前资源、来源列表、全局角标/余额/待办中与该领域相关的缓存；禁止无差别清空全部缓存,记录操作人、角色、目标、前后状态/版本、原因、审批单、requestId、IP/设备和结果,遵循最小采集；仅记录业务标识和状态，不记录自由文本中的个人信息,GET 可展示明确标记的最近缓存；写操作离线时禁止提交，不进入隐式离线队列,ContentPostContentsByIdSubmitResponse,READY_FOR_IMPLEMENTATION
ACT-MYC-001-01,ANDROID,SCR-MYC-001,我的发布,/me/contents,我的发布,页面首次进入、下拉刷新、筛选/排序变化或滚动触底时触发；相同查询条件避免并发重复请求,GET /api/v1/me/contents,contentGetMeContents,ContentGetMeContentsParameters,登录,不要求,首屏替换数据，翻页仅追加去重；更新分页、筛选回显、总数/游标和最后刷新时间；空结果进入业务空状态,首屏失败显示全页错误与重试；刷新失败保留旧数据并提示；翻页失败保留已加载数据并提供行内重试；401跳登录或会话升级，403显示无权限，404不适用,ui_action_scr_myc_001_01,REQ-PUBLISH-001;REQ-CONTENT-002,TST-PUBLISH_001-HAPPY;TST-CONTENT_002-HAPPY,FROZEN_DETAILED_V1.2.2,LIST_QUERY,页面主按钮/行操作/更多菜单/标准弹层，具体位置由模板和页面操作规格确定,页面具备读取权限；筛选项按数据范围和角色显示,网络可用；非正在刷新；翻页时 nextCursor/hasNext 为真,"校验 page,pageSize,cursor,status,keyword,sort,contentType,categoryCode,regionCode",page;pageSize;cursor;status;keyword;sort;contentType;categoryCode;regionCode,不需要,GET /api/v1/me/contents；请求模型 ContentGetMeContentsParameters；响应模型 ContentGetMeContentsResponse,同资源单写请求锁；状态机服务端复核,首屏使用骨架屏；刷新保留现有数据；翻页使用列表尾部加载器,GET 可人工重试；网络瞬断最多指数退避自动重试 2 次；筛选变化取消旧请求,留在当前页；点击行/卡片按页面导航规格进入详情,当前资源、来源列表、全局角标/余额/待办中与该领域相关的缓存；禁止无差别清空全部缓存,记录必要业务埋点；读取高敏字段时额外记录访问审计,遵循最小采集；仅记录业务标识和状态，不记录自由文本中的个人信息,GET 可展示明确标记的最近缓存；写操作离线时禁止提交，不进入隐式离线队列,ContentGetMeContentsResponse,READY_FOR_IMPLEMENTATION
ACT-MYC-001-02,ANDROID,SCR-MYC-001,我的发布,/me/contents,上架,用户显式点击操作入口，且本地字段校验、权限、状态机前置条件全部满足,POST /api/v1/contents/{id}/online,contentPostContentsByIdOnline,ContentPostContentsByIdOnlineRequest,登录+实名+所有者,X-Idempotency-Key必填,以响应数据更新页面和关联缓存；展示“上架成功”；仅刷新受影响区域,400逐字段映射；401要求重新认证；403隐藏后续写入口并记录越权拒绝；409提示数据已变化并重新加载；422展示业务原因且保留输入；429显示可重试时间；500保留上下文并提供 requestId,ui_action_scr_myc_001_02,REQ-PUBLISH-001;REQ-CONTENT-002,TST-PUBLISH_001-HAPPY;TST-CONTENT_002-HAPPY;TST-PUBLISH_001-IDEMPOTENT;TST-CONTENT_002-IDEMPOTENT,FROZEN_DETAILED_V1.2.2,CREATE_OR_SUBMIT,页面主按钮/行操作/更多菜单/标准弹层，具体位置由模板和页面操作规格确定,具备权限 登录+实名+所有者，且资源状态允许“上架”；按钮显示条件由页面状态表和状态机共同决定,不存在同资源写请求；必填字段有效；服务端 version 未被本地标记过期；需要审批时已选择审批单,"校验 id,X-Idempotency-Key,expectedVersion,reason；expectedVersion 必须等于页面最后一次成功读取的服务端版本；同一业务意图生成稳定 X-Idempotency-Key；请求体变化必须换键",id;X-Idempotency-Key;expectedVersion;reason,必须二次确认；确认框展示目标、影响、不可逆性、原因、审批要求和将触发的通知,POST /api/v1/contents/{id}/online；请求模型 ContentPostContentsByIdOnlineRequest；响应模型 ContentPostContentsByIdOnlineResponse,expectedVersion 乐观锁 + X-Idempotency-Key + 服务端结果查询,提交期间锁定同资源写操作，保留输入并显示明确进度；禁止全页无反馈等待,使用同一幂等键仅重试同一请求体；若服务端已受理则先查询结果；409版本冲突不得盲重试,默认留在当前页并刷新；创建成功进入详情，支付/认证/发布结果按对应流程导航,当前资源、来源列表、全局角标/余额/待办中与该领域相关的缓存；禁止无差别清空全部缓存,记录必要业务埋点；读取高敏字段时额外记录访问审计,遵循最小采集；仅记录业务标识和状态，不记录自由文本中的个人信息,GET 可展示明确标记的最近缓存；写操作离线时禁止提交，不进入隐式离线队列,ContentPostContentsByIdOnlineResponse,READY_FOR_IMPLEMENTATION
ACT-MYC-001-03,ANDROID,SCR-MYC-001,我的发布,/me/contents,下架,用户显式点击操作入口，且本地字段校验、权限、状态机前置条件全部满足,POST /api/v1/contents/{id}/offline,contentPostContentsByIdOffline,ContentPostContentsByIdOfflineRequest,登录+所有者,X-Idempotency-Key必填,以响应数据更新页面和关联缓存；展示“下架成功”；仅刷新受影响区域,400逐字段映射；401要求重新认证；403隐藏后续写入口并记录越权拒绝；409提示数据已变化并重新加载；422展示业务原因且保留输入；429显示可重试时间；500保留上下文并提供 requestId,ui_action_scr_myc_001_03,REQ-PUBLISH-001;REQ-CONTENT-002,TST-PUBLISH_001-HAPPY;TST-CONTENT_002-HAPPY;TST-PUBLISH_001-IDEMPOTENT;TST-CONTENT_002-IDEMPOTENT,FROZEN_DETAILED_V1.2.2,CREATE_OR_SUBMIT,页面主按钮/行操作/更多菜单/标准弹层，具体位置由模板和页面操作规格确定,具备权限 登录+所有者，且资源状态允许“下架”；按钮显示条件由页面状态表和状态机共同决定,不存在同资源写请求；必填字段有效；服务端 version 未被本地标记过期；需要审批时已选择审批单,"校验 id,X-Idempotency-Key,expectedVersion,reason；expectedVersion 必须等于页面最后一次成功读取的服务端版本；同一业务意图生成稳定 X-Idempotency-Key；请求体变化必须换键",id;X-Idempotency-Key;expectedVersion;reason,必须二次确认；确认框展示目标、影响、不可逆性、原因、审批要求和将触发的通知,POST /api/v1/contents/{id}/offline；请求模型 ContentPostContentsByIdOfflineRequest；响应模型 ContentPostContentsByIdOfflineResponse,expectedVersion 乐观锁 + X-Idempotency-Key + 服务端结果查询,提交期间锁定同资源写操作，保留输入并显示明确进度；禁止全页无反馈等待,使用同一幂等键仅重试同一请求体；若服务端已受理则先查询结果；409版本冲突不得盲重试,默认留在当前页并刷新；创建成功进入详情，支付/认证/发布结果按对应流程导航,当前资源、来源列表、全局角标/余额/待办中与该领域相关的缓存；禁止无差别清空全部缓存,记录必要业务埋点；读取高敏字段时额外记录访问审计,遵循最小采集；仅记录业务标识和状态，不记录自由文本中的个人信息,GET 可展示明确标记的最近缓存；写操作离线时禁止提交，不进入隐式离线队列,ContentPostContentsByIdOfflineResponse,READY_FOR_IMPLEMENTATION
ACT-MYC-002-01,ANDROID,SCR-MYC-002,草稿箱,/me/drafts,草稿列表,页面首次进入、下拉刷新、筛选/排序变化或滚动触底时触发；相同查询条件避免并发重复请求,GET /api/v1/me/drafts,contentGetMeDrafts,ContentGetMeDraftsParameters,登录,不要求,首屏替换数据，翻页仅追加去重；更新分页、筛选回显、总数/游标和最后刷新时间；空结果进入业务空状态,首屏失败显示全页错误与重试；刷新失败保留旧数据并提示；翻页失败保留已加载数据并提供行内重试；401跳登录或会话升级，403显示无权限，404不适用,ui_action_scr_myc_002_01,REQ-PUBLISH-001;REQ-CONTENT-002,TST-PUBLISH_001-HAPPY;TST-CONTENT_002-HAPPY,FROZEN_DETAILED_V1.2.2,LIST_QUERY,页面主按钮/行操作/更多菜单/标准弹层，具体位置由模板和页面操作规格确定,页面具备读取权限；筛选项按数据范围和角色显示,网络可用；非正在刷新；翻页时 nextCursor/hasNext 为真,"校验 page,pageSize,cursor,status,keyword,sort",page;pageSize;cursor;status;keyword;sort,不需要,GET /api/v1/me/drafts；请求模型 ContentGetMeDraftsParameters；响应模型 ContentGetMeDraftsResponse,同资源单写请求锁；状态机服务端复核,首屏使用骨架屏；刷新保留现有数据；翻页使用列表尾部加载器,GET 可人工重试；网络瞬断最多指数退避自动重试 2 次；筛选变化取消旧请求,留在当前页；点击行/卡片按页面导航规格进入详情,当前资源、来源列表、全局角标/余额/待办中与该领域相关的缓存；禁止无差别清空全部缓存,记录必要业务埋点；读取高敏字段时额外记录访问审计,遵循最小采集；仅记录业务标识和状态，不记录自由文本中的个人信息,GET 可展示明确标记的最近缓存；写操作离线时禁止提交，不进入隐式离线队列,ContentGetMeDraftsResponse,READY_FOR_IMPLEMENTATION
ACT-MYC-002-02,ANDROID,SCR-MYC-002,草稿箱,/me/drafts,删除内容,用户显式点击操作入口，且本地字段校验、权限、状态机前置条件全部满足,DELETE /api/v1/contents/{id},contentDeleteContentsById,ContentDeleteContentsByIdParameters,登录+所有者,X-Idempotency-Key必填,按状态机更新资源并移除或禁用不再可用的操作；展示“删除内容成功”；保留操作记录入口,400逐字段映射；401要求重新认证；403隐藏后续写入口并记录越权拒绝；409提示数据已变化并重新加载；422展示业务原因且保留输入；429显示可重试时间；500保留上下文并提供 requestId,ui_action_scr_myc_002_02,REQ-PUBLISH-001;REQ-CONTENT-002,TST-PUBLISH_001-HAPPY;TST-CONTENT_002-HAPPY;TST-PUBLISH_001-IDEMPOTENT;TST-CONTENT_002-IDEMPOTENT,FROZEN_DETAILED_V1.2.2,DESTRUCTIVE_COMMAND,页面主按钮/行操作/更多菜单/标准弹层，具体位置由模板和页面操作规格确定,具备权限 登录+所有者，且资源状态允许“删除内容”；按钮显示条件由页面状态表和状态机共同决定,不存在同资源写请求；必填字段有效；服务端 version 未被本地标记过期；需要审批时已选择审批单,"校验 id,X-Idempotency-Key,xIdempotencyKey；同一业务意图生成稳定 X-Idempotency-Key；请求体变化必须换键",id;X-Idempotency-Key;xIdempotencyKey,必须二次确认；确认框展示目标、影响、不可逆性、原因、审批要求和将触发的通知,DELETE /api/v1/contents/{id}；请求模型 ContentDeleteContentsByIdParameters；响应模型 ContentDeleteContentsByIdResponse,X-Idempotency-Key + 服务端结果查询,提交期间锁定同资源写操作，保留输入并显示明确进度；禁止全页无反馈等待,使用同一幂等键仅重试同一请求体；若服务端已受理则先查询结果；409版本冲突不得盲重试,默认留在当前页并刷新；创建成功进入详情，支付/认证/发布结果按对应流程导航,当前资源、来源列表、全局角标/余额/待办中与该领域相关的缓存；禁止无差别清空全部缓存,记录操作人、角色、目标、前后状态/版本、原因、审批单、requestId、IP/设备和结果,遵循最小采集；仅记录业务标识和状态，不记录自由文本中的个人信息,GET 可展示明确标记的最近缓存；写操作离线时禁止提交，不进入隐式离线队列,ContentDeleteContentsByIdResponse,READY_FOR_IMPLEMENTATION
ACT-MYC-003-01,ANDROID,SCR-MYC-003,内容管理详情,/me/contents/{id},内容详情,页面进入、显式刷新、从后台恢复且缓存过期，或收到相关领域事件后触发,GET /api/v1/contents/{id},contentGetContentsById,ContentGetContentsByIdParameters,登录,不要求,以服务端返回的 version 和状态覆盖详情；重算按钮显示/可用条件；记录页面曝光和请求 requestId,404显示资源不存在或已下架并提供返回；403显示无权限；409触发重新拉取；网络失败保留缓存并标记可能过期,ui_action_scr_myc_003_01,REQ-PUBLISH-001;REQ-CONTENT-002,TST-PUBLISH_001-HAPPY;TST-CONTENT_002-HAPPY,FROZEN_DETAILED_V1.2.2,DETAIL_QUERY,页面主按钮/行操作/更多菜单/标准弹层，具体位置由模板和页面操作规格确定,页面具备读取权限且路由参数完整,网络可用且不存在同资源进行中的请求,校验 id,id,不需要,GET /api/v1/contents/{id}；请求模型 ContentGetContentsByIdParameters；响应模型 ContentGetContentsByIdResponse,同资源单写请求锁；状态机服务端复核,首次进入使用结构骨架；刷新保留当前内容并显示轻量刷新态,GET 可人工重试；缓存可作为只读降级但禁止基于过期数据执行写操作,留在当前页；资源不存在时返回上一级并从来源列表移除或标记,当前资源、来源列表、全局角标/余额/待办中与该领域相关的缓存；禁止无差别清空全部缓存,记录必要业务埋点；读取高敏字段时额外记录访问审计,遵循最小采集；仅记录业务标识和状态，不记录自由文本中的个人信息,GET 可展示明确标记的最近缓存；写操作离线时禁止提交，不进入隐式离线队列,ContentGetContentsByIdResponse,READY_FOR_IMPLEMENTATION
ACT-MYC-003-02,ANDROID,SCR-MYC-003,内容管理详情,/me/contents/{id},复制为草稿,用户显式点击操作入口，且本地字段校验、权限、状态机前置条件全部满足,POST /api/v1/contents/{id}/copy,contentPostContentsByIdCopy,ContentPostContentsByIdCopyRequest,登录+实名+所有者,X-Idempotency-Key必填,以响应数据更新页面和关联缓存；展示“复制为草稿成功”；仅刷新受影响区域,400逐字段映射；401要求重新认证；403隐藏后续写入口并记录越权拒绝；409提示数据已变化并重新加载；422展示业务原因且保留输入；429显示可重试时间；500保留上下文并提供 requestId,ui_action_scr_myc_003_02,REQ-PUBLISH-001;REQ-CONTENT-002,TST-PUBLISH_001-HAPPY;TST-CONTENT_002-HAPPY;TST-PUBLISH_001-IDEMPOTENT;TST-CONTENT_002-IDEMPOTENT,FROZEN_DETAILED_V1.2.2,CREATE_OR_SUBMIT,页面主按钮/行操作/更多菜单/标准弹层，具体位置由模板和页面操作规格确定,具备权限 登录+实名+所有者，且资源状态允许“复制为草稿”；按钮显示条件由页面状态表和状态机共同决定,不存在同资源写请求；必填字段有效；服务端 version 未被本地标记过期；需要审批时已选择审批单,"校验 id,X-Idempotency-Key,expectedVersion,reason；expectedVersion 必须等于页面最后一次成功读取的服务端版本；同一业务意图生成稳定 X-Idempotency-Key；请求体变化必须换键",id;X-Idempotency-Key;expectedVersion;reason,必须二次确认；确认框展示目标、影响、不可逆性、原因、审批要求和将触发的通知,POST /api/v1/contents/{id}/copy；请求模型 ContentPostContentsByIdCopyRequest；响应模型 ContentPostContentsByIdCopyResponse,expectedVersion 乐观锁 + X-Idempotency-Key + 服务端结果查询,提交期间锁定同资源写操作，保留输入并显示明确进度；禁止全页无反馈等待,使用同一幂等键仅重试同一请求体；若服务端已受理则先查询结果；409版本冲突不得盲重试,默认留在当前页并刷新；创建成功进入详情，支付/认证/发布结果按对应流程导航,当前资源、来源列表、全局角标/余额/待办中与该领域相关的缓存；禁止无差别清空全部缓存,记录必要业务埋点；读取高敏字段时额外记录访问审计,遵循最小采集；仅记录业务标识和状态，不记录自由文本中的个人信息,GET 可展示明确标记的最近缓存；写操作离线时禁止提交，不进入隐式离线队列,ContentPostContentsByIdCopyResponse,READY_FOR_IMPLEMENTATION
ACT-MYC-003-03,ANDROID,SCR-MYC-003,内容管理详情,/me/contents/{id},内容数据,页面首次进入、下拉刷新、筛选/排序变化或滚动触底时触发；相同查询条件避免并发重复请求,GET /api/v1/contents/{id}/analytics,contentGetContentsByIdAnalytics,ContentGetContentsByIdAnalyticsParameters,登录+所有者,不要求,首屏替换数据，翻页仅追加去重；更新分页、筛选回显、总数/游标和最后刷新时间；空结果进入业务空状态,首屏失败显示全页错误与重试；刷新失败保留旧数据并提示；翻页失败保留已加载数据并提供行内重试；401跳登录或会话升级，403显示无权限，404不适用,ui_action_scr_myc_003_03,REQ-PUBLISH-001;REQ-CONTENT-002,TST-PUBLISH_001-HAPPY;TST-CONTENT_002-HAPPY,FROZEN_DETAILED_V1.2.2,LIST_QUERY,页面主按钮/行操作/更多菜单/标准弹层，具体位置由模板和页面操作规格确定,页面具备读取权限；筛选项按数据范围和角色显示,网络可用；非正在刷新；翻页时 nextCursor/hasNext 为真,"校验 id,page,pageSize,cursor,status,keyword,sort,contentType,categoryCode,regionCode",id;page;pageSize;cursor;status;keyword;sort;contentType;categoryCode;regionCode,不需要,GET /api/v1/contents/{id}/analytics；请求模型 ContentGetContentsByIdAnalyticsParameters；响应模型 ContentGetContentsByIdAnalyticsResponse,同资源单写请求锁；状态机服务端复核,首屏使用骨架屏；刷新保留现有数据；翻页使用列表尾部加载器,GET 可人工重试；网络瞬断最多指数退避自动重试 2 次；筛选变化取消旧请求,留在当前页；点击行/卡片按页面导航规格进入详情,当前资源、来源列表、全局角标/余额/待办中与该领域相关的缓存；禁止无差别清空全部缓存,记录必要业务埋点；读取高敏字段时额外记录访问审计,遵循最小采集；仅记录业务标识和状态，不记录自由文本中的个人信息,GET 可展示明确标记的最近缓存；写操作离线时禁止提交，不进入隐式离线队列,ContentGetContentsByIdAnalyticsResponse,READY_FOR_IMPLEMENTATION
ACT-MYC-004-01,ANDROID,SCR-MYC-004,审核记录,/me/contents/{id}/reviews,审核记录,页面首次进入、下拉刷新、筛选/排序变化或滚动触底时触发；相同查询条件避免并发重复请求,GET /api/v1/contents/{id}/reviews,contentGetContentsByIdReviews,ContentGetContentsByIdReviewsParameters,登录+所有者,不要求,首屏替换数据，翻页仅追加去重；更新分页、筛选回显、总数/游标和最后刷新时间；空结果进入业务空状态,首屏失败显示全页错误与重试；刷新失败保留旧数据并提示；翻页失败保留已加载数据并提供行内重试；401跳登录或会话升级，403显示无权限，404不适用,ui_action_scr_myc_004_01,REQ-PUBLISH-001;REQ-CONTENT-002,TST-PUBLISH_001-HAPPY;TST-CONTENT_002-HAPPY,FROZEN_DETAILED_V1.2.2,LIST_QUERY,页面主按钮/行操作/更多菜单/标准弹层，具体位置由模板和页面操作规格确定,页面具备读取权限；筛选项按数据范围和角色显示,网络可用；非正在刷新；翻页时 nextCursor/hasNext 为真,"校验 id,page,pageSize,cursor,status,keyword,sort,contentType,categoryCode,regionCode",id;page;pageSize;cursor;status;keyword;sort;contentType;categoryCode;regionCode,不需要,GET /api/v1/contents/{id}/reviews；请求模型 ContentGetContentsByIdReviewsParameters；响应模型 ContentGetContentsByIdReviewsResponse,同资源单写请求锁；状态机服务端复核,首屏使用骨架屏；刷新保留现有数据；翻页使用列表尾部加载器,GET 可人工重试；网络瞬断最多指数退避自动重试 2 次；筛选变化取消旧请求,留在当前页；点击行/卡片按页面导航规格进入详情,当前资源、来源列表、全局角标/余额/待办中与该领域相关的缓存；禁止无差别清空全部缓存,记录必要业务埋点；读取高敏字段时额外记录访问审计,遵循最小采集；仅记录业务标识和状态，不记录自由文本中的个人信息,GET 可展示明确标记的最近缓存；写操作离线时禁止提交，不进入隐式离线队列,ContentGetContentsByIdReviewsResponse,READY_FOR_IMPLEMENTATION
ACT-MYC-005-01,ANDROID,SCR-MYC-005,内容数据,/me/contents/{id}/analytics,内容数据,页面首次进入、下拉刷新、筛选/排序变化或滚动触底时触发；相同查询条件避免并发重复请求,GET /api/v1/contents/{id}/analytics,contentGetContentsByIdAnalytics,ContentGetContentsByIdAnalyticsParameters,登录+所有者,不要求,首屏替换数据，翻页仅追加去重；更新分页、筛选回显、总数/游标和最后刷新时间；空结果进入业务空状态,首屏失败显示全页错误与重试；刷新失败保留旧数据并提示；翻页失败保留已加载数据并提供行内重试；401跳登录或会话升级，403显示无权限，404不适用,ui_action_scr_myc_005_01,REQ-PUBLISH-001;REQ-CONTENT-002,TST-PUBLISH_001-HAPPY;TST-CONTENT_002-HAPPY,FROZEN_DETAILED_V1.2.2,LIST_QUERY,页面主按钮/行操作/更多菜单/标准弹层，具体位置由模板和页面操作规格确定,页面具备读取权限；筛选项按数据范围和角色显示,网络可用；非正在刷新；翻页时 nextCursor/hasNext 为真,"校验 id,page,pageSize,cursor,status,keyword,sort,contentType,categoryCode,regionCode",id;page;pageSize;cursor;status;keyword;sort;contentType;categoryCode;regionCode,不需要,GET /api/v1/contents/{id}/analytics；请求模型 ContentGetContentsByIdAnalyticsParameters；响应模型 ContentGetContentsByIdAnalyticsResponse,同资源单写请求锁；状态机服务端复核,首屏使用骨架屏；刷新保留现有数据；翻页使用列表尾部加载器,GET 可人工重试；网络瞬断最多指数退避自动重试 2 次；筛选变化取消旧请求,留在当前页；点击行/卡片按页面导航规格进入详情,当前资源、来源列表、全局角标/余额/待办中与该领域相关的缓存；禁止无差别清空全部缓存,记录必要业务埋点；读取高敏字段时额外记录访问审计,遵循最小采集；仅记录业务标识和状态，不记录自由文本中的个人信息,GET 可展示明确标记的最近缓存；写操作离线时禁止提交，不进入隐式离线队列,ContentGetContentsByIdAnalyticsResponse,READY_FOR_IMPLEMENTATION
ACT-MSG-001-01,ANDROID,SCR-MSG-001,消息中心,/messages,会话列表,页面首次进入、下拉刷新、筛选/排序变化或滚动触底时触发；相同查询条件避免并发重复请求,GET /api/v1/conversations,chatGetConversations,ChatGetConversationsParameters,登录,不要求,首屏替换数据，翻页仅追加去重；更新分页、筛选回显、总数/游标和最后刷新时间；空结果进入业务空状态,首屏失败显示全页错误与重试；刷新失败保留旧数据并提示；翻页失败保留已加载数据并提供行内重试；401跳登录或会话升级，403显示无权限，404不适用,ui_action_scr_msg_001_01,REQ-CHAT-001;REQ-NOTIFY-001,TST-CHAT_001-HAPPY;TST-NOTIFY_001-HAPPY,FROZEN_DETAILED_V1.2.2,LIST_QUERY,页面主按钮/行操作/更多菜单/标准弹层，具体位置由模板和页面操作规格确定,页面具备读取权限；筛选项按数据范围和角色显示,网络可用；非正在刷新；翻页时 nextCursor/hasNext 为真,"校验 page,pageSize,cursor,status,keyword,sort",page;pageSize;cursor;status;keyword;sort,不需要,GET /api/v1/conversations；请求模型 ChatGetConversationsParameters；响应模型 ChatGetConversationsResponse,同资源单写请求锁；状态机服务端复核,首屏使用骨架屏；刷新保留现有数据；翻页使用列表尾部加载器,GET 可人工重试；网络瞬断最多指数退避自动重试 2 次；筛选变化取消旧请求,留在当前页；点击行/卡片按页面导航规格进入详情,当前资源、来源列表、全局角标/余额/待办中与该领域相关的缓存；禁止无差别清空全部缓存,记录必要业务埋点；读取高敏字段时额外记录访问审计,遵循最小采集；仅记录业务标识和状态，不记录自由文本中的个人信息,GET 可展示明确标记的最近缓存；写操作离线时禁止提交，不进入隐式离线队列,ChatGetConversationsResponse,READY_FOR_IMPLEMENTATION
ACT-MSG-001-02,ANDROID,SCR-MSG-001,消息中心,/messages,通知列表,页面首次进入、下拉刷新、筛选/排序变化或滚动触底时触发；相同查询条件避免并发重复请求,GET /api/v1/notifications,notificationGetNotifications,NotificationGetNotificationsParameters,登录,不要求,首屏替换数据，翻页仅追加去重；更新分页、筛选回显、总数/游标和最后刷新时间；空结果进入业务空状态,首屏失败显示全页错误与重试；刷新失败保留旧数据并提示；翻页失败保留已加载数据并提供行内重试；401跳登录或会话升级，403显示无权限，404不适用,ui_action_scr_msg_001_02,REQ-CHAT-001;REQ-NOTIFY-001,TST-CHAT_001-HAPPY;TST-NOTIFY_001-HAPPY,FROZEN_DETAILED_V1.2.2,LIST_QUERY,页面主按钮/行操作/更多菜单/标准弹层，具体位置由模板和页面操作规格确定,页面具备读取权限；筛选项按数据范围和角色显示,网络可用；非正在刷新；翻页时 nextCursor/hasNext 为真,"校验 page,pageSize,cursor,status,keyword,sort",page;pageSize;cursor;status;keyword;sort,不需要,GET /api/v1/notifications；请求模型 NotificationGetNotificationsParameters；响应模型 NotificationGetNotificationsResponse,同资源单写请求锁；状态机服务端复核,首屏使用骨架屏；刷新保留现有数据；翻页使用列表尾部加载器,GET 可人工重试；网络瞬断最多指数退避自动重试 2 次；筛选变化取消旧请求,留在当前页；点击行/卡片按页面导航规格进入详情,当前资源、来源列表、全局角标/余额/待办中与该领域相关的缓存；禁止无差别清空全部缓存,记录必要业务埋点；读取高敏字段时额外记录访问审计,遵循最小采集；仅记录业务标识和状态，不记录自由文本中的个人信息,GET 可展示明确标记的最近缓存；写操作离线时禁止提交，不进入隐式离线队列,NotificationGetNotificationsResponse,READY_FOR_IMPLEMENTATION
ACT-MSG-001-03,ANDROID,SCR-MSG-001,消息中心,/messages,公告列表,页面首次进入、下拉刷新、筛选/排序变化或滚动触底时触发；相同查询条件避免并发重复请求,GET /api/v1/announcements,notificationGetAnnouncements,NotificationGetAnnouncementsParameters,登录,不要求,首屏替换数据，翻页仅追加去重；更新分页、筛选回显、总数/游标和最后刷新时间；空结果进入业务空状态,首屏失败显示全页错误与重试；刷新失败保留旧数据并提示；翻页失败保留已加载数据并提供行内重试；401跳登录或会话升级，403显示无权限，404不适用,ui_action_scr_msg_001_03,REQ-CHAT-001;REQ-NOTIFY-001,TST-CHAT_001-HAPPY;TST-NOTIFY_001-HAPPY,FROZEN_DETAILED_V1.2.2,LIST_QUERY,页面主按钮/行操作/更多菜单/标准弹层，具体位置由模板和页面操作规格确定,页面具备读取权限；筛选项按数据范围和角色显示,网络可用；非正在刷新；翻页时 nextCursor/hasNext 为真,"校验 page,pageSize,cursor,status,keyword,sort",page;pageSize;cursor;status;keyword;sort,不需要,GET /api/v1/announcements；请求模型 NotificationGetAnnouncementsParameters；响应模型 NotificationGetAnnouncementsResponse,同资源单写请求锁；状态机服务端复核,首屏使用骨架屏；刷新保留现有数据；翻页使用列表尾部加载器,GET 可人工重试；网络瞬断最多指数退避自动重试 2 次；筛选变化取消旧请求,留在当前页；点击行/卡片按页面导航规格进入详情,当前资源、来源列表、全局角标/余额/待办中与该领域相关的缓存；禁止无差别清空全部缓存,记录必要业务埋点；读取高敏字段时额外记录访问审计,遵循最小采集；仅记录业务标识和状态，不记录自由文本中的个人信息,GET 可展示明确标记的最近缓存；写操作离线时禁止提交，不进入隐式离线队列,NotificationGetAnnouncementsResponse,READY_FOR_IMPLEMENTATION
ACT-CHAT-001-01,ANDROID,SCR-CHAT-001,会话列表,/messages/chats,会话列表,页面首次进入、下拉刷新、筛选/排序变化或滚动触底时触发；相同查询条件避免并发重复请求,GET /api/v1/conversations,chatGetConversations,ChatGetConversationsParameters,登录,不要求,首屏替换数据，翻页仅追加去重；更新分页、筛选回显、总数/游标和最后刷新时间；空结果进入业务空状态,首屏失败显示全页错误与重试；刷新失败保留旧数据并提示；翻页失败保留已加载数据并提供行内重试；401跳登录或会话升级，403显示无权限，404不适用,ui_action_scr_chat_001_01,REQ-CHAT-001;REQ-CHAT-002,TST-CHAT_001-HAPPY;TST-CHAT_002-HAPPY,FROZEN_DETAILED_V1.2.2,LIST_QUERY,页面主按钮/行操作/更多菜单/标准弹层，具体位置由模板和页面操作规格确定,页面具备读取权限；筛选项按数据范围和角色显示,网络可用；非正在刷新；翻页时 nextCursor/hasNext 为真,"校验 page,pageSize,cursor,status,keyword,sort",page;pageSize;cursor;status;keyword;sort,不需要,GET /api/v1/conversations；请求模型 ChatGetConversationsParameters；响应模型 ChatGetConversationsResponse,同资源单写请求锁；状态机服务端复核,首屏使用骨架屏；刷新保留现有数据；翻页使用列表尾部加载器,GET 可人工重试；网络瞬断最多指数退避自动重试 2 次；筛选变化取消旧请求,留在当前页；点击行/卡片按页面导航规格进入详情,当前资源、来源列表、全局角标/余额/待办中与该领域相关的缓存；禁止无差别清空全部缓存,记录必要业务埋点；读取高敏字段时额外记录访问审计,遵循最小采集；仅记录业务标识和状态，不记录自由文本中的个人信息,GET 可展示明确标记的最近缓存；写操作离线时禁止提交，不进入隐式离线队列,ChatGetConversationsResponse,READY_FOR_IMPLEMENTATION
ACT-CHAT-002-01,ANDROID,SCR-CHAT-002,私聊页,/messages/chat/{conversationId},消息分页,页面首次进入、下拉刷新、筛选/排序变化或滚动触底时触发；相同查询条件避免并发重复请求,GET /api/v1/conversations/{id}/messages,chatGetConversationsByIdMessages,ChatGetConversationsByIdMessagesParameters,登录+成员,不要求,首屏替换数据，翻页仅追加去重；更新分页、筛选回显、总数/游标和最后刷新时间；空结果进入业务空状态,首屏失败显示全页错误与重试；刷新失败保留旧数据并提示；翻页失败保留已加载数据并提供行内重试；401跳登录或会话升级，403显示无权限，404不适用,ui_action_scr_chat_002_01,REQ-CHAT-001;REQ-CHAT-002,TST-CHAT_001-HAPPY;TST-CHAT_002-HAPPY,FROZEN_DETAILED_V1.2.2,LIST_QUERY,页面主按钮/行操作/更多菜单/标准弹层，具体位置由模板和页面操作规格确定,页面具备读取权限；筛选项按数据范围和角色显示,网络可用；非正在刷新；翻页时 nextCursor/hasNext 为真,"校验 id,page,pageSize,cursor,status,keyword,sort",id;page;pageSize;cursor;status;keyword;sort,不需要,GET /api/v1/conversations/{id}/messages；请求模型 ChatGetConversationsByIdMessagesParameters；响应模型 ChatGetConversationsByIdMessagesResponse,同资源单写请求锁；状态机服务端复核,首屏使用骨架屏；刷新保留现有数据；翻页使用列表尾部加载器,GET 可人工重试；网络瞬断最多指数退避自动重试 2 次；筛选变化取消旧请求,留在当前页；点击行/卡片按页面导航规格进入详情,当前资源、来源列表、全局角标/余额/待办中与该领域相关的缓存；禁止无差别清空全部缓存,记录必要业务埋点；读取高敏字段时额外记录访问审计,遵循最小采集；仅记录业务标识和状态，不记录自由文本中的个人信息,GET 可展示明确标记的最近缓存；写操作离线时禁止提交，不进入隐式离线队列,ChatGetConversationsByIdMessagesResponse,READY_FOR_IMPLEMENTATION
ACT-CHAT-002-02,ANDROID,SCR-CHAT-002,私聊页,/messages/chat/{conversationId},发送消息,用户显式点击操作入口，且本地字段校验、权限、状态机前置条件全部满足,POST /api/v1/conversations/{id}/messages,chatPostConversationsByIdMessages,ChatPostConversationsByIdMessagesRequest,登录+成员,X-Idempotency-Key必填,以响应数据更新页面和关联缓存；展示“发送消息成功”；仅刷新受影响区域,400逐字段映射；401要求重新认证；403隐藏后续写入口并记录越权拒绝；409提示数据已变化并重新加载；422展示业务原因且保留输入；429显示可重试时间；500保留上下文并提供 requestId,ui_action_scr_chat_002_02,REQ-CHAT-001;REQ-CHAT-002,TST-CHAT_001-HAPPY;TST-CHAT_002-HAPPY;TST-CHAT_001-IDEMPOTENT;TST-CHAT_002-IDEMPOTENT,FROZEN_DETAILED_V1.2.2,CREATE_OR_SUBMIT,页面主按钮/行操作/更多菜单/标准弹层，具体位置由模板和页面操作规格确定,具备权限 登录+成员，且资源状态允许“发送消息”；按钮显示条件由页面状态表和状态机共同决定,不存在同资源写请求；必填字段有效；服务端 version 未被本地标记过期；需要审批时已选择审批单,"校验 id,X-Idempotency-Key,clientMessageId,messageType,payload；同一业务意图生成稳定 X-Idempotency-Key；请求体变化必须换键",id;X-Idempotency-Key;clientMessageId;messageType;payload,金额、权益或发布范围变化时二次确认；普通可撤销保存不需要,POST /api/v1/conversations/{id}/messages；请求模型 ChatPostConversationsByIdMessagesRequest；响应模型 ChatPostConversationsByIdMessagesResponse,X-Idempotency-Key + 服务端结果查询,提交期间锁定同资源写操作，保留输入并显示明确进度；禁止全页无反馈等待,使用同一幂等键仅重试同一请求体；若服务端已受理则先查询结果；409版本冲突不得盲重试,默认留在当前页并刷新；创建成功进入详情，支付/认证/发布结果按对应流程导航,当前资源、来源列表、全局角标/余额/待办中与该领域相关的缓存；禁止无差别清空全部缓存,记录必要业务埋点；读取高敏字段时额外记录访问审计,遵循最小采集；仅记录业务标识和状态，不记录自由文本中的个人信息,GET 可展示明确标记的最近缓存；写操作离线时禁止提交，不进入隐式离线队列,ChatPostConversationsByIdMessagesResponse,READY_FOR_IMPLEMENTATION
ACT-CHAT-002-03,ANDROID,SCR-CHAT-002,私聊页,/messages/chat/{conversationId},更新已读,用户显式点击操作入口，且本地字段校验、权限、状态机前置条件全部满足,POST /api/v1/conversations/{id}/read,chatPostConversationsByIdRead,ChatPostConversationsByIdReadRequest,登录+成员,X-Idempotency-Key必填,使用响应中的资源和 version 更新页面；清除已提交脏状态；展示“更新已读成功”；刷新受影响列表、详情、余额或配置版本,400逐字段映射；401要求重新认证；403隐藏后续写入口并记录越权拒绝；409提示数据已变化并重新加载；422展示业务原因且保留输入；429显示可重试时间；500保留上下文并提供 requestId,ui_action_scr_chat_002_03,REQ-CHAT-001;REQ-CHAT-002,TST-CHAT_001-HAPPY;TST-CHAT_002-HAPPY;TST-CHAT_001-IDEMPOTENT;TST-CHAT_002-IDEMPOTENT,FROZEN_DETAILED_V1.2.2,CREATE_OR_SUBMIT,页面主按钮/行操作/更多菜单/标准弹层，具体位置由模板和页面操作规格确定,具备权限 登录+成员，且资源状态允许“更新已读”；按钮显示条件由页面状态表和状态机共同决定,不存在同资源写请求；必填字段有效；服务端 version 未被本地标记过期；需要审批时已选择审批单,"校验 id,X-Idempotency-Key,lastReadMessageId；同一业务意图生成稳定 X-Idempotency-Key；请求体变化必须换键",id;X-Idempotency-Key;lastReadMessageId,金额、权益或发布范围变化时二次确认；普通可撤销保存不需要,POST /api/v1/conversations/{id}/read；请求模型 ChatPostConversationsByIdReadRequest；响应模型 ChatPostConversationsByIdReadResponse,X-Idempotency-Key + 服务端结果查询,提交期间锁定同资源写操作，保留输入并显示明确进度；禁止全页无反馈等待,使用同一幂等键仅重试同一请求体；若服务端已受理则先查询结果；409版本冲突不得盲重试,默认留在当前页并刷新；创建成功进入详情，支付/认证/发布结果按对应流程导航,当前资源、来源列表、全局角标/余额/待办中与该领域相关的缓存；禁止无差别清空全部缓存,记录必要业务埋点；读取高敏字段时额外记录访问审计,遵循最小采集；仅记录业务标识和状态，不记录自由文本中的个人信息,GET 可展示明确标记的最近缓存；写操作离线时禁止提交，不进入隐式离线队列,ChatPostConversationsByIdReadResponse,READY_FOR_IMPLEMENTATION
ACT-SHEET-CHAT-001-01,ANDROID,SHEET-CHAT-001,发送联系方式,sheet://chat-contact,发送消息,用户显式点击操作入口，且本地字段校验、权限、状态机前置条件全部满足,POST /api/v1/conversations/{id}/messages,chatPostConversationsByIdMessages,ChatPostConversationsByIdMessagesRequest,登录+成员,X-Idempotency-Key必填,以响应数据更新页面和关联缓存；展示“发送消息成功”；仅刷新受影响区域,400逐字段映射；401要求重新认证；403隐藏后续写入口并记录越权拒绝；409提示数据已变化并重新加载；422展示业务原因且保留输入；429显示可重试时间；500保留上下文并提供 requestId,ui_action_sheet_chat_001_01,REQ-CHAT-001;REQ-CHAT-002,TST-CHAT_001-HAPPY;TST-CHAT_002-HAPPY;TST-CHAT_001-IDEMPOTENT;TST-CHAT_002-IDEMPOTENT,FROZEN_DETAILED_V1.2.2,CREATE_OR_SUBMIT,页面主按钮/行操作/更多菜单/标准弹层，具体位置由模板和页面操作规格确定,具备权限 登录+成员，且资源状态允许“发送消息”；按钮显示条件由页面状态表和状态机共同决定,不存在同资源写请求；必填字段有效；服务端 version 未被本地标记过期；需要审批时已选择审批单,"校验 id,X-Idempotency-Key,clientMessageId,messageType,payload；同一业务意图生成稳定 X-Idempotency-Key；请求体变化必须换键",id;X-Idempotency-Key;clientMessageId;messageType;payload,金额、权益或发布范围变化时二次确认；普通可撤销保存不需要,POST /api/v1/conversations/{id}/messages；请求模型 ChatPostConversationsByIdMessagesRequest；响应模型 ChatPostConversationsByIdMessagesResponse,X-Idempotency-Key + 服务端结果查询,提交期间锁定同资源写操作，保留输入并显示明确进度；禁止全页无反馈等待,使用同一幂等键仅重试同一请求体；若服务端已受理则先查询结果；409版本冲突不得盲重试,默认留在当前页并刷新；创建成功进入详情，支付/认证/发布结果按对应流程导航,当前资源、来源列表、全局角标/余额/待办中与该领域相关的缓存；禁止无差别清空全部缓存,记录必要业务埋点；读取高敏字段时额外记录访问审计,遵循最小采集；仅记录业务标识和状态，不记录自由文本中的个人信息,GET 可展示明确标记的最近缓存；写操作离线时禁止提交，不进入隐式离线队列,ChatPostConversationsByIdMessagesResponse,READY_FOR_IMPLEMENTATION
ACT-SHEET-CHAT-002-01,ANDROID,SHEET-CHAT-002,聊天举报,sheet://chat-report,举报聊天,用户显式点击操作入口，且本地字段校验、权限、状态机前置条件全部满足,POST /api/v1/conversations/{id}/report,chatPostConversationsByIdReport,ChatPostConversationsByIdReportRequest,登录+成员,X-Idempotency-Key必填,以响应数据更新页面和关联缓存；展示“举报聊天成功”；仅刷新受影响区域,400逐字段映射；401要求重新认证；403隐藏后续写入口并记录越权拒绝；409提示数据已变化并重新加载；422展示业务原因且保留输入；429显示可重试时间；500保留上下文并提供 requestId,ui_action_sheet_chat_002_01,REQ-CHAT-001;REQ-CHAT-002,TST-CHAT_001-HAPPY;TST-CHAT_002-HAPPY;TST-CHAT_001-IDEMPOTENT;TST-CHAT_002-IDEMPOTENT,FROZEN_DETAILED_V1.2.2,CREATE_OR_SUBMIT,页面主按钮/行操作/更多菜单/标准弹层，具体位置由模板和页面操作规格确定,具备权限 登录+成员，且资源状态允许“举报聊天”；按钮显示条件由页面状态表和状态机共同决定,不存在同资源写请求；必填字段有效；服务端 version 未被本地标记过期；需要审批时已选择审批单,"校验 id,X-Idempotency-Key,reasonCode,description,evidenceMediaIds,messageIds,expectedVersion；expectedVersion 必须等于页面最后一次成功读取的服务端版本；同一业务意图生成稳定 X-Idempotency-Key；请求体变化必须换键",id;X-Idempotency-Key;reasonCode;description;evidenceMediaIds;messageIds;expectedVersion,必须二次确认；确认框展示目标、影响、不可逆性、原因、审批要求和将触发的通知,POST /api/v1/conversations/{id}/report；请求模型 ChatPostConversationsByIdReportRequest；响应模型 ChatPostConversationsByIdReportResponse,expectedVersion 乐观锁 + X-Idempotency-Key + 服务端结果查询,提交期间锁定同资源写操作，保留输入并显示明确进度；禁止全页无反馈等待,使用同一幂等键仅重试同一请求体；若服务端已受理则先查询结果；409版本冲突不得盲重试,默认留在当前页并刷新；创建成功进入详情，支付/认证/发布结果按对应流程导航,当前资源、来源列表、全局角标/余额/待办中与该领域相关的缓存；禁止无差别清空全部缓存,记录必要业务埋点；读取高敏字段时额外记录访问审计,遵循最小采集；仅记录业务标识和状态，不记录自由文本中的个人信息,GET 可展示明确标记的最近缓存；写操作离线时禁止提交，不进入隐式离线队列,ChatPostConversationsByIdReportResponse,READY_FOR_IMPLEMENTATION
ACT-NOTICE-001-01,ANDROID,SCR-NOTICE-001,通知列表,/messages/notifications,通知列表,页面首次进入、下拉刷新、筛选/排序变化或滚动触底时触发；相同查询条件避免并发重复请求,GET /api/v1/notifications,notificationGetNotifications,NotificationGetNotificationsParameters,登录,不要求,首屏替换数据，翻页仅追加去重；更新分页、筛选回显、总数/游标和最后刷新时间；空结果进入业务空状态,首屏失败显示全页错误与重试；刷新失败保留旧数据并提示；翻页失败保留已加载数据并提供行内重试；401跳登录或会话升级，403显示无权限，404不适用,ui_action_scr_notice_001_01,REQ-NOTIFY-001,TST-NOTIFY_001-HAPPY,FROZEN_DETAILED_V1.2.2,LIST_QUERY,页面主按钮/行操作/更多菜单/标准弹层，具体位置由模板和页面操作规格确定,页面具备读取权限；筛选项按数据范围和角色显示,网络可用；非正在刷新；翻页时 nextCursor/hasNext 为真,"校验 page,pageSize,cursor,status,keyword,sort",page;pageSize;cursor;status;keyword;sort,不需要,GET /api/v1/notifications；请求模型 NotificationGetNotificationsParameters；响应模型 NotificationGetNotificationsResponse,同资源单写请求锁；状态机服务端复核,首屏使用骨架屏；刷新保留现有数据；翻页使用列表尾部加载器,GET 可人工重试；网络瞬断最多指数退避自动重试 2 次；筛选变化取消旧请求,留在当前页；点击行/卡片按页面导航规格进入详情,当前资源、来源列表、全局角标/余额/待办中与该领域相关的缓存；禁止无差别清空全部缓存,记录必要业务埋点；读取高敏字段时额外记录访问审计,遵循最小采集；仅记录业务标识和状态，不记录自由文本中的个人信息,GET 可展示明确标记的最近缓存；写操作离线时禁止提交，不进入隐式离线队列,NotificationGetNotificationsResponse,READY_FOR_IMPLEMENTATION
ACT-NOTICE-001-02,ANDROID,SCR-NOTICE-001,通知列表,/messages/notifications,全部已读,用户显式点击操作入口，且本地字段校验、权限、状态机前置条件全部满足,POST /api/v1/notifications/read-all,notificationPostNotificationsReadAll,NotificationPostNotificationsReadAllRequest,登录,X-Idempotency-Key必填,以响应数据更新页面和关联缓存；展示“全部已读成功”；仅刷新受影响区域,400逐字段映射；401要求重新认证；403隐藏后续写入口并记录越权拒绝；409提示数据已变化并重新加载；422展示业务原因且保留输入；429显示可重试时间；500保留上下文并提供 requestId,ui_action_scr_notice_001_02,REQ-NOTIFY-001,TST-NOTIFY_001-HAPPY;TST-NOTIFY_001-IDEMPOTENT,FROZEN_DETAILED_V1.2.2,CREATE_OR_SUBMIT,页面主按钮/行操作/更多菜单/标准弹层，具体位置由模板和页面操作规格确定,具备权限 登录，且资源状态允许“全部已读”；按钮显示条件由页面状态表和状态机共同决定,不存在同资源写请求；必填字段有效；服务端 version 未被本地标记过期；需要审批时已选择审批单,"校验 X-Idempotency-Key,reason,expectedVersion,payload；expectedVersion 必须等于页面最后一次成功读取的服务端版本；同一业务意图生成稳定 X-Idempotency-Key；请求体变化必须换键",X-Idempotency-Key;reason;expectedVersion;payload,必须二次确认；确认框展示目标、影响、不可逆性、原因、审批要求和将触发的通知,POST /api/v1/notifications/read-all；请求模型 NotificationPostNotificationsReadAllRequest；响应模型 NotificationPostNotificationsReadAllResponse,expectedVersion 乐观锁 + X-Idempotency-Key + 服务端结果查询,提交期间锁定同资源写操作，保留输入并显示明确进度；禁止全页无反馈等待,使用同一幂等键仅重试同一请求体；若服务端已受理则先查询结果；409版本冲突不得盲重试,默认留在当前页并刷新；创建成功进入详情，支付/认证/发布结果按对应流程导航,当前资源、来源列表、全局角标/余额/待办中与该领域相关的缓存；禁止无差别清空全部缓存,记录必要业务埋点；读取高敏字段时额外记录访问审计,遵循最小采集；仅记录业务标识和状态，不记录自由文本中的个人信息,GET 可展示明确标记的最近缓存；写操作离线时禁止提交，不进入隐式离线队列,NotificationPostNotificationsReadAllResponse,READY_FOR_IMPLEMENTATION
ACT-NOTICE-002-01,ANDROID,SCR-NOTICE-002,通知详情,/messages/notifications/{id},通知列表,页面首次进入、下拉刷新、筛选/排序变化或滚动触底时触发；相同查询条件避免并发重复请求,GET /api/v1/notifications,notificationGetNotifications,NotificationGetNotificationsParameters,登录,不要求,首屏替换数据，翻页仅追加去重；更新分页、筛选回显、总数/游标和最后刷新时间；空结果进入业务空状态,首屏失败显示全页错误与重试；刷新失败保留旧数据并提示；翻页失败保留已加载数据并提供行内重试；401跳登录或会话升级，403显示无权限，404不适用,ui_action_scr_notice_002_01,REQ-NOTIFY-001,TST-NOTIFY_001-HAPPY,FROZEN_DETAILED_V1.2.2,LIST_QUERY,页面主按钮/行操作/更多菜单/标准弹层，具体位置由模板和页面操作规格确定,页面具备读取权限；筛选项按数据范围和角色显示,网络可用；非正在刷新；翻页时 nextCursor/hasNext 为真,"校验 page,pageSize,cursor,status,keyword,sort",page;pageSize;cursor;status;keyword;sort,不需要,GET /api/v1/notifications；请求模型 NotificationGetNotificationsParameters；响应模型 NotificationGetNotificationsResponse,同资源单写请求锁；状态机服务端复核,首屏使用骨架屏；刷新保留现有数据；翻页使用列表尾部加载器,GET 可人工重试；网络瞬断最多指数退避自动重试 2 次；筛选变化取消旧请求,留在当前页；点击行/卡片按页面导航规格进入详情,当前资源、来源列表、全局角标/余额/待办中与该领域相关的缓存；禁止无差别清空全部缓存,记录必要业务埋点；读取高敏字段时额外记录访问审计,遵循最小采集；仅记录业务标识和状态，不记录自由文本中的个人信息,GET 可展示明确标记的最近缓存；写操作离线时禁止提交，不进入隐式离线队列,NotificationGetNotificationsResponse,READY_FOR_IMPLEMENTATION
ACT-NOTICE-002-02,ANDROID,SCR-NOTICE-002,通知详情,/messages/notifications/{id},标记已读,用户显式点击操作入口，且本地字段校验、权限、状态机前置条件全部满足,POST /api/v1/notifications/{id}/read,notificationPostNotificationsByIdRead,NotificationPostNotificationsByIdReadRequest,登录,X-Idempotency-Key必填,以响应数据更新页面和关联缓存；展示“标记已读成功”；仅刷新受影响区域,400逐字段映射；401要求重新认证；403隐藏后续写入口并记录越权拒绝；409提示数据已变化并重新加载；422展示业务原因且保留输入；429显示可重试时间；500保留上下文并提供 requestId,ui_action_scr_notice_002_02,REQ-NOTIFY-001,TST-NOTIFY_001-HAPPY;TST-NOTIFY_001-IDEMPOTENT,FROZEN_DETAILED_V1.2.2,CREATE_OR_SUBMIT,页面主按钮/行操作/更多菜单/标准弹层，具体位置由模板和页面操作规格确定,具备权限 登录，且资源状态允许“标记已读”；按钮显示条件由页面状态表和状态机共同决定,不存在同资源写请求；必填字段有效；服务端 version 未被本地标记过期；需要审批时已选择审批单,"校验 id,X-Idempotency-Key,lastReadMessageId；同一业务意图生成稳定 X-Idempotency-Key；请求体变化必须换键",id;X-Idempotency-Key;lastReadMessageId,金额、权益或发布范围变化时二次确认；普通可撤销保存不需要,POST /api/v1/notifications/{id}/read；请求模型 NotificationPostNotificationsByIdReadRequest；响应模型 NotificationPostNotificationsByIdReadResponse,X-Idempotency-Key + 服务端结果查询,提交期间锁定同资源写操作，保留输入并显示明确进度；禁止全页无反馈等待,使用同一幂等键仅重试同一请求体；若服务端已受理则先查询结果；409版本冲突不得盲重试,默认留在当前页并刷新；创建成功进入详情，支付/认证/发布结果按对应流程导航,当前资源、来源列表、全局角标/余额/待办中与该领域相关的缓存；禁止无差别清空全部缓存,记录必要业务埋点；读取高敏字段时额外记录访问审计,遵循最小采集；仅记录业务标识和状态，不记录自由文本中的个人信息,GET 可展示明确标记的最近缓存；写操作离线时禁止提交，不进入隐式离线队列,NotificationPostNotificationsByIdReadResponse,READY_FOR_IMPLEMENTATION
ACT-ANN-001-01,ANDROID,SCR-ANN-001,公告列表,/messages/announcements,公告列表,页面首次进入、下拉刷新、筛选/排序变化或滚动触底时触发；相同查询条件避免并发重复请求,GET /api/v1/announcements,notificationGetAnnouncements,NotificationGetAnnouncementsParameters,登录,不要求,首屏替换数据，翻页仅追加去重；更新分页、筛选回显、总数/游标和最后刷新时间；空结果进入业务空状态,首屏失败显示全页错误与重试；刷新失败保留旧数据并提示；翻页失败保留已加载数据并提供行内重试；401跳登录或会话升级，403显示无权限，404不适用,ui_action_scr_ann_001_01,REQ-NOTIFY-001,TST-NOTIFY_001-HAPPY,FROZEN_DETAILED_V1.2.2,LIST_QUERY,页面主按钮/行操作/更多菜单/标准弹层，具体位置由模板和页面操作规格确定,页面具备读取权限；筛选项按数据范围和角色显示,网络可用；非正在刷新；翻页时 nextCursor/hasNext 为真,"校验 page,pageSize,cursor,status,keyword,sort",page;pageSize;cursor;status;keyword;sort,不需要,GET /api/v1/announcements；请求模型 NotificationGetAnnouncementsParameters；响应模型 NotificationGetAnnouncementsResponse,同资源单写请求锁；状态机服务端复核,首屏使用骨架屏；刷新保留现有数据；翻页使用列表尾部加载器,GET 可人工重试；网络瞬断最多指数退避自动重试 2 次；筛选变化取消旧请求,留在当前页；点击行/卡片按页面导航规格进入详情,当前资源、来源列表、全局角标/余额/待办中与该领域相关的缓存；禁止无差别清空全部缓存,记录必要业务埋点；读取高敏字段时额外记录访问审计,遵循最小采集；仅记录业务标识和状态，不记录自由文本中的个人信息,GET 可展示明确标记的最近缓存；写操作离线时禁止提交，不进入隐式离线队列,NotificationGetAnnouncementsResponse,READY_FOR_IMPLEMENTATION
ACT-ANN-002-01,ANDROID,SCR-ANN-002,公告详情,/messages/announcements/{id},公告详情,页面进入、显式刷新、从后台恢复且缓存过期，或收到相关领域事件后触发,GET /api/v1/announcements/{id},notificationGetAnnouncementsById,NotificationGetAnnouncementsByIdParameters,登录,不要求,以服务端返回的 version 和状态覆盖详情；重算按钮显示/可用条件；记录页面曝光和请求 requestId,404显示资源不存在或已下架并提供返回；403显示无权限；409触发重新拉取；网络失败保留缓存并标记可能过期,ui_action_scr_ann_002_01,REQ-NOTIFY-001,TST-NOTIFY_001-HAPPY,FROZEN_DETAILED_V1.2.2,DETAIL_QUERY,页面主按钮/行操作/更多菜单/标准弹层，具体位置由模板和页面操作规格确定,页面具备读取权限且路由参数完整,网络可用且不存在同资源进行中的请求,校验 id,id,不需要,GET /api/v1/announcements/{id}；请求模型 NotificationGetAnnouncementsByIdParameters；响应模型 NotificationGetAnnouncementsByIdResponse,同资源单写请求锁；状态机服务端复核,首次进入使用结构骨架；刷新保留当前内容并显示轻量刷新态,GET 可人工重试；缓存可作为只读降级但禁止基于过期数据执行写操作,留在当前页；资源不存在时返回上一级并从来源列表移除或标记,当前资源、来源列表、全局角标/余额/待办中与该领域相关的缓存；禁止无差别清空全部缓存,记录必要业务埋点；读取高敏字段时额外记录访问审计,遵循最小采集；仅记录业务标识和状态，不记录自由文本中的个人信息,GET 可展示明确标记的最近缓存；写操作离线时禁止提交，不进入隐式离线队列,NotificationGetAnnouncementsByIdResponse,READY_FOR_IMPLEMENTATION
ACT-ME-001-01,ANDROID,SCR-ME-001,我的首页,/me,当前用户资料,页面进入、显式刷新、从后台恢复且缓存过期，或收到相关领域事件后触发,GET /api/v1/me,userGetMe,UserGetMeParameters,登录,不要求,以服务端返回的 version 和状态覆盖详情；重算按钮显示/可用条件；记录页面曝光和请求 requestId,404显示资源不存在或已下架并提供返回；403显示无权限；409触发重新拉取；网络失败保留缓存并标记可能过期,ui_action_scr_me_001_01,REQ-PUBLISHER-001,TST-PUBLISHER_001-HAPPY,FROZEN_DETAILED_V1.2.2,DETAIL_QUERY,页面主按钮/行操作/更多菜单/标准弹层，具体位置由模板和页面操作规格确定,页面具备读取权限且路由参数完整,网络可用且不存在同资源进行中的请求,路由参数、权限和页面状态有效,无业务请求体；仅使用路由/会话上下文,不需要,GET /api/v1/me；请求模型 UserGetMeParameters；响应模型 UserGetMeResponse,同资源单写请求锁；状态机服务端复核,首次进入使用结构骨架；刷新保留当前内容并显示轻量刷新态,GET 可人工重试；缓存可作为只读降级但禁止基于过期数据执行写操作,留在当前页；资源不存在时返回上一级并从来源列表移除或标记,当前资源、来源列表、全局角标/余额/待办中与该领域相关的缓存；禁止无差别清空全部缓存,记录必要业务埋点；读取高敏字段时额外记录访问审计,遵循最小采集；仅记录业务标识和状态，不记录自由文本中的个人信息,GET 可展示明确标记的最近缓存；写操作离线时禁止提交，不进入隐式离线队列,UserGetMeResponse,READY_FOR_IMPLEMENTATION
ACT-ME-001-02,ANDROID,SCR-ME-001,我的首页,/me,当前会员,页面进入、显式刷新、从后台恢复且缓存过期，或收到相关领域事件后触发,GET /api/v1/me/membership,membershipGetMeMembership,MembershipGetMeMembershipParameters,登录,不要求,以服务端返回的 version 和状态覆盖详情；重算按钮显示/可用条件；记录页面曝光和请求 requestId,404显示资源不存在或已下架并提供返回；403显示无权限；409触发重新拉取；网络失败保留缓存并标记可能过期,ui_action_scr_me_001_02,REQ-PUBLISHER-001,TST-PUBLISHER_001-HAPPY,FROZEN_DETAILED_V1.2.2,DETAIL_QUERY,页面主按钮/行操作/更多菜单/标准弹层，具体位置由模板和页面操作规格确定,页面具备读取权限且路由参数完整,网络可用且不存在同资源进行中的请求,路由参数、权限和页面状态有效,无业务请求体；仅使用路由/会话上下文,不需要,GET /api/v1/me/membership；请求模型 MembershipGetMeMembershipParameters；响应模型 MembershipGetMeMembershipResponse,同资源单写请求锁；状态机服务端复核,首次进入使用结构骨架；刷新保留当前内容并显示轻量刷新态,GET 可人工重试；缓存可作为只读降级但禁止基于过期数据执行写操作,留在当前页；资源不存在时返回上一级并从来源列表移除或标记,当前资源、来源列表、全局角标/余额/待办中与该领域相关的缓存；禁止无差别清空全部缓存,记录必要业务埋点；读取高敏字段时额外记录访问审计,遵循最小采集；仅记录业务标识和状态，不记录自由文本中的个人信息,GET 可展示明确标记的最近缓存；写操作离线时禁止提交，不进入隐式离线队列,MembershipGetMeMembershipResponse,READY_FOR_IMPLEMENTATION
ACT-ME-001-03,ANDROID,SCR-ME-001,我的首页,/me,奖励账户,页面进入、显式刷新、从后台恢复且缓存过期，或收到相关领域事件后触发,GET /api/v1/me/reward-account,rewardGetMeRewardAccount,RewardGetMeRewardAccountParameters,登录+实名,不要求,以服务端返回的 version 和状态覆盖详情；重算按钮显示/可用条件；记录页面曝光和请求 requestId,404显示资源不存在或已下架并提供返回；403显示无权限；409触发重新拉取；网络失败保留缓存并标记可能过期,ui_action_scr_me_001_03,REQ-PUBLISHER-001,TST-PUBLISHER_001-HAPPY,FROZEN_DETAILED_V1.2.2,DETAIL_QUERY,页面主按钮/行操作/更多菜单/标准弹层，具体位置由模板和页面操作规格确定,页面具备读取权限且路由参数完整,网络可用且不存在同资源进行中的请求,路由参数、权限和页面状态有效,无业务请求体；仅使用路由/会话上下文,不需要,GET /api/v1/me/reward-account；请求模型 RewardGetMeRewardAccountParameters；响应模型 RewardGetMeRewardAccountResponse,同资源单写请求锁；状态机服务端复核,首次进入使用结构骨架；刷新保留当前内容并显示轻量刷新态,GET 可人工重试；缓存可作为只读降级但禁止基于过期数据执行写操作,留在当前页；资源不存在时返回上一级并从来源列表移除或标记,当前资源、来源列表、全局角标/余额/待办中与该领域相关的缓存；禁止无差别清空全部缓存,记录必要业务埋点；读取高敏字段时额外记录访问审计,遵循最小采集；仅记录业务标识和状态，不记录自由文本中的个人信息,GET 可展示明确标记的最近缓存；写操作离线时禁止提交，不进入隐式离线队列,RewardGetMeRewardAccountResponse,READY_FOR_IMPLEMENTATION
ACT-ME-002-01,ANDROID,SCR-ME-002,个人资料,/me/profile,当前用户资料,页面进入、显式刷新、从后台恢复且缓存过期，或收到相关领域事件后触发,GET /api/v1/me,userGetMe,UserGetMeParameters,登录,不要求,以服务端返回的 version 和状态覆盖详情；重算按钮显示/可用条件；记录页面曝光和请求 requestId,404显示资源不存在或已下架并提供返回；403显示无权限；409触发重新拉取；网络失败保留缓存并标记可能过期,ui_action_scr_me_002_01,REQ-PUBLISHER-001,TST-PUBLISHER_001-HAPPY,FROZEN_DETAILED_V1.2.2,DETAIL_QUERY,页面主按钮/行操作/更多菜单/标准弹层，具体位置由模板和页面操作规格确定,页面具备读取权限且路由参数完整,网络可用且不存在同资源进行中的请求,路由参数、权限和页面状态有效,无业务请求体；仅使用路由/会话上下文,不需要,GET /api/v1/me；请求模型 UserGetMeParameters；响应模型 UserGetMeResponse,同资源单写请求锁；状态机服务端复核,首次进入使用结构骨架；刷新保留当前内容并显示轻量刷新态,GET 可人工重试；缓存可作为只读降级但禁止基于过期数据执行写操作,留在当前页；资源不存在时返回上一级并从来源列表移除或标记,当前资源、来源列表、全局角标/余额/待办中与该领域相关的缓存；禁止无差别清空全部缓存,记录必要业务埋点；读取高敏字段时额外记录访问审计,遵循最小采集；仅记录业务标识和状态，不记录自由文本中的个人信息,GET 可展示明确标记的最近缓存；写操作离线时禁止提交，不进入隐式离线队列,UserGetMeResponse,READY_FOR_IMPLEMENTATION
ACT-ME-002-02,ANDROID,SCR-ME-002,个人资料,/me/profile,修改头像昵称简介,用户显式点击操作入口，且本地字段校验、权限、状态机前置条件全部满足,PATCH /api/v1/me/profile,userPatchMeProfile,UserPatchMeProfileRequest,登录,X-Idempotency-Key必填,使用响应中的资源和 version 更新页面；清除已提交脏状态；展示“修改头像昵称简介成功”；刷新受影响列表、详情、余额或配置版本,400逐字段映射；401要求重新认证；403隐藏后续写入口并记录越权拒绝；409提示数据已变化并重新加载；422展示业务原因且保留输入；429显示可重试时间；500保留上下文并提供 requestId,ui_action_scr_me_002_02,REQ-PUBLISHER-001,TST-PUBLISHER_001-HAPPY;TST-PUBLISHER_001-IDEMPOTENT,FROZEN_DETAILED_V1.2.2,UPDATE,页面主按钮/行操作/更多菜单/标准弹层，具体位置由模板和页面操作规格确定,具备权限 登录，且资源状态允许“修改头像昵称简介”；按钮显示条件由页面状态表和状态机共同决定,不存在同资源写请求；必填字段有效；服务端 version 未被本地标记过期；需要审批时已选择审批单,"校验 X-Idempotency-Key,nickname,avatarMediaId,bio,expectedVersion；expectedVersion 必须等于页面最后一次成功读取的服务端版本；同一业务意图生成稳定 X-Idempotency-Key；请求体变化必须换键",X-Idempotency-Key;nickname;avatarMediaId;bio;expectedVersion,金额、权益或发布范围变化时二次确认；普通可撤销保存不需要,PATCH /api/v1/me/profile；请求模型 UserPatchMeProfileRequest；响应模型 UserPatchMeProfileResponse,expectedVersion 乐观锁 + X-Idempotency-Key + 服务端结果查询,提交期间锁定同资源写操作，保留输入并显示明确进度；禁止全页无反馈等待,使用同一幂等键仅重试同一请求体；若服务端已受理则先查询结果；409版本冲突不得盲重试,默认留在当前页并刷新；创建成功进入详情，支付/认证/发布结果按对应流程导航,当前资源、来源列表、全局角标/余额/待办中与该领域相关的缓存；禁止无差别清空全部缓存,记录必要业务埋点；读取高敏字段时额外记录访问审计,遵循最小采集；仅记录业务标识和状态，不记录自由文本中的个人信息,GET 可展示明确标记的最近缓存；写操作离线时禁止提交，不进入隐式离线队列,UserPatchMeProfileResponse,READY_FOR_IMPLEMENTATION
ACT-FAV-001-01,ANDROID,SCR-FAV-001,我的收藏,/me/favorites,收藏列表,页面首次进入、下拉刷新、筛选/排序变化或滚动触底时触发；相同查询条件避免并发重复请求,GET /api/v1/me/favorites,contentGetMeFavorites,ContentGetMeFavoritesParameters,登录,不要求,首屏替换数据，翻页仅追加去重；更新分页、筛选回显、总数/游标和最后刷新时间；空结果进入业务空状态,首屏失败显示全页错误与重试；刷新失败保留旧数据并提示；翻页失败保留已加载数据并提供行内重试；401跳登录或会话升级，403显示无权限，404不适用,ui_action_scr_fav_001_01,REQ-ACTIVITY-001,TST-ACTIVITY_001-HAPPY,FROZEN_DETAILED_V1.2.2,LIST_QUERY,页面主按钮/行操作/更多菜单/标准弹层，具体位置由模板和页面操作规格确定,页面具备读取权限；筛选项按数据范围和角色显示,网络可用；非正在刷新；翻页时 nextCursor/hasNext 为真,"校验 page,pageSize,cursor,status,keyword,sort",page;pageSize;cursor;status;keyword;sort,不需要,GET /api/v1/me/favorites；请求模型 ContentGetMeFavoritesParameters；响应模型 ContentGetMeFavoritesResponse,同资源单写请求锁；状态机服务端复核,首屏使用骨架屏；刷新保留现有数据；翻页使用列表尾部加载器,GET 可人工重试；网络瞬断最多指数退避自动重试 2 次；筛选变化取消旧请求,留在当前页；点击行/卡片按页面导航规格进入详情,当前资源、来源列表、全局角标/余额/待办中与该领域相关的缓存；禁止无差别清空全部缓存,记录必要业务埋点；读取高敏字段时额外记录访问审计,遵循最小采集；仅记录业务标识和状态，不记录自由文本中的个人信息,GET 可展示明确标记的最近缓存；写操作离线时禁止提交，不进入隐式离线队列,ContentGetMeFavoritesResponse,READY_FOR_IMPLEMENTATION
ACT-FAV-001-02,ANDROID,SCR-FAV-001,我的收藏,/me/favorites,取消收藏,用户显式点击操作入口，且本地字段校验、权限、状态机前置条件全部满足,DELETE /api/v1/contents/{id}/favorite,contentDeleteContentsByIdFavorite,ContentDeleteContentsByIdFavoriteParameters,登录,X-Idempotency-Key必填,按状态机更新资源并移除或禁用不再可用的操作；展示“取消收藏成功”；保留操作记录入口,400逐字段映射；401要求重新认证；403隐藏后续写入口并记录越权拒绝；409提示数据已变化并重新加载；422展示业务原因且保留输入；429显示可重试时间；500保留上下文并提供 requestId,ui_action_scr_fav_001_02,REQ-ACTIVITY-001,TST-ACTIVITY_001-HAPPY;TST-ACTIVITY_001-IDEMPOTENT,FROZEN_DETAILED_V1.2.2,DESTRUCTIVE_COMMAND,页面主按钮/行操作/更多菜单/标准弹层，具体位置由模板和页面操作规格确定,具备权限 登录，且资源状态允许“取消收藏”；按钮显示条件由页面状态表和状态机共同决定,不存在同资源写请求；必填字段有效；服务端 version 未被本地标记过期；需要审批时已选择审批单,"校验 id,X-Idempotency-Key,xIdempotencyKey；同一业务意图生成稳定 X-Idempotency-Key；请求体变化必须换键",id;X-Idempotency-Key;xIdempotencyKey,必须二次确认；确认框展示目标、影响、不可逆性、原因、审批要求和将触发的通知,DELETE /api/v1/contents/{id}/favorite；请求模型 ContentDeleteContentsByIdFavoriteParameters；响应模型 ContentDeleteContentsByIdFavoriteResponse,X-Idempotency-Key + 服务端结果查询,提交期间锁定同资源写操作，保留输入并显示明确进度；禁止全页无反馈等待,使用同一幂等键仅重试同一请求体；若服务端已受理则先查询结果；409版本冲突不得盲重试,默认留在当前页并刷新；创建成功进入详情，支付/认证/发布结果按对应流程导航,当前资源、来源列表、全局角标/余额/待办中与该领域相关的缓存；禁止无差别清空全部缓存,记录操作人、角色、目标、前后状态/版本、原因、审批单、requestId、IP/设备和结果,遵循最小采集；仅记录业务标识和状态，不记录自由文本中的个人信息,GET 可展示明确标记的最近缓存；写操作离线时禁止提交，不进入隐式离线队列,ContentDeleteContentsByIdFavoriteResponse,READY_FOR_IMPLEMENTATION
ACT-HIS-001-01,ANDROID,SCR-HIS-001,浏览记录,/me/history,浏览历史,页面首次进入、下拉刷新、筛选/排序变化或滚动触底时触发；相同查询条件避免并发重复请求,GET /api/v1/me/history,contentGetMeHistory,ContentGetMeHistoryParameters,登录,不要求,首屏替换数据，翻页仅追加去重；更新分页、筛选回显、总数/游标和最后刷新时间；空结果进入业务空状态,首屏失败显示全页错误与重试；刷新失败保留旧数据并提示；翻页失败保留已加载数据并提供行内重试；401跳登录或会话升级，403显示无权限，404不适用,ui_action_scr_his_001_01,REQ-ACTIVITY-001,TST-ACTIVITY_001-HAPPY,FROZEN_DETAILED_V1.2.2,LIST_QUERY,页面主按钮/行操作/更多菜单/标准弹层，具体位置由模板和页面操作规格确定,页面具备读取权限；筛选项按数据范围和角色显示,网络可用；非正在刷新；翻页时 nextCursor/hasNext 为真,"校验 page,pageSize,cursor,status,keyword,sort",page;pageSize;cursor;status;keyword;sort,不需要,GET /api/v1/me/history；请求模型 ContentGetMeHistoryParameters；响应模型 ContentGetMeHistoryResponse,同资源单写请求锁；状态机服务端复核,首屏使用骨架屏；刷新保留现有数据；翻页使用列表尾部加载器,GET 可人工重试；网络瞬断最多指数退避自动重试 2 次；筛选变化取消旧请求,留在当前页；点击行/卡片按页面导航规格进入详情,当前资源、来源列表、全局角标/余额/待办中与该领域相关的缓存；禁止无差别清空全部缓存,记录必要业务埋点；读取高敏字段时额外记录访问审计,遵循最小采集；仅记录业务标识和状态，不记录自由文本中的个人信息,GET 可展示明确标记的最近缓存；写操作离线时禁止提交，不进入隐式离线队列,ContentGetMeHistoryResponse,READY_FOR_IMPLEMENTATION
ACT-ORDER-001-01,ANDROID,SCR-ORDER-001,订单列表,/me/orders,订单列表,页面首次进入、下拉刷新、筛选/排序变化或滚动触底时触发；相同查询条件避免并发重复请求,GET /api/v1/me/orders,orderGetMeOrders,OrderGetMeOrdersParameters,登录,不要求,首屏替换数据，翻页仅追加去重；更新分页、筛选回显、总数/游标和最后刷新时间；空结果进入业务空状态,首屏失败显示全页错误与重试；刷新失败保留旧数据并提示；翻页失败保留已加载数据并提供行内重试；401跳登录或会话升级，403显示无权限，404不适用,ui_action_scr_order_001_01,REQ-ORDER-001;REQ-NOREFUND-001,TST-ORDER_001-HAPPY;TST-NOREFUND_001-HAPPY,FROZEN_DETAILED_V1.2.2,LIST_QUERY,页面主按钮/行操作/更多菜单/标准弹层，具体位置由模板和页面操作规格确定,页面具备读取权限；筛选项按数据范围和角色显示,网络可用；非正在刷新；翻页时 nextCursor/hasNext 为真,"校验 page,pageSize,cursor,status,keyword,sort",page;pageSize;cursor;status;keyword;sort,不需要,GET /api/v1/me/orders；请求模型 OrderGetMeOrdersParameters；响应模型 OrderGetMeOrdersResponse,同资源单写请求锁；状态机服务端复核,首屏使用骨架屏；刷新保留现有数据；翻页使用列表尾部加载器,GET 可人工重试；网络瞬断最多指数退避自动重试 2 次；筛选变化取消旧请求,留在当前页；点击行/卡片按页面导航规格进入详情,当前资源、来源列表、全局角标/余额/待办中与该领域相关的缓存；禁止无差别清空全部缓存,记录必要业务埋点；读取高敏字段时额外记录访问审计,遵循最小采集；仅记录业务标识和状态，不记录自由文本中的个人信息,GET 可展示明确标记的最近缓存；写操作离线时禁止提交，不进入隐式离线队列,OrderGetMeOrdersResponse,READY_FOR_IMPLEMENTATION
ACT-ORDER-002-01,ANDROID,SCR-ORDER-002,订单详情,/me/orders/{id},订单详情,页面进入、显式刷新、从后台恢复且缓存过期，或收到相关领域事件后触发,GET /api/v1/me/orders/{orderNo},orderGetMeOrdersByOrderno,OrderGetMeOrdersByOrdernoParameters,登录,不要求,以服务端返回的 version 和状态覆盖详情；重算按钮显示/可用条件；记录页面曝光和请求 requestId,404显示资源不存在或已下架并提供返回；403显示无权限；409触发重新拉取；网络失败保留缓存并标记可能过期,ui_action_scr_order_002_01,REQ-ORDER-001;REQ-NOREFUND-001,TST-ORDER_001-HAPPY;TST-NOREFUND_001-HAPPY,FROZEN_DETAILED_V1.2.2,DETAIL_QUERY,页面主按钮/行操作/更多菜单/标准弹层，具体位置由模板和页面操作规格确定,页面具备读取权限且路由参数完整,网络可用且不存在同资源进行中的请求,校验 orderNo,orderNo,不需要,GET /api/v1/me/orders/{orderNo}；请求模型 OrderGetMeOrdersByOrdernoParameters；响应模型 OrderGetMeOrdersByOrdernoResponse,同资源单写请求锁；状态机服务端复核,首次进入使用结构骨架；刷新保留当前内容并显示轻量刷新态,GET 可人工重试；缓存可作为只读降级但禁止基于过期数据执行写操作,留在当前页；资源不存在时返回上一级并从来源列表移除或标记,当前资源、来源列表、全局角标/余额/待办中与该领域相关的缓存；禁止无差别清空全部缓存,记录必要业务埋点；读取高敏字段时额外记录访问审计,遵循最小采集；仅记录业务标识和状态，不记录自由文本中的个人信息,GET 可展示明确标记的最近缓存；写操作离线时禁止提交，不进入隐式离线队列,OrderGetMeOrdersByOrdernoResponse,READY_FOR_IMPLEMENTATION
ACT-MEMBER-001-01,ANDROID,SCR-MEMBER-001,会员中心,/me/membership,会员SKU和权益,页面首次进入、下拉刷新、筛选/排序变化或滚动触底时触发；相同查询条件避免并发重复请求,GET /api/v1/membership/skus,membershipGetMembershipSkus,MembershipGetMembershipSkusParameters,登录,不要求,首屏替换数据，翻页仅追加去重；更新分页、筛选回显、总数/游标和最后刷新时间；空结果进入业务空状态,首屏失败显示全页错误与重试；刷新失败保留旧数据并提示；翻页失败保留已加载数据并提供行内重试；401跳登录或会话升级，403显示无权限，404不适用,ui_action_scr_member_001_01,REQ-MEMBER-001;REQ-MEMBER-002;REQ-MEMBER-003,TST-MEMBER_001-HAPPY;TST-MEMBER_002-HAPPY;TST-MEMBER_003-HAPPY,FROZEN_DETAILED_V1.2.2,LIST_QUERY,页面主按钮/行操作/更多菜单/标准弹层，具体位置由模板和页面操作规格确定,页面具备读取权限；筛选项按数据范围和角色显示,网络可用；非正在刷新；翻页时 nextCursor/hasNext 为真,"校验 page,pageSize,cursor,status,keyword,sort",page;pageSize;cursor;status;keyword;sort,不需要,GET /api/v1/membership/skus；请求模型 MembershipGetMembershipSkusParameters；响应模型 MembershipGetMembershipSkusResponse,同资源单写请求锁；状态机服务端复核,首屏使用骨架屏；刷新保留现有数据；翻页使用列表尾部加载器,GET 可人工重试；网络瞬断最多指数退避自动重试 2 次；筛选变化取消旧请求,留在当前页；点击行/卡片按页面导航规格进入详情,当前资源、来源列表、全局角标/余额/待办中与该领域相关的缓存；禁止无差别清空全部缓存,记录必要业务埋点；读取高敏字段时额外记录访问审计,遵循最小采集；仅记录业务标识和状态，不记录自由文本中的个人信息,GET 可展示明确标记的最近缓存；写操作离线时禁止提交，不进入隐式离线队列,MembershipGetMembershipSkusResponse,READY_FOR_IMPLEMENTATION
ACT-MEMBER-001-02,ANDROID,SCR-MEMBER-001,会员中心,/me/membership,当前会员,页面进入、显式刷新、从后台恢复且缓存过期，或收到相关领域事件后触发,GET /api/v1/me/membership,membershipGetMeMembership,MembershipGetMeMembershipParameters,登录,不要求,以服务端返回的 version 和状态覆盖详情；重算按钮显示/可用条件；记录页面曝光和请求 requestId,404显示资源不存在或已下架并提供返回；403显示无权限；409触发重新拉取；网络失败保留缓存并标记可能过期,ui_action_scr_member_001_02,REQ-MEMBER-001;REQ-MEMBER-002;REQ-MEMBER-003,TST-MEMBER_001-HAPPY;TST-MEMBER_002-HAPPY;TST-MEMBER_003-HAPPY,FROZEN_DETAILED_V1.2.2,DETAIL_QUERY,页面主按钮/行操作/更多菜单/标准弹层，具体位置由模板和页面操作规格确定,页面具备读取权限且路由参数完整,网络可用且不存在同资源进行中的请求,路由参数、权限和页面状态有效,无业务请求体；仅使用路由/会话上下文,不需要,GET /api/v1/me/membership；请求模型 MembershipGetMeMembershipParameters；响应模型 MembershipGetMeMembershipResponse,同资源单写请求锁；状态机服务端复核,首次进入使用结构骨架；刷新保留当前内容并显示轻量刷新态,GET 可人工重试；缓存可作为只读降级但禁止基于过期数据执行写操作,留在当前页；资源不存在时返回上一级并从来源列表移除或标记,当前资源、来源列表、全局角标/余额/待办中与该领域相关的缓存；禁止无差别清空全部缓存,记录必要业务埋点；读取高敏字段时额外记录访问审计,遵循最小采集；仅记录业务标识和状态，不记录自由文本中的个人信息,GET 可展示明确标记的最近缓存；写操作离线时禁止提交，不进入隐式离线队列,MembershipGetMeMembershipResponse,READY_FOR_IMPLEMENTATION
ACT-MEMBER-002-01,ANDROID,SCR-MEMBER-002,会员购买确认,/me/membership/buy/{skuId},会员SKU和权益,页面首次进入、下拉刷新、筛选/排序变化或滚动触底时触发；相同查询条件避免并发重复请求,GET /api/v1/membership/skus,membershipGetMembershipSkus,MembershipGetMembershipSkusParameters,登录,不要求,首屏替换数据，翻页仅追加去重；更新分页、筛选回显、总数/游标和最后刷新时间；空结果进入业务空状态,首屏失败显示全页错误与重试；刷新失败保留旧数据并提示；翻页失败保留已加载数据并提供行内重试；401跳登录或会话升级，403显示无权限，404不适用,ui_action_scr_member_002_01,REQ-MEMBER-001;REQ-MEMBER-002;REQ-MEMBER-003,TST-MEMBER_001-HAPPY;TST-MEMBER_002-HAPPY;TST-MEMBER_003-HAPPY,FROZEN_DETAILED_V1.2.2,LIST_QUERY,页面主按钮/行操作/更多菜单/标准弹层，具体位置由模板和页面操作规格确定,页面具备读取权限；筛选项按数据范围和角色显示,网络可用；非正在刷新；翻页时 nextCursor/hasNext 为真,"校验 page,pageSize,cursor,status,keyword,sort",page;pageSize;cursor;status;keyword;sort,不需要,GET /api/v1/membership/skus；请求模型 MembershipGetMembershipSkusParameters；响应模型 MembershipGetMembershipSkusResponse,同资源单写请求锁；状态机服务端复核,首屏使用骨架屏；刷新保留现有数据；翻页使用列表尾部加载器,GET 可人工重试；网络瞬断最多指数退避自动重试 2 次；筛选变化取消旧请求,留在当前页；点击行/卡片按页面导航规格进入详情,当前资源、来源列表、全局角标/余额/待办中与该领域相关的缓存；禁止无差别清空全部缓存,记录必要业务埋点；读取高敏字段时额外记录访问审计,遵循最小采集；仅记录业务标识和状态，不记录自由文本中的个人信息,GET 可展示明确标记的最近缓存；写操作离线时禁止提交，不进入隐式离线队列,MembershipGetMembershipSkusResponse,READY_FOR_IMPLEMENTATION
ACT-MEMBER-002-02,ANDROID,SCR-MEMBER-002,会员购买确认,/me/membership/buy/{skuId},创建会员购买订单,用户显式点击操作入口，且本地字段校验、权限、状态机前置条件全部满足,POST /api/v1/membership/orders,membershipPostMembershipOrders,MembershipPostMembershipOrdersRequest,登录,X-Idempotency-Key必填,使用响应中的资源和 version 更新页面；清除已提交脏状态；展示“创建会员购买订单成功”；刷新受影响列表、详情、余额或配置版本,400逐字段映射；401要求重新认证；403隐藏后续写入口并记录越权拒绝；409提示数据已变化并重新加载；422展示业务原因且保留输入；429显示可重试时间；500保留上下文并提供 requestId,ui_action_scr_member_002_02,REQ-MEMBER-001;REQ-MEMBER-002;REQ-MEMBER-003,TST-MEMBER_001-HAPPY;TST-MEMBER_002-HAPPY;TST-MEMBER_003-HAPPY;TST-MEMBER_001-IDEMPOTENT;TST-MEMBER_002-IDEMPOTENT;TST-MEMBER_003-IDEMPOTENT,FROZEN_DETAILED_V1.2.2,CREATE_OR_SUBMIT,页面主按钮/行操作/更多菜单/标准弹层，具体位置由模板和页面操作规格确定,具备权限 登录，且资源状态允许“创建会员购买订单”；按钮显示条件由页面状态表和状态机共同决定,不存在同资源写请求；必填字段有效；服务端 version 未被本地标记过期；需要审批时已选择审批单,"校验 X-Idempotency-Key,skuId,paymentChannel；同一业务意图生成稳定 X-Idempotency-Key；请求体变化必须换键",X-Idempotency-Key;skuId;paymentChannel,金额、权益或发布范围变化时二次确认；普通可撤销保存不需要,POST /api/v1/membership/orders；请求模型 MembershipPostMembershipOrdersRequest；响应模型 MembershipPostMembershipOrdersResponse,X-Idempotency-Key + 服务端结果查询,提交期间锁定同资源写操作，保留输入并显示明确进度；禁止全页无反馈等待,使用同一幂等键仅重试同一请求体；若服务端已受理则先查询结果；409版本冲突不得盲重试,默认留在当前页并刷新；创建成功进入详情，支付/认证/发布结果按对应流程导航,当前资源、来源列表、全局角标/余额/待办中与该领域相关的缓存；禁止无差别清空全部缓存,记录必要业务埋点；读取高敏字段时额外记录访问审计,遵循最小采集；仅记录业务标识和状态，不记录自由文本中的个人信息,GET 可展示明确标记的最近缓存；写操作离线时禁止提交，不进入隐式离线队列,MembershipPostMembershipOrdersResponse,READY_FOR_IMPLEMENTATION
ACT-MEMBER-003-01,ANDROID,SCR-MEMBER-003,会员升级,/me/membership/upgrade,生成升级报价,用户显式点击操作入口，且本地字段校验、权限、状态机前置条件全部满足,POST /api/v1/membership/upgrade-quotes,membershipPostMembershipUpgradeQuotes,MembershipPostMembershipUpgradeQuotesRequest,登录,X-Idempotency-Key必填,以响应数据更新页面和关联缓存；展示“生成升级报价成功”；仅刷新受影响区域,400逐字段映射；401要求重新认证；403隐藏后续写入口并记录越权拒绝；409提示数据已变化并重新加载；422展示业务原因且保留输入；429显示可重试时间；500保留上下文并提供 requestId,ui_action_scr_member_003_01,REQ-MEMBER-001;REQ-MEMBER-002;REQ-MEMBER-003,TST-MEMBER_001-HAPPY;TST-MEMBER_002-HAPPY;TST-MEMBER_003-HAPPY;TST-MEMBER_001-IDEMPOTENT;TST-MEMBER_002-IDEMPOTENT;TST-MEMBER_003-IDEMPOTENT,FROZEN_DETAILED_V1.2.2,CREATE_OR_SUBMIT,页面主按钮/行操作/更多菜单/标准弹层，具体位置由模板和页面操作规格确定,具备权限 登录，且资源状态允许“生成升级报价”；按钮显示条件由页面状态表和状态机共同决定,不存在同资源写请求；必填字段有效；服务端 version 未被本地标记过期；需要审批时已选择审批单,"校验 X-Idempotency-Key,targetSkuId；同一业务意图生成稳定 X-Idempotency-Key；请求体变化必须换键",X-Idempotency-Key;targetSkuId,金额、权益或发布范围变化时二次确认；普通可撤销保存不需要,POST /api/v1/membership/upgrade-quotes；请求模型 MembershipPostMembershipUpgradeQuotesRequest；响应模型 MembershipPostMembershipUpgradeQuotesResponse,X-Idempotency-Key + 服务端结果查询,提交期间锁定同资源写操作，保留输入并显示明确进度；禁止全页无反馈等待,使用同一幂等键仅重试同一请求体；若服务端已受理则先查询结果；409版本冲突不得盲重试,默认留在当前页并刷新；创建成功进入详情，支付/认证/发布结果按对应流程导航,当前资源、来源列表、全局角标/余额/待办中与该领域相关的缓存；禁止无差别清空全部缓存,记录必要业务埋点；读取高敏字段时额外记录访问审计,遵循最小采集；仅记录业务标识和状态，不记录自由文本中的个人信息,GET 可展示明确标记的最近缓存；写操作离线时禁止提交，不进入隐式离线队列,MembershipPostMembershipUpgradeQuotesResponse,READY_FOR_IMPLEMENTATION
ACT-MEMBER-003-02,ANDROID,SCR-MEMBER-003,会员升级,/me/membership/upgrade,创建升级订单,用户显式点击操作入口，且本地字段校验、权限、状态机前置条件全部满足,POST /api/v1/membership/upgrade-orders,membershipPostMembershipUpgradeOrders,MembershipPostMembershipUpgradeOrdersRequest,登录,X-Idempotency-Key必填,使用响应中的资源和 version 更新页面；清除已提交脏状态；展示“创建升级订单成功”；刷新受影响列表、详情、余额或配置版本,400逐字段映射；401要求重新认证；403隐藏后续写入口并记录越权拒绝；409提示数据已变化并重新加载；422展示业务原因且保留输入；429显示可重试时间；500保留上下文并提供 requestId,ui_action_scr_member_003_02,REQ-MEMBER-001;REQ-MEMBER-002;REQ-MEMBER-003,TST-MEMBER_001-HAPPY;TST-MEMBER_002-HAPPY;TST-MEMBER_003-HAPPY;TST-MEMBER_001-IDEMPOTENT;TST-MEMBER_002-IDEMPOTENT;TST-MEMBER_003-IDEMPOTENT,FROZEN_DETAILED_V1.2.2,CREATE_OR_SUBMIT,页面主按钮/行操作/更多菜单/标准弹层，具体位置由模板和页面操作规格确定,具备权限 登录，且资源状态允许“创建升级订单”；按钮显示条件由页面状态表和状态机共同决定,不存在同资源写请求；必填字段有效；服务端 version 未被本地标记过期；需要审批时已选择审批单,"校验 X-Idempotency-Key,quoteId,paymentChannel；同一业务意图生成稳定 X-Idempotency-Key；请求体变化必须换键",X-Idempotency-Key;quoteId;paymentChannel,金额、权益或发布范围变化时二次确认；普通可撤销保存不需要,POST /api/v1/membership/upgrade-orders；请求模型 MembershipPostMembershipUpgradeOrdersRequest；响应模型 MembershipPostMembershipUpgradeOrdersResponse,X-Idempotency-Key + 服务端结果查询,提交期间锁定同资源写操作，保留输入并显示明确进度；禁止全页无反馈等待,使用同一幂等键仅重试同一请求体；若服务端已受理则先查询结果；409版本冲突不得盲重试,默认留在当前页并刷新；创建成功进入详情，支付/认证/发布结果按对应流程导航,当前资源、来源列表、全局角标/余额/待办中与该领域相关的缓存；禁止无差别清空全部缓存,记录必要业务埋点；读取高敏字段时额外记录访问审计,遵循最小采集；仅记录业务标识和状态，不记录自由文本中的个人信息,GET 可展示明确标记的最近缓存；写操作离线时禁止提交，不进入隐式离线队列,MembershipPostMembershipUpgradeOrdersResponse,READY_FOR_IMPLEMENTATION
ACT-MEMBER-004-01,ANDROID,SCR-MEMBER-004,会员权益明细,/me/membership/benefits,当前会员,页面进入、显式刷新、从后台恢复且缓存过期，或收到相关领域事件后触发,GET /api/v1/me/membership,membershipGetMeMembership,MembershipGetMeMembershipParameters,登录,不要求,以服务端返回的 version 和状态覆盖详情；重算按钮显示/可用条件；记录页面曝光和请求 requestId,404显示资源不存在或已下架并提供返回；403显示无权限；409触发重新拉取；网络失败保留缓存并标记可能过期,ui_action_scr_member_004_01,REQ-MEMBER-001;REQ-MEMBER-002;REQ-MEMBER-003,TST-MEMBER_001-HAPPY;TST-MEMBER_002-HAPPY;TST-MEMBER_003-HAPPY,FROZEN_DETAILED_V1.2.2,DETAIL_QUERY,页面主按钮/行操作/更多菜单/标准弹层，具体位置由模板和页面操作规格确定,页面具备读取权限且路由参数完整,网络可用且不存在同资源进行中的请求,路由参数、权限和页面状态有效,无业务请求体；仅使用路由/会话上下文,不需要,GET /api/v1/me/membership；请求模型 MembershipGetMeMembershipParameters；响应模型 MembershipGetMeMembershipResponse,同资源单写请求锁；状态机服务端复核,首次进入使用结构骨架；刷新保留当前内容并显示轻量刷新态,GET 可人工重试；缓存可作为只读降级但禁止基于过期数据执行写操作,留在当前页；资源不存在时返回上一级并从来源列表移除或标记,当前资源、来源列表、全局角标/余额/待办中与该领域相关的缓存；禁止无差别清空全部缓存,记录必要业务埋点；读取高敏字段时额外记录访问审计,遵循最小采集；仅记录业务标识和状态，不记录自由文本中的个人信息,GET 可展示明确标记的最近缓存；写操作离线时禁止提交，不进入隐式离线队列,MembershipGetMeMembershipResponse,READY_FOR_IMPLEMENTATION
ACT-PROP-001-01,ANDROID,SCR-PROP-001,道具商城,/me/props/store,道具商城,页面首次进入、下拉刷新、筛选/排序变化或滚动触底时触发；相同查询条件避免并发重复请求,GET /api/v1/props/store,propGetPropsStore,PropGetPropsStoreParameters,登录,不要求,首屏替换数据，翻页仅追加去重；更新分页、筛选回显、总数/游标和最后刷新时间；空结果进入业务空状态,首屏失败显示全页错误与重试；刷新失败保留旧数据并提示；翻页失败保留已加载数据并提供行内重试；401跳登录或会话升级，403显示无权限，404不适用,ui_action_scr_prop_001_01,REQ-PROP-001;REQ-PROP-002,TST-PROP_001-HAPPY;TST-PROP_002-HAPPY,FROZEN_DETAILED_V1.2.2,LIST_QUERY,页面主按钮/行操作/更多菜单/标准弹层，具体位置由模板和页面操作规格确定,页面具备读取权限；筛选项按数据范围和角色显示,网络可用；非正在刷新；翻页时 nextCursor/hasNext 为真,"校验 page,pageSize,cursor,status,keyword,sort",page;pageSize;cursor;status;keyword;sort,不需要,GET /api/v1/props/store；请求模型 PropGetPropsStoreParameters；响应模型 PropGetPropsStoreResponse,同资源单写请求锁；状态机服务端复核,首屏使用骨架屏；刷新保留现有数据；翻页使用列表尾部加载器,GET 可人工重试；网络瞬断最多指数退避自动重试 2 次；筛选变化取消旧请求,留在当前页；点击行/卡片按页面导航规格进入详情,当前资源、来源列表、全局角标/余额/待办中与该领域相关的缓存；禁止无差别清空全部缓存,记录必要业务埋点；读取高敏字段时额外记录访问审计,遵循最小采集；仅记录业务标识和状态，不记录自由文本中的个人信息,GET 可展示明确标记的最近缓存；写操作离线时禁止提交，不进入隐式离线队列,PropGetPropsStoreResponse,READY_FOR_IMPLEMENTATION
ACT-PROP-001-02,ANDROID,SCR-PROP-001,道具商城,/me/props/store,购买道具订单,用户显式点击操作入口，且本地字段校验、权限、状态机前置条件全部满足,POST /api/v1/props/orders,propPostPropsOrders,PropPostPropsOrdersRequest,登录,X-Idempotency-Key必填,以响应数据更新页面和关联缓存；展示“购买道具订单成功”；仅刷新受影响区域,400逐字段映射；401要求重新认证；403隐藏后续写入口并记录越权拒绝；409提示数据已变化并重新加载；422展示业务原因且保留输入；429显示可重试时间；500保留上下文并提供 requestId,ui_action_scr_prop_001_02,REQ-PROP-001;REQ-PROP-002,TST-PROP_001-HAPPY;TST-PROP_002-HAPPY;TST-PROP_001-IDEMPOTENT;TST-PROP_002-IDEMPOTENT,FROZEN_DETAILED_V1.2.2,CREATE_OR_SUBMIT,页面主按钮/行操作/更多菜单/标准弹层，具体位置由模板和页面操作规格确定,具备权限 登录，且资源状态允许“购买道具订单”；按钮显示条件由页面状态表和状态机共同决定,不存在同资源写请求；必填字段有效；服务端 version 未被本地标记过期；需要审批时已选择审批单,"校验 X-Idempotency-Key,skuId,quantity,paymentChannel；同一业务意图生成稳定 X-Idempotency-Key；请求体变化必须换键",X-Idempotency-Key;skuId;quantity;paymentChannel,金额、权益或发布范围变化时二次确认；普通可撤销保存不需要,POST /api/v1/props/orders；请求模型 PropPostPropsOrdersRequest；响应模型 PropPostPropsOrdersResponse,X-Idempotency-Key + 服务端结果查询,提交期间锁定同资源写操作，保留输入并显示明确进度；禁止全页无反馈等待,使用同一幂等键仅重试同一请求体；若服务端已受理则先查询结果；409版本冲突不得盲重试,默认留在当前页并刷新；创建成功进入详情，支付/认证/发布结果按对应流程导航,当前资源、来源列表、全局角标/余额/待办中与该领域相关的缓存；禁止无差别清空全部缓存,记录必要业务埋点；读取高敏字段时额外记录访问审计,遵循最小采集；仅记录业务标识和状态，不记录自由文本中的个人信息,GET 可展示明确标记的最近缓存；写操作离线时禁止提交，不进入隐式离线队列,PropPostPropsOrdersResponse,READY_FOR_IMPLEMENTATION
ACT-PROP-002-01,ANDROID,SCR-PROP-002,我的道具,/me/props,我的道具,页面首次进入、下拉刷新、筛选/排序变化或滚动触底时触发；相同查询条件避免并发重复请求,GET /api/v1/me/props,propGetMeProps,PropGetMePropsParameters,登录,不要求,首屏替换数据，翻页仅追加去重；更新分页、筛选回显、总数/游标和最后刷新时间；空结果进入业务空状态,首屏失败显示全页错误与重试；刷新失败保留旧数据并提示；翻页失败保留已加载数据并提供行内重试；401跳登录或会话升级，403显示无权限，404不适用,ui_action_scr_prop_002_01,REQ-PROP-001;REQ-PROP-002,TST-PROP_001-HAPPY;TST-PROP_002-HAPPY,FROZEN_DETAILED_V1.2.2,LIST_QUERY,页面主按钮/行操作/更多菜单/标准弹层，具体位置由模板和页面操作规格确定,页面具备读取权限；筛选项按数据范围和角色显示,网络可用；非正在刷新；翻页时 nextCursor/hasNext 为真,"校验 page,pageSize,cursor,status,keyword,sort",page;pageSize;cursor;status;keyword;sort,不需要,GET /api/v1/me/props；请求模型 PropGetMePropsParameters；响应模型 PropGetMePropsResponse,同资源单写请求锁；状态机服务端复核,首屏使用骨架屏；刷新保留现有数据；翻页使用列表尾部加载器,GET 可人工重试；网络瞬断最多指数退避自动重试 2 次；筛选变化取消旧请求,留在当前页；点击行/卡片按页面导航规格进入详情,当前资源、来源列表、全局角标/余额/待办中与该领域相关的缓存；禁止无差别清空全部缓存,记录必要业务埋点；读取高敏字段时额外记录访问审计,遵循最小采集；仅记录业务标识和状态，不记录自由文本中的个人信息,GET 可展示明确标记的最近缓存；写操作离线时禁止提交，不进入隐式离线队列,PropGetMePropsResponse,READY_FOR_IMPLEMENTATION
ACT-PROP-003-01,ANDROID,SCR-PROP-003,使用道具,/me/props/use/{id},我的道具,页面首次进入、下拉刷新、筛选/排序变化或滚动触底时触发；相同查询条件避免并发重复请求,GET /api/v1/me/props,propGetMeProps,PropGetMePropsParameters,登录,不要求,首屏替换数据，翻页仅追加去重；更新分页、筛选回显、总数/游标和最后刷新时间；空结果进入业务空状态,首屏失败显示全页错误与重试；刷新失败保留旧数据并提示；翻页失败保留已加载数据并提供行内重试；401跳登录或会话升级，403显示无权限，404不适用,ui_action_scr_prop_003_01,REQ-PROP-001;REQ-PROP-002,TST-PROP_001-HAPPY;TST-PROP_002-HAPPY,FROZEN_DETAILED_V1.2.2,LIST_QUERY,页面主按钮/行操作/更多菜单/标准弹层，具体位置由模板和页面操作规格确定,页面具备读取权限；筛选项按数据范围和角色显示,网络可用；非正在刷新；翻页时 nextCursor/hasNext 为真,"校验 page,pageSize,cursor,status,keyword,sort",page;pageSize;cursor;status;keyword;sort,不需要,GET /api/v1/me/props；请求模型 PropGetMePropsParameters；响应模型 PropGetMePropsResponse,同资源单写请求锁；状态机服务端复核,首屏使用骨架屏；刷新保留现有数据；翻页使用列表尾部加载器,GET 可人工重试；网络瞬断最多指数退避自动重试 2 次；筛选变化取消旧请求,留在当前页；点击行/卡片按页面导航规格进入详情,当前资源、来源列表、全局角标/余额/待办中与该领域相关的缓存；禁止无差别清空全部缓存,记录必要业务埋点；读取高敏字段时额外记录访问审计,遵循最小采集；仅记录业务标识和状态，不记录自由文本中的个人信息,GET 可展示明确标记的最近缓存；写操作离线时禁止提交，不进入隐式离线队列,PropGetMePropsResponse,READY_FOR_IMPLEMENTATION
ACT-PROP-003-02,ANDROID,SCR-PROP-003,使用道具,/me/props/use/{id},使用道具,用户显式点击操作入口，且本地字段校验、权限、状态机前置条件全部满足,POST /api/v1/me/props/{id}/use,propPostMePropsByIdUse,PropPostMePropsByIdUseRequest,登录+所有者,X-Idempotency-Key必填,以响应数据更新页面和关联缓存；展示“使用道具成功”；仅刷新受影响区域,400逐字段映射；401要求重新认证；403隐藏后续写入口并记录越权拒绝；409提示数据已变化并重新加载；422展示业务原因且保留输入；429显示可重试时间；500保留上下文并提供 requestId,ui_action_scr_prop_003_02,REQ-PROP-001;REQ-PROP-002,TST-PROP_001-HAPPY;TST-PROP_002-HAPPY;TST-PROP_001-IDEMPOTENT;TST-PROP_002-IDEMPOTENT,FROZEN_DETAILED_V1.2.2,CREATE_OR_SUBMIT,页面主按钮/行操作/更多菜单/标准弹层，具体位置由模板和页面操作规格确定,具备权限 登录+所有者，且资源状态允许“使用道具”；按钮显示条件由页面状态表和状态机共同决定,不存在同资源写请求；必填字段有效；服务端 version 未被本地标记过期；需要审批时已选择审批单,"校验 id,X-Idempotency-Key,targetContentId,scheduledAt,expectedVersion；expectedVersion 必须等于页面最后一次成功读取的服务端版本；同一业务意图生成稳定 X-Idempotency-Key；请求体变化必须换键",id;X-Idempotency-Key;targetContentId;scheduledAt;expectedVersion,金额、权益或发布范围变化时二次确认；普通可撤销保存不需要,POST /api/v1/me/props/{id}/use；请求模型 PropPostMePropsByIdUseRequest；响应模型 PropPostMePropsByIdUseResponse,expectedVersion 乐观锁 + X-Idempotency-Key + 服务端结果查询,提交期间锁定同资源写操作，保留输入并显示明确进度；禁止全页无反馈等待,使用同一幂等键仅重试同一请求体；若服务端已受理则先查询结果；409版本冲突不得盲重试,默认留在当前页并刷新；创建成功进入详情，支付/认证/发布结果按对应流程导航,当前资源、来源列表、全局角标/余额/待办中与该领域相关的缓存；禁止无差别清空全部缓存,记录必要业务埋点；读取高敏字段时额外记录访问审计,遵循最小采集；仅记录业务标识和状态，不记录自由文本中的个人信息,GET 可展示明确标记的最近缓存；写操作离线时禁止提交，不进入隐式离线队列,PropPostMePropsByIdUseResponse,READY_FOR_IMPLEMENTATION
ACT-REF-001-01,ANDROID,SCR-REF-001,推广中心,/me/referral,推广概览,页面首次进入、下拉刷新、筛选/排序变化或滚动触底时触发；相同查询条件避免并发重复请求,GET /api/v1/me/referral/overview,referralGetMeReferralOverview,ReferralGetMeReferralOverviewParameters,登录+实名,不要求,首屏替换数据，翻页仅追加去重；更新分页、筛选回显、总数/游标和最后刷新时间；空结果进入业务空状态,首屏失败显示全页错误与重试；刷新失败保留旧数据并提示；翻页失败保留已加载数据并提供行内重试；401跳登录或会话升级，403显示无权限，404不适用,ui_action_scr_ref_001_01,REQ-REF-001;REQ-REF-002;REQ-REF-ACT-001;REQ-REF-ACT-002,TST-REF_001-HAPPY;TST-REF_002-HAPPY;TST-REF_ACT_001-HAPPY;TST-REF_ACT_002-HAPPY,FROZEN_DETAILED_V1.2.2,LIST_QUERY,页面主按钮/行操作/更多菜单/标准弹层，具体位置由模板和页面操作规格确定,页面具备读取权限；筛选项按数据范围和角色显示,网络可用；非正在刷新；翻页时 nextCursor/hasNext 为真,路由参数、权限和页面状态有效,无业务请求体；仅使用路由/会话上下文,不需要,GET /api/v1/me/referral/overview；请求模型 ReferralGetMeReferralOverviewParameters；响应模型 ReferralGetMeReferralOverviewResponse,同资源单写请求锁；状态机服务端复核,首屏使用骨架屏；刷新保留现有数据；翻页使用列表尾部加载器,GET 可人工重试；网络瞬断最多指数退避自动重试 2 次；筛选变化取消旧请求,留在当前页；点击行/卡片按页面导航规格进入详情,当前资源、来源列表、全局角标/余额/待办中与该领域相关的缓存；禁止无差别清空全部缓存,记录必要业务埋点；读取高敏字段时额外记录访问审计,遵循最小采集；仅记录业务标识和状态，不记录自由文本中的个人信息,GET 可展示明确标记的最近缓存；写操作离线时禁止提交，不进入隐式离线队列,ReferralGetMeReferralOverviewResponse,READY_FOR_IMPLEMENTATION
ACT-REF-002-01,ANDROID,SCR-REF-002,邀请好友,/me/referral/invite,邀请链接二维码文案,页面首次进入、下拉刷新、筛选/排序变化或滚动触底时触发；相同查询条件避免并发重复请求,GET /api/v1/me/referral/invite-assets,referralGetMeReferralInviteAssets,ReferralGetMeReferralInviteAssetsParameters,登录+实名,不要求,首屏替换数据，翻页仅追加去重；更新分页、筛选回显、总数/游标和最后刷新时间；空结果进入业务空状态,首屏失败显示全页错误与重试；刷新失败保留旧数据并提示；翻页失败保留已加载数据并提供行内重试；401跳登录或会话升级，403显示无权限，404不适用,ui_action_scr_ref_002_01,REQ-REF-001;REQ-REF-002;REQ-REF-ACT-001;REQ-REF-ACT-002,TST-REF_001-HAPPY;TST-REF_002-HAPPY;TST-REF_ACT_001-HAPPY;TST-REF_ACT_002-HAPPY,FROZEN_DETAILED_V1.2.2,LIST_QUERY,页面主按钮/行操作/更多菜单/标准弹层，具体位置由模板和页面操作规格确定,页面具备读取权限；筛选项按数据范围和角色显示,网络可用；非正在刷新；翻页时 nextCursor/hasNext 为真,"校验 page,pageSize,cursor,status,keyword,sort",page;pageSize;cursor;status;keyword;sort,不需要,GET /api/v1/me/referral/invite-assets；请求模型 ReferralGetMeReferralInviteAssetsParameters；响应模型 ReferralGetMeReferralInviteAssetsResponse,同资源单写请求锁；状态机服务端复核,首屏使用骨架屏；刷新保留现有数据；翻页使用列表尾部加载器,GET 可人工重试；网络瞬断最多指数退避自动重试 2 次；筛选变化取消旧请求,留在当前页；点击行/卡片按页面导航规格进入详情,当前资源、来源列表、全局角标/余额/待办中与该领域相关的缓存；禁止无差别清空全部缓存,记录必要业务埋点；读取高敏字段时额外记录访问审计,遵循最小采集；仅记录业务标识和状态，不记录自由文本中的个人信息,GET 可展示明确标记的最近缓存；写操作离线时禁止提交，不进入隐式离线队列,ReferralGetMeReferralInviteAssetsResponse,READY_FOR_IMPLEMENTATION
ACT-REF-003-01,ANDROID,SCR-REF-003,邀请海报,/me/referral/posters,海报模板,页面首次进入、下拉刷新、筛选/排序变化或滚动触底时触发；相同查询条件避免并发重复请求,GET /api/v1/me/referral/posters,referralGetMeReferralPosters,ReferralGetMeReferralPostersParameters,登录+实名,不要求,首屏替换数据，翻页仅追加去重；更新分页、筛选回显、总数/游标和最后刷新时间；空结果进入业务空状态,首屏失败显示全页错误与重试；刷新失败保留旧数据并提示；翻页失败保留已加载数据并提供行内重试；401跳登录或会话升级，403显示无权限，404不适用,ui_action_scr_ref_003_01,REQ-REF-001;REQ-REF-002;REQ-REF-ACT-001;REQ-REF-ACT-002,TST-REF_001-HAPPY;TST-REF_002-HAPPY;TST-REF_ACT_001-HAPPY;TST-REF_ACT_002-HAPPY,FROZEN_DETAILED_V1.2.2,LIST_QUERY,页面主按钮/行操作/更多菜单/标准弹层，具体位置由模板和页面操作规格确定,页面具备读取权限；筛选项按数据范围和角色显示,网络可用；非正在刷新；翻页时 nextCursor/hasNext 为真,"校验 page,pageSize,cursor,status,keyword,sort",page;pageSize;cursor;status;keyword;sort,不需要,GET /api/v1/me/referral/posters；请求模型 ReferralGetMeReferralPostersParameters；响应模型 ReferralGetMeReferralPostersResponse,同资源单写请求锁；状态机服务端复核,首屏使用骨架屏；刷新保留现有数据；翻页使用列表尾部加载器,GET 可人工重试；网络瞬断最多指数退避自动重试 2 次；筛选变化取消旧请求,留在当前页；点击行/卡片按页面导航规格进入详情,当前资源、来源列表、全局角标/余额/待办中与该领域相关的缓存；禁止无差别清空全部缓存,记录必要业务埋点；读取高敏字段时额外记录访问审计,遵循最小采集；仅记录业务标识和状态，不记录自由文本中的个人信息,GET 可展示明确标记的最近缓存；写操作离线时禁止提交，不进入隐式离线队列,ReferralGetMeReferralPostersResponse,READY_FOR_IMPLEMENTATION
ACT-REF-004-01,ANDROID,SCR-REF-004,直推用户,/me/referral/direct,直推用户和活跃进度,页面首次进入、下拉刷新、筛选/排序变化或滚动触底时触发；相同查询条件避免并发重复请求,GET /api/v1/me/referral/direct-users,referralGetMeReferralDirectUsers,ReferralGetMeReferralDirectUsersParameters,登录+实名,不要求,首屏替换数据，翻页仅追加去重；更新分页、筛选回显、总数/游标和最后刷新时间；空结果进入业务空状态,首屏失败显示全页错误与重试；刷新失败保留旧数据并提示；翻页失败保留已加载数据并提供行内重试；401跳登录或会话升级，403显示无权限，404不适用,ui_action_scr_ref_004_01,REQ-REF-001;REQ-REF-002;REQ-REF-ACT-001;REQ-REF-ACT-002,TST-REF_001-HAPPY;TST-REF_002-HAPPY;TST-REF_ACT_001-HAPPY;TST-REF_ACT_002-HAPPY,FROZEN_DETAILED_V1.2.2,LIST_QUERY,页面主按钮/行操作/更多菜单/标准弹层，具体位置由模板和页面操作规格确定,页面具备读取权限；筛选项按数据范围和角色显示,网络可用；非正在刷新；翻页时 nextCursor/hasNext 为真,"校验 page,pageSize,cursor,status,keyword,sort",page;pageSize;cursor;status;keyword;sort,不需要,GET /api/v1/me/referral/direct-users；请求模型 ReferralGetMeReferralDirectUsersParameters；响应模型 ReferralGetMeReferralDirectUsersResponse,同资源单写请求锁；状态机服务端复核,首屏使用骨架屏；刷新保留现有数据；翻页使用列表尾部加载器,GET 可人工重试；网络瞬断最多指数退避自动重试 2 次；筛选变化取消旧请求,留在当前页；点击行/卡片按页面导航规格进入详情,当前资源、来源列表、全局角标/余额/待办中与该领域相关的缓存；禁止无差别清空全部缓存,记录必要业务埋点；读取高敏字段时额外记录访问审计,遵循最小采集；仅记录业务标识和状态，不记录自由文本中的个人信息,GET 可展示明确标记的最近缓存；写操作离线时禁止提交，不进入隐式离线队列,ReferralGetMeReferralDirectUsersResponse,READY_FOR_IMPLEMENTATION
ACT-REF-005-01,ANDROID,SCR-REF-005,二级用户,/me/referral/level2,二级用户,页面首次进入、下拉刷新、筛选/排序变化或滚动触底时触发；相同查询条件避免并发重复请求,GET /api/v1/me/referral/level2-users,referralGetMeReferralLevel2Users,ReferralGetMeReferralLevel2UsersParameters,登录+实名,不要求,首屏替换数据，翻页仅追加去重；更新分页、筛选回显、总数/游标和最后刷新时间；空结果进入业务空状态,首屏失败显示全页错误与重试；刷新失败保留旧数据并提示；翻页失败保留已加载数据并提供行内重试；401跳登录或会话升级，403显示无权限，404不适用,ui_action_scr_ref_005_01,REQ-REF-001;REQ-REF-002;REQ-REF-ACT-001;REQ-REF-ACT-002,TST-REF_001-HAPPY;TST-REF_002-HAPPY;TST-REF_ACT_001-HAPPY;TST-REF_ACT_002-HAPPY,FROZEN_DETAILED_V1.2.2,LIST_QUERY,页面主按钮/行操作/更多菜单/标准弹层，具体位置由模板和页面操作规格确定,页面具备读取权限；筛选项按数据范围和角色显示,网络可用；非正在刷新；翻页时 nextCursor/hasNext 为真,"校验 page,pageSize,cursor,status,keyword,sort",page;pageSize;cursor;status;keyword;sort,不需要,GET /api/v1/me/referral/level2-users；请求模型 ReferralGetMeReferralLevel2UsersParameters；响应模型 ReferralGetMeReferralLevel2UsersResponse,同资源单写请求锁；状态机服务端复核,首屏使用骨架屏；刷新保留现有数据；翻页使用列表尾部加载器,GET 可人工重试；网络瞬断最多指数退避自动重试 2 次；筛选变化取消旧请求,留在当前页；点击行/卡片按页面导航规格进入详情,当前资源、来源列表、全局角标/余额/待办中与该领域相关的缓存；禁止无差别清空全部缓存,记录必要业务埋点；读取高敏字段时额外记录访问审计,遵循最小采集；仅记录业务标识和状态，不记录自由文本中的个人信息,GET 可展示明确标记的最近缓存；写操作离线时禁止提交，不进入隐式离线队列,ReferralGetMeReferralLevel2UsersResponse,READY_FOR_IMPLEMENTATION
ACT-REF-006-01,ANDROID,SCR-REF-006,消费佣金,/me/referral/commissions,一级二级佣金,页面首次进入、下拉刷新、筛选/排序变化或滚动触底时触发；相同查询条件避免并发重复请求,GET /api/v1/me/referral/commissions,referralGetMeReferralCommissions,ReferralGetMeReferralCommissionsParameters,登录+实名,不要求,首屏替换数据，翻页仅追加去重；更新分页、筛选回显、总数/游标和最后刷新时间；空结果进入业务空状态,首屏失败显示全页错误与重试；刷新失败保留旧数据并提示；翻页失败保留已加载数据并提供行内重试；401跳登录或会话升级，403显示无权限，404不适用,ui_action_scr_ref_006_01,REQ-REF-001;REQ-REF-002;REQ-REF-ACT-001;REQ-REF-ACT-002,TST-REF_001-HAPPY;TST-REF_002-HAPPY;TST-REF_ACT_001-HAPPY;TST-REF_ACT_002-HAPPY,FROZEN_DETAILED_V1.2.2,LIST_QUERY,页面主按钮/行操作/更多菜单/标准弹层，具体位置由模板和页面操作规格确定,页面具备读取权限；筛选项按数据范围和角色显示,网络可用；非正在刷新；翻页时 nextCursor/hasNext 为真,"校验 page,pageSize,cursor,status,keyword,sort",page;pageSize;cursor;status;keyword;sort,不需要,GET /api/v1/me/referral/commissions；请求模型 ReferralGetMeReferralCommissionsParameters；响应模型 ReferralGetMeReferralCommissionsResponse,同资源单写请求锁；状态机服务端复核,首屏使用骨架屏；刷新保留现有数据；翻页使用列表尾部加载器,GET 可人工重试；网络瞬断最多指数退避自动重试 2 次；筛选变化取消旧请求,留在当前页；点击行/卡片按页面导航规格进入详情,当前资源、来源列表、全局角标/余额/待办中与该领域相关的缓存；禁止无差别清空全部缓存,记录必要业务埋点；读取高敏字段时额外记录访问审计,遵循最小采集；仅记录业务标识和状态，不记录自由文本中的个人信息,GET 可展示明确标记的最近缓存；写操作离线时禁止提交，不进入隐式离线队列,ReferralGetMeReferralCommissionsResponse,READY_FOR_IMPLEMENTATION
ACT-REF-007-01,ANDROID,SCR-REF-007,直推活跃奖励,/me/referral/activity-rewards,直推阶梯奖励,页面首次进入、下拉刷新、筛选/排序变化或滚动触底时触发；相同查询条件避免并发重复请求,GET /api/v1/me/referral/activity-rewards,referralGetMeReferralActivityRewards,ReferralGetMeReferralActivityRewardsParameters,登录+实名,不要求,首屏替换数据，翻页仅追加去重；更新分页、筛选回显、总数/游标和最后刷新时间；空结果进入业务空状态,首屏失败显示全页错误与重试；刷新失败保留旧数据并提示；翻页失败保留已加载数据并提供行内重试；401跳登录或会话升级，403显示无权限，404不适用,ui_action_scr_ref_007_01,REQ-REF-001;REQ-REF-002;REQ-REF-ACT-001;REQ-REF-ACT-002,TST-REF_001-HAPPY;TST-REF_002-HAPPY;TST-REF_ACT_001-HAPPY;TST-REF_ACT_002-HAPPY,FROZEN_DETAILED_V1.2.2,LIST_QUERY,页面主按钮/行操作/更多菜单/标准弹层，具体位置由模板和页面操作规格确定,页面具备读取权限；筛选项按数据范围和角色显示,网络可用；非正在刷新；翻页时 nextCursor/hasNext 为真,"校验 page,pageSize,cursor,status,keyword,sort",page;pageSize;cursor;status;keyword;sort,不需要,GET /api/v1/me/referral/activity-rewards；请求模型 ReferralGetMeReferralActivityRewardsParameters；响应模型 ReferralGetMeReferralActivityRewardsResponse,同资源单写请求锁；状态机服务端复核,首屏使用骨架屏；刷新保留现有数据；翻页使用列表尾部加载器,GET 可人工重试；网络瞬断最多指数退避自动重试 2 次；筛选变化取消旧请求,留在当前页；点击行/卡片按页面导航规格进入详情,当前资源、来源列表、全局角标/余额/待办中与该领域相关的缓存；禁止无差别清空全部缓存,记录必要业务埋点；读取高敏字段时额外记录访问审计,遵循最小采集；仅记录业务标识和状态，不记录自由文本中的个人信息,GET 可展示明确标记的最近缓存；写操作离线时禁止提交，不进入隐式离线队列,ReferralGetMeReferralActivityRewardsResponse,READY_FOR_IMPLEMENTATION
ACT-REF-008-01,ANDROID,SCR-REF-008,推广规则/教程,/me/referral/rules,协议内容,页面进入、显式刷新、从后台恢复且缓存过期，或收到相关领域事件后触发,GET /public-api/v1/agreements/{code},publicGetAgreementsByCode,PublicGetAgreementsByCodeParameters,公开,不要求,以服务端返回的 version 和状态覆盖详情；重算按钮显示/可用条件；记录页面曝光和请求 requestId,404显示资源不存在或已下架并提供返回；403显示无权限；409触发重新拉取；网络失败保留缓存并标记可能过期,ui_action_scr_ref_008_01,REQ-REF-001;REQ-REF-002;REQ-REF-ACT-001;REQ-REF-ACT-002,TST-REF_001-HAPPY;TST-REF_002-HAPPY;TST-REF_ACT_001-HAPPY;TST-REF_ACT_002-HAPPY,FROZEN_DETAILED_V1.2.2,DETAIL_QUERY,页面主按钮/行操作/更多菜单/标准弹层，具体位置由模板和页面操作规格确定,页面具备读取权限且路由参数完整,网络可用且不存在同资源进行中的请求,校验 code；敏感值仅在内存中使用，不写日志、URL、埋点或本地明文缓存,code,不需要,GET /public-api/v1/agreements/{code}；请求模型 PublicGetAgreementsByCodeParameters；响应模型 PublicGetAgreementsByCodeResponse,同资源单写请求锁；状态机服务端复核,首次进入使用结构骨架；刷新保留当前内容并显示轻量刷新态,GET 可人工重试；缓存可作为只读降级但禁止基于过期数据执行写操作,留在当前页；资源不存在时返回上一级并从来源列表移除或标记,当前资源、来源列表、全局角标/余额/待办中与该领域相关的缓存；禁止无差别清空全部缓存,记录必要业务埋点；读取高敏字段时额外记录访问审计,敏感字段按数据分级脱敏；密码、验证码、身份证、支付账号、秘密引用绝不进入埋点和普通日志,GET 可展示明确标记的最近缓存；写操作离线时禁止提交，不进入隐式离线队列,PublicGetAgreementsByCodeResponse,READY_FOR_IMPLEMENTATION
ACT-TASK-001-01,ANDROID,SCR-TASK-001,任务中心,/me/tasks,任务列表和进度,页面首次进入、下拉刷新、筛选/排序变化或滚动触底时触发；相同查询条件避免并发重复请求,GET /api/v1/tasks,taskGetTasks,TaskGetTasksParameters,登录,不要求,首屏替换数据，翻页仅追加去重；更新分页、筛选回显、总数/游标和最后刷新时间；空结果进入业务空状态,首屏失败显示全页错误与重试；刷新失败保留旧数据并提示；翻页失败保留已加载数据并提供行内重试；401跳登录或会话升级，403显示无权限，404不适用,ui_action_scr_task_001_01,REQ-TASK-001;REQ-TASK-002,TST-TASK_001-HAPPY;TST-TASK_002-HAPPY,FROZEN_DETAILED_V1.2.2,LIST_QUERY,页面主按钮/行操作/更多菜单/标准弹层，具体位置由模板和页面操作规格确定,页面具备读取权限；筛选项按数据范围和角色显示,网络可用；非正在刷新；翻页时 nextCursor/hasNext 为真,"校验 page,pageSize,cursor,status,keyword,sort",page;pageSize;cursor;status;keyword;sort,不需要,GET /api/v1/tasks；请求模型 TaskGetTasksParameters；响应模型 TaskGetTasksResponse,同资源单写请求锁；状态机服务端复核,首屏使用骨架屏；刷新保留现有数据；翻页使用列表尾部加载器,GET 可人工重试；网络瞬断最多指数退避自动重试 2 次；筛选变化取消旧请求,留在当前页；点击行/卡片按页面导航规格进入详情,当前资源、来源列表、全局角标/余额/待办中与该领域相关的缓存；禁止无差别清空全部缓存,记录必要业务埋点；读取高敏字段时额外记录访问审计,遵循最小采集；仅记录业务标识和状态，不记录自由文本中的个人信息,GET 可展示明确标记的最近缓存；写操作离线时禁止提交，不进入隐式离线队列,TaskGetTasksResponse,READY_FOR_IMPLEMENTATION
ACT-TASK-001-02,ANDROID,SCR-TASK-001,任务中心,/me/tasks,领取任务奖励,用户显式点击操作入口，且本地字段校验、权限、状态机前置条件全部满足,POST /api/v1/tasks/{id}/claim,taskPostTasksByIdClaim,TaskPostTasksByIdClaimRequest,登录,X-Idempotency-Key必填,以响应数据更新页面和关联缓存；展示“领取任务奖励成功”；仅刷新受影响区域,400逐字段映射；401要求重新认证；403隐藏后续写入口并记录越权拒绝；409提示数据已变化并重新加载；422展示业务原因且保留输入；429显示可重试时间；500保留上下文并提供 requestId,ui_action_scr_task_001_02,REQ-TASK-001;REQ-TASK-002,TST-TASK_001-HAPPY;TST-TASK_002-HAPPY;TST-TASK_001-IDEMPOTENT;TST-TASK_002-IDEMPOTENT,FROZEN_DETAILED_V1.2.2,CREATE_OR_SUBMIT,页面主按钮/行操作/更多菜单/标准弹层，具体位置由模板和页面操作规格确定,具备权限 登录，且资源状态允许“领取任务奖励”；按钮显示条件由页面状态表和状态机共同决定,不存在同资源写请求；必填字段有效；服务端 version 未被本地标记过期；需要审批时已选择审批单,"校验 id,X-Idempotency-Key,expectedVersion；expectedVersion 必须等于页面最后一次成功读取的服务端版本；同一业务意图生成稳定 X-Idempotency-Key；请求体变化必须换键",id;X-Idempotency-Key;expectedVersion,金额、权益或发布范围变化时二次确认；普通可撤销保存不需要,POST /api/v1/tasks/{id}/claim；请求模型 TaskPostTasksByIdClaimRequest；响应模型 TaskPostTasksByIdClaimResponse,expectedVersion 乐观锁 + X-Idempotency-Key + 服务端结果查询,提交期间锁定同资源写操作，保留输入并显示明确进度；禁止全页无反馈等待,使用同一幂等键仅重试同一请求体；若服务端已受理则先查询结果；409版本冲突不得盲重试,默认留在当前页并刷新；创建成功进入详情，支付/认证/发布结果按对应流程导航,当前资源、来源列表、全局角标/余额/待办中与该领域相关的缓存；禁止无差别清空全部缓存,记录必要业务埋点；读取高敏字段时额外记录访问审计,遵循最小采集；仅记录业务标识和状态，不记录自由文本中的个人信息,GET 可展示明确标记的最近缓存；写操作离线时禁止提交，不进入隐式离线队列,TaskPostTasksByIdClaimResponse,READY_FOR_IMPLEMENTATION
ACT-TASK-002-01,ANDROID,SCR-TASK-002,个人任务积分,/me/tasks/points,个人任务积分,页面首次进入、下拉刷新、筛选/排序变化或滚动触底时触发；相同查询条件避免并发重复请求,GET /api/v1/me/points,taskGetMePoints,TaskGetMePointsParameters,登录,不要求,首屏替换数据，翻页仅追加去重；更新分页、筛选回显、总数/游标和最后刷新时间；空结果进入业务空状态,首屏失败显示全页错误与重试；刷新失败保留旧数据并提示；翻页失败保留已加载数据并提供行内重试；401跳登录或会话升级，403显示无权限，404不适用,ui_action_scr_task_002_01,REQ-TASK-001;REQ-TASK-002,TST-TASK_001-HAPPY;TST-TASK_002-HAPPY,FROZEN_DETAILED_V1.2.2,LIST_QUERY,页面主按钮/行操作/更多菜单/标准弹层，具体位置由模板和页面操作规格确定,页面具备读取权限；筛选项按数据范围和角色显示,网络可用；非正在刷新；翻页时 nextCursor/hasNext 为真,"校验 page,pageSize,cursor,status,keyword,sort",page;pageSize;cursor;status;keyword;sort,不需要,GET /api/v1/me/points；请求模型 TaskGetMePointsParameters；响应模型 TaskGetMePointsResponse,同资源单写请求锁；状态机服务端复核,首屏使用骨架屏；刷新保留现有数据；翻页使用列表尾部加载器,GET 可人工重试；网络瞬断最多指数退避自动重试 2 次；筛选变化取消旧请求,留在当前页；点击行/卡片按页面导航规格进入详情,当前资源、来源列表、全局角标/余额/待办中与该领域相关的缓存；禁止无差别清空全部缓存,记录必要业务埋点；读取高敏字段时额外记录访问审计,遵循最小采集；仅记录业务标识和状态，不记录自由文本中的个人信息,GET 可展示明确标记的最近缓存；写操作离线时禁止提交，不进入隐式离线队列,TaskGetMePointsResponse,READY_FOR_IMPLEMENTATION
ACT-TASK-002-02,ANDROID,SCR-TASK-002,个人任务积分,/me/tasks/points,积分明细,页面进入、显式刷新、从后台恢复且缓存过期，或收到相关领域事件后触发,GET /api/v1/me/point-ledger,taskGetMePointLedger,TaskGetMePointLedgerParameters,登录,不要求,以服务端返回的 version 和状态覆盖详情；重算按钮显示/可用条件；记录页面曝光和请求 requestId,404显示资源不存在或已下架并提供返回；403显示无权限；409触发重新拉取；网络失败保留缓存并标记可能过期,ui_action_scr_task_002_02,REQ-TASK-001;REQ-TASK-002,TST-TASK_001-HAPPY;TST-TASK_002-HAPPY,FROZEN_DETAILED_V1.2.2,DETAIL_QUERY,页面主按钮/行操作/更多菜单/标准弹层，具体位置由模板和页面操作规格确定,页面具备读取权限且路由参数完整,网络可用且不存在同资源进行中的请求,路由参数、权限和页面状态有效,无业务请求体；仅使用路由/会话上下文,不需要,GET /api/v1/me/point-ledger；请求模型 TaskGetMePointLedgerParameters；响应模型 TaskGetMePointLedgerResponse,同资源单写请求锁；状态机服务端复核,首次进入使用结构骨架；刷新保留当前内容并显示轻量刷新态,GET 可人工重试；缓存可作为只读降级但禁止基于过期数据执行写操作,留在当前页；资源不存在时返回上一级并从来源列表移除或标记,当前资源、来源列表、全局角标/余额/待办中与该领域相关的缓存；禁止无差别清空全部缓存,记录必要业务埋点；读取高敏字段时额外记录访问审计,遵循最小采集；仅记录业务标识和状态，不记录自由文本中的个人信息,GET 可展示明确标记的最近缓存；写操作离线时禁止提交，不进入隐式离线队列,TaskGetMePointLedgerResponse,READY_FOR_IMPLEMENTATION
ACT-REWARD-001-01,ANDROID,SCR-REWARD-001,奖励账户,/me/rewards,奖励账户,页面进入、显式刷新、从后台恢复且缓存过期，或收到相关领域事件后触发,GET /api/v1/me/reward-account,rewardGetMeRewardAccount,RewardGetMeRewardAccountParameters,登录+实名,不要求,以服务端返回的 version 和状态覆盖详情；重算按钮显示/可用条件；记录页面曝光和请求 requestId,404显示资源不存在或已下架并提供返回；403显示无权限；409触发重新拉取；网络失败保留缓存并标记可能过期,ui_action_scr_reward_001_01,REQ-REWARD-001;REQ-LEDGER-001,TST-REWARD_001-HAPPY;TST-LEDGER_001-HAPPY,FROZEN_DETAILED_V1.2.2,DETAIL_QUERY,页面主按钮/行操作/更多菜单/标准弹层，具体位置由模板和页面操作规格确定,页面具备读取权限且路由参数完整,网络可用且不存在同资源进行中的请求,路由参数、权限和页面状态有效,无业务请求体；仅使用路由/会话上下文,不需要,GET /api/v1/me/reward-account；请求模型 RewardGetMeRewardAccountParameters；响应模型 RewardGetMeRewardAccountResponse,同资源单写请求锁；状态机服务端复核,首次进入使用结构骨架；刷新保留当前内容并显示轻量刷新态,GET 可人工重试；缓存可作为只读降级但禁止基于过期数据执行写操作,留在当前页；资源不存在时返回上一级并从来源列表移除或标记,当前资源、来源列表、全局角标/余额/待办中与该领域相关的缓存；禁止无差别清空全部缓存,记录必要业务埋点；读取高敏字段时额外记录访问审计,遵循最小采集；仅记录业务标识和状态，不记录自由文本中的个人信息,GET 可展示明确标记的最近缓存；写操作离线时禁止提交，不进入隐式离线队列,RewardGetMeRewardAccountResponse,READY_FOR_IMPLEMENTATION
ACT-REWARD-002-01,ANDROID,SCR-REWARD-002,奖励明细,/me/rewards/ledger,奖励流水,页面首次进入、下拉刷新、筛选/排序变化或滚动触底时触发；相同查询条件避免并发重复请求,GET /api/v1/me/reward-ledger,rewardGetMeRewardLedger,RewardGetMeRewardLedgerParameters,登录+实名,不要求,首屏替换数据，翻页仅追加去重；更新分页、筛选回显、总数/游标和最后刷新时间；空结果进入业务空状态,首屏失败显示全页错误与重试；刷新失败保留旧数据并提示；翻页失败保留已加载数据并提供行内重试；401跳登录或会话升级，403显示无权限，404不适用,ui_action_scr_reward_002_01,REQ-REWARD-001;REQ-LEDGER-001,TST-REWARD_001-HAPPY;TST-LEDGER_001-HAPPY,FROZEN_DETAILED_V1.2.2,LIST_QUERY,页面主按钮/行操作/更多菜单/标准弹层，具体位置由模板和页面操作规格确定,页面具备读取权限；筛选项按数据范围和角色显示,网络可用；非正在刷新；翻页时 nextCursor/hasNext 为真,"校验 page,pageSize,cursor,status,keyword,sort",page;pageSize;cursor;status;keyword;sort,不需要,GET /api/v1/me/reward-ledger；请求模型 RewardGetMeRewardLedgerParameters；响应模型 RewardGetMeRewardLedgerResponse,同资源单写请求锁；状态机服务端复核,首屏使用骨架屏；刷新保留现有数据；翻页使用列表尾部加载器,GET 可人工重试；网络瞬断最多指数退避自动重试 2 次；筛选变化取消旧请求,留在当前页；点击行/卡片按页面导航规格进入详情,当前资源、来源列表、全局角标/余额/待办中与该领域相关的缓存；禁止无差别清空全部缓存,记录必要业务埋点；读取高敏字段时额外记录访问审计,遵循最小采集；仅记录业务标识和状态，不记录自由文本中的个人信息,GET 可展示明确标记的最近缓存；写操作离线时禁止提交，不进入隐式离线队列,RewardGetMeRewardLedgerResponse,READY_FOR_IMPLEMENTATION
ACT-WD-001-01,ANDROID,SCR-WD-001,绑定支付宝,/me/withdrawal/account,支付宝账户,页面进入、显式刷新、从后台恢复且缓存过期，或收到相关领域事件后触发,GET /api/v1/me/payout-account,withdrawalGetMePayoutAccount,WithdrawalGetMePayoutAccountParameters,登录+实名,不要求,以服务端返回的 version 和状态覆盖详情；重算按钮显示/可用条件；记录页面曝光和请求 requestId,404显示资源不存在或已下架并提供返回；403显示无权限；409触发重新拉取；网络失败保留缓存并标记可能过期,ui_action_scr_wd_001_01,REQ-WD-001;REQ-LEDGER-001,TST-WD_001-HAPPY;TST-LEDGER_001-HAPPY,FROZEN_DETAILED_V1.2.2,DETAIL_QUERY,页面主按钮/行操作/更多菜单/标准弹层，具体位置由模板和页面操作规格确定,页面具备读取权限且路由参数完整,网络可用且不存在同资源进行中的请求,路由参数、权限和页面状态有效,无业务请求体；仅使用路由/会话上下文,不需要,GET /api/v1/me/payout-account；请求模型 WithdrawalGetMePayoutAccountParameters；响应模型 WithdrawalGetMePayoutAccountResponse,同资源单写请求锁；状态机服务端复核,首次进入使用结构骨架；刷新保留当前内容并显示轻量刷新态,GET 可人工重试；缓存可作为只读降级但禁止基于过期数据执行写操作,留在当前页；资源不存在时返回上一级并从来源列表移除或标记,当前资源、来源列表、全局角标/余额/待办中与该领域相关的缓存；禁止无差别清空全部缓存,记录必要业务埋点；读取高敏字段时额外记录访问审计,遵循最小采集；仅记录业务标识和状态，不记录自由文本中的个人信息,GET 可展示明确标记的最近缓存；写操作离线时禁止提交，不进入隐式离线队列,WithdrawalGetMePayoutAccountResponse,READY_FOR_IMPLEMENTATION
ACT-WD-001-02,ANDROID,SCR-WD-001,绑定支付宝,/me/withdrawal/account,绑定/修改支付宝,用户显式点击操作入口，且本地字段校验、权限、状态机前置条件全部满足,PUT /api/v1/me/payout-account,withdrawalPutMePayoutAccount,WithdrawalPutMePayoutAccountRequest,登录+实名,X-Idempotency-Key必填,使用响应中的资源和 version 更新页面；清除已提交脏状态；展示“绑定/修改支付宝成功”；刷新受影响列表、详情、余额或配置版本,400逐字段映射；401要求重新认证；403隐藏后续写入口并记录越权拒绝；409提示数据已变化并重新加载；422展示业务原因且保留输入；429显示可重试时间；500保留上下文并提供 requestId,ui_action_scr_wd_001_02,REQ-WD-001;REQ-LEDGER-001,TST-WD_001-HAPPY;TST-LEDGER_001-HAPPY;TST-WD_001-IDEMPOTENT;TST-LEDGER_001-IDEMPOTENT,FROZEN_DETAILED_V1.2.2,UPDATE,页面主按钮/行操作/更多菜单/标准弹层，具体位置由模板和页面操作规格确定,具备权限 登录+实名，且资源状态允许“绑定/修改支付宝”；按钮显示条件由页面状态表和状态机共同决定,不存在同资源写请求；必填字段有效；服务端 version 未被本地标记过期；需要审批时已选择审批单,"校验 X-Idempotency-Key,accountName,alipayAccount,smsCode,expectedVersion；expectedVersion 必须等于页面最后一次成功读取的服务端版本；同一业务意图生成稳定 X-Idempotency-Key；请求体变化必须换键；敏感值仅在内存中使用，不写日志、URL、埋点或本地明文缓存",X-Idempotency-Key;accountName;alipayAccount;smsCode;expectedVersion,金额、权益或发布范围变化时二次确认；普通可撤销保存不需要,PUT /api/v1/me/payout-account；请求模型 WithdrawalPutMePayoutAccountRequest；响应模型 WithdrawalPutMePayoutAccountResponse,expectedVersion 乐观锁 + X-Idempotency-Key + 服务端结果查询,提交期间锁定同资源写操作，保留输入并显示明确进度；禁止全页无反馈等待,使用同一幂等键仅重试同一请求体；若服务端已受理则先查询结果；409版本冲突不得盲重试,默认留在当前页并刷新；创建成功进入详情，支付/认证/发布结果按对应流程导航,当前资源、来源列表、全局角标/余额/待办中与该领域相关的缓存；禁止无差别清空全部缓存,记录必要业务埋点；读取高敏字段时额外记录访问审计,敏感字段按数据分级脱敏；密码、验证码、身份证、支付账号、秘密引用绝不进入埋点和普通日志,GET 可展示明确标记的最近缓存；写操作离线时禁止提交，不进入隐式离线队列,WithdrawalPutMePayoutAccountResponse,READY_FOR_IMPLEMENTATION
ACT-WD-002-01,ANDROID,SCR-WD-002,申请提现,/me/withdrawal/create,提现手续费报价,用户显式点击操作入口，且本地字段校验、权限、状态机前置条件全部满足,POST /api/v1/withdrawals/quote,withdrawalPostWithdrawalsQuote,WithdrawalPostWithdrawalsQuoteRequest,登录+实名,X-Idempotency-Key必填,以响应数据更新页面和关联缓存；展示“提现手续费报价成功”；仅刷新受影响区域,400逐字段映射；401要求重新认证；403隐藏后续写入口并记录越权拒绝；409提示数据已变化并重新加载；422展示业务原因且保留输入；429显示可重试时间；500保留上下文并提供 requestId,ui_action_scr_wd_002_01,REQ-WD-001;REQ-LEDGER-001,TST-WD_001-HAPPY;TST-LEDGER_001-HAPPY;TST-WD_001-IDEMPOTENT;TST-LEDGER_001-IDEMPOTENT,FROZEN_DETAILED_V1.2.2,CONTROLLED_COMMAND,页面主按钮/行操作/更多菜单/标准弹层，具体位置由模板和页面操作规格确定,具备权限 登录+实名，且资源状态允许“提现手续费报价”；按钮显示条件由页面状态表和状态机共同决定,不存在同资源写请求；必填字段有效；服务端 version 未被本地标记过期；需要审批时已选择审批单,"校验 X-Idempotency-Key,amountCent,payoutAccountId；同一业务意图生成稳定 X-Idempotency-Key；请求体变化必须换键",X-Idempotency-Key;amountCent;payoutAccountId,必须二次确认；确认框展示目标、影响、不可逆性、原因、审批要求和将触发的通知,POST /api/v1/withdrawals/quote；请求模型 WithdrawalPostWithdrawalsQuoteRequest；响应模型 WithdrawalPostWithdrawalsQuoteResponse,X-Idempotency-Key + 服务端结果查询,提交期间锁定同资源写操作，保留输入并显示明确进度；禁止全页无反馈等待,使用同一幂等键仅重试同一请求体；若服务端已受理则先查询结果；409版本冲突不得盲重试,默认留在当前页并刷新；创建成功进入详情，支付/认证/发布结果按对应流程导航,当前资源、来源列表、全局角标/余额/待办中与该领域相关的缓存；禁止无差别清空全部缓存,记录操作人、角色、目标、前后状态/版本、原因、审批单、requestId、IP/设备和结果,遵循最小采集；仅记录业务标识和状态，不记录自由文本中的个人信息,GET 可展示明确标记的最近缓存；写操作离线时禁止提交，不进入隐式离线队列,WithdrawalPostWithdrawalsQuoteResponse,READY_FOR_IMPLEMENTATION
ACT-WD-002-02,ANDROID,SCR-WD-002,申请提现,/me/withdrawal/create,提交提现,用户显式点击操作入口，且本地字段校验、权限、状态机前置条件全部满足,POST /api/v1/withdrawals,withdrawalPostWithdrawals,WithdrawalPostWithdrawalsRequest,登录+实名,X-Idempotency-Key必填,使用响应中的资源和 version 更新页面；清除已提交脏状态；展示“提交提现成功”；刷新受影响列表、详情、余额或配置版本,400逐字段映射；401要求重新认证；403隐藏后续写入口并记录越权拒绝；409提示数据已变化并重新加载；422展示业务原因且保留输入；429显示可重试时间；500保留上下文并提供 requestId,ui_action_scr_wd_002_02,REQ-WD-001;REQ-LEDGER-001,TST-WD_001-HAPPY;TST-LEDGER_001-HAPPY;TST-WD_001-IDEMPOTENT;TST-LEDGER_001-IDEMPOTENT,FROZEN_DETAILED_V1.2.2,CONTROLLED_COMMAND,页面主按钮/行操作/更多菜单/标准弹层，具体位置由模板和页面操作规格确定,具备权限 登录+实名，且资源状态允许“提交提现”；按钮显示条件由页面状态表和状态机共同决定,不存在同资源写请求；必填字段有效；服务端 version 未被本地标记过期；需要审批时已选择审批单,"校验 X-Idempotency-Key,amountCent,quoteId,payoutAccountId；同一业务意图生成稳定 X-Idempotency-Key；请求体变化必须换键",X-Idempotency-Key;amountCent;quoteId;payoutAccountId,必须二次确认；确认框展示目标、影响、不可逆性、原因、审批要求和将触发的通知,POST /api/v1/withdrawals；请求模型 WithdrawalPostWithdrawalsRequest；响应模型 WithdrawalPostWithdrawalsResponse,X-Idempotency-Key + 服务端结果查询,提交期间锁定同资源写操作，保留输入并显示明确进度；禁止全页无反馈等待,使用同一幂等键仅重试同一请求体；若服务端已受理则先查询结果；409版本冲突不得盲重试,默认留在当前页并刷新；创建成功进入详情，支付/认证/发布结果按对应流程导航,当前资源、来源列表、全局角标/余额/待办中与该领域相关的缓存；禁止无差别清空全部缓存,记录操作人、角色、目标、前后状态/版本、原因、审批单、requestId、IP/设备和结果,遵循最小采集；仅记录业务标识和状态，不记录自由文本中的个人信息,GET 可展示明确标记的最近缓存；写操作离线时禁止提交，不进入隐式离线队列,WithdrawalPostWithdrawalsResponse,READY_FOR_IMPLEMENTATION
ACT-WD-003-01,ANDROID,SCR-WD-003,提现记录,/me/withdrawal/history,提现记录,页面首次进入、下拉刷新、筛选/排序变化或滚动触底时触发；相同查询条件避免并发重复请求,GET /api/v1/me/withdrawals,withdrawalGetMeWithdrawals,WithdrawalGetMeWithdrawalsParameters,登录+实名,不要求,首屏替换数据，翻页仅追加去重；更新分页、筛选回显、总数/游标和最后刷新时间；空结果进入业务空状态,首屏失败显示全页错误与重试；刷新失败保留旧数据并提示；翻页失败保留已加载数据并提供行内重试；401跳登录或会话升级，403显示无权限，404不适用,ui_action_scr_wd_003_01,REQ-WD-001;REQ-LEDGER-001,TST-WD_001-HAPPY;TST-LEDGER_001-HAPPY,FROZEN_DETAILED_V1.2.2,LIST_QUERY,页面主按钮/行操作/更多菜单/标准弹层，具体位置由模板和页面操作规格确定,页面具备读取权限；筛选项按数据范围和角色显示,网络可用；非正在刷新；翻页时 nextCursor/hasNext 为真,"校验 page,pageSize,cursor,status,keyword,sort",page;pageSize;cursor;status;keyword;sort,不需要,GET /api/v1/me/withdrawals；请求模型 WithdrawalGetMeWithdrawalsParameters；响应模型 WithdrawalGetMeWithdrawalsResponse,同资源单写请求锁；状态机服务端复核,首屏使用骨架屏；刷新保留现有数据；翻页使用列表尾部加载器,GET 可人工重试；网络瞬断最多指数退避自动重试 2 次；筛选变化取消旧请求,留在当前页；点击行/卡片按页面导航规格进入详情,当前资源、来源列表、全局角标/余额/待办中与该领域相关的缓存；禁止无差别清空全部缓存,记录必要业务埋点；读取高敏字段时额外记录访问审计,遵循最小采集；仅记录业务标识和状态，不记录自由文本中的个人信息,GET 可展示明确标记的最近缓存；写操作离线时禁止提交，不进入隐式离线队列,WithdrawalGetMeWithdrawalsResponse,READY_FOR_IMPLEMENTATION
ACT-ID-001-01,ANDROID,SCR-ID-001,实名认证首页,/me/identity,创建实名会话,用户显式点击操作入口，且本地字段校验、权限、状态机前置条件全部满足,POST /api/v1/identity/sessions,identityPostIdentitySessions,IdentityPostIdentitySessionsRequest,登录,X-Idempotency-Key必填,使用响应中的资源和 version 更新页面；清除已提交脏状态；展示“创建实名会话成功”；刷新受影响列表、详情、余额或配置版本,400逐字段映射；401要求重新认证；403隐藏后续写入口并记录越权拒绝；409提示数据已变化并重新加载；422展示业务原因且保留输入；429显示可重试时间；500保留上下文并提供 requestId,ui_action_scr_id_001_01,REQ-ID-001;REQ-ID-002,TST-ID_001-HAPPY;TST-ID_002-HAPPY;TST-ID_001-IDEMPOTENT;TST-ID_002-IDEMPOTENT,FROZEN_DETAILED_V1.2.2,CREATE_OR_SUBMIT,页面主按钮/行操作/更多菜单/标准弹层，具体位置由模板和页面操作规格确定,具备权限 登录，且资源状态允许“创建实名会话”；按钮显示条件由页面状态表和状态机共同决定,不存在同资源写请求；必填字段有效；服务端 version 未被本地标记过期；需要审批时已选择审批单,"校验 X-Idempotency-Key,realName,idNumber,consentVersion；同一业务意图生成稳定 X-Idempotency-Key；请求体变化必须换键；敏感值仅在内存中使用，不写日志、URL、埋点或本地明文缓存",X-Idempotency-Key;realName;idNumber;consentVersion,金额、权益或发布范围变化时二次确认；普通可撤销保存不需要,POST /api/v1/identity/sessions；请求模型 IdentityPostIdentitySessionsRequest；响应模型 IdentityPostIdentitySessionsResponse,X-Idempotency-Key + 服务端结果查询,提交期间锁定同资源写操作，保留输入并显示明确进度；禁止全页无反馈等待,使用同一幂等键仅重试同一请求体；若服务端已受理则先查询结果；409版本冲突不得盲重试,默认留在当前页并刷新；创建成功进入详情，支付/认证/发布结果按对应流程导航,当前资源、来源列表、全局角标/余额/待办中与该领域相关的缓存；禁止无差别清空全部缓存,记录必要业务埋点；读取高敏字段时额外记录访问审计,敏感字段按数据分级脱敏；密码、验证码、身份证、支付账号、秘密引用绝不进入埋点和普通日志,GET 可展示明确标记的最近缓存；写操作离线时禁止提交，不进入隐式离线队列,IdentityPostIdentitySessionsResponse,READY_FOR_IMPLEMENTATION
ACT-ID-001-02,ANDROID,SCR-ID-001,实名认证首页,/me/identity,当前用户资料,页面进入、显式刷新、从后台恢复且缓存过期，或收到相关领域事件后触发,GET /api/v1/me,userGetMe,UserGetMeParameters,登录,不要求,以服务端返回的 version 和状态覆盖详情；重算按钮显示/可用条件；记录页面曝光和请求 requestId,404显示资源不存在或已下架并提供返回；403显示无权限；409触发重新拉取；网络失败保留缓存并标记可能过期,ui_action_scr_id_001_02,REQ-ID-001;REQ-ID-002,TST-ID_001-HAPPY;TST-ID_002-HAPPY,FROZEN_DETAILED_V1.2.2,DETAIL_QUERY,页面主按钮/行操作/更多菜单/标准弹层，具体位置由模板和页面操作规格确定,页面具备读取权限且路由参数完整,网络可用且不存在同资源进行中的请求,路由参数、权限和页面状态有效,无业务请求体；仅使用路由/会话上下文,不需要,GET /api/v1/me；请求模型 UserGetMeParameters；响应模型 UserGetMeResponse,同资源单写请求锁；状态机服务端复核,首次进入使用结构骨架；刷新保留当前内容并显示轻量刷新态,GET 可人工重试；缓存可作为只读降级但禁止基于过期数据执行写操作,留在当前页；资源不存在时返回上一级并从来源列表移除或标记,当前资源、来源列表、全局角标/余额/待办中与该领域相关的缓存；禁止无差别清空全部缓存,记录必要业务埋点；读取高敏字段时额外记录访问审计,遵循最小采集；仅记录业务标识和状态，不记录自由文本中的个人信息,GET 可展示明确标记的最近缓存；写操作离线时禁止提交，不进入隐式离线队列,UserGetMeResponse,READY_FOR_IMPLEMENTATION
ACT-ID-002-01,ANDROID,SCR-ID-002,实名信息输入,/me/identity/form,创建实名会话,用户显式点击操作入口，且本地字段校验、权限、状态机前置条件全部满足,POST /api/v1/identity/sessions,identityPostIdentitySessions,IdentityPostIdentitySessionsRequest,登录,X-Idempotency-Key必填,使用响应中的资源和 version 更新页面；清除已提交脏状态；展示“创建实名会话成功”；刷新受影响列表、详情、余额或配置版本,400逐字段映射；401要求重新认证；403隐藏后续写入口并记录越权拒绝；409提示数据已变化并重新加载；422保留输入并重新加载当前协议；429显示可重试时间；500展示可理解的暂不可用提示且不显示技术字段,ui_action_scr_id_002_01,REQ-ID-001;REQ-ID-002,TST-ID_001-HAPPY;TST-ID_002-HAPPY;TST-ID_001-IDEMPOTENT;TST-ID_002-IDEMPOTENT,FROZEN_DETAILED_V1.2.2,CREATE_OR_SUBMIT,页面主按钮/行操作/更多菜单/标准弹层，具体位置由模板和页面操作规格确定,具备权限 登录，且资源状态允许“创建实名会话”；按钮显示条件由页面状态表和状态机共同决定,不存在同资源写请求；必填字段有效；服务端 version 未被本地标记过期；需要审批时已选择审批单,"校验 X-Idempotency-Key,realName,idNumber,consentVersion；同一业务意图生成稳定 X-Idempotency-Key；请求体变化必须换键；敏感值仅在内存中使用，不写日志、URL、埋点或本地明文缓存",X-Idempotency-Key;realName;idNumber;consentVersion,金额、权益或发布范围变化时二次确认；普通可撤销保存不需要,POST /api/v1/identity/sessions；请求模型 IdentityPostIdentitySessionsRequest；响应模型 IdentityPostIdentitySessionsResponse,X-Idempotency-Key + 服务端结果查询,提交期间锁定同资源写操作，保留输入并显示明确进度；禁止全页无反馈等待,使用同一幂等键仅重试同一请求体；若服务端已受理则先查询结果；409版本冲突不得盲重试,默认留在当前页并刷新；创建成功进入详情，支付/认证/发布结果按对应流程导航,当前资源、来源列表、全局角标/余额/待办中与该领域相关的缓存；禁止无差别清空全部缓存,记录必要业务埋点；读取高敏字段时额外记录访问审计,敏感字段按分级脱敏；密码、验证码、身份证、支付账号、秘密引用绝不进入埋点和普通日志,GET 可展示明确标记的最近缓存；写操作离线时禁止提交，不进入隐式离线队列,IdentityPostIdentitySessionsResponse,READY_FOR_IMPLEMENTATION
ACT-ID-002-02,ANDROID,SCR-ID-002,实名信息输入,/me/identity/form,获取当前实名认证授权说明,进入表单自动触发；版本失效或用户重试时重新加载,GET /api/v1/identity/consent,identityGetIdentityConsent,IdentityGetIdentityConsentParameters,登录,不要求,展示标题和正文并仅在内存保留版本ID；每次重新加载都取消旧勾选,401返回登录；403收回提交入口；429按服务端时间等待；500保留姓名身份证输入并提供重新加载,ui_action_scr_id_002_02,REQ-ID-001;REQ-ID-002,TST-ID_001-HAPPY;TST-ID_002-HAPPY,FROZEN_DETAILED_V1.2.2,DETAIL_QUERY,表单进入后自动加载，不提供技术性手动创建控件,用户已登录且进入实名信息表单,网络可用且不存在同一加载请求,无请求体；版本ID只能用于当前内存中的会话提交,无,不需要,GET /api/v1/identity/consent；请求模型 IdentityGetIdentityConsentParameters；响应模型 IdentityGetIdentityConsentResponse,同请求去重,显示正文加载状态；姓名和身份证输入不因读取失败清空,GET可人工重试；创建会话返回协议已更新时自动重新加载并取消旧勾选,留在当前表单,仅更新当前授权说明和提交可用性；不得全局清缓存,只记录加载成功或失败分类；不记录正文和版本ID,正文仅当前页面展示；版本ID不进入日志、URL、埋点或可见文本,离线禁止提交并提供重新加载,IdentityGetIdentityConsentResponse,READY_FOR_IMPLEMENTATION
ACT-ID-003-01,ANDROID,SCR-ID-003,活体检测容器,/me/identity/liveness,获取活体H5,用户显式点击操作入口，且本地字段校验、权限、状态机前置条件全部满足,POST /api/v1/identity/sessions/{id}/liveness-token,identityPostIdentitySessionsByIdLivenessToken,IdentityPostIdentitySessionsByIdLivenessTokenRequest,登录,X-Idempotency-Key必填,以响应数据更新页面和关联缓存；展示“获取活体H5成功”；仅刷新受影响区域,400逐字段映射；401要求重新认证；403隐藏后续写入口并记录越权拒绝；409提示数据已变化并重新加载；422展示业务原因且保留输入；429显示可重试时间；500保留上下文并提供 requestId,ui_action_scr_id_003_01,REQ-ID-001;REQ-ID-002,TST-ID_001-HAPPY;TST-ID_002-HAPPY;TST-ID_001-IDEMPOTENT;TST-ID_002-IDEMPOTENT,FROZEN_DETAILED_V1.2.2,CREATE_OR_SUBMIT,页面主按钮/行操作/更多菜单/标准弹层，具体位置由模板和页面操作规格确定,具备权限 登录，且资源状态允许“获取活体H5”；按钮显示条件由页面状态表和状态机共同决定,不存在同资源写请求；必填字段有效；服务端 version 未被本地标记过期；需要审批时已选择审批单,"校验 id,X-Idempotency-Key,returnUrl；同一业务意图生成稳定 X-Idempotency-Key；请求体变化必须换键",id;X-Idempotency-Key;returnUrl,金额、权益或发布范围变化时二次确认；普通可撤销保存不需要,POST /api/v1/identity/sessions/{id}/liveness-token；请求模型 IdentityPostIdentitySessionsByIdLivenessTokenRequest；响应模型 IdentityPostIdentitySessionsByIdLivenessTokenResponse,X-Idempotency-Key + 服务端结果查询,提交期间锁定同资源写操作，保留输入并显示明确进度；禁止全页无反馈等待,使用同一幂等键仅重试同一请求体；若服务端已受理则先查询结果；409版本冲突不得盲重试,默认留在当前页并刷新；创建成功进入详情，支付/认证/发布结果按对应流程导航,当前资源、来源列表、全局角标/余额/待办中与该领域相关的缓存；禁止无差别清空全部缓存,记录必要业务埋点；读取高敏字段时额外记录访问审计,遵循最小采集；仅记录业务标识和状态，不记录自由文本中的个人信息,GET 可展示明确标记的最近缓存；写操作离线时禁止提交，不进入隐式离线队列,IdentityPostIdentitySessionsByIdLivenessTokenResponse,READY_FOR_IMPLEMENTATION
ACT-ID-003-02,ANDROID,SCR-ID-003,活体检测容器,/me/identity/liveness,查询实名状态,页面进入、显式刷新、从后台恢复且缓存过期，或收到相关领域事件后触发,GET /api/v1/identity/sessions/{id},identityGetIdentitySessionsById,IdentityGetIdentitySessionsByIdParameters,登录,不要求,以服务端返回的 version 和状态覆盖详情；重算按钮显示/可用条件；记录页面曝光和请求 requestId,404显示资源不存在或已下架并提供返回；403显示无权限；409触发重新拉取；网络失败保留缓存并标记可能过期,ui_action_scr_id_003_02,REQ-ID-001;REQ-ID-002,TST-ID_001-HAPPY;TST-ID_002-HAPPY,FROZEN_DETAILED_V1.2.2,DETAIL_QUERY,页面主按钮/行操作/更多菜单/标准弹层，具体位置由模板和页面操作规格确定,页面具备读取权限且路由参数完整,网络可用且不存在同资源进行中的请求,校验 id,id,不需要,GET /api/v1/identity/sessions/{id}；请求模型 IdentityGetIdentitySessionsByIdParameters；响应模型 IdentityGetIdentitySessionsByIdResponse,同资源单写请求锁；状态机服务端复核,首次进入使用结构骨架；刷新保留当前内容并显示轻量刷新态,GET 可人工重试；缓存可作为只读降级但禁止基于过期数据执行写操作,留在当前页；资源不存在时返回上一级并从来源列表移除或标记,当前资源、来源列表、全局角标/余额/待办中与该领域相关的缓存；禁止无差别清空全部缓存,记录必要业务埋点；读取高敏字段时额外记录访问审计,遵循最小采集；仅记录业务标识和状态，不记录自由文本中的个人信息,GET 可展示明确标记的最近缓存；写操作离线时禁止提交，不进入隐式离线队列,IdentityGetIdentitySessionsByIdResponse,READY_FOR_IMPLEMENTATION
ACT-ID-004-01,ANDROID,SCR-ID-004,实名结果,/me/identity/result,查询实名状态,页面进入、显式刷新、从后台恢复且缓存过期，或收到相关领域事件后触发,GET /api/v1/identity/sessions/{id},identityGetIdentitySessionsById,IdentityGetIdentitySessionsByIdParameters,登录,不要求,以服务端返回的 version 和状态覆盖详情；重算按钮显示/可用条件；记录页面曝光和请求 requestId,404显示资源不存在或已下架并提供返回；403显示无权限；409触发重新拉取；网络失败保留缓存并标记可能过期,ui_action_scr_id_004_01,REQ-ID-001;REQ-ID-002,TST-ID_001-HAPPY;TST-ID_002-HAPPY,FROZEN_DETAILED_V1.2.2,DETAIL_QUERY,页面主按钮/行操作/更多菜单/标准弹层，具体位置由模板和页面操作规格确定,页面具备读取权限且路由参数完整,网络可用且不存在同资源进行中的请求,校验 id,id,不需要,GET /api/v1/identity/sessions/{id}；请求模型 IdentityGetIdentitySessionsByIdParameters；响应模型 IdentityGetIdentitySessionsByIdResponse,同资源单写请求锁；状态机服务端复核,首次进入使用结构骨架；刷新保留当前内容并显示轻量刷新态,GET 可人工重试；缓存可作为只读降级但禁止基于过期数据执行写操作,留在当前页；资源不存在时返回上一级并从来源列表移除或标记,当前资源、来源列表、全局角标/余额/待办中与该领域相关的缓存；禁止无差别清空全部缓存,记录必要业务埋点；读取高敏字段时额外记录访问审计,遵循最小采集；仅记录业务标识和状态，不记录自由文本中的个人信息,GET 可展示明确标记的最近缓存；写操作离线时禁止提交，不进入隐式离线队列,IdentityGetIdentitySessionsByIdResponse,READY_FOR_IMPLEMENTATION
ACT-ID-004-02,ANDROID,SCR-ID-004,实名结果,/me/identity/result,重新认证,用户显式点击操作入口，且本地字段校验、权限、状态机前置条件全部满足,POST /api/v1/identity/sessions/{id}/retry,identityPostIdentitySessionsByIdRetry,IdentityPostIdentitySessionsByIdRetryRequest,登录,X-Idempotency-Key必填,以响应数据更新页面和关联缓存；展示“重新认证成功”；仅刷新受影响区域,400逐字段映射；401要求重新认证；403隐藏后续写入口并记录越权拒绝；409提示数据已变化并重新加载；422展示业务原因且保留输入；429显示可重试时间；500保留上下文并提供 requestId,ui_action_scr_id_004_02,REQ-ID-001;REQ-ID-002,TST-ID_001-HAPPY;TST-ID_002-HAPPY;TST-ID_001-IDEMPOTENT;TST-ID_002-IDEMPOTENT,FROZEN_DETAILED_V1.2.2,CREATE_OR_SUBMIT,页面主按钮/行操作/更多菜单/标准弹层，具体位置由模板和页面操作规格确定,具备权限 登录，且资源状态允许“重新认证”；按钮显示条件由页面状态表和状态机共同决定,不存在同资源写请求；必填字段有效；服务端 version 未被本地标记过期；需要审批时已选择审批单,"校验 id,X-Idempotency-Key,reason,expectedVersion,payload；expectedVersion 必须等于页面最后一次成功读取的服务端版本；同一业务意图生成稳定 X-Idempotency-Key；请求体变化必须换键",id;X-Idempotency-Key;reason;expectedVersion;payload,必须二次确认；确认框展示目标、影响、不可逆性、原因、审批要求和将触发的通知,POST /api/v1/identity/sessions/{id}/retry；请求模型 IdentityPostIdentitySessionsByIdRetryRequest；响应模型 IdentityPostIdentitySessionsByIdRetryResponse,expectedVersion 乐观锁 + X-Idempotency-Key + 服务端结果查询,提交期间锁定同资源写操作，保留输入并显示明确进度；禁止全页无反馈等待,使用同一幂等键仅重试同一请求体；若服务端已受理则先查询结果；409版本冲突不得盲重试,默认留在当前页并刷新；创建成功进入详情，支付/认证/发布结果按对应流程导航,当前资源、来源列表、全局角标/余额/待办中与该领域相关的缓存；禁止无差别清空全部缓存,记录必要业务埋点；读取高敏字段时额外记录访问审计,遵循最小采集；仅记录业务标识和状态，不记录自由文本中的个人信息,GET 可展示明确标记的最近缓存；写操作离线时禁止提交，不进入隐式离线队列,IdentityPostIdentitySessionsByIdRetryResponse,READY_FOR_IMPLEMENTATION
ACT-SUPPORT-001-01,ANDROID,SCR-SUPPORT-001,帮助中心,/support/help,帮助列表,页面首次进入、下拉刷新、筛选/排序变化或滚动触底时触发；相同查询条件避免并发重复请求,GET /api/v1/help/articles,supportGetHelpArticles,SupportGetHelpArticlesParameters,登录,不要求,首屏替换数据，翻页仅追加去重；更新分页、筛选回显、总数/游标和最后刷新时间；空结果进入业务空状态,首屏失败显示全页错误与重试；刷新失败保留旧数据并提示；翻页失败保留已加载数据并提供行内重试；401跳登录或会话升级，403显示无权限，404不适用,ui_action_scr_support_001_01,REQ-SUPPORT-001,TST-SUPPORT_001-HAPPY,FROZEN_DETAILED_V1.2.2,LIST_QUERY,页面主按钮/行操作/更多菜单/标准弹层，具体位置由模板和页面操作规格确定,页面具备读取权限；筛选项按数据范围和角色显示,网络可用；非正在刷新；翻页时 nextCursor/hasNext 为真,"校验 page,pageSize,cursor,status,keyword,sort",page;pageSize;cursor;status;keyword;sort,不需要,GET /api/v1/help/articles；请求模型 SupportGetHelpArticlesParameters；响应模型 SupportGetHelpArticlesResponse,同资源单写请求锁；状态机服务端复核,首屏使用骨架屏；刷新保留现有数据；翻页使用列表尾部加载器,GET 可人工重试；网络瞬断最多指数退避自动重试 2 次；筛选变化取消旧请求,留在当前页；点击行/卡片按页面导航规格进入详情,当前资源、来源列表、全局角标/余额/待办中与该领域相关的缓存；禁止无差别清空全部缓存,记录必要业务埋点；读取高敏字段时额外记录访问审计,遵循最小采集；仅记录业务标识和状态，不记录自由文本中的个人信息,GET 可展示明确标记的最近缓存；写操作离线时禁止提交，不进入隐式离线队列,SupportGetHelpArticlesResponse,READY_FOR_IMPLEMENTATION
ACT-SUPPORT-002-01,ANDROID,SCR-SUPPORT-002,创建工单,/support/tickets/create,创建工单,用户显式点击操作入口，且本地字段校验、权限、状态机前置条件全部满足,POST /api/v1/support/tickets,supportPostSupportTickets,SupportPostSupportTicketsRequest,登录,X-Idempotency-Key必填,使用响应中的资源和 version 更新页面；清除已提交脏状态；展示“创建工单成功”；刷新受影响列表、详情、余额或配置版本,400逐字段映射；401要求重新认证；403隐藏后续写入口并记录越权拒绝；409提示数据已变化并重新加载；422展示业务原因且保留输入；429显示可重试时间；500保留上下文并提供 requestId,ui_action_scr_support_002_01,REQ-SUPPORT-001,TST-SUPPORT_001-HAPPY;TST-SUPPORT_001-IDEMPOTENT,FROZEN_DETAILED_V1.2.2,CREATE_OR_SUBMIT,页面主按钮/行操作/更多菜单/标准弹层，具体位置由模板和页面操作规格确定,具备权限 登录，且资源状态允许“创建工单”；按钮显示条件由页面状态表和状态机共同决定,不存在同资源写请求；必填字段有效；服务端 version 未被本地标记过期；需要审批时已选择审批单,"校验 X-Idempotency-Key,category,subject,content,attachments；同一业务意图生成稳定 X-Idempotency-Key；请求体变化必须换键",X-Idempotency-Key;category;subject;content;attachments,金额、权益或发布范围变化时二次确认；普通可撤销保存不需要,POST /api/v1/support/tickets；请求模型 SupportPostSupportTicketsRequest；响应模型 SupportPostSupportTicketsResponse,X-Idempotency-Key + 服务端结果查询,提交期间锁定同资源写操作，保留输入并显示明确进度；禁止全页无反馈等待,使用同一幂等键仅重试同一请求体；若服务端已受理则先查询结果；409版本冲突不得盲重试,默认留在当前页并刷新；创建成功进入详情，支付/认证/发布结果按对应流程导航,当前资源、来源列表、全局角标/余额/待办中与该领域相关的缓存；禁止无差别清空全部缓存,记录必要业务埋点；读取高敏字段时额外记录访问审计,遵循最小采集；仅记录业务标识和状态，不记录自由文本中的个人信息,GET 可展示明确标记的最近缓存；写操作离线时禁止提交，不进入隐式离线队列,SupportPostSupportTicketsResponse,READY_FOR_IMPLEMENTATION
ACT-SUPPORT-003-01,ANDROID,SCR-SUPPORT-003,工单列表,/support/tickets,工单列表,页面首次进入、下拉刷新、筛选/排序变化或滚动触底时触发；相同查询条件避免并发重复请求,GET /api/v1/support/tickets,supportGetSupportTickets,SupportGetSupportTicketsParameters,登录,不要求,首屏替换数据，翻页仅追加去重；更新分页、筛选回显、总数/游标和最后刷新时间；空结果进入业务空状态,首屏失败显示全页错误与重试；刷新失败保留旧数据并提示；翻页失败保留已加载数据并提供行内重试；401跳登录或会话升级，403显示无权限，404不适用,ui_action_scr_support_003_01,REQ-SUPPORT-001,TST-SUPPORT_001-HAPPY,FROZEN_DETAILED_V1.2.2,LIST_QUERY,页面主按钮/行操作/更多菜单/标准弹层，具体位置由模板和页面操作规格确定,页面具备读取权限；筛选项按数据范围和角色显示,网络可用；非正在刷新；翻页时 nextCursor/hasNext 为真,"校验 page,pageSize,cursor,status,keyword,sort",page;pageSize;cursor;status;keyword;sort,不需要,GET /api/v1/support/tickets；请求模型 SupportGetSupportTicketsParameters；响应模型 SupportGetSupportTicketsResponse,同资源单写请求锁；状态机服务端复核,首屏使用骨架屏；刷新保留现有数据；翻页使用列表尾部加载器,GET 可人工重试；网络瞬断最多指数退避自动重试 2 次；筛选变化取消旧请求,留在当前页；点击行/卡片按页面导航规格进入详情,当前资源、来源列表、全局角标/余额/待办中与该领域相关的缓存；禁止无差别清空全部缓存,记录必要业务埋点；读取高敏字段时额外记录访问审计,遵循最小采集；仅记录业务标识和状态，不记录自由文本中的个人信息,GET 可展示明确标记的最近缓存；写操作离线时禁止提交，不进入隐式离线队列,SupportGetSupportTicketsResponse,READY_FOR_IMPLEMENTATION
ACT-SUPPORT-004-01,ANDROID,SCR-SUPPORT-004,工单详情,/support/tickets/{id},工单详情,页面进入、显式刷新、从后台恢复且缓存过期，或收到相关领域事件后触发,GET /api/v1/support/tickets/{id},supportGetSupportTicketsById,SupportGetSupportTicketsByIdParameters,登录+所有者,不要求,以服务端返回的 version 和状态覆盖详情；重算按钮显示/可用条件；记录页面曝光和请求 requestId,404显示资源不存在或已下架并提供返回；403显示无权限；409触发重新拉取；网络失败保留缓存并标记可能过期,ui_action_scr_support_004_01,REQ-SUPPORT-001,TST-SUPPORT_001-HAPPY,FROZEN_DETAILED_V1.2.2,DETAIL_QUERY,页面主按钮/行操作/更多菜单/标准弹层，具体位置由模板和页面操作规格确定,页面具备读取权限且路由参数完整,网络可用且不存在同资源进行中的请求,校验 id,id,不需要,GET /api/v1/support/tickets/{id}；请求模型 SupportGetSupportTicketsByIdParameters；响应模型 SupportGetSupportTicketsByIdResponse,同资源单写请求锁；状态机服务端复核,首次进入使用结构骨架；刷新保留当前内容并显示轻量刷新态,GET 可人工重试；缓存可作为只读降级但禁止基于过期数据执行写操作,留在当前页；资源不存在时返回上一级并从来源列表移除或标记,当前资源、来源列表、全局角标/余额/待办中与该领域相关的缓存；禁止无差别清空全部缓存,记录必要业务埋点；读取高敏字段时额外记录访问审计,遵循最小采集；仅记录业务标识和状态，不记录自由文本中的个人信息,GET 可展示明确标记的最近缓存；写操作离线时禁止提交，不进入隐式离线队列,SupportGetSupportTicketsByIdResponse,READY_FOR_IMPLEMENTATION
ACT-SUPPORT-004-02,ANDROID,SCR-SUPPORT-004,工单详情,/support/tickets/{id},补充消息,用户显式点击操作入口，且本地字段校验、权限、状态机前置条件全部满足,POST /api/v1/support/tickets/{id}/messages,supportPostSupportTicketsByIdMessages,SupportPostSupportTicketsByIdMessagesRequest,登录+所有者,X-Idempotency-Key必填,以响应数据更新页面和关联缓存；展示“补充消息成功”；仅刷新受影响区域,400逐字段映射；401要求重新认证；403隐藏后续写入口并记录越权拒绝；409提示数据已变化并重新加载；422展示业务原因且保留输入；429显示可重试时间；500保留上下文并提供 requestId,ui_action_scr_support_004_02,REQ-SUPPORT-001,TST-SUPPORT_001-HAPPY;TST-SUPPORT_001-IDEMPOTENT,FROZEN_DETAILED_V1.2.2,CREATE_OR_SUBMIT,页面主按钮/行操作/更多菜单/标准弹层，具体位置由模板和页面操作规格确定,具备权限 登录+所有者，且资源状态允许“补充消息”；按钮显示条件由页面状态表和状态机共同决定,不存在同资源写请求；必填字段有效；服务端 version 未被本地标记过期；需要审批时已选择审批单,"校验 id,X-Idempotency-Key,content,attachments；同一业务意图生成稳定 X-Idempotency-Key；请求体变化必须换键",id;X-Idempotency-Key;content;attachments,金额、权益或发布范围变化时二次确认；普通可撤销保存不需要,POST /api/v1/support/tickets/{id}/messages；请求模型 SupportPostSupportTicketsByIdMessagesRequest；响应模型 SupportPostSupportTicketsByIdMessagesResponse,X-Idempotency-Key + 服务端结果查询,提交期间锁定同资源写操作，保留输入并显示明确进度；禁止全页无反馈等待,使用同一幂等键仅重试同一请求体；若服务端已受理则先查询结果；409版本冲突不得盲重试,默认留在当前页并刷新；创建成功进入详情，支付/认证/发布结果按对应流程导航,当前资源、来源列表、全局角标/余额/待办中与该领域相关的缓存；禁止无差别清空全部缓存,记录必要业务埋点；读取高敏字段时额外记录访问审计,遵循最小采集；仅记录业务标识和状态，不记录自由文本中的个人信息,GET 可展示明确标记的最近缓存；写操作离线时禁止提交，不进入隐式离线队列,SupportPostSupportTicketsByIdMessagesResponse,READY_FOR_IMPLEMENTATION
ACT-SET-001-01,ANDROID,SCR-SET-001,设置,/me/settings,退出当前会话,用户显式提交且本地校验、安全挑战或会话升级条件已满足,POST /api/v1/auth/logout,authPostAuthLogout,AuthPostAuthLogoutRequest,登录,X-Idempotency-Key必填,更新认证会话或安全状态；清除一次性挑战和敏感输入；按来源跳转；记录安全审计但不记录秘密,字段错误就地提示；挑战过期要求重建；限流显示剩余时间；账号受限跳转账号受限页；服务端错误不清空可安全保留的非敏感字段,ui_action_scr_set_001_01,REQ-NOTIFY-001,TST-NOTIFY_001-HAPPY;TST-NOTIFY_001-IDEMPOTENT,FROZEN_DETAILED_V1.2.2,AUTH_SECURITY,页面主按钮/行操作/更多菜单/标准弹层，具体位置由模板和页面操作规格确定,仅在当前认证状态允许时显示；已完成步骤不可重复展示,必填字段有效、验证码/挑战未过期、未触发倒计时或锁定,"校验 X-Idempotency-Key,reason,expectedVersion,payload；expectedVersion 必须等于页面最后一次成功读取的服务端版本；同一业务意图生成稳定 X-Idempotency-Key；请求体变化必须换键",X-Idempotency-Key;reason;expectedVersion;payload,修改密码、解绑MFA、退出全部会话等高风险操作需要二次确认；登录和普通验证不需要,POST /api/v1/auth/logout；请求模型 AuthPostAuthLogoutRequest；响应模型 AuthPostAuthLogoutResponse,expectedVersion 乐观锁 + X-Idempotency-Key + 服务端结果查询,锁定提交按钮，保留非敏感输入；密码、验证码和密钥不得写入日志、埋点或持久化,仅在获得新挑战/验证码或用户再次确认后重试；幂等键不得跨不同提交内容复用,按认证流程图跳转到首页、MFA、账号受限页或原始目标页,当前资源、来源列表、全局角标/余额/待办中与该领域相关的缓存；禁止无差别清空全部缓存,记录必要业务埋点；读取高敏字段时额外记录访问审计,遵循最小采集；仅记录业务标识和状态，不记录自由文本中的个人信息,GET 可展示明确标记的最近缓存；写操作离线时禁止提交，不进入隐式离线队列,AuthPostAuthLogoutResponse,READY_FOR_IMPLEMENTATION
ACT-SET-001-02,ANDROID,SCR-SET-001,设置,/me/settings,修改头像昵称简介,用户显式点击操作入口，且本地字段校验、权限、状态机前置条件全部满足,PATCH /api/v1/me/profile,userPatchMeProfile,UserPatchMeProfileRequest,登录,X-Idempotency-Key必填,使用响应中的资源和 version 更新页面；清除已提交脏状态；展示“修改头像昵称简介成功”；刷新受影响列表、详情、余额或配置版本,400逐字段映射；401要求重新认证；403隐藏后续写入口并记录越权拒绝；409提示数据已变化并重新加载；422展示业务原因且保留输入；429显示可重试时间；500保留上下文并提供 requestId,ui_action_scr_set_001_02,REQ-NOTIFY-001,TST-NOTIFY_001-HAPPY;TST-NOTIFY_001-IDEMPOTENT,FROZEN_DETAILED_V1.2.2,UPDATE,页面主按钮/行操作/更多菜单/标准弹层，具体位置由模板和页面操作规格确定,具备权限 登录，且资源状态允许“修改头像昵称简介”；按钮显示条件由页面状态表和状态机共同决定,不存在同资源写请求；必填字段有效；服务端 version 未被本地标记过期；需要审批时已选择审批单,"校验 X-Idempotency-Key,nickname,avatarMediaId,bio,expectedVersion；expectedVersion 必须等于页面最后一次成功读取的服务端版本；同一业务意图生成稳定 X-Idempotency-Key；请求体变化必须换键",X-Idempotency-Key;nickname;avatarMediaId;bio;expectedVersion,金额、权益或发布范围变化时二次确认；普通可撤销保存不需要,PATCH /api/v1/me/profile；请求模型 UserPatchMeProfileRequest；响应模型 UserPatchMeProfileResponse,expectedVersion 乐观锁 + X-Idempotency-Key + 服务端结果查询,提交期间锁定同资源写操作，保留输入并显示明确进度；禁止全页无反馈等待,使用同一幂等键仅重试同一请求体；若服务端已受理则先查询结果；409版本冲突不得盲重试,默认留在当前页并刷新；创建成功进入详情，支付/认证/发布结果按对应流程导航,当前资源、来源列表、全局角标/余额/待办中与该领域相关的缓存；禁止无差别清空全部缓存,记录必要业务埋点；读取高敏字段时额外记录访问审计,遵循最小采集；仅记录业务标识和状态，不记录自由文本中的个人信息,GET 可展示明确标记的最近缓存；写操作离线时禁止提交，不进入隐式离线队列,UserPatchMeProfileResponse,READY_FOR_IMPLEMENTATION
ACT-ABOUT-001-01,ANDROID,SCR-ABOUT-001,关于与检查更新,/me/about,按平台、版本号、渠道和环境返回可选/强制更新策略,用户显式点击操作入口，且本地字段校验、权限、状态机前置条件全部满足,POST /public-api/v1/app/version-check,appReleasePostAppVersionCheck,AppReleasePostAppVersionCheckRequest,公开,不要求,使用响应中的资源和 version 更新页面；清除已提交脏状态；展示“按平台、版本号、渠道和环境返回可选/强制更新策略成功”；刷新受影响列表、详情、余额或配置版本,400逐字段映射；401要求重新认证；403隐藏后续写入口并记录越权拒绝；409提示数据已变化并重新加载；422展示业务原因且保留输入；429显示可重试时间；500保留上下文并提供 requestId,ui_action_scr_about_001_01,REQ-APP-RELEASE-001,TST-APP_RELEASE_001-HAPPY,FROZEN_DETAILED_V1.2.2,CREATE_OR_SUBMIT,页面主按钮/行操作/更多菜单/标准弹层，具体位置由模板和页面操作规格确定,具备权限 公开，且资源状态允许“按平台、版本号、渠道和环境返回可选/强制更新策略”；按钮显示条件由页面状态表和状态机共同决定,不存在同资源写请求；必填字段有效；服务端 version 未被本地标记过期；需要审批时已选择审批单,"校验 platform,versionCode,versionName,channel,environment",platform;versionCode;versionName;channel;environment,金额、权益或发布范围变化时二次确认；普通可撤销保存不需要,POST /public-api/v1/app/version-check；请求模型 AppReleasePostAppVersionCheckRequest；响应模型 AppReleasePostAppVersionCheckResponse,同资源单写请求锁；状态机服务端复核,提交期间锁定同资源写操作，保留输入并显示明确进度；禁止全页无反馈等待,写操作不自动重试；用户重新确认后使用最新 version 发起新请求,默认留在当前页并刷新；创建成功进入详情，支付/认证/发布结果按对应流程导航,当前资源、来源列表、全局角标/余额/待办中与该领域相关的缓存；禁止无差别清空全部缓存,记录必要业务埋点；读取高敏字段时额外记录访问审计,遵循最小采集；仅记录业务标识和状态，不记录自由文本中的个人信息,GET 可展示明确标记的最近缓存；写操作离线时禁止提交，不进入隐式离线队列,AppReleasePostAppVersionCheckResponse,READY_FOR_IMPLEMENTATION
ACT-ABOUT-001-02,ANDROID,SCR-ABOUT-001,关于与检查更新,/me/about,协议内容,页面进入、显式刷新、从后台恢复且缓存过期，或收到相关领域事件后触发,GET /public-api/v1/agreements/{code},publicGetAgreementsByCode,PublicGetAgreementsByCodeParameters,公开,不要求,以服务端返回的 version 和状态覆盖详情；重算按钮显示/可用条件；记录页面曝光和请求 requestId,404显示资源不存在或已下架并提供返回；403显示无权限；409触发重新拉取；网络失败保留缓存并标记可能过期,ui_action_scr_about_001_02,REQ-APP-RELEASE-001,TST-APP_RELEASE_001-HAPPY,FROZEN_DETAILED_V1.2.2,DETAIL_QUERY,页面主按钮/行操作/更多菜单/标准弹层，具体位置由模板和页面操作规格确定,页面具备读取权限且路由参数完整,网络可用且不存在同资源进行中的请求,校验 code；敏感值仅在内存中使用，不写日志、URL、埋点或本地明文缓存,code,不需要,GET /public-api/v1/agreements/{code}；请求模型 PublicGetAgreementsByCodeParameters；响应模型 PublicGetAgreementsByCodeResponse,同资源单写请求锁；状态机服务端复核,首次进入使用结构骨架；刷新保留当前内容并显示轻量刷新态,GET 可人工重试；缓存可作为只读降级但禁止基于过期数据执行写操作,留在当前页；资源不存在时返回上一级并从来源列表移除或标记,当前资源、来源列表、全局角标/余额/待办中与该领域相关的缓存；禁止无差别清空全部缓存,记录必要业务埋点；读取高敏字段时额外记录访问审计,敏感字段按数据分级脱敏；密码、验证码、身份证、支付账号、秘密引用绝不进入埋点和普通日志,GET 可展示明确标记的最近缓存；写操作离线时禁止提交，不进入隐式离线队列,PublicGetAgreementsByCodeResponse,READY_FOR_IMPLEMENTATION
ACT-H5-001-01,H5,H5-001,品牌宣传下载页,/,H5宣传页配置,页面首次进入、下拉刷新、筛选/排序变化或滚动触底时触发；相同查询条件避免并发重复请求,GET /public-api/v1/home-page,publicGetHomePage,PublicGetHomePageParameters,公开,不要求,首屏替换数据，翻页仅追加去重；更新分页、筛选回显、总数/游标和最后刷新时间；空结果进入业务空状态,首屏失败显示全页错误与重试；刷新失败保留旧数据并提示；翻页失败保留已加载数据并提供行内重试；401跳登录或会话升级，403显示无权限，404不适用,ui_action_h5_001_01,REQ-H5-001;REQ-APP-RELEASE-001,TST-H5_001-HAPPY;TST-APP_RELEASE_001-HAPPY,FROZEN_DETAILED_V1.2.2,LIST_QUERY,页面主按钮/行操作/更多菜单/标准弹层，具体位置由模板和页面操作规格确定,页面具备读取权限；筛选项按数据范围和角色显示,网络可用；非正在刷新；翻页时 nextCursor/hasNext 为真,"校验 page,pageSize,cursor,status,keyword,sort",page;pageSize;cursor;status;keyword;sort,不需要,GET /public-api/v1/home-page；请求模型 PublicGetHomePageParameters；响应模型 PublicGetHomePageResponse,同资源单写请求锁；状态机服务端复核,首屏使用骨架屏；刷新保留现有数据；翻页使用列表尾部加载器,GET 可人工重试；网络瞬断最多指数退避自动重试 2 次；筛选变化取消旧请求,留在当前页；点击行/卡片按页面导航规格进入详情,当前资源、来源列表、全局角标/余额/待办中与该领域相关的缓存；禁止无差别清空全部缓存,记录必要业务埋点；读取高敏字段时额外记录访问审计,遵循最小采集；仅记录业务标识和状态，不记录自由文本中的个人信息,GET 可展示明确标记的最近缓存；写操作离线时禁止提交，不进入隐式离线队列,PublicGetHomePageResponse,READY_FOR_IMPLEMENTATION
ACT-H5-001-02,H5,H5-001,品牌宣传下载页,/,最新APK下载信息,页面进入、显式刷新、从后台恢复且缓存过期，或收到相关领域事件后触发,GET /public-api/v1/app/latest,publicGetAppLatest,PublicGetAppLatestParameters,公开,不要求,以服务端返回的 version 和状态覆盖详情；重算按钮显示/可用条件；记录页面曝光和请求 requestId,404显示资源不存在或已下架并提供返回；403显示无权限；409触发重新拉取；网络失败保留缓存并标记可能过期,ui_action_h5_001_02,REQ-H5-001;REQ-APP-RELEASE-001,TST-H5_001-HAPPY;TST-APP_RELEASE_001-HAPPY,FROZEN_DETAILED_V1.2.2,DETAIL_QUERY,页面主按钮/行操作/更多菜单/标准弹层，具体位置由模板和页面操作规格确定,页面具备读取权限且路由参数完整,网络可用且不存在同资源进行中的请求,路由参数、权限和页面状态有效,无业务请求体；仅使用路由/会话上下文,不需要,GET /public-api/v1/app/latest；请求模型 PublicGetAppLatestParameters；响应模型 PublicGetAppLatestResponse,同资源单写请求锁；状态机服务端复核,首次进入使用结构骨架；刷新保留当前内容并显示轻量刷新态,GET 可人工重试；缓存可作为只读降级但禁止基于过期数据执行写操作,留在当前页；资源不存在时返回上一级并从来源列表移除或标记,当前资源、来源列表、全局角标/余额/待办中与该领域相关的缓存；禁止无差别清空全部缓存,记录必要业务埋点；读取高敏字段时额外记录访问审计,遵循最小采集；仅记录业务标识和状态，不记录自由文本中的个人信息,GET 可展示明确标记的最近缓存；写操作离线时禁止提交，不进入隐式离线队列,PublicGetAppLatestResponse,READY_FOR_IMPLEMENTATION
ACT-H5-002-01,H5,H5-002,安装教程,/install-guide,最新APK下载信息,页面进入、显式刷新、从后台恢复且缓存过期，或收到相关领域事件后触发,GET /public-api/v1/app/latest,publicGetAppLatest,PublicGetAppLatestParameters,公开,不要求,以服务端返回的 version 和状态覆盖详情；重算按钮显示/可用条件；记录页面曝光和请求 requestId,404显示资源不存在或已下架并提供返回；403显示无权限；409触发重新拉取；网络失败保留缓存并标记可能过期,ui_action_h5_002_01,REQ-H5-001,TST-H5_001-HAPPY,FROZEN_DETAILED_V1.2.2,DETAIL_QUERY,页面主按钮/行操作/更多菜单/标准弹层，具体位置由模板和页面操作规格确定,页面具备读取权限且路由参数完整,网络可用且不存在同资源进行中的请求,路由参数、权限和页面状态有效,无业务请求体；仅使用路由/会话上下文,不需要,GET /public-api/v1/app/latest；请求模型 PublicGetAppLatestParameters；响应模型 PublicGetAppLatestResponse,同资源单写请求锁；状态机服务端复核,首次进入使用结构骨架；刷新保留当前内容并显示轻量刷新态,GET 可人工重试；缓存可作为只读降级但禁止基于过期数据执行写操作,留在当前页；资源不存在时返回上一级并从来源列表移除或标记,当前资源、来源列表、全局角标/余额/待办中与该领域相关的缓存；禁止无差别清空全部缓存,记录必要业务埋点；读取高敏字段时额外记录访问审计,遵循最小采集；仅记录业务标识和状态，不记录自由文本中的个人信息,GET 可展示明确标记的最近缓存；写操作离线时禁止提交，不进入隐式离线队列,PublicGetAppLatestResponse,READY_FOR_IMPLEMENTATION
ACT-H5-002-02,H5,H5-002,安装教程,/install-guide,公开帮助文章详情,页面进入、显式刷新、从后台恢复且缓存过期，或收到相关领域事件后触发,GET /public-api/v1/help/articles/{id},publicGetHelpArticlesById,PublicGetHelpArticlesByIdParameters,公开,不要求,以服务端返回的 version 和状态覆盖详情；重算按钮显示/可用条件；记录页面曝光和请求 requestId,404显示资源不存在或已下架并提供返回；403显示无权限；409触发重新拉取；网络失败保留缓存并标记可能过期,ui_action_h5_002_02,REQ-H5-001,TST-H5_001-HAPPY,FROZEN_DETAILED_V1.2.2,DETAIL_QUERY,页面主按钮/行操作/更多菜单/标准弹层，具体位置由模板和页面操作规格确定,页面具备读取权限且路由参数完整,网络可用且不存在同资源进行中的请求,校验 id,id,不需要,GET /public-api/v1/help/articles/{id}；请求模型 PublicGetHelpArticlesByIdParameters；响应模型 PublicGetHelpArticlesByIdResponse,同资源单写请求锁；状态机服务端复核,首次进入使用结构骨架；刷新保留当前内容并显示轻量刷新态,GET 可人工重试；缓存可作为只读降级但禁止基于过期数据执行写操作,留在当前页；资源不存在时返回上一级并从来源列表移除或标记,当前资源、来源列表、全局角标/余额/待办中与该领域相关的缓存；禁止无差别清空全部缓存,记录必要业务埋点；读取高敏字段时额外记录访问审计,遵循最小采集；仅记录业务标识和状态，不记录自由文本中的个人信息,GET 可展示明确标记的最近缓存；写操作离线时禁止提交，不进入隐式离线队列,PublicGetHelpArticlesByIdResponse,READY_FOR_IMPLEMENTATION
ACT-H5-003-01,H5,H5-003,邀请落地页,/invite/{code},邀请落地数据,页面进入、显式刷新、从后台恢复且缓存过期，或收到相关领域事件后触发,GET /public-api/v1/invite/{code},publicGetInviteByCode,PublicGetInviteByCodeParameters,公开,不要求,以服务端返回的 version 和状态覆盖详情；重算按钮显示/可用条件；记录页面曝光和请求 requestId,404显示资源不存在或已下架并提供返回；403显示无权限；409触发重新拉取；网络失败保留缓存并标记可能过期,ui_action_h5_003_01,REQ-REF-002;REQ-H5-001,TST-REF_002-HAPPY;TST-H5_001-HAPPY,FROZEN_DETAILED_V1.2.2,DETAIL_QUERY,页面主按钮/行操作/更多菜单/标准弹层，具体位置由模板和页面操作规格确定,页面具备读取权限且路由参数完整,网络可用且不存在同资源进行中的请求,校验 code；敏感值仅在内存中使用，不写日志、URL、埋点或本地明文缓存,code,不需要,GET /public-api/v1/invite/{code}；请求模型 PublicGetInviteByCodeParameters；响应模型 PublicGetInviteByCodeResponse,同资源单写请求锁；状态机服务端复核,首次进入使用结构骨架；刷新保留当前内容并显示轻量刷新态,GET 可人工重试；缓存可作为只读降级但禁止基于过期数据执行写操作,留在当前页；资源不存在时返回上一级并从来源列表移除或标记,当前资源、来源列表、全局角标/余额/待办中与该领域相关的缓存；禁止无差别清空全部缓存,记录必要业务埋点；读取高敏字段时额外记录访问审计,敏感字段按数据分级脱敏；密码、验证码、身份证、支付账号、秘密引用绝不进入埋点和普通日志,GET 可展示明确标记的最近缓存；写操作离线时禁止提交，不进入隐式离线队列,PublicGetInviteByCodeResponse,READY_FOR_IMPLEMENTATION
ACT-H5-003-02,H5,H5-003,邀请落地页,/invite/{code},最新APK下载信息,页面进入、显式刷新、从后台恢复且缓存过期，或收到相关领域事件后触发,GET /public-api/v1/app/latest,publicGetAppLatest,PublicGetAppLatestParameters,公开,不要求,以服务端返回的 version 和状态覆盖详情；重算按钮显示/可用条件；记录页面曝光和请求 requestId,404显示资源不存在或已下架并提供返回；403显示无权限；409触发重新拉取；网络失败保留缓存并标记可能过期,ui_action_h5_003_02,REQ-REF-002;REQ-H5-001,TST-REF_002-HAPPY;TST-H5_001-HAPPY,FROZEN_DETAILED_V1.2.2,DETAIL_QUERY,页面主按钮/行操作/更多菜单/标准弹层，具体位置由模板和页面操作规格确定,页面具备读取权限且路由参数完整,网络可用且不存在同资源进行中的请求,路由参数、权限和页面状态有效,无业务请求体；仅使用路由/会话上下文,不需要,GET /public-api/v1/app/latest；请求模型 PublicGetAppLatestParameters；响应模型 PublicGetAppLatestResponse,同资源单写请求锁；状态机服务端复核,首次进入使用结构骨架；刷新保留当前内容并显示轻量刷新态,GET 可人工重试；缓存可作为只读降级但禁止基于过期数据执行写操作,留在当前页；资源不存在时返回上一级并从来源列表移除或标记,当前资源、来源列表、全局角标/余额/待办中与该领域相关的缓存；禁止无差别清空全部缓存,记录必要业务埋点；读取高敏字段时额外记录访问审计,遵循最小采集；仅记录业务标识和状态，不记录自由文本中的个人信息,GET 可展示明确标记的最近缓存；写操作离线时禁止提交，不进入隐式离线队列,PublicGetAppLatestResponse,READY_FOR_IMPLEMENTATION
ACT-H5-013-01,H5,H5-013,H5邀请注册页,/invite/{code}/register,H5注册配置、邀请码状态、协议版本,页面首次进入、下拉刷新、筛选/排序变化或滚动触底时触发；相同查询条件避免并发重复请求,GET /public-api/v1/invite/{code}/registration-config,publicGetInviteByCodeRegistrationConfig,PublicGetInviteByCodeRegistrationConfigParameters,公开,不要求,首屏替换数据，翻页仅追加去重；更新分页、筛选回显、总数/游标和最后刷新时间；空结果进入业务空状态,首屏失败显示全页错误与重试；刷新失败保留旧数据并提示；翻页失败保留已加载数据并提供行内重试；401跳登录或会话升级，403显示无权限，404不适用,ui_action_h5_013_01,REQ-AUTH-005,TST-AUTH_005-HAPPY,FROZEN_DETAILED_V1.2.2,LIST_QUERY,页面主按钮/行操作/更多菜单/标准弹层，具体位置由模板和页面操作规格确定,页面具备读取权限；筛选项按数据范围和角色显示,网络可用；非正在刷新；翻页时 nextCursor/hasNext 为真,"校验 code,page,pageSize,cursor,status,keyword,sort；敏感值仅在内存中使用，不写日志、URL、埋点或本地明文缓存",code;page;pageSize;cursor;status;keyword;sort,不需要,GET /public-api/v1/invite/{code}/registration-config；请求模型 PublicGetInviteByCodeRegistrationConfigParameters；响应模型 PublicGetInviteByCodeRegistrationConfigResponse,同资源单写请求锁；状态机服务端复核,首屏使用骨架屏；刷新保留现有数据；翻页使用列表尾部加载器,GET 可人工重试；网络瞬断最多指数退避自动重试 2 次；筛选变化取消旧请求,留在当前页；点击行/卡片按页面导航规格进入详情,当前资源、来源列表、全局角标/余额/待办中与该领域相关的缓存；禁止无差别清空全部缓存,记录必要业务埋点；读取高敏字段时额外记录访问审计,敏感字段按数据分级脱敏；密码、验证码、身份证、支付账号、秘密引用绝不进入埋点和普通日志,GET 可展示明确标记的最近缓存；写操作离线时禁止提交，不进入隐式离线队列,PublicGetInviteByCodeRegistrationConfigResponse,READY_FOR_IMPLEMENTATION
ACT-H5-013-02,H5,H5-013,H5邀请注册页,/invite/{code}/register,创建图形/行为安全挑战,用户显式点击操作入口，且本地字段校验、权限、状态机前置条件全部满足,POST /api/v1/auth/security-challenges,authPostAuthSecurityChallenges,AuthPostAuthSecurityChallengesRequest,公开,X-Idempotency-Key必填,使用响应中的资源和 version 更新页面；清除已提交脏状态；展示“创建图形/行为安全挑战成功”；刷新受影响列表、详情、余额或配置版本,400逐字段映射；401要求重新认证；403隐藏后续写入口并记录越权拒绝；409提示数据已变化并重新加载；422展示业务原因且保留输入；429显示可重试时间；500保留上下文并提供 requestId,ui_action_h5_013_02,REQ-AUTH-005,TST-AUTH_005-HAPPY;TST-AUTH_005-IDEMPOTENT,FROZEN_DETAILED_V1.2.2,CREATE_OR_SUBMIT,页面主按钮/行操作/更多菜单/标准弹层，具体位置由模板和页面操作规格确定,具备权限 公开，且资源状态允许“创建图形/行为安全挑战”；按钮显示条件由页面状态表和状态机共同决定,不存在同资源写请求；必填字段有效；服务端 version 未被本地标记过期；需要审批时已选择审批单,"校验 X-Idempotency-Key,scene,clientNonce,deviceFingerprint；同一业务意图生成稳定 X-Idempotency-Key；请求体变化必须换键",X-Idempotency-Key;scene;clientNonce;deviceFingerprint,金额、权益或发布范围变化时二次确认；普通可撤销保存不需要,POST /api/v1/auth/security-challenges；请求模型 AuthPostAuthSecurityChallengesRequest；响应模型 AuthPostAuthSecurityChallengesResponse,X-Idempotency-Key + 服务端结果查询,提交期间锁定同资源写操作，保留输入并显示明确进度；禁止全页无反馈等待,使用同一幂等键仅重试同一请求体；若服务端已受理则先查询结果；409版本冲突不得盲重试,默认留在当前页并刷新；创建成功进入详情，支付/认证/发布结果按对应流程导航,当前资源、来源列表、全局角标/余额/待办中与该领域相关的缓存；禁止无差别清空全部缓存,记录必要业务埋点；读取高敏字段时额外记录访问审计,遵循最小采集；仅记录业务标识和状态，不记录自由文本中的个人信息,GET 可展示明确标记的最近缓存；写操作离线时禁止提交，不进入隐式离线队列,AuthPostAuthSecurityChallengesResponse,READY_FOR_IMPLEMENTATION
ACT-H5-013-03,H5,H5-013,H5邀请注册页,/invite/{code}/register,阿里云短信验证码：LOGIN/REGISTER/RESET_PASSWORD,用户显式点击操作入口，且本地字段校验、权限、状态机前置条件全部满足,POST /api/v1/auth/sms/send,authPostAuthSmsSend,AuthPostAuthSmsSendRequest,公开+安全挑战,X-Idempotency-Key必填,以响应数据更新页面和关联缓存；展示“阿里云短信验证码：LOGIN/REGISTER/RESET_PASSWORD成功”；仅刷新受影响区域,400逐字段映射；401要求重新认证；403隐藏后续写入口并记录越权拒绝；409提示数据已变化并重新加载；422展示业务原因且保留输入；429显示可重试时间；500保留上下文并提供 requestId,ui_action_h5_013_03,REQ-AUTH-005,TST-AUTH_005-HAPPY;TST-AUTH_005-IDEMPOTENT,FROZEN_DETAILED_V1.2.2,CREATE_OR_SUBMIT,页面主按钮/行操作/更多菜单/标准弹层，具体位置由模板和页面操作规格确定,具备权限 公开+安全挑战，且资源状态允许“阿里云短信验证码：LOGIN/REGISTER/RESET_PASSWORD”；按钮显示条件由页面状态表和状态机共同决定,不存在同资源写请求；必填字段有效；服务端 version 未被本地标记过期；需要审批时已选择审批单,"校验 X-Idempotency-Key,phone,scene,challengeId,challengeProof；同一业务意图生成稳定 X-Idempotency-Key；请求体变化必须换键；敏感值仅在内存中使用，不写日志、URL、埋点或本地明文缓存",X-Idempotency-Key;phone;scene;challengeId;challengeProof,金额、权益或发布范围变化时二次确认；普通可撤销保存不需要,POST /api/v1/auth/sms/send；请求模型 AuthPostAuthSmsSendRequest；响应模型 AuthPostAuthSmsSendResponse,X-Idempotency-Key + 服务端结果查询,提交期间锁定同资源写操作，保留输入并显示明确进度；禁止全页无反馈等待,使用同一幂等键仅重试同一请求体；若服务端已受理则先查询结果；409版本冲突不得盲重试,默认留在当前页并刷新；创建成功进入详情，支付/认证/发布结果按对应流程导航,当前资源、来源列表、全局角标/余额/待办中与该领域相关的缓存；禁止无差别清空全部缓存,记录必要业务埋点；读取高敏字段时额外记录访问审计,敏感字段按数据分级脱敏；密码、验证码、身份证、支付账号、秘密引用绝不进入埋点和普通日志,GET 可展示明确标记的最近缓存；写操作离线时禁止提交，不进入隐式离线队列,AuthPostAuthSmsSendResponse,READY_FOR_IMPLEMENTATION
ACT-H5-013-04,H5,H5-013,H5邀请注册页,/invite/{code}/register,密码注册、短信校验、邀请码绑定、随机用户名,用户显式点击操作入口，且本地字段校验、权限、状态机前置条件全部满足,POST /api/v1/auth/register,authPostAuthRegister,AuthPostAuthRegisterRequest,公开,X-Idempotency-Key必填,以响应数据更新页面和关联缓存；展示“密码注册、短信校验、邀请码绑定、随机用户名成功”；仅刷新受影响区域,400逐字段映射；401要求重新认证；403隐藏后续写入口并记录越权拒绝；409提示数据已变化并重新加载；422展示业务原因且保留输入；429显示可重试时间；500保留上下文并提供 requestId,ui_action_h5_013_04,REQ-AUTH-005,TST-AUTH_005-HAPPY;TST-AUTH_005-IDEMPOTENT,FROZEN_DETAILED_V1.2.2,CREATE_OR_SUBMIT,页面主按钮/行操作/更多菜单/标准弹层，具体位置由模板和页面操作规格确定,具备权限 公开，且资源状态允许“密码注册、短信校验、邀请码绑定、随机用户名”；按钮显示条件由页面状态表和状态机共同决定,不存在同资源写请求；必填字段有效；服务端 version 未被本地标记过期；需要审批时已选择审批单,"校验 X-Idempotency-Key,phone,smsCode,password,inviteCode,agreementVersions,device；同一业务意图生成稳定 X-Idempotency-Key；请求体变化必须换键；敏感值仅在内存中使用，不写日志、URL、埋点或本地明文缓存",X-Idempotency-Key;phone;smsCode;password;inviteCode;agreementVersions;device,金额、权益或发布范围变化时二次确认；普通可撤销保存不需要,POST /api/v1/auth/register；请求模型 AuthPostAuthRegisterRequest；响应模型 AuthPostAuthRegisterResponse,X-Idempotency-Key + 服务端结果查询,提交期间锁定同资源写操作，保留输入并显示明确进度；禁止全页无反馈等待,使用同一幂等键仅重试同一请求体；若服务端已受理则先查询结果；409版本冲突不得盲重试,默认留在当前页并刷新；创建成功进入详情，支付/认证/发布结果按对应流程导航,当前资源、来源列表、全局角标/余额/待办中与该领域相关的缓存；禁止无差别清空全部缓存,记录必要业务埋点；读取高敏字段时额外记录访问审计,敏感字段按数据分级脱敏；密码、验证码、身份证、支付账号、秘密引用绝不进入埋点和普通日志,GET 可展示明确标记的最近缓存；写操作离线时禁止提交，不进入隐式离线队列,AuthPostAuthRegisterResponse,READY_FOR_IMPLEMENTATION
ACT-H5-004-01,H5,H5-004,项目分享页,/share/project/{id},分享预览,页面进入、显式刷新、从后台恢复且缓存过期，或收到相关领域事件后触发,GET /public-api/v1/share/contents/{id},publicGetShareContentsById,PublicGetShareContentsByIdParameters,公开,不要求,以服务端返回的 version 和状态覆盖详情；重算按钮显示/可用条件；记录页面曝光和请求 requestId,404显示资源不存在或已下架并提供返回；403显示无权限；409触发重新拉取；网络失败保留缓存并标记可能过期,ui_action_h5_004_01,REQ-PROJECT-001;REQ-H5-001,TST-PROJECT_001-HAPPY;TST-H5_001-HAPPY,FROZEN_DETAILED_V1.2.2,DETAIL_QUERY,页面主按钮/行操作/更多菜单/标准弹层，具体位置由模板和页面操作规格确定,页面具备读取权限且路由参数完整,网络可用且不存在同资源进行中的请求,校验 id,id,不需要,GET /public-api/v1/share/contents/{id}；请求模型 PublicGetShareContentsByIdParameters；响应模型 PublicGetShareContentsByIdResponse,同资源单写请求锁；状态机服务端复核,首次进入使用结构骨架；刷新保留当前内容并显示轻量刷新态,GET 可人工重试；缓存可作为只读降级但禁止基于过期数据执行写操作,留在当前页；资源不存在时返回上一级并从来源列表移除或标记,当前资源、来源列表、全局角标/余额/待办中与该领域相关的缓存；禁止无差别清空全部缓存,记录必要业务埋点；读取高敏字段时额外记录访问审计,遵循最小采集；仅记录业务标识和状态，不记录自由文本中的个人信息,GET 可展示明确标记的最近缓存；写操作离线时禁止提交，不进入隐式离线队列,PublicGetShareContentsByIdResponse,READY_FOR_IMPLEMENTATION
ACT-H5-005-01,H5,H5-005,App分享页,/share/app/{id},分享预览,页面进入、显式刷新、从后台恢复且缓存过期，或收到相关领域事件后触发,GET /public-api/v1/share/contents/{id},publicGetShareContentsById,PublicGetShareContentsByIdParameters,公开,不要求,以服务端返回的 version 和状态覆盖详情；重算按钮显示/可用条件；记录页面曝光和请求 requestId,404显示资源不存在或已下架并提供返回；403显示无权限；409触发重新拉取；网络失败保留缓存并标记可能过期,ui_action_h5_005_01,REQ-APP-PROMO-001;REQ-H5-001,TST-APP_PROMO_001-HAPPY;TST-H5_001-HAPPY,FROZEN_DETAILED_V1.2.2,DETAIL_QUERY,页面主按钮/行操作/更多菜单/标准弹层，具体位置由模板和页面操作规格确定,页面具备读取权限且路由参数完整,网络可用且不存在同资源进行中的请求,校验 id,id,不需要,GET /public-api/v1/share/contents/{id}；请求模型 PublicGetShareContentsByIdParameters；响应模型 PublicGetShareContentsByIdResponse,同资源单写请求锁；状态机服务端复核,首次进入使用结构骨架；刷新保留当前内容并显示轻量刷新态,GET 可人工重试；缓存可作为只读降级但禁止基于过期数据执行写操作,留在当前页；资源不存在时返回上一级并从来源列表移除或标记,当前资源、来源列表、全局角标/余额/待办中与该领域相关的缓存；禁止无差别清空全部缓存,记录必要业务埋点；读取高敏字段时额外记录访问审计,遵循最小采集；仅记录业务标识和状态，不记录自由文本中的个人信息,GET 可展示明确标记的最近缓存；写操作离线时禁止提交，不进入隐式离线队列,PublicGetShareContentsByIdResponse,READY_FOR_IMPLEMENTATION
ACT-H5-006-01,H5,H5-006,群聊分享页,/share/group/{id},分享预览,页面进入、显式刷新、从后台恢复且缓存过期，或收到相关领域事件后触发,GET /public-api/v1/share/contents/{id},publicGetShareContentsById,PublicGetShareContentsByIdParameters,公开,不要求,以服务端返回的 version 和状态覆盖详情；重算按钮显示/可用条件；记录页面曝光和请求 requestId,404显示资源不存在或已下架并提供返回；403显示无权限；409触发重新拉取；网络失败保留缓存并标记可能过期,ui_action_h5_006_01,REQ-GROUP-001;REQ-H5-001,TST-GROUP_001-HAPPY;TST-H5_001-HAPPY,FROZEN_DETAILED_V1.2.2,DETAIL_QUERY,页面主按钮/行操作/更多菜单/标准弹层，具体位置由模板和页面操作规格确定,页面具备读取权限且路由参数完整,网络可用且不存在同资源进行中的请求,校验 id,id,不需要,GET /public-api/v1/share/contents/{id}；请求模型 PublicGetShareContentsByIdParameters；响应模型 PublicGetShareContentsByIdResponse,同资源单写请求锁；状态机服务端复核,首次进入使用结构骨架；刷新保留当前内容并显示轻量刷新态,GET 可人工重试；缓存可作为只读降级但禁止基于过期数据执行写操作,留在当前页；资源不存在时返回上一级并从来源列表移除或标记,当前资源、来源列表、全局角标/余额/待办中与该领域相关的缓存；禁止无差别清空全部缓存,记录必要业务埋点；读取高敏字段时额外记录访问审计,遵循最小采集；仅记录业务标识和状态，不记录自由文本中的个人信息,GET 可展示明确标记的最近缓存；写操作离线时禁止提交，不进入隐式离线队列,PublicGetShareContentsByIdResponse,READY_FOR_IMPLEMENTATION
ACT-H5-007-01,H5,H5-007,团队长分享页,/share/team-leader/{id},分享预览,页面进入、显式刷新、从后台恢复且缓存过期，或收到相关领域事件后触发,GET /public-api/v1/share/contents/{id},publicGetShareContentsById,PublicGetShareContentsByIdParameters,公开,不要求,以服务端返回的 version 和状态覆盖详情；重算按钮显示/可用条件；记录页面曝光和请求 requestId,404显示资源不存在或已下架并提供返回；403显示无权限；409触发重新拉取；网络失败保留缓存并标记可能过期,ui_action_h5_007_01,REQ-TEAM-001;REQ-H5-001,TST-TEAM_001-HAPPY;TST-H5_001-HAPPY,FROZEN_DETAILED_V1.2.2,DETAIL_QUERY,页面主按钮/行操作/更多菜单/标准弹层，具体位置由模板和页面操作规格确定,页面具备读取权限且路由参数完整,网络可用且不存在同资源进行中的请求,校验 id,id,不需要,GET /public-api/v1/share/contents/{id}；请求模型 PublicGetShareContentsByIdParameters；响应模型 PublicGetShareContentsByIdResponse,同资源单写请求锁；状态机服务端复核,首次进入使用结构骨架；刷新保留当前内容并显示轻量刷新态,GET 可人工重试；缓存可作为只读降级但禁止基于过期数据执行写操作,留在当前页；资源不存在时返回上一级并从来源列表移除或标记,当前资源、来源列表、全局角标/余额/待办中与该领域相关的缓存；禁止无差别清空全部缓存,记录必要业务埋点；读取高敏字段时额外记录访问审计,遵循最小采集；仅记录业务标识和状态，不记录自由文本中的个人信息,GET 可展示明确标记的最近缓存；写操作离线时禁止提交，不进入隐式离线队列,PublicGetShareContentsByIdResponse,READY_FOR_IMPLEMENTATION
ACT-H5-008-01,H5,H5-008,统一收银台,/cashier/{orderNo},收银台数据,页面进入、显式刷新、从后台恢复且缓存过期，或收到相关领域事件后触发,GET /api/v1/orders/{orderNo}/cashier,paymentGetOrdersByOrdernoCashier,PaymentGetOrdersByOrdernoCashierParameters,登录,不要求,以服务端返回的 version 和状态覆盖详情；重算按钮显示/可用条件；记录页面曝光和请求 requestId,404显示资源不存在或已下架并提供返回；403显示无权限；409触发重新拉取；网络失败保留缓存并标记可能过期,ui_action_h5_008_01,REQ-PAY-001;REQ-PAY-002,TST-PAY_001-HAPPY;TST-PAY_002-HAPPY,FROZEN_DETAILED_V1.2.2,DETAIL_QUERY,页面主按钮/行操作/更多菜单/标准弹层，具体位置由模板和页面操作规格确定,页面具备读取权限且路由参数完整,网络可用且不存在同资源进行中的请求,校验 orderNo,orderNo,不需要,GET /api/v1/orders/{orderNo}/cashier；请求模型 PaymentGetOrdersByOrdernoCashierParameters；响应模型 PaymentGetOrdersByOrdernoCashierResponse,同资源单写请求锁；状态机服务端复核,首次进入使用结构骨架；刷新保留当前内容并显示轻量刷新态,GET 可人工重试；缓存可作为只读降级但禁止基于过期数据执行写操作,留在当前页；资源不存在时返回上一级并从来源列表移除或标记,当前资源、来源列表、全局角标/余额/待办中与该领域相关的缓存；禁止无差别清空全部缓存,记录必要业务埋点；读取高敏字段时额外记录访问审计,遵循最小采集；仅记录业务标识和状态，不记录自由文本中的个人信息,GET 可展示明确标记的最近缓存；写操作离线时禁止提交，不进入隐式离线队列,PaymentGetOrdersByOrdernoCashierResponse,READY_FOR_IMPLEMENTATION
ACT-H5-008-02,H5,H5-008,统一收银台,/cashier/{orderNo},创建第三方支付,用户显式点击操作入口，且本地字段校验、权限、状态机前置条件全部满足,POST /api/v1/orders/{orderNo}/payments,paymentPostOrdersByOrdernoPayments,PaymentPostOrdersByOrdernoPaymentsRequest,登录,X-Idempotency-Key必填,使用响应中的资源和 version 更新页面；清除已提交脏状态；展示“创建第三方支付成功”；刷新受影响列表、详情、余额或配置版本,400逐字段映射；401要求重新认证；403隐藏后续写入口并记录越权拒绝；409提示数据已变化并重新加载；422展示业务原因且保留输入；429显示可重试时间；500保留上下文并提供 requestId,ui_action_h5_008_02,REQ-PAY-001;REQ-PAY-002,TST-PAY_001-HAPPY;TST-PAY_002-HAPPY;TST-PAY_001-IDEMPOTENT;TST-PAY_002-IDEMPOTENT,FROZEN_DETAILED_V1.2.2,CREATE_OR_SUBMIT,页面主按钮/行操作/更多菜单/标准弹层，具体位置由模板和页面操作规格确定,具备权限 登录，且资源状态允许“创建第三方支付”；按钮显示条件由页面状态表和状态机共同决定,不存在同资源写请求；必填字段有效；服务端 version 未被本地标记过期；需要审批时已选择审批单,"校验 orderNo,X-Idempotency-Key,gateway,returnUrl；同一业务意图生成稳定 X-Idempotency-Key；请求体变化必须换键",orderNo;X-Idempotency-Key;gateway;returnUrl,金额、权益或发布范围变化时二次确认；普通可撤销保存不需要,POST /api/v1/orders/{orderNo}/payments；请求模型 PaymentPostOrdersByOrdernoPaymentsRequest；响应模型 PaymentPostOrdersByOrdernoPaymentsResponse,X-Idempotency-Key + 服务端结果查询,提交期间锁定同资源写操作，保留输入并显示明确进度；禁止全页无反馈等待,使用同一幂等键仅重试同一请求体；若服务端已受理则先查询结果；409版本冲突不得盲重试,默认留在当前页并刷新；创建成功进入详情，支付/认证/发布结果按对应流程导航,当前资源、来源列表、全局角标/余额/待办中与该领域相关的缓存；禁止无差别清空全部缓存,记录必要业务埋点；读取高敏字段时额外记录访问审计,遵循最小采集；仅记录业务标识和状态，不记录自由文本中的个人信息,GET 可展示明确标记的最近缓存；写操作离线时禁止提交，不进入隐式离线队列,PaymentPostOrdersByOrdernoPaymentsResponse,READY_FOR_IMPLEMENTATION
ACT-H5-009-01,H5,H5-009,支付结果,/payment/result,查询支付状态,页面首次进入、下拉刷新、筛选/排序变化或滚动触底时触发；相同查询条件避免并发重复请求,GET /api/v1/orders/{orderNo}/payment-status,paymentGetOrdersByOrdernoPaymentStatus,PaymentGetOrdersByOrdernoPaymentStatusParameters,登录,不要求,首屏替换数据，翻页仅追加去重；更新分页、筛选回显、总数/游标和最后刷新时间；空结果进入业务空状态,首屏失败显示全页错误与重试；刷新失败保留旧数据并提示；翻页失败保留已加载数据并提供行内重试；401跳登录或会话升级，403显示无权限，404不适用,ui_action_h5_009_01,REQ-PAY-001;REQ-PAY-002,TST-PAY_001-HAPPY;TST-PAY_002-HAPPY,FROZEN_DETAILED_V1.2.2,LIST_QUERY,页面主按钮/行操作/更多菜单/标准弹层，具体位置由模板和页面操作规格确定,页面具备读取权限；筛选项按数据范围和角色显示,网络可用；非正在刷新；翻页时 nextCursor/hasNext 为真,"校验 orderNo,page,pageSize,cursor,status,keyword,sort,waitSeconds",orderNo;page;pageSize;cursor;status;keyword;sort;waitSeconds,不需要,GET /api/v1/orders/{orderNo}/payment-status；请求模型 PaymentGetOrdersByOrdernoPaymentStatusParameters；响应模型 PaymentGetOrdersByOrdernoPaymentStatusResponse,同资源单写请求锁；状态机服务端复核,首屏使用骨架屏；刷新保留现有数据；翻页使用列表尾部加载器,GET 可人工重试；网络瞬断最多指数退避自动重试 2 次；筛选变化取消旧请求,留在当前页；点击行/卡片按页面导航规格进入详情,当前资源、来源列表、全局角标/余额/待办中与该领域相关的缓存；禁止无差别清空全部缓存,记录必要业务埋点；读取高敏字段时额外记录访问审计,遵循最小采集；仅记录业务标识和状态，不记录自由文本中的个人信息,GET 可展示明确标记的最近缓存；写操作离线时禁止提交，不进入隐式离线队列,PaymentGetOrdersByOrdernoPaymentStatusResponse,READY_FOR_IMPLEMENTATION
ACT-H5-010-01,H5,H5-010,协议与规则,/agreement/{code},协议内容,页面进入、显式刷新、从后台恢复且缓存过期，或收到相关领域事件后触发,GET /public-api/v1/agreements/{code},publicGetAgreementsByCode,PublicGetAgreementsByCodeParameters,公开,不要求,以服务端返回的 version 和状态覆盖详情；重算按钮显示/可用条件；记录页面曝光和请求 requestId,404显示资源不存在或已下架并提供返回；403显示无权限；409触发重新拉取；网络失败保留缓存并标记可能过期,ui_action_h5_010_01,REQ-CMS-001,TST-CMS_001-HAPPY,FROZEN_DETAILED_V1.2.2,DETAIL_QUERY,页面主按钮/行操作/更多菜单/标准弹层，具体位置由模板和页面操作规格确定,页面具备读取权限且路由参数完整,网络可用且不存在同资源进行中的请求,校验 code；敏感值仅在内存中使用，不写日志、URL、埋点或本地明文缓存,code,不需要,GET /public-api/v1/agreements/{code}；请求模型 PublicGetAgreementsByCodeParameters；响应模型 PublicGetAgreementsByCodeResponse,同资源单写请求锁；状态机服务端复核,首次进入使用结构骨架；刷新保留当前内容并显示轻量刷新态,GET 可人工重试；缓存可作为只读降级但禁止基于过期数据执行写操作,留在当前页；资源不存在时返回上一级并从来源列表移除或标记,当前资源、来源列表、全局角标/余额/待办中与该领域相关的缓存；禁止无差别清空全部缓存,记录必要业务埋点；读取高敏字段时额外记录访问审计,敏感字段按数据分级脱敏；密码、验证码、身份证、支付账号、秘密引用绝不进入埋点和普通日志,GET 可展示明确标记的最近缓存；写操作离线时禁止提交，不进入隐式离线队列,PublicGetAgreementsByCodeResponse,READY_FOR_IMPLEMENTATION
ACT-H5-011-01,H5,H5-011,帮助文章,/help/{id},公开帮助文章详情,页面进入、显式刷新、从后台恢复且缓存过期，或收到相关领域事件后触发,GET /public-api/v1/help/articles/{id},publicGetHelpArticlesById,PublicGetHelpArticlesByIdParameters,公开,不要求,以服务端返回的 version 和状态覆盖详情；重算按钮显示/可用条件；记录页面曝光和请求 requestId,404显示资源不存在或已下架并提供返回；403显示无权限；409触发重新拉取；网络失败保留缓存并标记可能过期,ui_action_h5_011_01,REQ-SUPPORT-001,TST-SUPPORT_001-HAPPY,FROZEN_DETAILED_V1.2.2,DETAIL_QUERY,页面主按钮/行操作/更多菜单/标准弹层，具体位置由模板和页面操作规格确定,页面具备读取权限且路由参数完整,网络可用且不存在同资源进行中的请求,校验 id,id,不需要,GET /public-api/v1/help/articles/{id}；请求模型 PublicGetHelpArticlesByIdParameters；响应模型 PublicGetHelpArticlesByIdResponse,同资源单写请求锁；状态机服务端复核,首次进入使用结构骨架；刷新保留当前内容并显示轻量刷新态,GET 可人工重试；缓存可作为只读降级但禁止基于过期数据执行写操作,留在当前页；资源不存在时返回上一级并从来源列表移除或标记,当前资源、来源列表、全局角标/余额/待办中与该领域相关的缓存；禁止无差别清空全部缓存,记录必要业务埋点；读取高敏字段时额外记录访问审计,遵循最小采集；仅记录业务标识和状态，不记录自由文本中的个人信息,GET 可展示明确标记的最近缓存；写操作离线时禁止提交，不进入隐式离线队列,PublicGetHelpArticlesByIdResponse,READY_FOR_IMPLEMENTATION
ACT-H5-012-01,H5,H5-012,活体回跳,/identity/callback,消费一次性活体回跳,页面进入并取得一次性state后立即触发,POST /public-api/v1/identity/callback/consume,publicPostIdentityCallbackConsume,PublicPostIdentityCallbackConsumeRequest,公开,不要求,只以服务端返回的最小业务状态更新页面；地址栏不再保留state,无效、过期或重复state统一提示认证页面已失效；网络失败提示返回合伙云查看,ui_action_h5_012_01,REQ-ID-001,TST-ID_001-HAPPY,FROZEN_DETAILED_V1.2.2,CALLBACK_CONSUME,页面自动触发；用户无须点击技术按钮,路由仅允许一次性state且页面不得展示其值,网络可用且state尚未消费,校验state格式并先清理地址栏参数,state,不需要,POST /public-api/v1/identity/callback/consume；请求模型 PublicPostIdentityCallbackConsumeRequest；响应模型 PublicPostIdentityCallbackConsumeResponse,同一页面仅允许一个消费请求,首屏使用稳定加载态且不展示技术参数,一次性消费不自动重试；失败时返回合伙云查询,完成后留在安全回跳页并提供返回合伙云,仅更新当前回跳页业务状态；不写入客户端缓存,仅记录成功或失效结果；不记录state、用户身份或请求编号,state仅在内存中短时使用；不得写日志、URL历史、埋点或本地缓存,离线时不提交且不缓存state；提示返回合伙云,PublicPostIdentityCallbackConsumeResponse,READY_FOR_IMPLEMENTATION
ACT-ADM-DASH-001-01,ADMIN,ADM-DASH-001,数据驾驶舱,/dashboard,总览指标,页面首次进入、下拉刷新、筛选/排序变化或滚动触底时触发；相同查询条件避免并发重复请求,GET /admin-api/v1/dashboard/summary,adminDashboardGetDashboardSummary,AdminDashboardGetDashboardSummaryParameters,dashboard.read,不要求,首屏替换数据，翻页仅追加去重；更新分页、筛选回显、总数/游标和最后刷新时间；空结果进入业务空状态,首屏失败显示全页错误与重试；刷新失败保留旧数据并提示；翻页失败保留已加载数据并提供行内重试；401跳登录或会话升级，403显示无权限，404不适用,ui_action_adm_dash_001_01,REQ-ANALYTICS-001;REQ-ADMIN-001,TST-ANALYTICS_001-HAPPY;TST-ADMIN_001-HAPPY,FROZEN_DETAILED_V1.2.2,LIST_QUERY,页面主按钮/行操作/更多菜单/标准弹层，具体位置由模板和页面操作规格确定,页面具备读取权限；筛选项按数据范围和角色显示,网络可用；非正在刷新；翻页时 nextCursor/hasNext 为真,路由参数、权限和页面状态有效,无业务请求体；仅使用路由/会话上下文,不需要,GET /admin-api/v1/dashboard/summary；请求模型 AdminDashboardGetDashboardSummaryParameters；响应模型 AdminDashboardGetDashboardSummaryResponse,同资源单写请求锁；状态机服务端复核,首屏使用骨架屏；刷新保留现有数据；翻页使用列表尾部加载器,GET 可人工重试；网络瞬断最多指数退避自动重试 2 次；筛选变化取消旧请求,留在当前页；点击行/卡片按页面导航规格进入详情,当前资源、来源列表、全局角标/余额/待办中与该领域相关的缓存；禁止无差别清空全部缓存,记录必要业务埋点；读取高敏字段时额外记录访问审计,遵循最小采集；仅记录业务标识和状态，不记录自由文本中的个人信息,GET 可展示明确标记的最近缓存；写操作离线时禁止提交，不进入隐式离线队列,AdminDashboardGetDashboardSummaryResponse,READY_FOR_IMPLEMENTATION
ACT-ADM-DASH-001-02,ADMIN,ADM-DASH-001,数据驾驶舱,/dashboard,待办队列,页面首次进入、下拉刷新、筛选/排序变化或滚动触底时触发；相同查询条件避免并发重复请求,GET /admin-api/v1/dashboard/todos,adminDashboardGetDashboardTodos,AdminDashboardGetDashboardTodosParameters,dashboard.read,不要求,首屏替换数据，翻页仅追加去重；更新分页、筛选回显、总数/游标和最后刷新时间；空结果进入业务空状态,首屏失败显示全页错误与重试；刷新失败保留旧数据并提示；翻页失败保留已加载数据并提供行内重试；401跳登录或会话升级，403显示无权限，404不适用,ui_action_adm_dash_001_02,REQ-ANALYTICS-001;REQ-ADMIN-001,TST-ANALYTICS_001-HAPPY;TST-ADMIN_001-HAPPY,FROZEN_DETAILED_V1.2.2,LIST_QUERY,页面主按钮/行操作/更多菜单/标准弹层，具体位置由模板和页面操作规格确定,页面具备读取权限；筛选项按数据范围和角色显示,网络可用；非正在刷新；翻页时 nextCursor/hasNext 为真,"校验 page,pageSize,cursor,status,keyword,sort",page;pageSize;cursor;status;keyword;sort,不需要,GET /admin-api/v1/dashboard/todos；请求模型 AdminDashboardGetDashboardTodosParameters；响应模型 AdminDashboardGetDashboardTodosResponse,同资源单写请求锁；状态机服务端复核,首屏使用骨架屏；刷新保留现有数据；翻页使用列表尾部加载器,GET 可人工重试；网络瞬断最多指数退避自动重试 2 次；筛选变化取消旧请求,留在当前页；点击行/卡片按页面导航规格进入详情,当前资源、来源列表、全局角标/余额/待办中与该领域相关的缓存；禁止无差别清空全部缓存,记录必要业务埋点；读取高敏字段时额外记录访问审计,遵循最小采集；仅记录业务标识和状态，不记录自由文本中的个人信息,GET 可展示明确标记的最近缓存；写操作离线时禁止提交，不进入隐式离线队列,AdminDashboardGetDashboardTodosResponse,READY_FOR_IMPLEMENTATION
ACT-ADM-USER-001-01,ADMIN,ADM-USER-001,用户列表,/users,用户列表,页面首次进入、下拉刷新、筛选/排序变化或滚动触底时触发；相同查询条件避免并发重复请求,GET /admin-api/v1/users,adminUsersGetUsers,AdminUsersGetUsersParameters,user.read,不要求,首屏替换数据，翻页仅追加去重；更新分页、筛选回显、总数/游标和最后刷新时间；空结果进入业务空状态,首屏失败显示全页错误与重试；刷新失败保留旧数据并提示；翻页失败保留已加载数据并提供行内重试；401跳登录或会话升级，403显示无权限，404不适用,ui_action_adm_user_001_01,REQ-AUTH-001;REQ-ADMIN-001,TST-AUTH_001-HAPPY;TST-ADMIN_001-HAPPY,FROZEN_DETAILED_V1.2.2,LIST_QUERY,页面主按钮/行操作/更多菜单/标准弹层，具体位置由模板和页面操作规格确定,页面具备读取权限；筛选项按数据范围和角色显示,网络可用；非正在刷新；翻页时 nextCursor/hasNext 为真,"校验 page,pageSize,cursor,status,keyword,sort",page;pageSize;cursor;status;keyword;sort,不需要,GET /admin-api/v1/users；请求模型 AdminUsersGetUsersParameters；响应模型 AdminUsersGetUsersResponse,同资源单写请求锁；状态机服务端复核,首屏使用骨架屏；刷新保留现有数据；翻页使用列表尾部加载器,GET 可人工重试；网络瞬断最多指数退避自动重试 2 次；筛选变化取消旧请求,留在当前页；点击行/卡片按页面导航规格进入详情,当前资源、来源列表、全局角标/余额/待办中与该领域相关的缓存；禁止无差别清空全部缓存,记录必要业务埋点；读取高敏字段时额外记录访问审计,遵循最小采集；仅记录业务标识和状态，不记录自由文本中的个人信息,GET 可展示明确标记的最近缓存；写操作离线时禁止提交，不进入隐式离线队列,AdminUsersGetUsersResponse,READY_FOR_IMPLEMENTATION
ACT-ADM-USER-001-02,ADMIN,ADM-USER-001,用户列表,/users,用户详情,页面进入、显式刷新、从后台恢复且缓存过期，或收到相关领域事件后触发,GET /admin-api/v1/users/{id},adminUsersGetUsersById,AdminUsersGetUsersByIdParameters,user.read,不要求,以服务端返回的 version 和状态覆盖详情；重算按钮显示/可用条件；记录页面曝光和请求 requestId,404显示资源不存在或已下架并提供返回；403显示无权限；409触发重新拉取；网络失败保留缓存并标记可能过期,ui_action_adm_user_001_02,REQ-AUTH-001;REQ-ADMIN-001,TST-AUTH_001-HAPPY;TST-ADMIN_001-HAPPY,FROZEN_DETAILED_V1.2.2,DETAIL_QUERY,页面主按钮/行操作/更多菜单/标准弹层，具体位置由模板和页面操作规格确定,页面具备读取权限且路由参数完整,网络可用且不存在同资源进行中的请求,校验 id,id,不需要,GET /admin-api/v1/users/{id}；请求模型 AdminUsersGetUsersByIdParameters；响应模型 AdminUsersGetUsersByIdResponse,同资源单写请求锁；状态机服务端复核,首次进入使用结构骨架；刷新保留当前内容并显示轻量刷新态,GET 可人工重试；缓存可作为只读降级但禁止基于过期数据执行写操作,留在当前页；资源不存在时返回上一级并从来源列表移除或标记,当前资源、来源列表、全局角标/余额/待办中与该领域相关的缓存；禁止无差别清空全部缓存,记录必要业务埋点；读取高敏字段时额外记录访问审计,遵循最小采集；仅记录业务标识和状态，不记录自由文本中的个人信息,GET 可展示明确标记的最近缓存；写操作离线时禁止提交，不进入隐式离线队列,AdminUsersGetUsersByIdResponse,READY_FOR_IMPLEMENTATION
ACT-ADM-USER-002-01,ADMIN,ADM-USER-002,用户详情,/users/:id,用户列表,页面首次进入、下拉刷新、筛选/排序变化或滚动触底时触发；相同查询条件避免并发重复请求,GET /admin-api/v1/users,adminUsersGetUsers,AdminUsersGetUsersParameters,user.read,不要求,首屏替换数据，翻页仅追加去重；更新分页、筛选回显、总数/游标和最后刷新时间；空结果进入业务空状态,首屏失败显示全页错误与重试；刷新失败保留旧数据并提示；翻页失败保留已加载数据并提供行内重试；401跳登录或会话升级，403显示无权限，404不适用,ui_action_adm_user_002_01,REQ-AUTH-001;REQ-ADMIN-001,TST-AUTH_001-HAPPY;TST-ADMIN_001-HAPPY,FROZEN_DETAILED_V1.2.2,LIST_QUERY,页面主按钮/行操作/更多菜单/标准弹层，具体位置由模板和页面操作规格确定,页面具备读取权限；筛选项按数据范围和角色显示,网络可用；非正在刷新；翻页时 nextCursor/hasNext 为真,"校验 page,pageSize,cursor,status,keyword,sort",page;pageSize;cursor;status;keyword;sort,不需要,GET /admin-api/v1/users；请求模型 AdminUsersGetUsersParameters；响应模型 AdminUsersGetUsersResponse,同资源单写请求锁；状态机服务端复核,首屏使用骨架屏；刷新保留现有数据；翻页使用列表尾部加载器,GET 可人工重试；网络瞬断最多指数退避自动重试 2 次；筛选变化取消旧请求,留在当前页；点击行/卡片按页面导航规格进入详情,当前资源、来源列表、全局角标/余额/待办中与该领域相关的缓存；禁止无差别清空全部缓存,记录必要业务埋点；读取高敏字段时额外记录访问审计,遵循最小采集；仅记录业务标识和状态，不记录自由文本中的个人信息,GET 可展示明确标记的最近缓存；写操作离线时禁止提交，不进入隐式离线队列,AdminUsersGetUsersResponse,READY_FOR_IMPLEMENTATION
ACT-ADM-USER-002-02,ADMIN,ADM-USER-002,用户详情,/users/:id,用户详情,页面进入、显式刷新、从后台恢复且缓存过期，或收到相关领域事件后触发,GET /admin-api/v1/users/{id},adminUsersGetUsersById,AdminUsersGetUsersByIdParameters,user.read,不要求,以服务端返回的 version 和状态覆盖详情；重算按钮显示/可用条件；记录页面曝光和请求 requestId,404显示资源不存在或已下架并提供返回；403显示无权限；409触发重新拉取；网络失败保留缓存并标记可能过期,ui_action_adm_user_002_02,REQ-AUTH-001;REQ-ADMIN-001,TST-AUTH_001-HAPPY;TST-ADMIN_001-HAPPY,FROZEN_DETAILED_V1.2.2,DETAIL_QUERY,页面主按钮/行操作/更多菜单/标准弹层，具体位置由模板和页面操作规格确定,页面具备读取权限且路由参数完整,网络可用且不存在同资源进行中的请求,校验 id,id,不需要,GET /admin-api/v1/users/{id}；请求模型 AdminUsersGetUsersByIdParameters；响应模型 AdminUsersGetUsersByIdResponse,同资源单写请求锁；状态机服务端复核,首次进入使用结构骨架；刷新保留当前内容并显示轻量刷新态,GET 可人工重试；缓存可作为只读降级但禁止基于过期数据执行写操作,留在当前页；资源不存在时返回上一级并从来源列表移除或标记,当前资源、来源列表、全局角标/余额/待办中与该领域相关的缓存；禁止无差别清空全部缓存,记录必要业务埋点；读取高敏字段时额外记录访问审计,遵循最小采集；仅记录业务标识和状态，不记录自由文本中的个人信息,GET 可展示明确标记的最近缓存；写操作离线时禁止提交，不进入隐式离线队列,AdminUsersGetUsersByIdResponse,READY_FOR_IMPLEMENTATION
ACT-ADM-USER-002-03,ADMIN,ADM-USER-002,用户详情,/users/:id,新增/修改限制,用户显式点击操作入口，且本地字段校验、权限、状态机前置条件全部满足,POST /admin-api/v1/users/{id}/restrictions,adminUsersPostUsersByIdRestrictions,AdminUsersPostUsersByIdRestrictionsRequest,user.restrict,X-Idempotency-Key必填,使用响应中的资源和 version 更新页面；清除已提交脏状态；展示“新增/修改限制成功”；刷新受影响列表、详情、余额或配置版本,400逐字段映射；401要求重新认证；403隐藏后续写入口并记录越权拒绝；409提示数据已变化并重新加载；422展示业务原因且保留输入；429显示可重试时间；500保留上下文并提供 requestId,ui_action_adm_user_002_03,REQ-AUTH-001;REQ-ADMIN-001,TST-AUTH_001-HAPPY;TST-ADMIN_001-HAPPY;TST-AUTH_001-IDEMPOTENT;TST-ADMIN_001-IDEMPOTENT,FROZEN_DETAILED_V1.2.2,CREATE_OR_SUBMIT,页面主按钮/行操作/更多菜单/标准弹层，具体位置由模板和页面操作规格确定,具备权限 user.restrict，且资源状态允许“新增/修改限制”；按钮显示条件由页面状态表和状态机共同决定,不存在同资源写请求；必填字段有效；服务端 version 未被本地标记过期；需要审批时已选择审批单,"校验 id,X-Idempotency-Key,restrictionType,reason,expiresAt,expectedVersion；expectedVersion 必须等于页面最后一次成功读取的服务端版本；同一业务意图生成稳定 X-Idempotency-Key；请求体变化必须换键",id;X-Idempotency-Key;restrictionType;reason;expiresAt;expectedVersion,必须二次确认；确认框展示目标、影响、不可逆性、原因、审批要求和将触发的通知,POST /admin-api/v1/users/{id}/restrictions；请求模型 AdminUsersPostUsersByIdRestrictionsRequest；响应模型 AdminUsersPostUsersByIdRestrictionsResponse,expectedVersion 乐观锁 + X-Idempotency-Key + 服务端结果查询,提交期间锁定同资源写操作，保留输入并显示明确进度；禁止全页无反馈等待,使用同一幂等键仅重试同一请求体；若服务端已受理则先查询结果；409版本冲突不得盲重试,默认留在当前页并刷新；创建成功进入详情，支付/认证/发布结果按对应流程导航,当前资源、来源列表、全局角标/余额/待办中与该领域相关的缓存；禁止无差别清空全部缓存,记录操作人、角色、目标、前后状态/版本、原因、审批单、requestId、IP/设备和结果,遵循最小采集；仅记录业务标识和状态，不记录自由文本中的个人信息,GET 可展示明确标记的最近缓存；写操作离线时禁止提交，不进入隐式离线队列,AdminUsersPostUsersByIdRestrictionsResponse,READY_FOR_IMPLEMENTATION
ACT-ADM-USER-002-04,ADMIN,ADM-USER-002,用户详情,/users/:id,解除限制,用户显式点击操作入口，且本地字段校验、权限、状态机前置条件全部满足,DELETE /admin-api/v1/users/{id}/restrictions/{type},adminUsersDeleteUsersByIdRestrictionsByType,AdminUsersDeleteUsersByIdRestrictionsByTypeParameters,user.restrict,X-Idempotency-Key必填,以响应数据更新页面和关联缓存；展示“解除限制成功”；仅刷新受影响区域,400逐字段映射；401要求重新认证；403隐藏后续写入口并记录越权拒绝；409提示数据已变化并重新加载；422展示业务原因且保留输入；429显示可重试时间；500保留上下文并提供 requestId,ui_action_adm_user_002_04,REQ-AUTH-001;REQ-ADMIN-001,TST-AUTH_001-HAPPY;TST-ADMIN_001-HAPPY;TST-AUTH_001-IDEMPOTENT;TST-ADMIN_001-IDEMPOTENT,FROZEN_DETAILED_V1.2.2,DESTRUCTIVE_COMMAND,页面主按钮/行操作/更多菜单/标准弹层，具体位置由模板和页面操作规格确定,具备权限 user.restrict，且资源状态允许“解除限制”；按钮显示条件由页面状态表和状态机共同决定,不存在同资源写请求；必填字段有效；服务端 version 未被本地标记过期；需要审批时已选择审批单,"校验 id,type,X-Idempotency-Key,xIdempotencyKey；同一业务意图生成稳定 X-Idempotency-Key；请求体变化必须换键",id;type;X-Idempotency-Key;xIdempotencyKey,必须二次确认；确认框展示目标、影响、不可逆性、原因、审批要求和将触发的通知,DELETE /admin-api/v1/users/{id}/restrictions/{type}；请求模型 AdminUsersDeleteUsersByIdRestrictionsByTypeParameters；响应模型 AdminUsersDeleteUsersByIdRestrictionsByTypeResponse,X-Idempotency-Key + 服务端结果查询,提交期间锁定同资源写操作，保留输入并显示明确进度；禁止全页无反馈等待,使用同一幂等键仅重试同一请求体；若服务端已受理则先查询结果；409版本冲突不得盲重试,默认留在当前页并刷新；创建成功进入详情，支付/认证/发布结果按对应流程导航,当前资源、来源列表、全局角标/余额/待办中与该领域相关的缓存；禁止无差别清空全部缓存,记录操作人、角色、目标、前后状态/版本、原因、审批单、requestId、IP/设备和结果,遵循最小采集；仅记录业务标识和状态，不记录自由文本中的个人信息,GET 可展示明确标记的最近缓存；写操作离线时禁止提交，不进入隐式离线队列,AdminUsersDeleteUsersByIdRestrictionsByTypeResponse,READY_FOR_IMPLEMENTATION
ACT-ADM-USER-002-05,ADMIN,ADM-USER-002,用户详情,/users/:id,冻结账号,用户显式点击操作入口，且本地字段校验、权限、状态机前置条件全部满足,POST /admin-api/v1/users/{id}/freeze,adminUsersPostUsersByIdFreeze,AdminUsersPostUsersByIdFreezeRequest,user.freeze,X-Idempotency-Key必填,按状态机更新资源并移除或禁用不再可用的操作；展示“冻结账号成功”；保留操作记录入口,400逐字段映射；401要求重新认证；403隐藏后续写入口并记录越权拒绝；409提示数据已变化并重新加载；422展示业务原因且保留输入；429显示可重试时间；500保留上下文并提供 requestId,ui_action_adm_user_002_05,REQ-AUTH-001;REQ-ADMIN-001,TST-AUTH_001-HAPPY;TST-ADMIN_001-HAPPY;TST-AUTH_001-IDEMPOTENT;TST-ADMIN_001-IDEMPOTENT,FROZEN_DETAILED_V1.2.2,CONTROLLED_COMMAND,页面主按钮/行操作/更多菜单/标准弹层，具体位置由模板和页面操作规格确定,具备权限 user.freeze，且资源状态允许“冻结账号”；按钮显示条件由页面状态表和状态机共同决定,不存在同资源写请求；必填字段有效；服务端 version 未被本地标记过期；需要审批时已选择审批单,"校验 id,X-Idempotency-Key,reason,expectedVersion；expectedVersion 必须等于页面最后一次成功读取的服务端版本；同一业务意图生成稳定 X-Idempotency-Key；请求体变化必须换键",id;X-Idempotency-Key;reason;expectedVersion,必须二次确认；确认框展示目标、影响、不可逆性、原因、审批要求和将触发的通知,POST /admin-api/v1/users/{id}/freeze；请求模型 AdminUsersPostUsersByIdFreezeRequest；响应模型 AdminUsersPostUsersByIdFreezeResponse,expectedVersion 乐观锁 + X-Idempotency-Key + 服务端结果查询,提交期间锁定同资源写操作，保留输入并显示明确进度；禁止全页无反馈等待,使用同一幂等键仅重试同一请求体；若服务端已受理则先查询结果；409版本冲突不得盲重试,默认留在当前页并刷新；创建成功进入详情，支付/认证/发布结果按对应流程导航,当前资源、来源列表、全局角标/余额/待办中与该领域相关的缓存；禁止无差别清空全部缓存,记录操作人、角色、目标、前后状态/版本、原因、审批单、requestId、IP/设备和结果,遵循最小采集；仅记录业务标识和状态，不记录自由文本中的个人信息,GET 可展示明确标记的最近缓存；写操作离线时禁止提交，不进入隐式离线队列,AdminUsersPostUsersByIdFreezeResponse,READY_FOR_IMPLEMENTATION
ACT-ADM-USER-002-06,ADMIN,ADM-USER-002,用户详情,/users/:id,解冻账号,用户显式点击操作入口，且本地字段校验、权限、状态机前置条件全部满足,POST /admin-api/v1/users/{id}/unfreeze,adminUsersPostUsersByIdUnfreeze,AdminUsersPostUsersByIdUnfreezeRequest,user.freeze,X-Idempotency-Key必填,以响应数据更新页面和关联缓存；展示“解冻账号成功”；仅刷新受影响区域,400逐字段映射；401要求重新认证；403隐藏后续写入口并记录越权拒绝；409提示数据已变化并重新加载；422展示业务原因且保留输入；429显示可重试时间；500保留上下文并提供 requestId,ui_action_adm_user_002_06,REQ-AUTH-001;REQ-ADMIN-001,TST-AUTH_001-HAPPY;TST-ADMIN_001-HAPPY;TST-AUTH_001-IDEMPOTENT;TST-ADMIN_001-IDEMPOTENT,FROZEN_DETAILED_V1.2.2,CONTROLLED_COMMAND,页面主按钮/行操作/更多菜单/标准弹层，具体位置由模板和页面操作规格确定,具备权限 user.freeze，且资源状态允许“解冻账号”；按钮显示条件由页面状态表和状态机共同决定,不存在同资源写请求；必填字段有效；服务端 version 未被本地标记过期；需要审批时已选择审批单,"校验 id,X-Idempotency-Key,reason,expectedVersion；expectedVersion 必须等于页面最后一次成功读取的服务端版本；同一业务意图生成稳定 X-Idempotency-Key；请求体变化必须换键",id;X-Idempotency-Key;reason;expectedVersion,必须二次确认；确认框展示目标、影响、不可逆性、原因、审批要求和将触发的通知,POST /admin-api/v1/users/{id}/unfreeze；请求模型 AdminUsersPostUsersByIdUnfreezeRequest；响应模型 AdminUsersPostUsersByIdUnfreezeResponse,expectedVersion 乐观锁 + X-Idempotency-Key + 服务端结果查询,提交期间锁定同资源写操作，保留输入并显示明确进度；禁止全页无反馈等待,使用同一幂等键仅重试同一请求体；若服务端已受理则先查询结果；409版本冲突不得盲重试,默认留在当前页并刷新；创建成功进入详情，支付/认证/发布结果按对应流程导航,当前资源、来源列表、全局角标/余额/待办中与该领域相关的缓存；禁止无差别清空全部缓存,记录操作人、角色、目标、前后状态/版本、原因、审批单、requestId、IP/设备和结果,遵循最小采集；仅记录业务标识和状态，不记录自由文本中的个人信息,GET 可展示明确标记的最近缓存；写操作离线时禁止提交，不进入隐式离线队列,AdminUsersPostUsersByIdUnfreezeResponse,READY_FOR_IMPLEMENTATION
ACT-ADM-USER-002-07,ADMIN,ADM-USER-002,用户详情,/users/:id,强制下线,用户显式点击操作入口，且本地字段校验、权限、状态机前置条件全部满足,POST /admin-api/v1/users/{id}/force-logout,adminUsersPostUsersByIdForceLogout,AdminUsersPostUsersByIdForceLogoutRequest,user.security,X-Idempotency-Key必填,按状态机更新资源并移除或禁用不再可用的操作；展示“强制下线成功”；保留操作记录入口,400逐字段映射；401要求重新认证；403隐藏后续写入口并记录越权拒绝；409提示数据已变化并重新加载；422展示业务原因且保留输入；429显示可重试时间；500保留上下文并提供 requestId,ui_action_adm_user_002_07,REQ-AUTH-001;REQ-ADMIN-001,TST-AUTH_001-HAPPY;TST-ADMIN_001-HAPPY;TST-AUTH_001-IDEMPOTENT;TST-ADMIN_001-IDEMPOTENT,FROZEN_DETAILED_V1.2.2,CONTROLLED_COMMAND,页面主按钮/行操作/更多菜单/标准弹层，具体位置由模板和页面操作规格确定,具备权限 user.security，且资源状态允许“强制下线”；按钮显示条件由页面状态表和状态机共同决定,不存在同资源写请求；必填字段有效；服务端 version 未被本地标记过期；需要审批时已选择审批单,"校验 id,X-Idempotency-Key,reason,expectedVersion；expectedVersion 必须等于页面最后一次成功读取的服务端版本；同一业务意图生成稳定 X-Idempotency-Key；请求体变化必须换键",id;X-Idempotency-Key;reason;expectedVersion,必须二次确认；确认框展示目标、影响、不可逆性、原因、审批要求和将触发的通知,POST /admin-api/v1/users/{id}/force-logout；请求模型 AdminUsersPostUsersByIdForceLogoutRequest；响应模型 AdminUsersPostUsersByIdForceLogoutResponse,expectedVersion 乐观锁 + X-Idempotency-Key + 服务端结果查询,提交期间锁定同资源写操作，保留输入并显示明确进度；禁止全页无反馈等待,使用同一幂等键仅重试同一请求体；若服务端已受理则先查询结果；409版本冲突不得盲重试,默认留在当前页并刷新；创建成功进入详情，支付/认证/发布结果按对应流程导航,当前资源、来源列表、全局角标/余额/待办中与该领域相关的缓存；禁止无差别清空全部缓存,记录操作人、角色、目标、前后状态/版本、原因、审批单、requestId、IP/设备和结果,遵循最小采集；仅记录业务标识和状态，不记录自由文本中的个人信息,GET 可展示明确标记的最近缓存；写操作离线时禁止提交，不进入隐式离线队列,AdminUsersPostUsersByIdForceLogoutResponse,READY_FOR_IMPLEMENTATION
ACT-ADM-ID-001-01,ADMIN,ADM-ID-001,实名列表,/identity,实名列表,页面首次进入、下拉刷新、筛选/排序变化或滚动触底时触发；相同查询条件避免并发重复请求,GET /admin-api/v1/identities,adminIdentityGetIdentities,AdminIdentityGetIdentitiesParameters,identity.read,不要求,首屏替换数据，翻页仅追加去重；更新分页、筛选回显、总数/游标和最后刷新时间；空结果进入业务空状态,首屏失败显示全页错误与重试；刷新失败保留旧数据并提示；翻页失败保留已加载数据并提供行内重试；401跳登录或会话升级，403显示无权限，404不适用,ui_action_adm_id_001_01,REQ-ID-001;REQ-ID-002,TST-ID_001-HAPPY;TST-ID_002-HAPPY,FROZEN_DETAILED_V1.2.2,LIST_QUERY,页面主按钮/行操作/更多菜单/标准弹层，具体位置由模板和页面操作规格确定,页面具备读取权限；筛选项按数据范围和角色显示,网络可用；非正在刷新；翻页时 nextCursor/hasNext 为真,"校验 page,pageSize,cursor,status,keyword,sort",page;pageSize;cursor;status;keyword;sort,不需要,GET /admin-api/v1/identities；请求模型 AdminIdentityGetIdentitiesParameters；响应模型 AdminIdentityGetIdentitiesResponse,同资源单写请求锁；状态机服务端复核,首屏使用骨架屏；刷新保留现有数据；翻页使用列表尾部加载器,GET 可人工重试；网络瞬断最多指数退避自动重试 2 次；筛选变化取消旧请求,留在当前页；点击行/卡片按页面导航规格进入详情,当前资源、来源列表、全局角标/余额/待办中与该领域相关的缓存；禁止无差别清空全部缓存,记录敏感数据访问审计：操作人、目标、字段范围、目的、requestId 和结果,敏感字段按数据分级脱敏；密码、验证码、身份证、支付账号、秘密引用绝不进入埋点和普通日志,GET 可展示明确标记的最近缓存；写操作离线时禁止提交，不进入隐式离线队列,AdminIdentityGetIdentitiesResponse,READY_FOR_IMPLEMENTATION
ACT-ADM-ID-001-02,ADMIN,ADM-ID-001,实名列表,/identity,实名详情,页面进入、显式刷新、从后台恢复且缓存过期，或收到相关领域事件后触发,GET /admin-api/v1/identities/{userId},adminIdentityGetIdentitiesByUserid,AdminIdentityGetIdentitiesByUseridParameters,identity.read,不要求,以服务端返回的 version 和状态覆盖详情；重算按钮显示/可用条件；记录页面曝光和请求 requestId,404显示资源不存在或已下架并提供返回；403显示无权限；409触发重新拉取；网络失败保留缓存并标记可能过期,ui_action_adm_id_001_02,REQ-ID-001;REQ-ID-002,TST-ID_001-HAPPY;TST-ID_002-HAPPY,FROZEN_DETAILED_V1.2.2,DETAIL_QUERY,页面主按钮/行操作/更多菜单/标准弹层，具体位置由模板和页面操作规格确定,页面具备读取权限且路由参数完整,网络可用且不存在同资源进行中的请求,校验 userId,userId,不需要,GET /admin-api/v1/identities/{userId}；请求模型 AdminIdentityGetIdentitiesByUseridParameters；响应模型 AdminIdentityGetIdentitiesByUseridResponse,同资源单写请求锁；状态机服务端复核,首次进入使用结构骨架；刷新保留当前内容并显示轻量刷新态,GET 可人工重试；缓存可作为只读降级但禁止基于过期数据执行写操作,留在当前页；资源不存在时返回上一级并从来源列表移除或标记,当前资源、来源列表、全局角标/余额/待办中与该领域相关的缓存；禁止无差别清空全部缓存,记录敏感数据访问审计：操作人、目标、字段范围、目的、requestId 和结果,敏感字段按数据分级脱敏；密码、验证码、身份证、支付账号、秘密引用绝不进入埋点和普通日志,GET 可展示明确标记的最近缓存；写操作离线时禁止提交，不进入隐式离线队列,AdminIdentityGetIdentitiesByUseridResponse,READY_FOR_IMPLEMENTATION
ACT-ADM-ID-002-01,ADMIN,ADM-ID-002,实名详情与复核,/identity/:id,实名列表,页面首次进入、下拉刷新、筛选/排序变化或滚动触底时触发；相同查询条件避免并发重复请求,GET /admin-api/v1/identities,adminIdentityGetIdentities,AdminIdentityGetIdentitiesParameters,identity.read,不要求,首屏替换数据，翻页仅追加去重；更新分页、筛选回显、总数/游标和最后刷新时间；空结果进入业务空状态,首屏失败显示全页错误与重试；刷新失败保留旧数据并提示；翻页失败保留已加载数据并提供行内重试；401跳登录或会话升级，403显示无权限，404不适用,ui_action_adm_id_002_01,REQ-ID-001;REQ-ID-002,TST-ID_001-HAPPY;TST-ID_002-HAPPY,FROZEN_DETAILED_V1.2.2,LIST_QUERY,页面主按钮/行操作/更多菜单/标准弹层，具体位置由模板和页面操作规格确定,页面具备读取权限；筛选项按数据范围和角色显示,网络可用；非正在刷新；翻页时 nextCursor/hasNext 为真,"校验 page,pageSize,cursor,status,keyword,sort",page;pageSize;cursor;status;keyword;sort,不需要,GET /admin-api/v1/identities；请求模型 AdminIdentityGetIdentitiesParameters；响应模型 AdminIdentityGetIdentitiesResponse,同资源单写请求锁；状态机服务端复核,首屏使用骨架屏；刷新保留现有数据；翻页使用列表尾部加载器,GET 可人工重试；网络瞬断最多指数退避自动重试 2 次；筛选变化取消旧请求,留在当前页；点击行/卡片按页面导航规格进入详情,当前资源、来源列表、全局角标/余额/待办中与该领域相关的缓存；禁止无差别清空全部缓存,记录敏感数据访问审计：操作人、目标、字段范围、目的、requestId 和结果,敏感字段按数据分级脱敏；密码、验证码、身份证、支付账号、秘密引用绝不进入埋点和普通日志,GET 可展示明确标记的最近缓存；写操作离线时禁止提交，不进入隐式离线队列,AdminIdentityGetIdentitiesResponse,READY_FOR_IMPLEMENTATION
ACT-ADM-ID-002-02,ADMIN,ADM-ID-002,实名详情与复核,/identity/:id,实名详情,页面进入、显式刷新、从后台恢复且缓存过期，或收到相关领域事件后触发,GET /admin-api/v1/identities/{userId},adminIdentityGetIdentitiesByUserid,AdminIdentityGetIdentitiesByUseridParameters,identity.read,不要求,以服务端返回的 version 和状态覆盖详情；重算按钮显示/可用条件；记录页面曝光和请求 requestId,404显示资源不存在或已下架并提供返回；403显示无权限；409触发重新拉取；网络失败保留缓存并标记可能过期,ui_action_adm_id_002_02,REQ-ID-001;REQ-ID-002,TST-ID_001-HAPPY;TST-ID_002-HAPPY,FROZEN_DETAILED_V1.2.2,DETAIL_QUERY,页面主按钮/行操作/更多菜单/标准弹层，具体位置由模板和页面操作规格确定,页面具备读取权限且路由参数完整,网络可用且不存在同资源进行中的请求,校验 userId,userId,不需要,GET /admin-api/v1/identities/{userId}；请求模型 AdminIdentityGetIdentitiesByUseridParameters；响应模型 AdminIdentityGetIdentitiesByUseridResponse,同资源单写请求锁；状态机服务端复核,首次进入使用结构骨架；刷新保留当前内容并显示轻量刷新态,GET 可人工重试；缓存可作为只读降级但禁止基于过期数据执行写操作,留在当前页；资源不存在时返回上一级并从来源列表移除或标记,当前资源、来源列表、全局角标/余额/待办中与该领域相关的缓存；禁止无差别清空全部缓存,记录敏感数据访问审计：操作人、目标、字段范围、目的、requestId 和结果,敏感字段按数据分级脱敏；密码、验证码、身份证、支付账号、秘密引用绝不进入埋点和普通日志,GET 可展示明确标记的最近缓存；写操作离线时禁止提交，不进入隐式离线队列,AdminIdentityGetIdentitiesByUseridResponse,READY_FOR_IMPLEMENTATION
ACT-ADM-ID-002-03,ADMIN,ADM-ID-002,实名详情与复核,/identity/:id,人工复核,用户显式点击操作入口，且本地字段校验、权限、状态机前置条件全部满足,POST /admin-api/v1/identity-sessions/{id}/review,adminIdentityPostIdentitySessionsByIdReview,AdminIdentityPostIdentitySessionsByIdReviewRequest,identity.review,X-Idempotency-Key必填,以响应数据更新页面和关联缓存；展示“人工复核成功”；仅刷新受影响区域,400逐字段映射；401要求重新认证；403隐藏后续写入口并记录越权拒绝；409提示数据已变化并重新加载；422展示业务原因且保留输入；429显示可重试时间；500保留上下文并提供 requestId,ui_action_adm_id_002_03,REQ-ID-001;REQ-ID-002,TST-ID_001-HAPPY;TST-ID_002-HAPPY;TST-ID_001-IDEMPOTENT;TST-ID_002-IDEMPOTENT,FROZEN_DETAILED_V1.2.2,CREATE_OR_SUBMIT,页面主按钮/行操作/更多菜单/标准弹层，具体位置由模板和页面操作规格确定,具备权限 identity.review，且资源状态允许“人工复核”；按钮显示条件由页面状态表和状态机共同决定,不存在同资源写请求；必填字段有效；服务端 version 未被本地标记过期；需要审批时已选择审批单,"校验 id,X-Idempotency-Key,decision,reason,expectedVersion,evidenceIds；expectedVersion 必须等于页面最后一次成功读取的服务端版本；同一业务意图生成稳定 X-Idempotency-Key；请求体变化必须换键",id;X-Idempotency-Key;decision;reason;expectedVersion;evidenceIds,必须二次确认；确认框展示目标、影响、不可逆性、原因、审批要求和将触发的通知,POST /admin-api/v1/identity-sessions/{id}/review；请求模型 AdminIdentityPostIdentitySessionsByIdReviewRequest；响应模型 AdminIdentityPostIdentitySessionsByIdReviewResponse,expectedVersion 乐观锁 + X-Idempotency-Key + 服务端结果查询,提交期间锁定同资源写操作，保留输入并显示明确进度；禁止全页无反馈等待,使用同一幂等键仅重试同一请求体；若服务端已受理则先查询结果；409版本冲突不得盲重试,默认留在当前页并刷新；创建成功进入详情，支付/认证/发布结果按对应流程导航,当前资源、来源列表、全局角标/余额/待办中与该领域相关的缓存；禁止无差别清空全部缓存,记录操作人、角色、目标、前后状态/版本、原因、审批单、requestId、IP/设备和结果,敏感字段按数据分级脱敏；密码、验证码、身份证、支付账号、秘密引用绝不进入埋点和普通日志,GET 可展示明确标记的最近缓存；写操作离线时禁止提交，不进入隐式离线队列,AdminIdentityPostIdentitySessionsByIdReviewResponse,READY_FOR_IMPLEMENTATION
ACT-ADM-CONTENT-001-01,ADMIN,ADM-CONTENT-001,统一内容列表,/contents,内容列表,页面首次进入、下拉刷新、筛选/排序变化或滚动触底时触发；相同查询条件避免并发重复请求,GET /admin-api/v1/contents,adminContentGetContents,AdminContentGetContentsParameters,content.read,不要求,首屏替换数据，翻页仅追加去重；更新分页、筛选回显、总数/游标和最后刷新时间；空结果进入业务空状态,首屏失败显示全页错误与重试；刷新失败保留旧数据并提示；翻页失败保留已加载数据并提供行内重试；401跳登录或会话升级，403显示无权限，404不适用,ui_action_adm_content_001_01,REQ-CONTENT-001;REQ-PUBLISH-001,TST-CONTENT_001-HAPPY;TST-PUBLISH_001-HAPPY,FROZEN_DETAILED_V1.2.2,LIST_QUERY,页面主按钮/行操作/更多菜单/标准弹层，具体位置由模板和页面操作规格确定,页面具备读取权限；筛选项按数据范围和角色显示,网络可用；非正在刷新；翻页时 nextCursor/hasNext 为真,"校验 page,pageSize,cursor,status,keyword,sort,contentType,categoryCode,regionCode",page;pageSize;cursor;status;keyword;sort;contentType;categoryCode;regionCode,不需要,GET /admin-api/v1/contents；请求模型 AdminContentGetContentsParameters；响应模型 AdminContentGetContentsResponse,同资源单写请求锁；状态机服务端复核,首屏使用骨架屏；刷新保留现有数据；翻页使用列表尾部加载器,GET 可人工重试；网络瞬断最多指数退避自动重试 2 次；筛选变化取消旧请求,留在当前页；点击行/卡片按页面导航规格进入详情,当前资源、来源列表、全局角标/余额/待办中与该领域相关的缓存；禁止无差别清空全部缓存,记录必要业务埋点；读取高敏字段时额外记录访问审计,遵循最小采集；仅记录业务标识和状态，不记录自由文本中的个人信息,GET 可展示明确标记的最近缓存；写操作离线时禁止提交，不进入隐式离线队列,AdminContentGetContentsResponse,READY_FOR_IMPLEMENTATION
ACT-ADM-CONTENT-001-02,ADMIN,ADM-CONTENT-001,统一内容列表,/contents,内容详情与版本,页面进入、显式刷新、从后台恢复且缓存过期，或收到相关领域事件后触发,GET /admin-api/v1/contents/{id},adminContentGetContentsById,AdminContentGetContentsByIdParameters,content.read,不要求,以服务端返回的 version 和状态覆盖详情；重算按钮显示/可用条件；记录页面曝光和请求 requestId,404显示资源不存在或已下架并提供返回；403显示无权限；409触发重新拉取；网络失败保留缓存并标记可能过期,ui_action_adm_content_001_02,REQ-CONTENT-001;REQ-PUBLISH-001,TST-CONTENT_001-HAPPY;TST-PUBLISH_001-HAPPY,FROZEN_DETAILED_V1.2.2,DETAIL_QUERY,页面主按钮/行操作/更多菜单/标准弹层，具体位置由模板和页面操作规格确定,页面具备读取权限且路由参数完整,网络可用且不存在同资源进行中的请求,校验 id,id,不需要,GET /admin-api/v1/contents/{id}；请求模型 AdminContentGetContentsByIdParameters；响应模型 AdminContentGetContentsByIdResponse,同资源单写请求锁；状态机服务端复核,首次进入使用结构骨架；刷新保留当前内容并显示轻量刷新态,GET 可人工重试；缓存可作为只读降级但禁止基于过期数据执行写操作,留在当前页；资源不存在时返回上一级并从来源列表移除或标记,当前资源、来源列表、全局角标/余额/待办中与该领域相关的缓存；禁止无差别清空全部缓存,记录必要业务埋点；读取高敏字段时额外记录访问审计,遵循最小采集；仅记录业务标识和状态，不记录自由文本中的个人信息,GET 可展示明确标记的最近缓存；写操作离线时禁止提交，不进入隐式离线队列,AdminContentGetContentsByIdResponse,READY_FOR_IMPLEMENTATION
ACT-ADM-CONTENT-001-03,ADMIN,ADM-CONTENT-001,统一内容列表,/contents,内容字典,页面首次进入、下拉刷新、筛选/排序变化或滚动触底时触发；相同查询条件避免并发重复请求,GET /admin-api/v1/content-dictionaries,adminContentGetContentDictionaries,AdminContentGetContentDictionariesParameters,content.dict.read,不要求,首屏替换数据，翻页仅追加去重；更新分页、筛选回显、总数/游标和最后刷新时间；空结果进入业务空状态,首屏失败显示全页错误与重试；刷新失败保留旧数据并提示；翻页失败保留已加载数据并提供行内重试；401跳登录或会话升级，403显示无权限，404不适用,ui_action_adm_content_001_03,REQ-CONTENT-001;REQ-PUBLISH-001,TST-CONTENT_001-HAPPY;TST-PUBLISH_001-HAPPY,FROZEN_DETAILED_V1.2.2,LIST_QUERY,页面主按钮/行操作/更多菜单/标准弹层，具体位置由模板和页面操作规格确定,页面具备读取权限；筛选项按数据范围和角色显示,网络可用；非正在刷新；翻页时 nextCursor/hasNext 为真,"校验 page,pageSize,cursor,status,keyword,sort",page;pageSize;cursor;status;keyword;sort,不需要,GET /admin-api/v1/content-dictionaries；请求模型 AdminContentGetContentDictionariesParameters；响应模型 AdminContentGetContentDictionariesResponse,同资源单写请求锁；状态机服务端复核,首屏使用骨架屏；刷新保留现有数据；翻页使用列表尾部加载器,GET 可人工重试；网络瞬断最多指数退避自动重试 2 次；筛选变化取消旧请求,留在当前页；点击行/卡片按页面导航规格进入详情,当前资源、来源列表、全局角标/余额/待办中与该领域相关的缓存；禁止无差别清空全部缓存,记录必要业务埋点；读取高敏字段时额外记录访问审计,遵循最小采集；仅记录业务标识和状态，不记录自由文本中的个人信息,GET 可展示明确标记的最近缓存；写操作离线时禁止提交，不进入隐式离线队列,AdminContentGetContentDictionariesResponse,READY_FOR_IMPLEMENTATION
ACT-ADM-CONTENT-002-01,ADMIN,ADM-CONTENT-002,内容详情,/contents/:id,内容列表,页面首次进入、下拉刷新、筛选/排序变化或滚动触底时触发；相同查询条件避免并发重复请求,GET /admin-api/v1/contents,adminContentGetContents,AdminContentGetContentsParameters,content.read,不要求,首屏替换数据，翻页仅追加去重；更新分页、筛选回显、总数/游标和最后刷新时间；空结果进入业务空状态,首屏失败显示全页错误与重试；刷新失败保留旧数据并提示；翻页失败保留已加载数据并提供行内重试；401跳登录或会话升级，403显示无权限，404不适用,ui_action_adm_content_002_01,REQ-CONTENT-001;REQ-PUBLISH-001,TST-CONTENT_001-HAPPY;TST-PUBLISH_001-HAPPY,FROZEN_DETAILED_V1.2.2,LIST_QUERY,页面主按钮/行操作/更多菜单/标准弹层，具体位置由模板和页面操作规格确定,页面具备读取权限；筛选项按数据范围和角色显示,网络可用；非正在刷新；翻页时 nextCursor/hasNext 为真,"校验 page,pageSize,cursor,status,keyword,sort,contentType,categoryCode,regionCode",page;pageSize;cursor;status;keyword;sort;contentType;categoryCode;regionCode,不需要,GET /admin-api/v1/contents；请求模型 AdminContentGetContentsParameters；响应模型 AdminContentGetContentsResponse,同资源单写请求锁；状态机服务端复核,首屏使用骨架屏；刷新保留现有数据；翻页使用列表尾部加载器,GET 可人工重试；网络瞬断最多指数退避自动重试 2 次；筛选变化取消旧请求,留在当前页；点击行/卡片按页面导航规格进入详情,当前资源、来源列表、全局角标/余额/待办中与该领域相关的缓存；禁止无差别清空全部缓存,记录必要业务埋点；读取高敏字段时额外记录访问审计,遵循最小采集；仅记录业务标识和状态，不记录自由文本中的个人信息,GET 可展示明确标记的最近缓存；写操作离线时禁止提交，不进入隐式离线队列,AdminContentGetContentsResponse,READY_FOR_IMPLEMENTATION
ACT-ADM-CONTENT-002-02,ADMIN,ADM-CONTENT-002,内容详情,/contents/:id,内容详情与版本,页面进入、显式刷新、从后台恢复且缓存过期，或收到相关领域事件后触发,GET /admin-api/v1/contents/{id},adminContentGetContentsById,AdminContentGetContentsByIdParameters,content.read,不要求,以服务端返回的 version 和状态覆盖详情；重算按钮显示/可用条件；记录页面曝光和请求 requestId,404显示资源不存在或已下架并提供返回；403显示无权限；409触发重新拉取；网络失败保留缓存并标记可能过期,ui_action_adm_content_002_02,REQ-CONTENT-001;REQ-PUBLISH-001,TST-CONTENT_001-HAPPY;TST-PUBLISH_001-HAPPY,FROZEN_DETAILED_V1.2.2,DETAIL_QUERY,页面主按钮/行操作/更多菜单/标准弹层，具体位置由模板和页面操作规格确定,页面具备读取权限且路由参数完整,网络可用且不存在同资源进行中的请求,校验 id,id,不需要,GET /admin-api/v1/contents/{id}；请求模型 AdminContentGetContentsByIdParameters；响应模型 AdminContentGetContentsByIdResponse,同资源单写请求锁；状态机服务端复核,首次进入使用结构骨架；刷新保留当前内容并显示轻量刷新态,GET 可人工重试；缓存可作为只读降级但禁止基于过期数据执行写操作,留在当前页；资源不存在时返回上一级并从来源列表移除或标记,当前资源、来源列表、全局角标/余额/待办中与该领域相关的缓存；禁止无差别清空全部缓存,记录必要业务埋点；读取高敏字段时额外记录访问审计,遵循最小采集；仅记录业务标识和状态，不记录自由文本中的个人信息,GET 可展示明确标记的最近缓存；写操作离线时禁止提交，不进入隐式离线队列,AdminContentGetContentsByIdResponse,READY_FOR_IMPLEMENTATION
ACT-ADM-CONTENT-002-03,ADMIN,ADM-CONTENT-002,内容详情,/contents/:id,平台上架,用户显式点击操作入口，且本地字段校验、权限、状态机前置条件全部满足,POST /admin-api/v1/contents/{id}/online,adminContentPostContentsByIdOnline,AdminContentPostContentsByIdOnlineRequest,content.manage,X-Idempotency-Key必填,以响应数据更新页面和关联缓存；展示“平台上架成功”；仅刷新受影响区域,400逐字段映射；401要求重新认证；403隐藏后续写入口并记录越权拒绝；409提示数据已变化并重新加载；422展示业务原因且保留输入；429显示可重试时间；500保留上下文并提供 requestId,ui_action_adm_content_002_03,REQ-CONTENT-001;REQ-PUBLISH-001,TST-CONTENT_001-HAPPY;TST-PUBLISH_001-HAPPY;TST-CONTENT_001-IDEMPOTENT;TST-PUBLISH_001-IDEMPOTENT,FROZEN_DETAILED_V1.2.2,CREATE_OR_SUBMIT,页面主按钮/行操作/更多菜单/标准弹层，具体位置由模板和页面操作规格确定,具备权限 content.manage，且资源状态允许“平台上架”；按钮显示条件由页面状态表和状态机共同决定,不存在同资源写请求；必填字段有效；服务端 version 未被本地标记过期；需要审批时已选择审批单,"校验 id,X-Idempotency-Key,expectedVersion,reason；expectedVersion 必须等于页面最后一次成功读取的服务端版本；同一业务意图生成稳定 X-Idempotency-Key；请求体变化必须换键",id;X-Idempotency-Key;expectedVersion;reason,必须二次确认；确认框展示目标、影响、不可逆性、原因、审批要求和将触发的通知,POST /admin-api/v1/contents/{id}/online；请求模型 AdminContentPostContentsByIdOnlineRequest；响应模型 AdminContentPostContentsByIdOnlineResponse,expectedVersion 乐观锁 + X-Idempotency-Key + 服务端结果查询,提交期间锁定同资源写操作，保留输入并显示明确进度；禁止全页无反馈等待,使用同一幂等键仅重试同一请求体；若服务端已受理则先查询结果；409版本冲突不得盲重试,默认留在当前页并刷新；创建成功进入详情，支付/认证/发布结果按对应流程导航,当前资源、来源列表、全局角标/余额/待办中与该领域相关的缓存；禁止无差别清空全部缓存,记录操作人、角色、目标、前后状态/版本、原因、审批单、requestId、IP/设备和结果,遵循最小采集；仅记录业务标识和状态，不记录自由文本中的个人信息,GET 可展示明确标记的最近缓存；写操作离线时禁止提交，不进入隐式离线队列,AdminContentPostContentsByIdOnlineResponse,READY_FOR_IMPLEMENTATION
ACT-ADM-CONTENT-002-04,ADMIN,ADM-CONTENT-002,内容详情,/contents/:id,平台下架,用户显式点击操作入口，且本地字段校验、权限、状态机前置条件全部满足,POST /admin-api/v1/contents/{id}/offline,adminContentPostContentsByIdOffline,AdminContentPostContentsByIdOfflineRequest,content.manage,X-Idempotency-Key必填,以响应数据更新页面和关联缓存；展示“平台下架成功”；仅刷新受影响区域,400逐字段映射；401要求重新认证；403隐藏后续写入口并记录越权拒绝；409提示数据已变化并重新加载；422展示业务原因且保留输入；429显示可重试时间；500保留上下文并提供 requestId,ui_action_adm_content_002_04,REQ-CONTENT-001;REQ-PUBLISH-001,TST-CONTENT_001-HAPPY;TST-PUBLISH_001-HAPPY;TST-CONTENT_001-IDEMPOTENT;TST-PUBLISH_001-IDEMPOTENT,FROZEN_DETAILED_V1.2.2,CREATE_OR_SUBMIT,页面主按钮/行操作/更多菜单/标准弹层，具体位置由模板和页面操作规格确定,具备权限 content.manage，且资源状态允许“平台下架”；按钮显示条件由页面状态表和状态机共同决定,不存在同资源写请求；必填字段有效；服务端 version 未被本地标记过期；需要审批时已选择审批单,"校验 id,X-Idempotency-Key,expectedVersion,reason；expectedVersion 必须等于页面最后一次成功读取的服务端版本；同一业务意图生成稳定 X-Idempotency-Key；请求体变化必须换键",id;X-Idempotency-Key;expectedVersion;reason,必须二次确认；确认框展示目标、影响、不可逆性、原因、审批要求和将触发的通知,POST /admin-api/v1/contents/{id}/offline；请求模型 AdminContentPostContentsByIdOfflineRequest；响应模型 AdminContentPostContentsByIdOfflineResponse,expectedVersion 乐观锁 + X-Idempotency-Key + 服务端结果查询,提交期间锁定同资源写操作，保留输入并显示明确进度；禁止全页无反馈等待,使用同一幂等键仅重试同一请求体；若服务端已受理则先查询结果；409版本冲突不得盲重试,默认留在当前页并刷新；创建成功进入详情，支付/认证/发布结果按对应流程导航,当前资源、来源列表、全局角标/余额/待办中与该领域相关的缓存；禁止无差别清空全部缓存,记录操作人、角色、目标、前后状态/版本、原因、审批单、requestId、IP/设备和结果,遵循最小采集；仅记录业务标识和状态，不记录自由文本中的个人信息,GET 可展示明确标记的最近缓存；写操作离线时禁止提交，不进入隐式离线队列,AdminContentPostContentsByIdOfflineResponse,READY_FOR_IMPLEMENTATION
ACT-ADM-CONTENT-002-05,ADMIN,ADM-CONTENT-002,内容详情,/contents/:id,违规封禁,用户显式点击操作入口，且本地字段校验、权限、状态机前置条件全部满足,POST /admin-api/v1/contents/{id}/ban,adminContentPostContentsByIdBan,AdminContentPostContentsByIdBanRequest,content.ban,X-Idempotency-Key必填,以响应数据更新页面和关联缓存；展示“违规封禁成功”；仅刷新受影响区域,400逐字段映射；401要求重新认证；403隐藏后续写入口并记录越权拒绝；409提示数据已变化并重新加载；422展示业务原因且保留输入；429显示可重试时间；500保留上下文并提供 requestId,ui_action_adm_content_002_05,REQ-CONTENT-001;REQ-PUBLISH-001,TST-CONTENT_001-HAPPY;TST-PUBLISH_001-HAPPY;TST-CONTENT_001-IDEMPOTENT;TST-PUBLISH_001-IDEMPOTENT,FROZEN_DETAILED_V1.2.2,CREATE_OR_SUBMIT,页面主按钮/行操作/更多菜单/标准弹层，具体位置由模板和页面操作规格确定,具备权限 content.ban，且资源状态允许“违规封禁”；按钮显示条件由页面状态表和状态机共同决定,不存在同资源写请求；必填字段有效；服务端 version 未被本地标记过期；需要审批时已选择审批单,"校验 id,X-Idempotency-Key,reason,expectedVersion；expectedVersion 必须等于页面最后一次成功读取的服务端版本；同一业务意图生成稳定 X-Idempotency-Key；请求体变化必须换键",id;X-Idempotency-Key;reason;expectedVersion,必须二次确认；确认框展示目标、影响、不可逆性、原因、审批要求和将触发的通知,POST /admin-api/v1/contents/{id}/ban；请求模型 AdminContentPostContentsByIdBanRequest；响应模型 AdminContentPostContentsByIdBanResponse,expectedVersion 乐观锁 + X-Idempotency-Key + 服务端结果查询,提交期间锁定同资源写操作，保留输入并显示明确进度；禁止全页无反馈等待,使用同一幂等键仅重试同一请求体；若服务端已受理则先查询结果；409版本冲突不得盲重试,默认留在当前页并刷新；创建成功进入详情，支付/认证/发布结果按对应流程导航,当前资源、来源列表、全局角标/余额/待办中与该领域相关的缓存；禁止无差别清空全部缓存,记录操作人、角色、目标、前后状态/版本、原因、审批单、requestId、IP/设备和结果,遵循最小采集；仅记录业务标识和状态，不记录自由文本中的个人信息,GET 可展示明确标记的最近缓存；写操作离线时禁止提交，不进入隐式离线队列,AdminContentPostContentsByIdBanResponse,READY_FOR_IMPLEMENTATION
ACT-ADM-CONTENT-002-06,ADMIN,ADM-CONTENT-002,内容详情,/contents/:id,运营推荐,用户显式点击操作入口，且本地字段校验、权限、状态机前置条件全部满足,POST /admin-api/v1/contents/{id}/recommend,adminContentPostContentsByIdRecommend,AdminContentPostContentsByIdRecommendRequest,content.recommend,X-Idempotency-Key必填,以响应数据更新页面和关联缓存；展示“运营推荐成功”；仅刷新受影响区域,400逐字段映射；401要求重新认证；403隐藏后续写入口并记录越权拒绝；409提示数据已变化并重新加载；422展示业务原因且保留输入；429显示可重试时间；500保留上下文并提供 requestId,ui_action_adm_content_002_06,REQ-CONTENT-001;REQ-PUBLISH-001,TST-CONTENT_001-HAPPY;TST-PUBLISH_001-HAPPY;TST-CONTENT_001-IDEMPOTENT;TST-PUBLISH_001-IDEMPOTENT,FROZEN_DETAILED_V1.2.2,CREATE_OR_SUBMIT,页面主按钮/行操作/更多菜单/标准弹层，具体位置由模板和页面操作规格确定,具备权限 content.recommend，且资源状态允许“运营推荐”；按钮显示条件由页面状态表和状态机共同决定,不存在同资源写请求；必填字段有效；服务端 version 未被本地标记过期；需要审批时已选择审批单,"校验 id,X-Idempotency-Key,enabled,weight,startAt,endAt,expectedVersion；expectedVersion 必须等于页面最后一次成功读取的服务端版本；同一业务意图生成稳定 X-Idempotency-Key；请求体变化必须换键",id;X-Idempotency-Key;enabled;weight;startAt;endAt;expectedVersion,金额、权益或发布范围变化时二次确认；普通可撤销保存不需要,POST /admin-api/v1/contents/{id}/recommend；请求模型 AdminContentPostContentsByIdRecommendRequest；响应模型 AdminContentPostContentsByIdRecommendResponse,expectedVersion 乐观锁 + X-Idempotency-Key + 服务端结果查询,提交期间锁定同资源写操作，保留输入并显示明确进度；禁止全页无反馈等待,使用同一幂等键仅重试同一请求体；若服务端已受理则先查询结果；409版本冲突不得盲重试,默认留在当前页并刷新；创建成功进入详情，支付/认证/发布结果按对应流程导航,当前资源、来源列表、全局角标/余额/待办中与该领域相关的缓存；禁止无差别清空全部缓存,记录操作人、角色、目标、前后状态/版本、原因、审批单、requestId、IP/设备和结果,遵循最小采集；仅记录业务标识和状态，不记录自由文本中的个人信息,GET 可展示明确标记的最近缓存；写操作离线时禁止提交，不进入隐式离线队列,AdminContentPostContentsByIdRecommendResponse,READY_FOR_IMPLEMENTATION
ACT-ADM-CONTENT-002-07,ADMIN,ADM-CONTENT-002,内容详情,/contents/:id,官方标识,用户显式点击操作入口，且本地字段校验、权限、状态机前置条件全部满足,POST /admin-api/v1/contents/{id}/official-mark,adminContentPostContentsByIdOfficialMark,AdminContentPostContentsByIdOfficialMarkRequest,content.official,X-Idempotency-Key必填,以响应数据更新页面和关联缓存；展示“官方标识成功”；仅刷新受影响区域,400逐字段映射；401要求重新认证；403隐藏后续写入口并记录越权拒绝；409提示数据已变化并重新加载；422展示业务原因且保留输入；429显示可重试时间；500保留上下文并提供 requestId,ui_action_adm_content_002_07,REQ-CONTENT-001;REQ-PUBLISH-001,TST-CONTENT_001-HAPPY;TST-PUBLISH_001-HAPPY;TST-CONTENT_001-IDEMPOTENT;TST-PUBLISH_001-IDEMPOTENT,FROZEN_DETAILED_V1.2.2,CREATE_OR_SUBMIT,页面主按钮/行操作/更多菜单/标准弹层，具体位置由模板和页面操作规格确定,具备权限 content.official，且资源状态允许“官方标识”；按钮显示条件由页面状态表和状态机共同决定,不存在同资源写请求；必填字段有效；服务端 version 未被本地标记过期；需要审批时已选择审批单,"校验 id,X-Idempotency-Key,enabled,label,expectedVersion；expectedVersion 必须等于页面最后一次成功读取的服务端版本；同一业务意图生成稳定 X-Idempotency-Key；请求体变化必须换键",id;X-Idempotency-Key;enabled;label;expectedVersion,金额、权益或发布范围变化时二次确认；普通可撤销保存不需要,POST /admin-api/v1/contents/{id}/official-mark；请求模型 AdminContentPostContentsByIdOfficialMarkRequest；响应模型 AdminContentPostContentsByIdOfficialMarkResponse,expectedVersion 乐观锁 + X-Idempotency-Key + 服务端结果查询,提交期间锁定同资源写操作，保留输入并显示明确进度；禁止全页无反馈等待,使用同一幂等键仅重试同一请求体；若服务端已受理则先查询结果；409版本冲突不得盲重试,默认留在当前页并刷新；创建成功进入详情，支付/认证/发布结果按对应流程导航,当前资源、来源列表、全局角标/余额/待办中与该领域相关的缓存；禁止无差别清空全部缓存,记录操作人、角色、目标、前后状态/版本、原因、审批单、requestId、IP/设备和结果,遵循最小采集；仅记录业务标识和状态，不记录自由文本中的个人信息,GET 可展示明确标记的最近缓存；写操作离线时禁止提交，不进入隐式离线队列,AdminContentPostContentsByIdOfficialMarkResponse,READY_FOR_IMPLEMENTATION
ACT-ADM-CONTENT-002-08,ADMIN,ADM-CONTENT-002,内容详情,/contents/:id,内容字典,页面首次进入、下拉刷新、筛选/排序变化或滚动触底时触发；相同查询条件避免并发重复请求,GET /admin-api/v1/content-dictionaries,adminContentGetContentDictionaries,AdminContentGetContentDictionariesParameters,content.dict.read,不要求,首屏替换数据，翻页仅追加去重；更新分页、筛选回显、总数/游标和最后刷新时间；空结果进入业务空状态,首屏失败显示全页错误与重试；刷新失败保留旧数据并提示；翻页失败保留已加载数据并提供行内重试；401跳登录或会话升级，403显示无权限，404不适用,ui_action_adm_content_002_08,REQ-CONTENT-001;REQ-PUBLISH-001,TST-CONTENT_001-HAPPY;TST-PUBLISH_001-HAPPY,FROZEN_DETAILED_V1.2.2,LIST_QUERY,页面主按钮/行操作/更多菜单/标准弹层，具体位置由模板和页面操作规格确定,页面具备读取权限；筛选项按数据范围和角色显示,网络可用；非正在刷新；翻页时 nextCursor/hasNext 为真,"校验 page,pageSize,cursor,status,keyword,sort",page;pageSize;cursor;status;keyword;sort,不需要,GET /admin-api/v1/content-dictionaries；请求模型 AdminContentGetContentDictionariesParameters；响应模型 AdminContentGetContentDictionariesResponse,同资源单写请求锁；状态机服务端复核,首屏使用骨架屏；刷新保留现有数据；翻页使用列表尾部加载器,GET 可人工重试；网络瞬断最多指数退避自动重试 2 次；筛选变化取消旧请求,留在当前页；点击行/卡片按页面导航规格进入详情,当前资源、来源列表、全局角标/余额/待办中与该领域相关的缓存；禁止无差别清空全部缓存,记录必要业务埋点；读取高敏字段时额外记录访问审计,遵循最小采集；仅记录业务标识和状态，不记录自由文本中的个人信息,GET 可展示明确标记的最近缓存；写操作离线时禁止提交，不进入隐式离线队列,AdminContentGetContentDictionariesResponse,READY_FOR_IMPLEMENTATION
ACT-ADM-CONTENT-003-01,ADMIN,ADM-CONTENT-003,字典与属性,/contents/dictionaries,内容列表,页面首次进入、下拉刷新、筛选/排序变化或滚动触底时触发；相同查询条件避免并发重复请求,GET /admin-api/v1/contents,adminContentGetContents,AdminContentGetContentsParameters,content.read,不要求,首屏替换数据，翻页仅追加去重；更新分页、筛选回显、总数/游标和最后刷新时间；空结果进入业务空状态,首屏失败显示全页错误与重试；刷新失败保留旧数据并提示；翻页失败保留已加载数据并提供行内重试；401跳登录或会话升级，403显示无权限，404不适用,ui_action_adm_content_003_01,REQ-CONTENT-001;REQ-PUBLISH-001,TST-CONTENT_001-HAPPY;TST-PUBLISH_001-HAPPY,FROZEN_DETAILED_V1.2.2,LIST_QUERY,页面主按钮/行操作/更多菜单/标准弹层，具体位置由模板和页面操作规格确定,页面具备读取权限；筛选项按数据范围和角色显示,网络可用；非正在刷新；翻页时 nextCursor/hasNext 为真,"校验 page,pageSize,cursor,status,keyword,sort,contentType,categoryCode,regionCode",page;pageSize;cursor;status;keyword;sort;contentType;categoryCode;regionCode,不需要,GET /admin-api/v1/contents；请求模型 AdminContentGetContentsParameters；响应模型 AdminContentGetContentsResponse,同资源单写请求锁；状态机服务端复核,首屏使用骨架屏；刷新保留现有数据；翻页使用列表尾部加载器,GET 可人工重试；网络瞬断最多指数退避自动重试 2 次；筛选变化取消旧请求,留在当前页；点击行/卡片按页面导航规格进入详情,当前资源、来源列表、全局角标/余额/待办中与该领域相关的缓存；禁止无差别清空全部缓存,记录必要业务埋点；读取高敏字段时额外记录访问审计,遵循最小采集；仅记录业务标识和状态，不记录自由文本中的个人信息,GET 可展示明确标记的最近缓存；写操作离线时禁止提交，不进入隐式离线队列,AdminContentGetContentsResponse,READY_FOR_IMPLEMENTATION
ACT-ADM-CONTENT-003-02,ADMIN,ADM-CONTENT-003,字典与属性,/contents/dictionaries,内容详情与版本,页面进入、显式刷新、从后台恢复且缓存过期，或收到相关领域事件后触发,GET /admin-api/v1/contents/{id},adminContentGetContentsById,AdminContentGetContentsByIdParameters,content.read,不要求,以服务端返回的 version 和状态覆盖详情；重算按钮显示/可用条件；记录页面曝光和请求 requestId,404显示资源不存在或已下架并提供返回；403显示无权限；409触发重新拉取；网络失败保留缓存并标记可能过期,ui_action_adm_content_003_02,REQ-CONTENT-001;REQ-PUBLISH-001,TST-CONTENT_001-HAPPY;TST-PUBLISH_001-HAPPY,FROZEN_DETAILED_V1.2.2,DETAIL_QUERY,页面主按钮/行操作/更多菜单/标准弹层，具体位置由模板和页面操作规格确定,页面具备读取权限且路由参数完整,网络可用且不存在同资源进行中的请求,校验 id,id,不需要,GET /admin-api/v1/contents/{id}；请求模型 AdminContentGetContentsByIdParameters；响应模型 AdminContentGetContentsByIdResponse,同资源单写请求锁；状态机服务端复核,首次进入使用结构骨架；刷新保留当前内容并显示轻量刷新态,GET 可人工重试；缓存可作为只读降级但禁止基于过期数据执行写操作,留在当前页；资源不存在时返回上一级并从来源列表移除或标记,当前资源、来源列表、全局角标/余额/待办中与该领域相关的缓存；禁止无差别清空全部缓存,记录必要业务埋点；读取高敏字段时额外记录访问审计,遵循最小采集；仅记录业务标识和状态，不记录自由文本中的个人信息,GET 可展示明确标记的最近缓存；写操作离线时禁止提交，不进入隐式离线队列,AdminContentGetContentsByIdResponse,READY_FOR_IMPLEMENTATION
ACT-ADM-CONTENT-003-03,ADMIN,ADM-CONTENT-003,字典与属性,/contents/dictionaries,平台上架,用户显式点击操作入口，且本地字段校验、权限、状态机前置条件全部满足,POST /admin-api/v1/contents/{id}/online,adminContentPostContentsByIdOnline,AdminContentPostContentsByIdOnlineRequest,content.manage,X-Idempotency-Key必填,以响应数据更新页面和关联缓存；展示“平台上架成功”；仅刷新受影响区域,400逐字段映射；401要求重新认证；403隐藏后续写入口并记录越权拒绝；409提示数据已变化并重新加载；422展示业务原因且保留输入；429显示可重试时间；500保留上下文并提供 requestId,ui_action_adm_content_003_03,REQ-CONTENT-001;REQ-PUBLISH-001,TST-CONTENT_001-HAPPY;TST-PUBLISH_001-HAPPY;TST-CONTENT_001-IDEMPOTENT;TST-PUBLISH_001-IDEMPOTENT,FROZEN_DETAILED_V1.2.2,CREATE_OR_SUBMIT,页面主按钮/行操作/更多菜单/标准弹层，具体位置由模板和页面操作规格确定,具备权限 content.manage，且资源状态允许“平台上架”；按钮显示条件由页面状态表和状态机共同决定,不存在同资源写请求；必填字段有效；服务端 version 未被本地标记过期；需要审批时已选择审批单,"校验 id,X-Idempotency-Key,expectedVersion,reason；expectedVersion 必须等于页面最后一次成功读取的服务端版本；同一业务意图生成稳定 X-Idempotency-Key；请求体变化必须换键",id;X-Idempotency-Key;expectedVersion;reason,必须二次确认；确认框展示目标、影响、不可逆性、原因、审批要求和将触发的通知,POST /admin-api/v1/contents/{id}/online；请求模型 AdminContentPostContentsByIdOnlineRequest；响应模型 AdminContentPostContentsByIdOnlineResponse,expectedVersion 乐观锁 + X-Idempotency-Key + 服务端结果查询,提交期间锁定同资源写操作，保留输入并显示明确进度；禁止全页无反馈等待,使用同一幂等键仅重试同一请求体；若服务端已受理则先查询结果；409版本冲突不得盲重试,默认留在当前页并刷新；创建成功进入详情，支付/认证/发布结果按对应流程导航,当前资源、来源列表、全局角标/余额/待办中与该领域相关的缓存；禁止无差别清空全部缓存,记录操作人、角色、目标、前后状态/版本、原因、审批单、requestId、IP/设备和结果,遵循最小采集；仅记录业务标识和状态，不记录自由文本中的个人信息,GET 可展示明确标记的最近缓存；写操作离线时禁止提交，不进入隐式离线队列,AdminContentPostContentsByIdOnlineResponse,READY_FOR_IMPLEMENTATION
ACT-ADM-CONTENT-003-04,ADMIN,ADM-CONTENT-003,字典与属性,/contents/dictionaries,平台下架,用户显式点击操作入口，且本地字段校验、权限、状态机前置条件全部满足,POST /admin-api/v1/contents/{id}/offline,adminContentPostContentsByIdOffline,AdminContentPostContentsByIdOfflineRequest,content.manage,X-Idempotency-Key必填,以响应数据更新页面和关联缓存；展示“平台下架成功”；仅刷新受影响区域,400逐字段映射；401要求重新认证；403隐藏后续写入口并记录越权拒绝；409提示数据已变化并重新加载；422展示业务原因且保留输入；429显示可重试时间；500保留上下文并提供 requestId,ui_action_adm_content_003_04,REQ-CONTENT-001;REQ-PUBLISH-001,TST-CONTENT_001-HAPPY;TST-PUBLISH_001-HAPPY;TST-CONTENT_001-IDEMPOTENT;TST-PUBLISH_001-IDEMPOTENT,FROZEN_DETAILED_V1.2.2,CREATE_OR_SUBMIT,页面主按钮/行操作/更多菜单/标准弹层，具体位置由模板和页面操作规格确定,具备权限 content.manage，且资源状态允许“平台下架”；按钮显示条件由页面状态表和状态机共同决定,不存在同资源写请求；必填字段有效；服务端 version 未被本地标记过期；需要审批时已选择审批单,"校验 id,X-Idempotency-Key,expectedVersion,reason；expectedVersion 必须等于页面最后一次成功读取的服务端版本；同一业务意图生成稳定 X-Idempotency-Key；请求体变化必须换键",id;X-Idempotency-Key;expectedVersion;reason,必须二次确认；确认框展示目标、影响、不可逆性、原因、审批要求和将触发的通知,POST /admin-api/v1/contents/{id}/offline；请求模型 AdminContentPostContentsByIdOfflineRequest；响应模型 AdminContentPostContentsByIdOfflineResponse,expectedVersion 乐观锁 + X-Idempotency-Key + 服务端结果查询,提交期间锁定同资源写操作，保留输入并显示明确进度；禁止全页无反馈等待,使用同一幂等键仅重试同一请求体；若服务端已受理则先查询结果；409版本冲突不得盲重试,默认留在当前页并刷新；创建成功进入详情，支付/认证/发布结果按对应流程导航,当前资源、来源列表、全局角标/余额/待办中与该领域相关的缓存；禁止无差别清空全部缓存,记录操作人、角色、目标、前后状态/版本、原因、审批单、requestId、IP/设备和结果,遵循最小采集；仅记录业务标识和状态，不记录自由文本中的个人信息,GET 可展示明确标记的最近缓存；写操作离线时禁止提交，不进入隐式离线队列,AdminContentPostContentsByIdOfflineResponse,READY_FOR_IMPLEMENTATION
ACT-ADM-CONTENT-003-05,ADMIN,ADM-CONTENT-003,字典与属性,/contents/dictionaries,违规封禁,用户显式点击操作入口，且本地字段校验、权限、状态机前置条件全部满足,POST /admin-api/v1/contents/{id}/ban,adminContentPostContentsByIdBan,AdminContentPostContentsByIdBanRequest,content.ban,X-Idempotency-Key必填,以响应数据更新页面和关联缓存；展示“违规封禁成功”；仅刷新受影响区域,400逐字段映射；401要求重新认证；403隐藏后续写入口并记录越权拒绝；409提示数据已变化并重新加载；422展示业务原因且保留输入；429显示可重试时间；500保留上下文并提供 requestId,ui_action_adm_content_003_05,REQ-CONTENT-001;REQ-PUBLISH-001,TST-CONTENT_001-HAPPY;TST-PUBLISH_001-HAPPY;TST-CONTENT_001-IDEMPOTENT;TST-PUBLISH_001-IDEMPOTENT,FROZEN_DETAILED_V1.2.2,CREATE_OR_SUBMIT,页面主按钮/行操作/更多菜单/标准弹层，具体位置由模板和页面操作规格确定,具备权限 content.ban，且资源状态允许“违规封禁”；按钮显示条件由页面状态表和状态机共同决定,不存在同资源写请求；必填字段有效；服务端 version 未被本地标记过期；需要审批时已选择审批单,"校验 id,X-Idempotency-Key,reason,expectedVersion；expectedVersion 必须等于页面最后一次成功读取的服务端版本；同一业务意图生成稳定 X-Idempotency-Key；请求体变化必须换键",id;X-Idempotency-Key;reason;expectedVersion,必须二次确认；确认框展示目标、影响、不可逆性、原因、审批要求和将触发的通知,POST /admin-api/v1/contents/{id}/ban；请求模型 AdminContentPostContentsByIdBanRequest；响应模型 AdminContentPostContentsByIdBanResponse,expectedVersion 乐观锁 + X-Idempotency-Key + 服务端结果查询,提交期间锁定同资源写操作，保留输入并显示明确进度；禁止全页无反馈等待,使用同一幂等键仅重试同一请求体；若服务端已受理则先查询结果；409版本冲突不得盲重试,默认留在当前页并刷新；创建成功进入详情，支付/认证/发布结果按对应流程导航,当前资源、来源列表、全局角标/余额/待办中与该领域相关的缓存；禁止无差别清空全部缓存,记录操作人、角色、目标、前后状态/版本、原因、审批单、requestId、IP/设备和结果,遵循最小采集；仅记录业务标识和状态，不记录自由文本中的个人信息,GET 可展示明确标记的最近缓存；写操作离线时禁止提交，不进入隐式离线队列,AdminContentPostContentsByIdBanResponse,READY_FOR_IMPLEMENTATION
ACT-ADM-CONTENT-003-06,ADMIN,ADM-CONTENT-003,字典与属性,/contents/dictionaries,运营推荐,用户显式点击操作入口，且本地字段校验、权限、状态机前置条件全部满足,POST /admin-api/v1/contents/{id}/recommend,adminContentPostContentsByIdRecommend,AdminContentPostContentsByIdRecommendRequest,content.recommend,X-Idempotency-Key必填,以响应数据更新页面和关联缓存；展示“运营推荐成功”；仅刷新受影响区域,400逐字段映射；401要求重新认证；403隐藏后续写入口并记录越权拒绝；409提示数据已变化并重新加载；422展示业务原因且保留输入；429显示可重试时间；500保留上下文并提供 requestId,ui_action_adm_content_003_06,REQ-CONTENT-001;REQ-PUBLISH-001,TST-CONTENT_001-HAPPY;TST-PUBLISH_001-HAPPY;TST-CONTENT_001-IDEMPOTENT;TST-PUBLISH_001-IDEMPOTENT,FROZEN_DETAILED_V1.2.2,CREATE_OR_SUBMIT,页面主按钮/行操作/更多菜单/标准弹层，具体位置由模板和页面操作规格确定,具备权限 content.recommend，且资源状态允许“运营推荐”；按钮显示条件由页面状态表和状态机共同决定,不存在同资源写请求；必填字段有效；服务端 version 未被本地标记过期；需要审批时已选择审批单,"校验 id,X-Idempotency-Key,enabled,weight,startAt,endAt,expectedVersion；expectedVersion 必须等于页面最后一次成功读取的服务端版本；同一业务意图生成稳定 X-Idempotency-Key；请求体变化必须换键",id;X-Idempotency-Key;enabled;weight;startAt;endAt;expectedVersion,金额、权益或发布范围变化时二次确认；普通可撤销保存不需要,POST /admin-api/v1/contents/{id}/recommend；请求模型 AdminContentPostContentsByIdRecommendRequest；响应模型 AdminContentPostContentsByIdRecommendResponse,expectedVersion 乐观锁 + X-Idempotency-Key + 服务端结果查询,提交期间锁定同资源写操作，保留输入并显示明确进度；禁止全页无反馈等待,使用同一幂等键仅重试同一请求体；若服务端已受理则先查询结果；409版本冲突不得盲重试,默认留在当前页并刷新；创建成功进入详情，支付/认证/发布结果按对应流程导航,当前资源、来源列表、全局角标/余额/待办中与该领域相关的缓存；禁止无差别清空全部缓存,记录操作人、角色、目标、前后状态/版本、原因、审批单、requestId、IP/设备和结果,遵循最小采集；仅记录业务标识和状态，不记录自由文本中的个人信息,GET 可展示明确标记的最近缓存；写操作离线时禁止提交，不进入隐式离线队列,AdminContentPostContentsByIdRecommendResponse,READY_FOR_IMPLEMENTATION
ACT-ADM-CONTENT-003-07,ADMIN,ADM-CONTENT-003,字典与属性,/contents/dictionaries,官方标识,用户显式点击操作入口，且本地字段校验、权限、状态机前置条件全部满足,POST /admin-api/v1/contents/{id}/official-mark,adminContentPostContentsByIdOfficialMark,AdminContentPostContentsByIdOfficialMarkRequest,content.official,X-Idempotency-Key必填,以响应数据更新页面和关联缓存；展示“官方标识成功”；仅刷新受影响区域,400逐字段映射；401要求重新认证；403隐藏后续写入口并记录越权拒绝；409提示数据已变化并重新加载；422展示业务原因且保留输入；429显示可重试时间；500保留上下文并提供 requestId,ui_action_adm_content_003_07,REQ-CONTENT-001;REQ-PUBLISH-001,TST-CONTENT_001-HAPPY;TST-PUBLISH_001-HAPPY;TST-CONTENT_001-IDEMPOTENT;TST-PUBLISH_001-IDEMPOTENT,FROZEN_DETAILED_V1.2.2,CREATE_OR_SUBMIT,页面主按钮/行操作/更多菜单/标准弹层，具体位置由模板和页面操作规格确定,具备权限 content.official，且资源状态允许“官方标识”；按钮显示条件由页面状态表和状态机共同决定,不存在同资源写请求；必填字段有效；服务端 version 未被本地标记过期；需要审批时已选择审批单,"校验 id,X-Idempotency-Key,enabled,label,expectedVersion；expectedVersion 必须等于页面最后一次成功读取的服务端版本；同一业务意图生成稳定 X-Idempotency-Key；请求体变化必须换键",id;X-Idempotency-Key;enabled;label;expectedVersion,金额、权益或发布范围变化时二次确认；普通可撤销保存不需要,POST /admin-api/v1/contents/{id}/official-mark；请求模型 AdminContentPostContentsByIdOfficialMarkRequest；响应模型 AdminContentPostContentsByIdOfficialMarkResponse,expectedVersion 乐观锁 + X-Idempotency-Key + 服务端结果查询,提交期间锁定同资源写操作，保留输入并显示明确进度；禁止全页无反馈等待,使用同一幂等键仅重试同一请求体；若服务端已受理则先查询结果；409版本冲突不得盲重试,默认留在当前页并刷新；创建成功进入详情，支付/认证/发布结果按对应流程导航,当前资源、来源列表、全局角标/余额/待办中与该领域相关的缓存；禁止无差别清空全部缓存,记录操作人、角色、目标、前后状态/版本、原因、审批单、requestId、IP/设备和结果,遵循最小采集；仅记录业务标识和状态，不记录自由文本中的个人信息,GET 可展示明确标记的最近缓存；写操作离线时禁止提交，不进入隐式离线队列,AdminContentPostContentsByIdOfficialMarkResponse,READY_FOR_IMPLEMENTATION
ACT-ADM-CONTENT-003-08,ADMIN,ADM-CONTENT-003,字典与属性,/contents/dictionaries,内容字典,页面首次进入、下拉刷新、筛选/排序变化或滚动触底时触发；相同查询条件避免并发重复请求,GET /admin-api/v1/content-dictionaries,adminContentGetContentDictionaries,AdminContentGetContentDictionariesParameters,content.dict.read,不要求,首屏替换数据，翻页仅追加去重；更新分页、筛选回显、总数/游标和最后刷新时间；空结果进入业务空状态,首屏失败显示全页错误与重试；刷新失败保留旧数据并提示；翻页失败保留已加载数据并提供行内重试；401跳登录或会话升级，403显示无权限，404不适用,ui_action_adm_content_003_08,REQ-CONTENT-001;REQ-PUBLISH-001,TST-CONTENT_001-HAPPY;TST-PUBLISH_001-HAPPY,FROZEN_DETAILED_V1.2.2,LIST_QUERY,页面主按钮/行操作/更多菜单/标准弹层，具体位置由模板和页面操作规格确定,页面具备读取权限；筛选项按数据范围和角色显示,网络可用；非正在刷新；翻页时 nextCursor/hasNext 为真,"校验 page,pageSize,cursor,status,keyword,sort",page;pageSize;cursor;status;keyword;sort,不需要,GET /admin-api/v1/content-dictionaries；请求模型 AdminContentGetContentDictionariesParameters；响应模型 AdminContentGetContentDictionariesResponse,同资源单写请求锁；状态机服务端复核,首屏使用骨架屏；刷新保留现有数据；翻页使用列表尾部加载器,GET 可人工重试；网络瞬断最多指数退避自动重试 2 次；筛选变化取消旧请求,留在当前页；点击行/卡片按页面导航规格进入详情,当前资源、来源列表、全局角标/余额/待办中与该领域相关的缓存；禁止无差别清空全部缓存,记录必要业务埋点；读取高敏字段时额外记录访问审计,遵循最小采集；仅记录业务标识和状态，不记录自由文本中的个人信息,GET 可展示明确标记的最近缓存；写操作离线时禁止提交，不进入隐式离线队列,AdminContentGetContentDictionariesResponse,READY_FOR_IMPLEMENTATION
ACT-ADM-REVIEW-001-01,ADMIN,ADM-REVIEW-001,审核队列,/reviews,统一审核队列,页面首次进入、下拉刷新、筛选/排序变化或滚动触底时触发；相同查询条件避免并发重复请求,GET /admin-api/v1/reviews/queue,adminReviewGetReviewsQueue,AdminReviewGetReviewsQueueParameters,review.read,不要求,首屏替换数据，翻页仅追加去重；更新分页、筛选回显、总数/游标和最后刷新时间；空结果进入业务空状态,首屏失败显示全页错误与重试；刷新失败保留旧数据并提示；翻页失败保留已加载数据并提供行内重试；401跳登录或会话升级，403显示无权限，404不适用,ui_action_adm_review_001_01,REQ-PUBLISH-001,TST-PUBLISH_001-HAPPY,FROZEN_DETAILED_V1.2.2,LIST_QUERY,页面主按钮/行操作/更多菜单/标准弹层，具体位置由模板和页面操作规格确定,页面具备读取权限；筛选项按数据范围和角色显示,网络可用；非正在刷新；翻页时 nextCursor/hasNext 为真,"校验 page,pageSize,cursor,status,keyword,sort",page;pageSize;cursor;status;keyword;sort,不需要,GET /admin-api/v1/reviews/queue；请求模型 AdminReviewGetReviewsQueueParameters；响应模型 AdminReviewGetReviewsQueueResponse,同资源单写请求锁；状态机服务端复核,首屏使用骨架屏；刷新保留现有数据；翻页使用列表尾部加载器,GET 可人工重试；网络瞬断最多指数退避自动重试 2 次；筛选变化取消旧请求,留在当前页；点击行/卡片按页面导航规格进入详情,当前资源、来源列表、全局角标/余额/待办中与该领域相关的缓存；禁止无差别清空全部缓存,记录必要业务埋点；读取高敏字段时额外记录访问审计,遵循最小采集；仅记录业务标识和状态，不记录自由文本中的个人信息,GET 可展示明确标记的最近缓存；写操作离线时禁止提交，不进入隐式离线队列,AdminReviewGetReviewsQueueResponse,READY_FOR_IMPLEMENTATION
ACT-ADM-REVIEW-001-02,ADMIN,ADM-REVIEW-001,审核队列,/reviews,审核详情,页面进入、显式刷新、从后台恢复且缓存过期，或收到相关领域事件后触发,GET /admin-api/v1/reviews/{id},adminReviewGetReviewsById,AdminReviewGetReviewsByIdParameters,review.read,不要求,以服务端返回的 version 和状态覆盖详情；重算按钮显示/可用条件；记录页面曝光和请求 requestId,404显示资源不存在或已下架并提供返回；403显示无权限；409触发重新拉取；网络失败保留缓存并标记可能过期,ui_action_adm_review_001_02,REQ-PUBLISH-001,TST-PUBLISH_001-HAPPY,FROZEN_DETAILED_V1.2.2,DETAIL_QUERY,页面主按钮/行操作/更多菜单/标准弹层，具体位置由模板和页面操作规格确定,页面具备读取权限且路由参数完整,网络可用且不存在同资源进行中的请求,校验 id,id,不需要,GET /admin-api/v1/reviews/{id}；请求模型 AdminReviewGetReviewsByIdParameters；响应模型 AdminReviewGetReviewsByIdResponse,同资源单写请求锁；状态机服务端复核,首次进入使用结构骨架；刷新保留当前内容并显示轻量刷新态,GET 可人工重试；缓存可作为只读降级但禁止基于过期数据执行写操作,留在当前页；资源不存在时返回上一级并从来源列表移除或标记,当前资源、来源列表、全局角标/余额/待办中与该领域相关的缓存；禁止无差别清空全部缓存,记录必要业务埋点；读取高敏字段时额外记录访问审计,遵循最小采集；仅记录业务标识和状态，不记录自由文本中的个人信息,GET 可展示明确标记的最近缓存；写操作离线时禁止提交，不进入隐式离线队列,AdminReviewGetReviewsByIdResponse,READY_FOR_IMPLEMENTATION
ACT-ADM-REVIEW-001-03,ADMIN,ADM-REVIEW-001,审核队列,/reviews,内容举报列表,页面首次进入、下拉刷新、筛选/排序变化或滚动触底时触发；相同查询条件避免并发重复请求,GET /admin-api/v1/content-reports,adminReportsGetContentReports,AdminReportsGetContentReportsParameters,report.read,不要求,首屏替换数据，翻页仅追加去重；更新分页、筛选回显、总数/游标和最后刷新时间；空结果进入业务空状态,首屏失败显示全页错误与重试；刷新失败保留旧数据并提示；翻页失败保留已加载数据并提供行内重试；401跳登录或会话升级，403显示无权限，404不适用,ui_action_adm_review_001_03,REQ-PUBLISH-001,TST-PUBLISH_001-HAPPY,FROZEN_DETAILED_V1.2.2,LIST_QUERY,页面主按钮/行操作/更多菜单/标准弹层，具体位置由模板和页面操作规格确定,页面具备读取权限；筛选项按数据范围和角色显示,网络可用；非正在刷新；翻页时 nextCursor/hasNext 为真,"校验 page,pageSize,cursor,status,keyword,sort",page;pageSize;cursor;status;keyword;sort,不需要,GET /admin-api/v1/content-reports；请求模型 AdminReportsGetContentReportsParameters；响应模型 AdminReportsGetContentReportsResponse,同资源单写请求锁；状态机服务端复核,首屏使用骨架屏；刷新保留现有数据；翻页使用列表尾部加载器,GET 可人工重试；网络瞬断最多指数退避自动重试 2 次；筛选变化取消旧请求,留在当前页；点击行/卡片按页面导航规格进入详情,当前资源、来源列表、全局角标/余额/待办中与该领域相关的缓存；禁止无差别清空全部缓存,记录必要业务埋点；读取高敏字段时额外记录访问审计,遵循最小采集；仅记录业务标识和状态，不记录自由文本中的个人信息,GET 可展示明确标记的最近缓存；写操作离线时禁止提交，不进入隐式离线队列,AdminReportsGetContentReportsResponse,READY_FOR_IMPLEMENTATION
ACT-ADM-REVIEW-001-04,ADMIN,ADM-REVIEW-001,审核队列,/reviews,申诉列表,页面首次进入、下拉刷新、筛选/排序变化或滚动触底时触发；相同查询条件避免并发重复请求,GET /admin-api/v1/appeals,adminAppealsGetAppeals,AdminAppealsGetAppealsParameters,appeal.read,不要求,首屏替换数据，翻页仅追加去重；更新分页、筛选回显、总数/游标和最后刷新时间；空结果进入业务空状态,首屏失败显示全页错误与重试；刷新失败保留旧数据并提示；翻页失败保留已加载数据并提供行内重试；401跳登录或会话升级，403显示无权限，404不适用,ui_action_adm_review_001_04,REQ-PUBLISH-001,TST-PUBLISH_001-HAPPY,FROZEN_DETAILED_V1.2.2,LIST_QUERY,页面主按钮/行操作/更多菜单/标准弹层，具体位置由模板和页面操作规格确定,页面具备读取权限；筛选项按数据范围和角色显示,网络可用；非正在刷新；翻页时 nextCursor/hasNext 为真,"校验 page,pageSize,cursor,status,keyword,sort",page;pageSize;cursor;status;keyword;sort,不需要,GET /admin-api/v1/appeals；请求模型 AdminAppealsGetAppealsParameters；响应模型 AdminAppealsGetAppealsResponse,同资源单写请求锁；状态机服务端复核,首屏使用骨架屏；刷新保留现有数据；翻页使用列表尾部加载器,GET 可人工重试；网络瞬断最多指数退避自动重试 2 次；筛选变化取消旧请求,留在当前页；点击行/卡片按页面导航规格进入详情,当前资源、来源列表、全局角标/余额/待办中与该领域相关的缓存；禁止无差别清空全部缓存,记录必要业务埋点；读取高敏字段时额外记录访问审计,遵循最小采集；仅记录业务标识和状态，不记录自由文本中的个人信息,GET 可展示明确标记的最近缓存；写操作离线时禁止提交，不进入隐式离线队列,AdminAppealsGetAppealsResponse,READY_FOR_IMPLEMENTATION
ACT-ADM-RP-001-01,ADMIN,ADM-RP-001,红包活动列表,/red-packets,红包活动列表,页面首次进入、下拉刷新、筛选/排序变化或滚动触底时触发；相同查询条件避免并发重复请求,GET /admin-api/v1/red-packet-campaigns,adminRedPacketGetRedPacketCampaigns,AdminRedPacketGetRedPacketCampaignsParameters,redpacket.read,不要求,首屏替换数据，翻页仅追加去重；更新分页、筛选回显、总数/游标和最后刷新时间；空结果进入业务空状态,首屏失败显示全页错误与重试；刷新失败保留旧数据并提示；翻页失败保留已加载数据并提供行内重试；401跳登录或会话升级，403显示无权限，404不适用,ui_action_adm_rp_001_01,REQ-RP-004;REQ-RP-006,TST-RP_004-HAPPY;TST-RP_006-HAPPY,FROZEN_DETAILED_V1.2.2,LIST_QUERY,页面主按钮/行操作/更多菜单/标准弹层，具体位置由模板和页面操作规格确定,页面具备读取权限；筛选项按数据范围和角色显示,网络可用；非正在刷新；翻页时 nextCursor/hasNext 为真,"校验 page,pageSize,cursor,status,keyword,sort",page;pageSize;cursor;status;keyword;sort,不需要,GET /admin-api/v1/red-packet-campaigns；请求模型 AdminRedPacketGetRedPacketCampaignsParameters；响应模型 AdminRedPacketGetRedPacketCampaignsResponse,同资源单写请求锁；状态机服务端复核,首屏使用骨架屏；刷新保留现有数据；翻页使用列表尾部加载器,GET 可人工重试；网络瞬断最多指数退避自动重试 2 次；筛选变化取消旧请求,留在当前页；点击行/卡片按页面导航规格进入详情,当前资源、来源列表、全局角标/余额/待办中与该领域相关的缓存；禁止无差别清空全部缓存,记录必要业务埋点；读取高敏字段时额外记录访问审计,遵循最小采集；仅记录业务标识和状态，不记录自由文本中的个人信息,GET 可展示明确标记的最近缓存；写操作离线时禁止提交，不进入隐式离线队列,AdminRedPacketGetRedPacketCampaignsResponse,READY_FOR_IMPLEMENTATION
ACT-ADM-RP-001-02,ADMIN,ADM-RP-001,红包活动列表,/red-packets,活动详情,页面进入、显式刷新、从后台恢复且缓存过期，或收到相关领域事件后触发,GET /admin-api/v1/red-packet-campaigns/{id},adminRedPacketGetRedPacketCampaignsById,AdminRedPacketGetRedPacketCampaignsByIdParameters,redpacket.read,不要求,以服务端返回的 version 和状态覆盖详情；重算按钮显示/可用条件；记录页面曝光和请求 requestId,404显示资源不存在或已下架并提供返回；403显示无权限；409触发重新拉取；网络失败保留缓存并标记可能过期,ui_action_adm_rp_001_02,REQ-RP-004;REQ-RP-006,TST-RP_004-HAPPY;TST-RP_006-HAPPY,FROZEN_DETAILED_V1.2.2,DETAIL_QUERY,页面主按钮/行操作/更多菜单/标准弹层，具体位置由模板和页面操作规格确定,页面具备读取权限且路由参数完整,网络可用且不存在同资源进行中的请求,校验 id,id,不需要,GET /admin-api/v1/red-packet-campaigns/{id}；请求模型 AdminRedPacketGetRedPacketCampaignsByIdParameters；响应模型 AdminRedPacketGetRedPacketCampaignsByIdResponse,同资源单写请求锁；状态机服务端复核,首次进入使用结构骨架；刷新保留当前内容并显示轻量刷新态,GET 可人工重试；缓存可作为只读降级但禁止基于过期数据执行写操作,留在当前页；资源不存在时返回上一级并从来源列表移除或标记,当前资源、来源列表、全局角标/余额/待办中与该领域相关的缓存；禁止无差别清空全部缓存,记录必要业务埋点；读取高敏字段时额外记录访问审计,遵循最小采集；仅记录业务标识和状态，不记录自由文本中的个人信息,GET 可展示明确标记的最近缓存；写操作离线时禁止提交，不进入隐式离线队列,AdminRedPacketGetRedPacketCampaignsByIdResponse,READY_FOR_IMPLEMENTATION
ACT-ADM-RP-001-03,ADMIN,ADM-RP-001,红包活动列表,/red-packets,浏览会话和锁定,页面首次进入、下拉刷新、筛选/排序变化或滚动触底时触发；相同查询条件避免并发重复请求,GET /admin-api/v1/red-packet-campaigns/{id}/sessions,adminRedPacketGetRedPacketCampaignsByIdSessions,AdminRedPacketGetRedPacketCampaignsByIdSessionsParameters,redpacket.read,不要求,首屏替换数据，翻页仅追加去重；更新分页、筛选回显、总数/游标和最后刷新时间；空结果进入业务空状态,首屏失败显示全页错误与重试；刷新失败保留旧数据并提示；翻页失败保留已加载数据并提供行内重试；401跳登录或会话升级，403显示无权限，404不适用,ui_action_adm_rp_001_03,REQ-RP-004;REQ-RP-006,TST-RP_004-HAPPY;TST-RP_006-HAPPY,FROZEN_DETAILED_V1.2.2,LIST_QUERY,页面主按钮/行操作/更多菜单/标准弹层，具体位置由模板和页面操作规格确定,页面具备读取权限；筛选项按数据范围和角色显示,网络可用；非正在刷新；翻页时 nextCursor/hasNext 为真,"校验 id,page,pageSize,cursor,status,keyword,sort",id;page;pageSize;cursor;status;keyword;sort,不需要,GET /admin-api/v1/red-packet-campaigns/{id}/sessions；请求模型 AdminRedPacketGetRedPacketCampaignsByIdSessionsParameters；响应模型 AdminRedPacketGetRedPacketCampaignsByIdSessionsResponse,同资源单写请求锁；状态机服务端复核,首屏使用骨架屏；刷新保留现有数据；翻页使用列表尾部加载器,GET 可人工重试；网络瞬断最多指数退避自动重试 2 次；筛选变化取消旧请求,留在当前页；点击行/卡片按页面导航规格进入详情,当前资源、来源列表、全局角标/余额/待办中与该领域相关的缓存；禁止无差别清空全部缓存,记录必要业务埋点；读取高敏字段时额外记录访问审计,遵循最小采集；仅记录业务标识和状态，不记录自由文本中的个人信息,GET 可展示明确标记的最近缓存；写操作离线时禁止提交，不进入隐式离线队列,AdminRedPacketGetRedPacketCampaignsByIdSessionsResponse,READY_FOR_IMPLEMENTATION
ACT-ADM-RP-001-04,ADMIN,ADM-RP-001,红包活动列表,/red-packets,领取记录,页面首次进入、下拉刷新、筛选/排序变化或滚动触底时触发；相同查询条件避免并发重复请求,GET /admin-api/v1/red-packet-campaigns/{id}/claims,adminRedPacketGetRedPacketCampaignsByIdClaims,AdminRedPacketGetRedPacketCampaignsByIdClaimsParameters,redpacket.read,不要求,首屏替换数据，翻页仅追加去重；更新分页、筛选回显、总数/游标和最后刷新时间；空结果进入业务空状态,首屏失败显示全页错误与重试；刷新失败保留旧数据并提示；翻页失败保留已加载数据并提供行内重试；401跳登录或会话升级，403显示无权限，404不适用,ui_action_adm_rp_001_04,REQ-RP-004;REQ-RP-006,TST-RP_004-HAPPY;TST-RP_006-HAPPY,FROZEN_DETAILED_V1.2.2,LIST_QUERY,页面主按钮/行操作/更多菜单/标准弹层，具体位置由模板和页面操作规格确定,页面具备读取权限；筛选项按数据范围和角色显示,网络可用；非正在刷新；翻页时 nextCursor/hasNext 为真,"校验 id,page,pageSize,cursor,status,keyword,sort",id;page;pageSize;cursor;status;keyword;sort,不需要,GET /admin-api/v1/red-packet-campaigns/{id}/claims；请求模型 AdminRedPacketGetRedPacketCampaignsByIdClaimsParameters；响应模型 AdminRedPacketGetRedPacketCampaignsByIdClaimsResponse,同资源单写请求锁；状态机服务端复核,首屏使用骨架屏；刷新保留现有数据；翻页使用列表尾部加载器,GET 可人工重试；网络瞬断最多指数退避自动重试 2 次；筛选变化取消旧请求,留在当前页；点击行/卡片按页面导航规格进入详情,当前资源、来源列表、全局角标/余额/待办中与该领域相关的缓存；禁止无差别清空全部缓存,记录必要业务埋点；读取高敏字段时额外记录访问审计,遵循最小采集；仅记录业务标识和状态，不记录自由文本中的个人信息,GET 可展示明确标记的最近缓存；写操作离线时禁止提交，不进入隐式离线队列,AdminRedPacketGetRedPacketCampaignsByIdClaimsResponse,READY_FOR_IMPLEMENTATION
ACT-ADM-RP-001-05,ADMIN,ADM-RP-001,红包活动列表,/red-packets,红包账本,页面进入、显式刷新、从后台恢复且缓存过期，或收到相关领域事件后触发,GET /admin-api/v1/red-packet-campaigns/{id}/ledger,adminRedPacketGetRedPacketCampaignsByIdLedger,AdminRedPacketGetRedPacketCampaignsByIdLedgerParameters,redpacket.finance,不要求,以服务端返回的 version 和状态覆盖详情；重算按钮显示/可用条件；记录页面曝光和请求 requestId,404显示资源不存在或已下架并提供返回；403显示无权限；409触发重新拉取；网络失败保留缓存并标记可能过期,ui_action_adm_rp_001_05,REQ-RP-004;REQ-RP-006,TST-RP_004-HAPPY;TST-RP_006-HAPPY,FROZEN_DETAILED_V1.2.2,DETAIL_QUERY,页面主按钮/行操作/更多菜单/标准弹层，具体位置由模板和页面操作规格确定,页面具备读取权限且路由参数完整,网络可用且不存在同资源进行中的请求,校验 id,id,不需要,GET /admin-api/v1/red-packet-campaigns/{id}/ledger；请求模型 AdminRedPacketGetRedPacketCampaignsByIdLedgerParameters；响应模型 AdminRedPacketGetRedPacketCampaignsByIdLedgerResponse,同资源单写请求锁；状态机服务端复核,首次进入使用结构骨架；刷新保留当前内容并显示轻量刷新态,GET 可人工重试；缓存可作为只读降级但禁止基于过期数据执行写操作,留在当前页；资源不存在时返回上一级并从来源列表移除或标记,当前资源、来源列表、全局角标/余额/待办中与该领域相关的缓存；禁止无差别清空全部缓存,记录必要业务埋点；读取高敏字段时额外记录访问审计,遵循最小采集；仅记录业务标识和状态，不记录自由文本中的个人信息,GET 可展示明确标记的最近缓存；写操作离线时禁止提交，不进入隐式离线队列,AdminRedPacketGetRedPacketCampaignsByIdLedgerResponse,READY_FOR_IMPLEMENTATION
ACT-ADM-RP-002-01,ADMIN,ADM-RP-002,红包活动详情,/red-packets/:id,红包活动列表,页面首次进入、下拉刷新、筛选/排序变化或滚动触底时触发；相同查询条件避免并发重复请求,GET /admin-api/v1/red-packet-campaigns,adminRedPacketGetRedPacketCampaigns,AdminRedPacketGetRedPacketCampaignsParameters,redpacket.read,不要求,首屏替换数据，翻页仅追加去重；更新分页、筛选回显、总数/游标和最后刷新时间；空结果进入业务空状态,首屏失败显示全页错误与重试；刷新失败保留旧数据并提示；翻页失败保留已加载数据并提供行内重试；401跳登录或会话升级，403显示无权限，404不适用,ui_action_adm_rp_002_01,REQ-RP-004;REQ-RP-006,TST-RP_004-HAPPY;TST-RP_006-HAPPY,FROZEN_DETAILED_V1.2.2,LIST_QUERY,页面主按钮/行操作/更多菜单/标准弹层，具体位置由模板和页面操作规格确定,页面具备读取权限；筛选项按数据范围和角色显示,网络可用；非正在刷新；翻页时 nextCursor/hasNext 为真,"校验 page,pageSize,cursor,status,keyword,sort",page;pageSize;cursor;status;keyword;sort,不需要,GET /admin-api/v1/red-packet-campaigns；请求模型 AdminRedPacketGetRedPacketCampaignsParameters；响应模型 AdminRedPacketGetRedPacketCampaignsResponse,同资源单写请求锁；状态机服务端复核,首屏使用骨架屏；刷新保留现有数据；翻页使用列表尾部加载器,GET 可人工重试；网络瞬断最多指数退避自动重试 2 次；筛选变化取消旧请求,留在当前页；点击行/卡片按页面导航规格进入详情,当前资源、来源列表、全局角标/余额/待办中与该领域相关的缓存；禁止无差别清空全部缓存,记录必要业务埋点；读取高敏字段时额外记录访问审计,遵循最小采集；仅记录业务标识和状态，不记录自由文本中的个人信息,GET 可展示明确标记的最近缓存；写操作离线时禁止提交，不进入隐式离线队列,AdminRedPacketGetRedPacketCampaignsResponse,READY_FOR_IMPLEMENTATION
ACT-ADM-RP-002-02,ADMIN,ADM-RP-002,红包活动详情,/red-packets/:id,活动详情,页面进入、显式刷新、从后台恢复且缓存过期，或收到相关领域事件后触发,GET /admin-api/v1/red-packet-campaigns/{id},adminRedPacketGetRedPacketCampaignsById,AdminRedPacketGetRedPacketCampaignsByIdParameters,redpacket.read,不要求,以服务端返回的 version 和状态覆盖详情；重算按钮显示/可用条件；记录页面曝光和请求 requestId,404显示资源不存在或已下架并提供返回；403显示无权限；409触发重新拉取；网络失败保留缓存并标记可能过期,ui_action_adm_rp_002_02,REQ-RP-004;REQ-RP-006,TST-RP_004-HAPPY;TST-RP_006-HAPPY,FROZEN_DETAILED_V1.2.2,DETAIL_QUERY,页面主按钮/行操作/更多菜单/标准弹层，具体位置由模板和页面操作规格确定,页面具备读取权限且路由参数完整,网络可用且不存在同资源进行中的请求,校验 id,id,不需要,GET /admin-api/v1/red-packet-campaigns/{id}；请求模型 AdminRedPacketGetRedPacketCampaignsByIdParameters；响应模型 AdminRedPacketGetRedPacketCampaignsByIdResponse,同资源单写请求锁；状态机服务端复核,首次进入使用结构骨架；刷新保留当前内容并显示轻量刷新态,GET 可人工重试；缓存可作为只读降级但禁止基于过期数据执行写操作,留在当前页；资源不存在时返回上一级并从来源列表移除或标记,当前资源、来源列表、全局角标/余额/待办中与该领域相关的缓存；禁止无差别清空全部缓存,记录必要业务埋点；读取高敏字段时额外记录访问审计,遵循最小采集；仅记录业务标识和状态，不记录自由文本中的个人信息,GET 可展示明确标记的最近缓存；写操作离线时禁止提交，不进入隐式离线队列,AdminRedPacketGetRedPacketCampaignsByIdResponse,READY_FOR_IMPLEMENTATION
ACT-ADM-RP-002-03,ADMIN,ADM-RP-002,红包活动详情,/red-packets/:id,预审核,用户显式点击操作入口，且本地字段校验、权限、状态机前置条件全部满足,POST /admin-api/v1/red-packet-campaigns/{id}/review,adminRedPacketPostRedPacketCampaignsByIdReview,AdminRedPacketPostRedPacketCampaignsByIdReviewRequest,redpacket.review,X-Idempotency-Key必填,更新审批/业务状态、版本和审计时间线；展示“预审核成功”；从待办队列移除并刷新计数,400逐字段映射；401要求重新认证；403隐藏后续写入口并记录越权拒绝；409提示数据已变化并重新加载；422展示业务原因且保留输入；429显示可重试时间；500保留上下文并提供 requestId,ui_action_adm_rp_002_03,REQ-RP-004;REQ-RP-006,TST-RP_004-HAPPY;TST-RP_006-HAPPY;TST-RP_004-IDEMPOTENT;TST-RP_006-IDEMPOTENT,FROZEN_DETAILED_V1.2.2,CONTROLLED_COMMAND,页面主按钮/行操作/更多菜单/标准弹层，具体位置由模板和页面操作规格确定,具备权限 redpacket.review，且资源状态允许“预审核”；按钮显示条件由页面状态表和状态机共同决定,不存在同资源写请求；必填字段有效；服务端 version 未被本地标记过期；需要审批时已选择审批单,"校验 id,X-Idempotency-Key,decision,reason,expectedVersion,evidenceIds；expectedVersion 必须等于页面最后一次成功读取的服务端版本；同一业务意图生成稳定 X-Idempotency-Key；请求体变化必须换键",id;X-Idempotency-Key;decision;reason;expectedVersion;evidenceIds,必须二次确认；确认框展示目标、影响、不可逆性、原因、审批要求和将触发的通知,POST /admin-api/v1/red-packet-campaigns/{id}/review；请求模型 AdminRedPacketPostRedPacketCampaignsByIdReviewRequest；响应模型 AdminRedPacketPostRedPacketCampaignsByIdReviewResponse,expectedVersion 乐观锁 + X-Idempotency-Key + 服务端结果查询,提交期间锁定同资源写操作，保留输入并显示明确进度；禁止全页无反馈等待,使用同一幂等键仅重试同一请求体；若服务端已受理则先查询结果；409版本冲突不得盲重试,默认留在当前页并刷新；创建成功进入详情，支付/认证/发布结果按对应流程导航,当前资源、来源列表、全局角标/余额/待办中与该领域相关的缓存；禁止无差别清空全部缓存,记录操作人、角色、目标、前后状态/版本、原因、审批单、requestId、IP/设备和结果,遵循最小采集；仅记录业务标识和状态，不记录自由文本中的个人信息,GET 可展示明确标记的最近缓存；写操作离线时禁止提交，不进入隐式离线队列,AdminRedPacketPostRedPacketCampaignsByIdReviewResponse,READY_FOR_IMPLEMENTATION
ACT-ADM-RP-002-04,ADMIN,ADM-RP-002,红包活动详情,/red-packets/:id,平台暂停,用户显式点击操作入口，且本地字段校验、权限、状态机前置条件全部满足,POST /admin-api/v1/red-packet-campaigns/{id}/pause,adminRedPacketPostRedPacketCampaignsByIdPause,AdminRedPacketPostRedPacketCampaignsByIdPauseRequest,redpacket.manage,X-Idempotency-Key必填,以响应数据更新页面和关联缓存；展示“平台暂停成功”；仅刷新受影响区域,400逐字段映射；401要求重新认证；403隐藏后续写入口并记录越权拒绝；409提示数据已变化并重新加载；422展示业务原因且保留输入；429显示可重试时间；500保留上下文并提供 requestId,ui_action_adm_rp_002_04,REQ-RP-004;REQ-RP-006,TST-RP_004-HAPPY;TST-RP_006-HAPPY;TST-RP_004-IDEMPOTENT;TST-RP_006-IDEMPOTENT,FROZEN_DETAILED_V1.2.2,CREATE_OR_SUBMIT,页面主按钮/行操作/更多菜单/标准弹层，具体位置由模板和页面操作规格确定,具备权限 redpacket.manage，且资源状态允许“平台暂停”；按钮显示条件由页面状态表和状态机共同决定,不存在同资源写请求；必填字段有效；服务端 version 未被本地标记过期；需要审批时已选择审批单,"校验 id,X-Idempotency-Key,reason,expectedVersion；expectedVersion 必须等于页面最后一次成功读取的服务端版本；同一业务意图生成稳定 X-Idempotency-Key；请求体变化必须换键",id;X-Idempotency-Key;reason;expectedVersion,必须二次确认；确认框展示目标、影响、不可逆性、原因、审批要求和将触发的通知,POST /admin-api/v1/red-packet-campaigns/{id}/pause；请求模型 AdminRedPacketPostRedPacketCampaignsByIdPauseRequest；响应模型 AdminRedPacketPostRedPacketCampaignsByIdPauseResponse,expectedVersion 乐观锁 + X-Idempotency-Key + 服务端结果查询,提交期间锁定同资源写操作，保留输入并显示明确进度；禁止全页无反馈等待,使用同一幂等键仅重试同一请求体；若服务端已受理则先查询结果；409版本冲突不得盲重试,默认留在当前页并刷新；创建成功进入详情，支付/认证/发布结果按对应流程导航,当前资源、来源列表、全局角标/余额/待办中与该领域相关的缓存；禁止无差别清空全部缓存,记录操作人、角色、目标、前后状态/版本、原因、审批单、requestId、IP/设备和结果,遵循最小采集；仅记录业务标识和状态，不记录自由文本中的个人信息,GET 可展示明确标记的最近缓存；写操作离线时禁止提交，不进入隐式离线队列,AdminRedPacketPostRedPacketCampaignsByIdPauseResponse,READY_FOR_IMPLEMENTATION
ACT-ADM-RP-002-05,ADMIN,ADM-RP-002,红包活动详情,/red-packets/:id,恢复,用户显式点击操作入口，且本地字段校验、权限、状态机前置条件全部满足,POST /admin-api/v1/red-packet-campaigns/{id}/resume,adminRedPacketPostRedPacketCampaignsByIdResume,AdminRedPacketPostRedPacketCampaignsByIdResumeRequest,redpacket.manage,X-Idempotency-Key必填,以响应数据更新页面和关联缓存；展示“恢复成功”；仅刷新受影响区域,400逐字段映射；401要求重新认证；403隐藏后续写入口并记录越权拒绝；409提示数据已变化并重新加载；422展示业务原因且保留输入；429显示可重试时间；500保留上下文并提供 requestId,ui_action_adm_rp_002_05,REQ-RP-004;REQ-RP-006,TST-RP_004-HAPPY;TST-RP_006-HAPPY;TST-RP_004-IDEMPOTENT;TST-RP_006-IDEMPOTENT,FROZEN_DETAILED_V1.2.2,CREATE_OR_SUBMIT,页面主按钮/行操作/更多菜单/标准弹层，具体位置由模板和页面操作规格确定,具备权限 redpacket.manage，且资源状态允许“恢复”；按钮显示条件由页面状态表和状态机共同决定,不存在同资源写请求；必填字段有效；服务端 version 未被本地标记过期；需要审批时已选择审批单,"校验 id,X-Idempotency-Key,reason,expectedVersion；expectedVersion 必须等于页面最后一次成功读取的服务端版本；同一业务意图生成稳定 X-Idempotency-Key；请求体变化必须换键",id;X-Idempotency-Key;reason;expectedVersion,必须二次确认；确认框展示目标、影响、不可逆性、原因、审批要求和将触发的通知,POST /admin-api/v1/red-packet-campaigns/{id}/resume；请求模型 AdminRedPacketPostRedPacketCampaignsByIdResumeRequest；响应模型 AdminRedPacketPostRedPacketCampaignsByIdResumeResponse,expectedVersion 乐观锁 + X-Idempotency-Key + 服务端结果查询,提交期间锁定同资源写操作，保留输入并显示明确进度；禁止全页无反馈等待,使用同一幂等键仅重试同一请求体；若服务端已受理则先查询结果；409版本冲突不得盲重试,默认留在当前页并刷新；创建成功进入详情，支付/认证/发布结果按对应流程导航,当前资源、来源列表、全局角标/余额/待办中与该领域相关的缓存；禁止无差别清空全部缓存,记录操作人、角色、目标、前后状态/版本、原因、审批单、requestId、IP/设备和结果,遵循最小采集；仅记录业务标识和状态，不记录自由文本中的个人信息,GET 可展示明确标记的最近缓存；写操作离线时禁止提交，不进入隐式离线队列,AdminRedPacketPostRedPacketCampaignsByIdResumeResponse,READY_FOR_IMPLEMENTATION
ACT-ADM-RP-002-06,ADMIN,ADM-RP-002,红包活动详情,/red-packets/:id,平台终止且不退款,用户显式点击操作入口，且本地字段校验、权限、状态机前置条件全部满足,POST /admin-api/v1/red-packet-campaigns/{id}/terminate,adminRedPacketPostRedPacketCampaignsByIdTerminate,AdminRedPacketPostRedPacketCampaignsByIdTerminateRequest,redpacket.terminate,X-Idempotency-Key必填,以响应数据更新页面和关联缓存；展示“平台终止且不退款成功”；仅刷新受影响区域,400逐字段映射；401要求重新认证；403隐藏后续写入口并记录越权拒绝；409提示数据已变化并重新加载；422展示业务原因且保留输入；429显示可重试时间；500保留上下文并提供 requestId,ui_action_adm_rp_002_06,REQ-RP-004;REQ-RP-006,TST-RP_004-HAPPY;TST-RP_006-HAPPY;TST-RP_004-IDEMPOTENT;TST-RP_006-IDEMPOTENT,FROZEN_DETAILED_V1.2.2,CREATE_OR_SUBMIT,页面主按钮/行操作/更多菜单/标准弹层，具体位置由模板和页面操作规格确定,具备权限 redpacket.terminate，且资源状态允许“平台终止且不退款”；按钮显示条件由页面状态表和状态机共同决定,不存在同资源写请求；必填字段有效；服务端 version 未被本地标记过期；需要审批时已选择审批单,"校验 id,X-Idempotency-Key,reason,expectedVersion；expectedVersion 必须等于页面最后一次成功读取的服务端版本；同一业务意图生成稳定 X-Idempotency-Key；请求体变化必须换键",id;X-Idempotency-Key;reason;expectedVersion,必须二次确认；确认框展示目标、影响、不可逆性、原因、审批要求和将触发的通知,POST /admin-api/v1/red-packet-campaigns/{id}/terminate；请求模型 AdminRedPacketPostRedPacketCampaignsByIdTerminateRequest；响应模型 AdminRedPacketPostRedPacketCampaignsByIdTerminateResponse,expectedVersion 乐观锁 + X-Idempotency-Key + 服务端结果查询,提交期间锁定同资源写操作，保留输入并显示明确进度；禁止全页无反馈等待,使用同一幂等键仅重试同一请求体；若服务端已受理则先查询结果；409版本冲突不得盲重试,默认留在当前页并刷新；创建成功进入详情，支付/认证/发布结果按对应流程导航,当前资源、来源列表、全局角标/余额/待办中与该领域相关的缓存；禁止无差别清空全部缓存,记录操作人、角色、目标、前后状态/版本、原因、审批单、requestId、IP/设备和结果,遵循最小采集；仅记录业务标识和状态，不记录自由文本中的个人信息,GET 可展示明确标记的最近缓存；写操作离线时禁止提交，不进入隐式离线队列,AdminRedPacketPostRedPacketCampaignsByIdTerminateResponse,READY_FOR_IMPLEMENTATION
ACT-ADM-RP-002-07,ADMIN,ADM-RP-002,红包活动详情,/red-packets/:id,浏览会话和锁定,页面首次进入、下拉刷新、筛选/排序变化或滚动触底时触发；相同查询条件避免并发重复请求,GET /admin-api/v1/red-packet-campaigns/{id}/sessions,adminRedPacketGetRedPacketCampaignsByIdSessions,AdminRedPacketGetRedPacketCampaignsByIdSessionsParameters,redpacket.read,不要求,首屏替换数据，翻页仅追加去重；更新分页、筛选回显、总数/游标和最后刷新时间；空结果进入业务空状态,首屏失败显示全页错误与重试；刷新失败保留旧数据并提示；翻页失败保留已加载数据并提供行内重试；401跳登录或会话升级，403显示无权限，404不适用,ui_action_adm_rp_002_07,REQ-RP-004;REQ-RP-006,TST-RP_004-HAPPY;TST-RP_006-HAPPY,FROZEN_DETAILED_V1.2.2,LIST_QUERY,页面主按钮/行操作/更多菜单/标准弹层，具体位置由模板和页面操作规格确定,页面具备读取权限；筛选项按数据范围和角色显示,网络可用；非正在刷新；翻页时 nextCursor/hasNext 为真,"校验 id,page,pageSize,cursor,status,keyword,sort",id;page;pageSize;cursor;status;keyword;sort,不需要,GET /admin-api/v1/red-packet-campaigns/{id}/sessions；请求模型 AdminRedPacketGetRedPacketCampaignsByIdSessionsParameters；响应模型 AdminRedPacketGetRedPacketCampaignsByIdSessionsResponse,同资源单写请求锁；状态机服务端复核,首屏使用骨架屏；刷新保留现有数据；翻页使用列表尾部加载器,GET 可人工重试；网络瞬断最多指数退避自动重试 2 次；筛选变化取消旧请求,留在当前页；点击行/卡片按页面导航规格进入详情,当前资源、来源列表、全局角标/余额/待办中与该领域相关的缓存；禁止无差别清空全部缓存,记录必要业务埋点；读取高敏字段时额外记录访问审计,遵循最小采集；仅记录业务标识和状态，不记录自由文本中的个人信息,GET 可展示明确标记的最近缓存；写操作离线时禁止提交，不进入隐式离线队列,AdminRedPacketGetRedPacketCampaignsByIdSessionsResponse,READY_FOR_IMPLEMENTATION
ACT-ADM-RP-002-08,ADMIN,ADM-RP-002,红包活动详情,/red-packets/:id,领取记录,页面首次进入、下拉刷新、筛选/排序变化或滚动触底时触发；相同查询条件避免并发重复请求,GET /admin-api/v1/red-packet-campaigns/{id}/claims,adminRedPacketGetRedPacketCampaignsByIdClaims,AdminRedPacketGetRedPacketCampaignsByIdClaimsParameters,redpacket.read,不要求,首屏替换数据，翻页仅追加去重；更新分页、筛选回显、总数/游标和最后刷新时间；空结果进入业务空状态,首屏失败显示全页错误与重试；刷新失败保留旧数据并提示；翻页失败保留已加载数据并提供行内重试；401跳登录或会话升级，403显示无权限，404不适用,ui_action_adm_rp_002_08,REQ-RP-004;REQ-RP-006,TST-RP_004-HAPPY;TST-RP_006-HAPPY,FROZEN_DETAILED_V1.2.2,LIST_QUERY,页面主按钮/行操作/更多菜单/标准弹层，具体位置由模板和页面操作规格确定,页面具备读取权限；筛选项按数据范围和角色显示,网络可用；非正在刷新；翻页时 nextCursor/hasNext 为真,"校验 id,page,pageSize,cursor,status,keyword,sort",id;page;pageSize;cursor;status;keyword;sort,不需要,GET /admin-api/v1/red-packet-campaigns/{id}/claims；请求模型 AdminRedPacketGetRedPacketCampaignsByIdClaimsParameters；响应模型 AdminRedPacketGetRedPacketCampaignsByIdClaimsResponse,同资源单写请求锁；状态机服务端复核,首屏使用骨架屏；刷新保留现有数据；翻页使用列表尾部加载器,GET 可人工重试；网络瞬断最多指数退避自动重试 2 次；筛选变化取消旧请求,留在当前页；点击行/卡片按页面导航规格进入详情,当前资源、来源列表、全局角标/余额/待办中与该领域相关的缓存；禁止无差别清空全部缓存,记录必要业务埋点；读取高敏字段时额外记录访问审计,遵循最小采集；仅记录业务标识和状态，不记录自由文本中的个人信息,GET 可展示明确标记的最近缓存；写操作离线时禁止提交，不进入隐式离线队列,AdminRedPacketGetRedPacketCampaignsByIdClaimsResponse,READY_FOR_IMPLEMENTATION
ACT-ADM-RP-003-01,ADMIN,ADM-RP-003,红包预审核,/red-packets/review,红包活动列表,页面首次进入、下拉刷新、筛选/排序变化或滚动触底时触发；相同查询条件避免并发重复请求,GET /admin-api/v1/red-packet-campaigns,adminRedPacketGetRedPacketCampaigns,AdminRedPacketGetRedPacketCampaignsParameters,redpacket.read,不要求,首屏替换数据，翻页仅追加去重；更新分页、筛选回显、总数/游标和最后刷新时间；空结果进入业务空状态,首屏失败显示全页错误与重试；刷新失败保留旧数据并提示；翻页失败保留已加载数据并提供行内重试；401跳登录或会话升级，403显示无权限，404不适用,ui_action_adm_rp_003_01,REQ-RP-004;REQ-RP-006,TST-RP_004-HAPPY;TST-RP_006-HAPPY,FROZEN_DETAILED_V1.2.2,LIST_QUERY,页面主按钮/行操作/更多菜单/标准弹层，具体位置由模板和页面操作规格确定,页面具备读取权限；筛选项按数据范围和角色显示,网络可用；非正在刷新；翻页时 nextCursor/hasNext 为真,"校验 page,pageSize,cursor,status,keyword,sort",page;pageSize;cursor;status;keyword;sort,不需要,GET /admin-api/v1/red-packet-campaigns；请求模型 AdminRedPacketGetRedPacketCampaignsParameters；响应模型 AdminRedPacketGetRedPacketCampaignsResponse,同资源单写请求锁；状态机服务端复核,首屏使用骨架屏；刷新保留现有数据；翻页使用列表尾部加载器,GET 可人工重试；网络瞬断最多指数退避自动重试 2 次；筛选变化取消旧请求,留在当前页；点击行/卡片按页面导航规格进入详情,当前资源、来源列表、全局角标/余额/待办中与该领域相关的缓存；禁止无差别清空全部缓存,记录必要业务埋点；读取高敏字段时额外记录访问审计,遵循最小采集；仅记录业务标识和状态，不记录自由文本中的个人信息,GET 可展示明确标记的最近缓存；写操作离线时禁止提交，不进入隐式离线队列,AdminRedPacketGetRedPacketCampaignsResponse,READY_FOR_IMPLEMENTATION
ACT-ADM-RP-003-02,ADMIN,ADM-RP-003,红包预审核,/red-packets/review,活动详情,页面进入、显式刷新、从后台恢复且缓存过期，或收到相关领域事件后触发,GET /admin-api/v1/red-packet-campaigns/{id},adminRedPacketGetRedPacketCampaignsById,AdminRedPacketGetRedPacketCampaignsByIdParameters,redpacket.read,不要求,以服务端返回的 version 和状态覆盖详情；重算按钮显示/可用条件；记录页面曝光和请求 requestId,404显示资源不存在或已下架并提供返回；403显示无权限；409触发重新拉取；网络失败保留缓存并标记可能过期,ui_action_adm_rp_003_02,REQ-RP-004;REQ-RP-006,TST-RP_004-HAPPY;TST-RP_006-HAPPY,FROZEN_DETAILED_V1.2.2,DETAIL_QUERY,页面主按钮/行操作/更多菜单/标准弹层，具体位置由模板和页面操作规格确定,页面具备读取权限且路由参数完整,网络可用且不存在同资源进行中的请求,校验 id,id,不需要,GET /admin-api/v1/red-packet-campaigns/{id}；请求模型 AdminRedPacketGetRedPacketCampaignsByIdParameters；响应模型 AdminRedPacketGetRedPacketCampaignsByIdResponse,同资源单写请求锁；状态机服务端复核,首次进入使用结构骨架；刷新保留当前内容并显示轻量刷新态,GET 可人工重试；缓存可作为只读降级但禁止基于过期数据执行写操作,留在当前页；资源不存在时返回上一级并从来源列表移除或标记,当前资源、来源列表、全局角标/余额/待办中与该领域相关的缓存；禁止无差别清空全部缓存,记录必要业务埋点；读取高敏字段时额外记录访问审计,遵循最小采集；仅记录业务标识和状态，不记录自由文本中的个人信息,GET 可展示明确标记的最近缓存；写操作离线时禁止提交，不进入隐式离线队列,AdminRedPacketGetRedPacketCampaignsByIdResponse,READY_FOR_IMPLEMENTATION
ACT-ADM-RP-003-03,ADMIN,ADM-RP-003,红包预审核,/red-packets/review,预审核,用户显式点击操作入口，且本地字段校验、权限、状态机前置条件全部满足,POST /admin-api/v1/red-packet-campaigns/{id}/review,adminRedPacketPostRedPacketCampaignsByIdReview,AdminRedPacketPostRedPacketCampaignsByIdReviewRequest,redpacket.review,X-Idempotency-Key必填,更新审批/业务状态、版本和审计时间线；展示“预审核成功”；从待办队列移除并刷新计数,400逐字段映射；401要求重新认证；403隐藏后续写入口并记录越权拒绝；409提示数据已变化并重新加载；422展示业务原因且保留输入；429显示可重试时间；500保留上下文并提供 requestId,ui_action_adm_rp_003_03,REQ-RP-004;REQ-RP-006,TST-RP_004-HAPPY;TST-RP_006-HAPPY;TST-RP_004-IDEMPOTENT;TST-RP_006-IDEMPOTENT,FROZEN_DETAILED_V1.2.2,CONTROLLED_COMMAND,页面主按钮/行操作/更多菜单/标准弹层，具体位置由模板和页面操作规格确定,具备权限 redpacket.review，且资源状态允许“预审核”；按钮显示条件由页面状态表和状态机共同决定,不存在同资源写请求；必填字段有效；服务端 version 未被本地标记过期；需要审批时已选择审批单,"校验 id,X-Idempotency-Key,decision,reason,expectedVersion,evidenceIds；expectedVersion 必须等于页面最后一次成功读取的服务端版本；同一业务意图生成稳定 X-Idempotency-Key；请求体变化必须换键",id;X-Idempotency-Key;decision;reason;expectedVersion;evidenceIds,必须二次确认；确认框展示目标、影响、不可逆性、原因、审批要求和将触发的通知,POST /admin-api/v1/red-packet-campaigns/{id}/review；请求模型 AdminRedPacketPostRedPacketCampaignsByIdReviewRequest；响应模型 AdminRedPacketPostRedPacketCampaignsByIdReviewResponse,expectedVersion 乐观锁 + X-Idempotency-Key + 服务端结果查询,提交期间锁定同资源写操作，保留输入并显示明确进度；禁止全页无反馈等待,使用同一幂等键仅重试同一请求体；若服务端已受理则先查询结果；409版本冲突不得盲重试,默认留在当前页并刷新；创建成功进入详情，支付/认证/发布结果按对应流程导航,当前资源、来源列表、全局角标/余额/待办中与该领域相关的缓存；禁止无差别清空全部缓存,记录操作人、角色、目标、前后状态/版本、原因、审批单、requestId、IP/设备和结果,遵循最小采集；仅记录业务标识和状态，不记录自由文本中的个人信息,GET 可展示明确标记的最近缓存；写操作离线时禁止提交，不进入隐式离线队列,AdminRedPacketPostRedPacketCampaignsByIdReviewResponse,READY_FOR_IMPLEMENTATION
ACT-ADM-RP-003-04,ADMIN,ADM-RP-003,红包预审核,/red-packets/review,平台暂停,用户显式点击操作入口，且本地字段校验、权限、状态机前置条件全部满足,POST /admin-api/v1/red-packet-campaigns/{id}/pause,adminRedPacketPostRedPacketCampaignsByIdPause,AdminRedPacketPostRedPacketCampaignsByIdPauseRequest,redpacket.manage,X-Idempotency-Key必填,以响应数据更新页面和关联缓存；展示“平台暂停成功”；仅刷新受影响区域,400逐字段映射；401要求重新认证；403隐藏后续写入口并记录越权拒绝；409提示数据已变化并重新加载；422展示业务原因且保留输入；429显示可重试时间；500保留上下文并提供 requestId,ui_action_adm_rp_003_04,REQ-RP-004;REQ-RP-006,TST-RP_004-HAPPY;TST-RP_006-HAPPY;TST-RP_004-IDEMPOTENT;TST-RP_006-IDEMPOTENT,FROZEN_DETAILED_V1.2.2,CREATE_OR_SUBMIT,页面主按钮/行操作/更多菜单/标准弹层，具体位置由模板和页面操作规格确定,具备权限 redpacket.manage，且资源状态允许“平台暂停”；按钮显示条件由页面状态表和状态机共同决定,不存在同资源写请求；必填字段有效；服务端 version 未被本地标记过期；需要审批时已选择审批单,"校验 id,X-Idempotency-Key,reason,expectedVersion；expectedVersion 必须等于页面最后一次成功读取的服务端版本；同一业务意图生成稳定 X-Idempotency-Key；请求体变化必须换键",id;X-Idempotency-Key;reason;expectedVersion,必须二次确认；确认框展示目标、影响、不可逆性、原因、审批要求和将触发的通知,POST /admin-api/v1/red-packet-campaigns/{id}/pause；请求模型 AdminRedPacketPostRedPacketCampaignsByIdPauseRequest；响应模型 AdminRedPacketPostRedPacketCampaignsByIdPauseResponse,expectedVersion 乐观锁 + X-Idempotency-Key + 服务端结果查询,提交期间锁定同资源写操作，保留输入并显示明确进度；禁止全页无反馈等待,使用同一幂等键仅重试同一请求体；若服务端已受理则先查询结果；409版本冲突不得盲重试,默认留在当前页并刷新；创建成功进入详情，支付/认证/发布结果按对应流程导航,当前资源、来源列表、全局角标/余额/待办中与该领域相关的缓存；禁止无差别清空全部缓存,记录操作人、角色、目标、前后状态/版本、原因、审批单、requestId、IP/设备和结果,遵循最小采集；仅记录业务标识和状态，不记录自由文本中的个人信息,GET 可展示明确标记的最近缓存；写操作离线时禁止提交，不进入隐式离线队列,AdminRedPacketPostRedPacketCampaignsByIdPauseResponse,READY_FOR_IMPLEMENTATION
ACT-ADM-RP-003-05,ADMIN,ADM-RP-003,红包预审核,/red-packets/review,恢复,用户显式点击操作入口，且本地字段校验、权限、状态机前置条件全部满足,POST /admin-api/v1/red-packet-campaigns/{id}/resume,adminRedPacketPostRedPacketCampaignsByIdResume,AdminRedPacketPostRedPacketCampaignsByIdResumeRequest,redpacket.manage,X-Idempotency-Key必填,以响应数据更新页面和关联缓存；展示“恢复成功”；仅刷新受影响区域,400逐字段映射；401要求重新认证；403隐藏后续写入口并记录越权拒绝；409提示数据已变化并重新加载；422展示业务原因且保留输入；429显示可重试时间；500保留上下文并提供 requestId,ui_action_adm_rp_003_05,REQ-RP-004;REQ-RP-006,TST-RP_004-HAPPY;TST-RP_006-HAPPY;TST-RP_004-IDEMPOTENT;TST-RP_006-IDEMPOTENT,FROZEN_DETAILED_V1.2.2,CREATE_OR_SUBMIT,页面主按钮/行操作/更多菜单/标准弹层，具体位置由模板和页面操作规格确定,具备权限 redpacket.manage，且资源状态允许“恢复”；按钮显示条件由页面状态表和状态机共同决定,不存在同资源写请求；必填字段有效；服务端 version 未被本地标记过期；需要审批时已选择审批单,"校验 id,X-Idempotency-Key,reason,expectedVersion；expectedVersion 必须等于页面最后一次成功读取的服务端版本；同一业务意图生成稳定 X-Idempotency-Key；请求体变化必须换键",id;X-Idempotency-Key;reason;expectedVersion,必须二次确认；确认框展示目标、影响、不可逆性、原因、审批要求和将触发的通知,POST /admin-api/v1/red-packet-campaigns/{id}/resume；请求模型 AdminRedPacketPostRedPacketCampaignsByIdResumeRequest；响应模型 AdminRedPacketPostRedPacketCampaignsByIdResumeResponse,expectedVersion 乐观锁 + X-Idempotency-Key + 服务端结果查询,提交期间锁定同资源写操作，保留输入并显示明确进度；禁止全页无反馈等待,使用同一幂等键仅重试同一请求体；若服务端已受理则先查询结果；409版本冲突不得盲重试,默认留在当前页并刷新；创建成功进入详情，支付/认证/发布结果按对应流程导航,当前资源、来源列表、全局角标/余额/待办中与该领域相关的缓存；禁止无差别清空全部缓存,记录操作人、角色、目标、前后状态/版本、原因、审批单、requestId、IP/设备和结果,遵循最小采集；仅记录业务标识和状态，不记录自由文本中的个人信息,GET 可展示明确标记的最近缓存；写操作离线时禁止提交，不进入隐式离线队列,AdminRedPacketPostRedPacketCampaignsByIdResumeResponse,READY_FOR_IMPLEMENTATION
ACT-ADM-RP-003-06,ADMIN,ADM-RP-003,红包预审核,/red-packets/review,平台终止且不退款,用户显式点击操作入口，且本地字段校验、权限、状态机前置条件全部满足,POST /admin-api/v1/red-packet-campaigns/{id}/terminate,adminRedPacketPostRedPacketCampaignsByIdTerminate,AdminRedPacketPostRedPacketCampaignsByIdTerminateRequest,redpacket.terminate,X-Idempotency-Key必填,以响应数据更新页面和关联缓存；展示“平台终止且不退款成功”；仅刷新受影响区域,400逐字段映射；401要求重新认证；403隐藏后续写入口并记录越权拒绝；409提示数据已变化并重新加载；422展示业务原因且保留输入；429显示可重试时间；500保留上下文并提供 requestId,ui_action_adm_rp_003_06,REQ-RP-004;REQ-RP-006,TST-RP_004-HAPPY;TST-RP_006-HAPPY;TST-RP_004-IDEMPOTENT;TST-RP_006-IDEMPOTENT,FROZEN_DETAILED_V1.2.2,CREATE_OR_SUBMIT,页面主按钮/行操作/更多菜单/标准弹层，具体位置由模板和页面操作规格确定,具备权限 redpacket.terminate，且资源状态允许“平台终止且不退款”；按钮显示条件由页面状态表和状态机共同决定,不存在同资源写请求；必填字段有效；服务端 version 未被本地标记过期；需要审批时已选择审批单,"校验 id,X-Idempotency-Key,reason,expectedVersion；expectedVersion 必须等于页面最后一次成功读取的服务端版本；同一业务意图生成稳定 X-Idempotency-Key；请求体变化必须换键",id;X-Idempotency-Key;reason;expectedVersion,必须二次确认；确认框展示目标、影响、不可逆性、原因、审批要求和将触发的通知,POST /admin-api/v1/red-packet-campaigns/{id}/terminate；请求模型 AdminRedPacketPostRedPacketCampaignsByIdTerminateRequest；响应模型 AdminRedPacketPostRedPacketCampaignsByIdTerminateResponse,expectedVersion 乐观锁 + X-Idempotency-Key + 服务端结果查询,提交期间锁定同资源写操作，保留输入并显示明确进度；禁止全页无反馈等待,使用同一幂等键仅重试同一请求体；若服务端已受理则先查询结果；409版本冲突不得盲重试,默认留在当前页并刷新；创建成功进入详情，支付/认证/发布结果按对应流程导航,当前资源、来源列表、全局角标/余额/待办中与该领域相关的缓存；禁止无差别清空全部缓存,记录操作人、角色、目标、前后状态/版本、原因、审批单、requestId、IP/设备和结果,遵循最小采集；仅记录业务标识和状态，不记录自由文本中的个人信息,GET 可展示明确标记的最近缓存；写操作离线时禁止提交，不进入隐式离线队列,AdminRedPacketPostRedPacketCampaignsByIdTerminateResponse,READY_FOR_IMPLEMENTATION
ACT-ADM-RP-003-07,ADMIN,ADM-RP-003,红包预审核,/red-packets/review,浏览会话和锁定,页面首次进入、下拉刷新、筛选/排序变化或滚动触底时触发；相同查询条件避免并发重复请求,GET /admin-api/v1/red-packet-campaigns/{id}/sessions,adminRedPacketGetRedPacketCampaignsByIdSessions,AdminRedPacketGetRedPacketCampaignsByIdSessionsParameters,redpacket.read,不要求,首屏替换数据，翻页仅追加去重；更新分页、筛选回显、总数/游标和最后刷新时间；空结果进入业务空状态,首屏失败显示全页错误与重试；刷新失败保留旧数据并提示；翻页失败保留已加载数据并提供行内重试；401跳登录或会话升级，403显示无权限，404不适用,ui_action_adm_rp_003_07,REQ-RP-004;REQ-RP-006,TST-RP_004-HAPPY;TST-RP_006-HAPPY,FROZEN_DETAILED_V1.2.2,LIST_QUERY,页面主按钮/行操作/更多菜单/标准弹层，具体位置由模板和页面操作规格确定,页面具备读取权限；筛选项按数据范围和角色显示,网络可用；非正在刷新；翻页时 nextCursor/hasNext 为真,"校验 id,page,pageSize,cursor,status,keyword,sort",id;page;pageSize;cursor;status;keyword;sort,不需要,GET /admin-api/v1/red-packet-campaigns/{id}/sessions；请求模型 AdminRedPacketGetRedPacketCampaignsByIdSessionsParameters；响应模型 AdminRedPacketGetRedPacketCampaignsByIdSessionsResponse,同资源单写请求锁；状态机服务端复核,首屏使用骨架屏；刷新保留现有数据；翻页使用列表尾部加载器,GET 可人工重试；网络瞬断最多指数退避自动重试 2 次；筛选变化取消旧请求,留在当前页；点击行/卡片按页面导航规格进入详情,当前资源、来源列表、全局角标/余额/待办中与该领域相关的缓存；禁止无差别清空全部缓存,记录必要业务埋点；读取高敏字段时额外记录访问审计,遵循最小采集；仅记录业务标识和状态，不记录自由文本中的个人信息,GET 可展示明确标记的最近缓存；写操作离线时禁止提交，不进入隐式离线队列,AdminRedPacketGetRedPacketCampaignsByIdSessionsResponse,READY_FOR_IMPLEMENTATION
ACT-ADM-RP-003-08,ADMIN,ADM-RP-003,红包预审核,/red-packets/review,领取记录,页面首次进入、下拉刷新、筛选/排序变化或滚动触底时触发；相同查询条件避免并发重复请求,GET /admin-api/v1/red-packet-campaigns/{id}/claims,adminRedPacketGetRedPacketCampaignsByIdClaims,AdminRedPacketGetRedPacketCampaignsByIdClaimsParameters,redpacket.read,不要求,首屏替换数据，翻页仅追加去重；更新分页、筛选回显、总数/游标和最后刷新时间；空结果进入业务空状态,首屏失败显示全页错误与重试；刷新失败保留旧数据并提示；翻页失败保留已加载数据并提供行内重试；401跳登录或会话升级，403显示无权限，404不适用,ui_action_adm_rp_003_08,REQ-RP-004;REQ-RP-006,TST-RP_004-HAPPY;TST-RP_006-HAPPY,FROZEN_DETAILED_V1.2.2,LIST_QUERY,页面主按钮/行操作/更多菜单/标准弹层，具体位置由模板和页面操作规格确定,页面具备读取权限；筛选项按数据范围和角色显示,网络可用；非正在刷新；翻页时 nextCursor/hasNext 为真,"校验 id,page,pageSize,cursor,status,keyword,sort",id;page;pageSize;cursor;status;keyword;sort,不需要,GET /admin-api/v1/red-packet-campaigns/{id}/claims；请求模型 AdminRedPacketGetRedPacketCampaignsByIdClaimsParameters；响应模型 AdminRedPacketGetRedPacketCampaignsByIdClaimsResponse,同资源单写请求锁；状态机服务端复核,首屏使用骨架屏；刷新保留现有数据；翻页使用列表尾部加载器,GET 可人工重试；网络瞬断最多指数退避自动重试 2 次；筛选变化取消旧请求,留在当前页；点击行/卡片按页面导航规格进入详情,当前资源、来源列表、全局角标/余额/待办中与该领域相关的缓存；禁止无差别清空全部缓存,记录必要业务埋点；读取高敏字段时额外记录访问审计,遵循最小采集；仅记录业务标识和状态，不记录自由文本中的个人信息,GET 可展示明确标记的最近缓存；写操作离线时禁止提交，不进入隐式离线队列,AdminRedPacketGetRedPacketCampaignsByIdClaimsResponse,READY_FOR_IMPLEMENTATION
ACT-ADM-RP-004-01,ADMIN,ADM-RP-004,红包风险事件,/red-packets/risk,红包活动列表,页面首次进入、下拉刷新、筛选/排序变化或滚动触底时触发；相同查询条件避免并发重复请求,GET /admin-api/v1/red-packet-campaigns,adminRedPacketGetRedPacketCampaigns,AdminRedPacketGetRedPacketCampaignsParameters,redpacket.read,不要求,首屏替换数据，翻页仅追加去重；更新分页、筛选回显、总数/游标和最后刷新时间；空结果进入业务空状态,首屏失败显示全页错误与重试；刷新失败保留旧数据并提示；翻页失败保留已加载数据并提供行内重试；401跳登录或会话升级，403显示无权限，404不适用,ui_action_adm_rp_004_01,REQ-RP-004;REQ-RP-006,TST-RP_004-HAPPY;TST-RP_006-HAPPY,FROZEN_DETAILED_V1.2.2,LIST_QUERY,页面主按钮/行操作/更多菜单/标准弹层，具体位置由模板和页面操作规格确定,页面具备读取权限；筛选项按数据范围和角色显示,网络可用；非正在刷新；翻页时 nextCursor/hasNext 为真,"校验 page,pageSize,cursor,status,keyword,sort",page;pageSize;cursor;status;keyword;sort,不需要,GET /admin-api/v1/red-packet-campaigns；请求模型 AdminRedPacketGetRedPacketCampaignsParameters；响应模型 AdminRedPacketGetRedPacketCampaignsResponse,同资源单写请求锁；状态机服务端复核,首屏使用骨架屏；刷新保留现有数据；翻页使用列表尾部加载器,GET 可人工重试；网络瞬断最多指数退避自动重试 2 次；筛选变化取消旧请求,留在当前页；点击行/卡片按页面导航规格进入详情,当前资源、来源列表、全局角标/余额/待办中与该领域相关的缓存；禁止无差别清空全部缓存,记录必要业务埋点；读取高敏字段时额外记录访问审计,遵循最小采集；仅记录业务标识和状态，不记录自由文本中的个人信息,GET 可展示明确标记的最近缓存；写操作离线时禁止提交，不进入隐式离线队列,AdminRedPacketGetRedPacketCampaignsResponse,READY_FOR_IMPLEMENTATION
ACT-ADM-RP-004-02,ADMIN,ADM-RP-004,红包风险事件,/red-packets/risk,活动详情,页面进入、显式刷新、从后台恢复且缓存过期，或收到相关领域事件后触发,GET /admin-api/v1/red-packet-campaigns/{id},adminRedPacketGetRedPacketCampaignsById,AdminRedPacketGetRedPacketCampaignsByIdParameters,redpacket.read,不要求,以服务端返回的 version 和状态覆盖详情；重算按钮显示/可用条件；记录页面曝光和请求 requestId,404显示资源不存在或已下架并提供返回；403显示无权限；409触发重新拉取；网络失败保留缓存并标记可能过期,ui_action_adm_rp_004_02,REQ-RP-004;REQ-RP-006,TST-RP_004-HAPPY;TST-RP_006-HAPPY,FROZEN_DETAILED_V1.2.2,DETAIL_QUERY,页面主按钮/行操作/更多菜单/标准弹层，具体位置由模板和页面操作规格确定,页面具备读取权限且路由参数完整,网络可用且不存在同资源进行中的请求,校验 id,id,不需要,GET /admin-api/v1/red-packet-campaigns/{id}；请求模型 AdminRedPacketGetRedPacketCampaignsByIdParameters；响应模型 AdminRedPacketGetRedPacketCampaignsByIdResponse,同资源单写请求锁；状态机服务端复核,首次进入使用结构骨架；刷新保留当前内容并显示轻量刷新态,GET 可人工重试；缓存可作为只读降级但禁止基于过期数据执行写操作,留在当前页；资源不存在时返回上一级并从来源列表移除或标记,当前资源、来源列表、全局角标/余额/待办中与该领域相关的缓存；禁止无差别清空全部缓存,记录必要业务埋点；读取高敏字段时额外记录访问审计,遵循最小采集；仅记录业务标识和状态，不记录自由文本中的个人信息,GET 可展示明确标记的最近缓存；写操作离线时禁止提交，不进入隐式离线队列,AdminRedPacketGetRedPacketCampaignsByIdResponse,READY_FOR_IMPLEMENTATION
ACT-ADM-RP-004-03,ADMIN,ADM-RP-004,红包风险事件,/red-packets/risk,预审核,用户显式点击操作入口，且本地字段校验、权限、状态机前置条件全部满足,POST /admin-api/v1/red-packet-campaigns/{id}/review,adminRedPacketPostRedPacketCampaignsByIdReview,AdminRedPacketPostRedPacketCampaignsByIdReviewRequest,redpacket.review,X-Idempotency-Key必填,更新审批/业务状态、版本和审计时间线；展示“预审核成功”；从待办队列移除并刷新计数,400逐字段映射；401要求重新认证；403隐藏后续写入口并记录越权拒绝；409提示数据已变化并重新加载；422展示业务原因且保留输入；429显示可重试时间；500保留上下文并提供 requestId,ui_action_adm_rp_004_03,REQ-RP-004;REQ-RP-006,TST-RP_004-HAPPY;TST-RP_006-HAPPY;TST-RP_004-IDEMPOTENT;TST-RP_006-IDEMPOTENT,FROZEN_DETAILED_V1.2.2,CONTROLLED_COMMAND,页面主按钮/行操作/更多菜单/标准弹层，具体位置由模板和页面操作规格确定,具备权限 redpacket.review，且资源状态允许“预审核”；按钮显示条件由页面状态表和状态机共同决定,不存在同资源写请求；必填字段有效；服务端 version 未被本地标记过期；需要审批时已选择审批单,"校验 id,X-Idempotency-Key,decision,reason,expectedVersion,evidenceIds；expectedVersion 必须等于页面最后一次成功读取的服务端版本；同一业务意图生成稳定 X-Idempotency-Key；请求体变化必须换键",id;X-Idempotency-Key;decision;reason;expectedVersion;evidenceIds,必须二次确认；确认框展示目标、影响、不可逆性、原因、审批要求和将触发的通知,POST /admin-api/v1/red-packet-campaigns/{id}/review；请求模型 AdminRedPacketPostRedPacketCampaignsByIdReviewRequest；响应模型 AdminRedPacketPostRedPacketCampaignsByIdReviewResponse,expectedVersion 乐观锁 + X-Idempotency-Key + 服务端结果查询,提交期间锁定同资源写操作，保留输入并显示明确进度；禁止全页无反馈等待,使用同一幂等键仅重试同一请求体；若服务端已受理则先查询结果；409版本冲突不得盲重试,默认留在当前页并刷新；创建成功进入详情，支付/认证/发布结果按对应流程导航,当前资源、来源列表、全局角标/余额/待办中与该领域相关的缓存；禁止无差别清空全部缓存,记录操作人、角色、目标、前后状态/版本、原因、审批单、requestId、IP/设备和结果,遵循最小采集；仅记录业务标识和状态，不记录自由文本中的个人信息,GET 可展示明确标记的最近缓存；写操作离线时禁止提交，不进入隐式离线队列,AdminRedPacketPostRedPacketCampaignsByIdReviewResponse,READY_FOR_IMPLEMENTATION
ACT-ADM-RP-004-04,ADMIN,ADM-RP-004,红包风险事件,/red-packets/risk,平台暂停,用户显式点击操作入口，且本地字段校验、权限、状态机前置条件全部满足,POST /admin-api/v1/red-packet-campaigns/{id}/pause,adminRedPacketPostRedPacketCampaignsByIdPause,AdminRedPacketPostRedPacketCampaignsByIdPauseRequest,redpacket.manage,X-Idempotency-Key必填,以响应数据更新页面和关联缓存；展示“平台暂停成功”；仅刷新受影响区域,400逐字段映射；401要求重新认证；403隐藏后续写入口并记录越权拒绝；409提示数据已变化并重新加载；422展示业务原因且保留输入；429显示可重试时间；500保留上下文并提供 requestId,ui_action_adm_rp_004_04,REQ-RP-004;REQ-RP-006,TST-RP_004-HAPPY;TST-RP_006-HAPPY;TST-RP_004-IDEMPOTENT;TST-RP_006-IDEMPOTENT,FROZEN_DETAILED_V1.2.2,CREATE_OR_SUBMIT,页面主按钮/行操作/更多菜单/标准弹层，具体位置由模板和页面操作规格确定,具备权限 redpacket.manage，且资源状态允许“平台暂停”；按钮显示条件由页面状态表和状态机共同决定,不存在同资源写请求；必填字段有效；服务端 version 未被本地标记过期；需要审批时已选择审批单,"校验 id,X-Idempotency-Key,reason,expectedVersion；expectedVersion 必须等于页面最后一次成功读取的服务端版本；同一业务意图生成稳定 X-Idempotency-Key；请求体变化必须换键",id;X-Idempotency-Key;reason;expectedVersion,必须二次确认；确认框展示目标、影响、不可逆性、原因、审批要求和将触发的通知,POST /admin-api/v1/red-packet-campaigns/{id}/pause；请求模型 AdminRedPacketPostRedPacketCampaignsByIdPauseRequest；响应模型 AdminRedPacketPostRedPacketCampaignsByIdPauseResponse,expectedVersion 乐观锁 + X-Idempotency-Key + 服务端结果查询,提交期间锁定同资源写操作，保留输入并显示明确进度；禁止全页无反馈等待,使用同一幂等键仅重试同一请求体；若服务端已受理则先查询结果；409版本冲突不得盲重试,默认留在当前页并刷新；创建成功进入详情，支付/认证/发布结果按对应流程导航,当前资源、来源列表、全局角标/余额/待办中与该领域相关的缓存；禁止无差别清空全部缓存,记录操作人、角色、目标、前后状态/版本、原因、审批单、requestId、IP/设备和结果,遵循最小采集；仅记录业务标识和状态，不记录自由文本中的个人信息,GET 可展示明确标记的最近缓存；写操作离线时禁止提交，不进入隐式离线队列,AdminRedPacketPostRedPacketCampaignsByIdPauseResponse,READY_FOR_IMPLEMENTATION
ACT-ADM-RP-004-05,ADMIN,ADM-RP-004,红包风险事件,/red-packets/risk,恢复,用户显式点击操作入口，且本地字段校验、权限、状态机前置条件全部满足,POST /admin-api/v1/red-packet-campaigns/{id}/resume,adminRedPacketPostRedPacketCampaignsByIdResume,AdminRedPacketPostRedPacketCampaignsByIdResumeRequest,redpacket.manage,X-Idempotency-Key必填,以响应数据更新页面和关联缓存；展示“恢复成功”；仅刷新受影响区域,400逐字段映射；401要求重新认证；403隐藏后续写入口并记录越权拒绝；409提示数据已变化并重新加载；422展示业务原因且保留输入；429显示可重试时间；500保留上下文并提供 requestId,ui_action_adm_rp_004_05,REQ-RP-004;REQ-RP-006,TST-RP_004-HAPPY;TST-RP_006-HAPPY;TST-RP_004-IDEMPOTENT;TST-RP_006-IDEMPOTENT,FROZEN_DETAILED_V1.2.2,CREATE_OR_SUBMIT,页面主按钮/行操作/更多菜单/标准弹层，具体位置由模板和页面操作规格确定,具备权限 redpacket.manage，且资源状态允许“恢复”；按钮显示条件由页面状态表和状态机共同决定,不存在同资源写请求；必填字段有效；服务端 version 未被本地标记过期；需要审批时已选择审批单,"校验 id,X-Idempotency-Key,reason,expectedVersion；expectedVersion 必须等于页面最后一次成功读取的服务端版本；同一业务意图生成稳定 X-Idempotency-Key；请求体变化必须换键",id;X-Idempotency-Key;reason;expectedVersion,必须二次确认；确认框展示目标、影响、不可逆性、原因、审批要求和将触发的通知,POST /admin-api/v1/red-packet-campaigns/{id}/resume；请求模型 AdminRedPacketPostRedPacketCampaignsByIdResumeRequest；响应模型 AdminRedPacketPostRedPacketCampaignsByIdResumeResponse,expectedVersion 乐观锁 + X-Idempotency-Key + 服务端结果查询,提交期间锁定同资源写操作，保留输入并显示明确进度；禁止全页无反馈等待,使用同一幂等键仅重试同一请求体；若服务端已受理则先查询结果；409版本冲突不得盲重试,默认留在当前页并刷新；创建成功进入详情，支付/认证/发布结果按对应流程导航,当前资源、来源列表、全局角标/余额/待办中与该领域相关的缓存；禁止无差别清空全部缓存,记录操作人、角色、目标、前后状态/版本、原因、审批单、requestId、IP/设备和结果,遵循最小采集；仅记录业务标识和状态，不记录自由文本中的个人信息,GET 可展示明确标记的最近缓存；写操作离线时禁止提交，不进入隐式离线队列,AdminRedPacketPostRedPacketCampaignsByIdResumeResponse,READY_FOR_IMPLEMENTATION
ACT-ADM-RP-004-06,ADMIN,ADM-RP-004,红包风险事件,/red-packets/risk,平台终止且不退款,用户显式点击操作入口，且本地字段校验、权限、状态机前置条件全部满足,POST /admin-api/v1/red-packet-campaigns/{id}/terminate,adminRedPacketPostRedPacketCampaignsByIdTerminate,AdminRedPacketPostRedPacketCampaignsByIdTerminateRequest,redpacket.terminate,X-Idempotency-Key必填,以响应数据更新页面和关联缓存；展示“平台终止且不退款成功”；仅刷新受影响区域,400逐字段映射；401要求重新认证；403隐藏后续写入口并记录越权拒绝；409提示数据已变化并重新加载；422展示业务原因且保留输入；429显示可重试时间；500保留上下文并提供 requestId,ui_action_adm_rp_004_06,REQ-RP-004;REQ-RP-006,TST-RP_004-HAPPY;TST-RP_006-HAPPY;TST-RP_004-IDEMPOTENT;TST-RP_006-IDEMPOTENT,FROZEN_DETAILED_V1.2.2,CREATE_OR_SUBMIT,页面主按钮/行操作/更多菜单/标准弹层，具体位置由模板和页面操作规格确定,具备权限 redpacket.terminate，且资源状态允许“平台终止且不退款”；按钮显示条件由页面状态表和状态机共同决定,不存在同资源写请求；必填字段有效；服务端 version 未被本地标记过期；需要审批时已选择审批单,"校验 id,X-Idempotency-Key,reason,expectedVersion；expectedVersion 必须等于页面最后一次成功读取的服务端版本；同一业务意图生成稳定 X-Idempotency-Key；请求体变化必须换键",id;X-Idempotency-Key;reason;expectedVersion,必须二次确认；确认框展示目标、影响、不可逆性、原因、审批要求和将触发的通知,POST /admin-api/v1/red-packet-campaigns/{id}/terminate；请求模型 AdminRedPacketPostRedPacketCampaignsByIdTerminateRequest；响应模型 AdminRedPacketPostRedPacketCampaignsByIdTerminateResponse,expectedVersion 乐观锁 + X-Idempotency-Key + 服务端结果查询,提交期间锁定同资源写操作，保留输入并显示明确进度；禁止全页无反馈等待,使用同一幂等键仅重试同一请求体；若服务端已受理则先查询结果；409版本冲突不得盲重试,默认留在当前页并刷新；创建成功进入详情，支付/认证/发布结果按对应流程导航,当前资源、来源列表、全局角标/余额/待办中与该领域相关的缓存；禁止无差别清空全部缓存,记录操作人、角色、目标、前后状态/版本、原因、审批单、requestId、IP/设备和结果,遵循最小采集；仅记录业务标识和状态，不记录自由文本中的个人信息,GET 可展示明确标记的最近缓存；写操作离线时禁止提交，不进入隐式离线队列,AdminRedPacketPostRedPacketCampaignsByIdTerminateResponse,READY_FOR_IMPLEMENTATION
ACT-ADM-RP-004-07,ADMIN,ADM-RP-004,红包风险事件,/red-packets/risk,浏览会话和锁定,页面首次进入、下拉刷新、筛选/排序变化或滚动触底时触发；相同查询条件避免并发重复请求,GET /admin-api/v1/red-packet-campaigns/{id}/sessions,adminRedPacketGetRedPacketCampaignsByIdSessions,AdminRedPacketGetRedPacketCampaignsByIdSessionsParameters,redpacket.read,不要求,首屏替换数据，翻页仅追加去重；更新分页、筛选回显、总数/游标和最后刷新时间；空结果进入业务空状态,首屏失败显示全页错误与重试；刷新失败保留旧数据并提示；翻页失败保留已加载数据并提供行内重试；401跳登录或会话升级，403显示无权限，404不适用,ui_action_adm_rp_004_07,REQ-RP-004;REQ-RP-006,TST-RP_004-HAPPY;TST-RP_006-HAPPY,FROZEN_DETAILED_V1.2.2,LIST_QUERY,页面主按钮/行操作/更多菜单/标准弹层，具体位置由模板和页面操作规格确定,页面具备读取权限；筛选项按数据范围和角色显示,网络可用；非正在刷新；翻页时 nextCursor/hasNext 为真,"校验 id,page,pageSize,cursor,status,keyword,sort",id;page;pageSize;cursor;status;keyword;sort,不需要,GET /admin-api/v1/red-packet-campaigns/{id}/sessions；请求模型 AdminRedPacketGetRedPacketCampaignsByIdSessionsParameters；响应模型 AdminRedPacketGetRedPacketCampaignsByIdSessionsResponse,同资源单写请求锁；状态机服务端复核,首屏使用骨架屏；刷新保留现有数据；翻页使用列表尾部加载器,GET 可人工重试；网络瞬断最多指数退避自动重试 2 次；筛选变化取消旧请求,留在当前页；点击行/卡片按页面导航规格进入详情,当前资源、来源列表、全局角标/余额/待办中与该领域相关的缓存；禁止无差别清空全部缓存,记录必要业务埋点；读取高敏字段时额外记录访问审计,遵循最小采集；仅记录业务标识和状态，不记录自由文本中的个人信息,GET 可展示明确标记的最近缓存；写操作离线时禁止提交，不进入隐式离线队列,AdminRedPacketGetRedPacketCampaignsByIdSessionsResponse,READY_FOR_IMPLEMENTATION
ACT-ADM-RP-004-08,ADMIN,ADM-RP-004,红包风险事件,/red-packets/risk,领取记录,页面首次进入、下拉刷新、筛选/排序变化或滚动触底时触发；相同查询条件避免并发重复请求,GET /admin-api/v1/red-packet-campaigns/{id}/claims,adminRedPacketGetRedPacketCampaignsByIdClaims,AdminRedPacketGetRedPacketCampaignsByIdClaimsParameters,redpacket.read,不要求,首屏替换数据，翻页仅追加去重；更新分页、筛选回显、总数/游标和最后刷新时间；空结果进入业务空状态,首屏失败显示全页错误与重试；刷新失败保留旧数据并提示；翻页失败保留已加载数据并提供行内重试；401跳登录或会话升级，403显示无权限，404不适用,ui_action_adm_rp_004_08,REQ-RP-004;REQ-RP-006,TST-RP_004-HAPPY;TST-RP_006-HAPPY,FROZEN_DETAILED_V1.2.2,LIST_QUERY,页面主按钮/行操作/更多菜单/标准弹层，具体位置由模板和页面操作规格确定,页面具备读取权限；筛选项按数据范围和角色显示,网络可用；非正在刷新；翻页时 nextCursor/hasNext 为真,"校验 id,page,pageSize,cursor,status,keyword,sort",id;page;pageSize;cursor;status;keyword;sort,不需要,GET /admin-api/v1/red-packet-campaigns/{id}/claims；请求模型 AdminRedPacketGetRedPacketCampaignsByIdClaimsParameters；响应模型 AdminRedPacketGetRedPacketCampaignsByIdClaimsResponse,同资源单写请求锁；状态机服务端复核,首屏使用骨架屏；刷新保留现有数据；翻页使用列表尾部加载器,GET 可人工重试；网络瞬断最多指数退避自动重试 2 次；筛选变化取消旧请求,留在当前页；点击行/卡片按页面导航规格进入详情,当前资源、来源列表、全局角标/余额/待办中与该领域相关的缓存；禁止无差别清空全部缓存,记录必要业务埋点；读取高敏字段时额外记录访问审计,遵循最小采集；仅记录业务标识和状态，不记录自由文本中的个人信息,GET 可展示明确标记的最近缓存；写操作离线时禁止提交，不进入隐式离线队列,AdminRedPacketGetRedPacketCampaignsByIdClaimsResponse,READY_FOR_IMPLEMENTATION
ACT-ADM-PROD-001-01,ADMIN,ADM-PROD-001,商品与SKU,/commerce/products,商品列表,页面首次进入、下拉刷新、筛选/排序变化或滚动触底时触发；相同查询条件避免并发重复请求,GET /admin-api/v1/products,adminProductsGetProducts,AdminProductsGetProductsParameters,product.read,不要求,首屏替换数据，翻页仅追加去重；更新分页、筛选回显、总数/游标和最后刷新时间；空结果进入业务空状态,首屏失败显示全页错误与重试；刷新失败保留旧数据并提示；翻页失败保留已加载数据并提供行内重试；401跳登录或会话升级，403显示无权限，404不适用,ui_action_adm_prod_001_01,REQ-PRODUCT-001,TST-PRODUCT_001-HAPPY,FROZEN_DETAILED_V1.2.2,LIST_QUERY,页面主按钮/行操作/更多菜单/标准弹层，具体位置由模板和页面操作规格确定,页面具备读取权限；筛选项按数据范围和角色显示,网络可用；非正在刷新；翻页时 nextCursor/hasNext 为真,"校验 page,pageSize,cursor,status,keyword,sort",page;pageSize;cursor;status;keyword;sort,不需要,GET /admin-api/v1/products；请求模型 AdminProductsGetProductsParameters；响应模型 AdminProductsGetProductsResponse,同资源单写请求锁；状态机服务端复核,首屏使用骨架屏；刷新保留现有数据；翻页使用列表尾部加载器,GET 可人工重试；网络瞬断最多指数退避自动重试 2 次；筛选变化取消旧请求,留在当前页；点击行/卡片按页面导航规格进入详情,当前资源、来源列表、全局角标/余额/待办中与该领域相关的缓存；禁止无差别清空全部缓存,记录必要业务埋点；读取高敏字段时额外记录访问审计,遵循最小采集；仅记录业务标识和状态，不记录自由文本中的个人信息,GET 可展示明确标记的最近缓存；写操作离线时禁止提交，不进入隐式离线队列,AdminProductsGetProductsResponse,READY_FOR_IMPLEMENTATION
ACT-ADM-PROD-001-02,ADMIN,ADM-PROD-001,商品与SKU,/commerce/products,创建商品,用户显式点击操作入口，且本地字段校验、权限、状态机前置条件全部满足,POST /admin-api/v1/products,adminProductsPostProducts,AdminProductsPostProductsRequest,product.write,X-Idempotency-Key必填,使用响应中的资源和 version 更新页面；清除已提交脏状态；展示“创建商品成功”；刷新受影响列表、详情、余额或配置版本,400逐字段映射；401要求重新认证；403隐藏后续写入口并记录越权拒绝；409提示数据已变化并重新加载；422展示业务原因且保留输入；429显示可重试时间；500保留上下文并提供 requestId,ui_action_adm_prod_001_02,REQ-PRODUCT-001,TST-PRODUCT_001-HAPPY;TST-PRODUCT_001-IDEMPOTENT,FROZEN_DETAILED_V1.2.2,CREATE_OR_SUBMIT,页面主按钮/行操作/更多菜单/标准弹层，具体位置由模板和页面操作规格确定,具备权限 product.write，且资源状态允许“创建商品”；按钮显示条件由页面状态表和状态机共同决定,不存在同资源写请求；必填字段有效；服务端 version 未被本地标记过期；需要审批时已选择审批单,"校验 X-Idempotency-Key,productCode,name,productType,description,status；同一业务意图生成稳定 X-Idempotency-Key；请求体变化必须换键",X-Idempotency-Key;productCode;name;productType;description;status,必须二次确认；确认框展示目标、影响、不可逆性、原因、审批要求和将触发的通知,POST /admin-api/v1/products；请求模型 AdminProductsPostProductsRequest；响应模型 AdminProductsPostProductsResponse,X-Idempotency-Key + 服务端结果查询,提交期间锁定同资源写操作，保留输入并显示明确进度；禁止全页无反馈等待,使用同一幂等键仅重试同一请求体；若服务端已受理则先查询结果；409版本冲突不得盲重试,默认留在当前页并刷新；创建成功进入详情，支付/认证/发布结果按对应流程导航,当前资源、来源列表、全局角标/余额/待办中与该领域相关的缓存；禁止无差别清空全部缓存,记录操作人、角色、目标、前后状态/版本、原因、审批单、requestId、IP/设备和结果,遵循最小采集；仅记录业务标识和状态，不记录自由文本中的个人信息,GET 可展示明确标记的最近缓存；写操作离线时禁止提交，不进入隐式离线队列,AdminProductsPostProductsResponse,READY_FOR_IMPLEMENTATION
ACT-ADM-PROD-001-03,ADMIN,ADM-PROD-001,商品与SKU,/commerce/products,修改商品,用户显式点击操作入口，且本地字段校验、权限、状态机前置条件全部满足,PATCH /admin-api/v1/products/{id},adminProductsPatchProductsById,AdminProductsPatchProductsByIdRequest,product.write,X-Idempotency-Key必填,使用响应中的资源和 version 更新页面；清除已提交脏状态；展示“修改商品成功”；刷新受影响列表、详情、余额或配置版本,400逐字段映射；401要求重新认证；403隐藏后续写入口并记录越权拒绝；409提示数据已变化并重新加载；422展示业务原因且保留输入；429显示可重试时间；500保留上下文并提供 requestId,ui_action_adm_prod_001_03,REQ-PRODUCT-001,TST-PRODUCT_001-HAPPY;TST-PRODUCT_001-IDEMPOTENT,FROZEN_DETAILED_V1.2.2,UPDATE,页面主按钮/行操作/更多菜单/标准弹层，具体位置由模板和页面操作规格确定,具备权限 product.write，且资源状态允许“修改商品”；按钮显示条件由页面状态表和状态机共同决定,不存在同资源写请求；必填字段有效；服务端 version 未被本地标记过期；需要审批时已选择审批单,"校验 id,X-Idempotency-Key,name,description,status,expectedVersion；expectedVersion 必须等于页面最后一次成功读取的服务端版本；同一业务意图生成稳定 X-Idempotency-Key；请求体变化必须换键",id;X-Idempotency-Key;name;description;status;expectedVersion,必须二次确认；确认框展示目标、影响、不可逆性、原因、审批要求和将触发的通知,PATCH /admin-api/v1/products/{id}；请求模型 AdminProductsPatchProductsByIdRequest；响应模型 AdminProductsPatchProductsByIdResponse,expectedVersion 乐观锁 + X-Idempotency-Key + 服务端结果查询,提交期间锁定同资源写操作，保留输入并显示明确进度；禁止全页无反馈等待,使用同一幂等键仅重试同一请求体；若服务端已受理则先查询结果；409版本冲突不得盲重试,默认留在当前页并刷新；创建成功进入详情，支付/认证/发布结果按对应流程导航,当前资源、来源列表、全局角标/余额/待办中与该领域相关的缓存；禁止无差别清空全部缓存,记录操作人、角色、目标、前后状态/版本、原因、审批单、requestId、IP/设备和结果,遵循最小采集；仅记录业务标识和状态，不记录自由文本中的个人信息,GET 可展示明确标记的最近缓存；写操作离线时禁止提交，不进入隐式离线队列,AdminProductsPatchProductsByIdResponse,READY_FOR_IMPLEMENTATION
ACT-ADM-PROD-001-04,ADMIN,ADM-PROD-001,商品与SKU,/commerce/products,SKU列表,页面首次进入、下拉刷新、筛选/排序变化或滚动触底时触发；相同查询条件避免并发重复请求,GET /admin-api/v1/skus,adminProductsGetSkus,AdminProductsGetSkusParameters,product.read,不要求,首屏替换数据，翻页仅追加去重；更新分页、筛选回显、总数/游标和最后刷新时间；空结果进入业务空状态,首屏失败显示全页错误与重试；刷新失败保留旧数据并提示；翻页失败保留已加载数据并提供行内重试；401跳登录或会话升级，403显示无权限，404不适用,ui_action_adm_prod_001_04,REQ-PRODUCT-001,TST-PRODUCT_001-HAPPY,FROZEN_DETAILED_V1.2.2,LIST_QUERY,页面主按钮/行操作/更多菜单/标准弹层，具体位置由模板和页面操作规格确定,页面具备读取权限；筛选项按数据范围和角色显示,网络可用；非正在刷新；翻页时 nextCursor/hasNext 为真,"校验 page,pageSize,cursor,status,keyword,sort",page;pageSize;cursor;status;keyword;sort,不需要,GET /admin-api/v1/skus；请求模型 AdminProductsGetSkusParameters；响应模型 AdminProductsGetSkusResponse,同资源单写请求锁；状态机服务端复核,首屏使用骨架屏；刷新保留现有数据；翻页使用列表尾部加载器,GET 可人工重试；网络瞬断最多指数退避自动重试 2 次；筛选变化取消旧请求,留在当前页；点击行/卡片按页面导航规格进入详情,当前资源、来源列表、全局角标/余额/待办中与该领域相关的缓存；禁止无差别清空全部缓存,记录必要业务埋点；读取高敏字段时额外记录访问审计,遵循最小采集；仅记录业务标识和状态，不记录自由文本中的个人信息,GET 可展示明确标记的最近缓存；写操作离线时禁止提交，不进入隐式离线队列,AdminProductsGetSkusResponse,READY_FOR_IMPLEMENTATION
ACT-ADM-PROD-001-05,ADMIN,ADM-PROD-001,商品与SKU,/commerce/products,创建SKU,用户显式点击操作入口，且本地字段校验、权限、状态机前置条件全部满足,POST /admin-api/v1/skus,adminProductsPostSkus,AdminProductsPostSkusRequest,product.write,X-Idempotency-Key必填,使用响应中的资源和 version 更新页面；清除已提交脏状态；展示“创建SKU成功”；刷新受影响列表、详情、余额或配置版本,400逐字段映射；401要求重新认证；403隐藏后续写入口并记录越权拒绝；409提示数据已变化并重新加载；422展示业务原因且保留输入；429显示可重试时间；500保留上下文并提供 requestId,ui_action_adm_prod_001_05,REQ-PRODUCT-001,TST-PRODUCT_001-HAPPY;TST-PRODUCT_001-IDEMPOTENT,FROZEN_DETAILED_V1.2.2,CREATE_OR_SUBMIT,页面主按钮/行操作/更多菜单/标准弹层，具体位置由模板和页面操作规格确定,具备权限 product.write，且资源状态允许“创建SKU”；按钮显示条件由页面状态表和状态机共同决定,不存在同资源写请求；必填字段有效；服务端 version 未被本地标记过期；需要审批时已选择审批单,"校验 X-Idempotency-Key,productId,skuCode,name,priceCent,durationDays,benefits,status；同一业务意图生成稳定 X-Idempotency-Key；请求体变化必须换键",X-Idempotency-Key;productId;skuCode;name;priceCent;durationDays;benefits;status,金额、权益或发布范围变化时二次确认；普通可撤销保存不需要,POST /admin-api/v1/skus；请求模型 AdminProductsPostSkusRequest；响应模型 AdminProductsPostSkusResponse,X-Idempotency-Key + 服务端结果查询,提交期间锁定同资源写操作，保留输入并显示明确进度；禁止全页无反馈等待,使用同一幂等键仅重试同一请求体；若服务端已受理则先查询结果；409版本冲突不得盲重试,默认留在当前页并刷新；创建成功进入详情，支付/认证/发布结果按对应流程导航,当前资源、来源列表、全局角标/余额/待办中与该领域相关的缓存；禁止无差别清空全部缓存,记录操作人、角色、目标、前后状态/版本、原因、审批单、requestId、IP/设备和结果,遵循最小采集；仅记录业务标识和状态，不记录自由文本中的个人信息,GET 可展示明确标记的最近缓存；写操作离线时禁止提交，不进入隐式离线队列,AdminProductsPostSkusResponse,READY_FOR_IMPLEMENTATION
ACT-ADM-PROD-001-06,ADMIN,ADM-PROD-001,商品与SKU,/commerce/products,修改SKU,用户显式点击操作入口，且本地字段校验、权限、状态机前置条件全部满足,PATCH /admin-api/v1/skus/{id},adminProductsPatchSkusById,AdminProductsPatchSkusByIdRequest,product.write,X-Idempotency-Key必填,使用响应中的资源和 version 更新页面；清除已提交脏状态；展示“修改SKU成功”；刷新受影响列表、详情、余额或配置版本,400逐字段映射；401要求重新认证；403隐藏后续写入口并记录越权拒绝；409提示数据已变化并重新加载；422展示业务原因且保留输入；429显示可重试时间；500保留上下文并提供 requestId,ui_action_adm_prod_001_06,REQ-PRODUCT-001,TST-PRODUCT_001-HAPPY;TST-PRODUCT_001-IDEMPOTENT,FROZEN_DETAILED_V1.2.2,UPDATE,页面主按钮/行操作/更多菜单/标准弹层，具体位置由模板和页面操作规格确定,具备权限 product.write，且资源状态允许“修改SKU”；按钮显示条件由页面状态表和状态机共同决定,不存在同资源写请求；必填字段有效；服务端 version 未被本地标记过期；需要审批时已选择审批单,"校验 id,X-Idempotency-Key,name,priceCent,durationDays,benefits,status,expectedVersion；expectedVersion 必须等于页面最后一次成功读取的服务端版本；同一业务意图生成稳定 X-Idempotency-Key；请求体变化必须换键",id;X-Idempotency-Key;name;priceCent;durationDays;benefits;status;expectedVersion,金额、权益或发布范围变化时二次确认；普通可撤销保存不需要,PATCH /admin-api/v1/skus/{id}；请求模型 AdminProductsPatchSkusByIdRequest；响应模型 AdminProductsPatchSkusByIdResponse,expectedVersion 乐观锁 + X-Idempotency-Key + 服务端结果查询,提交期间锁定同资源写操作，保留输入并显示明确进度；禁止全页无反馈等待,使用同一幂等键仅重试同一请求体；若服务端已受理则先查询结果；409版本冲突不得盲重试,默认留在当前页并刷新；创建成功进入详情，支付/认证/发布结果按对应流程导航,当前资源、来源列表、全局角标/余额/待办中与该领域相关的缓存；禁止无差别清空全部缓存,记录操作人、角色、目标、前后状态/版本、原因、审批单、requestId、IP/设备和结果,遵循最小采集；仅记录业务标识和状态，不记录自由文本中的个人信息,GET 可展示明确标记的最近缓存；写操作离线时禁止提交，不进入隐式离线队列,AdminProductsPatchSkusByIdResponse,READY_FOR_IMPLEMENTATION
ACT-ADM-ORDER-001-01,ADMIN,ADM-ORDER-001,订单列表,/commerce/orders,订单列表,页面首次进入、下拉刷新、筛选/排序变化或滚动触底时触发；相同查询条件避免并发重复请求,GET /admin-api/v1/orders,adminOrdersGetOrders,AdminOrdersGetOrdersParameters,order.read,不要求,首屏替换数据，翻页仅追加去重；更新分页、筛选回显、总数/游标和最后刷新时间；空结果进入业务空状态,首屏失败显示全页错误与重试；刷新失败保留旧数据并提示；翻页失败保留已加载数据并提供行内重试；401跳登录或会话升级，403显示无权限，404不适用,ui_action_adm_order_001_01,REQ-ORDER-001,TST-ORDER_001-HAPPY,FROZEN_DETAILED_V1.2.2,LIST_QUERY,页面主按钮/行操作/更多菜单/标准弹层，具体位置由模板和页面操作规格确定,页面具备读取权限；筛选项按数据范围和角色显示,网络可用；非正在刷新；翻页时 nextCursor/hasNext 为真,"校验 page,pageSize,cursor,status,keyword,sort",page;pageSize;cursor;status;keyword;sort,不需要,GET /admin-api/v1/orders；请求模型 AdminOrdersGetOrdersParameters；响应模型 AdminOrdersGetOrdersResponse,同资源单写请求锁；状态机服务端复核,首屏使用骨架屏；刷新保留现有数据；翻页使用列表尾部加载器,GET 可人工重试；网络瞬断最多指数退避自动重试 2 次；筛选变化取消旧请求,留在当前页；点击行/卡片按页面导航规格进入详情,当前资源、来源列表、全局角标/余额/待办中与该领域相关的缓存；禁止无差别清空全部缓存,记录必要业务埋点；读取高敏字段时额外记录访问审计,遵循最小采集；仅记录业务标识和状态，不记录自由文本中的个人信息,GET 可展示明确标记的最近缓存；写操作离线时禁止提交，不进入隐式离线队列,AdminOrdersGetOrdersResponse,READY_FOR_IMPLEMENTATION
ACT-ADM-ORDER-001-02,ADMIN,ADM-ORDER-001,订单列表,/commerce/orders,订单详情,页面进入、显式刷新、从后台恢复且缓存过期，或收到相关领域事件后触发,GET /admin-api/v1/orders/{orderNo},adminOrdersGetOrdersByOrderno,AdminOrdersGetOrdersByOrdernoParameters,order.read,不要求,以服务端返回的 version 和状态覆盖详情；重算按钮显示/可用条件；记录页面曝光和请求 requestId,404显示资源不存在或已下架并提供返回；403显示无权限；409触发重新拉取；网络失败保留缓存并标记可能过期,ui_action_adm_order_001_02,REQ-ORDER-001,TST-ORDER_001-HAPPY,FROZEN_DETAILED_V1.2.2,DETAIL_QUERY,页面主按钮/行操作/更多菜单/标准弹层，具体位置由模板和页面操作规格确定,页面具备读取权限且路由参数完整,网络可用且不存在同资源进行中的请求,校验 orderNo,orderNo,不需要,GET /admin-api/v1/orders/{orderNo}；请求模型 AdminOrdersGetOrdersByOrdernoParameters；响应模型 AdminOrdersGetOrdersByOrdernoResponse,同资源单写请求锁；状态机服务端复核,首次进入使用结构骨架；刷新保留当前内容并显示轻量刷新态,GET 可人工重试；缓存可作为只读降级但禁止基于过期数据执行写操作,留在当前页；资源不存在时返回上一级并从来源列表移除或标记,当前资源、来源列表、全局角标/余额/待办中与该领域相关的缓存；禁止无差别清空全部缓存,记录必要业务埋点；读取高敏字段时额外记录访问审计,遵循最小采集；仅记录业务标识和状态，不记录自由文本中的个人信息,GET 可展示明确标记的最近缓存；写操作离线时禁止提交，不进入隐式离线队列,AdminOrdersGetOrdersByOrdernoResponse,READY_FOR_IMPLEMENTATION
ACT-ADM-PAY-001-01,ADMIN,ADM-PAY-001,支付交易,/commerce/payments,支付交易,页面首次进入、下拉刷新、筛选/排序变化或滚动触底时触发；相同查询条件避免并发重复请求,GET /admin-api/v1/payments,adminPaymentsGetPayments,AdminPaymentsGetPaymentsParameters,payment.read,不要求,首屏替换数据，翻页仅追加去重；更新分页、筛选回显、总数/游标和最后刷新时间；空结果进入业务空状态,首屏失败显示全页错误与重试；刷新失败保留旧数据并提示；翻页失败保留已加载数据并提供行内重试；401跳登录或会话升级，403显示无权限，404不适用,ui_action_adm_pay_001_01,REQ-PAY-002;REQ-LEDGER-001,TST-PAY_002-HAPPY;TST-LEDGER_001-HAPPY,FROZEN_DETAILED_V1.2.2,LIST_QUERY,页面主按钮/行操作/更多菜单/标准弹层，具体位置由模板和页面操作规格确定,页面具备读取权限；筛选项按数据范围和角色显示,网络可用；非正在刷新；翻页时 nextCursor/hasNext 为真,"校验 page,pageSize,cursor,status,keyword,sort",page;pageSize;cursor;status;keyword;sort,不需要,GET /admin-api/v1/payments；请求模型 AdminPaymentsGetPaymentsParameters；响应模型 AdminPaymentsGetPaymentsResponse,同资源单写请求锁；状态机服务端复核,首屏使用骨架屏；刷新保留现有数据；翻页使用列表尾部加载器,GET 可人工重试；网络瞬断最多指数退避自动重试 2 次；筛选变化取消旧请求,留在当前页；点击行/卡片按页面导航规格进入详情,当前资源、来源列表、全局角标/余额/待办中与该领域相关的缓存；禁止无差别清空全部缓存,记录敏感数据访问审计：操作人、目标、字段范围、目的、requestId 和结果,敏感字段按数据分级脱敏；密码、验证码、身份证、支付账号、秘密引用绝不进入埋点和普通日志,GET 可展示明确标记的最近缓存；写操作离线时禁止提交，不进入隐式离线队列,AdminPaymentsGetPaymentsResponse,READY_FOR_IMPLEMENTATION
ACT-ADM-PAY-001-02,ADMIN,ADM-PAY-001,支付交易,/commerce/payments,支付回调日志,用户显式点击操作入口，且本地字段校验、权限、状态机前置条件全部满足,GET /admin-api/v1/payment-callbacks,adminPaymentsGetPaymentCallbacks,AdminPaymentsGetPaymentCallbacksParameters,payment.read,不要求,以响应数据更新页面和关联缓存；展示“支付回调日志成功”；仅刷新受影响区域,400逐字段映射；401要求重新认证；403隐藏后续写入口并记录越权拒绝；409提示数据已变化并重新加载；422展示业务原因且保留输入；429显示可重试时间；500保留上下文并提供 requestId,ui_action_adm_pay_001_02,REQ-PAY-002;REQ-LEDGER-001,TST-PAY_002-HAPPY;TST-LEDGER_001-HAPPY,FROZEN_DETAILED_V1.2.2,SYSTEM_CALLBACK,页面主按钮/行操作/更多菜单/标准弹层，具体位置由模板和页面操作规格确定,具备权限 payment.read，且资源状态允许“支付回调日志”；按钮显示条件由页面状态表和状态机共同决定,不存在同资源写请求；必填字段有效；服务端 version 未被本地标记过期；需要审批时已选择审批单,"校验 page,pageSize,cursor,status,keyword,sort",page;pageSize;cursor;status;keyword;sort,金额、权益或发布范围变化时二次确认；普通可撤销保存不需要,GET /admin-api/v1/payment-callbacks；请求模型 AdminPaymentsGetPaymentCallbacksParameters；响应模型 AdminPaymentsGetPaymentCallbacksResponse,同资源单写请求锁；状态机服务端复核,提交期间锁定同资源写操作，保留输入并显示明确进度；禁止全页无反馈等待,写操作不自动重试；用户重新确认后使用最新 version 发起新请求,默认留在当前页并刷新；创建成功进入详情，支付/认证/发布结果按对应流程导航,当前资源、来源列表、全局角标/余额/待办中与该领域相关的缓存；禁止无差别清空全部缓存,记录敏感数据访问审计：操作人、目标、字段范围、目的、requestId 和结果,敏感字段按数据分级脱敏；密码、验证码、身份证、支付账号、秘密引用绝不进入埋点和普通日志,GET 可展示明确标记的最近缓存；写操作离线时禁止提交，不进入隐式离线队列,AdminPaymentsGetPaymentCallbacksResponse,READY_FOR_IMPLEMENTATION
ACT-ADM-PAY-001-03,ADMIN,ADM-PAY-001,支付交易,/commerce/payments,主动查单,用户显式点击操作入口，且本地字段校验、权限、状态机前置条件全部满足,POST /admin-api/v1/payments/{id}/query,adminPaymentsPostPaymentsByIdQuery,AdminPaymentsPostPaymentsByIdQueryRequest,payment.query,X-Idempotency-Key必填,以响应数据更新页面和关联缓存；展示“主动查单成功”；仅刷新受影响区域,400逐字段映射；401要求重新认证；403隐藏后续写入口并记录越权拒绝；409提示数据已变化并重新加载；422展示业务原因且保留输入；429显示可重试时间；500保留上下文并提供 requestId,ui_action_adm_pay_001_03,REQ-PAY-002;REQ-LEDGER-001,TST-PAY_002-HAPPY;TST-LEDGER_001-HAPPY;TST-PAY_002-IDEMPOTENT;TST-LEDGER_001-IDEMPOTENT,FROZEN_DETAILED_V1.2.2,CREATE_OR_SUBMIT,页面主按钮/行操作/更多菜单/标准弹层，具体位置由模板和页面操作规格确定,具备权限 payment.query，且资源状态允许“主动查单”；按钮显示条件由页面状态表和状态机共同决定,不存在同资源写请求；必填字段有效；服务端 version 未被本地标记过期；需要审批时已选择审批单,"校验 id,X-Idempotency-Key,reason,expectedVersion,payload；expectedVersion 必须等于页面最后一次成功读取的服务端版本；同一业务意图生成稳定 X-Idempotency-Key；请求体变化必须换键",id;X-Idempotency-Key;reason;expectedVersion;payload,必须二次确认；确认框展示目标、影响、不可逆性、原因、审批要求和将触发的通知,POST /admin-api/v1/payments/{id}/query；请求模型 AdminPaymentsPostPaymentsByIdQueryRequest；响应模型 AdminPaymentsPostPaymentsByIdQueryResponse,expectedVersion 乐观锁 + X-Idempotency-Key + 服务端结果查询,提交期间锁定同资源写操作，保留输入并显示明确进度；禁止全页无反馈等待,使用同一幂等键仅重试同一请求体；若服务端已受理则先查询结果；409版本冲突不得盲重试,默认留在当前页并刷新；创建成功进入详情，支付/认证/发布结果按对应流程导航,当前资源、来源列表、全局角标/余额/待办中与该领域相关的缓存；禁止无差别清空全部缓存,记录操作人、角色、目标、前后状态/版本、原因、审批单、requestId、IP/设备和结果,敏感字段按数据分级脱敏；密码、验证码、身份证、支付账号、秘密引用绝不进入埋点和普通日志,GET 可展示明确标记的最近缓存；写操作离线时禁止提交，不进入隐式离线队列,AdminPaymentsPostPaymentsByIdQueryResponse,READY_FOR_IMPLEMENTATION
ACT-ADM-PAY-001-04,ADMIN,ADM-PAY-001,支付交易,/commerce/payments,异常账务,页面首次进入、下拉刷新、筛选/排序变化或滚动触底时触发；相同查询条件避免并发重复请求,GET /admin-api/v1/payment-exceptions,adminPaymentsGetPaymentExceptions,AdminPaymentsGetPaymentExceptionsParameters,payment.exception.read,不要求,首屏替换数据，翻页仅追加去重；更新分页、筛选回显、总数/游标和最后刷新时间；空结果进入业务空状态,首屏失败显示全页错误与重试；刷新失败保留旧数据并提示；翻页失败保留已加载数据并提供行内重试；401跳登录或会话升级，403显示无权限，404不适用,ui_action_adm_pay_001_04,REQ-PAY-002;REQ-LEDGER-001,TST-PAY_002-HAPPY;TST-LEDGER_001-HAPPY,FROZEN_DETAILED_V1.2.2,LIST_QUERY,页面主按钮/行操作/更多菜单/标准弹层，具体位置由模板和页面操作规格确定,页面具备读取权限；筛选项按数据范围和角色显示,网络可用；非正在刷新；翻页时 nextCursor/hasNext 为真,"校验 page,pageSize,cursor,status,keyword,sort",page;pageSize;cursor;status;keyword;sort,不需要,GET /admin-api/v1/payment-exceptions；请求模型 AdminPaymentsGetPaymentExceptionsParameters；响应模型 AdminPaymentsGetPaymentExceptionsResponse,同资源单写请求锁；状态机服务端复核,首屏使用骨架屏；刷新保留现有数据；翻页使用列表尾部加载器,GET 可人工重试；网络瞬断最多指数退避自动重试 2 次；筛选变化取消旧请求,留在当前页；点击行/卡片按页面导航规格进入详情,当前资源、来源列表、全局角标/余额/待办中与该领域相关的缓存；禁止无差别清空全部缓存,记录敏感数据访问审计：操作人、目标、字段范围、目的、requestId 和结果,敏感字段按数据分级脱敏；密码、验证码、身份证、支付账号、秘密引用绝不进入埋点和普通日志,GET 可展示明确标记的最近缓存；写操作离线时禁止提交，不进入隐式离线队列,AdminPaymentsGetPaymentExceptionsResponse,READY_FOR_IMPLEMENTATION
ACT-ADM-PAY-001-05,ADMIN,ADM-PAY-001,支付交易,/commerce/payments,处理异常账务,用户显式点击操作入口，且本地字段校验、权限、状态机前置条件全部满足,POST /admin-api/v1/payment-exceptions/{id}/resolve,adminPaymentsPostPaymentExceptionsByIdResolve,AdminPaymentsPostPaymentExceptionsByIdResolveRequest,payment.exception.resolve,X-Idempotency-Key必填,更新审批/业务状态、版本和审计时间线；展示“处理异常账务成功”；从待办队列移除并刷新计数,400逐字段映射；401要求重新认证；403隐藏后续写入口并记录越权拒绝；409提示数据已变化并重新加载；422展示业务原因且保留输入；429显示可重试时间；500保留上下文并提供 requestId,ui_action_adm_pay_001_05,REQ-PAY-002;REQ-LEDGER-001,TST-PAY_002-HAPPY;TST-LEDGER_001-HAPPY;TST-PAY_002-IDEMPOTENT;TST-LEDGER_001-IDEMPOTENT,FROZEN_DETAILED_V1.2.2,CONTROLLED_COMMAND,页面主按钮/行操作/更多菜单/标准弹层，具体位置由模板和页面操作规格确定,具备权限 payment.exception.resolve，且资源状态允许“处理异常账务”；按钮显示条件由页面状态表和状态机共同决定,不存在同资源写请求；必填字段有效；服务端 version 未被本地标记过期；需要审批时已选择审批单,"校验 id,X-Idempotency-Key,resolution,reason,expectedVersion；expectedVersion 必须等于页面最后一次成功读取的服务端版本；同一业务意图生成稳定 X-Idempotency-Key；请求体变化必须换键",id;X-Idempotency-Key;resolution;reason;expectedVersion,必须二次确认；确认框展示目标、影响、不可逆性、原因、审批要求和将触发的通知,POST /admin-api/v1/payment-exceptions/{id}/resolve；请求模型 AdminPaymentsPostPaymentExceptionsByIdResolveRequest；响应模型 AdminPaymentsPostPaymentExceptionsByIdResolveResponse,expectedVersion 乐观锁 + X-Idempotency-Key + 服务端结果查询,提交期间锁定同资源写操作，保留输入并显示明确进度；禁止全页无反馈等待,使用同一幂等键仅重试同一请求体；若服务端已受理则先查询结果；409版本冲突不得盲重试,默认留在当前页并刷新；创建成功进入详情，支付/认证/发布结果按对应流程导航,当前资源、来源列表、全局角标/余额/待办中与该领域相关的缓存；禁止无差别清空全部缓存,记录操作人、角色、目标、前后状态/版本、原因、审批单、requestId、IP/设备和结果,敏感字段按数据分级脱敏；密码、验证码、身份证、支付账号、秘密引用绝不进入埋点和普通日志,GET 可展示明确标记的最近缓存；写操作离线时禁止提交，不进入隐式离线队列,AdminPaymentsPostPaymentExceptionsByIdResolveResponse,READY_FOR_IMPLEMENTATION
ACT-ADM-PAY-001-06,ADMIN,ADM-PAY-001,支付交易,/commerce/payments,执行对账,用户显式点击操作入口，且本地字段校验、权限、状态机前置条件全部满足,POST /admin-api/v1/payment-reconciliation/run,adminPaymentsPostPaymentReconciliationRun,AdminPaymentsPostPaymentReconciliationRunRequest,payment.reconcile,X-Idempotency-Key必填,以响应数据更新页面和关联缓存；展示“执行对账成功”；仅刷新受影响区域,400逐字段映射；401要求重新认证；403隐藏后续写入口并记录越权拒绝；409提示数据已变化并重新加载；422展示业务原因且保留输入；429显示可重试时间；500保留上下文并提供 requestId,ui_action_adm_pay_001_06,REQ-PAY-002;REQ-LEDGER-001,TST-PAY_002-HAPPY;TST-LEDGER_001-HAPPY;TST-PAY_002-IDEMPOTENT;TST-LEDGER_001-IDEMPOTENT,FROZEN_DETAILED_V1.2.2,CREATE_OR_SUBMIT,页面主按钮/行操作/更多菜单/标准弹层，具体位置由模板和页面操作规格确定,具备权限 payment.reconcile，且资源状态允许“执行对账”；按钮显示条件由页面状态表和状态机共同决定,不存在同资源写请求；必填字段有效；服务端 version 未被本地标记过期；需要审批时已选择审批单,"校验 X-Idempotency-Key,parameters,dryRun；同一业务意图生成稳定 X-Idempotency-Key；请求体变化必须换键",X-Idempotency-Key;parameters;dryRun,金额、权益或发布范围变化时二次确认；普通可撤销保存不需要,POST /admin-api/v1/payment-reconciliation/run；请求模型 AdminPaymentsPostPaymentReconciliationRunRequest；响应模型 AdminPaymentsPostPaymentReconciliationRunResponse,X-Idempotency-Key + 服务端结果查询,提交期间锁定同资源写操作，保留输入并显示明确进度；禁止全页无反馈等待,使用同一幂等键仅重试同一请求体；若服务端已受理则先查询结果；409版本冲突不得盲重试,默认留在当前页并刷新；创建成功进入详情，支付/认证/发布结果按对应流程导航,当前资源、来源列表、全局角标/余额/待办中与该领域相关的缓存；禁止无差别清空全部缓存,记录操作人、角色、目标、前后状态/版本、原因、审批单、requestId、IP/设备和结果,敏感字段按数据分级脱敏；密码、验证码、身份证、支付账号、秘密引用绝不进入埋点和普通日志,GET 可展示明确标记的最近缓存；写操作离线时禁止提交，不进入隐式离线队列,AdminPaymentsPostPaymentReconciliationRunResponse,READY_FOR_IMPLEMENTATION
ACT-ADM-RECON-001-01,ADMIN,ADM-RECON-001,支付对账,/commerce/reconciliation,支付交易,页面首次进入、下拉刷新、筛选/排序变化或滚动触底时触发；相同查询条件避免并发重复请求,GET /admin-api/v1/payments,adminPaymentsGetPayments,AdminPaymentsGetPaymentsParameters,payment.read,不要求,首屏替换数据，翻页仅追加去重；更新分页、筛选回显、总数/游标和最后刷新时间；空结果进入业务空状态,首屏失败显示全页错误与重试；刷新失败保留旧数据并提示；翻页失败保留已加载数据并提供行内重试；401跳登录或会话升级，403显示无权限，404不适用,ui_action_adm_recon_001_01,REQ-PAY-002;REQ-LEDGER-001,TST-PAY_002-HAPPY;TST-LEDGER_001-HAPPY,FROZEN_DETAILED_V1.2.2,LIST_QUERY,页面主按钮/行操作/更多菜单/标准弹层，具体位置由模板和页面操作规格确定,页面具备读取权限；筛选项按数据范围和角色显示,网络可用；非正在刷新；翻页时 nextCursor/hasNext 为真,"校验 page,pageSize,cursor,status,keyword,sort",page;pageSize;cursor;status;keyword;sort,不需要,GET /admin-api/v1/payments；请求模型 AdminPaymentsGetPaymentsParameters；响应模型 AdminPaymentsGetPaymentsResponse,同资源单写请求锁；状态机服务端复核,首屏使用骨架屏；刷新保留现有数据；翻页使用列表尾部加载器,GET 可人工重试；网络瞬断最多指数退避自动重试 2 次；筛选变化取消旧请求,留在当前页；点击行/卡片按页面导航规格进入详情,当前资源、来源列表、全局角标/余额/待办中与该领域相关的缓存；禁止无差别清空全部缓存,记录敏感数据访问审计：操作人、目标、字段范围、目的、requestId 和结果,敏感字段按数据分级脱敏；密码、验证码、身份证、支付账号、秘密引用绝不进入埋点和普通日志,GET 可展示明确标记的最近缓存；写操作离线时禁止提交，不进入隐式离线队列,AdminPaymentsGetPaymentsResponse,READY_FOR_IMPLEMENTATION
ACT-ADM-RECON-001-02,ADMIN,ADM-RECON-001,支付对账,/commerce/reconciliation,支付回调日志,用户显式点击操作入口，且本地字段校验、权限、状态机前置条件全部满足,GET /admin-api/v1/payment-callbacks,adminPaymentsGetPaymentCallbacks,AdminPaymentsGetPaymentCallbacksParameters,payment.read,不要求,以响应数据更新页面和关联缓存；展示“支付回调日志成功”；仅刷新受影响区域,400逐字段映射；401要求重新认证；403隐藏后续写入口并记录越权拒绝；409提示数据已变化并重新加载；422展示业务原因且保留输入；429显示可重试时间；500保留上下文并提供 requestId,ui_action_adm_recon_001_02,REQ-PAY-002;REQ-LEDGER-001,TST-PAY_002-HAPPY;TST-LEDGER_001-HAPPY,FROZEN_DETAILED_V1.2.2,SYSTEM_CALLBACK,页面主按钮/行操作/更多菜单/标准弹层，具体位置由模板和页面操作规格确定,具备权限 payment.read，且资源状态允许“支付回调日志”；按钮显示条件由页面状态表和状态机共同决定,不存在同资源写请求；必填字段有效；服务端 version 未被本地标记过期；需要审批时已选择审批单,"校验 page,pageSize,cursor,status,keyword,sort",page;pageSize;cursor;status;keyword;sort,金额、权益或发布范围变化时二次确认；普通可撤销保存不需要,GET /admin-api/v1/payment-callbacks；请求模型 AdminPaymentsGetPaymentCallbacksParameters；响应模型 AdminPaymentsGetPaymentCallbacksResponse,同资源单写请求锁；状态机服务端复核,提交期间锁定同资源写操作，保留输入并显示明确进度；禁止全页无反馈等待,写操作不自动重试；用户重新确认后使用最新 version 发起新请求,默认留在当前页并刷新；创建成功进入详情，支付/认证/发布结果按对应流程导航,当前资源、来源列表、全局角标/余额/待办中与该领域相关的缓存；禁止无差别清空全部缓存,记录敏感数据访问审计：操作人、目标、字段范围、目的、requestId 和结果,敏感字段按数据分级脱敏；密码、验证码、身份证、支付账号、秘密引用绝不进入埋点和普通日志,GET 可展示明确标记的最近缓存；写操作离线时禁止提交，不进入隐式离线队列,AdminPaymentsGetPaymentCallbacksResponse,READY_FOR_IMPLEMENTATION
ACT-ADM-RECON-001-03,ADMIN,ADM-RECON-001,支付对账,/commerce/reconciliation,主动查单,用户显式点击操作入口，且本地字段校验、权限、状态机前置条件全部满足,POST /admin-api/v1/payments/{id}/query,adminPaymentsPostPaymentsByIdQuery,AdminPaymentsPostPaymentsByIdQueryRequest,payment.query,X-Idempotency-Key必填,以响应数据更新页面和关联缓存；展示“主动查单成功”；仅刷新受影响区域,400逐字段映射；401要求重新认证；403隐藏后续写入口并记录越权拒绝；409提示数据已变化并重新加载；422展示业务原因且保留输入；429显示可重试时间；500保留上下文并提供 requestId,ui_action_adm_recon_001_03,REQ-PAY-002;REQ-LEDGER-001,TST-PAY_002-HAPPY;TST-LEDGER_001-HAPPY;TST-PAY_002-IDEMPOTENT;TST-LEDGER_001-IDEMPOTENT,FROZEN_DETAILED_V1.2.2,CREATE_OR_SUBMIT,页面主按钮/行操作/更多菜单/标准弹层，具体位置由模板和页面操作规格确定,具备权限 payment.query，且资源状态允许“主动查单”；按钮显示条件由页面状态表和状态机共同决定,不存在同资源写请求；必填字段有效；服务端 version 未被本地标记过期；需要审批时已选择审批单,"校验 id,X-Idempotency-Key,reason,expectedVersion,payload；expectedVersion 必须等于页面最后一次成功读取的服务端版本；同一业务意图生成稳定 X-Idempotency-Key；请求体变化必须换键",id;X-Idempotency-Key;reason;expectedVersion;payload,必须二次确认；确认框展示目标、影响、不可逆性、原因、审批要求和将触发的通知,POST /admin-api/v1/payments/{id}/query；请求模型 AdminPaymentsPostPaymentsByIdQueryRequest；响应模型 AdminPaymentsPostPaymentsByIdQueryResponse,expectedVersion 乐观锁 + X-Idempotency-Key + 服务端结果查询,提交期间锁定同资源写操作，保留输入并显示明确进度；禁止全页无反馈等待,使用同一幂等键仅重试同一请求体；若服务端已受理则先查询结果；409版本冲突不得盲重试,默认留在当前页并刷新；创建成功进入详情，支付/认证/发布结果按对应流程导航,当前资源、来源列表、全局角标/余额/待办中与该领域相关的缓存；禁止无差别清空全部缓存,记录操作人、角色、目标、前后状态/版本、原因、审批单、requestId、IP/设备和结果,敏感字段按数据分级脱敏；密码、验证码、身份证、支付账号、秘密引用绝不进入埋点和普通日志,GET 可展示明确标记的最近缓存；写操作离线时禁止提交，不进入隐式离线队列,AdminPaymentsPostPaymentsByIdQueryResponse,READY_FOR_IMPLEMENTATION
ACT-ADM-RECON-001-04,ADMIN,ADM-RECON-001,支付对账,/commerce/reconciliation,异常账务,页面首次进入、下拉刷新、筛选/排序变化或滚动触底时触发；相同查询条件避免并发重复请求,GET /admin-api/v1/payment-exceptions,adminPaymentsGetPaymentExceptions,AdminPaymentsGetPaymentExceptionsParameters,payment.exception.read,不要求,首屏替换数据，翻页仅追加去重；更新分页、筛选回显、总数/游标和最后刷新时间；空结果进入业务空状态,首屏失败显示全页错误与重试；刷新失败保留旧数据并提示；翻页失败保留已加载数据并提供行内重试；401跳登录或会话升级，403显示无权限，404不适用,ui_action_adm_recon_001_04,REQ-PAY-002;REQ-LEDGER-001,TST-PAY_002-HAPPY;TST-LEDGER_001-HAPPY,FROZEN_DETAILED_V1.2.2,LIST_QUERY,页面主按钮/行操作/更多菜单/标准弹层，具体位置由模板和页面操作规格确定,页面具备读取权限；筛选项按数据范围和角色显示,网络可用；非正在刷新；翻页时 nextCursor/hasNext 为真,"校验 page,pageSize,cursor,status,keyword,sort",page;pageSize;cursor;status;keyword;sort,不需要,GET /admin-api/v1/payment-exceptions；请求模型 AdminPaymentsGetPaymentExceptionsParameters；响应模型 AdminPaymentsGetPaymentExceptionsResponse,同资源单写请求锁；状态机服务端复核,首屏使用骨架屏；刷新保留现有数据；翻页使用列表尾部加载器,GET 可人工重试；网络瞬断最多指数退避自动重试 2 次；筛选变化取消旧请求,留在当前页；点击行/卡片按页面导航规格进入详情,当前资源、来源列表、全局角标/余额/待办中与该领域相关的缓存；禁止无差别清空全部缓存,记录敏感数据访问审计：操作人、目标、字段范围、目的、requestId 和结果,敏感字段按数据分级脱敏；密码、验证码、身份证、支付账号、秘密引用绝不进入埋点和普通日志,GET 可展示明确标记的最近缓存；写操作离线时禁止提交，不进入隐式离线队列,AdminPaymentsGetPaymentExceptionsResponse,READY_FOR_IMPLEMENTATION
ACT-ADM-RECON-001-05,ADMIN,ADM-RECON-001,支付对账,/commerce/reconciliation,处理异常账务,用户显式点击操作入口，且本地字段校验、权限、状态机前置条件全部满足,POST /admin-api/v1/payment-exceptions/{id}/resolve,adminPaymentsPostPaymentExceptionsByIdResolve,AdminPaymentsPostPaymentExceptionsByIdResolveRequest,payment.exception.resolve,X-Idempotency-Key必填,更新审批/业务状态、版本和审计时间线；展示“处理异常账务成功”；从待办队列移除并刷新计数,400逐字段映射；401要求重新认证；403隐藏后续写入口并记录越权拒绝；409提示数据已变化并重新加载；422展示业务原因且保留输入；429显示可重试时间；500保留上下文并提供 requestId,ui_action_adm_recon_001_05,REQ-PAY-002;REQ-LEDGER-001,TST-PAY_002-HAPPY;TST-LEDGER_001-HAPPY;TST-PAY_002-IDEMPOTENT;TST-LEDGER_001-IDEMPOTENT,FROZEN_DETAILED_V1.2.2,CONTROLLED_COMMAND,页面主按钮/行操作/更多菜单/标准弹层，具体位置由模板和页面操作规格确定,具备权限 payment.exception.resolve，且资源状态允许“处理异常账务”；按钮显示条件由页面状态表和状态机共同决定,不存在同资源写请求；必填字段有效；服务端 version 未被本地标记过期；需要审批时已选择审批单,"校验 id,X-Idempotency-Key,resolution,reason,expectedVersion；expectedVersion 必须等于页面最后一次成功读取的服务端版本；同一业务意图生成稳定 X-Idempotency-Key；请求体变化必须换键",id;X-Idempotency-Key;resolution;reason;expectedVersion,必须二次确认；确认框展示目标、影响、不可逆性、原因、审批要求和将触发的通知,POST /admin-api/v1/payment-exceptions/{id}/resolve；请求模型 AdminPaymentsPostPaymentExceptionsByIdResolveRequest；响应模型 AdminPaymentsPostPaymentExceptionsByIdResolveResponse,expectedVersion 乐观锁 + X-Idempotency-Key + 服务端结果查询,提交期间锁定同资源写操作，保留输入并显示明确进度；禁止全页无反馈等待,使用同一幂等键仅重试同一请求体；若服务端已受理则先查询结果；409版本冲突不得盲重试,默认留在当前页并刷新；创建成功进入详情，支付/认证/发布结果按对应流程导航,当前资源、来源列表、全局角标/余额/待办中与该领域相关的缓存；禁止无差别清空全部缓存,记录操作人、角色、目标、前后状态/版本、原因、审批单、requestId、IP/设备和结果,敏感字段按数据分级脱敏；密码、验证码、身份证、支付账号、秘密引用绝不进入埋点和普通日志,GET 可展示明确标记的最近缓存；写操作离线时禁止提交，不进入隐式离线队列,AdminPaymentsPostPaymentExceptionsByIdResolveResponse,READY_FOR_IMPLEMENTATION
ACT-ADM-RECON-001-06,ADMIN,ADM-RECON-001,支付对账,/commerce/reconciliation,执行对账,用户显式点击操作入口，且本地字段校验、权限、状态机前置条件全部满足,POST /admin-api/v1/payment-reconciliation/run,adminPaymentsPostPaymentReconciliationRun,AdminPaymentsPostPaymentReconciliationRunRequest,payment.reconcile,X-Idempotency-Key必填,以响应数据更新页面和关联缓存；展示“执行对账成功”；仅刷新受影响区域,400逐字段映射；401要求重新认证；403隐藏后续写入口并记录越权拒绝；409提示数据已变化并重新加载；422展示业务原因且保留输入；429显示可重试时间；500保留上下文并提供 requestId,ui_action_adm_recon_001_06,REQ-PAY-002;REQ-LEDGER-001,TST-PAY_002-HAPPY;TST-LEDGER_001-HAPPY;TST-PAY_002-IDEMPOTENT;TST-LEDGER_001-IDEMPOTENT,FROZEN_DETAILED_V1.2.2,CREATE_OR_SUBMIT,页面主按钮/行操作/更多菜单/标准弹层，具体位置由模板和页面操作规格确定,具备权限 payment.reconcile，且资源状态允许“执行对账”；按钮显示条件由页面状态表和状态机共同决定,不存在同资源写请求；必填字段有效；服务端 version 未被本地标记过期；需要审批时已选择审批单,"校验 X-Idempotency-Key,parameters,dryRun；同一业务意图生成稳定 X-Idempotency-Key；请求体变化必须换键",X-Idempotency-Key;parameters;dryRun,金额、权益或发布范围变化时二次确认；普通可撤销保存不需要,POST /admin-api/v1/payment-reconciliation/run；请求模型 AdminPaymentsPostPaymentReconciliationRunRequest；响应模型 AdminPaymentsPostPaymentReconciliationRunResponse,X-Idempotency-Key + 服务端结果查询,提交期间锁定同资源写操作，保留输入并显示明确进度；禁止全页无反馈等待,使用同一幂等键仅重试同一请求体；若服务端已受理则先查询结果；409版本冲突不得盲重试,默认留在当前页并刷新；创建成功进入详情，支付/认证/发布结果按对应流程导航,当前资源、来源列表、全局角标/余额/待办中与该领域相关的缓存；禁止无差别清空全部缓存,记录操作人、角色、目标、前后状态/版本、原因、审批单、requestId、IP/设备和结果,敏感字段按数据分级脱敏；密码、验证码、身份证、支付账号、秘密引用绝不进入埋点和普通日志,GET 可展示明确标记的最近缓存；写操作离线时禁止提交，不进入隐式离线队列,AdminPaymentsPostPaymentReconciliationRunResponse,READY_FOR_IMPLEMENTATION
ACT-ADM-REWARD-001-01,ADMIN,ADM-REWARD-001,奖励账户,/finance/reward-accounts,奖励账户列表,页面首次进入、下拉刷新、筛选/排序变化或滚动触底时触发；相同查询条件避免并发重复请求,GET /admin-api/v1/reward-accounts,adminRewardsGetRewardAccounts,AdminRewardsGetRewardAccountsParameters,reward.read,不要求,首屏替换数据，翻页仅追加去重；更新分页、筛选回显、总数/游标和最后刷新时间；空结果进入业务空状态,首屏失败显示全页错误与重试；刷新失败保留旧数据并提示；翻页失败保留已加载数据并提供行内重试；401跳登录或会话升级，403显示无权限，404不适用,ui_action_adm_reward_001_01,REQ-REWARD-001;REQ-LEDGER-001,TST-REWARD_001-HAPPY;TST-LEDGER_001-HAPPY,FROZEN_DETAILED_V1.2.2,LIST_QUERY,页面主按钮/行操作/更多菜单/标准弹层，具体位置由模板和页面操作规格确定,页面具备读取权限；筛选项按数据范围和角色显示,网络可用；非正在刷新；翻页时 nextCursor/hasNext 为真,"校验 page,pageSize,cursor,status,keyword,sort",page;pageSize;cursor;status;keyword;sort,不需要,GET /admin-api/v1/reward-accounts；请求模型 AdminRewardsGetRewardAccountsParameters；响应模型 AdminRewardsGetRewardAccountsResponse,同资源单写请求锁；状态机服务端复核,首屏使用骨架屏；刷新保留现有数据；翻页使用列表尾部加载器,GET 可人工重试；网络瞬断最多指数退避自动重试 2 次；筛选变化取消旧请求,留在当前页；点击行/卡片按页面导航规格进入详情,当前资源、来源列表、全局角标/余额/待办中与该领域相关的缓存；禁止无差别清空全部缓存,记录敏感数据访问审计：操作人、目标、字段范围、目的、requestId 和结果,敏感字段按数据分级脱敏；密码、验证码、身份证、支付账号、秘密引用绝不进入埋点和普通日志,GET 可展示明确标记的最近缓存；写操作离线时禁止提交，不进入隐式离线队列,AdminRewardsGetRewardAccountsResponse,READY_FOR_IMPLEMENTATION
ACT-ADM-REWARD-001-02,ADMIN,ADM-REWARD-001,奖励账户,/finance/reward-accounts,用户奖励流水,页面首次进入、下拉刷新、筛选/排序变化或滚动触底时触发；相同查询条件避免并发重复请求,GET /admin-api/v1/reward-accounts/{userId}/ledger,adminRewardsGetRewardAccountsByUseridLedger,AdminRewardsGetRewardAccountsByUseridLedgerParameters,reward.read,不要求,首屏替换数据，翻页仅追加去重；更新分页、筛选回显、总数/游标和最后刷新时间；空结果进入业务空状态,首屏失败显示全页错误与重试；刷新失败保留旧数据并提示；翻页失败保留已加载数据并提供行内重试；401跳登录或会话升级，403显示无权限，404不适用,ui_action_adm_reward_001_02,REQ-REWARD-001;REQ-LEDGER-001,TST-REWARD_001-HAPPY;TST-LEDGER_001-HAPPY,FROZEN_DETAILED_V1.2.2,LIST_QUERY,页面主按钮/行操作/更多菜单/标准弹层，具体位置由模板和页面操作规格确定,页面具备读取权限；筛选项按数据范围和角色显示,网络可用；非正在刷新；翻页时 nextCursor/hasNext 为真,"校验 userId,page,pageSize,cursor,status,keyword,sort",userId;page;pageSize;cursor;status;keyword;sort,不需要,GET /admin-api/v1/reward-accounts/{userId}/ledger；请求模型 AdminRewardsGetRewardAccountsByUseridLedgerParameters；响应模型 AdminRewardsGetRewardAccountsByUseridLedgerResponse,同资源单写请求锁；状态机服务端复核,首屏使用骨架屏；刷新保留现有数据；翻页使用列表尾部加载器,GET 可人工重试；网络瞬断最多指数退避自动重试 2 次；筛选变化取消旧请求,留在当前页；点击行/卡片按页面导航规格进入详情,当前资源、来源列表、全局角标/余额/待办中与该领域相关的缓存；禁止无差别清空全部缓存,记录敏感数据访问审计：操作人、目标、字段范围、目的、requestId 和结果,敏感字段按数据分级脱敏；密码、验证码、身份证、支付账号、秘密引用绝不进入埋点和普通日志,GET 可展示明确标记的最近缓存；写操作离线时禁止提交，不进入隐式离线队列,AdminRewardsGetRewardAccountsByUseridLedgerResponse,READY_FOR_IMPLEMENTATION
ACT-ADM-REWARD-001-03,ADMIN,ADM-REWARD-001,奖励账户,/finance/reward-accounts,创建奖励调整申请,用户显式点击操作入口，且本地字段校验、权限、状态机前置条件全部满足,POST /admin-api/v1/reward-adjustments,adminRewardsPostRewardAdjustments,AdminRewardsPostRewardAdjustmentsRequest,reward.adjust.request,X-Idempotency-Key必填,使用响应中的资源和 version 更新页面；清除已提交脏状态；展示“创建奖励调整申请成功”；刷新受影响列表、详情、余额或配置版本,400逐字段映射；401要求重新认证；403隐藏后续写入口并记录越权拒绝；409提示数据已变化并重新加载；422展示业务原因且保留输入；429显示可重试时间；500保留上下文并提供 requestId,ui_action_adm_reward_001_03,REQ-REWARD-001;REQ-LEDGER-001,TST-REWARD_001-HAPPY;TST-LEDGER_001-HAPPY;TST-REWARD_001-IDEMPOTENT;TST-LEDGER_001-IDEMPOTENT,FROZEN_DETAILED_V1.2.2,CONTROLLED_COMMAND,页面主按钮/行操作/更多菜单/标准弹层，具体位置由模板和页面操作规格确定,具备权限 reward.adjust.request，且资源状态允许“创建奖励调整申请”；按钮显示条件由页面状态表和状态机共同决定,不存在同资源写请求；必填字段有效；服务端 version 未被本地标记过期；需要审批时已选择审批单,"校验 X-Idempotency-Key,userId,direction,amountCent,reason,businessRef；同一业务意图生成稳定 X-Idempotency-Key；请求体变化必须换键",X-Idempotency-Key;userId;direction;amountCent;reason;businessRef,必须二次确认；确认框展示目标、影响、不可逆性、原因、审批要求和将触发的通知,POST /admin-api/v1/reward-adjustments；请求模型 AdminRewardsPostRewardAdjustmentsRequest；响应模型 AdminRewardsPostRewardAdjustmentsResponse,X-Idempotency-Key + 服务端结果查询,提交期间锁定同资源写操作，保留输入并显示明确进度；禁止全页无反馈等待,使用同一幂等键仅重试同一请求体；若服务端已受理则先查询结果；409版本冲突不得盲重试,默认留在当前页并刷新；创建成功进入详情，支付/认证/发布结果按对应流程导航,当前资源、来源列表、全局角标/余额/待办中与该领域相关的缓存；禁止无差别清空全部缓存,记录操作人、角色、目标、前后状态/版本、原因、审批单、requestId、IP/设备和结果,敏感字段按数据分级脱敏；密码、验证码、身份证、支付账号、秘密引用绝不进入埋点和普通日志,GET 可展示明确标记的最近缓存；写操作离线时禁止提交，不进入隐式离线队列,AdminRewardsPostRewardAdjustmentsResponse,READY_FOR_IMPLEMENTATION
ACT-ADM-REWARD-002-01,ADMIN,ADM-REWARD-002,奖励流水,/finance/reward-ledger,奖励账户列表,页面首次进入、下拉刷新、筛选/排序变化或滚动触底时触发；相同查询条件避免并发重复请求,GET /admin-api/v1/reward-accounts,adminRewardsGetRewardAccounts,AdminRewardsGetRewardAccountsParameters,reward.read,不要求,首屏替换数据，翻页仅追加去重；更新分页、筛选回显、总数/游标和最后刷新时间；空结果进入业务空状态,首屏失败显示全页错误与重试；刷新失败保留旧数据并提示；翻页失败保留已加载数据并提供行内重试；401跳登录或会话升级，403显示无权限，404不适用,ui_action_adm_reward_002_01,REQ-REWARD-001;REQ-LEDGER-001,TST-REWARD_001-HAPPY;TST-LEDGER_001-HAPPY,FROZEN_DETAILED_V1.2.2,LIST_QUERY,页面主按钮/行操作/更多菜单/标准弹层，具体位置由模板和页面操作规格确定,页面具备读取权限；筛选项按数据范围和角色显示,网络可用；非正在刷新；翻页时 nextCursor/hasNext 为真,"校验 page,pageSize,cursor,status,keyword,sort",page;pageSize;cursor;status;keyword;sort,不需要,GET /admin-api/v1/reward-accounts；请求模型 AdminRewardsGetRewardAccountsParameters；响应模型 AdminRewardsGetRewardAccountsResponse,同资源单写请求锁；状态机服务端复核,首屏使用骨架屏；刷新保留现有数据；翻页使用列表尾部加载器,GET 可人工重试；网络瞬断最多指数退避自动重试 2 次；筛选变化取消旧请求,留在当前页；点击行/卡片按页面导航规格进入详情,当前资源、来源列表、全局角标/余额/待办中与该领域相关的缓存；禁止无差别清空全部缓存,记录敏感数据访问审计：操作人、目标、字段范围、目的、requestId 和结果,敏感字段按数据分级脱敏；密码、验证码、身份证、支付账号、秘密引用绝不进入埋点和普通日志,GET 可展示明确标记的最近缓存；写操作离线时禁止提交，不进入隐式离线队列,AdminRewardsGetRewardAccountsResponse,READY_FOR_IMPLEMENTATION
ACT-ADM-REWARD-002-02,ADMIN,ADM-REWARD-002,奖励流水,/finance/reward-ledger,用户奖励流水,页面首次进入、下拉刷新、筛选/排序变化或滚动触底时触发；相同查询条件避免并发重复请求,GET /admin-api/v1/reward-accounts/{userId}/ledger,adminRewardsGetRewardAccountsByUseridLedger,AdminRewardsGetRewardAccountsByUseridLedgerParameters,reward.read,不要求,首屏替换数据，翻页仅追加去重；更新分页、筛选回显、总数/游标和最后刷新时间；空结果进入业务空状态,首屏失败显示全页错误与重试；刷新失败保留旧数据并提示；翻页失败保留已加载数据并提供行内重试；401跳登录或会话升级，403显示无权限，404不适用,ui_action_adm_reward_002_02,REQ-REWARD-001;REQ-LEDGER-001,TST-REWARD_001-HAPPY;TST-LEDGER_001-HAPPY,FROZEN_DETAILED_V1.2.2,LIST_QUERY,页面主按钮/行操作/更多菜单/标准弹层，具体位置由模板和页面操作规格确定,页面具备读取权限；筛选项按数据范围和角色显示,网络可用；非正在刷新；翻页时 nextCursor/hasNext 为真,"校验 userId,page,pageSize,cursor,status,keyword,sort",userId;page;pageSize;cursor;status;keyword;sort,不需要,GET /admin-api/v1/reward-accounts/{userId}/ledger；请求模型 AdminRewardsGetRewardAccountsByUseridLedgerParameters；响应模型 AdminRewardsGetRewardAccountsByUseridLedgerResponse,同资源单写请求锁；状态机服务端复核,首屏使用骨架屏；刷新保留现有数据；翻页使用列表尾部加载器,GET 可人工重试；网络瞬断最多指数退避自动重试 2 次；筛选变化取消旧请求,留在当前页；点击行/卡片按页面导航规格进入详情,当前资源、来源列表、全局角标/余额/待办中与该领域相关的缓存；禁止无差别清空全部缓存,记录敏感数据访问审计：操作人、目标、字段范围、目的、requestId 和结果,敏感字段按数据分级脱敏；密码、验证码、身份证、支付账号、秘密引用绝不进入埋点和普通日志,GET 可展示明确标记的最近缓存；写操作离线时禁止提交，不进入隐式离线队列,AdminRewardsGetRewardAccountsByUseridLedgerResponse,READY_FOR_IMPLEMENTATION
ACT-ADM-WD-001-01,ADMIN,ADM-WD-001,提现列表,/finance/withdrawals,提现列表,页面首次进入、下拉刷新、筛选/排序变化或滚动触底时触发；相同查询条件避免并发重复请求,GET /admin-api/v1/withdrawals,adminWithdrawalsGetWithdrawals,AdminWithdrawalsGetWithdrawalsParameters,withdrawal.read,不要求,首屏替换数据，翻页仅追加去重；更新分页、筛选回显、总数/游标和最后刷新时间；空结果进入业务空状态,首屏失败显示全页错误与重试；刷新失败保留旧数据并提示；翻页失败保留已加载数据并提供行内重试；401跳登录或会话升级，403显示无权限，404不适用,ui_action_adm_wd_001_01,REQ-WD-001;REQ-LEDGER-001,TST-WD_001-HAPPY;TST-LEDGER_001-HAPPY,FROZEN_DETAILED_V1.2.2,LIST_QUERY,页面主按钮/行操作/更多菜单/标准弹层，具体位置由模板和页面操作规格确定,页面具备读取权限；筛选项按数据范围和角色显示,网络可用；非正在刷新；翻页时 nextCursor/hasNext 为真,"校验 page,pageSize,cursor,status,keyword,sort",page;pageSize;cursor;status;keyword;sort,不需要,GET /admin-api/v1/withdrawals；请求模型 AdminWithdrawalsGetWithdrawalsParameters；响应模型 AdminWithdrawalsGetWithdrawalsResponse,同资源单写请求锁；状态机服务端复核,首屏使用骨架屏；刷新保留现有数据；翻页使用列表尾部加载器,GET 可人工重试；网络瞬断最多指数退避自动重试 2 次；筛选变化取消旧请求,留在当前页；点击行/卡片按页面导航规格进入详情,当前资源、来源列表、全局角标/余额/待办中与该领域相关的缓存；禁止无差别清空全部缓存,记录敏感数据访问审计：操作人、目标、字段范围、目的、requestId 和结果,敏感字段按数据分级脱敏；密码、验证码、身份证、支付账号、秘密引用绝不进入埋点和普通日志,GET 可展示明确标记的最近缓存；写操作离线时禁止提交，不进入隐式离线队列,AdminWithdrawalsGetWithdrawalsResponse,READY_FOR_IMPLEMENTATION
ACT-ADM-WD-001-02,ADMIN,ADM-WD-001,提现列表,/finance/withdrawals,提现详情,页面进入、显式刷新、从后台恢复且缓存过期，或收到相关领域事件后触发,GET /admin-api/v1/withdrawals/{id},adminWithdrawalsGetWithdrawalsById,AdminWithdrawalsGetWithdrawalsByIdParameters,withdrawal.read,不要求,以服务端返回的 version 和状态覆盖详情；重算按钮显示/可用条件；记录页面曝光和请求 requestId,404显示资源不存在或已下架并提供返回；403显示无权限；409触发重新拉取；网络失败保留缓存并标记可能过期,ui_action_adm_wd_001_02,REQ-WD-001;REQ-LEDGER-001,TST-WD_001-HAPPY;TST-LEDGER_001-HAPPY,FROZEN_DETAILED_V1.2.2,DETAIL_QUERY,页面主按钮/行操作/更多菜单/标准弹层，具体位置由模板和页面操作规格确定,页面具备读取权限且路由参数完整,网络可用且不存在同资源进行中的请求,校验 id,id,不需要,GET /admin-api/v1/withdrawals/{id}；请求模型 AdminWithdrawalsGetWithdrawalsByIdParameters；响应模型 AdminWithdrawalsGetWithdrawalsByIdResponse,同资源单写请求锁；状态机服务端复核,首次进入使用结构骨架；刷新保留当前内容并显示轻量刷新态,GET 可人工重试；缓存可作为只读降级但禁止基于过期数据执行写操作,留在当前页；资源不存在时返回上一级并从来源列表移除或标记,当前资源、来源列表、全局角标/余额/待办中与该领域相关的缓存；禁止无差别清空全部缓存,记录敏感数据访问审计：操作人、目标、字段范围、目的、requestId 和结果,敏感字段按数据分级脱敏；密码、验证码、身份证、支付账号、秘密引用绝不进入埋点和普通日志,GET 可展示明确标记的最近缓存；写操作离线时禁止提交，不进入隐式离线队列,AdminWithdrawalsGetWithdrawalsByIdResponse,READY_FOR_IMPLEMENTATION
ACT-ADM-WD-002-01,ADMIN,ADM-WD-002,提现详情,/finance/withdrawals/:id,提现列表,页面首次进入、下拉刷新、筛选/排序变化或滚动触底时触发；相同查询条件避免并发重复请求,GET /admin-api/v1/withdrawals,adminWithdrawalsGetWithdrawals,AdminWithdrawalsGetWithdrawalsParameters,withdrawal.read,不要求,首屏替换数据，翻页仅追加去重；更新分页、筛选回显、总数/游标和最后刷新时间；空结果进入业务空状态,首屏失败显示全页错误与重试；刷新失败保留旧数据并提示；翻页失败保留已加载数据并提供行内重试；401跳登录或会话升级，403显示无权限，404不适用,ui_action_adm_wd_002_01,REQ-WD-001;REQ-LEDGER-001,TST-WD_001-HAPPY;TST-LEDGER_001-HAPPY,FROZEN_DETAILED_V1.2.2,LIST_QUERY,页面主按钮/行操作/更多菜单/标准弹层，具体位置由模板和页面操作规格确定,页面具备读取权限；筛选项按数据范围和角色显示,网络可用；非正在刷新；翻页时 nextCursor/hasNext 为真,"校验 page,pageSize,cursor,status,keyword,sort",page;pageSize;cursor;status;keyword;sort,不需要,GET /admin-api/v1/withdrawals；请求模型 AdminWithdrawalsGetWithdrawalsParameters；响应模型 AdminWithdrawalsGetWithdrawalsResponse,同资源单写请求锁；状态机服务端复核,首屏使用骨架屏；刷新保留现有数据；翻页使用列表尾部加载器,GET 可人工重试；网络瞬断最多指数退避自动重试 2 次；筛选变化取消旧请求,留在当前页；点击行/卡片按页面导航规格进入详情,当前资源、来源列表、全局角标/余额/待办中与该领域相关的缓存；禁止无差别清空全部缓存,记录敏感数据访问审计：操作人、目标、字段范围、目的、requestId 和结果,敏感字段按数据分级脱敏；密码、验证码、身份证、支付账号、秘密引用绝不进入埋点和普通日志,GET 可展示明确标记的最近缓存；写操作离线时禁止提交，不进入隐式离线队列,AdminWithdrawalsGetWithdrawalsResponse,READY_FOR_IMPLEMENTATION
ACT-ADM-WD-002-02,ADMIN,ADM-WD-002,提现详情,/finance/withdrawals/:id,提现详情,页面进入、显式刷新、从后台恢复且缓存过期，或收到相关领域事件后触发,GET /admin-api/v1/withdrawals/{id},adminWithdrawalsGetWithdrawalsById,AdminWithdrawalsGetWithdrawalsByIdParameters,withdrawal.read,不要求,以服务端返回的 version 和状态覆盖详情；重算按钮显示/可用条件；记录页面曝光和请求 requestId,404显示资源不存在或已下架并提供返回；403显示无权限；409触发重新拉取；网络失败保留缓存并标记可能过期,ui_action_adm_wd_002_02,REQ-WD-001;REQ-LEDGER-001,TST-WD_001-HAPPY;TST-LEDGER_001-HAPPY,FROZEN_DETAILED_V1.2.2,DETAIL_QUERY,页面主按钮/行操作/更多菜单/标准弹层，具体位置由模板和页面操作规格确定,页面具备读取权限且路由参数完整,网络可用且不存在同资源进行中的请求,校验 id,id,不需要,GET /admin-api/v1/withdrawals/{id}；请求模型 AdminWithdrawalsGetWithdrawalsByIdParameters；响应模型 AdminWithdrawalsGetWithdrawalsByIdResponse,同资源单写请求锁；状态机服务端复核,首次进入使用结构骨架；刷新保留当前内容并显示轻量刷新态,GET 可人工重试；缓存可作为只读降级但禁止基于过期数据执行写操作,留在当前页；资源不存在时返回上一级并从来源列表移除或标记,当前资源、来源列表、全局角标/余额/待办中与该领域相关的缓存；禁止无差别清空全部缓存,记录敏感数据访问审计：操作人、目标、字段范围、目的、requestId 和结果,敏感字段按数据分级脱敏；密码、验证码、身份证、支付账号、秘密引用绝不进入埋点和普通日志,GET 可展示明确标记的最近缓存；写操作离线时禁止提交，不进入隐式离线队列,AdminWithdrawalsGetWithdrawalsByIdResponse,READY_FOR_IMPLEMENTATION
ACT-ADM-WD-002-03,ADMIN,ADM-WD-002,提现详情,/finance/withdrawals/:id,风控审核,用户显式点击操作入口，且本地字段校验、权限、状态机前置条件全部满足,POST /admin-api/v1/withdrawals/{id}/risk-review,adminWithdrawalsPostWithdrawalsByIdRiskReview,AdminWithdrawalsPostWithdrawalsByIdRiskReviewRequest,withdrawal.risk,X-Idempotency-Key必填,更新审批/业务状态、版本和审计时间线；展示“风控审核成功”；从待办队列移除并刷新计数,400逐字段映射；401要求重新认证；403隐藏后续写入口并记录越权拒绝；409提示数据已变化并重新加载；422展示业务原因且保留输入；429显示可重试时间；500保留上下文并提供 requestId,ui_action_adm_wd_002_03,REQ-WD-001;REQ-LEDGER-001,TST-WD_001-HAPPY;TST-LEDGER_001-HAPPY;TST-WD_001-IDEMPOTENT;TST-LEDGER_001-IDEMPOTENT,FROZEN_DETAILED_V1.2.2,CONTROLLED_COMMAND,页面主按钮/行操作/更多菜单/标准弹层，具体位置由模板和页面操作规格确定,具备权限 withdrawal.risk，且资源状态允许“风控审核”；按钮显示条件由页面状态表和状态机共同决定,不存在同资源写请求；必填字段有效；服务端 version 未被本地标记过期；需要审批时已选择审批单,"校验 id,X-Idempotency-Key,decision,reason,expectedVersion,evidenceIds；expectedVersion 必须等于页面最后一次成功读取的服务端版本；同一业务意图生成稳定 X-Idempotency-Key；请求体变化必须换键",id;X-Idempotency-Key;decision;reason;expectedVersion;evidenceIds,必须二次确认；确认框展示目标、影响、不可逆性、原因、审批要求和将触发的通知,POST /admin-api/v1/withdrawals/{id}/risk-review；请求模型 AdminWithdrawalsPostWithdrawalsByIdRiskReviewRequest；响应模型 AdminWithdrawalsPostWithdrawalsByIdRiskReviewResponse,expectedVersion 乐观锁 + X-Idempotency-Key + 服务端结果查询,提交期间锁定同资源写操作，保留输入并显示明确进度；禁止全页无反馈等待,使用同一幂等键仅重试同一请求体；若服务端已受理则先查询结果；409版本冲突不得盲重试,默认留在当前页并刷新；创建成功进入详情，支付/认证/发布结果按对应流程导航,当前资源、来源列表、全局角标/余额/待办中与该领域相关的缓存；禁止无差别清空全部缓存,记录操作人、角色、目标、前后状态/版本、原因、审批单、requestId、IP/设备和结果,敏感字段按数据分级脱敏；密码、验证码、身份证、支付账号、秘密引用绝不进入埋点和普通日志,GET 可展示明确标记的最近缓存；写操作离线时禁止提交，不进入隐式离线队列,AdminWithdrawalsPostWithdrawalsByIdRiskReviewResponse,READY_FOR_IMPLEMENTATION
ACT-ADM-WD-002-04,ADMIN,ADM-WD-002,提现详情,/finance/withdrawals/:id,财务审核,用户显式点击操作入口，且本地字段校验、权限、状态机前置条件全部满足,POST /admin-api/v1/withdrawals/{id}/finance-review,adminWithdrawalsPostWithdrawalsByIdFinanceReview,AdminWithdrawalsPostWithdrawalsByIdFinanceReviewRequest,withdrawal.finance,X-Idempotency-Key必填,更新审批/业务状态、版本和审计时间线；展示“财务审核成功”；从待办队列移除并刷新计数,400逐字段映射；401要求重新认证；403隐藏后续写入口并记录越权拒绝；409提示数据已变化并重新加载；422展示业务原因且保留输入；429显示可重试时间；500保留上下文并提供 requestId,ui_action_adm_wd_002_04,REQ-WD-001;REQ-LEDGER-001,TST-WD_001-HAPPY;TST-LEDGER_001-HAPPY;TST-WD_001-IDEMPOTENT;TST-LEDGER_001-IDEMPOTENT,FROZEN_DETAILED_V1.2.2,CONTROLLED_COMMAND,页面主按钮/行操作/更多菜单/标准弹层，具体位置由模板和页面操作规格确定,具备权限 withdrawal.finance，且资源状态允许“财务审核”；按钮显示条件由页面状态表和状态机共同决定,不存在同资源写请求；必填字段有效；服务端 version 未被本地标记过期；需要审批时已选择审批单,"校验 id,X-Idempotency-Key,decision,reason,expectedVersion,evidenceIds；expectedVersion 必须等于页面最后一次成功读取的服务端版本；同一业务意图生成稳定 X-Idempotency-Key；请求体变化必须换键",id;X-Idempotency-Key;decision;reason;expectedVersion;evidenceIds,必须二次确认；确认框展示目标、影响、不可逆性、原因、审批要求和将触发的通知,POST /admin-api/v1/withdrawals/{id}/finance-review；请求模型 AdminWithdrawalsPostWithdrawalsByIdFinanceReviewRequest；响应模型 AdminWithdrawalsPostWithdrawalsByIdFinanceReviewResponse,expectedVersion 乐观锁 + X-Idempotency-Key + 服务端结果查询,提交期间锁定同资源写操作，保留输入并显示明确进度；禁止全页无反馈等待,使用同一幂等键仅重试同一请求体；若服务端已受理则先查询结果；409版本冲突不得盲重试,默认留在当前页并刷新；创建成功进入详情，支付/认证/发布结果按对应流程导航,当前资源、来源列表、全局角标/余额/待办中与该领域相关的缓存；禁止无差别清空全部缓存,记录操作人、角色、目标、前后状态/版本、原因、审批单、requestId、IP/设备和结果,敏感字段按数据分级脱敏；密码、验证码、身份证、支付账号、秘密引用绝不进入埋点和普通日志,GET 可展示明确标记的最近缓存；写操作离线时禁止提交，不进入隐式离线队列,AdminWithdrawalsPostWithdrawalsByIdFinanceReviewResponse,READY_FOR_IMPLEMENTATION
ACT-ADM-WD-002-05,ADMIN,ADM-WD-002,提现详情,/finance/withdrawals/:id,发起出款,用户显式点击操作入口，且本地字段校验、权限、状态机前置条件全部满足,POST /admin-api/v1/withdrawals/{id}/payout,adminWithdrawalsPostWithdrawalsByIdPayout,AdminWithdrawalsPostWithdrawalsByIdPayoutRequest,withdrawal.payout,X-Idempotency-Key必填,以响应数据更新页面和关联缓存；展示“发起出款成功”；仅刷新受影响区域,400逐字段映射；401要求重新认证；403隐藏后续写入口并记录越权拒绝；409提示数据已变化并重新加载；422展示业务原因且保留输入；429显示可重试时间；500保留上下文并提供 requestId,ui_action_adm_wd_002_05,REQ-WD-001;REQ-LEDGER-001,TST-WD_001-HAPPY;TST-LEDGER_001-HAPPY;TST-WD_001-IDEMPOTENT;TST-LEDGER_001-IDEMPOTENT,FROZEN_DETAILED_V1.2.2,CREATE_OR_SUBMIT,页面主按钮/行操作/更多菜单/标准弹层，具体位置由模板和页面操作规格确定,具备权限 withdrawal.payout，且资源状态允许“发起出款”；按钮显示条件由页面状态表和状态机共同决定,不存在同资源写请求；必填字段有效；服务端 version 未被本地标记过期；需要审批时已选择审批单,"校验 id,X-Idempotency-Key,payoutChannel,expectedVersion；expectedVersion 必须等于页面最后一次成功读取的服务端版本；同一业务意图生成稳定 X-Idempotency-Key；请求体变化必须换键",id;X-Idempotency-Key;payoutChannel;expectedVersion,金额、权益或发布范围变化时二次确认；普通可撤销保存不需要,POST /admin-api/v1/withdrawals/{id}/payout；请求模型 AdminWithdrawalsPostWithdrawalsByIdPayoutRequest；响应模型 AdminWithdrawalsPostWithdrawalsByIdPayoutResponse,expectedVersion 乐观锁 + X-Idempotency-Key + 服务端结果查询,提交期间锁定同资源写操作，保留输入并显示明确进度；禁止全页无反馈等待,使用同一幂等键仅重试同一请求体；若服务端已受理则先查询结果；409版本冲突不得盲重试,默认留在当前页并刷新；创建成功进入详情，支付/认证/发布结果按对应流程导航,当前资源、来源列表、全局角标/余额/待办中与该领域相关的缓存；禁止无差别清空全部缓存,记录操作人、角色、目标、前后状态/版本、原因、审批单、requestId、IP/设备和结果,敏感字段按数据分级脱敏；密码、验证码、身份证、支付账号、秘密引用绝不进入埋点和普通日志,GET 可展示明确标记的最近缓存；写操作离线时禁止提交，不进入隐式离线队列,AdminWithdrawalsPostWithdrawalsByIdPayoutResponse,READY_FOR_IMPLEMENTATION
ACT-ADM-WD-002-06,ADMIN,ADM-WD-002,提现详情,/finance/withdrawals/:id,查询出款,用户显式点击操作入口，且本地字段校验、权限、状态机前置条件全部满足,POST /admin-api/v1/withdrawals/{id}/query,adminWithdrawalsPostWithdrawalsByIdQuery,AdminWithdrawalsPostWithdrawalsByIdQueryRequest,withdrawal.payout,X-Idempotency-Key必填,以响应数据更新页面和关联缓存；展示“查询出款成功”；仅刷新受影响区域,400逐字段映射；401要求重新认证；403隐藏后续写入口并记录越权拒绝；409提示数据已变化并重新加载；422展示业务原因且保留输入；429显示可重试时间；500保留上下文并提供 requestId,ui_action_adm_wd_002_06,REQ-WD-001;REQ-LEDGER-001,TST-WD_001-HAPPY;TST-LEDGER_001-HAPPY;TST-WD_001-IDEMPOTENT;TST-LEDGER_001-IDEMPOTENT,FROZEN_DETAILED_V1.2.2,CREATE_OR_SUBMIT,页面主按钮/行操作/更多菜单/标准弹层，具体位置由模板和页面操作规格确定,具备权限 withdrawal.payout，且资源状态允许“查询出款”；按钮显示条件由页面状态表和状态机共同决定,不存在同资源写请求；必填字段有效；服务端 version 未被本地标记过期；需要审批时已选择审批单,"校验 id,X-Idempotency-Key,reason,expectedVersion,payload；expectedVersion 必须等于页面最后一次成功读取的服务端版本；同一业务意图生成稳定 X-Idempotency-Key；请求体变化必须换键",id;X-Idempotency-Key;reason;expectedVersion;payload,必须二次确认；确认框展示目标、影响、不可逆性、原因、审批要求和将触发的通知,POST /admin-api/v1/withdrawals/{id}/query；请求模型 AdminWithdrawalsPostWithdrawalsByIdQueryRequest；响应模型 AdminWithdrawalsPostWithdrawalsByIdQueryResponse,expectedVersion 乐观锁 + X-Idempotency-Key + 服务端结果查询,提交期间锁定同资源写操作，保留输入并显示明确进度；禁止全页无反馈等待,使用同一幂等键仅重试同一请求体；若服务端已受理则先查询结果；409版本冲突不得盲重试,默认留在当前页并刷新；创建成功进入详情，支付/认证/发布结果按对应流程导航,当前资源、来源列表、全局角标/余额/待办中与该领域相关的缓存；禁止无差别清空全部缓存,记录操作人、角色、目标、前后状态/版本、原因、审批单、requestId、IP/设备和结果,敏感字段按数据分级脱敏；密码、验证码、身份证、支付账号、秘密引用绝不进入埋点和普通日志,GET 可展示明确标记的最近缓存；写操作离线时禁止提交，不进入隐式离线队列,AdminWithdrawalsPostWithdrawalsByIdQueryResponse,READY_FOR_IMPLEMENTATION
ACT-ADM-MEMBER-001-01,ADMIN,ADM-MEMBER-001,会员SKU,/commerce/membership/skus,会员SKU,页面首次进入、下拉刷新、筛选/排序变化或滚动触底时触发；相同查询条件避免并发重复请求,GET /admin-api/v1/membership/skus,adminMembershipGetMembershipSkus,AdminMembershipGetMembershipSkusParameters,membership.read,不要求,首屏替换数据，翻页仅追加去重；更新分页、筛选回显、总数/游标和最后刷新时间；空结果进入业务空状态,首屏失败显示全页错误与重试；刷新失败保留旧数据并提示；翻页失败保留已加载数据并提供行内重试；401跳登录或会话升级，403显示无权限，404不适用,ui_action_adm_member_001_01,REQ-MEMBER-003,TST-MEMBER_003-HAPPY,FROZEN_DETAILED_V1.2.2,LIST_QUERY,页面主按钮/行操作/更多菜单/标准弹层，具体位置由模板和页面操作规格确定,页面具备读取权限；筛选项按数据范围和角色显示,网络可用；非正在刷新；翻页时 nextCursor/hasNext 为真,"校验 page,pageSize,cursor,status,keyword,sort",page;pageSize;cursor;status;keyword;sort,不需要,GET /admin-api/v1/membership/skus；请求模型 AdminMembershipGetMembershipSkusParameters；响应模型 AdminMembershipGetMembershipSkusResponse,同资源单写请求锁；状态机服务端复核,首屏使用骨架屏；刷新保留现有数据；翻页使用列表尾部加载器,GET 可人工重试；网络瞬断最多指数退避自动重试 2 次；筛选变化取消旧请求,留在当前页；点击行/卡片按页面导航规格进入详情,当前资源、来源列表、全局角标/余额/待办中与该领域相关的缓存；禁止无差别清空全部缓存,记录必要业务埋点；读取高敏字段时额外记录访问审计,遵循最小采集；仅记录业务标识和状态，不记录自由文本中的个人信息,GET 可展示明确标记的最近缓存；写操作离线时禁止提交，不进入隐式离线队列,AdminMembershipGetMembershipSkusResponse,READY_FOR_IMPLEMENTATION
ACT-ADM-MEMBER-001-02,ADMIN,ADM-MEMBER-001,会员SKU,/commerce/membership/skus,价格和期限,用户显式点击操作入口，且本地字段校验、权限、状态机前置条件全部满足,PATCH /admin-api/v1/membership/skus/{id},adminMembershipPatchMembershipSkusById,AdminMembershipPatchMembershipSkusByIdRequest,membership.write,X-Idempotency-Key必填,以响应数据更新页面和关联缓存；展示“价格和期限成功”；仅刷新受影响区域,400逐字段映射；401要求重新认证；403隐藏后续写入口并记录越权拒绝；409提示数据已变化并重新加载；422展示业务原因且保留输入；429显示可重试时间；500保留上下文并提供 requestId,ui_action_adm_member_001_02,REQ-MEMBER-003,TST-MEMBER_003-HAPPY;TST-MEMBER_003-IDEMPOTENT,FROZEN_DETAILED_V1.2.2,UPDATE,页面主按钮/行操作/更多菜单/标准弹层，具体位置由模板和页面操作规格确定,具备权限 membership.write，且资源状态允许“价格和期限”；按钮显示条件由页面状态表和状态机共同决定,不存在同资源写请求；必填字段有效；服务端 version 未被本地标记过期；需要审批时已选择审批单,"校验 id,X-Idempotency-Key,name,priceCent,durationDays,benefits,status,expectedVersion；expectedVersion 必须等于页面最后一次成功读取的服务端版本；同一业务意图生成稳定 X-Idempotency-Key；请求体变化必须换键",id;X-Idempotency-Key;name;priceCent;durationDays;benefits;status;expectedVersion,金额、权益或发布范围变化时二次确认；普通可撤销保存不需要,PATCH /admin-api/v1/membership/skus/{id}；请求模型 AdminMembershipPatchMembershipSkusByIdRequest；响应模型 AdminMembershipPatchMembershipSkusByIdResponse,expectedVersion 乐观锁 + X-Idempotency-Key + 服务端结果查询,提交期间锁定同资源写操作，保留输入并显示明确进度；禁止全页无反馈等待,使用同一幂等键仅重试同一请求体；若服务端已受理则先查询结果；409版本冲突不得盲重试,默认留在当前页并刷新；创建成功进入详情，支付/认证/发布结果按对应流程导航,当前资源、来源列表、全局角标/余额/待办中与该领域相关的缓存；禁止无差别清空全部缓存,记录操作人、角色、目标、前后状态/版本、原因、审批单、requestId、IP/设备和结果,遵循最小采集；仅记录业务标识和状态，不记录自由文本中的个人信息,GET 可展示明确标记的最近缓存；写操作离线时禁止提交，不进入隐式离线队列,AdminMembershipPatchMembershipSkusByIdResponse,READY_FOR_IMPLEMENTATION
ACT-ADM-MEMBER-001-03,ADMIN,ADM-MEMBER-001,会员SKU,/commerce/membership/skus,权益配置,用户显式点击操作入口，且本地字段校验、权限、状态机前置条件全部满足,PUT /admin-api/v1/membership/skus/{id}/benefits,adminMembershipPutMembershipSkusByIdBenefits,AdminMembershipPutMembershipSkusByIdBenefitsRequest,membership.write,X-Idempotency-Key必填,以响应数据更新页面和关联缓存；展示“权益配置成功”；仅刷新受影响区域,400逐字段映射；401要求重新认证；403隐藏后续写入口并记录越权拒绝；409提示数据已变化并重新加载；422展示业务原因且保留输入；429显示可重试时间；500保留上下文并提供 requestId,ui_action_adm_member_001_03,REQ-MEMBER-003,TST-MEMBER_003-HAPPY;TST-MEMBER_003-IDEMPOTENT,FROZEN_DETAILED_V1.2.2,UPDATE,页面主按钮/行操作/更多菜单/标准弹层，具体位置由模板和页面操作规格确定,具备权限 membership.write，且资源状态允许“权益配置”；按钮显示条件由页面状态表和状态机共同决定,不存在同资源写请求；必填字段有效；服务端 version 未被本地标记过期；需要审批时已选择审批单,"校验 id,X-Idempotency-Key,name,priceCent,durationDays,benefits,status,expectedVersion；expectedVersion 必须等于页面最后一次成功读取的服务端版本；同一业务意图生成稳定 X-Idempotency-Key；请求体变化必须换键",id;X-Idempotency-Key;name;priceCent;durationDays;benefits;status;expectedVersion,金额、权益或发布范围变化时二次确认；普通可撤销保存不需要,PUT /admin-api/v1/membership/skus/{id}/benefits；请求模型 AdminMembershipPutMembershipSkusByIdBenefitsRequest；响应模型 AdminMembershipPutMembershipSkusByIdBenefitsResponse,expectedVersion 乐观锁 + X-Idempotency-Key + 服务端结果查询,提交期间锁定同资源写操作，保留输入并显示明确进度；禁止全页无反馈等待,使用同一幂等键仅重试同一请求体；若服务端已受理则先查询结果；409版本冲突不得盲重试,默认留在当前页并刷新；创建成功进入详情，支付/认证/发布结果按对应流程导航,当前资源、来源列表、全局角标/余额/待办中与该领域相关的缓存；禁止无差别清空全部缓存,记录操作人、角色、目标、前后状态/版本、原因、审批单、requestId、IP/设备和结果,遵循最小采集；仅记录业务标识和状态，不记录自由文本中的个人信息,GET 可展示明确标记的最近缓存；写操作离线时禁止提交，不进入隐式离线队列,AdminMembershipPutMembershipSkusByIdBenefitsResponse,READY_FOR_IMPLEMENTATION
ACT-ADM-MEMBER-001-04,ADMIN,ADM-MEMBER-001,会员SKU,/commerce/membership/skus,用户会员,页面首次进入、下拉刷新、筛选/排序变化或滚动触底时触发；相同查询条件避免并发重复请求,GET /admin-api/v1/user-memberships,adminMembershipGetUserMemberships,AdminMembershipGetUserMembershipsParameters,membership.read,不要求,首屏替换数据，翻页仅追加去重；更新分页、筛选回显、总数/游标和最后刷新时间；空结果进入业务空状态,首屏失败显示全页错误与重试；刷新失败保留旧数据并提示；翻页失败保留已加载数据并提供行内重试；401跳登录或会话升级，403显示无权限，404不适用,ui_action_adm_member_001_04,REQ-MEMBER-003,TST-MEMBER_003-HAPPY,FROZEN_DETAILED_V1.2.2,LIST_QUERY,页面主按钮/行操作/更多菜单/标准弹层，具体位置由模板和页面操作规格确定,页面具备读取权限；筛选项按数据范围和角色显示,网络可用；非正在刷新；翻页时 nextCursor/hasNext 为真,"校验 page,pageSize,cursor,status,keyword,sort",page;pageSize;cursor;status;keyword;sort,不需要,GET /admin-api/v1/user-memberships；请求模型 AdminMembershipGetUserMembershipsParameters；响应模型 AdminMembershipGetUserMembershipsResponse,同资源单写请求锁；状态机服务端复核,首屏使用骨架屏；刷新保留现有数据；翻页使用列表尾部加载器,GET 可人工重试；网络瞬断最多指数退避自动重试 2 次；筛选变化取消旧请求,留在当前页；点击行/卡片按页面导航规格进入详情,当前资源、来源列表、全局角标/余额/待办中与该领域相关的缓存；禁止无差别清空全部缓存,记录必要业务埋点；读取高敏字段时额外记录访问审计,遵循最小采集；仅记录业务标识和状态，不记录自由文本中的个人信息,GET 可展示明确标记的最近缓存；写操作离线时禁止提交，不进入隐式离线队列,AdminMembershipGetUserMembershipsResponse,READY_FOR_IMPLEMENTATION
ACT-ADM-MEMBER-001-05,ADMIN,ADM-MEMBER-001,会员SKU,/commerce/membership/skus,人工赠送,用户显式点击操作入口，且本地字段校验、权限、状态机前置条件全部满足,POST /admin-api/v1/user-memberships/grants,adminMembershipPostUserMembershipsGrants,AdminMembershipPostUserMembershipsGrantsRequest,membership.grant,X-Idempotency-Key必填,以响应数据更新页面和关联缓存；展示“人工赠送成功”；仅刷新受影响区域,400逐字段映射；401要求重新认证；403隐藏后续写入口并记录越权拒绝；409提示数据已变化并重新加载；422展示业务原因且保留输入；429显示可重试时间；500保留上下文并提供 requestId,ui_action_adm_member_001_05,REQ-MEMBER-003,TST-MEMBER_003-HAPPY;TST-MEMBER_003-IDEMPOTENT,FROZEN_DETAILED_V1.2.2,CREATE_OR_SUBMIT,页面主按钮/行操作/更多菜单/标准弹层，具体位置由模板和页面操作规格确定,具备权限 membership.grant，且资源状态允许“人工赠送”；按钮显示条件由页面状态表和状态机共同决定,不存在同资源写请求；必填字段有效；服务端 version 未被本地标记过期；需要审批时已选择审批单,"校验 X-Idempotency-Key,userId,skuId,durationDays,reason；同一业务意图生成稳定 X-Idempotency-Key；请求体变化必须换键",X-Idempotency-Key;userId;skuId;durationDays;reason,必须二次确认；确认框展示目标、影响、不可逆性、原因、审批要求和将触发的通知,POST /admin-api/v1/user-memberships/grants；请求模型 AdminMembershipPostUserMembershipsGrantsRequest；响应模型 AdminMembershipPostUserMembershipsGrantsResponse,X-Idempotency-Key + 服务端结果查询,提交期间锁定同资源写操作，保留输入并显示明确进度；禁止全页无反馈等待,使用同一幂等键仅重试同一请求体；若服务端已受理则先查询结果；409版本冲突不得盲重试,默认留在当前页并刷新；创建成功进入详情，支付/认证/发布结果按对应流程导航,当前资源、来源列表、全局角标/余额/待办中与该领域相关的缓存；禁止无差别清空全部缓存,记录操作人、角色、目标、前后状态/版本、原因、审批单、requestId、IP/设备和结果,遵循最小采集；仅记录业务标识和状态，不记录自由文本中的个人信息,GET 可展示明确标记的最近缓存；写操作离线时禁止提交，不进入隐式离线队列,AdminMembershipPostUserMembershipsGrantsResponse,READY_FOR_IMPLEMENTATION
ACT-ADM-MEMBER-002-01,ADMIN,ADM-MEMBER-002,用户会员,/commerce/membership/users,会员SKU,页面首次进入、下拉刷新、筛选/排序变化或滚动触底时触发；相同查询条件避免并发重复请求,GET /admin-api/v1/membership/skus,adminMembershipGetMembershipSkus,AdminMembershipGetMembershipSkusParameters,membership.read,不要求,首屏替换数据，翻页仅追加去重；更新分页、筛选回显、总数/游标和最后刷新时间；空结果进入业务空状态,首屏失败显示全页错误与重试；刷新失败保留旧数据并提示；翻页失败保留已加载数据并提供行内重试；401跳登录或会话升级，403显示无权限，404不适用,ui_action_adm_member_002_01,REQ-MEMBER-003,TST-MEMBER_003-HAPPY,FROZEN_DETAILED_V1.2.2,LIST_QUERY,页面主按钮/行操作/更多菜单/标准弹层，具体位置由模板和页面操作规格确定,页面具备读取权限；筛选项按数据范围和角色显示,网络可用；非正在刷新；翻页时 nextCursor/hasNext 为真,"校验 page,pageSize,cursor,status,keyword,sort",page;pageSize;cursor;status;keyword;sort,不需要,GET /admin-api/v1/membership/skus；请求模型 AdminMembershipGetMembershipSkusParameters；响应模型 AdminMembershipGetMembershipSkusResponse,同资源单写请求锁；状态机服务端复核,首屏使用骨架屏；刷新保留现有数据；翻页使用列表尾部加载器,GET 可人工重试；网络瞬断最多指数退避自动重试 2 次；筛选变化取消旧请求,留在当前页；点击行/卡片按页面导航规格进入详情,当前资源、来源列表、全局角标/余额/待办中与该领域相关的缓存；禁止无差别清空全部缓存,记录必要业务埋点；读取高敏字段时额外记录访问审计,遵循最小采集；仅记录业务标识和状态，不记录自由文本中的个人信息,GET 可展示明确标记的最近缓存；写操作离线时禁止提交，不进入隐式离线队列,AdminMembershipGetMembershipSkusResponse,READY_FOR_IMPLEMENTATION
ACT-ADM-MEMBER-002-02,ADMIN,ADM-MEMBER-002,用户会员,/commerce/membership/users,价格和期限,用户显式点击操作入口，且本地字段校验、权限、状态机前置条件全部满足,PATCH /admin-api/v1/membership/skus/{id},adminMembershipPatchMembershipSkusById,AdminMembershipPatchMembershipSkusByIdRequest,membership.write,X-Idempotency-Key必填,以响应数据更新页面和关联缓存；展示“价格和期限成功”；仅刷新受影响区域,400逐字段映射；401要求重新认证；403隐藏后续写入口并记录越权拒绝；409提示数据已变化并重新加载；422展示业务原因且保留输入；429显示可重试时间；500保留上下文并提供 requestId,ui_action_adm_member_002_02,REQ-MEMBER-003,TST-MEMBER_003-HAPPY;TST-MEMBER_003-IDEMPOTENT,FROZEN_DETAILED_V1.2.2,UPDATE,页面主按钮/行操作/更多菜单/标准弹层，具体位置由模板和页面操作规格确定,具备权限 membership.write，且资源状态允许“价格和期限”；按钮显示条件由页面状态表和状态机共同决定,不存在同资源写请求；必填字段有效；服务端 version 未被本地标记过期；需要审批时已选择审批单,"校验 id,X-Idempotency-Key,name,priceCent,durationDays,benefits,status,expectedVersion；expectedVersion 必须等于页面最后一次成功读取的服务端版本；同一业务意图生成稳定 X-Idempotency-Key；请求体变化必须换键",id;X-Idempotency-Key;name;priceCent;durationDays;benefits;status;expectedVersion,金额、权益或发布范围变化时二次确认；普通可撤销保存不需要,PATCH /admin-api/v1/membership/skus/{id}；请求模型 AdminMembershipPatchMembershipSkusByIdRequest；响应模型 AdminMembershipPatchMembershipSkusByIdResponse,expectedVersion 乐观锁 + X-Idempotency-Key + 服务端结果查询,提交期间锁定同资源写操作，保留输入并显示明确进度；禁止全页无反馈等待,使用同一幂等键仅重试同一请求体；若服务端已受理则先查询结果；409版本冲突不得盲重试,默认留在当前页并刷新；创建成功进入详情，支付/认证/发布结果按对应流程导航,当前资源、来源列表、全局角标/余额/待办中与该领域相关的缓存；禁止无差别清空全部缓存,记录操作人、角色、目标、前后状态/版本、原因、审批单、requestId、IP/设备和结果,遵循最小采集；仅记录业务标识和状态，不记录自由文本中的个人信息,GET 可展示明确标记的最近缓存；写操作离线时禁止提交，不进入隐式离线队列,AdminMembershipPatchMembershipSkusByIdResponse,READY_FOR_IMPLEMENTATION
ACT-ADM-MEMBER-002-03,ADMIN,ADM-MEMBER-002,用户会员,/commerce/membership/users,权益配置,用户显式点击操作入口，且本地字段校验、权限、状态机前置条件全部满足,PUT /admin-api/v1/membership/skus/{id}/benefits,adminMembershipPutMembershipSkusByIdBenefits,AdminMembershipPutMembershipSkusByIdBenefitsRequest,membership.write,X-Idempotency-Key必填,以响应数据更新页面和关联缓存；展示“权益配置成功”；仅刷新受影响区域,400逐字段映射；401要求重新认证；403隐藏后续写入口并记录越权拒绝；409提示数据已变化并重新加载；422展示业务原因且保留输入；429显示可重试时间；500保留上下文并提供 requestId,ui_action_adm_member_002_03,REQ-MEMBER-003,TST-MEMBER_003-HAPPY;TST-MEMBER_003-IDEMPOTENT,FROZEN_DETAILED_V1.2.2,UPDATE,页面主按钮/行操作/更多菜单/标准弹层，具体位置由模板和页面操作规格确定,具备权限 membership.write，且资源状态允许“权益配置”；按钮显示条件由页面状态表和状态机共同决定,不存在同资源写请求；必填字段有效；服务端 version 未被本地标记过期；需要审批时已选择审批单,"校验 id,X-Idempotency-Key,name,priceCent,durationDays,benefits,status,expectedVersion；expectedVersion 必须等于页面最后一次成功读取的服务端版本；同一业务意图生成稳定 X-Idempotency-Key；请求体变化必须换键",id;X-Idempotency-Key;name;priceCent;durationDays;benefits;status;expectedVersion,金额、权益或发布范围变化时二次确认；普通可撤销保存不需要,PUT /admin-api/v1/membership/skus/{id}/benefits；请求模型 AdminMembershipPutMembershipSkusByIdBenefitsRequest；响应模型 AdminMembershipPutMembershipSkusByIdBenefitsResponse,expectedVersion 乐观锁 + X-Idempotency-Key + 服务端结果查询,提交期间锁定同资源写操作，保留输入并显示明确进度；禁止全页无反馈等待,使用同一幂等键仅重试同一请求体；若服务端已受理则先查询结果；409版本冲突不得盲重试,默认留在当前页并刷新；创建成功进入详情，支付/认证/发布结果按对应流程导航,当前资源、来源列表、全局角标/余额/待办中与该领域相关的缓存；禁止无差别清空全部缓存,记录操作人、角色、目标、前后状态/版本、原因、审批单、requestId、IP/设备和结果,遵循最小采集；仅记录业务标识和状态，不记录自由文本中的个人信息,GET 可展示明确标记的最近缓存；写操作离线时禁止提交，不进入隐式离线队列,AdminMembershipPutMembershipSkusByIdBenefitsResponse,READY_FOR_IMPLEMENTATION
ACT-ADM-MEMBER-002-04,ADMIN,ADM-MEMBER-002,用户会员,/commerce/membership/users,用户会员,页面首次进入、下拉刷新、筛选/排序变化或滚动触底时触发；相同查询条件避免并发重复请求,GET /admin-api/v1/user-memberships,adminMembershipGetUserMemberships,AdminMembershipGetUserMembershipsParameters,membership.read,不要求,首屏替换数据，翻页仅追加去重；更新分页、筛选回显、总数/游标和最后刷新时间；空结果进入业务空状态,首屏失败显示全页错误与重试；刷新失败保留旧数据并提示；翻页失败保留已加载数据并提供行内重试；401跳登录或会话升级，403显示无权限，404不适用,ui_action_adm_member_002_04,REQ-MEMBER-003,TST-MEMBER_003-HAPPY,FROZEN_DETAILED_V1.2.2,LIST_QUERY,页面主按钮/行操作/更多菜单/标准弹层，具体位置由模板和页面操作规格确定,页面具备读取权限；筛选项按数据范围和角色显示,网络可用；非正在刷新；翻页时 nextCursor/hasNext 为真,"校验 page,pageSize,cursor,status,keyword,sort",page;pageSize;cursor;status;keyword;sort,不需要,GET /admin-api/v1/user-memberships；请求模型 AdminMembershipGetUserMembershipsParameters；响应模型 AdminMembershipGetUserMembershipsResponse,同资源单写请求锁；状态机服务端复核,首屏使用骨架屏；刷新保留现有数据；翻页使用列表尾部加载器,GET 可人工重试；网络瞬断最多指数退避自动重试 2 次；筛选变化取消旧请求,留在当前页；点击行/卡片按页面导航规格进入详情,当前资源、来源列表、全局角标/余额/待办中与该领域相关的缓存；禁止无差别清空全部缓存,记录必要业务埋点；读取高敏字段时额外记录访问审计,遵循最小采集；仅记录业务标识和状态，不记录自由文本中的个人信息,GET 可展示明确标记的最近缓存；写操作离线时禁止提交，不进入隐式离线队列,AdminMembershipGetUserMembershipsResponse,READY_FOR_IMPLEMENTATION
ACT-ADM-PROP-001-01,ADMIN,ADM-PROP-001,道具商品,/commerce/props/products,道具定义和SKU,页面首次进入、下拉刷新、筛选/排序变化或滚动触底时触发；相同查询条件避免并发重复请求,GET /admin-api/v1/props,adminPropsGetProps,AdminPropsGetPropsParameters,prop.read,不要求,首屏替换数据，翻页仅追加去重；更新分页、筛选回显、总数/游标和最后刷新时间；空结果进入业务空状态,首屏失败显示全页错误与重试；刷新失败保留旧数据并提示；翻页失败保留已加载数据并提供行内重试；401跳登录或会话升级，403显示无权限，404不适用,ui_action_adm_prop_001_01,REQ-PROP-002,TST-PROP_002-HAPPY,FROZEN_DETAILED_V1.2.2,LIST_QUERY,页面主按钮/行操作/更多菜单/标准弹层，具体位置由模板和页面操作规格确定,页面具备读取权限；筛选项按数据范围和角色显示,网络可用；非正在刷新；翻页时 nextCursor/hasNext 为真,"校验 page,pageSize,cursor,status,keyword,sort",page;pageSize;cursor;status;keyword;sort,不需要,GET /admin-api/v1/props；请求模型 AdminPropsGetPropsParameters；响应模型 AdminPropsGetPropsResponse,同资源单写请求锁；状态机服务端复核,首屏使用骨架屏；刷新保留现有数据；翻页使用列表尾部加载器,GET 可人工重试；网络瞬断最多指数退避自动重试 2 次；筛选变化取消旧请求,留在当前页；点击行/卡片按页面导航规格进入详情,当前资源、来源列表、全局角标/余额/待办中与该领域相关的缓存；禁止无差别清空全部缓存,记录必要业务埋点；读取高敏字段时额外记录访问审计,遵循最小采集；仅记录业务标识和状态，不记录自由文本中的个人信息,GET 可展示明确标记的最近缓存；写操作离线时禁止提交，不进入隐式离线队列,AdminPropsGetPropsResponse,READY_FOR_IMPLEMENTATION
ACT-ADM-PROP-001-02,ADMIN,ADM-PROP-001,道具商品,/commerce/props/products,修改道具,用户显式点击操作入口，且本地字段校验、权限、状态机前置条件全部满足,PATCH /admin-api/v1/props/{id},adminPropsPatchPropsById,AdminPropsPatchPropsByIdRequest,prop.write,X-Idempotency-Key必填,使用响应中的资源和 version 更新页面；清除已提交脏状态；展示“修改道具成功”；刷新受影响列表、详情、余额或配置版本,400逐字段映射；401要求重新认证；403隐藏后续写入口并记录越权拒绝；409提示数据已变化并重新加载；422展示业务原因且保留输入；429显示可重试时间；500保留上下文并提供 requestId,ui_action_adm_prop_001_02,REQ-PROP-002,TST-PROP_002-HAPPY;TST-PROP_002-IDEMPOTENT,FROZEN_DETAILED_V1.2.2,UPDATE,页面主按钮/行操作/更多菜单/标准弹层，具体位置由模板和页面操作规格确定,具备权限 prop.write，且资源状态允许“修改道具”；按钮显示条件由页面状态表和状态机共同决定,不存在同资源写请求；必填字段有效；服务端 version 未被本地标记过期；需要审批时已选择审批单,"校验 id,X-Idempotency-Key,reason,expectedVersion,payload；expectedVersion 必须等于页面最后一次成功读取的服务端版本；同一业务意图生成稳定 X-Idempotency-Key；请求体变化必须换键",id;X-Idempotency-Key;reason;expectedVersion;payload,必须二次确认；确认框展示目标、影响、不可逆性、原因、审批要求和将触发的通知,PATCH /admin-api/v1/props/{id}；请求模型 AdminPropsPatchPropsByIdRequest；响应模型 AdminPropsPatchPropsByIdResponse,expectedVersion 乐观锁 + X-Idempotency-Key + 服务端结果查询,提交期间锁定同资源写操作，保留输入并显示明确进度；禁止全页无反馈等待,使用同一幂等键仅重试同一请求体；若服务端已受理则先查询结果；409版本冲突不得盲重试,默认留在当前页并刷新；创建成功进入详情，支付/认证/发布结果按对应流程导航,当前资源、来源列表、全局角标/余额/待办中与该领域相关的缓存；禁止无差别清空全部缓存,记录操作人、角色、目标、前后状态/版本、原因、审批单、requestId、IP/设备和结果,遵循最小采集；仅记录业务标识和状态，不记录自由文本中的个人信息,GET 可展示明确标记的最近缓存；写操作离线时禁止提交，不进入隐式离线队列,AdminPropsPatchPropsByIdResponse,READY_FOR_IMPLEMENTATION
ACT-ADM-PROP-001-03,ADMIN,ADM-PROP-001,道具商品,/commerce/props/products,头条资源位,页面首次进入、下拉刷新、筛选/排序变化或滚动触底时触发；相同查询条件避免并发重复请求,GET /admin-api/v1/headline-slots,adminPropsGetHeadlineSlots,AdminPropsGetHeadlineSlotsParameters,prop.slot.read,不要求,首屏替换数据，翻页仅追加去重；更新分页、筛选回显、总数/游标和最后刷新时间；空结果进入业务空状态,首屏失败显示全页错误与重试；刷新失败保留旧数据并提示；翻页失败保留已加载数据并提供行内重试；401跳登录或会话升级，403显示无权限，404不适用,ui_action_adm_prop_001_03,REQ-PROP-002,TST-PROP_002-HAPPY,FROZEN_DETAILED_V1.2.2,LIST_QUERY,页面主按钮/行操作/更多菜单/标准弹层，具体位置由模板和页面操作规格确定,页面具备读取权限；筛选项按数据范围和角色显示,网络可用；非正在刷新；翻页时 nextCursor/hasNext 为真,"校验 page,pageSize,cursor,status,keyword,sort",page;pageSize;cursor;status;keyword;sort,不需要,GET /admin-api/v1/headline-slots；请求模型 AdminPropsGetHeadlineSlotsParameters；响应模型 AdminPropsGetHeadlineSlotsResponse,同资源单写请求锁；状态机服务端复核,首屏使用骨架屏；刷新保留现有数据；翻页使用列表尾部加载器,GET 可人工重试；网络瞬断最多指数退避自动重试 2 次；筛选变化取消旧请求,留在当前页；点击行/卡片按页面导航规格进入详情,当前资源、来源列表、全局角标/余额/待办中与该领域相关的缓存；禁止无差别清空全部缓存,记录必要业务埋点；读取高敏字段时额外记录访问审计,遵循最小采集；仅记录业务标识和状态，不记录自由文本中的个人信息,GET 可展示明确标记的最近缓存；写操作离线时禁止提交，不进入隐式离线队列,AdminPropsGetHeadlineSlotsResponse,READY_FOR_IMPLEMENTATION
ACT-ADM-PROP-001-04,ADMIN,ADM-PROP-001,道具商品,/commerce/props/products,创建资源位,用户显式点击操作入口，且本地字段校验、权限、状态机前置条件全部满足,POST /admin-api/v1/headline-slots,adminPropsPostHeadlineSlots,AdminPropsPostHeadlineSlotsRequest,prop.slot.write,X-Idempotency-Key必填,使用响应中的资源和 version 更新页面；清除已提交脏状态；展示“创建资源位成功”；刷新受影响列表、详情、余额或配置版本,400逐字段映射；401要求重新认证；403隐藏后续写入口并记录越权拒绝；409提示数据已变化并重新加载；422展示业务原因且保留输入；429显示可重试时间；500保留上下文并提供 requestId,ui_action_adm_prop_001_04,REQ-PROP-002,TST-PROP_002-HAPPY;TST-PROP_002-IDEMPOTENT,FROZEN_DETAILED_V1.2.2,CREATE_OR_SUBMIT,页面主按钮/行操作/更多菜单/标准弹层，具体位置由模板和页面操作规格确定,具备权限 prop.slot.write，且资源状态允许“创建资源位”；按钮显示条件由页面状态表和状态机共同决定,不存在同资源写请求；必填字段有效；服务端 version 未被本地标记过期；需要审批时已选择审批单,"校验 X-Idempotency-Key,reason,expectedVersion,payload；expectedVersion 必须等于页面最后一次成功读取的服务端版本；同一业务意图生成稳定 X-Idempotency-Key；请求体变化必须换键",X-Idempotency-Key;reason;expectedVersion;payload,必须二次确认；确认框展示目标、影响、不可逆性、原因、审批要求和将触发的通知,POST /admin-api/v1/headline-slots；请求模型 AdminPropsPostHeadlineSlotsRequest；响应模型 AdminPropsPostHeadlineSlotsResponse,expectedVersion 乐观锁 + X-Idempotency-Key + 服务端结果查询,提交期间锁定同资源写操作，保留输入并显示明确进度；禁止全页无反馈等待,使用同一幂等键仅重试同一请求体；若服务端已受理则先查询结果；409版本冲突不得盲重试,默认留在当前页并刷新；创建成功进入详情，支付/认证/发布结果按对应流程导航,当前资源、来源列表、全局角标/余额/待办中与该领域相关的缓存；禁止无差别清空全部缓存,记录操作人、角色、目标、前后状态/版本、原因、审批单、requestId、IP/设备和结果,遵循最小采集；仅记录业务标识和状态，不记录自由文本中的个人信息,GET 可展示明确标记的最近缓存；写操作离线时禁止提交，不进入隐式离线队列,AdminPropsPostHeadlineSlotsResponse,READY_FOR_IMPLEMENTATION
ACT-ADM-PROP-001-05,ADMIN,ADM-PROP-001,道具商品,/commerce/props/products,执行日志,页面首次进入、下拉刷新、筛选/排序变化或滚动触底时触发；相同查询条件避免并发重复请求,GET /admin-api/v1/prop-executions,adminPropsGetPropExecutions,AdminPropsGetPropExecutionsParameters,prop.read,不要求,首屏替换数据，翻页仅追加去重；更新分页、筛选回显、总数/游标和最后刷新时间；空结果进入业务空状态,首屏失败显示全页错误与重试；刷新失败保留旧数据并提示；翻页失败保留已加载数据并提供行内重试；401跳登录或会话升级，403显示无权限，404不适用,ui_action_adm_prop_001_05,REQ-PROP-002,TST-PROP_002-HAPPY,FROZEN_DETAILED_V1.2.2,LIST_QUERY,页面主按钮/行操作/更多菜单/标准弹层，具体位置由模板和页面操作规格确定,页面具备读取权限；筛选项按数据范围和角色显示,网络可用；非正在刷新；翻页时 nextCursor/hasNext 为真,"校验 page,pageSize,cursor,status,keyword,sort",page;pageSize;cursor;status;keyword;sort,不需要,GET /admin-api/v1/prop-executions；请求模型 AdminPropsGetPropExecutionsParameters；响应模型 AdminPropsGetPropExecutionsResponse,同资源单写请求锁；状态机服务端复核,首屏使用骨架屏；刷新保留现有数据；翻页使用列表尾部加载器,GET 可人工重试；网络瞬断最多指数退避自动重试 2 次；筛选变化取消旧请求,留在当前页；点击行/卡片按页面导航规格进入详情,当前资源、来源列表、全局角标/余额/待办中与该领域相关的缓存；禁止无差别清空全部缓存,记录必要业务埋点；读取高敏字段时额外记录访问审计,遵循最小采集；仅记录业务标识和状态，不记录自由文本中的个人信息,GET 可展示明确标记的最近缓存；写操作离线时禁止提交，不进入隐式离线队列,AdminPropsGetPropExecutionsResponse,READY_FOR_IMPLEMENTATION
ACT-ADM-PROP-002-01,ADMIN,ADM-PROP-002,资源位与排期,/commerce/props/slots,道具定义和SKU,页面首次进入、下拉刷新、筛选/排序变化或滚动触底时触发；相同查询条件避免并发重复请求,GET /admin-api/v1/props,adminPropsGetProps,AdminPropsGetPropsParameters,prop.read,不要求,首屏替换数据，翻页仅追加去重；更新分页、筛选回显、总数/游标和最后刷新时间；空结果进入业务空状态,首屏失败显示全页错误与重试；刷新失败保留旧数据并提示；翻页失败保留已加载数据并提供行内重试；401跳登录或会话升级，403显示无权限，404不适用,ui_action_adm_prop_002_01,REQ-PROP-002,TST-PROP_002-HAPPY,FROZEN_DETAILED_V1.2.2,LIST_QUERY,页面主按钮/行操作/更多菜单/标准弹层，具体位置由模板和页面操作规格确定,页面具备读取权限；筛选项按数据范围和角色显示,网络可用；非正在刷新；翻页时 nextCursor/hasNext 为真,"校验 page,pageSize,cursor,status,keyword,sort",page;pageSize;cursor;status;keyword;sort,不需要,GET /admin-api/v1/props；请求模型 AdminPropsGetPropsParameters；响应模型 AdminPropsGetPropsResponse,同资源单写请求锁；状态机服务端复核,首屏使用骨架屏；刷新保留现有数据；翻页使用列表尾部加载器,GET 可人工重试；网络瞬断最多指数退避自动重试 2 次；筛选变化取消旧请求,留在当前页；点击行/卡片按页面导航规格进入详情,当前资源、来源列表、全局角标/余额/待办中与该领域相关的缓存；禁止无差别清空全部缓存,记录必要业务埋点；读取高敏字段时额外记录访问审计,遵循最小采集；仅记录业务标识和状态，不记录自由文本中的个人信息,GET 可展示明确标记的最近缓存；写操作离线时禁止提交，不进入隐式离线队列,AdminPropsGetPropsResponse,READY_FOR_IMPLEMENTATION
ACT-ADM-PROP-002-02,ADMIN,ADM-PROP-002,资源位与排期,/commerce/props/slots,修改道具,用户显式点击操作入口，且本地字段校验、权限、状态机前置条件全部满足,PATCH /admin-api/v1/props/{id},adminPropsPatchPropsById,AdminPropsPatchPropsByIdRequest,prop.write,X-Idempotency-Key必填,使用响应中的资源和 version 更新页面；清除已提交脏状态；展示“修改道具成功”；刷新受影响列表、详情、余额或配置版本,400逐字段映射；401要求重新认证；403隐藏后续写入口并记录越权拒绝；409提示数据已变化并重新加载；422展示业务原因且保留输入；429显示可重试时间；500保留上下文并提供 requestId,ui_action_adm_prop_002_02,REQ-PROP-002,TST-PROP_002-HAPPY;TST-PROP_002-IDEMPOTENT,FROZEN_DETAILED_V1.2.2,UPDATE,页面主按钮/行操作/更多菜单/标准弹层，具体位置由模板和页面操作规格确定,具备权限 prop.write，且资源状态允许“修改道具”；按钮显示条件由页面状态表和状态机共同决定,不存在同资源写请求；必填字段有效；服务端 version 未被本地标记过期；需要审批时已选择审批单,"校验 id,X-Idempotency-Key,reason,expectedVersion,payload；expectedVersion 必须等于页面最后一次成功读取的服务端版本；同一业务意图生成稳定 X-Idempotency-Key；请求体变化必须换键",id;X-Idempotency-Key;reason;expectedVersion;payload,必须二次确认；确认框展示目标、影响、不可逆性、原因、审批要求和将触发的通知,PATCH /admin-api/v1/props/{id}；请求模型 AdminPropsPatchPropsByIdRequest；响应模型 AdminPropsPatchPropsByIdResponse,expectedVersion 乐观锁 + X-Idempotency-Key + 服务端结果查询,提交期间锁定同资源写操作，保留输入并显示明确进度；禁止全页无反馈等待,使用同一幂等键仅重试同一请求体；若服务端已受理则先查询结果；409版本冲突不得盲重试,默认留在当前页并刷新；创建成功进入详情，支付/认证/发布结果按对应流程导航,当前资源、来源列表、全局角标/余额/待办中与该领域相关的缓存；禁止无差别清空全部缓存,记录操作人、角色、目标、前后状态/版本、原因、审批单、requestId、IP/设备和结果,遵循最小采集；仅记录业务标识和状态，不记录自由文本中的个人信息,GET 可展示明确标记的最近缓存；写操作离线时禁止提交，不进入隐式离线队列,AdminPropsPatchPropsByIdResponse,READY_FOR_IMPLEMENTATION
ACT-ADM-PROP-002-03,ADMIN,ADM-PROP-002,资源位与排期,/commerce/props/slots,头条资源位,页面首次进入、下拉刷新、筛选/排序变化或滚动触底时触发；相同查询条件避免并发重复请求,GET /admin-api/v1/headline-slots,adminPropsGetHeadlineSlots,AdminPropsGetHeadlineSlotsParameters,prop.slot.read,不要求,首屏替换数据，翻页仅追加去重；更新分页、筛选回显、总数/游标和最后刷新时间；空结果进入业务空状态,首屏失败显示全页错误与重试；刷新失败保留旧数据并提示；翻页失败保留已加载数据并提供行内重试；401跳登录或会话升级，403显示无权限，404不适用,ui_action_adm_prop_002_03,REQ-PROP-002,TST-PROP_002-HAPPY,FROZEN_DETAILED_V1.2.2,LIST_QUERY,页面主按钮/行操作/更多菜单/标准弹层，具体位置由模板和页面操作规格确定,页面具备读取权限；筛选项按数据范围和角色显示,网络可用；非正在刷新；翻页时 nextCursor/hasNext 为真,"校验 page,pageSize,cursor,status,keyword,sort",page;pageSize;cursor;status;keyword;sort,不需要,GET /admin-api/v1/headline-slots；请求模型 AdminPropsGetHeadlineSlotsParameters；响应模型 AdminPropsGetHeadlineSlotsResponse,同资源单写请求锁；状态机服务端复核,首屏使用骨架屏；刷新保留现有数据；翻页使用列表尾部加载器,GET 可人工重试；网络瞬断最多指数退避自动重试 2 次；筛选变化取消旧请求,留在当前页；点击行/卡片按页面导航规格进入详情,当前资源、来源列表、全局角标/余额/待办中与该领域相关的缓存；禁止无差别清空全部缓存,记录必要业务埋点；读取高敏字段时额外记录访问审计,遵循最小采集；仅记录业务标识和状态，不记录自由文本中的个人信息,GET 可展示明确标记的最近缓存；写操作离线时禁止提交，不进入隐式离线队列,AdminPropsGetHeadlineSlotsResponse,READY_FOR_IMPLEMENTATION
ACT-ADM-PROP-002-04,ADMIN,ADM-PROP-002,资源位与排期,/commerce/props/slots,执行日志,页面首次进入、下拉刷新、筛选/排序变化或滚动触底时触发；相同查询条件避免并发重复请求,GET /admin-api/v1/prop-executions,adminPropsGetPropExecutions,AdminPropsGetPropExecutionsParameters,prop.read,不要求,首屏替换数据，翻页仅追加去重；更新分页、筛选回显、总数/游标和最后刷新时间；空结果进入业务空状态,首屏失败显示全页错误与重试；刷新失败保留旧数据并提示；翻页失败保留已加载数据并提供行内重试；401跳登录或会话升级，403显示无权限，404不适用,ui_action_adm_prop_002_04,REQ-PROP-002,TST-PROP_002-HAPPY,FROZEN_DETAILED_V1.2.2,LIST_QUERY,页面主按钮/行操作/更多菜单/标准弹层，具体位置由模板和页面操作规格确定,页面具备读取权限；筛选项按数据范围和角色显示,网络可用；非正在刷新；翻页时 nextCursor/hasNext 为真,"校验 page,pageSize,cursor,status,keyword,sort",page;pageSize;cursor;status;keyword;sort,不需要,GET /admin-api/v1/prop-executions；请求模型 AdminPropsGetPropExecutionsParameters；响应模型 AdminPropsGetPropExecutionsResponse,同资源单写请求锁；状态机服务端复核,首屏使用骨架屏；刷新保留现有数据；翻页使用列表尾部加载器,GET 可人工重试；网络瞬断最多指数退避自动重试 2 次；筛选变化取消旧请求,留在当前页；点击行/卡片按页面导航规格进入详情,当前资源、来源列表、全局角标/余额/待办中与该领域相关的缓存；禁止无差别清空全部缓存,记录必要业务埋点；读取高敏字段时额外记录访问审计,遵循最小采集；仅记录业务标识和状态，不记录自由文本中的个人信息,GET 可展示明确标记的最近缓存；写操作离线时禁止提交，不进入隐式离线队列,AdminPropsGetPropExecutionsResponse,READY_FOR_IMPLEMENTATION
ACT-ADM-PROP-003-01,ADMIN,ADM-PROP-003,执行日志,/commerce/props/executions,道具定义和SKU,页面首次进入、下拉刷新、筛选/排序变化或滚动触底时触发；相同查询条件避免并发重复请求,GET /admin-api/v1/props,adminPropsGetProps,AdminPropsGetPropsParameters,prop.read,不要求,首屏替换数据，翻页仅追加去重；更新分页、筛选回显、总数/游标和最后刷新时间；空结果进入业务空状态,首屏失败显示全页错误与重试；刷新失败保留旧数据并提示；翻页失败保留已加载数据并提供行内重试；401跳登录或会话升级，403显示无权限，404不适用,ui_action_adm_prop_003_01,REQ-PROP-002,TST-PROP_002-HAPPY,FROZEN_DETAILED_V1.2.2,LIST_QUERY,页面主按钮/行操作/更多菜单/标准弹层，具体位置由模板和页面操作规格确定,页面具备读取权限；筛选项按数据范围和角色显示,网络可用；非正在刷新；翻页时 nextCursor/hasNext 为真,"校验 page,pageSize,cursor,status,keyword,sort",page;pageSize;cursor;status;keyword;sort,不需要,GET /admin-api/v1/props；请求模型 AdminPropsGetPropsParameters；响应模型 AdminPropsGetPropsResponse,同资源单写请求锁；状态机服务端复核,首屏使用骨架屏；刷新保留现有数据；翻页使用列表尾部加载器,GET 可人工重试；网络瞬断最多指数退避自动重试 2 次；筛选变化取消旧请求,留在当前页；点击行/卡片按页面导航规格进入详情,当前资源、来源列表、全局角标/余额/待办中与该领域相关的缓存；禁止无差别清空全部缓存,记录必要业务埋点；读取高敏字段时额外记录访问审计,遵循最小采集；仅记录业务标识和状态，不记录自由文本中的个人信息,GET 可展示明确标记的最近缓存；写操作离线时禁止提交，不进入隐式离线队列,AdminPropsGetPropsResponse,READY_FOR_IMPLEMENTATION
ACT-ADM-PROP-003-02,ADMIN,ADM-PROP-003,执行日志,/commerce/props/executions,修改道具,用户显式点击操作入口，且本地字段校验、权限、状态机前置条件全部满足,PATCH /admin-api/v1/props/{id},adminPropsPatchPropsById,AdminPropsPatchPropsByIdRequest,prop.write,X-Idempotency-Key必填,使用响应中的资源和 version 更新页面；清除已提交脏状态；展示“修改道具成功”；刷新受影响列表、详情、余额或配置版本,400逐字段映射；401要求重新认证；403隐藏后续写入口并记录越权拒绝；409提示数据已变化并重新加载；422展示业务原因且保留输入；429显示可重试时间；500保留上下文并提供 requestId,ui_action_adm_prop_003_02,REQ-PROP-002,TST-PROP_002-HAPPY;TST-PROP_002-IDEMPOTENT,FROZEN_DETAILED_V1.2.2,UPDATE,页面主按钮/行操作/更多菜单/标准弹层，具体位置由模板和页面操作规格确定,具备权限 prop.write，且资源状态允许“修改道具”；按钮显示条件由页面状态表和状态机共同决定,不存在同资源写请求；必填字段有效；服务端 version 未被本地标记过期；需要审批时已选择审批单,"校验 id,X-Idempotency-Key,reason,expectedVersion,payload；expectedVersion 必须等于页面最后一次成功读取的服务端版本；同一业务意图生成稳定 X-Idempotency-Key；请求体变化必须换键",id;X-Idempotency-Key;reason;expectedVersion;payload,必须二次确认；确认框展示目标、影响、不可逆性、原因、审批要求和将触发的通知,PATCH /admin-api/v1/props/{id}；请求模型 AdminPropsPatchPropsByIdRequest；响应模型 AdminPropsPatchPropsByIdResponse,expectedVersion 乐观锁 + X-Idempotency-Key + 服务端结果查询,提交期间锁定同资源写操作，保留输入并显示明确进度；禁止全页无反馈等待,使用同一幂等键仅重试同一请求体；若服务端已受理则先查询结果；409版本冲突不得盲重试,默认留在当前页并刷新；创建成功进入详情，支付/认证/发布结果按对应流程导航,当前资源、来源列表、全局角标/余额/待办中与该领域相关的缓存；禁止无差别清空全部缓存,记录操作人、角色、目标、前后状态/版本、原因、审批单、requestId、IP/设备和结果,遵循最小采集；仅记录业务标识和状态，不记录自由文本中的个人信息,GET 可展示明确标记的最近缓存；写操作离线时禁止提交，不进入隐式离线队列,AdminPropsPatchPropsByIdResponse,READY_FOR_IMPLEMENTATION
ACT-ADM-PROP-003-03,ADMIN,ADM-PROP-003,执行日志,/commerce/props/executions,头条资源位,页面首次进入、下拉刷新、筛选/排序变化或滚动触底时触发；相同查询条件避免并发重复请求,GET /admin-api/v1/headline-slots,adminPropsGetHeadlineSlots,AdminPropsGetHeadlineSlotsParameters,prop.slot.read,不要求,首屏替换数据，翻页仅追加去重；更新分页、筛选回显、总数/游标和最后刷新时间；空结果进入业务空状态,首屏失败显示全页错误与重试；刷新失败保留旧数据并提示；翻页失败保留已加载数据并提供行内重试；401跳登录或会话升级，403显示无权限，404不适用,ui_action_adm_prop_003_03,REQ-PROP-002,TST-PROP_002-HAPPY,FROZEN_DETAILED_V1.2.2,LIST_QUERY,页面主按钮/行操作/更多菜单/标准弹层，具体位置由模板和页面操作规格确定,页面具备读取权限；筛选项按数据范围和角色显示,网络可用；非正在刷新；翻页时 nextCursor/hasNext 为真,"校验 page,pageSize,cursor,status,keyword,sort",page;pageSize;cursor;status;keyword;sort,不需要,GET /admin-api/v1/headline-slots；请求模型 AdminPropsGetHeadlineSlotsParameters；响应模型 AdminPropsGetHeadlineSlotsResponse,同资源单写请求锁；状态机服务端复核,首屏使用骨架屏；刷新保留现有数据；翻页使用列表尾部加载器,GET 可人工重试；网络瞬断最多指数退避自动重试 2 次；筛选变化取消旧请求,留在当前页；点击行/卡片按页面导航规格进入详情,当前资源、来源列表、全局角标/余额/待办中与该领域相关的缓存；禁止无差别清空全部缓存,记录必要业务埋点；读取高敏字段时额外记录访问审计,遵循最小采集；仅记录业务标识和状态，不记录自由文本中的个人信息,GET 可展示明确标记的最近缓存；写操作离线时禁止提交，不进入隐式离线队列,AdminPropsGetHeadlineSlotsResponse,READY_FOR_IMPLEMENTATION
ACT-ADM-PROP-003-04,ADMIN,ADM-PROP-003,执行日志,/commerce/props/executions,创建资源位,用户显式点击操作入口，且本地字段校验、权限、状态机前置条件全部满足,POST /admin-api/v1/headline-slots,adminPropsPostHeadlineSlots,AdminPropsPostHeadlineSlotsRequest,prop.slot.write,X-Idempotency-Key必填,使用响应中的资源和 version 更新页面；清除已提交脏状态；展示“创建资源位成功”；刷新受影响列表、详情、余额或配置版本,400逐字段映射；401要求重新认证；403隐藏后续写入口并记录越权拒绝；409提示数据已变化并重新加载；422展示业务原因且保留输入；429显示可重试时间；500保留上下文并提供 requestId,ui_action_adm_prop_003_04,REQ-PROP-002,TST-PROP_002-HAPPY;TST-PROP_002-IDEMPOTENT,FROZEN_DETAILED_V1.2.2,CREATE_OR_SUBMIT,页面主按钮/行操作/更多菜单/标准弹层，具体位置由模板和页面操作规格确定,具备权限 prop.slot.write，且资源状态允许“创建资源位”；按钮显示条件由页面状态表和状态机共同决定,不存在同资源写请求；必填字段有效；服务端 version 未被本地标记过期；需要审批时已选择审批单,"校验 X-Idempotency-Key,reason,expectedVersion,payload；expectedVersion 必须等于页面最后一次成功读取的服务端版本；同一业务意图生成稳定 X-Idempotency-Key；请求体变化必须换键",X-Idempotency-Key;reason;expectedVersion;payload,必须二次确认；确认框展示目标、影响、不可逆性、原因、审批要求和将触发的通知,POST /admin-api/v1/headline-slots；请求模型 AdminPropsPostHeadlineSlotsRequest；响应模型 AdminPropsPostHeadlineSlotsResponse,expectedVersion 乐观锁 + X-Idempotency-Key + 服务端结果查询,提交期间锁定同资源写操作，保留输入并显示明确进度；禁止全页无反馈等待,使用同一幂等键仅重试同一请求体；若服务端已受理则先查询结果；409版本冲突不得盲重试,默认留在当前页并刷新；创建成功进入详情，支付/认证/发布结果按对应流程导航,当前资源、来源列表、全局角标/余额/待办中与该领域相关的缓存；禁止无差别清空全部缓存,记录操作人、角色、目标、前后状态/版本、原因、审批单、requestId、IP/设备和结果,遵循最小采集；仅记录业务标识和状态，不记录自由文本中的个人信息,GET 可展示明确标记的最近缓存；写操作离线时禁止提交，不进入隐式离线队列,AdminPropsPostHeadlineSlotsResponse,READY_FOR_IMPLEMENTATION
ACT-ADM-PROP-003-05,ADMIN,ADM-PROP-003,执行日志,/commerce/props/executions,执行日志,页面首次进入、下拉刷新、筛选/排序变化或滚动触底时触发；相同查询条件避免并发重复请求,GET /admin-api/v1/prop-executions,adminPropsGetPropExecutions,AdminPropsGetPropExecutionsParameters,prop.read,不要求,首屏替换数据，翻页仅追加去重；更新分页、筛选回显、总数/游标和最后刷新时间；空结果进入业务空状态,首屏失败显示全页错误与重试；刷新失败保留旧数据并提示；翻页失败保留已加载数据并提供行内重试；401跳登录或会话升级，403显示无权限，404不适用,ui_action_adm_prop_003_05,REQ-PROP-002,TST-PROP_002-HAPPY,FROZEN_DETAILED_V1.2.2,LIST_QUERY,页面主按钮/行操作/更多菜单/标准弹层，具体位置由模板和页面操作规格确定,页面具备读取权限；筛选项按数据范围和角色显示,网络可用；非正在刷新；翻页时 nextCursor/hasNext 为真,"校验 page,pageSize,cursor,status,keyword,sort",page;pageSize;cursor;status;keyword;sort,不需要,GET /admin-api/v1/prop-executions；请求模型 AdminPropsGetPropExecutionsParameters；响应模型 AdminPropsGetPropExecutionsResponse,同资源单写请求锁；状态机服务端复核,首屏使用骨架屏；刷新保留现有数据；翻页使用列表尾部加载器,GET 可人工重试；网络瞬断最多指数退避自动重试 2 次；筛选变化取消旧请求,留在当前页；点击行/卡片按页面导航规格进入详情,当前资源、来源列表、全局角标/余额/待办中与该领域相关的缓存；禁止无差别清空全部缓存,记录必要业务埋点；读取高敏字段时额外记录访问审计,遵循最小采集；仅记录业务标识和状态，不记录自由文本中的个人信息,GET 可展示明确标记的最近缓存；写操作离线时禁止提交，不进入隐式离线队列,AdminPropsGetPropExecutionsResponse,READY_FOR_IMPLEMENTATION
ACT-ADM-REF-001-01,ADMIN,ADM-REF-001,邀请关系,/growth/referrals,邀请关系列表,页面首次进入、下拉刷新、筛选/排序变化或滚动触底时触发；相同查询条件避免并发重复请求,GET /admin-api/v1/referral-relations,adminReferralGetReferralRelations,AdminReferralGetReferralRelationsParameters,referral.read,不要求,首屏替换数据，翻页仅追加去重；更新分页、筛选回显、总数/游标和最后刷新时间；空结果进入业务空状态,首屏失败显示全页错误与重试；刷新失败保留旧数据并提示；翻页失败保留已加载数据并提供行内重试；401跳登录或会话升级，403显示无权限，404不适用,ui_action_adm_ref_001_01,REQ-REF-001;REQ-REF-ACT-002,TST-REF_001-HAPPY;TST-REF_ACT_002-HAPPY,FROZEN_DETAILED_V1.2.2,LIST_QUERY,页面主按钮/行操作/更多菜单/标准弹层，具体位置由模板和页面操作规格确定,页面具备读取权限；筛选项按数据范围和角色显示,网络可用；非正在刷新；翻页时 nextCursor/hasNext 为真,"校验 page,pageSize,cursor,status,keyword,sort",page;pageSize;cursor;status;keyword;sort,不需要,GET /admin-api/v1/referral-relations；请求模型 AdminReferralGetReferralRelationsParameters；响应模型 AdminReferralGetReferralRelationsResponse,同资源单写请求锁；状态机服务端复核,首屏使用骨架屏；刷新保留现有数据；翻页使用列表尾部加载器,GET 可人工重试；网络瞬断最多指数退避自动重试 2 次；筛选变化取消旧请求,留在当前页；点击行/卡片按页面导航规格进入详情,当前资源、来源列表、全局角标/余额/待办中与该领域相关的缓存；禁止无差别清空全部缓存,记录必要业务埋点；读取高敏字段时额外记录访问审计,遵循最小采集；仅记录业务标识和状态，不记录自由文本中的个人信息,GET 可展示明确标记的最近缓存；写操作离线时禁止提交，不进入隐式离线队列,AdminReferralGetReferralRelationsResponse,READY_FOR_IMPLEMENTATION
ACT-ADM-REF-001-02,ADMIN,ADM-REF-001,邀请关系,/growth/referrals,纠纷调整关系,用户显式点击操作入口，且本地字段校验、权限、状态机前置条件全部满足,POST /admin-api/v1/referral-relations/{inviteeId}/adjust,adminReferralPostReferralRelationsByInviteeidAdjust,AdminReferralPostReferralRelationsByInviteeidAdjustRequest,referral.adjust,X-Idempotency-Key必填,以响应数据更新页面和关联缓存；展示“纠纷调整关系成功”；仅刷新受影响区域,400逐字段映射；401要求重新认证；403隐藏后续写入口并记录越权拒绝；409提示数据已变化并重新加载；422展示业务原因且保留输入；429显示可重试时间；500保留上下文并提供 requestId,ui_action_adm_ref_001_02,REQ-REF-001;REQ-REF-ACT-002,TST-REF_001-HAPPY;TST-REF_ACT_002-HAPPY;TST-REF_001-IDEMPOTENT;TST-REF_ACT_002-IDEMPOTENT,FROZEN_DETAILED_V1.2.2,CONTROLLED_COMMAND,页面主按钮/行操作/更多菜单/标准弹层，具体位置由模板和页面操作规格确定,具备权限 referral.adjust，且资源状态允许“纠纷调整关系”；按钮显示条件由页面状态表和状态机共同决定,不存在同资源写请求；必填字段有效；服务端 version 未被本地标记过期；需要审批时已选择审批单,"校验 inviteeId,X-Idempotency-Key,newInviterId,reason,expectedVersion；expectedVersion 必须等于页面最后一次成功读取的服务端版本；同一业务意图生成稳定 X-Idempotency-Key；请求体变化必须换键",inviteeId;X-Idempotency-Key;newInviterId;reason;expectedVersion,必须二次确认；确认框展示目标、影响、不可逆性、原因、审批要求和将触发的通知,POST /admin-api/v1/referral-relations/{inviteeId}/adjust；请求模型 AdminReferralPostReferralRelationsByInviteeidAdjustRequest；响应模型 AdminReferralPostReferralRelationsByInviteeidAdjustResponse,expectedVersion 乐观锁 + X-Idempotency-Key + 服务端结果查询,提交期间锁定同资源写操作，保留输入并显示明确进度；禁止全页无反馈等待,使用同一幂等键仅重试同一请求体；若服务端已受理则先查询结果；409版本冲突不得盲重试,默认留在当前页并刷新；创建成功进入详情，支付/认证/发布结果按对应流程导航,当前资源、来源列表、全局角标/余额/待办中与该领域相关的缓存；禁止无差别清空全部缓存,记录操作人、角色、目标、前后状态/版本、原因、审批单、requestId、IP/设备和结果,遵循最小采集；仅记录业务标识和状态，不记录自由文本中的个人信息,GET 可展示明确标记的最近缓存；写操作离线时禁止提交，不进入隐式离线队列,AdminReferralPostReferralRelationsByInviteeidAdjustResponse,READY_FOR_IMPLEMENTATION
ACT-ADM-REF-001-03,ADMIN,ADM-REF-001,邀请关系,/growth/referrals,佣金策略,页面首次进入、下拉刷新、筛选/排序变化或滚动触底时触发；相同查询条件避免并发重复请求,GET /admin-api/v1/commission-policies,adminReferralGetCommissionPolicies,AdminReferralGetCommissionPoliciesParameters,commission.read,不要求,首屏替换数据，翻页仅追加去重；更新分页、筛选回显、总数/游标和最后刷新时间；空结果进入业务空状态,首屏失败显示全页错误与重试；刷新失败保留旧数据并提示；翻页失败保留已加载数据并提供行内重试；401跳登录或会话升级，403显示无权限，404不适用,ui_action_adm_ref_001_03,REQ-REF-001;REQ-REF-ACT-002,TST-REF_001-HAPPY;TST-REF_ACT_002-HAPPY,FROZEN_DETAILED_V1.2.2,LIST_QUERY,页面主按钮/行操作/更多菜单/标准弹层，具体位置由模板和页面操作规格确定,页面具备读取权限；筛选项按数据范围和角色显示,网络可用；非正在刷新；翻页时 nextCursor/hasNext 为真,"校验 page,pageSize,cursor,status,keyword,sort",page;pageSize;cursor;status;keyword;sort,不需要,GET /admin-api/v1/commission-policies；请求模型 AdminReferralGetCommissionPoliciesParameters；响应模型 AdminReferralGetCommissionPoliciesResponse,同资源单写请求锁；状态机服务端复核,首屏使用骨架屏；刷新保留现有数据；翻页使用列表尾部加载器,GET 可人工重试；网络瞬断最多指数退避自动重试 2 次；筛选变化取消旧请求,留在当前页；点击行/卡片按页面导航规格进入详情,当前资源、来源列表、全局角标/余额/待办中与该领域相关的缓存；禁止无差别清空全部缓存,记录必要业务埋点；读取高敏字段时额外记录访问审计,遵循最小采集；仅记录业务标识和状态，不记录自由文本中的个人信息,GET 可展示明确标记的最近缓存；写操作离线时禁止提交，不进入隐式离线队列,AdminReferralGetCommissionPoliciesResponse,READY_FOR_IMPLEMENTATION
ACT-ADM-REF-001-04,ADMIN,ADM-REF-001,邀请关系,/growth/referrals,创建策略版本,用户显式点击操作入口，且本地字段校验、权限、状态机前置条件全部满足,POST /admin-api/v1/commission-policies,adminReferralPostCommissionPolicies,AdminReferralPostCommissionPoliciesRequest,commission.write,X-Idempotency-Key必填,使用响应中的资源和 version 更新页面；清除已提交脏状态；展示“创建策略版本成功”；刷新受影响列表、详情、余额或配置版本,400逐字段映射；401要求重新认证；403隐藏后续写入口并记录越权拒绝；409提示数据已变化并重新加载；422展示业务原因且保留输入；429显示可重试时间；500保留上下文并提供 requestId,ui_action_adm_ref_001_04,REQ-REF-001;REQ-REF-ACT-002,TST-REF_001-HAPPY;TST-REF_ACT_002-HAPPY;TST-REF_001-IDEMPOTENT;TST-REF_ACT_002-IDEMPOTENT,FROZEN_DETAILED_V1.2.2,CREATE_OR_SUBMIT,页面主按钮/行操作/更多菜单/标准弹层，具体位置由模板和页面操作规格确定,具备权限 commission.write，且资源状态允许“创建策略版本”；按钮显示条件由页面状态表和状态机共同决定,不存在同资源写请求；必填字段有效；服务端 version 未被本地标记过期；需要审批时已选择审批单,"校验 X-Idempotency-Key,name,effectiveAt,criteria,rule,remark；同一业务意图生成稳定 X-Idempotency-Key；请求体变化必须换键",X-Idempotency-Key;name;effectiveAt;criteria;rule;remark,金额、权益或发布范围变化时二次确认；普通可撤销保存不需要,POST /admin-api/v1/commission-policies；请求模型 AdminReferralPostCommissionPoliciesRequest；响应模型 AdminReferralPostCommissionPoliciesResponse,X-Idempotency-Key + 服务端结果查询,提交期间锁定同资源写操作，保留输入并显示明确进度；禁止全页无反馈等待,使用同一幂等键仅重试同一请求体；若服务端已受理则先查询结果；409版本冲突不得盲重试,默认留在当前页并刷新；创建成功进入详情，支付/认证/发布结果按对应流程导航,当前资源、来源列表、全局角标/余额/待办中与该领域相关的缓存；禁止无差别清空全部缓存,记录操作人、角色、目标、前后状态/版本、原因、审批单、requestId、IP/设备和结果,遵循最小采集；仅记录业务标识和状态，不记录自由文本中的个人信息,GET 可展示明确标记的最近缓存；写操作离线时禁止提交，不进入隐式离线队列,AdminReferralPostCommissionPoliciesResponse,READY_FOR_IMPLEMENTATION
ACT-ADM-REF-001-05,ADMIN,ADM-REF-001,邀请关系,/growth/referrals,佣金记录,页面首次进入、下拉刷新、筛选/排序变化或滚动触底时触发；相同查询条件避免并发重复请求,GET /admin-api/v1/commissions,adminReferralGetCommissions,AdminReferralGetCommissionsParameters,commission.read,不要求,首屏替换数据，翻页仅追加去重；更新分页、筛选回显、总数/游标和最后刷新时间；空结果进入业务空状态,首屏失败显示全页错误与重试；刷新失败保留旧数据并提示；翻页失败保留已加载数据并提供行内重试；401跳登录或会话升级，403显示无权限，404不适用,ui_action_adm_ref_001_05,REQ-REF-001;REQ-REF-ACT-002,TST-REF_001-HAPPY;TST-REF_ACT_002-HAPPY,FROZEN_DETAILED_V1.2.2,LIST_QUERY,页面主按钮/行操作/更多菜单/标准弹层，具体位置由模板和页面操作规格确定,页面具备读取权限；筛选项按数据范围和角色显示,网络可用；非正在刷新；翻页时 nextCursor/hasNext 为真,"校验 page,pageSize,cursor,status,keyword,sort",page;pageSize;cursor;status;keyword;sort,不需要,GET /admin-api/v1/commissions；请求模型 AdminReferralGetCommissionsParameters；响应模型 AdminReferralGetCommissionsResponse,同资源单写请求锁；状态机服务端复核,首屏使用骨架屏；刷新保留现有数据；翻页使用列表尾部加载器,GET 可人工重试；网络瞬断最多指数退避自动重试 2 次；筛选变化取消旧请求,留在当前页；点击行/卡片按页面导航规格进入详情,当前资源、来源列表、全局角标/余额/待办中与该领域相关的缓存；禁止无差别清空全部缓存,记录必要业务埋点；读取高敏字段时额外记录访问审计,遵循最小采集；仅记录业务标识和状态，不记录自由文本中的个人信息,GET 可展示明确标记的最近缓存；写操作离线时禁止提交，不进入隐式离线队列,AdminReferralGetCommissionsResponse,READY_FOR_IMPLEMENTATION
ACT-ADM-REF-001-06,ADMIN,ADM-REF-001,邀请关系,/growth/referrals,行为规则,页面首次进入、下拉刷新、筛选/排序变化或滚动触底时触发；相同查询条件避免并发重复请求,GET /admin-api/v1/referral-activity/rules,adminReferralActivityGetReferralActivityRules,AdminReferralActivityGetReferralActivityRulesParameters,referral.activity.read,不要求,首屏替换数据，翻页仅追加去重；更新分页、筛选回显、总数/游标和最后刷新时间；空结果进入业务空状态,首屏失败显示全页错误与重试；刷新失败保留旧数据并提示；翻页失败保留已加载数据并提供行内重试；401跳登录或会话升级，403显示无权限，404不适用,ui_action_adm_ref_001_06,REQ-REF-001;REQ-REF-ACT-002,TST-REF_001-HAPPY;TST-REF_ACT_002-HAPPY,FROZEN_DETAILED_V1.2.2,LIST_QUERY,页面主按钮/行操作/更多菜单/标准弹层，具体位置由模板和页面操作规格确定,页面具备读取权限；筛选项按数据范围和角色显示,网络可用；非正在刷新；翻页时 nextCursor/hasNext 为真,"校验 page,pageSize,cursor,status,keyword,sort",page;pageSize;cursor;status;keyword;sort,不需要,GET /admin-api/v1/referral-activity/rules；请求模型 AdminReferralActivityGetReferralActivityRulesParameters；响应模型 AdminReferralActivityGetReferralActivityRulesResponse,同资源单写请求锁；状态机服务端复核,首屏使用骨架屏；刷新保留现有数据；翻页使用列表尾部加载器,GET 可人工重试；网络瞬断最多指数退避自动重试 2 次；筛选变化取消旧请求,留在当前页；点击行/卡片按页面导航规格进入详情,当前资源、来源列表、全局角标/余额/待办中与该领域相关的缓存；禁止无差别清空全部缓存,记录必要业务埋点；读取高敏字段时额外记录访问审计,遵循最小采集；仅记录业务标识和状态，不记录自由文本中的个人信息,GET 可展示明确标记的最近缓存；写操作离线时禁止提交，不进入隐式离线队列,AdminReferralActivityGetReferralActivityRulesResponse,READY_FOR_IMPLEMENTATION
ACT-ADM-REF-001-07,ADMIN,ADM-REF-001,邀请关系,/growth/referrals,创建规则版本,用户显式点击操作入口，且本地字段校验、权限、状态机前置条件全部满足,POST /admin-api/v1/referral-activity/rule-versions,adminReferralActivityPostReferralActivityRuleVersions,AdminReferralActivityPostReferralActivityRuleVersionsRequest,referral.activity.write,X-Idempotency-Key必填,使用响应中的资源和 version 更新页面；清除已提交脏状态；展示“创建规则版本成功”；刷新受影响列表、详情、余额或配置版本,400逐字段映射；401要求重新认证；403隐藏后续写入口并记录越权拒绝；409提示数据已变化并重新加载；422展示业务原因且保留输入；429显示可重试时间；500保留上下文并提供 requestId,ui_action_adm_ref_001_07,REQ-REF-001;REQ-REF-ACT-002,TST-REF_001-HAPPY;TST-REF_ACT_002-HAPPY;TST-REF_001-IDEMPOTENT;TST-REF_ACT_002-IDEMPOTENT,FROZEN_DETAILED_V1.2.2,CREATE_OR_SUBMIT,页面主按钮/行操作/更多菜单/标准弹层，具体位置由模板和页面操作规格确定,具备权限 referral.activity.write，且资源状态允许“创建规则版本”；按钮显示条件由页面状态表和状态机共同决定,不存在同资源写请求；必填字段有效；服务端 version 未被本地标记过期；需要审批时已选择审批单,"校验 X-Idempotency-Key,name,effectiveAt,rule,remark；同一业务意图生成稳定 X-Idempotency-Key；请求体变化必须换键",X-Idempotency-Key;name;effectiveAt;rule;remark,金额、权益或发布范围变化时二次确认；普通可撤销保存不需要,POST /admin-api/v1/referral-activity/rule-versions；请求模型 AdminReferralActivityPostReferralActivityRuleVersionsRequest；响应模型 AdminReferralActivityPostReferralActivityRuleVersionsResponse,X-Idempotency-Key + 服务端结果查询,提交期间锁定同资源写操作，保留输入并显示明确进度；禁止全页无反馈等待,使用同一幂等键仅重试同一请求体；若服务端已受理则先查询结果；409版本冲突不得盲重试,默认留在当前页并刷新；创建成功进入详情，支付/认证/发布结果按对应流程导航,当前资源、来源列表、全局角标/余额/待办中与该领域相关的缓存；禁止无差别清空全部缓存,记录操作人、角色、目标、前后状态/版本、原因、审批单、requestId、IP/设备和结果,遵循最小采集；仅记录业务标识和状态，不记录自由文本中的个人信息,GET 可展示明确标记的最近缓存；写操作离线时禁止提交，不进入隐式离线队列,AdminReferralActivityPostReferralActivityRuleVersionsResponse,READY_FOR_IMPLEMENTATION
ACT-ADM-REF-001-08,ADMIN,ADM-REF-001,邀请关系,/growth/referrals,直推进度,页面首次进入、下拉刷新、筛选/排序变化或滚动触底时触发；相同查询条件避免并发重复请求,GET /admin-api/v1/referral-activity/progress,adminReferralActivityGetReferralActivityProgress,AdminReferralActivityGetReferralActivityProgressParameters,referral.activity.read,不要求,首屏替换数据，翻页仅追加去重；更新分页、筛选回显、总数/游标和最后刷新时间；空结果进入业务空状态,首屏失败显示全页错误与重试；刷新失败保留旧数据并提示；翻页失败保留已加载数据并提供行内重试；401跳登录或会话升级，403显示无权限，404不适用,ui_action_adm_ref_001_08,REQ-REF-001;REQ-REF-ACT-002,TST-REF_001-HAPPY;TST-REF_ACT_002-HAPPY,FROZEN_DETAILED_V1.2.2,LIST_QUERY,页面主按钮/行操作/更多菜单/标准弹层，具体位置由模板和页面操作规格确定,页面具备读取权限；筛选项按数据范围和角色显示,网络可用；非正在刷新；翻页时 nextCursor/hasNext 为真,"校验 page,pageSize,cursor,status,keyword,sort",page;pageSize;cursor;status;keyword;sort,不需要,GET /admin-api/v1/referral-activity/progress；请求模型 AdminReferralActivityGetReferralActivityProgressParameters；响应模型 AdminReferralActivityGetReferralActivityProgressResponse,同资源单写请求锁；状态机服务端复核,首屏使用骨架屏；刷新保留现有数据；翻页使用列表尾部加载器,GET 可人工重试；网络瞬断最多指数退避自动重试 2 次；筛选变化取消旧请求,留在当前页；点击行/卡片按页面导航规格进入详情,当前资源、来源列表、全局角标/余额/待办中与该领域相关的缓存；禁止无差别清空全部缓存,记录必要业务埋点；读取高敏字段时额外记录访问审计,遵循最小采集；仅记录业务标识和状态，不记录自由文本中的个人信息,GET 可展示明确标记的最近缓存；写操作离线时禁止提交，不进入隐式离线队列,AdminReferralActivityGetReferralActivityProgressResponse,READY_FOR_IMPLEMENTATION
ACT-ADM-REF-002-01,ADMIN,ADM-REF-002,佣金策略,/growth/commissions/policies,邀请关系列表,页面首次进入、下拉刷新、筛选/排序变化或滚动触底时触发；相同查询条件避免并发重复请求,GET /admin-api/v1/referral-relations,adminReferralGetReferralRelations,AdminReferralGetReferralRelationsParameters,referral.read,不要求,首屏替换数据，翻页仅追加去重；更新分页、筛选回显、总数/游标和最后刷新时间；空结果进入业务空状态,首屏失败显示全页错误与重试；刷新失败保留旧数据并提示；翻页失败保留已加载数据并提供行内重试；401跳登录或会话升级，403显示无权限，404不适用,ui_action_adm_ref_002_01,REQ-REF-001;REQ-REF-ACT-002,TST-REF_001-HAPPY;TST-REF_ACT_002-HAPPY,FROZEN_DETAILED_V1.2.2,LIST_QUERY,页面主按钮/行操作/更多菜单/标准弹层，具体位置由模板和页面操作规格确定,页面具备读取权限；筛选项按数据范围和角色显示,网络可用；非正在刷新；翻页时 nextCursor/hasNext 为真,"校验 page,pageSize,cursor,status,keyword,sort",page;pageSize;cursor;status;keyword;sort,不需要,GET /admin-api/v1/referral-relations；请求模型 AdminReferralGetReferralRelationsParameters；响应模型 AdminReferralGetReferralRelationsResponse,同资源单写请求锁；状态机服务端复核,首屏使用骨架屏；刷新保留现有数据；翻页使用列表尾部加载器,GET 可人工重试；网络瞬断最多指数退避自动重试 2 次；筛选变化取消旧请求,留在当前页；点击行/卡片按页面导航规格进入详情,当前资源、来源列表、全局角标/余额/待办中与该领域相关的缓存；禁止无差别清空全部缓存,记录必要业务埋点；读取高敏字段时额外记录访问审计,遵循最小采集；仅记录业务标识和状态，不记录自由文本中的个人信息,GET 可展示明确标记的最近缓存；写操作离线时禁止提交，不进入隐式离线队列,AdminReferralGetReferralRelationsResponse,READY_FOR_IMPLEMENTATION
ACT-ADM-REF-002-02,ADMIN,ADM-REF-002,佣金策略,/growth/commissions/policies,纠纷调整关系,用户显式点击操作入口，且本地字段校验、权限、状态机前置条件全部满足,POST /admin-api/v1/referral-relations/{inviteeId}/adjust,adminReferralPostReferralRelationsByInviteeidAdjust,AdminReferralPostReferralRelationsByInviteeidAdjustRequest,referral.adjust,X-Idempotency-Key必填,以响应数据更新页面和关联缓存；展示“纠纷调整关系成功”；仅刷新受影响区域,400逐字段映射；401要求重新认证；403隐藏后续写入口并记录越权拒绝；409提示数据已变化并重新加载；422展示业务原因且保留输入；429显示可重试时间；500保留上下文并提供 requestId,ui_action_adm_ref_002_02,REQ-REF-001;REQ-REF-ACT-002,TST-REF_001-HAPPY;TST-REF_ACT_002-HAPPY;TST-REF_001-IDEMPOTENT;TST-REF_ACT_002-IDEMPOTENT,FROZEN_DETAILED_V1.2.2,CONTROLLED_COMMAND,页面主按钮/行操作/更多菜单/标准弹层，具体位置由模板和页面操作规格确定,具备权限 referral.adjust，且资源状态允许“纠纷调整关系”；按钮显示条件由页面状态表和状态机共同决定,不存在同资源写请求；必填字段有效；服务端 version 未被本地标记过期；需要审批时已选择审批单,"校验 inviteeId,X-Idempotency-Key,newInviterId,reason,expectedVersion；expectedVersion 必须等于页面最后一次成功读取的服务端版本；同一业务意图生成稳定 X-Idempotency-Key；请求体变化必须换键",inviteeId;X-Idempotency-Key;newInviterId;reason;expectedVersion,必须二次确认；确认框展示目标、影响、不可逆性、原因、审批要求和将触发的通知,POST /admin-api/v1/referral-relations/{inviteeId}/adjust；请求模型 AdminReferralPostReferralRelationsByInviteeidAdjustRequest；响应模型 AdminReferralPostReferralRelationsByInviteeidAdjustResponse,expectedVersion 乐观锁 + X-Idempotency-Key + 服务端结果查询,提交期间锁定同资源写操作，保留输入并显示明确进度；禁止全页无反馈等待,使用同一幂等键仅重试同一请求体；若服务端已受理则先查询结果；409版本冲突不得盲重试,默认留在当前页并刷新；创建成功进入详情，支付/认证/发布结果按对应流程导航,当前资源、来源列表、全局角标/余额/待办中与该领域相关的缓存；禁止无差别清空全部缓存,记录操作人、角色、目标、前后状态/版本、原因、审批单、requestId、IP/设备和结果,遵循最小采集；仅记录业务标识和状态，不记录自由文本中的个人信息,GET 可展示明确标记的最近缓存；写操作离线时禁止提交，不进入隐式离线队列,AdminReferralPostReferralRelationsByInviteeidAdjustResponse,READY_FOR_IMPLEMENTATION
ACT-ADM-REF-002-03,ADMIN,ADM-REF-002,佣金策略,/growth/commissions/policies,佣金策略,页面首次进入、下拉刷新、筛选/排序变化或滚动触底时触发；相同查询条件避免并发重复请求,GET /admin-api/v1/commission-policies,adminReferralGetCommissionPolicies,AdminReferralGetCommissionPoliciesParameters,commission.read,不要求,首屏替换数据，翻页仅追加去重；更新分页、筛选回显、总数/游标和最后刷新时间；空结果进入业务空状态,首屏失败显示全页错误与重试；刷新失败保留旧数据并提示；翻页失败保留已加载数据并提供行内重试；401跳登录或会话升级，403显示无权限，404不适用,ui_action_adm_ref_002_03,REQ-REF-001;REQ-REF-ACT-002,TST-REF_001-HAPPY;TST-REF_ACT_002-HAPPY,FROZEN_DETAILED_V1.2.2,LIST_QUERY,页面主按钮/行操作/更多菜单/标准弹层，具体位置由模板和页面操作规格确定,页面具备读取权限；筛选项按数据范围和角色显示,网络可用；非正在刷新；翻页时 nextCursor/hasNext 为真,"校验 page,pageSize,cursor,status,keyword,sort",page;pageSize;cursor;status;keyword;sort,不需要,GET /admin-api/v1/commission-policies；请求模型 AdminReferralGetCommissionPoliciesParameters；响应模型 AdminReferralGetCommissionPoliciesResponse,同资源单写请求锁；状态机服务端复核,首屏使用骨架屏；刷新保留现有数据；翻页使用列表尾部加载器,GET 可人工重试；网络瞬断最多指数退避自动重试 2 次；筛选变化取消旧请求,留在当前页；点击行/卡片按页面导航规格进入详情,当前资源、来源列表、全局角标/余额/待办中与该领域相关的缓存；禁止无差别清空全部缓存,记录必要业务埋点；读取高敏字段时额外记录访问审计,遵循最小采集；仅记录业务标识和状态，不记录自由文本中的个人信息,GET 可展示明确标记的最近缓存；写操作离线时禁止提交，不进入隐式离线队列,AdminReferralGetCommissionPoliciesResponse,READY_FOR_IMPLEMENTATION
ACT-ADM-REF-002-04,ADMIN,ADM-REF-002,佣金策略,/growth/commissions/policies,创建策略版本,用户显式点击操作入口，且本地字段校验、权限、状态机前置条件全部满足,POST /admin-api/v1/commission-policies,adminReferralPostCommissionPolicies,AdminReferralPostCommissionPoliciesRequest,commission.write,X-Idempotency-Key必填,使用响应中的资源和 version 更新页面；清除已提交脏状态；展示“创建策略版本成功”；刷新受影响列表、详情、余额或配置版本,400逐字段映射；401要求重新认证；403隐藏后续写入口并记录越权拒绝；409提示数据已变化并重新加载；422展示业务原因且保留输入；429显示可重试时间；500保留上下文并提供 requestId,ui_action_adm_ref_002_04,REQ-REF-001;REQ-REF-ACT-002,TST-REF_001-HAPPY;TST-REF_ACT_002-HAPPY;TST-REF_001-IDEMPOTENT;TST-REF_ACT_002-IDEMPOTENT,FROZEN_DETAILED_V1.2.2,CREATE_OR_SUBMIT,页面主按钮/行操作/更多菜单/标准弹层，具体位置由模板和页面操作规格确定,具备权限 commission.write，且资源状态允许“创建策略版本”；按钮显示条件由页面状态表和状态机共同决定,不存在同资源写请求；必填字段有效；服务端 version 未被本地标记过期；需要审批时已选择审批单,"校验 X-Idempotency-Key,name,effectiveAt,criteria,rule,remark；同一业务意图生成稳定 X-Idempotency-Key；请求体变化必须换键",X-Idempotency-Key;name;effectiveAt;criteria;rule;remark,金额、权益或发布范围变化时二次确认；普通可撤销保存不需要,POST /admin-api/v1/commission-policies；请求模型 AdminReferralPostCommissionPoliciesRequest；响应模型 AdminReferralPostCommissionPoliciesResponse,X-Idempotency-Key + 服务端结果查询,提交期间锁定同资源写操作，保留输入并显示明确进度；禁止全页无反馈等待,使用同一幂等键仅重试同一请求体；若服务端已受理则先查询结果；409版本冲突不得盲重试,默认留在当前页并刷新；创建成功进入详情，支付/认证/发布结果按对应流程导航,当前资源、来源列表、全局角标/余额/待办中与该领域相关的缓存；禁止无差别清空全部缓存,记录操作人、角色、目标、前后状态/版本、原因、审批单、requestId、IP/设备和结果,遵循最小采集；仅记录业务标识和状态，不记录自由文本中的个人信息,GET 可展示明确标记的最近缓存；写操作离线时禁止提交，不进入隐式离线队列,AdminReferralPostCommissionPoliciesResponse,READY_FOR_IMPLEMENTATION
ACT-ADM-REF-002-05,ADMIN,ADM-REF-002,佣金策略,/growth/commissions/policies,佣金记录,页面首次进入、下拉刷新、筛选/排序变化或滚动触底时触发；相同查询条件避免并发重复请求,GET /admin-api/v1/commissions,adminReferralGetCommissions,AdminReferralGetCommissionsParameters,commission.read,不要求,首屏替换数据，翻页仅追加去重；更新分页、筛选回显、总数/游标和最后刷新时间；空结果进入业务空状态,首屏失败显示全页错误与重试；刷新失败保留旧数据并提示；翻页失败保留已加载数据并提供行内重试；401跳登录或会话升级，403显示无权限，404不适用,ui_action_adm_ref_002_05,REQ-REF-001;REQ-REF-ACT-002,TST-REF_001-HAPPY;TST-REF_ACT_002-HAPPY,FROZEN_DETAILED_V1.2.2,LIST_QUERY,页面主按钮/行操作/更多菜单/标准弹层，具体位置由模板和页面操作规格确定,页面具备读取权限；筛选项按数据范围和角色显示,网络可用；非正在刷新；翻页时 nextCursor/hasNext 为真,"校验 page,pageSize,cursor,status,keyword,sort",page;pageSize;cursor;status;keyword;sort,不需要,GET /admin-api/v1/commissions；请求模型 AdminReferralGetCommissionsParameters；响应模型 AdminReferralGetCommissionsResponse,同资源单写请求锁；状态机服务端复核,首屏使用骨架屏；刷新保留现有数据；翻页使用列表尾部加载器,GET 可人工重试；网络瞬断最多指数退避自动重试 2 次；筛选变化取消旧请求,留在当前页；点击行/卡片按页面导航规格进入详情,当前资源、来源列表、全局角标/余额/待办中与该领域相关的缓存；禁止无差别清空全部缓存,记录必要业务埋点；读取高敏字段时额外记录访问审计,遵循最小采集；仅记录业务标识和状态，不记录自由文本中的个人信息,GET 可展示明确标记的最近缓存；写操作离线时禁止提交，不进入隐式离线队列,AdminReferralGetCommissionsResponse,READY_FOR_IMPLEMENTATION
ACT-ADM-REF-002-06,ADMIN,ADM-REF-002,佣金策略,/growth/commissions/policies,行为规则,页面首次进入、下拉刷新、筛选/排序变化或滚动触底时触发；相同查询条件避免并发重复请求,GET /admin-api/v1/referral-activity/rules,adminReferralActivityGetReferralActivityRules,AdminReferralActivityGetReferralActivityRulesParameters,referral.activity.read,不要求,首屏替换数据，翻页仅追加去重；更新分页、筛选回显、总数/游标和最后刷新时间；空结果进入业务空状态,首屏失败显示全页错误与重试；刷新失败保留旧数据并提示；翻页失败保留已加载数据并提供行内重试；401跳登录或会话升级，403显示无权限，404不适用,ui_action_adm_ref_002_06,REQ-REF-001;REQ-REF-ACT-002,TST-REF_001-HAPPY;TST-REF_ACT_002-HAPPY,FROZEN_DETAILED_V1.2.2,LIST_QUERY,页面主按钮/行操作/更多菜单/标准弹层，具体位置由模板和页面操作规格确定,页面具备读取权限；筛选项按数据范围和角色显示,网络可用；非正在刷新；翻页时 nextCursor/hasNext 为真,"校验 page,pageSize,cursor,status,keyword,sort",page;pageSize;cursor;status;keyword;sort,不需要,GET /admin-api/v1/referral-activity/rules；请求模型 AdminReferralActivityGetReferralActivityRulesParameters；响应模型 AdminReferralActivityGetReferralActivityRulesResponse,同资源单写请求锁；状态机服务端复核,首屏使用骨架屏；刷新保留现有数据；翻页使用列表尾部加载器,GET 可人工重试；网络瞬断最多指数退避自动重试 2 次；筛选变化取消旧请求,留在当前页；点击行/卡片按页面导航规格进入详情,当前资源、来源列表、全局角标/余额/待办中与该领域相关的缓存；禁止无差别清空全部缓存,记录必要业务埋点；读取高敏字段时额外记录访问审计,遵循最小采集；仅记录业务标识和状态，不记录自由文本中的个人信息,GET 可展示明确标记的最近缓存；写操作离线时禁止提交，不进入隐式离线队列,AdminReferralActivityGetReferralActivityRulesResponse,READY_FOR_IMPLEMENTATION
ACT-ADM-REF-002-07,ADMIN,ADM-REF-002,佣金策略,/growth/commissions/policies,创建规则版本,用户显式点击操作入口，且本地字段校验、权限、状态机前置条件全部满足,POST /admin-api/v1/referral-activity/rule-versions,adminReferralActivityPostReferralActivityRuleVersions,AdminReferralActivityPostReferralActivityRuleVersionsRequest,referral.activity.write,X-Idempotency-Key必填,使用响应中的资源和 version 更新页面；清除已提交脏状态；展示“创建规则版本成功”；刷新受影响列表、详情、余额或配置版本,400逐字段映射；401要求重新认证；403隐藏后续写入口并记录越权拒绝；409提示数据已变化并重新加载；422展示业务原因且保留输入；429显示可重试时间；500保留上下文并提供 requestId,ui_action_adm_ref_002_07,REQ-REF-001;REQ-REF-ACT-002,TST-REF_001-HAPPY;TST-REF_ACT_002-HAPPY;TST-REF_001-IDEMPOTENT;TST-REF_ACT_002-IDEMPOTENT,FROZEN_DETAILED_V1.2.2,CREATE_OR_SUBMIT,页面主按钮/行操作/更多菜单/标准弹层，具体位置由模板和页面操作规格确定,具备权限 referral.activity.write，且资源状态允许“创建规则版本”；按钮显示条件由页面状态表和状态机共同决定,不存在同资源写请求；必填字段有效；服务端 version 未被本地标记过期；需要审批时已选择审批单,"校验 X-Idempotency-Key,name,effectiveAt,rule,remark；同一业务意图生成稳定 X-Idempotency-Key；请求体变化必须换键",X-Idempotency-Key;name;effectiveAt;rule;remark,金额、权益或发布范围变化时二次确认；普通可撤销保存不需要,POST /admin-api/v1/referral-activity/rule-versions；请求模型 AdminReferralActivityPostReferralActivityRuleVersionsRequest；响应模型 AdminReferralActivityPostReferralActivityRuleVersionsResponse,X-Idempotency-Key + 服务端结果查询,提交期间锁定同资源写操作，保留输入并显示明确进度；禁止全页无反馈等待,使用同一幂等键仅重试同一请求体；若服务端已受理则先查询结果；409版本冲突不得盲重试,默认留在当前页并刷新；创建成功进入详情，支付/认证/发布结果按对应流程导航,当前资源、来源列表、全局角标/余额/待办中与该领域相关的缓存；禁止无差别清空全部缓存,记录操作人、角色、目标、前后状态/版本、原因、审批单、requestId、IP/设备和结果,遵循最小采集；仅记录业务标识和状态，不记录自由文本中的个人信息,GET 可展示明确标记的最近缓存；写操作离线时禁止提交，不进入隐式离线队列,AdminReferralActivityPostReferralActivityRuleVersionsResponse,READY_FOR_IMPLEMENTATION
ACT-ADM-REF-002-08,ADMIN,ADM-REF-002,佣金策略,/growth/commissions/policies,直推进度,页面首次进入、下拉刷新、筛选/排序变化或滚动触底时触发；相同查询条件避免并发重复请求,GET /admin-api/v1/referral-activity/progress,adminReferralActivityGetReferralActivityProgress,AdminReferralActivityGetReferralActivityProgressParameters,referral.activity.read,不要求,首屏替换数据，翻页仅追加去重；更新分页、筛选回显、总数/游标和最后刷新时间；空结果进入业务空状态,首屏失败显示全页错误与重试；刷新失败保留旧数据并提示；翻页失败保留已加载数据并提供行内重试；401跳登录或会话升级，403显示无权限，404不适用,ui_action_adm_ref_002_08,REQ-REF-001;REQ-REF-ACT-002,TST-REF_001-HAPPY;TST-REF_ACT_002-HAPPY,FROZEN_DETAILED_V1.2.2,LIST_QUERY,页面主按钮/行操作/更多菜单/标准弹层，具体位置由模板和页面操作规格确定,页面具备读取权限；筛选项按数据范围和角色显示,网络可用；非正在刷新；翻页时 nextCursor/hasNext 为真,"校验 page,pageSize,cursor,status,keyword,sort",page;pageSize;cursor;status;keyword;sort,不需要,GET /admin-api/v1/referral-activity/progress；请求模型 AdminReferralActivityGetReferralActivityProgressParameters；响应模型 AdminReferralActivityGetReferralActivityProgressResponse,同资源单写请求锁；状态机服务端复核,首屏使用骨架屏；刷新保留现有数据；翻页使用列表尾部加载器,GET 可人工重试；网络瞬断最多指数退避自动重试 2 次；筛选变化取消旧请求,留在当前页；点击行/卡片按页面导航规格进入详情,当前资源、来源列表、全局角标/余额/待办中与该领域相关的缓存；禁止无差别清空全部缓存,记录必要业务埋点；读取高敏字段时额外记录访问审计,遵循最小采集；仅记录业务标识和状态，不记录自由文本中的个人信息,GET 可展示明确标记的最近缓存；写操作离线时禁止提交，不进入隐式离线队列,AdminReferralActivityGetReferralActivityProgressResponse,READY_FOR_IMPLEMENTATION
ACT-ADM-REF-003-01,ADMIN,ADM-REF-003,佣金记录,/growth/commissions/records,邀请关系列表,页面首次进入、下拉刷新、筛选/排序变化或滚动触底时触发；相同查询条件避免并发重复请求,GET /admin-api/v1/referral-relations,adminReferralGetReferralRelations,AdminReferralGetReferralRelationsParameters,referral.read,不要求,首屏替换数据，翻页仅追加去重；更新分页、筛选回显、总数/游标和最后刷新时间；空结果进入业务空状态,首屏失败显示全页错误与重试；刷新失败保留旧数据并提示；翻页失败保留已加载数据并提供行内重试；401跳登录或会话升级，403显示无权限，404不适用,ui_action_adm_ref_003_01,REQ-REF-001;REQ-REF-ACT-002,TST-REF_001-HAPPY;TST-REF_ACT_002-HAPPY,FROZEN_DETAILED_V1.2.2,LIST_QUERY,页面主按钮/行操作/更多菜单/标准弹层，具体位置由模板和页面操作规格确定,页面具备读取权限；筛选项按数据范围和角色显示,网络可用；非正在刷新；翻页时 nextCursor/hasNext 为真,"校验 page,pageSize,cursor,status,keyword,sort",page;pageSize;cursor;status;keyword;sort,不需要,GET /admin-api/v1/referral-relations；请求模型 AdminReferralGetReferralRelationsParameters；响应模型 AdminReferralGetReferralRelationsResponse,同资源单写请求锁；状态机服务端复核,首屏使用骨架屏；刷新保留现有数据；翻页使用列表尾部加载器,GET 可人工重试；网络瞬断最多指数退避自动重试 2 次；筛选变化取消旧请求,留在当前页；点击行/卡片按页面导航规格进入详情,当前资源、来源列表、全局角标/余额/待办中与该领域相关的缓存；禁止无差别清空全部缓存,记录必要业务埋点；读取高敏字段时额外记录访问审计,遵循最小采集；仅记录业务标识和状态，不记录自由文本中的个人信息,GET 可展示明确标记的最近缓存；写操作离线时禁止提交，不进入隐式离线队列,AdminReferralGetReferralRelationsResponse,READY_FOR_IMPLEMENTATION
ACT-ADM-REF-003-02,ADMIN,ADM-REF-003,佣金记录,/growth/commissions/records,佣金策略,页面首次进入、下拉刷新、筛选/排序变化或滚动触底时触发；相同查询条件避免并发重复请求,GET /admin-api/v1/commission-policies,adminReferralGetCommissionPolicies,AdminReferralGetCommissionPoliciesParameters,commission.read,不要求,首屏替换数据，翻页仅追加去重；更新分页、筛选回显、总数/游标和最后刷新时间；空结果进入业务空状态,首屏失败显示全页错误与重试；刷新失败保留旧数据并提示；翻页失败保留已加载数据并提供行内重试；401跳登录或会话升级，403显示无权限，404不适用,ui_action_adm_ref_003_02,REQ-REF-001;REQ-REF-ACT-002,TST-REF_001-HAPPY;TST-REF_ACT_002-HAPPY,FROZEN_DETAILED_V1.2.2,LIST_QUERY,页面主按钮/行操作/更多菜单/标准弹层，具体位置由模板和页面操作规格确定,页面具备读取权限；筛选项按数据范围和角色显示,网络可用；非正在刷新；翻页时 nextCursor/hasNext 为真,"校验 page,pageSize,cursor,status,keyword,sort",page;pageSize;cursor;status;keyword;sort,不需要,GET /admin-api/v1/commission-policies；请求模型 AdminReferralGetCommissionPoliciesParameters；响应模型 AdminReferralGetCommissionPoliciesResponse,同资源单写请求锁；状态机服务端复核,首屏使用骨架屏；刷新保留现有数据；翻页使用列表尾部加载器,GET 可人工重试；网络瞬断最多指数退避自动重试 2 次；筛选变化取消旧请求,留在当前页；点击行/卡片按页面导航规格进入详情,当前资源、来源列表、全局角标/余额/待办中与该领域相关的缓存；禁止无差别清空全部缓存,记录必要业务埋点；读取高敏字段时额外记录访问审计,遵循最小采集；仅记录业务标识和状态，不记录自由文本中的个人信息,GET 可展示明确标记的最近缓存；写操作离线时禁止提交，不进入隐式离线队列,AdminReferralGetCommissionPoliciesResponse,READY_FOR_IMPLEMENTATION
ACT-ADM-REF-003-03,ADMIN,ADM-REF-003,佣金记录,/growth/commissions/records,佣金记录,页面首次进入、下拉刷新、筛选/排序变化或滚动触底时触发；相同查询条件避免并发重复请求,GET /admin-api/v1/commissions,adminReferralGetCommissions,AdminReferralGetCommissionsParameters,commission.read,不要求,首屏替换数据，翻页仅追加去重；更新分页、筛选回显、总数/游标和最后刷新时间；空结果进入业务空状态,首屏失败显示全页错误与重试；刷新失败保留旧数据并提示；翻页失败保留已加载数据并提供行内重试；401跳登录或会话升级，403显示无权限，404不适用,ui_action_adm_ref_003_03,REQ-REF-001;REQ-REF-ACT-002,TST-REF_001-HAPPY;TST-REF_ACT_002-HAPPY,FROZEN_DETAILED_V1.2.2,LIST_QUERY,页面主按钮/行操作/更多菜单/标准弹层，具体位置由模板和页面操作规格确定,页面具备读取权限；筛选项按数据范围和角色显示,网络可用；非正在刷新；翻页时 nextCursor/hasNext 为真,"校验 page,pageSize,cursor,status,keyword,sort",page;pageSize;cursor;status;keyword;sort,不需要,GET /admin-api/v1/commissions；请求模型 AdminReferralGetCommissionsParameters；响应模型 AdminReferralGetCommissionsResponse,同资源单写请求锁；状态机服务端复核,首屏使用骨架屏；刷新保留现有数据；翻页使用列表尾部加载器,GET 可人工重试；网络瞬断最多指数退避自动重试 2 次；筛选变化取消旧请求,留在当前页；点击行/卡片按页面导航规格进入详情,当前资源、来源列表、全局角标/余额/待办中与该领域相关的缓存；禁止无差别清空全部缓存,记录必要业务埋点；读取高敏字段时额外记录访问审计,遵循最小采集；仅记录业务标识和状态，不记录自由文本中的个人信息,GET 可展示明确标记的最近缓存；写操作离线时禁止提交，不进入隐式离线队列,AdminReferralGetCommissionsResponse,READY_FOR_IMPLEMENTATION
ACT-ADM-REF-003-04,ADMIN,ADM-REF-003,佣金记录,/growth/commissions/records,行为规则,页面首次进入、下拉刷新、筛选/排序变化或滚动触底时触发；相同查询条件避免并发重复请求,GET /admin-api/v1/referral-activity/rules,adminReferralActivityGetReferralActivityRules,AdminReferralActivityGetReferralActivityRulesParameters,referral.activity.read,不要求,首屏替换数据，翻页仅追加去重；更新分页、筛选回显、总数/游标和最后刷新时间；空结果进入业务空状态,首屏失败显示全页错误与重试；刷新失败保留旧数据并提示；翻页失败保留已加载数据并提供行内重试；401跳登录或会话升级，403显示无权限，404不适用,ui_action_adm_ref_003_04,REQ-REF-001;REQ-REF-ACT-002,TST-REF_001-HAPPY;TST-REF_ACT_002-HAPPY,FROZEN_DETAILED_V1.2.2,LIST_QUERY,页面主按钮/行操作/更多菜单/标准弹层，具体位置由模板和页面操作规格确定,页面具备读取权限；筛选项按数据范围和角色显示,网络可用；非正在刷新；翻页时 nextCursor/hasNext 为真,"校验 page,pageSize,cursor,status,keyword,sort",page;pageSize;cursor;status;keyword;sort,不需要,GET /admin-api/v1/referral-activity/rules；请求模型 AdminReferralActivityGetReferralActivityRulesParameters；响应模型 AdminReferralActivityGetReferralActivityRulesResponse,同资源单写请求锁；状态机服务端复核,首屏使用骨架屏；刷新保留现有数据；翻页使用列表尾部加载器,GET 可人工重试；网络瞬断最多指数退避自动重试 2 次；筛选变化取消旧请求,留在当前页；点击行/卡片按页面导航规格进入详情,当前资源、来源列表、全局角标/余额/待办中与该领域相关的缓存；禁止无差别清空全部缓存,记录必要业务埋点；读取高敏字段时额外记录访问审计,遵循最小采集；仅记录业务标识和状态，不记录自由文本中的个人信息,GET 可展示明确标记的最近缓存；写操作离线时禁止提交，不进入隐式离线队列,AdminReferralActivityGetReferralActivityRulesResponse,READY_FOR_IMPLEMENTATION
ACT-ADM-REF-003-05,ADMIN,ADM-REF-003,佣金记录,/growth/commissions/records,直推进度,页面首次进入、下拉刷新、筛选/排序变化或滚动触底时触发；相同查询条件避免并发重复请求,GET /admin-api/v1/referral-activity/progress,adminReferralActivityGetReferralActivityProgress,AdminReferralActivityGetReferralActivityProgressParameters,referral.activity.read,不要求,首屏替换数据，翻页仅追加去重；更新分页、筛选回显、总数/游标和最后刷新时间；空结果进入业务空状态,首屏失败显示全页错误与重试；刷新失败保留旧数据并提示；翻页失败保留已加载数据并提供行内重试；401跳登录或会话升级，403显示无权限，404不适用,ui_action_adm_ref_003_05,REQ-REF-001;REQ-REF-ACT-002,TST-REF_001-HAPPY;TST-REF_ACT_002-HAPPY,FROZEN_DETAILED_V1.2.2,LIST_QUERY,页面主按钮/行操作/更多菜单/标准弹层，具体位置由模板和页面操作规格确定,页面具备读取权限；筛选项按数据范围和角色显示,网络可用；非正在刷新；翻页时 nextCursor/hasNext 为真,"校验 page,pageSize,cursor,status,keyword,sort",page;pageSize;cursor;status;keyword;sort,不需要,GET /admin-api/v1/referral-activity/progress；请求模型 AdminReferralActivityGetReferralActivityProgressParameters；响应模型 AdminReferralActivityGetReferralActivityProgressResponse,同资源单写请求锁；状态机服务端复核,首屏使用骨架屏；刷新保留现有数据；翻页使用列表尾部加载器,GET 可人工重试；网络瞬断最多指数退避自动重试 2 次；筛选变化取消旧请求,留在当前页；点击行/卡片按页面导航规格进入详情,当前资源、来源列表、全局角标/余额/待办中与该领域相关的缓存；禁止无差别清空全部缓存,记录必要业务埋点；读取高敏字段时额外记录访问审计,遵循最小采集；仅记录业务标识和状态，不记录自由文本中的个人信息,GET 可展示明确标记的最近缓存；写操作离线时禁止提交，不进入隐式离线队列,AdminReferralActivityGetReferralActivityProgressResponse,READY_FOR_IMPLEMENTATION
ACT-ADM-REF-003-06,ADMIN,ADM-REF-003,佣金记录,/growth/commissions/records,档位与矩阵,页面首次进入、下拉刷新、筛选/排序变化或滚动触底时触发；相同查询条件避免并发重复请求,GET /admin-api/v1/referral-activity/milestones,adminReferralActivityGetReferralActivityMilestones,AdminReferralActivityGetReferralActivityMilestonesParameters,referral.activity.read,不要求,首屏替换数据，翻页仅追加去重；更新分页、筛选回显、总数/游标和最后刷新时间；空结果进入业务空状态,首屏失败显示全页错误与重试；刷新失败保留旧数据并提示；翻页失败保留已加载数据并提供行内重试；401跳登录或会话升级，403显示无权限，404不适用,ui_action_adm_ref_003_06,REQ-REF-001;REQ-REF-ACT-002,TST-REF_001-HAPPY;TST-REF_ACT_002-HAPPY,FROZEN_DETAILED_V1.2.2,LIST_QUERY,页面主按钮/行操作/更多菜单/标准弹层，具体位置由模板和页面操作规格确定,页面具备读取权限；筛选项按数据范围和角色显示,网络可用；非正在刷新；翻页时 nextCursor/hasNext 为真,"校验 page,pageSize,cursor,status,keyword,sort",page;pageSize;cursor;status;keyword;sort,不需要,GET /admin-api/v1/referral-activity/milestones；请求模型 AdminReferralActivityGetReferralActivityMilestonesParameters；响应模型 AdminReferralActivityGetReferralActivityMilestonesResponse,同资源单写请求锁；状态机服务端复核,首屏使用骨架屏；刷新保留现有数据；翻页使用列表尾部加载器,GET 可人工重试；网络瞬断最多指数退避自动重试 2 次；筛选变化取消旧请求,留在当前页；点击行/卡片按页面导航规格进入详情,当前资源、来源列表、全局角标/余额/待办中与该领域相关的缓存；禁止无差别清空全部缓存,记录必要业务埋点；读取高敏字段时额外记录访问审计,遵循最小采集；仅记录业务标识和状态，不记录自由文本中的个人信息,GET 可展示明确标记的最近缓存；写操作离线时禁止提交，不进入隐式离线队列,AdminReferralActivityGetReferralActivityMilestonesResponse,READY_FOR_IMPLEMENTATION
ACT-ADM-REF-003-07,ADMIN,ADM-REF-003,佣金记录,/growth/commissions/records,阶梯奖励记录,页面首次进入、下拉刷新、筛选/排序变化或滚动触底时触发；相同查询条件避免并发重复请求,GET /admin-api/v1/referral-activity/rewards,adminReferralActivityGetReferralActivityRewards,AdminReferralActivityGetReferralActivityRewardsParameters,referral.activity.read,不要求,首屏替换数据，翻页仅追加去重；更新分页、筛选回显、总数/游标和最后刷新时间；空结果进入业务空状态,首屏失败显示全页错误与重试；刷新失败保留旧数据并提示；翻页失败保留已加载数据并提供行内重试；401跳登录或会话升级，403显示无权限，404不适用,ui_action_adm_ref_003_07,REQ-REF-001;REQ-REF-ACT-002,TST-REF_001-HAPPY;TST-REF_ACT_002-HAPPY,FROZEN_DETAILED_V1.2.2,LIST_QUERY,页面主按钮/行操作/更多菜单/标准弹层，具体位置由模板和页面操作规格确定,页面具备读取权限；筛选项按数据范围和角色显示,网络可用；非正在刷新；翻页时 nextCursor/hasNext 为真,"校验 page,pageSize,cursor,status,keyword,sort",page;pageSize;cursor;status;keyword;sort,不需要,GET /admin-api/v1/referral-activity/rewards；请求模型 AdminReferralActivityGetReferralActivityRewardsParameters；响应模型 AdminReferralActivityGetReferralActivityRewardsResponse,同资源单写请求锁；状态机服务端复核,首屏使用骨架屏；刷新保留现有数据；翻页使用列表尾部加载器,GET 可人工重试；网络瞬断最多指数退避自动重试 2 次；筛选变化取消旧请求,留在当前页；点击行/卡片按页面导航规格进入详情,当前资源、来源列表、全局角标/余额/待办中与该领域相关的缓存；禁止无差别清空全部缓存,记录必要业务埋点；读取高敏字段时额外记录访问审计,遵循最小采集；仅记录业务标识和状态，不记录自由文本中的个人信息,GET 可展示明确标记的最近缓存；写操作离线时禁止提交，不进入隐式离线队列,AdminReferralActivityGetReferralActivityRewardsResponse,READY_FOR_IMPLEMENTATION
ACT-ADM-REF-004-01,ADMIN,ADM-REF-004,直推活跃规则,/growth/referral-activity/rules,邀请关系列表,页面首次进入、下拉刷新、筛选/排序变化或滚动触底时触发；相同查询条件避免并发重复请求,GET /admin-api/v1/referral-relations,adminReferralGetReferralRelations,AdminReferralGetReferralRelationsParameters,referral.read,不要求,首屏替换数据，翻页仅追加去重；更新分页、筛选回显、总数/游标和最后刷新时间；空结果进入业务空状态,首屏失败显示全页错误与重试；刷新失败保留旧数据并提示；翻页失败保留已加载数据并提供行内重试；401跳登录或会话升级，403显示无权限，404不适用,ui_action_adm_ref_004_01,REQ-REF-001;REQ-REF-ACT-002,TST-REF_001-HAPPY;TST-REF_ACT_002-HAPPY,FROZEN_DETAILED_V1.2.2,LIST_QUERY,页面主按钮/行操作/更多菜单/标准弹层，具体位置由模板和页面操作规格确定,页面具备读取权限；筛选项按数据范围和角色显示,网络可用；非正在刷新；翻页时 nextCursor/hasNext 为真,"校验 page,pageSize,cursor,status,keyword,sort",page;pageSize;cursor;status;keyword;sort,不需要,GET /admin-api/v1/referral-relations；请求模型 AdminReferralGetReferralRelationsParameters；响应模型 AdminReferralGetReferralRelationsResponse,同资源单写请求锁；状态机服务端复核,首屏使用骨架屏；刷新保留现有数据；翻页使用列表尾部加载器,GET 可人工重试；网络瞬断最多指数退避自动重试 2 次；筛选变化取消旧请求,留在当前页；点击行/卡片按页面导航规格进入详情,当前资源、来源列表、全局角标/余额/待办中与该领域相关的缓存；禁止无差别清空全部缓存,记录必要业务埋点；读取高敏字段时额外记录访问审计,遵循最小采集；仅记录业务标识和状态，不记录自由文本中的个人信息,GET 可展示明确标记的最近缓存；写操作离线时禁止提交，不进入隐式离线队列,AdminReferralGetReferralRelationsResponse,READY_FOR_IMPLEMENTATION
ACT-ADM-REF-004-02,ADMIN,ADM-REF-004,直推活跃规则,/growth/referral-activity/rules,纠纷调整关系,用户显式点击操作入口，且本地字段校验、权限、状态机前置条件全部满足,POST /admin-api/v1/referral-relations/{inviteeId}/adjust,adminReferralPostReferralRelationsByInviteeidAdjust,AdminReferralPostReferralRelationsByInviteeidAdjustRequest,referral.adjust,X-Idempotency-Key必填,以响应数据更新页面和关联缓存；展示“纠纷调整关系成功”；仅刷新受影响区域,400逐字段映射；401要求重新认证；403隐藏后续写入口并记录越权拒绝；409提示数据已变化并重新加载；422展示业务原因且保留输入；429显示可重试时间；500保留上下文并提供 requestId,ui_action_adm_ref_004_02,REQ-REF-001;REQ-REF-ACT-002,TST-REF_001-HAPPY;TST-REF_ACT_002-HAPPY;TST-REF_001-IDEMPOTENT;TST-REF_ACT_002-IDEMPOTENT,FROZEN_DETAILED_V1.2.2,CONTROLLED_COMMAND,页面主按钮/行操作/更多菜单/标准弹层，具体位置由模板和页面操作规格确定,具备权限 referral.adjust，且资源状态允许“纠纷调整关系”；按钮显示条件由页面状态表和状态机共同决定,不存在同资源写请求；必填字段有效；服务端 version 未被本地标记过期；需要审批时已选择审批单,"校验 inviteeId,X-Idempotency-Key,newInviterId,reason,expectedVersion；expectedVersion 必须等于页面最后一次成功读取的服务端版本；同一业务意图生成稳定 X-Idempotency-Key；请求体变化必须换键",inviteeId;X-Idempotency-Key;newInviterId;reason;expectedVersion,必须二次确认；确认框展示目标、影响、不可逆性、原因、审批要求和将触发的通知,POST /admin-api/v1/referral-relations/{inviteeId}/adjust；请求模型 AdminReferralPostReferralRelationsByInviteeidAdjustRequest；响应模型 AdminReferralPostReferralRelationsByInviteeidAdjustResponse,expectedVersion 乐观锁 + X-Idempotency-Key + 服务端结果查询,提交期间锁定同资源写操作，保留输入并显示明确进度；禁止全页无反馈等待,使用同一幂等键仅重试同一请求体；若服务端已受理则先查询结果；409版本冲突不得盲重试,默认留在当前页并刷新；创建成功进入详情，支付/认证/发布结果按对应流程导航,当前资源、来源列表、全局角标/余额/待办中与该领域相关的缓存；禁止无差别清空全部缓存,记录操作人、角色、目标、前后状态/版本、原因、审批单、requestId、IP/设备和结果,遵循最小采集；仅记录业务标识和状态，不记录自由文本中的个人信息,GET 可展示明确标记的最近缓存；写操作离线时禁止提交，不进入隐式离线队列,AdminReferralPostReferralRelationsByInviteeidAdjustResponse,READY_FOR_IMPLEMENTATION
ACT-ADM-REF-004-03,ADMIN,ADM-REF-004,直推活跃规则,/growth/referral-activity/rules,佣金策略,页面首次进入、下拉刷新、筛选/排序变化或滚动触底时触发；相同查询条件避免并发重复请求,GET /admin-api/v1/commission-policies,adminReferralGetCommissionPolicies,AdminReferralGetCommissionPoliciesParameters,commission.read,不要求,首屏替换数据，翻页仅追加去重；更新分页、筛选回显、总数/游标和最后刷新时间；空结果进入业务空状态,首屏失败显示全页错误与重试；刷新失败保留旧数据并提示；翻页失败保留已加载数据并提供行内重试；401跳登录或会话升级，403显示无权限，404不适用,ui_action_adm_ref_004_03,REQ-REF-001;REQ-REF-ACT-002,TST-REF_001-HAPPY;TST-REF_ACT_002-HAPPY,FROZEN_DETAILED_V1.2.2,LIST_QUERY,页面主按钮/行操作/更多菜单/标准弹层，具体位置由模板和页面操作规格确定,页面具备读取权限；筛选项按数据范围和角色显示,网络可用；非正在刷新；翻页时 nextCursor/hasNext 为真,"校验 page,pageSize,cursor,status,keyword,sort",page;pageSize;cursor;status;keyword;sort,不需要,GET /admin-api/v1/commission-policies；请求模型 AdminReferralGetCommissionPoliciesParameters；响应模型 AdminReferralGetCommissionPoliciesResponse,同资源单写请求锁；状态机服务端复核,首屏使用骨架屏；刷新保留现有数据；翻页使用列表尾部加载器,GET 可人工重试；网络瞬断最多指数退避自动重试 2 次；筛选变化取消旧请求,留在当前页；点击行/卡片按页面导航规格进入详情,当前资源、来源列表、全局角标/余额/待办中与该领域相关的缓存；禁止无差别清空全部缓存,记录必要业务埋点；读取高敏字段时额外记录访问审计,遵循最小采集；仅记录业务标识和状态，不记录自由文本中的个人信息,GET 可展示明确标记的最近缓存；写操作离线时禁止提交，不进入隐式离线队列,AdminReferralGetCommissionPoliciesResponse,READY_FOR_IMPLEMENTATION
ACT-ADM-REF-004-04,ADMIN,ADM-REF-004,直推活跃规则,/growth/referral-activity/rules,创建策略版本,用户显式点击操作入口，且本地字段校验、权限、状态机前置条件全部满足,POST /admin-api/v1/commission-policies,adminReferralPostCommissionPolicies,AdminReferralPostCommissionPoliciesRequest,commission.write,X-Idempotency-Key必填,使用响应中的资源和 version 更新页面；清除已提交脏状态；展示“创建策略版本成功”；刷新受影响列表、详情、余额或配置版本,400逐字段映射；401要求重新认证；403隐藏后续写入口并记录越权拒绝；409提示数据已变化并重新加载；422展示业务原因且保留输入；429显示可重试时间；500保留上下文并提供 requestId,ui_action_adm_ref_004_04,REQ-REF-001;REQ-REF-ACT-002,TST-REF_001-HAPPY;TST-REF_ACT_002-HAPPY;TST-REF_001-IDEMPOTENT;TST-REF_ACT_002-IDEMPOTENT,FROZEN_DETAILED_V1.2.2,CREATE_OR_SUBMIT,页面主按钮/行操作/更多菜单/标准弹层，具体位置由模板和页面操作规格确定,具备权限 commission.write，且资源状态允许“创建策略版本”；按钮显示条件由页面状态表和状态机共同决定,不存在同资源写请求；必填字段有效；服务端 version 未被本地标记过期；需要审批时已选择审批单,"校验 X-Idempotency-Key,name,effectiveAt,criteria,rule,remark；同一业务意图生成稳定 X-Idempotency-Key；请求体变化必须换键",X-Idempotency-Key;name;effectiveAt;criteria;rule;remark,金额、权益或发布范围变化时二次确认；普通可撤销保存不需要,POST /admin-api/v1/commission-policies；请求模型 AdminReferralPostCommissionPoliciesRequest；响应模型 AdminReferralPostCommissionPoliciesResponse,X-Idempotency-Key + 服务端结果查询,提交期间锁定同资源写操作，保留输入并显示明确进度；禁止全页无反馈等待,使用同一幂等键仅重试同一请求体；若服务端已受理则先查询结果；409版本冲突不得盲重试,默认留在当前页并刷新；创建成功进入详情，支付/认证/发布结果按对应流程导航,当前资源、来源列表、全局角标/余额/待办中与该领域相关的缓存；禁止无差别清空全部缓存,记录操作人、角色、目标、前后状态/版本、原因、审批单、requestId、IP/设备和结果,遵循最小采集；仅记录业务标识和状态，不记录自由文本中的个人信息,GET 可展示明确标记的最近缓存；写操作离线时禁止提交，不进入隐式离线队列,AdminReferralPostCommissionPoliciesResponse,READY_FOR_IMPLEMENTATION
ACT-ADM-REF-004-05,ADMIN,ADM-REF-004,直推活跃规则,/growth/referral-activity/rules,佣金记录,页面首次进入、下拉刷新、筛选/排序变化或滚动触底时触发；相同查询条件避免并发重复请求,GET /admin-api/v1/commissions,adminReferralGetCommissions,AdminReferralGetCommissionsParameters,commission.read,不要求,首屏替换数据，翻页仅追加去重；更新分页、筛选回显、总数/游标和最后刷新时间；空结果进入业务空状态,首屏失败显示全页错误与重试；刷新失败保留旧数据并提示；翻页失败保留已加载数据并提供行内重试；401跳登录或会话升级，403显示无权限，404不适用,ui_action_adm_ref_004_05,REQ-REF-001;REQ-REF-ACT-002,TST-REF_001-HAPPY;TST-REF_ACT_002-HAPPY,FROZEN_DETAILED_V1.2.2,LIST_QUERY,页面主按钮/行操作/更多菜单/标准弹层，具体位置由模板和页面操作规格确定,页面具备读取权限；筛选项按数据范围和角色显示,网络可用；非正在刷新；翻页时 nextCursor/hasNext 为真,"校验 page,pageSize,cursor,status,keyword,sort",page;pageSize;cursor;status;keyword;sort,不需要,GET /admin-api/v1/commissions；请求模型 AdminReferralGetCommissionsParameters；响应模型 AdminReferralGetCommissionsResponse,同资源单写请求锁；状态机服务端复核,首屏使用骨架屏；刷新保留现有数据；翻页使用列表尾部加载器,GET 可人工重试；网络瞬断最多指数退避自动重试 2 次；筛选变化取消旧请求,留在当前页；点击行/卡片按页面导航规格进入详情,当前资源、来源列表、全局角标/余额/待办中与该领域相关的缓存；禁止无差别清空全部缓存,记录必要业务埋点；读取高敏字段时额外记录访问审计,遵循最小采集；仅记录业务标识和状态，不记录自由文本中的个人信息,GET 可展示明确标记的最近缓存；写操作离线时禁止提交，不进入隐式离线队列,AdminReferralGetCommissionsResponse,READY_FOR_IMPLEMENTATION
ACT-ADM-REF-004-06,ADMIN,ADM-REF-004,直推活跃规则,/growth/referral-activity/rules,行为规则,页面首次进入、下拉刷新、筛选/排序变化或滚动触底时触发；相同查询条件避免并发重复请求,GET /admin-api/v1/referral-activity/rules,adminReferralActivityGetReferralActivityRules,AdminReferralActivityGetReferralActivityRulesParameters,referral.activity.read,不要求,首屏替换数据，翻页仅追加去重；更新分页、筛选回显、总数/游标和最后刷新时间；空结果进入业务空状态,首屏失败显示全页错误与重试；刷新失败保留旧数据并提示；翻页失败保留已加载数据并提供行内重试；401跳登录或会话升级，403显示无权限，404不适用,ui_action_adm_ref_004_06,REQ-REF-001;REQ-REF-ACT-002,TST-REF_001-HAPPY;TST-REF_ACT_002-HAPPY,FROZEN_DETAILED_V1.2.2,LIST_QUERY,页面主按钮/行操作/更多菜单/标准弹层，具体位置由模板和页面操作规格确定,页面具备读取权限；筛选项按数据范围和角色显示,网络可用；非正在刷新；翻页时 nextCursor/hasNext 为真,"校验 page,pageSize,cursor,status,keyword,sort",page;pageSize;cursor;status;keyword;sort,不需要,GET /admin-api/v1/referral-activity/rules；请求模型 AdminReferralActivityGetReferralActivityRulesParameters；响应模型 AdminReferralActivityGetReferralActivityRulesResponse,同资源单写请求锁；状态机服务端复核,首屏使用骨架屏；刷新保留现有数据；翻页使用列表尾部加载器,GET 可人工重试；网络瞬断最多指数退避自动重试 2 次；筛选变化取消旧请求,留在当前页；点击行/卡片按页面导航规格进入详情,当前资源、来源列表、全局角标/余额/待办中与该领域相关的缓存；禁止无差别清空全部缓存,记录必要业务埋点；读取高敏字段时额外记录访问审计,遵循最小采集；仅记录业务标识和状态，不记录自由文本中的个人信息,GET 可展示明确标记的最近缓存；写操作离线时禁止提交，不进入隐式离线队列,AdminReferralActivityGetReferralActivityRulesResponse,READY_FOR_IMPLEMENTATION
ACT-ADM-REF-004-07,ADMIN,ADM-REF-004,直推活跃规则,/growth/referral-activity/rules,创建规则版本,用户显式点击操作入口，且本地字段校验、权限、状态机前置条件全部满足,POST /admin-api/v1/referral-activity/rule-versions,adminReferralActivityPostReferralActivityRuleVersions,AdminReferralActivityPostReferralActivityRuleVersionsRequest,referral.activity.write,X-Idempotency-Key必填,使用响应中的资源和 version 更新页面；清除已提交脏状态；展示“创建规则版本成功”；刷新受影响列表、详情、余额或配置版本,400逐字段映射；401要求重新认证；403隐藏后续写入口并记录越权拒绝；409提示数据已变化并重新加载；422展示业务原因且保留输入；429显示可重试时间；500保留上下文并提供 requestId,ui_action_adm_ref_004_07,REQ-REF-001;REQ-REF-ACT-002,TST-REF_001-HAPPY;TST-REF_ACT_002-HAPPY;TST-REF_001-IDEMPOTENT;TST-REF_ACT_002-IDEMPOTENT,FROZEN_DETAILED_V1.2.2,CREATE_OR_SUBMIT,页面主按钮/行操作/更多菜单/标准弹层，具体位置由模板和页面操作规格确定,具备权限 referral.activity.write，且资源状态允许“创建规则版本”；按钮显示条件由页面状态表和状态机共同决定,不存在同资源写请求；必填字段有效；服务端 version 未被本地标记过期；需要审批时已选择审批单,"校验 X-Idempotency-Key,name,effectiveAt,rule,remark；同一业务意图生成稳定 X-Idempotency-Key；请求体变化必须换键",X-Idempotency-Key;name;effectiveAt;rule;remark,金额、权益或发布范围变化时二次确认；普通可撤销保存不需要,POST /admin-api/v1/referral-activity/rule-versions；请求模型 AdminReferralActivityPostReferralActivityRuleVersionsRequest；响应模型 AdminReferralActivityPostReferralActivityRuleVersionsResponse,X-Idempotency-Key + 服务端结果查询,提交期间锁定同资源写操作，保留输入并显示明确进度；禁止全页无反馈等待,使用同一幂等键仅重试同一请求体；若服务端已受理则先查询结果；409版本冲突不得盲重试,默认留在当前页并刷新；创建成功进入详情，支付/认证/发布结果按对应流程导航,当前资源、来源列表、全局角标/余额/待办中与该领域相关的缓存；禁止无差别清空全部缓存,记录操作人、角色、目标、前后状态/版本、原因、审批单、requestId、IP/设备和结果,遵循最小采集；仅记录业务标识和状态，不记录自由文本中的个人信息,GET 可展示明确标记的最近缓存；写操作离线时禁止提交，不进入隐式离线队列,AdminReferralActivityPostReferralActivityRuleVersionsResponse,READY_FOR_IMPLEMENTATION
ACT-ADM-REF-004-08,ADMIN,ADM-REF-004,直推活跃规则,/growth/referral-activity/rules,直推进度,页面首次进入、下拉刷新、筛选/排序变化或滚动触底时触发；相同查询条件避免并发重复请求,GET /admin-api/v1/referral-activity/progress,adminReferralActivityGetReferralActivityProgress,AdminReferralActivityGetReferralActivityProgressParameters,referral.activity.read,不要求,首屏替换数据，翻页仅追加去重；更新分页、筛选回显、总数/游标和最后刷新时间；空结果进入业务空状态,首屏失败显示全页错误与重试；刷新失败保留旧数据并提示；翻页失败保留已加载数据并提供行内重试；401跳登录或会话升级，403显示无权限，404不适用,ui_action_adm_ref_004_08,REQ-REF-001;REQ-REF-ACT-002,TST-REF_001-HAPPY;TST-REF_ACT_002-HAPPY,FROZEN_DETAILED_V1.2.2,LIST_QUERY,页面主按钮/行操作/更多菜单/标准弹层，具体位置由模板和页面操作规格确定,页面具备读取权限；筛选项按数据范围和角色显示,网络可用；非正在刷新；翻页时 nextCursor/hasNext 为真,"校验 page,pageSize,cursor,status,keyword,sort",page;pageSize;cursor;status;keyword;sort,不需要,GET /admin-api/v1/referral-activity/progress；请求模型 AdminReferralActivityGetReferralActivityProgressParameters；响应模型 AdminReferralActivityGetReferralActivityProgressResponse,同资源单写请求锁；状态机服务端复核,首屏使用骨架屏；刷新保留现有数据；翻页使用列表尾部加载器,GET 可人工重试；网络瞬断最多指数退避自动重试 2 次；筛选变化取消旧请求,留在当前页；点击行/卡片按页面导航规格进入详情,当前资源、来源列表、全局角标/余额/待办中与该领域相关的缓存；禁止无差别清空全部缓存,记录必要业务埋点；读取高敏字段时额外记录访问审计,遵循最小采集；仅记录业务标识和状态，不记录自由文本中的个人信息,GET 可展示明确标记的最近缓存；写操作离线时禁止提交，不进入隐式离线队列,AdminReferralActivityGetReferralActivityProgressResponse,READY_FOR_IMPLEMENTATION
ACT-ADM-REF-005-01,ADMIN,ADM-REF-005,直推进度,/growth/referral-activity/progress,邀请关系列表,页面首次进入、下拉刷新、筛选/排序变化或滚动触底时触发；相同查询条件避免并发重复请求,GET /admin-api/v1/referral-relations,adminReferralGetReferralRelations,AdminReferralGetReferralRelationsParameters,referral.read,不要求,首屏替换数据，翻页仅追加去重；更新分页、筛选回显、总数/游标和最后刷新时间；空结果进入业务空状态,首屏失败显示全页错误与重试；刷新失败保留旧数据并提示；翻页失败保留已加载数据并提供行内重试；401跳登录或会话升级，403显示无权限，404不适用,ui_action_adm_ref_005_01,REQ-REF-001;REQ-REF-ACT-002,TST-REF_001-HAPPY;TST-REF_ACT_002-HAPPY,FROZEN_DETAILED_V1.2.2,LIST_QUERY,页面主按钮/行操作/更多菜单/标准弹层，具体位置由模板和页面操作规格确定,页面具备读取权限；筛选项按数据范围和角色显示,网络可用；非正在刷新；翻页时 nextCursor/hasNext 为真,"校验 page,pageSize,cursor,status,keyword,sort",page;pageSize;cursor;status;keyword;sort,不需要,GET /admin-api/v1/referral-relations；请求模型 AdminReferralGetReferralRelationsParameters；响应模型 AdminReferralGetReferralRelationsResponse,同资源单写请求锁；状态机服务端复核,首屏使用骨架屏；刷新保留现有数据；翻页使用列表尾部加载器,GET 可人工重试；网络瞬断最多指数退避自动重试 2 次；筛选变化取消旧请求,留在当前页；点击行/卡片按页面导航规格进入详情,当前资源、来源列表、全局角标/余额/待办中与该领域相关的缓存；禁止无差别清空全部缓存,记录必要业务埋点；读取高敏字段时额外记录访问审计,遵循最小采集；仅记录业务标识和状态，不记录自由文本中的个人信息,GET 可展示明确标记的最近缓存；写操作离线时禁止提交，不进入隐式离线队列,AdminReferralGetReferralRelationsResponse,READY_FOR_IMPLEMENTATION
ACT-ADM-REF-005-02,ADMIN,ADM-REF-005,直推进度,/growth/referral-activity/progress,纠纷调整关系,用户显式点击操作入口，且本地字段校验、权限、状态机前置条件全部满足,POST /admin-api/v1/referral-relations/{inviteeId}/adjust,adminReferralPostReferralRelationsByInviteeidAdjust,AdminReferralPostReferralRelationsByInviteeidAdjustRequest,referral.adjust,X-Idempotency-Key必填,以响应数据更新页面和关联缓存；展示“纠纷调整关系成功”；仅刷新受影响区域,400逐字段映射；401要求重新认证；403隐藏后续写入口并记录越权拒绝；409提示数据已变化并重新加载；422展示业务原因且保留输入；429显示可重试时间；500保留上下文并提供 requestId,ui_action_adm_ref_005_02,REQ-REF-001;REQ-REF-ACT-002,TST-REF_001-HAPPY;TST-REF_ACT_002-HAPPY;TST-REF_001-IDEMPOTENT;TST-REF_ACT_002-IDEMPOTENT,FROZEN_DETAILED_V1.2.2,CONTROLLED_COMMAND,页面主按钮/行操作/更多菜单/标准弹层，具体位置由模板和页面操作规格确定,具备权限 referral.adjust，且资源状态允许“纠纷调整关系”；按钮显示条件由页面状态表和状态机共同决定,不存在同资源写请求；必填字段有效；服务端 version 未被本地标记过期；需要审批时已选择审批单,"校验 inviteeId,X-Idempotency-Key,newInviterId,reason,expectedVersion；expectedVersion 必须等于页面最后一次成功读取的服务端版本；同一业务意图生成稳定 X-Idempotency-Key；请求体变化必须换键",inviteeId;X-Idempotency-Key;newInviterId;reason;expectedVersion,必须二次确认；确认框展示目标、影响、不可逆性、原因、审批要求和将触发的通知,POST /admin-api/v1/referral-relations/{inviteeId}/adjust；请求模型 AdminReferralPostReferralRelationsByInviteeidAdjustRequest；响应模型 AdminReferralPostReferralRelationsByInviteeidAdjustResponse,expectedVersion 乐观锁 + X-Idempotency-Key + 服务端结果查询,提交期间锁定同资源写操作，保留输入并显示明确进度；禁止全页无反馈等待,使用同一幂等键仅重试同一请求体；若服务端已受理则先查询结果；409版本冲突不得盲重试,默认留在当前页并刷新；创建成功进入详情，支付/认证/发布结果按对应流程导航,当前资源、来源列表、全局角标/余额/待办中与该领域相关的缓存；禁止无差别清空全部缓存,记录操作人、角色、目标、前后状态/版本、原因、审批单、requestId、IP/设备和结果,遵循最小采集；仅记录业务标识和状态，不记录自由文本中的个人信息,GET 可展示明确标记的最近缓存；写操作离线时禁止提交，不进入隐式离线队列,AdminReferralPostReferralRelationsByInviteeidAdjustResponse,READY_FOR_IMPLEMENTATION
ACT-ADM-REF-005-03,ADMIN,ADM-REF-005,直推进度,/growth/referral-activity/progress,佣金策略,页面首次进入、下拉刷新、筛选/排序变化或滚动触底时触发；相同查询条件避免并发重复请求,GET /admin-api/v1/commission-policies,adminReferralGetCommissionPolicies,AdminReferralGetCommissionPoliciesParameters,commission.read,不要求,首屏替换数据，翻页仅追加去重；更新分页、筛选回显、总数/游标和最后刷新时间；空结果进入业务空状态,首屏失败显示全页错误与重试；刷新失败保留旧数据并提示；翻页失败保留已加载数据并提供行内重试；401跳登录或会话升级，403显示无权限，404不适用,ui_action_adm_ref_005_03,REQ-REF-001;REQ-REF-ACT-002,TST-REF_001-HAPPY;TST-REF_ACT_002-HAPPY,FROZEN_DETAILED_V1.2.2,LIST_QUERY,页面主按钮/行操作/更多菜单/标准弹层，具体位置由模板和页面操作规格确定,页面具备读取权限；筛选项按数据范围和角色显示,网络可用；非正在刷新；翻页时 nextCursor/hasNext 为真,"校验 page,pageSize,cursor,status,keyword,sort",page;pageSize;cursor;status;keyword;sort,不需要,GET /admin-api/v1/commission-policies；请求模型 AdminReferralGetCommissionPoliciesParameters；响应模型 AdminReferralGetCommissionPoliciesResponse,同资源单写请求锁；状态机服务端复核,首屏使用骨架屏；刷新保留现有数据；翻页使用列表尾部加载器,GET 可人工重试；网络瞬断最多指数退避自动重试 2 次；筛选变化取消旧请求,留在当前页；点击行/卡片按页面导航规格进入详情,当前资源、来源列表、全局角标/余额/待办中与该领域相关的缓存；禁止无差别清空全部缓存,记录必要业务埋点；读取高敏字段时额外记录访问审计,遵循最小采集；仅记录业务标识和状态，不记录自由文本中的个人信息,GET 可展示明确标记的最近缓存；写操作离线时禁止提交，不进入隐式离线队列,AdminReferralGetCommissionPoliciesResponse,READY_FOR_IMPLEMENTATION
ACT-ADM-REF-005-04,ADMIN,ADM-REF-005,直推进度,/growth/referral-activity/progress,创建策略版本,用户显式点击操作入口，且本地字段校验、权限、状态机前置条件全部满足,POST /admin-api/v1/commission-policies,adminReferralPostCommissionPolicies,AdminReferralPostCommissionPoliciesRequest,commission.write,X-Idempotency-Key必填,使用响应中的资源和 version 更新页面；清除已提交脏状态；展示“创建策略版本成功”；刷新受影响列表、详情、余额或配置版本,400逐字段映射；401要求重新认证；403隐藏后续写入口并记录越权拒绝；409提示数据已变化并重新加载；422展示业务原因且保留输入；429显示可重试时间；500保留上下文并提供 requestId,ui_action_adm_ref_005_04,REQ-REF-001;REQ-REF-ACT-002,TST-REF_001-HAPPY;TST-REF_ACT_002-HAPPY;TST-REF_001-IDEMPOTENT;TST-REF_ACT_002-IDEMPOTENT,FROZEN_DETAILED_V1.2.2,CREATE_OR_SUBMIT,页面主按钮/行操作/更多菜单/标准弹层，具体位置由模板和页面操作规格确定,具备权限 commission.write，且资源状态允许“创建策略版本”；按钮显示条件由页面状态表和状态机共同决定,不存在同资源写请求；必填字段有效；服务端 version 未被本地标记过期；需要审批时已选择审批单,"校验 X-Idempotency-Key,name,effectiveAt,criteria,rule,remark；同一业务意图生成稳定 X-Idempotency-Key；请求体变化必须换键",X-Idempotency-Key;name;effectiveAt;criteria;rule;remark,金额、权益或发布范围变化时二次确认；普通可撤销保存不需要,POST /admin-api/v1/commission-policies；请求模型 AdminReferralPostCommissionPoliciesRequest；响应模型 AdminReferralPostCommissionPoliciesResponse,X-Idempotency-Key + 服务端结果查询,提交期间锁定同资源写操作，保留输入并显示明确进度；禁止全页无反馈等待,使用同一幂等键仅重试同一请求体；若服务端已受理则先查询结果；409版本冲突不得盲重试,默认留在当前页并刷新；创建成功进入详情，支付/认证/发布结果按对应流程导航,当前资源、来源列表、全局角标/余额/待办中与该领域相关的缓存；禁止无差别清空全部缓存,记录操作人、角色、目标、前后状态/版本、原因、审批单、requestId、IP/设备和结果,遵循最小采集；仅记录业务标识和状态，不记录自由文本中的个人信息,GET 可展示明确标记的最近缓存；写操作离线时禁止提交，不进入隐式离线队列,AdminReferralPostCommissionPoliciesResponse,READY_FOR_IMPLEMENTATION
ACT-ADM-REF-005-05,ADMIN,ADM-REF-005,直推进度,/growth/referral-activity/progress,佣金记录,页面首次进入、下拉刷新、筛选/排序变化或滚动触底时触发；相同查询条件避免并发重复请求,GET /admin-api/v1/commissions,adminReferralGetCommissions,AdminReferralGetCommissionsParameters,commission.read,不要求,首屏替换数据，翻页仅追加去重；更新分页、筛选回显、总数/游标和最后刷新时间；空结果进入业务空状态,首屏失败显示全页错误与重试；刷新失败保留旧数据并提示；翻页失败保留已加载数据并提供行内重试；401跳登录或会话升级，403显示无权限，404不适用,ui_action_adm_ref_005_05,REQ-REF-001;REQ-REF-ACT-002,TST-REF_001-HAPPY;TST-REF_ACT_002-HAPPY,FROZEN_DETAILED_V1.2.2,LIST_QUERY,页面主按钮/行操作/更多菜单/标准弹层，具体位置由模板和页面操作规格确定,页面具备读取权限；筛选项按数据范围和角色显示,网络可用；非正在刷新；翻页时 nextCursor/hasNext 为真,"校验 page,pageSize,cursor,status,keyword,sort",page;pageSize;cursor;status;keyword;sort,不需要,GET /admin-api/v1/commissions；请求模型 AdminReferralGetCommissionsParameters；响应模型 AdminReferralGetCommissionsResponse,同资源单写请求锁；状态机服务端复核,首屏使用骨架屏；刷新保留现有数据；翻页使用列表尾部加载器,GET 可人工重试；网络瞬断最多指数退避自动重试 2 次；筛选变化取消旧请求,留在当前页；点击行/卡片按页面导航规格进入详情,当前资源、来源列表、全局角标/余额/待办中与该领域相关的缓存；禁止无差别清空全部缓存,记录必要业务埋点；读取高敏字段时额外记录访问审计,遵循最小采集；仅记录业务标识和状态，不记录自由文本中的个人信息,GET 可展示明确标记的最近缓存；写操作离线时禁止提交，不进入隐式离线队列,AdminReferralGetCommissionsResponse,READY_FOR_IMPLEMENTATION
ACT-ADM-REF-005-06,ADMIN,ADM-REF-005,直推进度,/growth/referral-activity/progress,行为规则,页面首次进入、下拉刷新、筛选/排序变化或滚动触底时触发；相同查询条件避免并发重复请求,GET /admin-api/v1/referral-activity/rules,adminReferralActivityGetReferralActivityRules,AdminReferralActivityGetReferralActivityRulesParameters,referral.activity.read,不要求,首屏替换数据，翻页仅追加去重；更新分页、筛选回显、总数/游标和最后刷新时间；空结果进入业务空状态,首屏失败显示全页错误与重试；刷新失败保留旧数据并提示；翻页失败保留已加载数据并提供行内重试；401跳登录或会话升级，403显示无权限，404不适用,ui_action_adm_ref_005_06,REQ-REF-001;REQ-REF-ACT-002,TST-REF_001-HAPPY;TST-REF_ACT_002-HAPPY,FROZEN_DETAILED_V1.2.2,LIST_QUERY,页面主按钮/行操作/更多菜单/标准弹层，具体位置由模板和页面操作规格确定,页面具备读取权限；筛选项按数据范围和角色显示,网络可用；非正在刷新；翻页时 nextCursor/hasNext 为真,"校验 page,pageSize,cursor,status,keyword,sort",page;pageSize;cursor;status;keyword;sort,不需要,GET /admin-api/v1/referral-activity/rules；请求模型 AdminReferralActivityGetReferralActivityRulesParameters；响应模型 AdminReferralActivityGetReferralActivityRulesResponse,同资源单写请求锁；状态机服务端复核,首屏使用骨架屏；刷新保留现有数据；翻页使用列表尾部加载器,GET 可人工重试；网络瞬断最多指数退避自动重试 2 次；筛选变化取消旧请求,留在当前页；点击行/卡片按页面导航规格进入详情,当前资源、来源列表、全局角标/余额/待办中与该领域相关的缓存；禁止无差别清空全部缓存,记录必要业务埋点；读取高敏字段时额外记录访问审计,遵循最小采集；仅记录业务标识和状态，不记录自由文本中的个人信息,GET 可展示明确标记的最近缓存；写操作离线时禁止提交，不进入隐式离线队列,AdminReferralActivityGetReferralActivityRulesResponse,READY_FOR_IMPLEMENTATION
ACT-ADM-REF-005-07,ADMIN,ADM-REF-005,直推进度,/growth/referral-activity/progress,创建规则版本,用户显式点击操作入口，且本地字段校验、权限、状态机前置条件全部满足,POST /admin-api/v1/referral-activity/rule-versions,adminReferralActivityPostReferralActivityRuleVersions,AdminReferralActivityPostReferralActivityRuleVersionsRequest,referral.activity.write,X-Idempotency-Key必填,使用响应中的资源和 version 更新页面；清除已提交脏状态；展示“创建规则版本成功”；刷新受影响列表、详情、余额或配置版本,400逐字段映射；401要求重新认证；403隐藏后续写入口并记录越权拒绝；409提示数据已变化并重新加载；422展示业务原因且保留输入；429显示可重试时间；500保留上下文并提供 requestId,ui_action_adm_ref_005_07,REQ-REF-001;REQ-REF-ACT-002,TST-REF_001-HAPPY;TST-REF_ACT_002-HAPPY;TST-REF_001-IDEMPOTENT;TST-REF_ACT_002-IDEMPOTENT,FROZEN_DETAILED_V1.2.2,CREATE_OR_SUBMIT,页面主按钮/行操作/更多菜单/标准弹层，具体位置由模板和页面操作规格确定,具备权限 referral.activity.write，且资源状态允许“创建规则版本”；按钮显示条件由页面状态表和状态机共同决定,不存在同资源写请求；必填字段有效；服务端 version 未被本地标记过期；需要审批时已选择审批单,"校验 X-Idempotency-Key,name,effectiveAt,rule,remark；同一业务意图生成稳定 X-Idempotency-Key；请求体变化必须换键",X-Idempotency-Key;name;effectiveAt;rule;remark,金额、权益或发布范围变化时二次确认；普通可撤销保存不需要,POST /admin-api/v1/referral-activity/rule-versions；请求模型 AdminReferralActivityPostReferralActivityRuleVersionsRequest；响应模型 AdminReferralActivityPostReferralActivityRuleVersionsResponse,X-Idempotency-Key + 服务端结果查询,提交期间锁定同资源写操作，保留输入并显示明确进度；禁止全页无反馈等待,使用同一幂等键仅重试同一请求体；若服务端已受理则先查询结果；409版本冲突不得盲重试,默认留在当前页并刷新；创建成功进入详情，支付/认证/发布结果按对应流程导航,当前资源、来源列表、全局角标/余额/待办中与该领域相关的缓存；禁止无差别清空全部缓存,记录操作人、角色、目标、前后状态/版本、原因、审批单、requestId、IP/设备和结果,遵循最小采集；仅记录业务标识和状态，不记录自由文本中的个人信息,GET 可展示明确标记的最近缓存；写操作离线时禁止提交，不进入隐式离线队列,AdminReferralActivityPostReferralActivityRuleVersionsResponse,READY_FOR_IMPLEMENTATION
ACT-ADM-REF-005-08,ADMIN,ADM-REF-005,直推进度,/growth/referral-activity/progress,直推进度,页面首次进入、下拉刷新、筛选/排序变化或滚动触底时触发；相同查询条件避免并发重复请求,GET /admin-api/v1/referral-activity/progress,adminReferralActivityGetReferralActivityProgress,AdminReferralActivityGetReferralActivityProgressParameters,referral.activity.read,不要求,首屏替换数据，翻页仅追加去重；更新分页、筛选回显、总数/游标和最后刷新时间；空结果进入业务空状态,首屏失败显示全页错误与重试；刷新失败保留旧数据并提示；翻页失败保留已加载数据并提供行内重试；401跳登录或会话升级，403显示无权限，404不适用,ui_action_adm_ref_005_08,REQ-REF-001;REQ-REF-ACT-002,TST-REF_001-HAPPY;TST-REF_ACT_002-HAPPY,FROZEN_DETAILED_V1.2.2,LIST_QUERY,页面主按钮/行操作/更多菜单/标准弹层，具体位置由模板和页面操作规格确定,页面具备读取权限；筛选项按数据范围和角色显示,网络可用；非正在刷新；翻页时 nextCursor/hasNext 为真,"校验 page,pageSize,cursor,status,keyword,sort",page;pageSize;cursor;status;keyword;sort,不需要,GET /admin-api/v1/referral-activity/progress；请求模型 AdminReferralActivityGetReferralActivityProgressParameters；响应模型 AdminReferralActivityGetReferralActivityProgressResponse,同资源单写请求锁；状态机服务端复核,首屏使用骨架屏；刷新保留现有数据；翻页使用列表尾部加载器,GET 可人工重试；网络瞬断最多指数退避自动重试 2 次；筛选变化取消旧请求,留在当前页；点击行/卡片按页面导航规格进入详情,当前资源、来源列表、全局角标/余额/待办中与该领域相关的缓存；禁止无差别清空全部缓存,记录必要业务埋点；读取高敏字段时额外记录访问审计,遵循最小采集；仅记录业务标识和状态，不记录自由文本中的个人信息,GET 可展示明确标记的最近缓存；写操作离线时禁止提交，不进入隐式离线队列,AdminReferralActivityGetReferralActivityProgressResponse,READY_FOR_IMPLEMENTATION
ACT-ADM-REF-006-01,ADMIN,ADM-REF-006,阶梯奖励矩阵,/growth/referral-activity/matrix,邀请关系列表,页面首次进入、下拉刷新、筛选/排序变化或滚动触底时触发；相同查询条件避免并发重复请求,GET /admin-api/v1/referral-relations,adminReferralGetReferralRelations,AdminReferralGetReferralRelationsParameters,referral.read,不要求,首屏替换数据，翻页仅追加去重；更新分页、筛选回显、总数/游标和最后刷新时间；空结果进入业务空状态,首屏失败显示全页错误与重试；刷新失败保留旧数据并提示；翻页失败保留已加载数据并提供行内重试；401跳登录或会话升级，403显示无权限，404不适用,ui_action_adm_ref_006_01,REQ-REF-001;REQ-REF-ACT-002,TST-REF_001-HAPPY;TST-REF_ACT_002-HAPPY,FROZEN_DETAILED_V1.2.2,LIST_QUERY,页面主按钮/行操作/更多菜单/标准弹层，具体位置由模板和页面操作规格确定,页面具备读取权限；筛选项按数据范围和角色显示,网络可用；非正在刷新；翻页时 nextCursor/hasNext 为真,"校验 page,pageSize,cursor,status,keyword,sort",page;pageSize;cursor;status;keyword;sort,不需要,GET /admin-api/v1/referral-relations；请求模型 AdminReferralGetReferralRelationsParameters；响应模型 AdminReferralGetReferralRelationsResponse,同资源单写请求锁；状态机服务端复核,首屏使用骨架屏；刷新保留现有数据；翻页使用列表尾部加载器,GET 可人工重试；网络瞬断最多指数退避自动重试 2 次；筛选变化取消旧请求,留在当前页；点击行/卡片按页面导航规格进入详情,当前资源、来源列表、全局角标/余额/待办中与该领域相关的缓存；禁止无差别清空全部缓存,记录必要业务埋点；读取高敏字段时额外记录访问审计,遵循最小采集；仅记录业务标识和状态，不记录自由文本中的个人信息,GET 可展示明确标记的最近缓存；写操作离线时禁止提交，不进入隐式离线队列,AdminReferralGetReferralRelationsResponse,READY_FOR_IMPLEMENTATION
ACT-ADM-REF-006-02,ADMIN,ADM-REF-006,阶梯奖励矩阵,/growth/referral-activity/matrix,纠纷调整关系,用户显式点击操作入口，且本地字段校验、权限、状态机前置条件全部满足,POST /admin-api/v1/referral-relations/{inviteeId}/adjust,adminReferralPostReferralRelationsByInviteeidAdjust,AdminReferralPostReferralRelationsByInviteeidAdjustRequest,referral.adjust,X-Idempotency-Key必填,以响应数据更新页面和关联缓存；展示“纠纷调整关系成功”；仅刷新受影响区域,400逐字段映射；401要求重新认证；403隐藏后续写入口并记录越权拒绝；409提示数据已变化并重新加载；422展示业务原因且保留输入；429显示可重试时间；500保留上下文并提供 requestId,ui_action_adm_ref_006_02,REQ-REF-001;REQ-REF-ACT-002,TST-REF_001-HAPPY;TST-REF_ACT_002-HAPPY;TST-REF_001-IDEMPOTENT;TST-REF_ACT_002-IDEMPOTENT,FROZEN_DETAILED_V1.2.2,CONTROLLED_COMMAND,页面主按钮/行操作/更多菜单/标准弹层，具体位置由模板和页面操作规格确定,具备权限 referral.adjust，且资源状态允许“纠纷调整关系”；按钮显示条件由页面状态表和状态机共同决定,不存在同资源写请求；必填字段有效；服务端 version 未被本地标记过期；需要审批时已选择审批单,"校验 inviteeId,X-Idempotency-Key,newInviterId,reason,expectedVersion；expectedVersion 必须等于页面最后一次成功读取的服务端版本；同一业务意图生成稳定 X-Idempotency-Key；请求体变化必须换键",inviteeId;X-Idempotency-Key;newInviterId;reason;expectedVersion,必须二次确认；确认框展示目标、影响、不可逆性、原因、审批要求和将触发的通知,POST /admin-api/v1/referral-relations/{inviteeId}/adjust；请求模型 AdminReferralPostReferralRelationsByInviteeidAdjustRequest；响应模型 AdminReferralPostReferralRelationsByInviteeidAdjustResponse,expectedVersion 乐观锁 + X-Idempotency-Key + 服务端结果查询,提交期间锁定同资源写操作，保留输入并显示明确进度；禁止全页无反馈等待,使用同一幂等键仅重试同一请求体；若服务端已受理则先查询结果；409版本冲突不得盲重试,默认留在当前页并刷新；创建成功进入详情，支付/认证/发布结果按对应流程导航,当前资源、来源列表、全局角标/余额/待办中与该领域相关的缓存；禁止无差别清空全部缓存,记录操作人、角色、目标、前后状态/版本、原因、审批单、requestId、IP/设备和结果,遵循最小采集；仅记录业务标识和状态，不记录自由文本中的个人信息,GET 可展示明确标记的最近缓存；写操作离线时禁止提交，不进入隐式离线队列,AdminReferralPostReferralRelationsByInviteeidAdjustResponse,READY_FOR_IMPLEMENTATION
ACT-ADM-REF-006-03,ADMIN,ADM-REF-006,阶梯奖励矩阵,/growth/referral-activity/matrix,佣金策略,页面首次进入、下拉刷新、筛选/排序变化或滚动触底时触发；相同查询条件避免并发重复请求,GET /admin-api/v1/commission-policies,adminReferralGetCommissionPolicies,AdminReferralGetCommissionPoliciesParameters,commission.read,不要求,首屏替换数据，翻页仅追加去重；更新分页、筛选回显、总数/游标和最后刷新时间；空结果进入业务空状态,首屏失败显示全页错误与重试；刷新失败保留旧数据并提示；翻页失败保留已加载数据并提供行内重试；401跳登录或会话升级，403显示无权限，404不适用,ui_action_adm_ref_006_03,REQ-REF-001;REQ-REF-ACT-002,TST-REF_001-HAPPY;TST-REF_ACT_002-HAPPY,FROZEN_DETAILED_V1.2.2,LIST_QUERY,页面主按钮/行操作/更多菜单/标准弹层，具体位置由模板和页面操作规格确定,页面具备读取权限；筛选项按数据范围和角色显示,网络可用；非正在刷新；翻页时 nextCursor/hasNext 为真,"校验 page,pageSize,cursor,status,keyword,sort",page;pageSize;cursor;status;keyword;sort,不需要,GET /admin-api/v1/commission-policies；请求模型 AdminReferralGetCommissionPoliciesParameters；响应模型 AdminReferralGetCommissionPoliciesResponse,同资源单写请求锁；状态机服务端复核,首屏使用骨架屏；刷新保留现有数据；翻页使用列表尾部加载器,GET 可人工重试；网络瞬断最多指数退避自动重试 2 次；筛选变化取消旧请求,留在当前页；点击行/卡片按页面导航规格进入详情,当前资源、来源列表、全局角标/余额/待办中与该领域相关的缓存；禁止无差别清空全部缓存,记录必要业务埋点；读取高敏字段时额外记录访问审计,遵循最小采集；仅记录业务标识和状态，不记录自由文本中的个人信息,GET 可展示明确标记的最近缓存；写操作离线时禁止提交，不进入隐式离线队列,AdminReferralGetCommissionPoliciesResponse,READY_FOR_IMPLEMENTATION
ACT-ADM-REF-006-04,ADMIN,ADM-REF-006,阶梯奖励矩阵,/growth/referral-activity/matrix,创建策略版本,用户显式点击操作入口，且本地字段校验、权限、状态机前置条件全部满足,POST /admin-api/v1/commission-policies,adminReferralPostCommissionPolicies,AdminReferralPostCommissionPoliciesRequest,commission.write,X-Idempotency-Key必填,使用响应中的资源和 version 更新页面；清除已提交脏状态；展示“创建策略版本成功”；刷新受影响列表、详情、余额或配置版本,400逐字段映射；401要求重新认证；403隐藏后续写入口并记录越权拒绝；409提示数据已变化并重新加载；422展示业务原因且保留输入；429显示可重试时间；500保留上下文并提供 requestId,ui_action_adm_ref_006_04,REQ-REF-001;REQ-REF-ACT-002,TST-REF_001-HAPPY;TST-REF_ACT_002-HAPPY;TST-REF_001-IDEMPOTENT;TST-REF_ACT_002-IDEMPOTENT,FROZEN_DETAILED_V1.2.2,CREATE_OR_SUBMIT,页面主按钮/行操作/更多菜单/标准弹层，具体位置由模板和页面操作规格确定,具备权限 commission.write，且资源状态允许“创建策略版本”；按钮显示条件由页面状态表和状态机共同决定,不存在同资源写请求；必填字段有效；服务端 version 未被本地标记过期；需要审批时已选择审批单,"校验 X-Idempotency-Key,name,effectiveAt,criteria,rule,remark；同一业务意图生成稳定 X-Idempotency-Key；请求体变化必须换键",X-Idempotency-Key;name;effectiveAt;criteria;rule;remark,金额、权益或发布范围变化时二次确认；普通可撤销保存不需要,POST /admin-api/v1/commission-policies；请求模型 AdminReferralPostCommissionPoliciesRequest；响应模型 AdminReferralPostCommissionPoliciesResponse,X-Idempotency-Key + 服务端结果查询,提交期间锁定同资源写操作，保留输入并显示明确进度；禁止全页无反馈等待,使用同一幂等键仅重试同一请求体；若服务端已受理则先查询结果；409版本冲突不得盲重试,默认留在当前页并刷新；创建成功进入详情，支付/认证/发布结果按对应流程导航,当前资源、来源列表、全局角标/余额/待办中与该领域相关的缓存；禁止无差别清空全部缓存,记录操作人、角色、目标、前后状态/版本、原因、审批单、requestId、IP/设备和结果,遵循最小采集；仅记录业务标识和状态，不记录自由文本中的个人信息,GET 可展示明确标记的最近缓存；写操作离线时禁止提交，不进入隐式离线队列,AdminReferralPostCommissionPoliciesResponse,READY_FOR_IMPLEMENTATION
ACT-ADM-REF-006-05,ADMIN,ADM-REF-006,阶梯奖励矩阵,/growth/referral-activity/matrix,佣金记录,页面首次进入、下拉刷新、筛选/排序变化或滚动触底时触发；相同查询条件避免并发重复请求,GET /admin-api/v1/commissions,adminReferralGetCommissions,AdminReferralGetCommissionsParameters,commission.read,不要求,首屏替换数据，翻页仅追加去重；更新分页、筛选回显、总数/游标和最后刷新时间；空结果进入业务空状态,首屏失败显示全页错误与重试；刷新失败保留旧数据并提示；翻页失败保留已加载数据并提供行内重试；401跳登录或会话升级，403显示无权限，404不适用,ui_action_adm_ref_006_05,REQ-REF-001;REQ-REF-ACT-002,TST-REF_001-HAPPY;TST-REF_ACT_002-HAPPY,FROZEN_DETAILED_V1.2.2,LIST_QUERY,页面主按钮/行操作/更多菜单/标准弹层，具体位置由模板和页面操作规格确定,页面具备读取权限；筛选项按数据范围和角色显示,网络可用；非正在刷新；翻页时 nextCursor/hasNext 为真,"校验 page,pageSize,cursor,status,keyword,sort",page;pageSize;cursor;status;keyword;sort,不需要,GET /admin-api/v1/commissions；请求模型 AdminReferralGetCommissionsParameters；响应模型 AdminReferralGetCommissionsResponse,同资源单写请求锁；状态机服务端复核,首屏使用骨架屏；刷新保留现有数据；翻页使用列表尾部加载器,GET 可人工重试；网络瞬断最多指数退避自动重试 2 次；筛选变化取消旧请求,留在当前页；点击行/卡片按页面导航规格进入详情,当前资源、来源列表、全局角标/余额/待办中与该领域相关的缓存；禁止无差别清空全部缓存,记录必要业务埋点；读取高敏字段时额外记录访问审计,遵循最小采集；仅记录业务标识和状态，不记录自由文本中的个人信息,GET 可展示明确标记的最近缓存；写操作离线时禁止提交，不进入隐式离线队列,AdminReferralGetCommissionsResponse,READY_FOR_IMPLEMENTATION
ACT-ADM-REF-006-06,ADMIN,ADM-REF-006,阶梯奖励矩阵,/growth/referral-activity/matrix,行为规则,页面首次进入、下拉刷新、筛选/排序变化或滚动触底时触发；相同查询条件避免并发重复请求,GET /admin-api/v1/referral-activity/rules,adminReferralActivityGetReferralActivityRules,AdminReferralActivityGetReferralActivityRulesParameters,referral.activity.read,不要求,首屏替换数据，翻页仅追加去重；更新分页、筛选回显、总数/游标和最后刷新时间；空结果进入业务空状态,首屏失败显示全页错误与重试；刷新失败保留旧数据并提示；翻页失败保留已加载数据并提供行内重试；401跳登录或会话升级，403显示无权限，404不适用,ui_action_adm_ref_006_06,REQ-REF-001;REQ-REF-ACT-002,TST-REF_001-HAPPY;TST-REF_ACT_002-HAPPY,FROZEN_DETAILED_V1.2.2,LIST_QUERY,页面主按钮/行操作/更多菜单/标准弹层，具体位置由模板和页面操作规格确定,页面具备读取权限；筛选项按数据范围和角色显示,网络可用；非正在刷新；翻页时 nextCursor/hasNext 为真,"校验 page,pageSize,cursor,status,keyword,sort",page;pageSize;cursor;status;keyword;sort,不需要,GET /admin-api/v1/referral-activity/rules；请求模型 AdminReferralActivityGetReferralActivityRulesParameters；响应模型 AdminReferralActivityGetReferralActivityRulesResponse,同资源单写请求锁；状态机服务端复核,首屏使用骨架屏；刷新保留现有数据；翻页使用列表尾部加载器,GET 可人工重试；网络瞬断最多指数退避自动重试 2 次；筛选变化取消旧请求,留在当前页；点击行/卡片按页面导航规格进入详情,当前资源、来源列表、全局角标/余额/待办中与该领域相关的缓存；禁止无差别清空全部缓存,记录必要业务埋点；读取高敏字段时额外记录访问审计,遵循最小采集；仅记录业务标识和状态，不记录自由文本中的个人信息,GET 可展示明确标记的最近缓存；写操作离线时禁止提交，不进入隐式离线队列,AdminReferralActivityGetReferralActivityRulesResponse,READY_FOR_IMPLEMENTATION
ACT-ADM-REF-006-07,ADMIN,ADM-REF-006,阶梯奖励矩阵,/growth/referral-activity/matrix,创建规则版本,用户显式点击操作入口，且本地字段校验、权限、状态机前置条件全部满足,POST /admin-api/v1/referral-activity/rule-versions,adminReferralActivityPostReferralActivityRuleVersions,AdminReferralActivityPostReferralActivityRuleVersionsRequest,referral.activity.write,X-Idempotency-Key必填,使用响应中的资源和 version 更新页面；清除已提交脏状态；展示“创建规则版本成功”；刷新受影响列表、详情、余额或配置版本,400逐字段映射；401要求重新认证；403隐藏后续写入口并记录越权拒绝；409提示数据已变化并重新加载；422展示业务原因且保留输入；429显示可重试时间；500保留上下文并提供 requestId,ui_action_adm_ref_006_07,REQ-REF-001;REQ-REF-ACT-002,TST-REF_001-HAPPY;TST-REF_ACT_002-HAPPY;TST-REF_001-IDEMPOTENT;TST-REF_ACT_002-IDEMPOTENT,FROZEN_DETAILED_V1.2.2,CREATE_OR_SUBMIT,页面主按钮/行操作/更多菜单/标准弹层，具体位置由模板和页面操作规格确定,具备权限 referral.activity.write，且资源状态允许“创建规则版本”；按钮显示条件由页面状态表和状态机共同决定,不存在同资源写请求；必填字段有效；服务端 version 未被本地标记过期；需要审批时已选择审批单,"校验 X-Idempotency-Key,name,effectiveAt,rule,remark；同一业务意图生成稳定 X-Idempotency-Key；请求体变化必须换键",X-Idempotency-Key;name;effectiveAt;rule;remark,金额、权益或发布范围变化时二次确认；普通可撤销保存不需要,POST /admin-api/v1/referral-activity/rule-versions；请求模型 AdminReferralActivityPostReferralActivityRuleVersionsRequest；响应模型 AdminReferralActivityPostReferralActivityRuleVersionsResponse,X-Idempotency-Key + 服务端结果查询,提交期间锁定同资源写操作，保留输入并显示明确进度；禁止全页无反馈等待,使用同一幂等键仅重试同一请求体；若服务端已受理则先查询结果；409版本冲突不得盲重试,默认留在当前页并刷新；创建成功进入详情，支付/认证/发布结果按对应流程导航,当前资源、来源列表、全局角标/余额/待办中与该领域相关的缓存；禁止无差别清空全部缓存,记录操作人、角色、目标、前后状态/版本、原因、审批单、requestId、IP/设备和结果,遵循最小采集；仅记录业务标识和状态，不记录自由文本中的个人信息,GET 可展示明确标记的最近缓存；写操作离线时禁止提交，不进入隐式离线队列,AdminReferralActivityPostReferralActivityRuleVersionsResponse,READY_FOR_IMPLEMENTATION
ACT-ADM-REF-006-08,ADMIN,ADM-REF-006,阶梯奖励矩阵,/growth/referral-activity/matrix,直推进度,页面首次进入、下拉刷新、筛选/排序变化或滚动触底时触发；相同查询条件避免并发重复请求,GET /admin-api/v1/referral-activity/progress,adminReferralActivityGetReferralActivityProgress,AdminReferralActivityGetReferralActivityProgressParameters,referral.activity.read,不要求,首屏替换数据，翻页仅追加去重；更新分页、筛选回显、总数/游标和最后刷新时间；空结果进入业务空状态,首屏失败显示全页错误与重试；刷新失败保留旧数据并提示；翻页失败保留已加载数据并提供行内重试；401跳登录或会话升级，403显示无权限，404不适用,ui_action_adm_ref_006_08,REQ-REF-001;REQ-REF-ACT-002,TST-REF_001-HAPPY;TST-REF_ACT_002-HAPPY,FROZEN_DETAILED_V1.2.2,LIST_QUERY,页面主按钮/行操作/更多菜单/标准弹层，具体位置由模板和页面操作规格确定,页面具备读取权限；筛选项按数据范围和角色显示,网络可用；非正在刷新；翻页时 nextCursor/hasNext 为真,"校验 page,pageSize,cursor,status,keyword,sort",page;pageSize;cursor;status;keyword;sort,不需要,GET /admin-api/v1/referral-activity/progress；请求模型 AdminReferralActivityGetReferralActivityProgressParameters；响应模型 AdminReferralActivityGetReferralActivityProgressResponse,同资源单写请求锁；状态机服务端复核,首屏使用骨架屏；刷新保留现有数据；翻页使用列表尾部加载器,GET 可人工重试；网络瞬断最多指数退避自动重试 2 次；筛选变化取消旧请求,留在当前页；点击行/卡片按页面导航规格进入详情,当前资源、来源列表、全局角标/余额/待办中与该领域相关的缓存；禁止无差别清空全部缓存,记录必要业务埋点；读取高敏字段时额外记录访问审计,遵循最小采集；仅记录业务标识和状态，不记录自由文本中的个人信息,GET 可展示明确标记的最近缓存；写操作离线时禁止提交，不进入隐式离线队列,AdminReferralActivityGetReferralActivityProgressResponse,READY_FOR_IMPLEMENTATION
ACT-ADM-TASK-001-01,ADMIN,ADM-TASK-001,任务定义,/growth/tasks/definitions,任务定义,页面首次进入、下拉刷新、筛选/排序变化或滚动触底时触发；相同查询条件避免并发重复请求,GET /admin-api/v1/tasks,adminTasksGetTasks,AdminTasksGetTasksParameters,task.read,不要求,首屏替换数据，翻页仅追加去重；更新分页、筛选回显、总数/游标和最后刷新时间；空结果进入业务空状态,首屏失败显示全页错误与重试；刷新失败保留旧数据并提示；翻页失败保留已加载数据并提供行内重试；401跳登录或会话升级，403显示无权限，404不适用,ui_action_adm_task_001_01,REQ-TASK-002,TST-TASK_002-HAPPY,FROZEN_DETAILED_V1.2.2,LIST_QUERY,页面主按钮/行操作/更多菜单/标准弹层，具体位置由模板和页面操作规格确定,页面具备读取权限；筛选项按数据范围和角色显示,网络可用；非正在刷新；翻页时 nextCursor/hasNext 为真,"校验 page,pageSize,cursor,status,keyword,sort",page;pageSize;cursor;status;keyword;sort,不需要,GET /admin-api/v1/tasks；请求模型 AdminTasksGetTasksParameters；响应模型 AdminTasksGetTasksResponse,同资源单写请求锁；状态机服务端复核,首屏使用骨架屏；刷新保留现有数据；翻页使用列表尾部加载器,GET 可人工重试；网络瞬断最多指数退避自动重试 2 次；筛选变化取消旧请求,留在当前页；点击行/卡片按页面导航规格进入详情,当前资源、来源列表、全局角标/余额/待办中与该领域相关的缓存；禁止无差别清空全部缓存,记录必要业务埋点；读取高敏字段时额外记录访问审计,遵循最小采集；仅记录业务标识和状态，不记录自由文本中的个人信息,GET 可展示明确标记的最近缓存；写操作离线时禁止提交，不进入隐式离线队列,AdminTasksGetTasksResponse,READY_FOR_IMPLEMENTATION
ACT-ADM-TASK-001-02,ADMIN,ADM-TASK-001,任务定义,/growth/tasks/definitions,创建任务,用户显式点击操作入口，且本地字段校验、权限、状态机前置条件全部满足,POST /admin-api/v1/tasks,adminTasksPostTasks,AdminTasksPostTasksRequest,task.write,X-Idempotency-Key必填,使用响应中的资源和 version 更新页面；清除已提交脏状态；展示“创建任务成功”；刷新受影响列表、详情、余额或配置版本,400逐字段映射；401要求重新认证；403隐藏后续写入口并记录越权拒绝；409提示数据已变化并重新加载；422展示业务原因且保留输入；429显示可重试时间；500保留上下文并提供 requestId,ui_action_adm_task_001_02,REQ-TASK-002,TST-TASK_002-HAPPY;TST-TASK_002-IDEMPOTENT,FROZEN_DETAILED_V1.2.2,CREATE_OR_SUBMIT,页面主按钮/行操作/更多菜单/标准弹层，具体位置由模板和页面操作规格确定,具备权限 task.write，且资源状态允许“创建任务”；按钮显示条件由页面状态表和状态机共同决定,不存在同资源写请求；必填字段有效；服务端 version 未被本地标记过期；需要审批时已选择审批单,"校验 X-Idempotency-Key,taskCode,name,taskType,criteria,reward,schedule,budgetId,status；同一业务意图生成稳定 X-Idempotency-Key；请求体变化必须换键",X-Idempotency-Key;taskCode;name;taskType;criteria;reward;schedule;budgetId;status,金额、权益或发布范围变化时二次确认；普通可撤销保存不需要,POST /admin-api/v1/tasks；请求模型 AdminTasksPostTasksRequest；响应模型 AdminTasksPostTasksResponse,X-Idempotency-Key + 服务端结果查询,提交期间锁定同资源写操作，保留输入并显示明确进度；禁止全页无反馈等待,使用同一幂等键仅重试同一请求体；若服务端已受理则先查询结果；409版本冲突不得盲重试,默认留在当前页并刷新；创建成功进入详情，支付/认证/发布结果按对应流程导航,当前资源、来源列表、全局角标/余额/待办中与该领域相关的缓存；禁止无差别清空全部缓存,记录操作人、角色、目标、前后状态/版本、原因、审批单、requestId、IP/设备和结果,遵循最小采集；仅记录业务标识和状态，不记录自由文本中的个人信息,GET 可展示明确标记的最近缓存；写操作离线时禁止提交，不进入隐式离线队列,AdminTasksPostTasksResponse,READY_FOR_IMPLEMENTATION
ACT-ADM-TASK-001-03,ADMIN,ADM-TASK-001,任务定义,/growth/tasks/definitions,修改任务,用户显式点击操作入口，且本地字段校验、权限、状态机前置条件全部满足,PATCH /admin-api/v1/tasks/{id},adminTasksPatchTasksById,AdminTasksPatchTasksByIdRequest,task.write,X-Idempotency-Key必填,使用响应中的资源和 version 更新页面；清除已提交脏状态；展示“修改任务成功”；刷新受影响列表、详情、余额或配置版本,400逐字段映射；401要求重新认证；403隐藏后续写入口并记录越权拒绝；409提示数据已变化并重新加载；422展示业务原因且保留输入；429显示可重试时间；500保留上下文并提供 requestId,ui_action_adm_task_001_03,REQ-TASK-002,TST-TASK_002-HAPPY;TST-TASK_002-IDEMPOTENT,FROZEN_DETAILED_V1.2.2,UPDATE,页面主按钮/行操作/更多菜单/标准弹层，具体位置由模板和页面操作规格确定,具备权限 task.write，且资源状态允许“修改任务”；按钮显示条件由页面状态表和状态机共同决定,不存在同资源写请求；必填字段有效；服务端 version 未被本地标记过期；需要审批时已选择审批单,"校验 id,X-Idempotency-Key,name,criteria,reward,schedule,budgetId,status,expectedVersion；expectedVersion 必须等于页面最后一次成功读取的服务端版本；同一业务意图生成稳定 X-Idempotency-Key；请求体变化必须换键",id;X-Idempotency-Key;name;criteria;reward;schedule;budgetId;status;expectedVersion,金额、权益或发布范围变化时二次确认；普通可撤销保存不需要,PATCH /admin-api/v1/tasks/{id}；请求模型 AdminTasksPatchTasksByIdRequest；响应模型 AdminTasksPatchTasksByIdResponse,expectedVersion 乐观锁 + X-Idempotency-Key + 服务端结果查询,提交期间锁定同资源写操作，保留输入并显示明确进度；禁止全页无反馈等待,使用同一幂等键仅重试同一请求体；若服务端已受理则先查询结果；409版本冲突不得盲重试,默认留在当前页并刷新；创建成功进入详情，支付/认证/发布结果按对应流程导航,当前资源、来源列表、全局角标/余额/待办中与该领域相关的缓存；禁止无差别清空全部缓存,记录操作人、角色、目标、前后状态/版本、原因、审批单、requestId、IP/设备和结果,遵循最小采集；仅记录业务标识和状态，不记录自由文本中的个人信息,GET 可展示明确标记的最近缓存；写操作离线时禁止提交，不进入隐式离线队列,AdminTasksPatchTasksByIdResponse,READY_FOR_IMPLEMENTATION
ACT-ADM-TASK-001-04,ADMIN,ADM-TASK-001,任务定义,/growth/tasks/definitions,用户任务进度,页面首次进入、下拉刷新、筛选/排序变化或滚动触底时触发；相同查询条件避免并发重复请求,GET /admin-api/v1/task-progress,adminTasksGetTaskProgress,AdminTasksGetTaskProgressParameters,task.read,不要求,首屏替换数据，翻页仅追加去重；更新分页、筛选回显、总数/游标和最后刷新时间；空结果进入业务空状态,首屏失败显示全页错误与重试；刷新失败保留旧数据并提示；翻页失败保留已加载数据并提供行内重试；401跳登录或会话升级，403显示无权限，404不适用,ui_action_adm_task_001_04,REQ-TASK-002,TST-TASK_002-HAPPY,FROZEN_DETAILED_V1.2.2,LIST_QUERY,页面主按钮/行操作/更多菜单/标准弹层，具体位置由模板和页面操作规格确定,页面具备读取权限；筛选项按数据范围和角色显示,网络可用；非正在刷新；翻页时 nextCursor/hasNext 为真,"校验 page,pageSize,cursor,status,keyword,sort",page;pageSize;cursor;status;keyword;sort,不需要,GET /admin-api/v1/task-progress；请求模型 AdminTasksGetTaskProgressParameters；响应模型 AdminTasksGetTaskProgressResponse,同资源单写请求锁；状态机服务端复核,首屏使用骨架屏；刷新保留现有数据；翻页使用列表尾部加载器,GET 可人工重试；网络瞬断最多指数退避自动重试 2 次；筛选变化取消旧请求,留在当前页；点击行/卡片按页面导航规格进入详情,当前资源、来源列表、全局角标/余额/待办中与该领域相关的缓存；禁止无差别清空全部缓存,记录必要业务埋点；读取高敏字段时额外记录访问审计,遵循最小采集；仅记录业务标识和状态，不记录自由文本中的个人信息,GET 可展示明确标记的最近缓存；写操作离线时禁止提交，不进入隐式离线队列,AdminTasksGetTaskProgressResponse,READY_FOR_IMPLEMENTATION
ACT-ADM-TASK-001-05,ADMIN,ADM-TASK-001,任务定义,/growth/tasks/definitions,增长预算,页面首次进入、下拉刷新、筛选/排序变化或滚动触底时触发；相同查询条件避免并发重复请求,GET /admin-api/v1/growth-budgets,adminTasksGetGrowthBudgets,AdminTasksGetGrowthBudgetsParameters,task.budget.read,不要求,首屏替换数据，翻页仅追加去重；更新分页、筛选回显、总数/游标和最后刷新时间；空结果进入业务空状态,首屏失败显示全页错误与重试；刷新失败保留旧数据并提示；翻页失败保留已加载数据并提供行内重试；401跳登录或会话升级，403显示无权限，404不适用,ui_action_adm_task_001_05,REQ-TASK-002,TST-TASK_002-HAPPY,FROZEN_DETAILED_V1.2.2,LIST_QUERY,页面主按钮/行操作/更多菜单/标准弹层，具体位置由模板和页面操作规格确定,页面具备读取权限；筛选项按数据范围和角色显示,网络可用；非正在刷新；翻页时 nextCursor/hasNext 为真,"校验 page,pageSize,cursor,status,keyword,sort",page;pageSize;cursor;status;keyword;sort,不需要,GET /admin-api/v1/growth-budgets；请求模型 AdminTasksGetGrowthBudgetsParameters；响应模型 AdminTasksGetGrowthBudgetsResponse,同资源单写请求锁；状态机服务端复核,首屏使用骨架屏；刷新保留现有数据；翻页使用列表尾部加载器,GET 可人工重试；网络瞬断最多指数退避自动重试 2 次；筛选变化取消旧请求,留在当前页；点击行/卡片按页面导航规格进入详情,当前资源、来源列表、全局角标/余额/待办中与该领域相关的缓存；禁止无差别清空全部缓存,记录必要业务埋点；读取高敏字段时额外记录访问审计,遵循最小采集；仅记录业务标识和状态，不记录自由文本中的个人信息,GET 可展示明确标记的最近缓存；写操作离线时禁止提交，不进入隐式离线队列,AdminTasksGetGrowthBudgetsResponse,READY_FOR_IMPLEMENTATION
ACT-ADM-TASK-001-06,ADMIN,ADM-TASK-001,任务定义,/growth/tasks/definitions,修改预算,用户显式点击操作入口，且本地字段校验、权限、状态机前置条件全部满足,PUT /admin-api/v1/growth-budgets/{id},adminTasksPutGrowthBudgetsById,AdminTasksPutGrowthBudgetsByIdRequest,task.budget.write,X-Idempotency-Key必填,使用响应中的资源和 version 更新页面；清除已提交脏状态；展示“修改预算成功”；刷新受影响列表、详情、余额或配置版本,400逐字段映射；401要求重新认证；403隐藏后续写入口并记录越权拒绝；409提示数据已变化并重新加载；422展示业务原因且保留输入；429显示可重试时间；500保留上下文并提供 requestId,ui_action_adm_task_001_06,REQ-TASK-002,TST-TASK_002-HAPPY;TST-TASK_002-IDEMPOTENT,FROZEN_DETAILED_V1.2.2,UPDATE,页面主按钮/行操作/更多菜单/标准弹层，具体位置由模板和页面操作规格确定,具备权限 task.budget.write，且资源状态允许“修改预算”；按钮显示条件由页面状态表和状态机共同决定,不存在同资源写请求；必填字段有效；服务端 version 未被本地标记过期；需要审批时已选择审批单,"校验 id,X-Idempotency-Key,dailyLimitCent,totalLimitCent,effectiveAt,expectedVersion；expectedVersion 必须等于页面最后一次成功读取的服务端版本；同一业务意图生成稳定 X-Idempotency-Key；请求体变化必须换键",id;X-Idempotency-Key;dailyLimitCent;totalLimitCent;effectiveAt;expectedVersion,金额、权益或发布范围变化时二次确认；普通可撤销保存不需要,PUT /admin-api/v1/growth-budgets/{id}；请求模型 AdminTasksPutGrowthBudgetsByIdRequest；响应模型 AdminTasksPutGrowthBudgetsByIdResponse,expectedVersion 乐观锁 + X-Idempotency-Key + 服务端结果查询,提交期间锁定同资源写操作，保留输入并显示明确进度；禁止全页无反馈等待,使用同一幂等键仅重试同一请求体；若服务端已受理则先查询结果；409版本冲突不得盲重试,默认留在当前页并刷新；创建成功进入详情，支付/认证/发布结果按对应流程导航,当前资源、来源列表、全局角标/余额/待办中与该领域相关的缓存；禁止无差别清空全部缓存,记录操作人、角色、目标、前后状态/版本、原因、审批单、requestId、IP/设备和结果,遵循最小采集；仅记录业务标识和状态，不记录自由文本中的个人信息,GET 可展示明确标记的最近缓存；写操作离线时禁止提交，不进入隐式离线队列,AdminTasksPutGrowthBudgetsByIdResponse,READY_FOR_IMPLEMENTATION
ACT-ADM-TASK-002-01,ADMIN,ADM-TASK-002,任务进度与预算,/growth/tasks/progress,任务定义,页面首次进入、下拉刷新、筛选/排序变化或滚动触底时触发；相同查询条件避免并发重复请求,GET /admin-api/v1/tasks,adminTasksGetTasks,AdminTasksGetTasksParameters,task.read,不要求,首屏替换数据，翻页仅追加去重；更新分页、筛选回显、总数/游标和最后刷新时间；空结果进入业务空状态,首屏失败显示全页错误与重试；刷新失败保留旧数据并提示；翻页失败保留已加载数据并提供行内重试；401跳登录或会话升级，403显示无权限，404不适用,ui_action_adm_task_002_01,REQ-TASK-002,TST-TASK_002-HAPPY,FROZEN_DETAILED_V1.2.2,LIST_QUERY,页面主按钮/行操作/更多菜单/标准弹层，具体位置由模板和页面操作规格确定,页面具备读取权限；筛选项按数据范围和角色显示,网络可用；非正在刷新；翻页时 nextCursor/hasNext 为真,"校验 page,pageSize,cursor,status,keyword,sort",page;pageSize;cursor;status;keyword;sort,不需要,GET /admin-api/v1/tasks；请求模型 AdminTasksGetTasksParameters；响应模型 AdminTasksGetTasksResponse,同资源单写请求锁；状态机服务端复核,首屏使用骨架屏；刷新保留现有数据；翻页使用列表尾部加载器,GET 可人工重试；网络瞬断最多指数退避自动重试 2 次；筛选变化取消旧请求,留在当前页；点击行/卡片按页面导航规格进入详情,当前资源、来源列表、全局角标/余额/待办中与该领域相关的缓存；禁止无差别清空全部缓存,记录必要业务埋点；读取高敏字段时额外记录访问审计,遵循最小采集；仅记录业务标识和状态，不记录自由文本中的个人信息,GET 可展示明确标记的最近缓存；写操作离线时禁止提交，不进入隐式离线队列,AdminTasksGetTasksResponse,READY_FOR_IMPLEMENTATION
ACT-ADM-TASK-002-02,ADMIN,ADM-TASK-002,任务进度与预算,/growth/tasks/progress,修改任务,用户显式点击操作入口，且本地字段校验、权限、状态机前置条件全部满足,PATCH /admin-api/v1/tasks/{id},adminTasksPatchTasksById,AdminTasksPatchTasksByIdRequest,task.write,X-Idempotency-Key必填,使用响应中的资源和 version 更新页面；清除已提交脏状态；展示“修改任务成功”；刷新受影响列表、详情、余额或配置版本,400逐字段映射；401要求重新认证；403隐藏后续写入口并记录越权拒绝；409提示数据已变化并重新加载；422展示业务原因且保留输入；429显示可重试时间；500保留上下文并提供 requestId,ui_action_adm_task_002_02,REQ-TASK-002,TST-TASK_002-HAPPY;TST-TASK_002-IDEMPOTENT,FROZEN_DETAILED_V1.2.2,UPDATE,页面主按钮/行操作/更多菜单/标准弹层，具体位置由模板和页面操作规格确定,具备权限 task.write，且资源状态允许“修改任务”；按钮显示条件由页面状态表和状态机共同决定,不存在同资源写请求；必填字段有效；服务端 version 未被本地标记过期；需要审批时已选择审批单,"校验 id,X-Idempotency-Key,name,criteria,reward,schedule,budgetId,status,expectedVersion；expectedVersion 必须等于页面最后一次成功读取的服务端版本；同一业务意图生成稳定 X-Idempotency-Key；请求体变化必须换键",id;X-Idempotency-Key;name;criteria;reward;schedule;budgetId;status;expectedVersion,金额、权益或发布范围变化时二次确认；普通可撤销保存不需要,PATCH /admin-api/v1/tasks/{id}；请求模型 AdminTasksPatchTasksByIdRequest；响应模型 AdminTasksPatchTasksByIdResponse,expectedVersion 乐观锁 + X-Idempotency-Key + 服务端结果查询,提交期间锁定同资源写操作，保留输入并显示明确进度；禁止全页无反馈等待,使用同一幂等键仅重试同一请求体；若服务端已受理则先查询结果；409版本冲突不得盲重试,默认留在当前页并刷新；创建成功进入详情，支付/认证/发布结果按对应流程导航,当前资源、来源列表、全局角标/余额/待办中与该领域相关的缓存；禁止无差别清空全部缓存,记录操作人、角色、目标、前后状态/版本、原因、审批单、requestId、IP/设备和结果,遵循最小采集；仅记录业务标识和状态，不记录自由文本中的个人信息,GET 可展示明确标记的最近缓存；写操作离线时禁止提交，不进入隐式离线队列,AdminTasksPatchTasksByIdResponse,READY_FOR_IMPLEMENTATION
ACT-ADM-TASK-002-03,ADMIN,ADM-TASK-002,任务进度与预算,/growth/tasks/progress,用户任务进度,页面首次进入、下拉刷新、筛选/排序变化或滚动触底时触发；相同查询条件避免并发重复请求,GET /admin-api/v1/task-progress,adminTasksGetTaskProgress,AdminTasksGetTaskProgressParameters,task.read,不要求,首屏替换数据，翻页仅追加去重；更新分页、筛选回显、总数/游标和最后刷新时间；空结果进入业务空状态,首屏失败显示全页错误与重试；刷新失败保留旧数据并提示；翻页失败保留已加载数据并提供行内重试；401跳登录或会话升级，403显示无权限，404不适用,ui_action_adm_task_002_03,REQ-TASK-002,TST-TASK_002-HAPPY,FROZEN_DETAILED_V1.2.2,LIST_QUERY,页面主按钮/行操作/更多菜单/标准弹层，具体位置由模板和页面操作规格确定,页面具备读取权限；筛选项按数据范围和角色显示,网络可用；非正在刷新；翻页时 nextCursor/hasNext 为真,"校验 page,pageSize,cursor,status,keyword,sort",page;pageSize;cursor;status;keyword;sort,不需要,GET /admin-api/v1/task-progress；请求模型 AdminTasksGetTaskProgressParameters；响应模型 AdminTasksGetTaskProgressResponse,同资源单写请求锁；状态机服务端复核,首屏使用骨架屏；刷新保留现有数据；翻页使用列表尾部加载器,GET 可人工重试；网络瞬断最多指数退避自动重试 2 次；筛选变化取消旧请求,留在当前页；点击行/卡片按页面导航规格进入详情,当前资源、来源列表、全局角标/余额/待办中与该领域相关的缓存；禁止无差别清空全部缓存,记录必要业务埋点；读取高敏字段时额外记录访问审计,遵循最小采集；仅记录业务标识和状态，不记录自由文本中的个人信息,GET 可展示明确标记的最近缓存；写操作离线时禁止提交，不进入隐式离线队列,AdminTasksGetTaskProgressResponse,READY_FOR_IMPLEMENTATION
ACT-ADM-TASK-002-04,ADMIN,ADM-TASK-002,任务进度与预算,/growth/tasks/progress,增长预算,页面首次进入、下拉刷新、筛选/排序变化或滚动触底时触发；相同查询条件避免并发重复请求,GET /admin-api/v1/growth-budgets,adminTasksGetGrowthBudgets,AdminTasksGetGrowthBudgetsParameters,task.budget.read,不要求,首屏替换数据，翻页仅追加去重；更新分页、筛选回显、总数/游标和最后刷新时间；空结果进入业务空状态,首屏失败显示全页错误与重试；刷新失败保留旧数据并提示；翻页失败保留已加载数据并提供行内重试；401跳登录或会话升级，403显示无权限，404不适用,ui_action_adm_task_002_04,REQ-TASK-002,TST-TASK_002-HAPPY,FROZEN_DETAILED_V1.2.2,LIST_QUERY,页面主按钮/行操作/更多菜单/标准弹层，具体位置由模板和页面操作规格确定,页面具备读取权限；筛选项按数据范围和角色显示,网络可用；非正在刷新；翻页时 nextCursor/hasNext 为真,"校验 page,pageSize,cursor,status,keyword,sort",page;pageSize;cursor;status;keyword;sort,不需要,GET /admin-api/v1/growth-budgets；请求模型 AdminTasksGetGrowthBudgetsParameters；响应模型 AdminTasksGetGrowthBudgetsResponse,同资源单写请求锁；状态机服务端复核,首屏使用骨架屏；刷新保留现有数据；翻页使用列表尾部加载器,GET 可人工重试；网络瞬断最多指数退避自动重试 2 次；筛选变化取消旧请求,留在当前页；点击行/卡片按页面导航规格进入详情,当前资源、来源列表、全局角标/余额/待办中与该领域相关的缓存；禁止无差别清空全部缓存,记录必要业务埋点；读取高敏字段时额外记录访问审计,遵循最小采集；仅记录业务标识和状态，不记录自由文本中的个人信息,GET 可展示明确标记的最近缓存；写操作离线时禁止提交，不进入隐式离线队列,AdminTasksGetGrowthBudgetsResponse,READY_FOR_IMPLEMENTATION
ACT-ADM-TASK-002-05,ADMIN,ADM-TASK-002,任务进度与预算,/growth/tasks/progress,修改预算,用户显式点击操作入口，且本地字段校验、权限、状态机前置条件全部满足,PUT /admin-api/v1/growth-budgets/{id},adminTasksPutGrowthBudgetsById,AdminTasksPutGrowthBudgetsByIdRequest,task.budget.write,X-Idempotency-Key必填,使用响应中的资源和 version 更新页面；清除已提交脏状态；展示“修改预算成功”；刷新受影响列表、详情、余额或配置版本,400逐字段映射；401要求重新认证；403隐藏后续写入口并记录越权拒绝；409提示数据已变化并重新加载；422展示业务原因且保留输入；429显示可重试时间；500保留上下文并提供 requestId,ui_action_adm_task_002_05,REQ-TASK-002,TST-TASK_002-HAPPY;TST-TASK_002-IDEMPOTENT,FROZEN_DETAILED_V1.2.2,UPDATE,页面主按钮/行操作/更多菜单/标准弹层，具体位置由模板和页面操作规格确定,具备权限 task.budget.write，且资源状态允许“修改预算”；按钮显示条件由页面状态表和状态机共同决定,不存在同资源写请求；必填字段有效；服务端 version 未被本地标记过期；需要审批时已选择审批单,"校验 id,X-Idempotency-Key,dailyLimitCent,totalLimitCent,effectiveAt,expectedVersion；expectedVersion 必须等于页面最后一次成功读取的服务端版本；同一业务意图生成稳定 X-Idempotency-Key；请求体变化必须换键",id;X-Idempotency-Key;dailyLimitCent;totalLimitCent;effectiveAt;expectedVersion,金额、权益或发布范围变化时二次确认；普通可撤销保存不需要,PUT /admin-api/v1/growth-budgets/{id}；请求模型 AdminTasksPutGrowthBudgetsByIdRequest；响应模型 AdminTasksPutGrowthBudgetsByIdResponse,expectedVersion 乐观锁 + X-Idempotency-Key + 服务端结果查询,提交期间锁定同资源写操作，保留输入并显示明确进度；禁止全页无反馈等待,使用同一幂等键仅重试同一请求体；若服务端已受理则先查询结果；409版本冲突不得盲重试,默认留在当前页并刷新；创建成功进入详情，支付/认证/发布结果按对应流程导航,当前资源、来源列表、全局角标/余额/待办中与该领域相关的缓存；禁止无差别清空全部缓存,记录操作人、角色、目标、前后状态/版本、原因、审批单、requestId、IP/设备和结果,遵循最小采集；仅记录业务标识和状态，不记录自由文本中的个人信息,GET 可展示明确标记的最近缓存；写操作离线时禁止提交，不进入隐式离线队列,AdminTasksPutGrowthBudgetsByIdResponse,READY_FOR_IMPLEMENTATION
ACT-ADM-CHAT-001-01,ADMIN,ADM-CHAT-001,聊天举报,/governance/chat-reports,聊天举报,页面首次进入、下拉刷新、筛选/排序变化或滚动触底时触发；相同查询条件避免并发重复请求,GET /admin-api/v1/chat-reports,adminChatGetChatReports,AdminChatGetChatReportsParameters,chat.report.read,不要求,首屏替换数据，翻页仅追加去重；更新分页、筛选回显、总数/游标和最后刷新时间；空结果进入业务空状态,首屏失败显示全页错误与重试；刷新失败保留旧数据并提示；翻页失败保留已加载数据并提供行内重试；401跳登录或会话升级，403显示无权限，404不适用,ui_action_adm_chat_001_01,REQ-CHAT-002,TST-CHAT_002-HAPPY,FROZEN_DETAILED_V1.2.2,LIST_QUERY,页面主按钮/行操作/更多菜单/标准弹层，具体位置由模板和页面操作规格确定,页面具备读取权限；筛选项按数据范围和角色显示,网络可用；非正在刷新；翻页时 nextCursor/hasNext 为真,"校验 page,pageSize,cursor,status,keyword,sort",page;pageSize;cursor;status;keyword;sort,不需要,GET /admin-api/v1/chat-reports；请求模型 AdminChatGetChatReportsParameters；响应模型 AdminChatGetChatReportsResponse,同资源单写请求锁；状态机服务端复核,首屏使用骨架屏；刷新保留现有数据；翻页使用列表尾部加载器,GET 可人工重试；网络瞬断最多指数退避自动重试 2 次；筛选变化取消旧请求,留在当前页；点击行/卡片按页面导航规格进入详情,当前资源、来源列表、全局角标/余额/待办中与该领域相关的缓存；禁止无差别清空全部缓存,记录必要业务埋点；读取高敏字段时额外记录访问审计,遵循最小采集；仅记录业务标识和状态，不记录自由文本中的个人信息,GET 可展示明确标记的最近缓存；写操作离线时禁止提交，不进入隐式离线队列,AdminChatGetChatReportsResponse,READY_FOR_IMPLEMENTATION
ACT-ADM-CHAT-001-02,ADMIN,ADM-CHAT-001,聊天举报,/governance/chat-reports,处理聊天举报,用户显式点击操作入口，且本地字段校验、权限、状态机前置条件全部满足,POST /admin-api/v1/chat-reports/{id}/decide,adminChatPostChatReportsByIdDecide,AdminChatPostChatReportsByIdDecideRequest,chat.report.decide,X-Idempotency-Key必填,更新审批/业务状态、版本和审计时间线；展示“处理聊天举报成功”；从待办队列移除并刷新计数,400逐字段映射；401要求重新认证；403隐藏后续写入口并记录越权拒绝；409提示数据已变化并重新加载；422展示业务原因且保留输入；429显示可重试时间；500保留上下文并提供 requestId,ui_action_adm_chat_001_02,REQ-CHAT-002,TST-CHAT_002-HAPPY;TST-CHAT_002-IDEMPOTENT,FROZEN_DETAILED_V1.2.2,CONTROLLED_COMMAND,页面主按钮/行操作/更多菜单/标准弹层，具体位置由模板和页面操作规格确定,具备权限 chat.report.decide，且资源状态允许“处理聊天举报”；按钮显示条件由页面状态表和状态机共同决定,不存在同资源写请求；必填字段有效；服务端 version 未被本地标记过期；需要审批时已选择审批单,"校验 id,X-Idempotency-Key,decision,reason,expectedVersion,evidenceIds；expectedVersion 必须等于页面最后一次成功读取的服务端版本；同一业务意图生成稳定 X-Idempotency-Key；请求体变化必须换键",id;X-Idempotency-Key;decision;reason;expectedVersion;evidenceIds,必须二次确认；确认框展示目标、影响、不可逆性、原因、审批要求和将触发的通知,POST /admin-api/v1/chat-reports/{id}/decide；请求模型 AdminChatPostChatReportsByIdDecideRequest；响应模型 AdminChatPostChatReportsByIdDecideResponse,expectedVersion 乐观锁 + X-Idempotency-Key + 服务端结果查询,提交期间锁定同资源写操作，保留输入并显示明确进度；禁止全页无反馈等待,使用同一幂等键仅重试同一请求体；若服务端已受理则先查询结果；409版本冲突不得盲重试,默认留在当前页并刷新；创建成功进入详情，支付/认证/发布结果按对应流程导航,当前资源、来源列表、全局角标/余额/待办中与该领域相关的缓存；禁止无差别清空全部缓存,记录操作人、角色、目标、前后状态/版本、原因、审批单、requestId、IP/设备和结果,遵循最小采集；仅记录业务标识和状态，不记录自由文本中的个人信息,GET 可展示明确标记的最近缓存；写操作离线时禁止提交，不进入隐式离线队列,AdminChatPostChatReportsByIdDecideResponse,READY_FOR_IMPLEMENTATION
ACT-ADM-SUPPORT-001-01,ADMIN,ADM-SUPPORT-001,工单列表,/support/tickets,工单列表,页面首次进入、下拉刷新、筛选/排序变化或滚动触底时触发；相同查询条件避免并发重复请求,GET /admin-api/v1/support/tickets,adminSupportGetSupportTickets,AdminSupportGetSupportTicketsParameters,support.read,不要求,首屏替换数据，翻页仅追加去重；更新分页、筛选回显、总数/游标和最后刷新时间；空结果进入业务空状态,首屏失败显示全页错误与重试；刷新失败保留旧数据并提示；翻页失败保留已加载数据并提供行内重试；401跳登录或会话升级，403显示无权限，404不适用,ui_action_adm_support_001_01,REQ-SUPPORT-001,TST-SUPPORT_001-HAPPY,FROZEN_DETAILED_V1.2.2,LIST_QUERY,页面主按钮/行操作/更多菜单/标准弹层，具体位置由模板和页面操作规格确定,页面具备读取权限；筛选项按数据范围和角色显示,网络可用；非正在刷新；翻页时 nextCursor/hasNext 为真,"校验 page,pageSize,cursor,status,keyword,sort",page;pageSize;cursor;status;keyword;sort,不需要,GET /admin-api/v1/support/tickets；请求模型 AdminSupportGetSupportTicketsParameters；响应模型 AdminSupportGetSupportTicketsResponse,同资源单写请求锁；状态机服务端复核,首屏使用骨架屏；刷新保留现有数据；翻页使用列表尾部加载器,GET 可人工重试；网络瞬断最多指数退避自动重试 2 次；筛选变化取消旧请求,留在当前页；点击行/卡片按页面导航规格进入详情,当前资源、来源列表、全局角标/余额/待办中与该领域相关的缓存；禁止无差别清空全部缓存,记录必要业务埋点；读取高敏字段时额外记录访问审计,遵循最小采集；仅记录业务标识和状态，不记录自由文本中的个人信息,GET 可展示明确标记的最近缓存；写操作离线时禁止提交，不进入隐式离线队列,AdminSupportGetSupportTicketsResponse,READY_FOR_IMPLEMENTATION
ACT-ADM-SUPPORT-001-02,ADMIN,ADM-SUPPORT-001,工单列表,/support/tickets,工单详情,页面进入、显式刷新、从后台恢复且缓存过期，或收到相关领域事件后触发,GET /admin-api/v1/support/tickets/{id},adminSupportGetSupportTicketsById,AdminSupportGetSupportTicketsByIdParameters,support.read,不要求,以服务端返回的 version 和状态覆盖详情；重算按钮显示/可用条件；记录页面曝光和请求 requestId,404显示资源不存在或已下架并提供返回；403显示无权限；409触发重新拉取；网络失败保留缓存并标记可能过期,ui_action_adm_support_001_02,REQ-SUPPORT-001,TST-SUPPORT_001-HAPPY,FROZEN_DETAILED_V1.2.2,DETAIL_QUERY,页面主按钮/行操作/更多菜单/标准弹层，具体位置由模板和页面操作规格确定,页面具备读取权限且路由参数完整,网络可用且不存在同资源进行中的请求,校验 id,id,不需要,GET /admin-api/v1/support/tickets/{id}；请求模型 AdminSupportGetSupportTicketsByIdParameters；响应模型 AdminSupportGetSupportTicketsByIdResponse,同资源单写请求锁；状态机服务端复核,首次进入使用结构骨架；刷新保留当前内容并显示轻量刷新态,GET 可人工重试；缓存可作为只读降级但禁止基于过期数据执行写操作,留在当前页；资源不存在时返回上一级并从来源列表移除或标记,当前资源、来源列表、全局角标/余额/待办中与该领域相关的缓存；禁止无差别清空全部缓存,记录必要业务埋点；读取高敏字段时额外记录访问审计,遵循最小采集；仅记录业务标识和状态，不记录自由文本中的个人信息,GET 可展示明确标记的最近缓存；写操作离线时禁止提交，不进入隐式离线队列,AdminSupportGetSupportTicketsByIdResponse,READY_FOR_IMPLEMENTATION
ACT-ADM-CMS-001-01,ADMIN,ADM-CMS-001,首页CMS,/operations/cms/home,首页模块,页面首次进入、下拉刷新、筛选/排序变化或滚动触底时触发；相同查询条件避免并发重复请求,GET /admin-api/v1/cms/home-modules,adminCMSGetCmsHomeModules,AdminCMSGetCmsHomeModulesParameters,cms.read,不要求,首屏替换数据，翻页仅追加去重；更新分页、筛选回显、总数/游标和最后刷新时间；空结果进入业务空状态,首屏失败显示全页错误与重试；刷新失败保留旧数据并提示；翻页失败保留已加载数据并提供行内重试；401跳登录或会话升级，403显示无权限，404不适用,ui_action_adm_cms_001_01,REQ-CMS-001,TST-CMS_001-HAPPY,FROZEN_DETAILED_V1.2.2,LIST_QUERY,页面主按钮/行操作/更多菜单/标准弹层，具体位置由模板和页面操作规格确定,页面具备读取权限；筛选项按数据范围和角色显示,网络可用；非正在刷新；翻页时 nextCursor/hasNext 为真,"校验 page,pageSize,cursor,status,keyword,sort",page;pageSize;cursor;status;keyword;sort,不需要,GET /admin-api/v1/cms/home-modules；请求模型 AdminCMSGetCmsHomeModulesParameters；响应模型 AdminCMSGetCmsHomeModulesResponse,同资源单写请求锁；状态机服务端复核,首屏使用骨架屏；刷新保留现有数据；翻页使用列表尾部加载器,GET 可人工重试；网络瞬断最多指数退避自动重试 2 次；筛选变化取消旧请求,留在当前页；点击行/卡片按页面导航规格进入详情,当前资源、来源列表、全局角标/余额/待办中与该领域相关的缓存；禁止无差别清空全部缓存,记录必要业务埋点；读取高敏字段时额外记录访问审计,遵循最小采集；仅记录业务标识和状态，不记录自由文本中的个人信息,GET 可展示明确标记的最近缓存；写操作离线时禁止提交，不进入隐式离线队列,AdminCMSGetCmsHomeModulesResponse,READY_FOR_IMPLEMENTATION
ACT-ADM-CMS-001-02,ADMIN,ADM-CMS-001,首页CMS,/operations/cms/home,排序和配置,用户显式点击操作入口，且本地字段校验、权限、状态机前置条件全部满足,PUT /admin-api/v1/cms/home-modules,adminCMSPutCmsHomeModules,AdminCMSPutCmsHomeModulesRequest,cms.write,X-Idempotency-Key必填,以响应数据更新页面和关联缓存；展示“排序和配置成功”；仅刷新受影响区域,400逐字段映射；401要求重新认证；403隐藏后续写入口并记录越权拒绝；409提示数据已变化并重新加载；422展示业务原因且保留输入；429显示可重试时间；500保留上下文并提供 requestId,ui_action_adm_cms_001_02,REQ-CMS-001,TST-CMS_001-HAPPY;TST-CMS_001-IDEMPOTENT,FROZEN_DETAILED_V1.2.2,UPDATE,页面主按钮/行操作/更多菜单/标准弹层，具体位置由模板和页面操作规格确定,具备权限 cms.write，且资源状态允许“排序和配置”；按钮显示条件由页面状态表和状态机共同决定,不存在同资源写请求；必填字段有效；服务端 version 未被本地标记过期；需要审批时已选择审批单,"校验 X-Idempotency-Key,items,expectedVersion；expectedVersion 必须等于页面最后一次成功读取的服务端版本；同一业务意图生成稳定 X-Idempotency-Key；请求体变化必须换键",X-Idempotency-Key;items;expectedVersion,金额、权益或发布范围变化时二次确认；普通可撤销保存不需要,PUT /admin-api/v1/cms/home-modules；请求模型 AdminCMSPutCmsHomeModulesRequest；响应模型 AdminCMSPutCmsHomeModulesResponse,expectedVersion 乐观锁 + X-Idempotency-Key + 服务端结果查询,提交期间锁定同资源写操作，保留输入并显示明确进度；禁止全页无反馈等待,使用同一幂等键仅重试同一请求体；若服务端已受理则先查询结果；409版本冲突不得盲重试,默认留在当前页并刷新；创建成功进入详情，支付/认证/发布结果按对应流程导航,当前资源、来源列表、全局角标/余额/待办中与该领域相关的缓存；禁止无差别清空全部缓存,记录操作人、角色、目标、前后状态/版本、原因、审批单、requestId、IP/设备和结果,遵循最小采集；仅记录业务标识和状态，不记录自由文本中的个人信息,GET 可展示明确标记的最近缓存；写操作离线时禁止提交，不进入隐式离线队列,AdminCMSPutCmsHomeModulesResponse,READY_FOR_IMPLEMENTATION
ACT-ADM-CMS-001-03,ADMIN,ADM-CMS-001,首页CMS,/operations/cms/home,轮播,页面首次进入、下拉刷新、筛选/排序变化或滚动触底时触发；相同查询条件避免并发重复请求,GET /admin-api/v1/cms/banners,adminCMSGetCmsBanners,AdminCMSGetCmsBannersParameters,cms.read,不要求,首屏替换数据，翻页仅追加去重；更新分页、筛选回显、总数/游标和最后刷新时间；空结果进入业务空状态,首屏失败显示全页错误与重试；刷新失败保留旧数据并提示；翻页失败保留已加载数据并提供行内重试；401跳登录或会话升级，403显示无权限，404不适用,ui_action_adm_cms_001_03,REQ-CMS-001,TST-CMS_001-HAPPY,FROZEN_DETAILED_V1.2.2,LIST_QUERY,页面主按钮/行操作/更多菜单/标准弹层，具体位置由模板和页面操作规格确定,页面具备读取权限；筛选项按数据范围和角色显示,网络可用；非正在刷新；翻页时 nextCursor/hasNext 为真,"校验 page,pageSize,cursor,status,keyword,sort",page;pageSize;cursor;status;keyword;sort,不需要,GET /admin-api/v1/cms/banners；请求模型 AdminCMSGetCmsBannersParameters；响应模型 AdminCMSGetCmsBannersResponse,同资源单写请求锁；状态机服务端复核,首屏使用骨架屏；刷新保留现有数据；翻页使用列表尾部加载器,GET 可人工重试；网络瞬断最多指数退避自动重试 2 次；筛选变化取消旧请求,留在当前页；点击行/卡片按页面导航规格进入详情,当前资源、来源列表、全局角标/余额/待办中与该领域相关的缓存；禁止无差别清空全部缓存,记录必要业务埋点；读取高敏字段时额外记录访问审计,遵循最小采集；仅记录业务标识和状态，不记录自由文本中的个人信息,GET 可展示明确标记的最近缓存；写操作离线时禁止提交，不进入隐式离线队列,AdminCMSGetCmsBannersResponse,READY_FOR_IMPLEMENTATION
ACT-ADM-CMS-001-04,ADMIN,ADM-CMS-001,首页CMS,/operations/cms/home,创建轮播,用户显式点击操作入口，且本地字段校验、权限、状态机前置条件全部满足,POST /admin-api/v1/cms/banners,adminCMSPostCmsBanners,AdminCMSPostCmsBannersRequest,cms.write,X-Idempotency-Key必填,使用响应中的资源和 version 更新页面；清除已提交脏状态；展示“创建轮播成功”；刷新受影响列表、详情、余额或配置版本,400逐字段映射；401要求重新认证；403隐藏后续写入口并记录越权拒绝；409提示数据已变化并重新加载；422展示业务原因且保留输入；429显示可重试时间；500保留上下文并提供 requestId,ui_action_adm_cms_001_04,REQ-CMS-001,TST-CMS_001-HAPPY;TST-CMS_001-IDEMPOTENT,FROZEN_DETAILED_V1.2.2,CREATE_OR_SUBMIT,页面主按钮/行操作/更多菜单/标准弹层，具体位置由模板和页面操作规格确定,具备权限 cms.write，且资源状态允许“创建轮播”；按钮显示条件由页面状态表和状态机共同决定,不存在同资源写请求；必填字段有效；服务端 version 未被本地标记过期；需要审批时已选择审批单,"校验 X-Idempotency-Key,title,imageMediaId,targetUrl,startAt,endAt,weight,enabled；同一业务意图生成稳定 X-Idempotency-Key；请求体变化必须换键",X-Idempotency-Key;title;imageMediaId;targetUrl;startAt;endAt;weight;enabled,金额、权益或发布范围变化时二次确认；普通可撤销保存不需要,POST /admin-api/v1/cms/banners；请求模型 AdminCMSPostCmsBannersRequest；响应模型 AdminCMSPostCmsBannersResponse,X-Idempotency-Key + 服务端结果查询,提交期间锁定同资源写操作，保留输入并显示明确进度；禁止全页无反馈等待,使用同一幂等键仅重试同一请求体；若服务端已受理则先查询结果；409版本冲突不得盲重试,默认留在当前页并刷新；创建成功进入详情，支付/认证/发布结果按对应流程导航,当前资源、来源列表、全局角标/余额/待办中与该领域相关的缓存；禁止无差别清空全部缓存,记录操作人、角色、目标、前后状态/版本、原因、审批单、requestId、IP/设备和结果,遵循最小采集；仅记录业务标识和状态，不记录自由文本中的个人信息,GET 可展示明确标记的最近缓存；写操作离线时禁止提交，不进入隐式离线队列,AdminCMSPostCmsBannersResponse,READY_FOR_IMPLEMENTATION
ACT-ADM-CMS-001-05,ADMIN,ADM-CMS-001,首页CMS,/operations/cms/home,公告帮助规则,页面首次进入、下拉刷新、筛选/排序变化或滚动触底时触发；相同查询条件避免并发重复请求,GET /admin-api/v1/cms/articles,adminCMSGetCmsArticles,AdminCMSGetCmsArticlesParameters,cms.read,不要求,首屏替换数据，翻页仅追加去重；更新分页、筛选回显、总数/游标和最后刷新时间；空结果进入业务空状态,首屏失败显示全页错误与重试；刷新失败保留旧数据并提示；翻页失败保留已加载数据并提供行内重试；401跳登录或会话升级，403显示无权限，404不适用,ui_action_adm_cms_001_05,REQ-CMS-001,TST-CMS_001-HAPPY,FROZEN_DETAILED_V1.2.2,LIST_QUERY,页面主按钮/行操作/更多菜单/标准弹层，具体位置由模板和页面操作规格确定,页面具备读取权限；筛选项按数据范围和角色显示,网络可用；非正在刷新；翻页时 nextCursor/hasNext 为真,"校验 page,pageSize,cursor,status,keyword,sort",page;pageSize;cursor;status;keyword;sort,不需要,GET /admin-api/v1/cms/articles；请求模型 AdminCMSGetCmsArticlesParameters；响应模型 AdminCMSGetCmsArticlesResponse,同资源单写请求锁；状态机服务端复核,首屏使用骨架屏；刷新保留现有数据；翻页使用列表尾部加载器,GET 可人工重试；网络瞬断最多指数退避自动重试 2 次；筛选变化取消旧请求,留在当前页；点击行/卡片按页面导航规格进入详情,当前资源、来源列表、全局角标/余额/待办中与该领域相关的缓存；禁止无差别清空全部缓存,记录必要业务埋点；读取高敏字段时额外记录访问审计,遵循最小采集；仅记录业务标识和状态，不记录自由文本中的个人信息,GET 可展示明确标记的最近缓存；写操作离线时禁止提交，不进入隐式离线队列,AdminCMSGetCmsArticlesResponse,READY_FOR_IMPLEMENTATION
ACT-ADM-CMS-001-06,ADMIN,ADM-CMS-001,首页CMS,/operations/cms/home,创建文章,用户显式点击操作入口，且本地字段校验、权限、状态机前置条件全部满足,POST /admin-api/v1/cms/articles,adminCMSPostCmsArticles,AdminCMSPostCmsArticlesRequest,cms.write,X-Idempotency-Key必填,使用响应中的资源和 version 更新页面；清除已提交脏状态；展示“创建文章成功”；刷新受影响列表、详情、余额或配置版本,400逐字段映射；401要求重新认证；403隐藏后续写入口并记录越权拒绝；409提示数据已变化并重新加载；422展示业务原因且保留输入；429显示可重试时间；500保留上下文并提供 requestId,ui_action_adm_cms_001_06,REQ-CMS-001,TST-CMS_001-HAPPY;TST-CMS_001-IDEMPOTENT,FROZEN_DETAILED_V1.2.2,CREATE_OR_SUBMIT,页面主按钮/行操作/更多菜单/标准弹层，具体位置由模板和页面操作规格确定,具备权限 cms.write，且资源状态允许“创建文章”；按钮显示条件由页面状态表和状态机共同决定,不存在同资源写请求；必填字段有效；服务端 version 未被本地标记过期；需要审批时已选择审批单,"校验 X-Idempotency-Key,articleType,title,summary,content,status,publishAt；同一业务意图生成稳定 X-Idempotency-Key；请求体变化必须换键",X-Idempotency-Key;articleType;title;summary;content;status;publishAt,金额、权益或发布范围变化时二次确认；普通可撤销保存不需要,POST /admin-api/v1/cms/articles；请求模型 AdminCMSPostCmsArticlesRequest；响应模型 AdminCMSPostCmsArticlesResponse,X-Idempotency-Key + 服务端结果查询,提交期间锁定同资源写操作，保留输入并显示明确进度；禁止全页无反馈等待,使用同一幂等键仅重试同一请求体；若服务端已受理则先查询结果；409版本冲突不得盲重试,默认留在当前页并刷新；创建成功进入详情，支付/认证/发布结果按对应流程导航,当前资源、来源列表、全局角标/余额/待办中与该领域相关的缓存；禁止无差别清空全部缓存,记录操作人、角色、目标、前后状态/版本、原因、审批单、requestId、IP/设备和结果,遵循最小采集；仅记录业务标识和状态，不记录自由文本中的个人信息,GET 可展示明确标记的最近缓存；写操作离线时禁止提交，不进入隐式离线队列,AdminCMSPostCmsArticlesResponse,READY_FOR_IMPLEMENTATION
ACT-ADM-CMS-001-07,ADMIN,ADM-CMS-001,首页CMS,/operations/cms/home,H5配置,页面首次进入、下拉刷新、筛选/排序变化或滚动触底时触发；相同查询条件避免并发重复请求,GET /admin-api/v1/cms/h5-pages,adminCMSGetCmsH5Pages,AdminCMSGetCmsH5PagesParameters,cms.read,不要求,首屏替换数据，翻页仅追加去重；更新分页、筛选回显、总数/游标和最后刷新时间；空结果进入业务空状态,首屏失败显示全页错误与重试；刷新失败保留旧数据并提示；翻页失败保留已加载数据并提供行内重试；401跳登录或会话升级，403显示无权限，404不适用,ui_action_adm_cms_001_07,REQ-CMS-001,TST-CMS_001-HAPPY,FROZEN_DETAILED_V1.2.2,LIST_QUERY,页面主按钮/行操作/更多菜单/标准弹层，具体位置由模板和页面操作规格确定,页面具备读取权限；筛选项按数据范围和角色显示,网络可用；非正在刷新；翻页时 nextCursor/hasNext 为真,"校验 page,pageSize,cursor,status,keyword,sort",page;pageSize;cursor;status;keyword;sort,不需要,GET /admin-api/v1/cms/h5-pages；请求模型 AdminCMSGetCmsH5PagesParameters；响应模型 AdminCMSGetCmsH5PagesResponse,同资源单写请求锁；状态机服务端复核,首屏使用骨架屏；刷新保留现有数据；翻页使用列表尾部加载器,GET 可人工重试；网络瞬断最多指数退避自动重试 2 次；筛选变化取消旧请求,留在当前页；点击行/卡片按页面导航规格进入详情,当前资源、来源列表、全局角标/余额/待办中与该领域相关的缓存；禁止无差别清空全部缓存,记录必要业务埋点；读取高敏字段时额外记录访问审计,遵循最小采集；仅记录业务标识和状态，不记录自由文本中的个人信息,GET 可展示明确标记的最近缓存；写操作离线时禁止提交，不进入隐式离线队列,AdminCMSGetCmsH5PagesResponse,READY_FOR_IMPLEMENTATION
ACT-ADM-CMS-001-08,ADMIN,ADM-CMS-001,首页CMS,/operations/cms/home,更新H5配置新版本,用户显式点击操作入口，且本地字段校验、权限、状态机前置条件全部满足,PUT /admin-api/v1/cms/h5-pages/{code},adminCMSPutCmsH5PagesByCode,AdminCMSPutCmsH5PagesByCodeRequest,cms.write,X-Idempotency-Key必填,使用响应中的资源和 version 更新页面；清除已提交脏状态；展示“更新H5配置新版本成功”；刷新受影响列表、详情、余额或配置版本,400逐字段映射；401要求重新认证；403隐藏后续写入口并记录越权拒绝；409提示数据已变化并重新加载；422展示业务原因且保留输入；429显示可重试时间；500保留上下文并提供 requestId,ui_action_adm_cms_001_08,REQ-CMS-001,TST-CMS_001-HAPPY;TST-CMS_001-IDEMPOTENT,FROZEN_DETAILED_V1.2.2,UPDATE,页面主按钮/行操作/更多菜单/标准弹层，具体位置由模板和页面操作规格确定,具备权限 cms.write，且资源状态允许“更新H5配置新版本”；按钮显示条件由页面状态表和状态机共同决定,不存在同资源写请求；必填字段有效；服务端 version 未被本地标记过期；需要审批时已选择审批单,"校验 code,X-Idempotency-Key,title,content,seoMetadata,expectedVersion；expectedVersion 必须等于页面最后一次成功读取的服务端版本；同一业务意图生成稳定 X-Idempotency-Key；请求体变化必须换键；敏感值仅在内存中使用，不写日志、URL、埋点或本地明文缓存",code;X-Idempotency-Key;title;content;seoMetadata;expectedVersion,金额、权益或发布范围变化时二次确认；普通可撤销保存不需要,PUT /admin-api/v1/cms/h5-pages/{code}；请求模型 AdminCMSPutCmsH5PagesByCodeRequest；响应模型 AdminCMSPutCmsH5PagesByCodeResponse,expectedVersion 乐观锁 + X-Idempotency-Key + 服务端结果查询,提交期间锁定同资源写操作，保留输入并显示明确进度；禁止全页无反馈等待,使用同一幂等键仅重试同一请求体；若服务端已受理则先查询结果；409版本冲突不得盲重试,默认留在当前页并刷新；创建成功进入详情，支付/认证/发布结果按对应流程导航,当前资源、来源列表、全局角标/余额/待办中与该领域相关的缓存；禁止无差别清空全部缓存,记录操作人、角色、目标、前后状态/版本、原因、审批单、requestId、IP/设备和结果,敏感字段按数据分级脱敏；密码、验证码、身份证、支付账号、秘密引用绝不进入埋点和普通日志,GET 可展示明确标记的最近缓存；写操作离线时禁止提交，不进入隐式离线队列,AdminCMSPutCmsH5PagesByCodeResponse,READY_FOR_IMPLEMENTATION
ACT-ADM-CMS-002-01,ADMIN,ADM-CMS-002,H5宣传页CMS,/operations/cms/h5,首页模块,页面首次进入、下拉刷新、筛选/排序变化或滚动触底时触发；相同查询条件避免并发重复请求,GET /admin-api/v1/cms/home-modules,adminCMSGetCmsHomeModules,AdminCMSGetCmsHomeModulesParameters,cms.read,不要求,首屏替换数据，翻页仅追加去重；更新分页、筛选回显、总数/游标和最后刷新时间；空结果进入业务空状态,首屏失败显示全页错误与重试；刷新失败保留旧数据并提示；翻页失败保留已加载数据并提供行内重试；401跳登录或会话升级，403显示无权限，404不适用,ui_action_adm_cms_002_01,REQ-CMS-001,TST-CMS_001-HAPPY,FROZEN_DETAILED_V1.2.2,LIST_QUERY,页面主按钮/行操作/更多菜单/标准弹层，具体位置由模板和页面操作规格确定,页面具备读取权限；筛选项按数据范围和角色显示,网络可用；非正在刷新；翻页时 nextCursor/hasNext 为真,"校验 page,pageSize,cursor,status,keyword,sort",page;pageSize;cursor;status;keyword;sort,不需要,GET /admin-api/v1/cms/home-modules；请求模型 AdminCMSGetCmsHomeModulesParameters；响应模型 AdminCMSGetCmsHomeModulesResponse,同资源单写请求锁；状态机服务端复核,首屏使用骨架屏；刷新保留现有数据；翻页使用列表尾部加载器,GET 可人工重试；网络瞬断最多指数退避自动重试 2 次；筛选变化取消旧请求,留在当前页；点击行/卡片按页面导航规格进入详情,当前资源、来源列表、全局角标/余额/待办中与该领域相关的缓存；禁止无差别清空全部缓存,记录必要业务埋点；读取高敏字段时额外记录访问审计,遵循最小采集；仅记录业务标识和状态，不记录自由文本中的个人信息,GET 可展示明确标记的最近缓存；写操作离线时禁止提交，不进入隐式离线队列,AdminCMSGetCmsHomeModulesResponse,READY_FOR_IMPLEMENTATION
ACT-ADM-CMS-002-02,ADMIN,ADM-CMS-002,H5宣传页CMS,/operations/cms/h5,排序和配置,用户显式点击操作入口，且本地字段校验、权限、状态机前置条件全部满足,PUT /admin-api/v1/cms/home-modules,adminCMSPutCmsHomeModules,AdminCMSPutCmsHomeModulesRequest,cms.write,X-Idempotency-Key必填,以响应数据更新页面和关联缓存；展示“排序和配置成功”；仅刷新受影响区域,400逐字段映射；401要求重新认证；403隐藏后续写入口并记录越权拒绝；409提示数据已变化并重新加载；422展示业务原因且保留输入；429显示可重试时间；500保留上下文并提供 requestId,ui_action_adm_cms_002_02,REQ-CMS-001,TST-CMS_001-HAPPY;TST-CMS_001-IDEMPOTENT,FROZEN_DETAILED_V1.2.2,UPDATE,页面主按钮/行操作/更多菜单/标准弹层，具体位置由模板和页面操作规格确定,具备权限 cms.write，且资源状态允许“排序和配置”；按钮显示条件由页面状态表和状态机共同决定,不存在同资源写请求；必填字段有效；服务端 version 未被本地标记过期；需要审批时已选择审批单,"校验 X-Idempotency-Key,items,expectedVersion；expectedVersion 必须等于页面最后一次成功读取的服务端版本；同一业务意图生成稳定 X-Idempotency-Key；请求体变化必须换键",X-Idempotency-Key;items;expectedVersion,金额、权益或发布范围变化时二次确认；普通可撤销保存不需要,PUT /admin-api/v1/cms/home-modules；请求模型 AdminCMSPutCmsHomeModulesRequest；响应模型 AdminCMSPutCmsHomeModulesResponse,expectedVersion 乐观锁 + X-Idempotency-Key + 服务端结果查询,提交期间锁定同资源写操作，保留输入并显示明确进度；禁止全页无反馈等待,使用同一幂等键仅重试同一请求体；若服务端已受理则先查询结果；409版本冲突不得盲重试,默认留在当前页并刷新；创建成功进入详情，支付/认证/发布结果按对应流程导航,当前资源、来源列表、全局角标/余额/待办中与该领域相关的缓存；禁止无差别清空全部缓存,记录操作人、角色、目标、前后状态/版本、原因、审批单、requestId、IP/设备和结果,遵循最小采集；仅记录业务标识和状态，不记录自由文本中的个人信息,GET 可展示明确标记的最近缓存；写操作离线时禁止提交，不进入隐式离线队列,AdminCMSPutCmsHomeModulesResponse,READY_FOR_IMPLEMENTATION
ACT-ADM-CMS-002-03,ADMIN,ADM-CMS-002,H5宣传页CMS,/operations/cms/h5,轮播,页面首次进入、下拉刷新、筛选/排序变化或滚动触底时触发；相同查询条件避免并发重复请求,GET /admin-api/v1/cms/banners,adminCMSGetCmsBanners,AdminCMSGetCmsBannersParameters,cms.read,不要求,首屏替换数据，翻页仅追加去重；更新分页、筛选回显、总数/游标和最后刷新时间；空结果进入业务空状态,首屏失败显示全页错误与重试；刷新失败保留旧数据并提示；翻页失败保留已加载数据并提供行内重试；401跳登录或会话升级，403显示无权限，404不适用,ui_action_adm_cms_002_03,REQ-CMS-001,TST-CMS_001-HAPPY,FROZEN_DETAILED_V1.2.2,LIST_QUERY,页面主按钮/行操作/更多菜单/标准弹层，具体位置由模板和页面操作规格确定,页面具备读取权限；筛选项按数据范围和角色显示,网络可用；非正在刷新；翻页时 nextCursor/hasNext 为真,"校验 page,pageSize,cursor,status,keyword,sort",page;pageSize;cursor;status;keyword;sort,不需要,GET /admin-api/v1/cms/banners；请求模型 AdminCMSGetCmsBannersParameters；响应模型 AdminCMSGetCmsBannersResponse,同资源单写请求锁；状态机服务端复核,首屏使用骨架屏；刷新保留现有数据；翻页使用列表尾部加载器,GET 可人工重试；网络瞬断最多指数退避自动重试 2 次；筛选变化取消旧请求,留在当前页；点击行/卡片按页面导航规格进入详情,当前资源、来源列表、全局角标/余额/待办中与该领域相关的缓存；禁止无差别清空全部缓存,记录必要业务埋点；读取高敏字段时额外记录访问审计,遵循最小采集；仅记录业务标识和状态，不记录自由文本中的个人信息,GET 可展示明确标记的最近缓存；写操作离线时禁止提交，不进入隐式离线队列,AdminCMSGetCmsBannersResponse,READY_FOR_IMPLEMENTATION
ACT-ADM-CMS-002-04,ADMIN,ADM-CMS-002,H5宣传页CMS,/operations/cms/h5,创建轮播,用户显式点击操作入口，且本地字段校验、权限、状态机前置条件全部满足,POST /admin-api/v1/cms/banners,adminCMSPostCmsBanners,AdminCMSPostCmsBannersRequest,cms.write,X-Idempotency-Key必填,使用响应中的资源和 version 更新页面；清除已提交脏状态；展示“创建轮播成功”；刷新受影响列表、详情、余额或配置版本,400逐字段映射；401要求重新认证；403隐藏后续写入口并记录越权拒绝；409提示数据已变化并重新加载；422展示业务原因且保留输入；429显示可重试时间；500保留上下文并提供 requestId,ui_action_adm_cms_002_04,REQ-CMS-001,TST-CMS_001-HAPPY;TST-CMS_001-IDEMPOTENT,FROZEN_DETAILED_V1.2.2,CREATE_OR_SUBMIT,页面主按钮/行操作/更多菜单/标准弹层，具体位置由模板和页面操作规格确定,具备权限 cms.write，且资源状态允许“创建轮播”；按钮显示条件由页面状态表和状态机共同决定,不存在同资源写请求；必填字段有效；服务端 version 未被本地标记过期；需要审批时已选择审批单,"校验 X-Idempotency-Key,title,imageMediaId,targetUrl,startAt,endAt,weight,enabled；同一业务意图生成稳定 X-Idempotency-Key；请求体变化必须换键",X-Idempotency-Key;title;imageMediaId;targetUrl;startAt;endAt;weight;enabled,金额、权益或发布范围变化时二次确认；普通可撤销保存不需要,POST /admin-api/v1/cms/banners；请求模型 AdminCMSPostCmsBannersRequest；响应模型 AdminCMSPostCmsBannersResponse,X-Idempotency-Key + 服务端结果查询,提交期间锁定同资源写操作，保留输入并显示明确进度；禁止全页无反馈等待,使用同一幂等键仅重试同一请求体；若服务端已受理则先查询结果；409版本冲突不得盲重试,默认留在当前页并刷新；创建成功进入详情，支付/认证/发布结果按对应流程导航,当前资源、来源列表、全局角标/余额/待办中与该领域相关的缓存；禁止无差别清空全部缓存,记录操作人、角色、目标、前后状态/版本、原因、审批单、requestId、IP/设备和结果,遵循最小采集；仅记录业务标识和状态，不记录自由文本中的个人信息,GET 可展示明确标记的最近缓存；写操作离线时禁止提交，不进入隐式离线队列,AdminCMSPostCmsBannersResponse,READY_FOR_IMPLEMENTATION
ACT-ADM-CMS-002-05,ADMIN,ADM-CMS-002,H5宣传页CMS,/operations/cms/h5,公告帮助规则,页面首次进入、下拉刷新、筛选/排序变化或滚动触底时触发；相同查询条件避免并发重复请求,GET /admin-api/v1/cms/articles,adminCMSGetCmsArticles,AdminCMSGetCmsArticlesParameters,cms.read,不要求,首屏替换数据，翻页仅追加去重；更新分页、筛选回显、总数/游标和最后刷新时间；空结果进入业务空状态,首屏失败显示全页错误与重试；刷新失败保留旧数据并提示；翻页失败保留已加载数据并提供行内重试；401跳登录或会话升级，403显示无权限，404不适用,ui_action_adm_cms_002_05,REQ-CMS-001,TST-CMS_001-HAPPY,FROZEN_DETAILED_V1.2.2,LIST_QUERY,页面主按钮/行操作/更多菜单/标准弹层，具体位置由模板和页面操作规格确定,页面具备读取权限；筛选项按数据范围和角色显示,网络可用；非正在刷新；翻页时 nextCursor/hasNext 为真,"校验 page,pageSize,cursor,status,keyword,sort",page;pageSize;cursor;status;keyword;sort,不需要,GET /admin-api/v1/cms/articles；请求模型 AdminCMSGetCmsArticlesParameters；响应模型 AdminCMSGetCmsArticlesResponse,同资源单写请求锁；状态机服务端复核,首屏使用骨架屏；刷新保留现有数据；翻页使用列表尾部加载器,GET 可人工重试；网络瞬断最多指数退避自动重试 2 次；筛选变化取消旧请求,留在当前页；点击行/卡片按页面导航规格进入详情,当前资源、来源列表、全局角标/余额/待办中与该领域相关的缓存；禁止无差别清空全部缓存,记录必要业务埋点；读取高敏字段时额外记录访问审计,遵循最小采集；仅记录业务标识和状态，不记录自由文本中的个人信息,GET 可展示明确标记的最近缓存；写操作离线时禁止提交，不进入隐式离线队列,AdminCMSGetCmsArticlesResponse,READY_FOR_IMPLEMENTATION
ACT-ADM-CMS-002-06,ADMIN,ADM-CMS-002,H5宣传页CMS,/operations/cms/h5,创建文章,用户显式点击操作入口，且本地字段校验、权限、状态机前置条件全部满足,POST /admin-api/v1/cms/articles,adminCMSPostCmsArticles,AdminCMSPostCmsArticlesRequest,cms.write,X-Idempotency-Key必填,使用响应中的资源和 version 更新页面；清除已提交脏状态；展示“创建文章成功”；刷新受影响列表、详情、余额或配置版本,400逐字段映射；401要求重新认证；403隐藏后续写入口并记录越权拒绝；409提示数据已变化并重新加载；422展示业务原因且保留输入；429显示可重试时间；500保留上下文并提供 requestId,ui_action_adm_cms_002_06,REQ-CMS-001,TST-CMS_001-HAPPY;TST-CMS_001-IDEMPOTENT,FROZEN_DETAILED_V1.2.2,CREATE_OR_SUBMIT,页面主按钮/行操作/更多菜单/标准弹层，具体位置由模板和页面操作规格确定,具备权限 cms.write，且资源状态允许“创建文章”；按钮显示条件由页面状态表和状态机共同决定,不存在同资源写请求；必填字段有效；服务端 version 未被本地标记过期；需要审批时已选择审批单,"校验 X-Idempotency-Key,articleType,title,summary,content,status,publishAt；同一业务意图生成稳定 X-Idempotency-Key；请求体变化必须换键",X-Idempotency-Key;articleType;title;summary;content;status;publishAt,金额、权益或发布范围变化时二次确认；普通可撤销保存不需要,POST /admin-api/v1/cms/articles；请求模型 AdminCMSPostCmsArticlesRequest；响应模型 AdminCMSPostCmsArticlesResponse,X-Idempotency-Key + 服务端结果查询,提交期间锁定同资源写操作，保留输入并显示明确进度；禁止全页无反馈等待,使用同一幂等键仅重试同一请求体；若服务端已受理则先查询结果；409版本冲突不得盲重试,默认留在当前页并刷新；创建成功进入详情，支付/认证/发布结果按对应流程导航,当前资源、来源列表、全局角标/余额/待办中与该领域相关的缓存；禁止无差别清空全部缓存,记录操作人、角色、目标、前后状态/版本、原因、审批单、requestId、IP/设备和结果,遵循最小采集；仅记录业务标识和状态，不记录自由文本中的个人信息,GET 可展示明确标记的最近缓存；写操作离线时禁止提交，不进入隐式离线队列,AdminCMSPostCmsArticlesResponse,READY_FOR_IMPLEMENTATION
ACT-ADM-CMS-002-07,ADMIN,ADM-CMS-002,H5宣传页CMS,/operations/cms/h5,H5配置,页面首次进入、下拉刷新、筛选/排序变化或滚动触底时触发；相同查询条件避免并发重复请求,GET /admin-api/v1/cms/h5-pages,adminCMSGetCmsH5Pages,AdminCMSGetCmsH5PagesParameters,cms.read,不要求,首屏替换数据，翻页仅追加去重；更新分页、筛选回显、总数/游标和最后刷新时间；空结果进入业务空状态,首屏失败显示全页错误与重试；刷新失败保留旧数据并提示；翻页失败保留已加载数据并提供行内重试；401跳登录或会话升级，403显示无权限，404不适用,ui_action_adm_cms_002_07,REQ-CMS-001,TST-CMS_001-HAPPY,FROZEN_DETAILED_V1.2.2,LIST_QUERY,页面主按钮/行操作/更多菜单/标准弹层，具体位置由模板和页面操作规格确定,页面具备读取权限；筛选项按数据范围和角色显示,网络可用；非正在刷新；翻页时 nextCursor/hasNext 为真,"校验 page,pageSize,cursor,status,keyword,sort",page;pageSize;cursor;status;keyword;sort,不需要,GET /admin-api/v1/cms/h5-pages；请求模型 AdminCMSGetCmsH5PagesParameters；响应模型 AdminCMSGetCmsH5PagesResponse,同资源单写请求锁；状态机服务端复核,首屏使用骨架屏；刷新保留现有数据；翻页使用列表尾部加载器,GET 可人工重试；网络瞬断最多指数退避自动重试 2 次；筛选变化取消旧请求,留在当前页；点击行/卡片按页面导航规格进入详情,当前资源、来源列表、全局角标/余额/待办中与该领域相关的缓存；禁止无差别清空全部缓存,记录必要业务埋点；读取高敏字段时额外记录访问审计,遵循最小采集；仅记录业务标识和状态，不记录自由文本中的个人信息,GET 可展示明确标记的最近缓存；写操作离线时禁止提交，不进入隐式离线队列,AdminCMSGetCmsH5PagesResponse,READY_FOR_IMPLEMENTATION
ACT-ADM-CMS-002-08,ADMIN,ADM-CMS-002,H5宣传页CMS,/operations/cms/h5,更新H5配置新版本,用户显式点击操作入口，且本地字段校验、权限、状态机前置条件全部满足,PUT /admin-api/v1/cms/h5-pages/{code},adminCMSPutCmsH5PagesByCode,AdminCMSPutCmsH5PagesByCodeRequest,cms.write,X-Idempotency-Key必填,使用响应中的资源和 version 更新页面；清除已提交脏状态；展示“更新H5配置新版本成功”；刷新受影响列表、详情、余额或配置版本,400逐字段映射；401要求重新认证；403隐藏后续写入口并记录越权拒绝；409提示数据已变化并重新加载；422展示业务原因且保留输入；429显示可重试时间；500保留上下文并提供 requestId,ui_action_adm_cms_002_08,REQ-CMS-001,TST-CMS_001-HAPPY;TST-CMS_001-IDEMPOTENT,FROZEN_DETAILED_V1.2.2,UPDATE,页面主按钮/行操作/更多菜单/标准弹层，具体位置由模板和页面操作规格确定,具备权限 cms.write，且资源状态允许“更新H5配置新版本”；按钮显示条件由页面状态表和状态机共同决定,不存在同资源写请求；必填字段有效；服务端 version 未被本地标记过期；需要审批时已选择审批单,"校验 code,X-Idempotency-Key,title,content,seoMetadata,expectedVersion；expectedVersion 必须等于页面最后一次成功读取的服务端版本；同一业务意图生成稳定 X-Idempotency-Key；请求体变化必须换键；敏感值仅在内存中使用，不写日志、URL、埋点或本地明文缓存",code;X-Idempotency-Key;title;content;seoMetadata;expectedVersion,金额、权益或发布范围变化时二次确认；普通可撤销保存不需要,PUT /admin-api/v1/cms/h5-pages/{code}；请求模型 AdminCMSPutCmsH5PagesByCodeRequest；响应模型 AdminCMSPutCmsH5PagesByCodeResponse,expectedVersion 乐观锁 + X-Idempotency-Key + 服务端结果查询,提交期间锁定同资源写操作，保留输入并显示明确进度；禁止全页无反馈等待,使用同一幂等键仅重试同一请求体；若服务端已受理则先查询结果；409版本冲突不得盲重试,默认留在当前页并刷新；创建成功进入详情，支付/认证/发布结果按对应流程导航,当前资源、来源列表、全局角标/余额/待办中与该领域相关的缓存；禁止无差别清空全部缓存,记录操作人、角色、目标、前后状态/版本、原因、审批单、requestId、IP/设备和结果,敏感字段按数据分级脱敏；密码、验证码、身份证、支付账号、秘密引用绝不进入埋点和普通日志,GET 可展示明确标记的最近缓存；写操作离线时禁止提交，不进入隐式离线队列,AdminCMSPutCmsH5PagesByCodeResponse,READY_FOR_IMPLEMENTATION
ACT-ADM-CMS-003-01,ADMIN,ADM-CMS-003,公告帮助协议,/operations/cms/content,首页模块,页面首次进入、下拉刷新、筛选/排序变化或滚动触底时触发；相同查询条件避免并发重复请求,GET /admin-api/v1/cms/home-modules,adminCMSGetCmsHomeModules,AdminCMSGetCmsHomeModulesParameters,cms.read,不要求,首屏替换数据，翻页仅追加去重；更新分页、筛选回显、总数/游标和最后刷新时间；空结果进入业务空状态,首屏失败显示全页错误与重试；刷新失败保留旧数据并提示；翻页失败保留已加载数据并提供行内重试；401跳登录或会话升级，403显示无权限，404不适用,ui_action_adm_cms_003_01,REQ-CMS-001,TST-CMS_001-HAPPY,FROZEN_DETAILED_V1.2.2,LIST_QUERY,页面主按钮/行操作/更多菜单/标准弹层，具体位置由模板和页面操作规格确定,页面具备读取权限；筛选项按数据范围和角色显示,网络可用；非正在刷新；翻页时 nextCursor/hasNext 为真,"校验 page,pageSize,cursor,status,keyword,sort",page;pageSize;cursor;status;keyword;sort,不需要,GET /admin-api/v1/cms/home-modules；请求模型 AdminCMSGetCmsHomeModulesParameters；响应模型 AdminCMSGetCmsHomeModulesResponse,同资源单写请求锁；状态机服务端复核,首屏使用骨架屏；刷新保留现有数据；翻页使用列表尾部加载器,GET 可人工重试；网络瞬断最多指数退避自动重试 2 次；筛选变化取消旧请求,留在当前页；点击行/卡片按页面导航规格进入详情,当前资源、来源列表、全局角标/余额/待办中与该领域相关的缓存；禁止无差别清空全部缓存,记录必要业务埋点；读取高敏字段时额外记录访问审计,遵循最小采集；仅记录业务标识和状态，不记录自由文本中的个人信息,GET 可展示明确标记的最近缓存；写操作离线时禁止提交，不进入隐式离线队列,AdminCMSGetCmsHomeModulesResponse,READY_FOR_IMPLEMENTATION
ACT-ADM-CMS-003-02,ADMIN,ADM-CMS-003,公告帮助协议,/operations/cms/content,排序和配置,用户显式点击操作入口，且本地字段校验、权限、状态机前置条件全部满足,PUT /admin-api/v1/cms/home-modules,adminCMSPutCmsHomeModules,AdminCMSPutCmsHomeModulesRequest,cms.write,X-Idempotency-Key必填,以响应数据更新页面和关联缓存；展示“排序和配置成功”；仅刷新受影响区域,400逐字段映射；401要求重新认证；403隐藏后续写入口并记录越权拒绝；409提示数据已变化并重新加载；422展示业务原因且保留输入；429显示可重试时间；500保留上下文并提供 requestId,ui_action_adm_cms_003_02,REQ-CMS-001,TST-CMS_001-HAPPY;TST-CMS_001-IDEMPOTENT,FROZEN_DETAILED_V1.2.2,UPDATE,页面主按钮/行操作/更多菜单/标准弹层，具体位置由模板和页面操作规格确定,具备权限 cms.write，且资源状态允许“排序和配置”；按钮显示条件由页面状态表和状态机共同决定,不存在同资源写请求；必填字段有效；服务端 version 未被本地标记过期；需要审批时已选择审批单,"校验 X-Idempotency-Key,items,expectedVersion；expectedVersion 必须等于页面最后一次成功读取的服务端版本；同一业务意图生成稳定 X-Idempotency-Key；请求体变化必须换键",X-Idempotency-Key;items;expectedVersion,金额、权益或发布范围变化时二次确认；普通可撤销保存不需要,PUT /admin-api/v1/cms/home-modules；请求模型 AdminCMSPutCmsHomeModulesRequest；响应模型 AdminCMSPutCmsHomeModulesResponse,expectedVersion 乐观锁 + X-Idempotency-Key + 服务端结果查询,提交期间锁定同资源写操作，保留输入并显示明确进度；禁止全页无反馈等待,使用同一幂等键仅重试同一请求体；若服务端已受理则先查询结果；409版本冲突不得盲重试,默认留在当前页并刷新；创建成功进入详情，支付/认证/发布结果按对应流程导航,当前资源、来源列表、全局角标/余额/待办中与该领域相关的缓存；禁止无差别清空全部缓存,记录操作人、角色、目标、前后状态/版本、原因、审批单、requestId、IP/设备和结果,遵循最小采集；仅记录业务标识和状态，不记录自由文本中的个人信息,GET 可展示明确标记的最近缓存；写操作离线时禁止提交，不进入隐式离线队列,AdminCMSPutCmsHomeModulesResponse,READY_FOR_IMPLEMENTATION
ACT-ADM-CMS-003-03,ADMIN,ADM-CMS-003,公告帮助协议,/operations/cms/content,轮播,页面首次进入、下拉刷新、筛选/排序变化或滚动触底时触发；相同查询条件避免并发重复请求,GET /admin-api/v1/cms/banners,adminCMSGetCmsBanners,AdminCMSGetCmsBannersParameters,cms.read,不要求,首屏替换数据，翻页仅追加去重；更新分页、筛选回显、总数/游标和最后刷新时间；空结果进入业务空状态,首屏失败显示全页错误与重试；刷新失败保留旧数据并提示；翻页失败保留已加载数据并提供行内重试；401跳登录或会话升级，403显示无权限，404不适用,ui_action_adm_cms_003_03,REQ-CMS-001,TST-CMS_001-HAPPY,FROZEN_DETAILED_V1.2.2,LIST_QUERY,页面主按钮/行操作/更多菜单/标准弹层，具体位置由模板和页面操作规格确定,页面具备读取权限；筛选项按数据范围和角色显示,网络可用；非正在刷新；翻页时 nextCursor/hasNext 为真,"校验 page,pageSize,cursor,status,keyword,sort",page;pageSize;cursor;status;keyword;sort,不需要,GET /admin-api/v1/cms/banners；请求模型 AdminCMSGetCmsBannersParameters；响应模型 AdminCMSGetCmsBannersResponse,同资源单写请求锁；状态机服务端复核,首屏使用骨架屏；刷新保留现有数据；翻页使用列表尾部加载器,GET 可人工重试；网络瞬断最多指数退避自动重试 2 次；筛选变化取消旧请求,留在当前页；点击行/卡片按页面导航规格进入详情,当前资源、来源列表、全局角标/余额/待办中与该领域相关的缓存；禁止无差别清空全部缓存,记录必要业务埋点；读取高敏字段时额外记录访问审计,遵循最小采集；仅记录业务标识和状态，不记录自由文本中的个人信息,GET 可展示明确标记的最近缓存；写操作离线时禁止提交，不进入隐式离线队列,AdminCMSGetCmsBannersResponse,READY_FOR_IMPLEMENTATION
ACT-ADM-CMS-003-04,ADMIN,ADM-CMS-003,公告帮助协议,/operations/cms/content,创建轮播,用户显式点击操作入口，且本地字段校验、权限、状态机前置条件全部满足,POST /admin-api/v1/cms/banners,adminCMSPostCmsBanners,AdminCMSPostCmsBannersRequest,cms.write,X-Idempotency-Key必填,使用响应中的资源和 version 更新页面；清除已提交脏状态；展示“创建轮播成功”；刷新受影响列表、详情、余额或配置版本,400逐字段映射；401要求重新认证；403隐藏后续写入口并记录越权拒绝；409提示数据已变化并重新加载；422展示业务原因且保留输入；429显示可重试时间；500保留上下文并提供 requestId,ui_action_adm_cms_003_04,REQ-CMS-001,TST-CMS_001-HAPPY;TST-CMS_001-IDEMPOTENT,FROZEN_DETAILED_V1.2.2,CREATE_OR_SUBMIT,页面主按钮/行操作/更多菜单/标准弹层，具体位置由模板和页面操作规格确定,具备权限 cms.write，且资源状态允许“创建轮播”；按钮显示条件由页面状态表和状态机共同决定,不存在同资源写请求；必填字段有效；服务端 version 未被本地标记过期；需要审批时已选择审批单,"校验 X-Idempotency-Key,title,imageMediaId,targetUrl,startAt,endAt,weight,enabled；同一业务意图生成稳定 X-Idempotency-Key；请求体变化必须换键",X-Idempotency-Key;title;imageMediaId;targetUrl;startAt;endAt;weight;enabled,金额、权益或发布范围变化时二次确认；普通可撤销保存不需要,POST /admin-api/v1/cms/banners；请求模型 AdminCMSPostCmsBannersRequest；响应模型 AdminCMSPostCmsBannersResponse,X-Idempotency-Key + 服务端结果查询,提交期间锁定同资源写操作，保留输入并显示明确进度；禁止全页无反馈等待,使用同一幂等键仅重试同一请求体；若服务端已受理则先查询结果；409版本冲突不得盲重试,默认留在当前页并刷新；创建成功进入详情，支付/认证/发布结果按对应流程导航,当前资源、来源列表、全局角标/余额/待办中与该领域相关的缓存；禁止无差别清空全部缓存,记录操作人、角色、目标、前后状态/版本、原因、审批单、requestId、IP/设备和结果,遵循最小采集；仅记录业务标识和状态，不记录自由文本中的个人信息,GET 可展示明确标记的最近缓存；写操作离线时禁止提交，不进入隐式离线队列,AdminCMSPostCmsBannersResponse,READY_FOR_IMPLEMENTATION
ACT-ADM-CMS-003-05,ADMIN,ADM-CMS-003,公告帮助协议,/operations/cms/content,公告帮助规则,页面首次进入、下拉刷新、筛选/排序变化或滚动触底时触发；相同查询条件避免并发重复请求,GET /admin-api/v1/cms/articles,adminCMSGetCmsArticles,AdminCMSGetCmsArticlesParameters,cms.read,不要求,首屏替换数据，翻页仅追加去重；更新分页、筛选回显、总数/游标和最后刷新时间；空结果进入业务空状态,首屏失败显示全页错误与重试；刷新失败保留旧数据并提示；翻页失败保留已加载数据并提供行内重试；401跳登录或会话升级，403显示无权限，404不适用,ui_action_adm_cms_003_05,REQ-CMS-001,TST-CMS_001-HAPPY,FROZEN_DETAILED_V1.2.2,LIST_QUERY,页面主按钮/行操作/更多菜单/标准弹层，具体位置由模板和页面操作规格确定,页面具备读取权限；筛选项按数据范围和角色显示,网络可用；非正在刷新；翻页时 nextCursor/hasNext 为真,"校验 page,pageSize,cursor,status,keyword,sort",page;pageSize;cursor;status;keyword;sort,不需要,GET /admin-api/v1/cms/articles；请求模型 AdminCMSGetCmsArticlesParameters；响应模型 AdminCMSGetCmsArticlesResponse,同资源单写请求锁；状态机服务端复核,首屏使用骨架屏；刷新保留现有数据；翻页使用列表尾部加载器,GET 可人工重试；网络瞬断最多指数退避自动重试 2 次；筛选变化取消旧请求,留在当前页；点击行/卡片按页面导航规格进入详情,当前资源、来源列表、全局角标/余额/待办中与该领域相关的缓存；禁止无差别清空全部缓存,记录必要业务埋点；读取高敏字段时额外记录访问审计,遵循最小采集；仅记录业务标识和状态，不记录自由文本中的个人信息,GET 可展示明确标记的最近缓存；写操作离线时禁止提交，不进入隐式离线队列,AdminCMSGetCmsArticlesResponse,READY_FOR_IMPLEMENTATION
ACT-ADM-CMS-003-06,ADMIN,ADM-CMS-003,公告帮助协议,/operations/cms/content,创建文章,用户显式点击操作入口，且本地字段校验、权限、状态机前置条件全部满足,POST /admin-api/v1/cms/articles,adminCMSPostCmsArticles,AdminCMSPostCmsArticlesRequest,cms.write,X-Idempotency-Key必填,使用响应中的资源和 version 更新页面；清除已提交脏状态；展示“创建文章成功”；刷新受影响列表、详情、余额或配置版本,400逐字段映射；401要求重新认证；403隐藏后续写入口并记录越权拒绝；409提示数据已变化并重新加载；422展示业务原因且保留输入；429显示可重试时间；500保留上下文并提供 requestId,ui_action_adm_cms_003_06,REQ-CMS-001,TST-CMS_001-HAPPY;TST-CMS_001-IDEMPOTENT,FROZEN_DETAILED_V1.2.2,CREATE_OR_SUBMIT,页面主按钮/行操作/更多菜单/标准弹层，具体位置由模板和页面操作规格确定,具备权限 cms.write，且资源状态允许“创建文章”；按钮显示条件由页面状态表和状态机共同决定,不存在同资源写请求；必填字段有效；服务端 version 未被本地标记过期；需要审批时已选择审批单,"校验 X-Idempotency-Key,articleType,title,summary,content,status,publishAt；同一业务意图生成稳定 X-Idempotency-Key；请求体变化必须换键",X-Idempotency-Key;articleType;title;summary;content;status;publishAt,金额、权益或发布范围变化时二次确认；普通可撤销保存不需要,POST /admin-api/v1/cms/articles；请求模型 AdminCMSPostCmsArticlesRequest；响应模型 AdminCMSPostCmsArticlesResponse,X-Idempotency-Key + 服务端结果查询,提交期间锁定同资源写操作，保留输入并显示明确进度；禁止全页无反馈等待,使用同一幂等键仅重试同一请求体；若服务端已受理则先查询结果；409版本冲突不得盲重试,默认留在当前页并刷新；创建成功进入详情，支付/认证/发布结果按对应流程导航,当前资源、来源列表、全局角标/余额/待办中与该领域相关的缓存；禁止无差别清空全部缓存,记录操作人、角色、目标、前后状态/版本、原因、审批单、requestId、IP/设备和结果,遵循最小采集；仅记录业务标识和状态，不记录自由文本中的个人信息,GET 可展示明确标记的最近缓存；写操作离线时禁止提交，不进入隐式离线队列,AdminCMSPostCmsArticlesResponse,READY_FOR_IMPLEMENTATION
ACT-ADM-CMS-003-07,ADMIN,ADM-CMS-003,公告帮助协议,/operations/cms/content,H5配置,页面首次进入、下拉刷新、筛选/排序变化或滚动触底时触发；相同查询条件避免并发重复请求,GET /admin-api/v1/cms/h5-pages,adminCMSGetCmsH5Pages,AdminCMSGetCmsH5PagesParameters,cms.read,不要求,首屏替换数据，翻页仅追加去重；更新分页、筛选回显、总数/游标和最后刷新时间；空结果进入业务空状态,首屏失败显示全页错误与重试；刷新失败保留旧数据并提示；翻页失败保留已加载数据并提供行内重试；401跳登录或会话升级，403显示无权限，404不适用,ui_action_adm_cms_003_07,REQ-CMS-001,TST-CMS_001-HAPPY,FROZEN_DETAILED_V1.2.2,LIST_QUERY,页面主按钮/行操作/更多菜单/标准弹层，具体位置由模板和页面操作规格确定,页面具备读取权限；筛选项按数据范围和角色显示,网络可用；非正在刷新；翻页时 nextCursor/hasNext 为真,"校验 page,pageSize,cursor,status,keyword,sort",page;pageSize;cursor;status;keyword;sort,不需要,GET /admin-api/v1/cms/h5-pages；请求模型 AdminCMSGetCmsH5PagesParameters；响应模型 AdminCMSGetCmsH5PagesResponse,同资源单写请求锁；状态机服务端复核,首屏使用骨架屏；刷新保留现有数据；翻页使用列表尾部加载器,GET 可人工重试；网络瞬断最多指数退避自动重试 2 次；筛选变化取消旧请求,留在当前页；点击行/卡片按页面导航规格进入详情,当前资源、来源列表、全局角标/余额/待办中与该领域相关的缓存；禁止无差别清空全部缓存,记录必要业务埋点；读取高敏字段时额外记录访问审计,遵循最小采集；仅记录业务标识和状态，不记录自由文本中的个人信息,GET 可展示明确标记的最近缓存；写操作离线时禁止提交，不进入隐式离线队列,AdminCMSGetCmsH5PagesResponse,READY_FOR_IMPLEMENTATION
ACT-ADM-CMS-003-08,ADMIN,ADM-CMS-003,公告帮助协议,/operations/cms/content,更新H5配置新版本,用户显式点击操作入口，且本地字段校验、权限、状态机前置条件全部满足,PUT /admin-api/v1/cms/h5-pages/{code},adminCMSPutCmsH5PagesByCode,AdminCMSPutCmsH5PagesByCodeRequest,cms.write,X-Idempotency-Key必填,使用响应中的资源和 version 更新页面；清除已提交脏状态；展示“更新H5配置新版本成功”；刷新受影响列表、详情、余额或配置版本,400逐字段映射；401要求重新认证；403隐藏后续写入口并记录越权拒绝；409提示数据已变化并重新加载；422展示业务原因且保留输入；429显示可重试时间；500保留上下文并提供 requestId,ui_action_adm_cms_003_08,REQ-CMS-001,TST-CMS_001-HAPPY;TST-CMS_001-IDEMPOTENT,FROZEN_DETAILED_V1.2.2,UPDATE,页面主按钮/行操作/更多菜单/标准弹层，具体位置由模板和页面操作规格确定,具备权限 cms.write，且资源状态允许“更新H5配置新版本”；按钮显示条件由页面状态表和状态机共同决定,不存在同资源写请求；必填字段有效；服务端 version 未被本地标记过期；需要审批时已选择审批单,"校验 code,X-Idempotency-Key,title,content,seoMetadata,expectedVersion；expectedVersion 必须等于页面最后一次成功读取的服务端版本；同一业务意图生成稳定 X-Idempotency-Key；请求体变化必须换键；敏感值仅在内存中使用，不写日志、URL、埋点或本地明文缓存",code;X-Idempotency-Key;title;content;seoMetadata;expectedVersion,金额、权益或发布范围变化时二次确认；普通可撤销保存不需要,PUT /admin-api/v1/cms/h5-pages/{code}；请求模型 AdminCMSPutCmsH5PagesByCodeRequest；响应模型 AdminCMSPutCmsH5PagesByCodeResponse,expectedVersion 乐观锁 + X-Idempotency-Key + 服务端结果查询,提交期间锁定同资源写操作，保留输入并显示明确进度；禁止全页无反馈等待,使用同一幂等键仅重试同一请求体；若服务端已受理则先查询结果；409版本冲突不得盲重试,默认留在当前页并刷新；创建成功进入详情，支付/认证/发布结果按对应流程导航,当前资源、来源列表、全局角标/余额/待办中与该领域相关的缓存；禁止无差别清空全部缓存,记录操作人、角色、目标、前后状态/版本、原因、审批单、requestId、IP/设备和结果,敏感字段按数据分级脱敏；密码、验证码、身份证、支付账号、秘密引用绝不进入埋点和普通日志,GET 可展示明确标记的最近缓存；写操作离线时禁止提交，不进入隐式离线队列,AdminCMSPutCmsH5PagesByCodeResponse,READY_FOR_IMPLEMENTATION
ACT-ADM-APP-001-01,ADMIN,ADM-APP-001,App版本,/delivery/app-versions,App版本,页面首次进入、下拉刷新、筛选/排序变化或滚动触底时触发；相同查询条件避免并发重复请求,GET /admin-api/v1/app-versions,adminAppReleaseGetAppVersions,AdminAppReleaseGetAppVersionsParameters,app.release.read,不要求,首屏替换数据，翻页仅追加去重；更新分页、筛选回显、总数/游标和最后刷新时间；空结果进入业务空状态,首屏失败显示全页错误与重试；刷新失败保留旧数据并提示；翻页失败保留已加载数据并提供行内重试；401跳登录或会话升级，403显示无权限，404不适用,ui_action_adm_app_001_01,REQ-APP-RELEASE-001,TST-APP_RELEASE_001-HAPPY,FROZEN_DETAILED_V1.2.2,LIST_QUERY,页面主按钮/行操作/更多菜单/标准弹层，具体位置由模板和页面操作规格确定,页面具备读取权限；筛选项按数据范围和角色显示,网络可用；非正在刷新；翻页时 nextCursor/hasNext 为真,"校验 page,pageSize,cursor,status,keyword,sort",page;pageSize;cursor;status;keyword;sort,不需要,GET /admin-api/v1/app-versions；请求模型 AdminAppReleaseGetAppVersionsParameters；响应模型 AdminAppReleaseGetAppVersionsResponse,同资源单写请求锁；状态机服务端复核,首屏使用骨架屏；刷新保留现有数据；翻页使用列表尾部加载器,GET 可人工重试；网络瞬断最多指数退避自动重试 2 次；筛选变化取消旧请求,留在当前页；点击行/卡片按页面导航规格进入详情,当前资源、来源列表、全局角标/余额/待办中与该领域相关的缓存；禁止无差别清空全部缓存,记录必要业务埋点；读取高敏字段时额外记录访问审计,遵循最小采集；仅记录业务标识和状态，不记录自由文本中的个人信息,GET 可展示明确标记的最近缓存；写操作离线时禁止提交，不进入隐式离线队列,AdminAppReleaseGetAppVersionsResponse,READY_FOR_IMPLEMENTATION
ACT-ADM-APP-001-02,ADMIN,ADM-APP-001,App版本,/delivery/app-versions,创建版本,用户显式点击操作入口，且本地字段校验、权限、状态机前置条件全部满足,POST /admin-api/v1/app-versions,adminAppReleasePostAppVersions,AdminAppReleasePostAppVersionsRequest,app.release.write,X-Idempotency-Key必填,使用响应中的资源和 version 更新页面；清除已提交脏状态；展示“创建版本成功”；刷新受影响列表、详情、余额或配置版本,400逐字段映射；401要求重新认证；403隐藏后续写入口并记录越权拒绝；409提示数据已变化并重新加载；422展示业务原因且保留输入；429显示可重试时间；500保留上下文并提供 requestId,ui_action_adm_app_001_02,REQ-APP-RELEASE-001,TST-APP_RELEASE_001-HAPPY;TST-APP_RELEASE_001-IDEMPOTENT,FROZEN_DETAILED_V1.2.2,CREATE_OR_SUBMIT,页面主按钮/行操作/更多菜单/标准弹层，具体位置由模板和页面操作规格确定,具备权限 app.release.write，且资源状态允许“创建版本”；按钮显示条件由页面状态表和状态机共同决定,不存在同资源写请求；必填字段有效；服务端 version 未被本地标记过期；需要审批时已选择审批单,"校验 X-Idempotency-Key,platform,versionCode,versionName,channel,artifactId,releaseNotes,forcePolicy；同一业务意图生成稳定 X-Idempotency-Key；请求体变化必须换键",X-Idempotency-Key;platform;versionCode;versionName;channel;artifactId;releaseNotes;forcePolicy,金额、权益或发布范围变化时二次确认；普通可撤销保存不需要,POST /admin-api/v1/app-versions；请求模型 AdminAppReleasePostAppVersionsRequest；响应模型 AdminAppReleasePostAppVersionsResponse,X-Idempotency-Key + 服务端结果查询,提交期间锁定同资源写操作，保留输入并显示明确进度；禁止全页无反馈等待,使用同一幂等键仅重试同一请求体；若服务端已受理则先查询结果；409版本冲突不得盲重试,默认留在当前页并刷新；创建成功进入详情，支付/认证/发布结果按对应流程导航,当前资源、来源列表、全局角标/余额/待办中与该领域相关的缓存；禁止无差别清空全部缓存,记录操作人、角色、目标、前后状态/版本、原因、审批单、requestId、IP/设备和结果,遵循最小采集；仅记录业务标识和状态，不记录自由文本中的个人信息,GET 可展示明确标记的最近缓存；写操作离线时禁止提交，不进入隐式离线队列,AdminAppReleasePostAppVersionsResponse,READY_FOR_IMPLEMENTATION
ACT-ADM-APP-001-03,ADMIN,ADM-APP-001,App版本,/delivery/app-versions,发布/灰度,用户显式点击操作入口，且本地字段校验、权限、状态机前置条件全部满足,POST /admin-api/v1/app-versions/{id}/publish,adminAppReleasePostAppVersionsByIdPublish,AdminAppReleasePostAppVersionsByIdPublishRequest,app.release.publish,X-Idempotency-Key必填,更新审批/业务状态、版本和审计时间线；展示“发布/灰度成功”；从待办队列移除并刷新计数,400逐字段映射；401要求重新认证；403隐藏后续写入口并记录越权拒绝；409提示数据已变化并重新加载；422展示业务原因且保留输入；429显示可重试时间；500保留上下文并提供 requestId,ui_action_adm_app_001_03,REQ-APP-RELEASE-001,TST-APP_RELEASE_001-HAPPY;TST-APP_RELEASE_001-IDEMPOTENT,FROZEN_DETAILED_V1.2.2,CONTROLLED_COMMAND,页面主按钮/行操作/更多菜单/标准弹层，具体位置由模板和页面操作规格确定,具备权限 app.release.publish，且资源状态允许“发布/灰度”；按钮显示条件由页面状态表和状态机共同决定,不存在同资源写请求；必填字段有效；服务端 version 未被本地标记过期；需要审批时已选择审批单,"校验 id,X-Idempotency-Key,rolloutPercent,targetChannels,forcePolicy,approvalId,expectedVersion；expectedVersion 必须等于页面最后一次成功读取的服务端版本；同一业务意图生成稳定 X-Idempotency-Key；请求体变化必须换键",id;X-Idempotency-Key;rolloutPercent;targetChannels;forcePolicy;approvalId;expectedVersion,必须二次确认；确认框展示目标、影响、不可逆性、原因、审批要求和将触发的通知,POST /admin-api/v1/app-versions/{id}/publish；请求模型 AdminAppReleasePostAppVersionsByIdPublishRequest；响应模型 AdminAppReleasePostAppVersionsByIdPublishResponse,expectedVersion 乐观锁 + X-Idempotency-Key + 服务端结果查询,提交期间锁定同资源写操作，保留输入并显示明确进度；禁止全页无反馈等待,使用同一幂等键仅重试同一请求体；若服务端已受理则先查询结果；409版本冲突不得盲重试,默认留在当前页并刷新；创建成功进入详情，支付/认证/发布结果按对应流程导航,当前资源、来源列表、全局角标/余额/待办中与该领域相关的缓存；禁止无差别清空全部缓存,记录操作人、角色、目标、前后状态/版本、原因、审批单、requestId、IP/设备和结果,遵循最小采集；仅记录业务标识和状态，不记录自由文本中的个人信息,GET 可展示明确标记的最近缓存；写操作离线时禁止提交，不进入隐式离线队列,AdminAppReleasePostAppVersionsByIdPublishResponse,READY_FOR_IMPLEMENTATION
ACT-ADM-RISK-001-01,ADMIN,ADM-RISK-001,风险事件,/governance/risk/events,风险事件,页面首次进入、下拉刷新、筛选/排序变化或滚动触底时触发；相同查询条件避免并发重复请求,GET /admin-api/v1/risk/events,adminRiskGetRiskEvents,AdminRiskGetRiskEventsParameters,risk.read,不要求,首屏替换数据，翻页仅追加去重；更新分页、筛选回显、总数/游标和最后刷新时间；空结果进入业务空状态,首屏失败显示全页错误与重试；刷新失败保留旧数据并提示；翻页失败保留已加载数据并提供行内重试；401跳登录或会话升级，403显示无权限，404不适用,ui_action_adm_risk_001_01,REQ-SEC-001,TST-SEC_001-HAPPY,FROZEN_DETAILED_V1.2.2,LIST_QUERY,页面主按钮/行操作/更多菜单/标准弹层，具体位置由模板和页面操作规格确定,页面具备读取权限；筛选项按数据范围和角色显示,网络可用；非正在刷新；翻页时 nextCursor/hasNext 为真,"校验 page,pageSize,cursor,status,keyword,sort",page;pageSize;cursor;status;keyword;sort,不需要,GET /admin-api/v1/risk/events；请求模型 AdminRiskGetRiskEventsParameters；响应模型 AdminRiskGetRiskEventsResponse,同资源单写请求锁；状态机服务端复核,首屏使用骨架屏；刷新保留现有数据；翻页使用列表尾部加载器,GET 可人工重试；网络瞬断最多指数退避自动重试 2 次；筛选变化取消旧请求,留在当前页；点击行/卡片按页面导航规格进入详情,当前资源、来源列表、全局角标/余额/待办中与该领域相关的缓存；禁止无差别清空全部缓存,记录必要业务埋点；读取高敏字段时额外记录访问审计,遵循最小采集；仅记录业务标识和状态，不记录自由文本中的个人信息,GET 可展示明确标记的最近缓存；写操作离线时禁止提交，不进入隐式离线队列,AdminRiskGetRiskEventsResponse,READY_FOR_IMPLEMENTATION
ACT-ADM-RISK-001-02,ADMIN,ADM-RISK-001,风险事件,/governance/risk/events,人工处置,用户显式点击操作入口，且本地字段校验、权限、状态机前置条件全部满足,POST /admin-api/v1/risk/events/{id}/decide,adminRiskPostRiskEventsByIdDecide,AdminRiskPostRiskEventsByIdDecideRequest,risk.decide,X-Idempotency-Key必填,以响应数据更新页面和关联缓存；展示“人工处置成功”；仅刷新受影响区域,400逐字段映射；401要求重新认证；403隐藏后续写入口并记录越权拒绝；409提示数据已变化并重新加载；422展示业务原因且保留输入；429显示可重试时间；500保留上下文并提供 requestId,ui_action_adm_risk_001_02,REQ-SEC-001,TST-SEC_001-HAPPY;TST-SEC_001-IDEMPOTENT,FROZEN_DETAILED_V1.2.2,CREATE_OR_SUBMIT,页面主按钮/行操作/更多菜单/标准弹层，具体位置由模板和页面操作规格确定,具备权限 risk.decide，且资源状态允许“人工处置”；按钮显示条件由页面状态表和状态机共同决定,不存在同资源写请求；必填字段有效；服务端 version 未被本地标记过期；需要审批时已选择审批单,"校验 id,X-Idempotency-Key,decision,reason,expectedVersion,evidenceIds；expectedVersion 必须等于页面最后一次成功读取的服务端版本；同一业务意图生成稳定 X-Idempotency-Key；请求体变化必须换键",id;X-Idempotency-Key;decision;reason;expectedVersion;evidenceIds,必须二次确认；确认框展示目标、影响、不可逆性、原因、审批要求和将触发的通知,POST /admin-api/v1/risk/events/{id}/decide；请求模型 AdminRiskPostRiskEventsByIdDecideRequest；响应模型 AdminRiskPostRiskEventsByIdDecideResponse,expectedVersion 乐观锁 + X-Idempotency-Key + 服务端结果查询,提交期间锁定同资源写操作，保留输入并显示明确进度；禁止全页无反馈等待,使用同一幂等键仅重试同一请求体；若服务端已受理则先查询结果；409版本冲突不得盲重试,默认留在当前页并刷新；创建成功进入详情，支付/认证/发布结果按对应流程导航,当前资源、来源列表、全局角标/余额/待办中与该领域相关的缓存；禁止无差别清空全部缓存,记录操作人、角色、目标、前后状态/版本、原因、审批单、requestId、IP/设备和结果,遵循最小采集；仅记录业务标识和状态，不记录自由文本中的个人信息,GET 可展示明确标记的最近缓存；写操作离线时禁止提交，不进入隐式离线队列,AdminRiskPostRiskEventsByIdDecideResponse,READY_FOR_IMPLEMENTATION
ACT-ADM-RISK-001-03,ADMIN,ADM-RISK-001,风险事件,/governance/risk/events,规则版本,页面首次进入、下拉刷新、筛选/排序变化或滚动触底时触发；相同查询条件避免并发重复请求,GET /admin-api/v1/risk/rule-versions,adminRiskGetRiskRuleVersions,AdminRiskGetRiskRuleVersionsParameters,risk.rule.read,不要求,首屏替换数据，翻页仅追加去重；更新分页、筛选回显、总数/游标和最后刷新时间；空结果进入业务空状态,首屏失败显示全页错误与重试；刷新失败保留旧数据并提示；翻页失败保留已加载数据并提供行内重试；401跳登录或会话升级，403显示无权限，404不适用,ui_action_adm_risk_001_03,REQ-SEC-001,TST-SEC_001-HAPPY,FROZEN_DETAILED_V1.2.2,LIST_QUERY,页面主按钮/行操作/更多菜单/标准弹层，具体位置由模板和页面操作规格确定,页面具备读取权限；筛选项按数据范围和角色显示,网络可用；非正在刷新；翻页时 nextCursor/hasNext 为真,"校验 page,pageSize,cursor,status,keyword,sort",page;pageSize;cursor;status;keyword;sort,不需要,GET /admin-api/v1/risk/rule-versions；请求模型 AdminRiskGetRiskRuleVersionsParameters；响应模型 AdminRiskGetRiskRuleVersionsResponse,同资源单写请求锁；状态机服务端复核,首屏使用骨架屏；刷新保留现有数据；翻页使用列表尾部加载器,GET 可人工重试；网络瞬断最多指数退避自动重试 2 次；筛选变化取消旧请求,留在当前页；点击行/卡片按页面导航规格进入详情,当前资源、来源列表、全局角标/余额/待办中与该领域相关的缓存；禁止无差别清空全部缓存,记录必要业务埋点；读取高敏字段时额外记录访问审计,遵循最小采集；仅记录业务标识和状态，不记录自由文本中的个人信息,GET 可展示明确标记的最近缓存；写操作离线时禁止提交，不进入隐式离线队列,AdminRiskGetRiskRuleVersionsResponse,READY_FOR_IMPLEMENTATION
ACT-ADM-RISK-001-04,ADMIN,ADM-RISK-001,风险事件,/governance/risk/events,创建规则版本,用户显式点击操作入口，且本地字段校验、权限、状态机前置条件全部满足,POST /admin-api/v1/risk/rule-versions,adminRiskPostRiskRuleVersions,AdminRiskPostRiskRuleVersionsRequest,risk.rule.write,X-Idempotency-Key必填,使用响应中的资源和 version 更新页面；清除已提交脏状态；展示“创建规则版本成功”；刷新受影响列表、详情、余额或配置版本,400逐字段映射；401要求重新认证；403隐藏后续写入口并记录越权拒绝；409提示数据已变化并重新加载；422展示业务原因且保留输入；429显示可重试时间；500保留上下文并提供 requestId,ui_action_adm_risk_001_04,REQ-SEC-001,TST-SEC_001-HAPPY;TST-SEC_001-IDEMPOTENT,FROZEN_DETAILED_V1.2.2,CREATE_OR_SUBMIT,页面主按钮/行操作/更多菜单/标准弹层，具体位置由模板和页面操作规格确定,具备权限 risk.rule.write，且资源状态允许“创建规则版本”；按钮显示条件由页面状态表和状态机共同决定,不存在同资源写请求；必填字段有效；服务端 version 未被本地标记过期；需要审批时已选择审批单,"校验 X-Idempotency-Key,name,effectiveAt,rule,remark；同一业务意图生成稳定 X-Idempotency-Key；请求体变化必须换键",X-Idempotency-Key;name;effectiveAt;rule;remark,金额、权益或发布范围变化时二次确认；普通可撤销保存不需要,POST /admin-api/v1/risk/rule-versions；请求模型 AdminRiskPostRiskRuleVersionsRequest；响应模型 AdminRiskPostRiskRuleVersionsResponse,X-Idempotency-Key + 服务端结果查询,提交期间锁定同资源写操作，保留输入并显示明确进度；禁止全页无反馈等待,使用同一幂等键仅重试同一请求体；若服务端已受理则先查询结果；409版本冲突不得盲重试,默认留在当前页并刷新；创建成功进入详情，支付/认证/发布结果按对应流程导航,当前资源、来源列表、全局角标/余额/待办中与该领域相关的缓存；禁止无差别清空全部缓存,记录操作人、角色、目标、前后状态/版本、原因、审批单、requestId、IP/设备和结果,遵循最小采集；仅记录业务标识和状态，不记录自由文本中的个人信息,GET 可展示明确标记的最近缓存；写操作离线时禁止提交，不进入隐式离线队列,AdminRiskPostRiskRuleVersionsResponse,READY_FOR_IMPLEMENTATION
ACT-ADM-RISK-001-05,ADMIN,ADM-RISK-001,风险事件,/governance/risk/events,黑名单,页面首次进入、下拉刷新、筛选/排序变化或滚动触底时触发；相同查询条件避免并发重复请求,GET /admin-api/v1/risk/blacklists,adminRiskGetRiskBlacklists,AdminRiskGetRiskBlacklistsParameters,risk.list.read,不要求,首屏替换数据，翻页仅追加去重；更新分页、筛选回显、总数/游标和最后刷新时间；空结果进入业务空状态,首屏失败显示全页错误与重试；刷新失败保留旧数据并提示；翻页失败保留已加载数据并提供行内重试；401跳登录或会话升级，403显示无权限，404不适用,ui_action_adm_risk_001_05,REQ-SEC-001,TST-SEC_001-HAPPY,FROZEN_DETAILED_V1.2.2,LIST_QUERY,页面主按钮/行操作/更多菜单/标准弹层，具体位置由模板和页面操作规格确定,页面具备读取权限；筛选项按数据范围和角色显示,网络可用；非正在刷新；翻页时 nextCursor/hasNext 为真,"校验 page,pageSize,cursor,status,keyword,sort",page;pageSize;cursor;status;keyword;sort,不需要,GET /admin-api/v1/risk/blacklists；请求模型 AdminRiskGetRiskBlacklistsParameters；响应模型 AdminRiskGetRiskBlacklistsResponse,同资源单写请求锁；状态机服务端复核,首屏使用骨架屏；刷新保留现有数据；翻页使用列表尾部加载器,GET 可人工重试；网络瞬断最多指数退避自动重试 2 次；筛选变化取消旧请求,留在当前页；点击行/卡片按页面导航规格进入详情,当前资源、来源列表、全局角标/余额/待办中与该领域相关的缓存；禁止无差别清空全部缓存,记录必要业务埋点；读取高敏字段时额外记录访问审计,遵循最小采集；仅记录业务标识和状态，不记录自由文本中的个人信息,GET 可展示明确标记的最近缓存；写操作离线时禁止提交，不进入隐式离线队列,AdminRiskGetRiskBlacklistsResponse,READY_FOR_IMPLEMENTATION
ACT-ADM-RISK-001-06,ADMIN,ADM-RISK-001,风险事件,/governance/risk/events,新增黑名单,用户显式点击操作入口，且本地字段校验、权限、状态机前置条件全部满足,POST /admin-api/v1/risk/blacklists,adminRiskPostRiskBlacklists,AdminRiskPostRiskBlacklistsRequest,risk.list.write,X-Idempotency-Key必填,使用响应中的资源和 version 更新页面；清除已提交脏状态；展示“新增黑名单成功”；刷新受影响列表、详情、余额或配置版本,400逐字段映射；401要求重新认证；403隐藏后续写入口并记录越权拒绝；409提示数据已变化并重新加载；422展示业务原因且保留输入；429显示可重试时间；500保留上下文并提供 requestId,ui_action_adm_risk_001_06,REQ-SEC-001,TST-SEC_001-HAPPY;TST-SEC_001-IDEMPOTENT,FROZEN_DETAILED_V1.2.2,CREATE_OR_SUBMIT,页面主按钮/行操作/更多菜单/标准弹层，具体位置由模板和页面操作规格确定,具备权限 risk.list.write，且资源状态允许“新增黑名单”；按钮显示条件由页面状态表和状态机共同决定,不存在同资源写请求；必填字段有效；服务端 version 未被本地标记过期；需要审批时已选择审批单,"校验 X-Idempotency-Key,subjectType,subjectValue,reason,expiresAt；同一业务意图生成稳定 X-Idempotency-Key；请求体变化必须换键",X-Idempotency-Key;subjectType;subjectValue;reason;expiresAt,必须二次确认；确认框展示目标、影响、不可逆性、原因、审批要求和将触发的通知,POST /admin-api/v1/risk/blacklists；请求模型 AdminRiskPostRiskBlacklistsRequest；响应模型 AdminRiskPostRiskBlacklistsResponse,X-Idempotency-Key + 服务端结果查询,提交期间锁定同资源写操作，保留输入并显示明确进度；禁止全页无反馈等待,使用同一幂等键仅重试同一请求体；若服务端已受理则先查询结果；409版本冲突不得盲重试,默认留在当前页并刷新；创建成功进入详情，支付/认证/发布结果按对应流程导航,当前资源、来源列表、全局角标/余额/待办中与该领域相关的缓存；禁止无差别清空全部缓存,记录操作人、角色、目标、前后状态/版本、原因、审批单、requestId、IP/设备和结果,遵循最小采集；仅记录业务标识和状态，不记录自由文本中的个人信息,GET 可展示明确标记的最近缓存；写操作离线时禁止提交，不进入隐式离线队列,AdminRiskPostRiskBlacklistsResponse,READY_FOR_IMPLEMENTATION
ACT-ADM-RISK-001-07,ADMIN,ADM-RISK-001,风险事件,/governance/risk/events,移除黑名单,用户显式点击操作入口，且本地字段校验、权限、状态机前置条件全部满足,DELETE /admin-api/v1/risk/blacklists/{id},adminRiskDeleteRiskBlacklistsById,AdminRiskDeleteRiskBlacklistsByIdParameters,risk.list.write,X-Idempotency-Key必填,以响应数据更新页面和关联缓存；展示“移除黑名单成功”；仅刷新受影响区域,400逐字段映射；401要求重新认证；403隐藏后续写入口并记录越权拒绝；409提示数据已变化并重新加载；422展示业务原因且保留输入；429显示可重试时间；500保留上下文并提供 requestId,ui_action_adm_risk_001_07,REQ-SEC-001,TST-SEC_001-HAPPY;TST-SEC_001-IDEMPOTENT,FROZEN_DETAILED_V1.2.2,DESTRUCTIVE_COMMAND,页面主按钮/行操作/更多菜单/标准弹层，具体位置由模板和页面操作规格确定,具备权限 risk.list.write，且资源状态允许“移除黑名单”；按钮显示条件由页面状态表和状态机共同决定,不存在同资源写请求；必填字段有效；服务端 version 未被本地标记过期；需要审批时已选择审批单,"校验 id,X-Idempotency-Key,xIdempotencyKey；同一业务意图生成稳定 X-Idempotency-Key；请求体变化必须换键",id;X-Idempotency-Key;xIdempotencyKey,必须二次确认；确认框展示目标、影响、不可逆性、原因、审批要求和将触发的通知,DELETE /admin-api/v1/risk/blacklists/{id}；请求模型 AdminRiskDeleteRiskBlacklistsByIdParameters；响应模型 AdminRiskDeleteRiskBlacklistsByIdResponse,X-Idempotency-Key + 服务端结果查询,提交期间锁定同资源写操作，保留输入并显示明确进度；禁止全页无反馈等待,使用同一幂等键仅重试同一请求体；若服务端已受理则先查询结果；409版本冲突不得盲重试,默认留在当前页并刷新；创建成功进入详情，支付/认证/发布结果按对应流程导航,当前资源、来源列表、全局角标/余额/待办中与该领域相关的缓存；禁止无差别清空全部缓存,记录操作人、角色、目标、前后状态/版本、原因、审批单、requestId、IP/设备和结果,遵循最小采集；仅记录业务标识和状态，不记录自由文本中的个人信息,GET 可展示明确标记的最近缓存；写操作离线时禁止提交，不进入隐式离线队列,AdminRiskDeleteRiskBlacklistsByIdResponse,READY_FOR_IMPLEMENTATION
ACT-ADM-RISK-002-01,ADMIN,ADM-RISK-002,黑白名单,/governance/risk/lists,风险事件,页面首次进入、下拉刷新、筛选/排序变化或滚动触底时触发；相同查询条件避免并发重复请求,GET /admin-api/v1/risk/events,adminRiskGetRiskEvents,AdminRiskGetRiskEventsParameters,risk.read,不要求,首屏替换数据，翻页仅追加去重；更新分页、筛选回显、总数/游标和最后刷新时间；空结果进入业务空状态,首屏失败显示全页错误与重试；刷新失败保留旧数据并提示；翻页失败保留已加载数据并提供行内重试；401跳登录或会话升级，403显示无权限，404不适用,ui_action_adm_risk_002_01,REQ-SEC-001,TST-SEC_001-HAPPY,FROZEN_DETAILED_V1.2.2,LIST_QUERY,页面主按钮/行操作/更多菜单/标准弹层，具体位置由模板和页面操作规格确定,页面具备读取权限；筛选项按数据范围和角色显示,网络可用；非正在刷新；翻页时 nextCursor/hasNext 为真,"校验 page,pageSize,cursor,status,keyword,sort",page;pageSize;cursor;status;keyword;sort,不需要,GET /admin-api/v1/risk/events；请求模型 AdminRiskGetRiskEventsParameters；响应模型 AdminRiskGetRiskEventsResponse,同资源单写请求锁；状态机服务端复核,首屏使用骨架屏；刷新保留现有数据；翻页使用列表尾部加载器,GET 可人工重试；网络瞬断最多指数退避自动重试 2 次；筛选变化取消旧请求,留在当前页；点击行/卡片按页面导航规格进入详情,当前资源、来源列表、全局角标/余额/待办中与该领域相关的缓存；禁止无差别清空全部缓存,记录必要业务埋点；读取高敏字段时额外记录访问审计,遵循最小采集；仅记录业务标识和状态，不记录自由文本中的个人信息,GET 可展示明确标记的最近缓存；写操作离线时禁止提交，不进入隐式离线队列,AdminRiskGetRiskEventsResponse,READY_FOR_IMPLEMENTATION
ACT-ADM-RISK-002-02,ADMIN,ADM-RISK-002,黑白名单,/governance/risk/lists,人工处置,用户显式点击操作入口，且本地字段校验、权限、状态机前置条件全部满足,POST /admin-api/v1/risk/events/{id}/decide,adminRiskPostRiskEventsByIdDecide,AdminRiskPostRiskEventsByIdDecideRequest,risk.decide,X-Idempotency-Key必填,以响应数据更新页面和关联缓存；展示“人工处置成功”；仅刷新受影响区域,400逐字段映射；401要求重新认证；403隐藏后续写入口并记录越权拒绝；409提示数据已变化并重新加载；422展示业务原因且保留输入；429显示可重试时间；500保留上下文并提供 requestId,ui_action_adm_risk_002_02,REQ-SEC-001,TST-SEC_001-HAPPY;TST-SEC_001-IDEMPOTENT,FROZEN_DETAILED_V1.2.2,CREATE_OR_SUBMIT,页面主按钮/行操作/更多菜单/标准弹层，具体位置由模板和页面操作规格确定,具备权限 risk.decide，且资源状态允许“人工处置”；按钮显示条件由页面状态表和状态机共同决定,不存在同资源写请求；必填字段有效；服务端 version 未被本地标记过期；需要审批时已选择审批单,"校验 id,X-Idempotency-Key,decision,reason,expectedVersion,evidenceIds；expectedVersion 必须等于页面最后一次成功读取的服务端版本；同一业务意图生成稳定 X-Idempotency-Key；请求体变化必须换键",id;X-Idempotency-Key;decision;reason;expectedVersion;evidenceIds,必须二次确认；确认框展示目标、影响、不可逆性、原因、审批要求和将触发的通知,POST /admin-api/v1/risk/events/{id}/decide；请求模型 AdminRiskPostRiskEventsByIdDecideRequest；响应模型 AdminRiskPostRiskEventsByIdDecideResponse,expectedVersion 乐观锁 + X-Idempotency-Key + 服务端结果查询,提交期间锁定同资源写操作，保留输入并显示明确进度；禁止全页无反馈等待,使用同一幂等键仅重试同一请求体；若服务端已受理则先查询结果；409版本冲突不得盲重试,默认留在当前页并刷新；创建成功进入详情，支付/认证/发布结果按对应流程导航,当前资源、来源列表、全局角标/余额/待办中与该领域相关的缓存；禁止无差别清空全部缓存,记录操作人、角色、目标、前后状态/版本、原因、审批单、requestId、IP/设备和结果,遵循最小采集；仅记录业务标识和状态，不记录自由文本中的个人信息,GET 可展示明确标记的最近缓存；写操作离线时禁止提交，不进入隐式离线队列,AdminRiskPostRiskEventsByIdDecideResponse,READY_FOR_IMPLEMENTATION
ACT-ADM-RISK-002-03,ADMIN,ADM-RISK-002,黑白名单,/governance/risk/lists,规则版本,页面首次进入、下拉刷新、筛选/排序变化或滚动触底时触发；相同查询条件避免并发重复请求,GET /admin-api/v1/risk/rule-versions,adminRiskGetRiskRuleVersions,AdminRiskGetRiskRuleVersionsParameters,risk.rule.read,不要求,首屏替换数据，翻页仅追加去重；更新分页、筛选回显、总数/游标和最后刷新时间；空结果进入业务空状态,首屏失败显示全页错误与重试；刷新失败保留旧数据并提示；翻页失败保留已加载数据并提供行内重试；401跳登录或会话升级，403显示无权限，404不适用,ui_action_adm_risk_002_03,REQ-SEC-001,TST-SEC_001-HAPPY,FROZEN_DETAILED_V1.2.2,LIST_QUERY,页面主按钮/行操作/更多菜单/标准弹层，具体位置由模板和页面操作规格确定,页面具备读取权限；筛选项按数据范围和角色显示,网络可用；非正在刷新；翻页时 nextCursor/hasNext 为真,"校验 page,pageSize,cursor,status,keyword,sort",page;pageSize;cursor;status;keyword;sort,不需要,GET /admin-api/v1/risk/rule-versions；请求模型 AdminRiskGetRiskRuleVersionsParameters；响应模型 AdminRiskGetRiskRuleVersionsResponse,同资源单写请求锁；状态机服务端复核,首屏使用骨架屏；刷新保留现有数据；翻页使用列表尾部加载器,GET 可人工重试；网络瞬断最多指数退避自动重试 2 次；筛选变化取消旧请求,留在当前页；点击行/卡片按页面导航规格进入详情,当前资源、来源列表、全局角标/余额/待办中与该领域相关的缓存；禁止无差别清空全部缓存,记录必要业务埋点；读取高敏字段时额外记录访问审计,遵循最小采集；仅记录业务标识和状态，不记录自由文本中的个人信息,GET 可展示明确标记的最近缓存；写操作离线时禁止提交，不进入隐式离线队列,AdminRiskGetRiskRuleVersionsResponse,READY_FOR_IMPLEMENTATION
ACT-ADM-RISK-002-04,ADMIN,ADM-RISK-002,黑白名单,/governance/risk/lists,黑名单,页面首次进入、下拉刷新、筛选/排序变化或滚动触底时触发；相同查询条件避免并发重复请求,GET /admin-api/v1/risk/blacklists,adminRiskGetRiskBlacklists,AdminRiskGetRiskBlacklistsParameters,risk.list.read,不要求,首屏替换数据，翻页仅追加去重；更新分页、筛选回显、总数/游标和最后刷新时间；空结果进入业务空状态,首屏失败显示全页错误与重试；刷新失败保留旧数据并提示；翻页失败保留已加载数据并提供行内重试；401跳登录或会话升级，403显示无权限，404不适用,ui_action_adm_risk_002_04,REQ-SEC-001,TST-SEC_001-HAPPY,FROZEN_DETAILED_V1.2.2,LIST_QUERY,页面主按钮/行操作/更多菜单/标准弹层，具体位置由模板和页面操作规格确定,页面具备读取权限；筛选项按数据范围和角色显示,网络可用；非正在刷新；翻页时 nextCursor/hasNext 为真,"校验 page,pageSize,cursor,status,keyword,sort",page;pageSize;cursor;status;keyword;sort,不需要,GET /admin-api/v1/risk/blacklists；请求模型 AdminRiskGetRiskBlacklistsParameters；响应模型 AdminRiskGetRiskBlacklistsResponse,同资源单写请求锁；状态机服务端复核,首屏使用骨架屏；刷新保留现有数据；翻页使用列表尾部加载器,GET 可人工重试；网络瞬断最多指数退避自动重试 2 次；筛选变化取消旧请求,留在当前页；点击行/卡片按页面导航规格进入详情,当前资源、来源列表、全局角标/余额/待办中与该领域相关的缓存；禁止无差别清空全部缓存,记录必要业务埋点；读取高敏字段时额外记录访问审计,遵循最小采集；仅记录业务标识和状态，不记录自由文本中的个人信息,GET 可展示明确标记的最近缓存；写操作离线时禁止提交，不进入隐式离线队列,AdminRiskGetRiskBlacklistsResponse,READY_FOR_IMPLEMENTATION
ACT-ADM-RISK-002-05,ADMIN,ADM-RISK-002,黑白名单,/governance/risk/lists,移除黑名单,用户显式点击操作入口，且本地字段校验、权限、状态机前置条件全部满足,DELETE /admin-api/v1/risk/blacklists/{id},adminRiskDeleteRiskBlacklistsById,AdminRiskDeleteRiskBlacklistsByIdParameters,risk.list.write,X-Idempotency-Key必填,以响应数据更新页面和关联缓存；展示“移除黑名单成功”；仅刷新受影响区域,400逐字段映射；401要求重新认证；403隐藏后续写入口并记录越权拒绝；409提示数据已变化并重新加载；422展示业务原因且保留输入；429显示可重试时间；500保留上下文并提供 requestId,ui_action_adm_risk_002_05,REQ-SEC-001,TST-SEC_001-HAPPY;TST-SEC_001-IDEMPOTENT,FROZEN_DETAILED_V1.2.2,DESTRUCTIVE_COMMAND,页面主按钮/行操作/更多菜单/标准弹层，具体位置由模板和页面操作规格确定,具备权限 risk.list.write，且资源状态允许“移除黑名单”；按钮显示条件由页面状态表和状态机共同决定,不存在同资源写请求；必填字段有效；服务端 version 未被本地标记过期；需要审批时已选择审批单,"校验 id,X-Idempotency-Key,xIdempotencyKey；同一业务意图生成稳定 X-Idempotency-Key；请求体变化必须换键",id;X-Idempotency-Key;xIdempotencyKey,必须二次确认；确认框展示目标、影响、不可逆性、原因、审批要求和将触发的通知,DELETE /admin-api/v1/risk/blacklists/{id}；请求模型 AdminRiskDeleteRiskBlacklistsByIdParameters；响应模型 AdminRiskDeleteRiskBlacklistsByIdResponse,X-Idempotency-Key + 服务端结果查询,提交期间锁定同资源写操作，保留输入并显示明确进度；禁止全页无反馈等待,使用同一幂等键仅重试同一请求体；若服务端已受理则先查询结果；409版本冲突不得盲重试,默认留在当前页并刷新；创建成功进入详情，支付/认证/发布结果按对应流程导航,当前资源、来源列表、全局角标/余额/待办中与该领域相关的缓存；禁止无差别清空全部缓存,记录操作人、角色、目标、前后状态/版本、原因、审批单、requestId、IP/设备和结果,遵循最小采集；仅记录业务标识和状态，不记录自由文本中的个人信息,GET 可展示明确标记的最近缓存；写操作离线时禁止提交，不进入隐式离线队列,AdminRiskDeleteRiskBlacklistsByIdResponse,READY_FOR_IMPLEMENTATION
ACT-ADM-CONFIG-001-01,ADMIN,ADM-CONFIG-001,系统配置,/system/config,系统配置,页面首次进入、下拉刷新、筛选/排序变化或滚动触底时触发；相同查询条件避免并发重复请求,GET /admin-api/v1/configs,adminConfigGetConfigs,AdminConfigGetConfigsParameters,config.read,不要求,首屏替换数据，翻页仅追加去重；更新分页、筛选回显、总数/游标和最后刷新时间；空结果进入业务空状态,首屏失败显示全页错误与重试；刷新失败保留旧数据并提示；翻页失败保留已加载数据并提供行内重试；401跳登录或会话升级，403显示无权限，404不适用,ui_action_adm_config_001_01,REQ-CONFIG-001;REQ-SECRET-001,TST-CONFIG_001-HAPPY;TST-SECRET_001-HAPPY,FROZEN_DETAILED_V1.2.2,LIST_QUERY,页面主按钮/行操作/更多菜单/标准弹层，具体位置由模板和页面操作规格确定,页面具备读取权限；筛选项按数据范围和角色显示,网络可用；非正在刷新；翻页时 nextCursor/hasNext 为真,"校验 page,pageSize,cursor,status,keyword,sort",page;pageSize;cursor;status;keyword;sort,不需要,GET /admin-api/v1/configs；请求模型 AdminConfigGetConfigsParameters；响应模型 AdminConfigGetConfigsResponse,同资源单写请求锁；状态机服务端复核,首屏使用骨架屏；刷新保留现有数据；翻页使用列表尾部加载器,GET 可人工重试；网络瞬断最多指数退避自动重试 2 次；筛选变化取消旧请求,留在当前页；点击行/卡片按页面导航规格进入详情,当前资源、来源列表、全局角标/余额/待办中与该领域相关的缓存；禁止无差别清空全部缓存,记录敏感数据访问审计：操作人、目标、字段范围、目的、requestId 和结果,敏感字段按数据分级脱敏；密码、验证码、身份证、支付账号、秘密引用绝不进入埋点和普通日志,GET 可展示明确标记的最近缓存；写操作离线时禁止提交，不进入隐式离线队列,AdminConfigGetConfigsResponse,READY_FOR_IMPLEMENTATION
ACT-ADM-CONFIG-001-02,ADMIN,ADM-CONFIG-001,系统配置,/system/config,修改配置并生成版本,用户显式点击操作入口，且本地字段校验、权限、状态机前置条件全部满足,PUT /admin-api/v1/configs/{key},adminConfigPutConfigsByKey,AdminConfigPutConfigsByKeyRequest,config.write,X-Idempotency-Key必填,使用响应中的资源和 version 更新页面；清除已提交脏状态；展示“修改配置并生成版本成功”；刷新受影响列表、详情、余额或配置版本,400逐字段映射；401要求重新认证；403隐藏后续写入口并记录越权拒绝；409提示数据已变化并重新加载；422展示业务原因且保留输入；429显示可重试时间；500保留上下文并提供 requestId,ui_action_adm_config_001_02,REQ-CONFIG-001;REQ-SECRET-001,TST-CONFIG_001-HAPPY;TST-SECRET_001-HAPPY;TST-CONFIG_001-IDEMPOTENT;TST-SECRET_001-IDEMPOTENT,FROZEN_DETAILED_V1.2.2,UPDATE,页面主按钮/行操作/更多菜单/标准弹层，具体位置由模板和页面操作规格确定,具备权限 config.write，且资源状态允许“修改配置并生成版本”；按钮显示条件由页面状态表和状态机共同决定,不存在同资源写请求；必填字段有效；服务端 version 未被本地标记过期；需要审批时已选择审批单,"校验 key,X-Idempotency-Key,value,effectiveAt,expectedVersion,approvalId；expectedVersion 必须等于页面最后一次成功读取的服务端版本；同一业务意图生成稳定 X-Idempotency-Key；请求体变化必须换键",key;X-Idempotency-Key;value;effectiveAt;expectedVersion;approvalId,金额、权益或发布范围变化时二次确认；普通可撤销保存不需要,PUT /admin-api/v1/configs/{key}；请求模型 AdminConfigPutConfigsByKeyRequest；响应模型 AdminConfigPutConfigsByKeyResponse,expectedVersion 乐观锁 + X-Idempotency-Key + 服务端结果查询,提交期间锁定同资源写操作，保留输入并显示明确进度；禁止全页无反馈等待,使用同一幂等键仅重试同一请求体；若服务端已受理则先查询结果；409版本冲突不得盲重试,默认留在当前页并刷新；创建成功进入详情，支付/认证/发布结果按对应流程导航,当前资源、来源列表、全局角标/余额/待办中与该领域相关的缓存；禁止无差别清空全部缓存,记录操作人、角色、目标、前后状态/版本、原因、审批单、requestId、IP/设备和结果,敏感字段按数据分级脱敏；密码、验证码、身份证、支付账号、秘密引用绝不进入埋点和普通日志,GET 可展示明确标记的最近缓存；写操作离线时禁止提交，不进入隐式离线队列,AdminConfigPutConfigsByKeyResponse,READY_FOR_IMPLEMENTATION
ACT-ADM-CONFIG-001-03,ADMIN,ADM-CONFIG-001,系统配置,/system/config,功能开关,页面首次进入、下拉刷新、筛选/排序变化或滚动触底时触发；相同查询条件避免并发重复请求,GET /admin-api/v1/feature-flags,adminConfigGetFeatureFlags,AdminConfigGetFeatureFlagsParameters,config.read,不要求,首屏替换数据，翻页仅追加去重；更新分页、筛选回显、总数/游标和最后刷新时间；空结果进入业务空状态,首屏失败显示全页错误与重试；刷新失败保留旧数据并提示；翻页失败保留已加载数据并提供行内重试；401跳登录或会话升级，403显示无权限，404不适用,ui_action_adm_config_001_03,REQ-CONFIG-001;REQ-SECRET-001,TST-CONFIG_001-HAPPY;TST-SECRET_001-HAPPY,FROZEN_DETAILED_V1.2.2,LIST_QUERY,页面主按钮/行操作/更多菜单/标准弹层，具体位置由模板和页面操作规格确定,页面具备读取权限；筛选项按数据范围和角色显示,网络可用；非正在刷新；翻页时 nextCursor/hasNext 为真,"校验 page,pageSize,cursor,status,keyword,sort",page;pageSize;cursor;status;keyword;sort,不需要,GET /admin-api/v1/feature-flags；请求模型 AdminConfigGetFeatureFlagsParameters；响应模型 AdminConfigGetFeatureFlagsResponse,同资源单写请求锁；状态机服务端复核,首屏使用骨架屏；刷新保留现有数据；翻页使用列表尾部加载器,GET 可人工重试；网络瞬断最多指数退避自动重试 2 次；筛选变化取消旧请求,留在当前页；点击行/卡片按页面导航规格进入详情,当前资源、来源列表、全局角标/余额/待办中与该领域相关的缓存；禁止无差别清空全部缓存,记录敏感数据访问审计：操作人、目标、字段范围、目的、requestId 和结果,敏感字段按数据分级脱敏；密码、验证码、身份证、支付账号、秘密引用绝不进入埋点和普通日志,GET 可展示明确标记的最近缓存；写操作离线时禁止提交，不进入隐式离线队列,AdminConfigGetFeatureFlagsResponse,READY_FOR_IMPLEMENTATION
ACT-ADM-CONFIG-001-04,ADMIN,ADM-CONFIG-001,系统配置,/system/config,灰度开关,用户显式点击操作入口，且本地字段校验、权限、状态机前置条件全部满足,PUT /admin-api/v1/feature-flags/{key},adminConfigPutFeatureFlagsByKey,AdminConfigPutFeatureFlagsByKeyRequest,config.write,X-Idempotency-Key必填,以响应数据更新页面和关联缓存；展示“灰度开关成功”；仅刷新受影响区域,400逐字段映射；401要求重新认证；403隐藏后续写入口并记录越权拒绝；409提示数据已变化并重新加载；422展示业务原因且保留输入；429显示可重试时间；500保留上下文并提供 requestId,ui_action_adm_config_001_04,REQ-CONFIG-001;REQ-SECRET-001,TST-CONFIG_001-HAPPY;TST-SECRET_001-HAPPY;TST-CONFIG_001-IDEMPOTENT;TST-SECRET_001-IDEMPOTENT,FROZEN_DETAILED_V1.2.2,UPDATE,页面主按钮/行操作/更多菜单/标准弹层，具体位置由模板和页面操作规格确定,具备权限 config.write，且资源状态允许“灰度开关”；按钮显示条件由页面状态表和状态机共同决定,不存在同资源写请求；必填字段有效；服务端 version 未被本地标记过期；需要审批时已选择审批单,"校验 key,X-Idempotency-Key,value,effectiveAt,expectedVersion,approvalId；expectedVersion 必须等于页面最后一次成功读取的服务端版本；同一业务意图生成稳定 X-Idempotency-Key；请求体变化必须换键",key;X-Idempotency-Key;value;effectiveAt;expectedVersion;approvalId,金额、权益或发布范围变化时二次确认；普通可撤销保存不需要,PUT /admin-api/v1/feature-flags/{key}；请求模型 AdminConfigPutFeatureFlagsByKeyRequest；响应模型 AdminConfigPutFeatureFlagsByKeyResponse,expectedVersion 乐观锁 + X-Idempotency-Key + 服务端结果查询,提交期间锁定同资源写操作，保留输入并显示明确进度；禁止全页无反馈等待,使用同一幂等键仅重试同一请求体；若服务端已受理则先查询结果；409版本冲突不得盲重试,默认留在当前页并刷新；创建成功进入详情，支付/认证/发布结果按对应流程导航,当前资源、来源列表、全局角标/余额/待办中与该领域相关的缓存；禁止无差别清空全部缓存,记录操作人、角色、目标、前后状态/版本、原因、审批单、requestId、IP/设备和结果,敏感字段按数据分级脱敏；密码、验证码、身份证、支付账号、秘密引用绝不进入埋点和普通日志,GET 可展示明确标记的最近缓存；写操作离线时禁止提交，不进入隐式离线队列,AdminConfigPutFeatureFlagsByKeyResponse,READY_FOR_IMPLEMENTATION
ACT-ADM-CONFIG-001-05,ADMIN,ADM-CONFIG-001,系统配置,/system/config,供应商配置定义和当前激活版本,页面首次进入、下拉刷新、筛选/排序变化或滚动触底时触发；相同查询条件避免并发重复请求,GET /admin-api/v1/provider-configs,adminProviderConfigGetProviderConfigs,AdminProviderConfigGetProviderConfigsParameters,provider.config.read,不要求,首屏替换数据，翻页仅追加去重；更新分页、筛选回显、总数/游标和最后刷新时间；空结果进入业务空状态,首屏失败显示全页错误与重试；刷新失败保留旧数据并提示；翻页失败保留已加载数据并提供行内重试；401跳登录或会话升级，403显示无权限，404不适用,ui_action_adm_config_001_05,REQ-CONFIG-001;REQ-SECRET-001,TST-CONFIG_001-HAPPY;TST-SECRET_001-HAPPY,FROZEN_DETAILED_V1.2.2,LIST_QUERY,页面主按钮/行操作/更多菜单/标准弹层，具体位置由模板和页面操作规格确定,页面具备读取权限；筛选项按数据范围和角色显示,网络可用；非正在刷新；翻页时 nextCursor/hasNext 为真,"校验 page,pageSize,cursor,status,keyword,sort",page;pageSize;cursor;status;keyword;sort,不需要,GET /admin-api/v1/provider-configs；请求模型 AdminProviderConfigGetProviderConfigsParameters；响应模型 AdminProviderConfigGetProviderConfigsResponse,同资源单写请求锁；状态机服务端复核,首屏使用骨架屏；刷新保留现有数据；翻页使用列表尾部加载器,GET 可人工重试；网络瞬断最多指数退避自动重试 2 次；筛选变化取消旧请求,留在当前页；点击行/卡片按页面导航规格进入详情,当前资源、来源列表、全局角标/余额/待办中与该领域相关的缓存；禁止无差别清空全部缓存,记录敏感数据访问审计：操作人、目标、字段范围、目的、requestId 和结果,敏感字段按数据分级脱敏；密码、验证码、身份证、支付账号、秘密引用绝不进入埋点和普通日志,GET 可展示明确标记的最近缓存；写操作离线时禁止提交，不进入隐式离线队列,AdminProviderConfigGetProviderConfigsResponse,READY_FOR_IMPLEMENTATION
ACT-ADM-CONFIG-001-06,ADMIN,ADM-CONFIG-001,系统配置,/system/config,指定供应商配置详情，秘密字段只返回是否已配置,页面进入、显式刷新、从后台恢复且缓存过期，或收到相关领域事件后触发,GET /admin-api/v1/provider-configs/{provider},adminProviderConfigGetProviderConfigsByProvider,AdminProviderConfigGetProviderConfigsByProviderParameters,provider.config.read,不要求,以服务端返回的 version 和状态覆盖详情；重算按钮显示/可用条件；记录页面曝光和请求 requestId,404显示资源不存在或已下架并提供返回；403显示无权限；409触发重新拉取；网络失败保留缓存并标记可能过期,ui_action_adm_config_001_06,REQ-CONFIG-001;REQ-SECRET-001,TST-CONFIG_001-HAPPY;TST-SECRET_001-HAPPY,FROZEN_DETAILED_V1.2.2,DETAIL_QUERY,页面主按钮/行操作/更多菜单/标准弹层，具体位置由模板和页面操作规格确定,页面具备读取权限且路由参数完整,网络可用且不存在同资源进行中的请求,校验 provider,provider,不需要,GET /admin-api/v1/provider-configs/{provider}；请求模型 AdminProviderConfigGetProviderConfigsByProviderParameters；响应模型 AdminProviderConfigGetProviderConfigsByProviderResponse,同资源单写请求锁；状态机服务端复核,首次进入使用结构骨架；刷新保留当前内容并显示轻量刷新态,GET 可人工重试；缓存可作为只读降级但禁止基于过期数据执行写操作,留在当前页；资源不存在时返回上一级并从来源列表移除或标记,当前资源、来源列表、全局角标/余额/待办中与该领域相关的缓存；禁止无差别清空全部缓存,记录敏感数据访问审计：操作人、目标、字段范围、目的、requestId 和结果,敏感字段按数据分级脱敏；密码、验证码、身份证、支付账号、秘密引用绝不进入埋点和普通日志,GET 可展示明确标记的最近缓存；写操作离线时禁止提交，不进入隐式离线队列,AdminProviderConfigGetProviderConfigsByProviderResponse,READY_FOR_IMPLEMENTATION
ACT-ADM-CONFIG-001-07,ADMIN,ADM-CONFIG-001,系统配置,/system/config,创建供应商配置版本,用户显式点击操作入口，且本地字段校验、权限、状态机前置条件全部满足,POST /admin-api/v1/provider-configs/{provider}/versions,adminProviderConfigPostProviderConfigsByProviderVersions,AdminProviderConfigPostProviderConfigsByProviderVersionsRequest,provider.config.write,X-Idempotency-Key必填,使用响应中的资源和 version 更新页面；清除已提交脏状态；展示“创建供应商配置版本成功”；刷新受影响列表、详情、余额或配置版本,400逐字段映射；401要求重新认证；403隐藏后续写入口并记录越权拒绝；409提示数据已变化并重新加载；422展示业务原因且保留输入；429显示可重试时间；500保留上下文并提供 requestId,ui_action_adm_config_001_07,REQ-CONFIG-001;REQ-SECRET-001,TST-CONFIG_001-HAPPY;TST-SECRET_001-HAPPY;TST-CONFIG_001-IDEMPOTENT;TST-SECRET_001-IDEMPOTENT,FROZEN_DETAILED_V1.2.2,CREATE_OR_SUBMIT,页面主按钮/行操作/更多菜单/标准弹层，具体位置由模板和页面操作规格确定,具备权限 provider.config.write，且资源状态允许“创建供应商配置版本”；按钮显示条件由页面状态表和状态机共同决定,不存在同资源写请求；必填字段有效；服务端 version 未被本地标记过期；需要审批时已选择审批单,"校验 provider,X-Idempotency-Key,environment,values,secretRefs,remark；同一业务意图生成稳定 X-Idempotency-Key；请求体变化必须换键",provider;X-Idempotency-Key;environment;values;secretRefs;remark,金额、权益或发布范围变化时二次确认；普通可撤销保存不需要,POST /admin-api/v1/provider-configs/{provider}/versions；请求模型 AdminProviderConfigPostProviderConfigsByProviderVersionsRequest；响应模型 AdminProviderConfigPostProviderConfigsByProviderVersionsResponse,X-Idempotency-Key + 服务端结果查询,提交期间锁定同资源写操作，保留输入并显示明确进度；禁止全页无反馈等待,使用同一幂等键仅重试同一请求体；若服务端已受理则先查询结果；409版本冲突不得盲重试,默认留在当前页并刷新；创建成功进入详情，支付/认证/发布结果按对应流程导航,当前资源、来源列表、全局角标/余额/待办中与该领域相关的缓存；禁止无差别清空全部缓存,记录操作人、角色、目标、前后状态/版本、原因、审批单、requestId、IP/设备和结果,敏感字段按数据分级脱敏；密码、验证码、身份证、支付账号、秘密引用绝不进入埋点和普通日志,GET 可展示明确标记的最近缓存；写操作离线时禁止提交，不进入隐式离线队列,AdminProviderConfigPostProviderConfigsByProviderVersionsResponse,READY_FOR_IMPLEMENTATION
ACT-ADM-CONFIG-001-08,ADMIN,ADM-CONFIG-001,系统配置,/system/config,连接或发送测试,用户显式点击操作入口，且本地字段校验、权限、状态机前置条件全部满足,POST /admin-api/v1/provider-configs/{provider}/test,adminProviderConfigPostProviderConfigsByProviderTest,AdminProviderConfigPostProviderConfigsByProviderTestRequest,provider.config.test,X-Idempotency-Key必填,以响应数据更新页面和关联缓存；展示“连接或发送测试成功”；仅刷新受影响区域,400逐字段映射；401要求重新认证；403隐藏后续写入口并记录越权拒绝；409提示数据已变化并重新加载；422展示业务原因且保留输入；429显示可重试时间；500保留上下文并提供 requestId,ui_action_adm_config_001_08,REQ-CONFIG-001;REQ-SECRET-001,TST-CONFIG_001-HAPPY;TST-SECRET_001-HAPPY;TST-CONFIG_001-IDEMPOTENT;TST-SECRET_001-IDEMPOTENT,FROZEN_DETAILED_V1.2.2,CREATE_OR_SUBMIT,页面主按钮/行操作/更多菜单/标准弹层，具体位置由模板和页面操作规格确定,具备权限 provider.config.test，且资源状态允许“连接或发送测试”；按钮显示条件由页面状态表和状态机共同决定,不存在同资源写请求；必填字段有效；服务端 version 未被本地标记过期；需要审批时已选择审批单,"校验 provider,X-Idempotency-Key,versionId,testRecipient；同一业务意图生成稳定 X-Idempotency-Key；请求体变化必须换键",provider;X-Idempotency-Key;versionId;testRecipient,金额、权益或发布范围变化时二次确认；普通可撤销保存不需要,POST /admin-api/v1/provider-configs/{provider}/test；请求模型 AdminProviderConfigPostProviderConfigsByProviderTestRequest；响应模型 AdminProviderConfigPostProviderConfigsByProviderTestResponse,X-Idempotency-Key + 服务端结果查询,提交期间锁定同资源写操作，保留输入并显示明确进度；禁止全页无反馈等待,使用同一幂等键仅重试同一请求体；若服务端已受理则先查询结果；409版本冲突不得盲重试,默认留在当前页并刷新；创建成功进入详情，支付/认证/发布结果按对应流程导航,当前资源、来源列表、全局角标/余额/待办中与该领域相关的缓存；禁止无差别清空全部缓存,记录操作人、角色、目标、前后状态/版本、原因、审批单、requestId、IP/设备和结果,敏感字段按数据分级脱敏；密码、验证码、身份证、支付账号、秘密引用绝不进入埋点和普通日志,GET 可展示明确标记的最近缓存；写操作离线时禁止提交，不进入隐式离线队列,AdminProviderConfigPostProviderConfigsByProviderTestResponse,READY_FOR_IMPLEMENTATION
ACT-ADM-RBAC-001-01,ADMIN,ADM-RBAC-001,员工角色权限,/system/rbac,后台用户,页面首次进入、下拉刷新、筛选/排序变化或滚动触底时触发；相同查询条件避免并发重复请求,GET /admin-api/v1/admin-users,adminRBACGetAdminUsers,AdminRBACGetAdminUsersParameters,rbac.read,不要求,首屏替换数据，翻页仅追加去重；更新分页、筛选回显、总数/游标和最后刷新时间；空结果进入业务空状态,首屏失败显示全页错误与重试；刷新失败保留旧数据并提示；翻页失败保留已加载数据并提供行内重试；401跳登录或会话升级，403显示无权限，404不适用,ui_action_adm_rbac_001_01,REQ-RBAC-001;REQ-ADMIN-BASE-001,TST-RBAC_001-HAPPY;TST-ADMIN_BASE_001-HAPPY,FROZEN_DETAILED_V1.2.2,LIST_QUERY,页面主按钮/行操作/更多菜单/标准弹层，具体位置由模板和页面操作规格确定,页面具备读取权限；筛选项按数据范围和角色显示,网络可用；非正在刷新；翻页时 nextCursor/hasNext 为真,"校验 page,pageSize,cursor,status,keyword,sort",page;pageSize;cursor;status;keyword;sort,不需要,GET /admin-api/v1/admin-users；请求模型 AdminRBACGetAdminUsersParameters；响应模型 AdminRBACGetAdminUsersResponse,同资源单写请求锁；状态机服务端复核,首屏使用骨架屏；刷新保留现有数据；翻页使用列表尾部加载器,GET 可人工重试；网络瞬断最多指数退避自动重试 2 次；筛选变化取消旧请求,留在当前页；点击行/卡片按页面导航规格进入详情,当前资源、来源列表、全局角标/余额/待办中与该领域相关的缓存；禁止无差别清空全部缓存,记录敏感数据访问审计：操作人、目标、字段范围、目的、requestId 和结果,敏感字段按数据分级脱敏；密码、验证码、身份证、支付账号、秘密引用绝不进入埋点和普通日志,GET 可展示明确标记的最近缓存；写操作离线时禁止提交，不进入隐式离线队列,AdminRBACGetAdminUsersResponse,READY_FOR_IMPLEMENTATION
ACT-ADM-RBAC-001-02,ADMIN,ADM-RBAC-001,员工角色权限,/system/rbac,创建后台用户,用户显式点击操作入口，且本地字段校验、权限、状态机前置条件全部满足,POST /admin-api/v1/admin-users,adminRBACPostAdminUsers,AdminRBACPostAdminUsersRequest,rbac.write,X-Idempotency-Key必填,使用响应中的资源和 version 更新页面；清除已提交脏状态；展示“创建后台用户成功”；刷新受影响列表、详情、余额或配置版本,400逐字段映射；401要求重新认证；403隐藏后续写入口并记录越权拒绝；409提示数据已变化并重新加载；422展示业务原因且保留输入；429显示可重试时间；500保留上下文并提供 requestId,ui_action_adm_rbac_001_02,REQ-RBAC-001;REQ-ADMIN-BASE-001,TST-RBAC_001-HAPPY;TST-ADMIN_BASE_001-HAPPY;TST-RBAC_001-IDEMPOTENT;TST-ADMIN_BASE_001-IDEMPOTENT,FROZEN_DETAILED_V1.2.2,CREATE_OR_SUBMIT,页面主按钮/行操作/更多菜单/标准弹层，具体位置由模板和页面操作规格确定,具备权限 rbac.write，且资源状态允许“创建后台用户”；按钮显示条件由页面状态表和状态机共同决定,不存在同资源写请求；必填字段有效；服务端 version 未被本地标记过期；需要审批时已选择审批单,"校验 X-Idempotency-Key,username,displayName,phone,roleIds,mfaRequired；同一业务意图生成稳定 X-Idempotency-Key；请求体变化必须换键；敏感值仅在内存中使用，不写日志、URL、埋点或本地明文缓存",X-Idempotency-Key;username;displayName;phone;roleIds;mfaRequired,金额、权益或发布范围变化时二次确认；普通可撤销保存不需要,POST /admin-api/v1/admin-users；请求模型 AdminRBACPostAdminUsersRequest；响应模型 AdminRBACPostAdminUsersResponse,X-Idempotency-Key + 服务端结果查询,提交期间锁定同资源写操作，保留输入并显示明确进度；禁止全页无反馈等待,使用同一幂等键仅重试同一请求体；若服务端已受理则先查询结果；409版本冲突不得盲重试,默认留在当前页并刷新；创建成功进入详情，支付/认证/发布结果按对应流程导航,当前资源、来源列表、全局角标/余额/待办中与该领域相关的缓存；禁止无差别清空全部缓存,记录操作人、角色、目标、前后状态/版本、原因、审批单、requestId、IP/设备和结果,敏感字段按数据分级脱敏；密码、验证码、身份证、支付账号、秘密引用绝不进入埋点和普通日志,GET 可展示明确标记的最近缓存；写操作离线时禁止提交，不进入隐式离线队列,AdminRBACPostAdminUsersResponse,READY_FOR_IMPLEMENTATION
ACT-ADM-RBAC-001-03,ADMIN,ADM-RBAC-001,员工角色权限,/system/rbac,角色权限,页面首次进入、下拉刷新、筛选/排序变化或滚动触底时触发；相同查询条件避免并发重复请求,GET /admin-api/v1/roles,adminRBACGetRoles,AdminRBACGetRolesParameters,rbac.read,不要求,首屏替换数据，翻页仅追加去重；更新分页、筛选回显、总数/游标和最后刷新时间；空结果进入业务空状态,首屏失败显示全页错误与重试；刷新失败保留旧数据并提示；翻页失败保留已加载数据并提供行内重试；401跳登录或会话升级，403显示无权限，404不适用,ui_action_adm_rbac_001_03,REQ-RBAC-001;REQ-ADMIN-BASE-001,TST-RBAC_001-HAPPY;TST-ADMIN_BASE_001-HAPPY,FROZEN_DETAILED_V1.2.2,LIST_QUERY,页面主按钮/行操作/更多菜单/标准弹层，具体位置由模板和页面操作规格确定,页面具备读取权限；筛选项按数据范围和角色显示,网络可用；非正在刷新；翻页时 nextCursor/hasNext 为真,"校验 page,pageSize,cursor,status,keyword,sort",page;pageSize;cursor;status;keyword;sort,不需要,GET /admin-api/v1/roles；请求模型 AdminRBACGetRolesParameters；响应模型 AdminRBACGetRolesResponse,同资源单写请求锁；状态机服务端复核,首屏使用骨架屏；刷新保留现有数据；翻页使用列表尾部加载器,GET 可人工重试；网络瞬断最多指数退避自动重试 2 次；筛选变化取消旧请求,留在当前页；点击行/卡片按页面导航规格进入详情,当前资源、来源列表、全局角标/余额/待办中与该领域相关的缓存；禁止无差别清空全部缓存,记录敏感数据访问审计：操作人、目标、字段范围、目的、requestId 和结果,敏感字段按数据分级脱敏；密码、验证码、身份证、支付账号、秘密引用绝不进入埋点和普通日志,GET 可展示明确标记的最近缓存；写操作离线时禁止提交，不进入隐式离线队列,AdminRBACGetRolesResponse,READY_FOR_IMPLEMENTATION
ACT-ADM-RBAC-001-04,ADMIN,ADM-RBAC-001,员工角色权限,/system/rbac,配置权限,用户显式点击操作入口，且本地字段校验、权限、状态机前置条件全部满足,PUT /admin-api/v1/roles/{id}/permissions,adminRBACPutRolesByIdPermissions,AdminRBACPutRolesByIdPermissionsRequest,rbac.write,X-Idempotency-Key必填,以响应数据更新页面和关联缓存；展示“配置权限成功”；仅刷新受影响区域,400逐字段映射；401要求重新认证；403隐藏后续写入口并记录越权拒绝；409提示数据已变化并重新加载；422展示业务原因且保留输入；429显示可重试时间；500保留上下文并提供 requestId,ui_action_adm_rbac_001_04,REQ-RBAC-001;REQ-ADMIN-BASE-001,TST-RBAC_001-HAPPY;TST-ADMIN_BASE_001-HAPPY;TST-RBAC_001-IDEMPOTENT;TST-ADMIN_BASE_001-IDEMPOTENT,FROZEN_DETAILED_V1.2.2,UPDATE,页面主按钮/行操作/更多菜单/标准弹层，具体位置由模板和页面操作规格确定,具备权限 rbac.write，且资源状态允许“配置权限”；按钮显示条件由页面状态表和状态机共同决定,不存在同资源写请求；必填字段有效；服务端 version 未被本地标记过期；需要审批时已选择审批单,"校验 id,X-Idempotency-Key,permissionCodes,expectedVersion；expectedVersion 必须等于页面最后一次成功读取的服务端版本；同一业务意图生成稳定 X-Idempotency-Key；请求体变化必须换键",id;X-Idempotency-Key;permissionCodes;expectedVersion,金额、权益或发布范围变化时二次确认；普通可撤销保存不需要,PUT /admin-api/v1/roles/{id}/permissions；请求模型 AdminRBACPutRolesByIdPermissionsRequest；响应模型 AdminRBACPutRolesByIdPermissionsResponse,expectedVersion 乐观锁 + X-Idempotency-Key + 服务端结果查询,提交期间锁定同资源写操作，保留输入并显示明确进度；禁止全页无反馈等待,使用同一幂等键仅重试同一请求体；若服务端已受理则先查询结果；409版本冲突不得盲重试,默认留在当前页并刷新；创建成功进入详情，支付/认证/发布结果按对应流程导航,当前资源、来源列表、全局角标/余额/待办中与该领域相关的缓存；禁止无差别清空全部缓存,记录操作人、角色、目标、前后状态/版本、原因、审批单、requestId、IP/设备和结果,敏感字段按数据分级脱敏；密码、验证码、身份证、支付账号、秘密引用绝不进入埋点和普通日志,GET 可展示明确标记的最近缓存；写操作离线时禁止提交，不进入隐式离线队列,AdminRBACPutRolesByIdPermissionsResponse,READY_FOR_IMPLEMENTATION
ACT-ADM-AUDIT-001-01,ADMIN,ADM-AUDIT-001,审计日志,/system/audit,操作日志,页面首次进入、下拉刷新、筛选/排序变化或滚动触底时触发；相同查询条件避免并发重复请求,GET /admin-api/v1/audit/logs,adminAuditGetAuditLogs,AdminAuditGetAuditLogsParameters,audit.read,不要求,首屏替换数据，翻页仅追加去重；更新分页、筛选回显、总数/游标和最后刷新时间；空结果进入业务空状态,首屏失败显示全页错误与重试；刷新失败保留旧数据并提示；翻页失败保留已加载数据并提供行内重试；401跳登录或会话升级，403显示无权限，404不适用,ui_action_adm_audit_001_01,REQ-RBAC-001;REQ-ID-002,TST-RBAC_001-HAPPY;TST-ID_002-HAPPY,FROZEN_DETAILED_V1.2.2,LIST_QUERY,页面主按钮/行操作/更多菜单/标准弹层，具体位置由模板和页面操作规格确定,页面具备读取权限；筛选项按数据范围和角色显示,网络可用；非正在刷新；翻页时 nextCursor/hasNext 为真,"校验 page,pageSize,cursor,status,keyword,sort",page;pageSize;cursor;status;keyword;sort,不需要,GET /admin-api/v1/audit/logs；请求模型 AdminAuditGetAuditLogsParameters；响应模型 AdminAuditGetAuditLogsResponse,同资源单写请求锁；状态机服务端复核,首屏使用骨架屏；刷新保留现有数据；翻页使用列表尾部加载器,GET 可人工重试；网络瞬断最多指数退避自动重试 2 次；筛选变化取消旧请求,留在当前页；点击行/卡片按页面导航规格进入详情,当前资源、来源列表、全局角标/余额/待办中与该领域相关的缓存；禁止无差别清空全部缓存,记录敏感数据访问审计：操作人、目标、字段范围、目的、requestId 和结果,敏感字段按数据分级脱敏；密码、验证码、身份证、支付账号、秘密引用绝不进入埋点和普通日志,GET 可展示明确标记的最近缓存；写操作离线时禁止提交，不进入隐式离线队列,AdminAuditGetAuditLogsResponse,READY_FOR_IMPLEMENTATION
ACT-ADM-JOB-001-01,ADMIN,ADM-JOB-001,定时任务,/system/jobs,定时任务,页面首次进入、下拉刷新、筛选/排序变化或滚动触底时触发；相同查询条件避免并发重复请求,GET /admin-api/v1/jobs,adminJobsGetJobs,AdminJobsGetJobsParameters,job.read,不要求,首屏替换数据，翻页仅追加去重；更新分页、筛选回显、总数/游标和最后刷新时间；空结果进入业务空状态,首屏失败显示全页错误与重试；刷新失败保留旧数据并提示；翻页失败保留已加载数据并提供行内重试；401跳登录或会话升级，403显示无权限，404不适用,ui_action_adm_job_001_01,REQ-OPS-001,TST-OPS_001-HAPPY,FROZEN_DETAILED_V1.2.2,LIST_QUERY,页面主按钮/行操作/更多菜单/标准弹层，具体位置由模板和页面操作规格确定,页面具备读取权限；筛选项按数据范围和角色显示,网络可用；非正在刷新；翻页时 nextCursor/hasNext 为真,"校验 page,pageSize,cursor,status,keyword,sort",page;pageSize;cursor;status;keyword;sort,不需要,GET /admin-api/v1/jobs；请求模型 AdminJobsGetJobsParameters；响应模型 AdminJobsGetJobsResponse,同资源单写请求锁；状态机服务端复核,首屏使用骨架屏；刷新保留现有数据；翻页使用列表尾部加载器,GET 可人工重试；网络瞬断最多指数退避自动重试 2 次；筛选变化取消旧请求,留在当前页；点击行/卡片按页面导航规格进入详情,当前资源、来源列表、全局角标/余额/待办中与该领域相关的缓存；禁止无差别清空全部缓存,记录必要业务埋点；读取高敏字段时额外记录访问审计,遵循最小采集；仅记录业务标识和状态，不记录自由文本中的个人信息,GET 可展示明确标记的最近缓存；写操作离线时禁止提交，不进入隐式离线队列,AdminJobsGetJobsResponse,READY_FOR_IMPLEMENTATION
ACT-ADM-JOB-001-02,ADMIN,ADM-JOB-001,定时任务,/system/jobs,手动执行,用户显式点击操作入口，且本地字段校验、权限、状态机前置条件全部满足,POST /admin-api/v1/jobs/{code}/run,adminJobsPostJobsByCodeRun,AdminJobsPostJobsByCodeRunRequest,job.run,X-Idempotency-Key必填,以响应数据更新页面和关联缓存；展示“手动执行成功”；仅刷新受影响区域,400逐字段映射；401要求重新认证；403隐藏后续写入口并记录越权拒绝；409提示数据已变化并重新加载；422展示业务原因且保留输入；429显示可重试时间；500保留上下文并提供 requestId,ui_action_adm_job_001_02,REQ-OPS-001,TST-OPS_001-HAPPY;TST-OPS_001-IDEMPOTENT,FROZEN_DETAILED_V1.2.2,CREATE_OR_SUBMIT,页面主按钮/行操作/更多菜单/标准弹层，具体位置由模板和页面操作规格确定,具备权限 job.run，且资源状态允许“手动执行”；按钮显示条件由页面状态表和状态机共同决定,不存在同资源写请求；必填字段有效；服务端 version 未被本地标记过期；需要审批时已选择审批单,"校验 code,X-Idempotency-Key,parameters,dryRun；同一业务意图生成稳定 X-Idempotency-Key；请求体变化必须换键；敏感值仅在内存中使用，不写日志、URL、埋点或本地明文缓存",code;X-Idempotency-Key;parameters;dryRun,金额、权益或发布范围变化时二次确认；普通可撤销保存不需要,POST /admin-api/v1/jobs/{code}/run；请求模型 AdminJobsPostJobsByCodeRunRequest；响应模型 AdminJobsPostJobsByCodeRunResponse,X-Idempotency-Key + 服务端结果查询,提交期间锁定同资源写操作，保留输入并显示明确进度；禁止全页无反馈等待,使用同一幂等键仅重试同一请求体；若服务端已受理则先查询结果；409版本冲突不得盲重试,默认留在当前页并刷新；创建成功进入详情，支付/认证/发布结果按对应流程导航,当前资源、来源列表、全局角标/余额/待办中与该领域相关的缓存；禁止无差别清空全部缓存,记录操作人、角色、目标、前后状态/版本、原因、审批单、requestId、IP/设备和结果,敏感字段按数据分级脱敏；密码、验证码、身份证、支付账号、秘密引用绝不进入埋点和普通日志,GET 可展示明确标记的最近缓存；写操作离线时禁止提交，不进入隐式离线队列,AdminJobsPostJobsByCodeRunResponse,READY_FOR_IMPLEMENTATION
ACT-ADM-CONFIG-002-01,ADMIN,ADM-CONFIG-002,供应商配置中心,/system/providers,系统配置,页面首次进入、下拉刷新、筛选/排序变化或滚动触底时触发；相同查询条件避免并发重复请求,GET /admin-api/v1/configs,adminConfigGetConfigs,AdminConfigGetConfigsParameters,config.read,不要求,首屏替换数据，翻页仅追加去重；更新分页、筛选回显、总数/游标和最后刷新时间；空结果进入业务空状态,首屏失败显示全页错误与重试；刷新失败保留旧数据并提示；翻页失败保留已加载数据并提供行内重试；401跳登录或会话升级，403显示无权限，404不适用,ui_action_adm_config_002_01,REQ-CONFIG-001;REQ-SECRET-001,TST-CONFIG_001-HAPPY;TST-SECRET_001-HAPPY,FROZEN_DETAILED_V1.2.2,LIST_QUERY,页面主按钮/行操作/更多菜单/标准弹层，具体位置由模板和页面操作规格确定,页面具备读取权限；筛选项按数据范围和角色显示,网络可用；非正在刷新；翻页时 nextCursor/hasNext 为真,"校验 page,pageSize,cursor,status,keyword,sort",page;pageSize;cursor;status;keyword;sort,不需要,GET /admin-api/v1/configs；请求模型 AdminConfigGetConfigsParameters；响应模型 AdminConfigGetConfigsResponse,同资源单写请求锁；状态机服务端复核,首屏使用骨架屏；刷新保留现有数据；翻页使用列表尾部加载器,GET 可人工重试；网络瞬断最多指数退避自动重试 2 次；筛选变化取消旧请求,留在当前页；点击行/卡片按页面导航规格进入详情,当前资源、来源列表、全局角标/余额/待办中与该领域相关的缓存；禁止无差别清空全部缓存,记录敏感数据访问审计：操作人、目标、字段范围、目的、requestId 和结果,敏感字段按数据分级脱敏；密码、验证码、身份证、支付账号、秘密引用绝不进入埋点和普通日志,GET 可展示明确标记的最近缓存；写操作离线时禁止提交，不进入隐式离线队列,AdminConfigGetConfigsResponse,READY_FOR_IMPLEMENTATION
ACT-ADM-CONFIG-002-02,ADMIN,ADM-CONFIG-002,供应商配置中心,/system/providers,功能开关,页面首次进入、下拉刷新、筛选/排序变化或滚动触底时触发；相同查询条件避免并发重复请求,GET /admin-api/v1/feature-flags,adminConfigGetFeatureFlags,AdminConfigGetFeatureFlagsParameters,config.read,不要求,首屏替换数据，翻页仅追加去重；更新分页、筛选回显、总数/游标和最后刷新时间；空结果进入业务空状态,首屏失败显示全页错误与重试；刷新失败保留旧数据并提示；翻页失败保留已加载数据并提供行内重试；401跳登录或会话升级，403显示无权限，404不适用,ui_action_adm_config_002_02,REQ-CONFIG-001;REQ-SECRET-001,TST-CONFIG_001-HAPPY;TST-SECRET_001-HAPPY,FROZEN_DETAILED_V1.2.2,LIST_QUERY,页面主按钮/行操作/更多菜单/标准弹层，具体位置由模板和页面操作规格确定,页面具备读取权限；筛选项按数据范围和角色显示,网络可用；非正在刷新；翻页时 nextCursor/hasNext 为真,"校验 page,pageSize,cursor,status,keyword,sort",page;pageSize;cursor;status;keyword;sort,不需要,GET /admin-api/v1/feature-flags；请求模型 AdminConfigGetFeatureFlagsParameters；响应模型 AdminConfigGetFeatureFlagsResponse,同资源单写请求锁；状态机服务端复核,首屏使用骨架屏；刷新保留现有数据；翻页使用列表尾部加载器,GET 可人工重试；网络瞬断最多指数退避自动重试 2 次；筛选变化取消旧请求,留在当前页；点击行/卡片按页面导航规格进入详情,当前资源、来源列表、全局角标/余额/待办中与该领域相关的缓存；禁止无差别清空全部缓存,记录敏感数据访问审计：操作人、目标、字段范围、目的、requestId 和结果,敏感字段按数据分级脱敏；密码、验证码、身份证、支付账号、秘密引用绝不进入埋点和普通日志,GET 可展示明确标记的最近缓存；写操作离线时禁止提交，不进入隐式离线队列,AdminConfigGetFeatureFlagsResponse,READY_FOR_IMPLEMENTATION
ACT-ADM-CONFIG-002-03,ADMIN,ADM-CONFIG-002,供应商配置中心,/system/providers,供应商配置定义和当前激活版本,页面首次进入、下拉刷新、筛选/排序变化或滚动触底时触发；相同查询条件避免并发重复请求,GET /admin-api/v1/provider-configs,adminProviderConfigGetProviderConfigs,AdminProviderConfigGetProviderConfigsParameters,provider.config.read,不要求,首屏替换数据，翻页仅追加去重；更新分页、筛选回显、总数/游标和最后刷新时间；空结果进入业务空状态,首屏失败显示全页错误与重试；刷新失败保留旧数据并提示；翻页失败保留已加载数据并提供行内重试；401跳登录或会话升级，403显示无权限，404不适用,ui_action_adm_config_002_03,REQ-CONFIG-001;REQ-SECRET-001,TST-CONFIG_001-HAPPY;TST-SECRET_001-HAPPY,FROZEN_DETAILED_V1.2.2,LIST_QUERY,页面主按钮/行操作/更多菜单/标准弹层，具体位置由模板和页面操作规格确定,页面具备读取权限；筛选项按数据范围和角色显示,网络可用；非正在刷新；翻页时 nextCursor/hasNext 为真,"校验 page,pageSize,cursor,status,keyword,sort",page;pageSize;cursor;status;keyword;sort,不需要,GET /admin-api/v1/provider-configs；请求模型 AdminProviderConfigGetProviderConfigsParameters；响应模型 AdminProviderConfigGetProviderConfigsResponse,同资源单写请求锁；状态机服务端复核,首屏使用骨架屏；刷新保留现有数据；翻页使用列表尾部加载器,GET 可人工重试；网络瞬断最多指数退避自动重试 2 次；筛选变化取消旧请求,留在当前页；点击行/卡片按页面导航规格进入详情,当前资源、来源列表、全局角标/余额/待办中与该领域相关的缓存；禁止无差别清空全部缓存,记录敏感数据访问审计：操作人、目标、字段范围、目的、requestId 和结果,敏感字段按数据分级脱敏；密码、验证码、身份证、支付账号、秘密引用绝不进入埋点和普通日志,GET 可展示明确标记的最近缓存；写操作离线时禁止提交，不进入隐式离线队列,AdminProviderConfigGetProviderConfigsResponse,READY_FOR_IMPLEMENTATION
ACT-ADM-CONFIG-002-04,ADMIN,ADM-CONFIG-002,供应商配置中心,/system/providers,指定供应商配置详情，秘密字段只返回是否已配置,页面进入、显式刷新、从后台恢复且缓存过期，或收到相关领域事件后触发,GET /admin-api/v1/provider-configs/{provider},adminProviderConfigGetProviderConfigsByProvider,AdminProviderConfigGetProviderConfigsByProviderParameters,provider.config.read,不要求,以服务端返回的 version 和状态覆盖详情；重算按钮显示/可用条件；记录页面曝光和请求 requestId,404显示资源不存在或已下架并提供返回；403显示无权限；409触发重新拉取；网络失败保留缓存并标记可能过期,ui_action_adm_config_002_04,REQ-CONFIG-001;REQ-SECRET-001,TST-CONFIG_001-HAPPY;TST-SECRET_001-HAPPY,FROZEN_DETAILED_V1.2.2,DETAIL_QUERY,页面主按钮/行操作/更多菜单/标准弹层，具体位置由模板和页面操作规格确定,页面具备读取权限且路由参数完整,网络可用且不存在同资源进行中的请求,校验 provider,provider,不需要,GET /admin-api/v1/provider-configs/{provider}；请求模型 AdminProviderConfigGetProviderConfigsByProviderParameters；响应模型 AdminProviderConfigGetProviderConfigsByProviderResponse,同资源单写请求锁；状态机服务端复核,首次进入使用结构骨架；刷新保留当前内容并显示轻量刷新态,GET 可人工重试；缓存可作为只读降级但禁止基于过期数据执行写操作,留在当前页；资源不存在时返回上一级并从来源列表移除或标记,当前资源、来源列表、全局角标/余额/待办中与该领域相关的缓存；禁止无差别清空全部缓存,记录敏感数据访问审计：操作人、目标、字段范围、目的、requestId 和结果,敏感字段按数据分级脱敏；密码、验证码、身份证、支付账号、秘密引用绝不进入埋点和普通日志,GET 可展示明确标记的最近缓存；写操作离线时禁止提交，不进入隐式离线队列,AdminProviderConfigGetProviderConfigsByProviderResponse,READY_FOR_IMPLEMENTATION
ACT-ADM-CONFIG-002-05,ADMIN,ADM-CONFIG-002,供应商配置中心,/system/providers,证书列表和有效期，不返回原文,用户选择合规文件并通过类型、大小、数量、分辨率或证书格式本地预检后触发,GET /admin-api/v1/provider-certificates,adminProviderCertificateGetProviderCertificates,AdminProviderCertificateGetProviderCertificatesParameters,provider.certificate.read,不要求,保存 mediaId/证书引用而非本地路径；更新缩略图、校验结果和表单脏状态；完成接口成功后才视为可提交,单文件失败不影响其他文件；展示稳定错误码和重试；校验失败立即删除临时引用；过期上传会话重新创建,ui_action_adm_config_002_05,REQ-CONFIG-001;REQ-SECRET-001,TST-CONFIG_001-HAPPY;TST-SECRET_001-HAPPY,FROZEN_DETAILED_V1.2.2,UPLOAD_OR_FILE,页面主按钮/行操作/更多菜单/标准弹层，具体位置由模板和页面操作规格确定,页面允许上传且用户具备对应写权限,文件未超限、网络可用、并发上传数未超过配置、剩余配额充足,"校验 page,pageSize,cursor,status,keyword,sort",page;pageSize;cursor;status;keyword;sort,删除已选但未绑定媒体需要确认；上传证书/签名材料必须显示敏感风险和审批要求,GET /admin-api/v1/provider-certificates；请求模型 AdminProviderCertificateGetProviderCertificatesParameters；响应模型 AdminProviderCertificateGetProviderCertificatesResponse,同资源单写请求锁；状态机服务端复核,逐文件展示排队、上传、校验、完成和失败状态；支持取消；页面退出前提示未完成任务,仅重试失败分片或失败文件；完成接口幂等；删除操作不可自动重试,留在调用页面或关闭复用弹层并回传已完成媒体集合,当前资源、来源列表、全局角标/余额/待办中与该领域相关的缓存；禁止无差别清空全部缓存,记录敏感数据访问审计：操作人、目标、字段范围、目的、requestId 和结果,敏感字段按数据分级脱敏；密码、验证码、身份证、支付账号、秘密引用绝不进入埋点和普通日志,GET 可展示明确标记的最近缓存；写操作离线时禁止提交，不进入隐式离线队列,AdminProviderCertificateGetProviderCertificatesResponse,READY_FOR_IMPLEMENTATION
ACT-ADM-CONFIG-002-06,ADMIN,ADM-CONFIG-002,供应商配置中心,/system/providers,轮换证书并保留审计,用户选择合规文件并通过类型、大小、数量、分辨率或证书格式本地预检后触发,POST /admin-api/v1/provider-certificates/{id}/rotate,adminProviderCertificatePostProviderCertificatesByIdRotate,AdminProviderCertificatePostProviderCertificatesByIdRotateRequest,provider.certificate.rotate,X-Idempotency-Key必填,保存 mediaId/证书引用而非本地路径；更新缩略图、校验结果和表单脏状态；完成接口成功后才视为可提交,单文件失败不影响其他文件；展示稳定错误码和重试；校验失败立即删除临时引用；过期上传会话重新创建,ui_action_adm_config_002_06,REQ-CONFIG-001;REQ-SECRET-001,TST-CONFIG_001-HAPPY;TST-SECRET_001-HAPPY;TST-CONFIG_001-IDEMPOTENT;TST-SECRET_001-IDEMPOTENT,FROZEN_DETAILED_V1.2.2,UPLOAD_OR_FILE,页面主按钮/行操作/更多菜单/标准弹层，具体位置由模板和页面操作规格确定,页面允许上传且用户具备对应写权限,文件未超限、网络可用、并发上传数未超过配置、剩余配额充足,"校验 id,X-Idempotency-Key,newCertificateId,approvalId,reason,expectedVersion；expectedVersion 必须等于页面最后一次成功读取的服务端版本；同一业务意图生成稳定 X-Idempotency-Key；请求体变化必须换键",id;X-Idempotency-Key;newCertificateId;approvalId;reason;expectedVersion,删除已选但未绑定媒体需要确认；上传证书/签名材料必须显示敏感风险和审批要求,POST /admin-api/v1/provider-certificates/{id}/rotate；请求模型 AdminProviderCertificatePostProviderCertificatesByIdRotateRequest；响应模型 AdminProviderCertificatePostProviderCertificatesByIdRotateResponse,expectedVersion 乐观锁 + X-Idempotency-Key + 服务端结果查询,逐文件展示排队、上传、校验、完成和失败状态；支持取消；页面退出前提示未完成任务,仅重试失败分片或失败文件；完成接口幂等；删除操作不可自动重试,留在调用页面或关闭复用弹层并回传已完成媒体集合,当前资源、来源列表、全局角标/余额/待办中与该领域相关的缓存；禁止无差别清空全部缓存,记录操作人、角色、目标、前后状态/版本、原因、审批单、requestId、IP/设备和结果,敏感字段按数据分级脱敏；密码、验证码、身份证、支付账号、秘密引用绝不进入埋点和普通日志,GET 可展示明确标记的最近缓存；写操作离线时禁止提交，不进入隐式离线队列,AdminProviderCertificatePostProviderCertificatesByIdRotateResponse,READY_FOR_IMPLEMENTATION
ACT-ADM-CONFIG-002-07,ADMIN,ADM-CONFIG-002,供应商配置中心,/system/providers,环境域名与DNS验证状态,页面首次进入、下拉刷新、筛选/排序变化或滚动触底时触发；相同查询条件避免并发重复请求,GET /admin-api/v1/domains,adminDomainConfigGetDomains,AdminDomainConfigGetDomainsParameters,domain.read,不要求,首屏替换数据，翻页仅追加去重；更新分页、筛选回显、总数/游标和最后刷新时间；空结果进入业务空状态,首屏失败显示全页错误与重试；刷新失败保留旧数据并提示；翻页失败保留已加载数据并提供行内重试；401跳登录或会话升级，403显示无权限，404不适用,ui_action_adm_config_002_07,REQ-CONFIG-001;REQ-SECRET-001,TST-CONFIG_001-HAPPY;TST-SECRET_001-HAPPY,FROZEN_DETAILED_V1.2.2,LIST_QUERY,页面主按钮/行操作/更多菜单/标准弹层，具体位置由模板和页面操作规格确定,页面具备读取权限；筛选项按数据范围和角色显示,网络可用；非正在刷新；翻页时 nextCursor/hasNext 为真,"校验 page,pageSize,cursor,status,keyword,sort",page;pageSize;cursor;status;keyword;sort,不需要,GET /admin-api/v1/domains；请求模型 AdminDomainConfigGetDomainsParameters；响应模型 AdminDomainConfigGetDomainsResponse,同资源单写请求锁；状态机服务端复核,首屏使用骨架屏；刷新保留现有数据；翻页使用列表尾部加载器,GET 可人工重试；网络瞬断最多指数退避自动重试 2 次；筛选变化取消旧请求,留在当前页；点击行/卡片按页面导航规格进入详情,当前资源、来源列表、全局角标/余额/待办中与该领域相关的缓存；禁止无差别清空全部缓存,记录敏感数据访问审计：操作人、目标、字段范围、目的、requestId 和结果,敏感字段按数据分级脱敏；密码、验证码、身份证、支付账号、秘密引用绝不进入埋点和普通日志,GET 可展示明确标记的最近缓存；写操作离线时禁止提交，不进入隐式离线队列,AdminDomainConfigGetDomainsResponse,READY_FOR_IMPLEMENTATION
ACT-ADM-CONFIG-002-08,ADMIN,ADM-CONFIG-002,供应商配置中心,/system/providers,生成需要用户解析的DNS操作清单,页面首次进入、下拉刷新、筛选/排序变化或滚动触底时触发；相同查询条件避免并发重复请求,GET /admin-api/v1/domains/dns-actions,adminDomainConfigGetDomainsDnsActions,AdminDomainConfigGetDomainsDnsActionsParameters,domain.read,不要求,首屏替换数据，翻页仅追加去重；更新分页、筛选回显、总数/游标和最后刷新时间；空结果进入业务空状态,首屏失败显示全页错误与重试；刷新失败保留旧数据并提示；翻页失败保留已加载数据并提供行内重试；401跳登录或会话升级，403显示无权限，404不适用,ui_action_adm_config_002_08,REQ-CONFIG-001;REQ-SECRET-001,TST-CONFIG_001-HAPPY;TST-SECRET_001-HAPPY,FROZEN_DETAILED_V1.2.2,LIST_QUERY,页面主按钮/行操作/更多菜单/标准弹层，具体位置由模板和页面操作规格确定,页面具备读取权限；筛选项按数据范围和角色显示,网络可用；非正在刷新；翻页时 nextCursor/hasNext 为真,"校验 page,pageSize,cursor,status,keyword,sort",page;pageSize;cursor;status;keyword;sort,不需要,GET /admin-api/v1/domains/dns-actions；请求模型 AdminDomainConfigGetDomainsDnsActionsParameters；响应模型 AdminDomainConfigGetDomainsDnsActionsResponse,同资源单写请求锁；状态机服务端复核,首屏使用骨架屏；刷新保留现有数据；翻页使用列表尾部加载器,GET 可人工重试；网络瞬断最多指数退避自动重试 2 次；筛选变化取消旧请求,留在当前页；点击行/卡片按页面导航规格进入详情,当前资源、来源列表、全局角标/余额/待办中与该领域相关的缓存；禁止无差别清空全部缓存,记录敏感数据访问审计：操作人、目标、字段范围、目的、requestId 和结果,敏感字段按数据分级脱敏；密码、验证码、身份证、支付账号、秘密引用绝不进入埋点和普通日志,GET 可展示明确标记的最近缓存；写操作离线时禁止提交，不进入隐式离线队列,AdminDomainConfigGetDomainsDnsActionsResponse,READY_FOR_IMPLEMENTATION
ACT-ADM-CONFIG-003-01,ADMIN,ADM-CONFIG-003,阿里云短信配置,/system/providers/sms,系统配置,页面首次进入、下拉刷新、筛选/排序变化或滚动触底时触发；相同查询条件避免并发重复请求,GET /admin-api/v1/configs,adminConfigGetConfigs,AdminConfigGetConfigsParameters,config.read,不要求,首屏替换数据，翻页仅追加去重；更新分页、筛选回显、总数/游标和最后刷新时间；空结果进入业务空状态,首屏失败显示全页错误与重试；刷新失败保留旧数据并提示；翻页失败保留已加载数据并提供行内重试；401跳登录或会话升级，403显示无权限，404不适用,ui_action_adm_config_003_01,REQ-CONFIG-001;REQ-SECRET-001,TST-CONFIG_001-HAPPY;TST-SECRET_001-HAPPY,FROZEN_DETAILED_V1.2.2,LIST_QUERY,页面主按钮/行操作/更多菜单/标准弹层，具体位置由模板和页面操作规格确定,页面具备读取权限；筛选项按数据范围和角色显示,网络可用；非正在刷新；翻页时 nextCursor/hasNext 为真,"校验 page,pageSize,cursor,status,keyword,sort",page;pageSize;cursor;status;keyword;sort,不需要,GET /admin-api/v1/configs；请求模型 AdminConfigGetConfigsParameters；响应模型 AdminConfigGetConfigsResponse,同资源单写请求锁；状态机服务端复核,首屏使用骨架屏；刷新保留现有数据；翻页使用列表尾部加载器,GET 可人工重试；网络瞬断最多指数退避自动重试 2 次；筛选变化取消旧请求,留在当前页；点击行/卡片按页面导航规格进入详情,当前资源、来源列表、全局角标/余额/待办中与该领域相关的缓存；禁止无差别清空全部缓存,记录敏感数据访问审计：操作人、目标、字段范围、目的、requestId 和结果,敏感字段按数据分级脱敏；密码、验证码、身份证、支付账号、秘密引用绝不进入埋点和普通日志,GET 可展示明确标记的最近缓存；写操作离线时禁止提交，不进入隐式离线队列,AdminConfigGetConfigsResponse,READY_FOR_IMPLEMENTATION
ACT-ADM-CONFIG-003-02,ADMIN,ADM-CONFIG-003,阿里云短信配置,/system/providers/sms,修改配置并生成版本,用户显式点击操作入口，且本地字段校验、权限、状态机前置条件全部满足,PUT /admin-api/v1/configs/{key},adminConfigPutConfigsByKey,AdminConfigPutConfigsByKeyRequest,config.write,X-Idempotency-Key必填,使用响应中的资源和 version 更新页面；清除已提交脏状态；展示“修改配置并生成版本成功”；刷新受影响列表、详情、余额或配置版本,400逐字段映射；401要求重新认证；403隐藏后续写入口并记录越权拒绝；409提示数据已变化并重新加载；422展示业务原因且保留输入；429显示可重试时间；500保留上下文并提供 requestId,ui_action_adm_config_003_02,REQ-CONFIG-001;REQ-SECRET-001,TST-CONFIG_001-HAPPY;TST-SECRET_001-HAPPY;TST-CONFIG_001-IDEMPOTENT;TST-SECRET_001-IDEMPOTENT,FROZEN_DETAILED_V1.2.2,UPDATE,页面主按钮/行操作/更多菜单/标准弹层，具体位置由模板和页面操作规格确定,具备权限 config.write，且资源状态允许“修改配置并生成版本”；按钮显示条件由页面状态表和状态机共同决定,不存在同资源写请求；必填字段有效；服务端 version 未被本地标记过期；需要审批时已选择审批单,"校验 key,X-Idempotency-Key,value,effectiveAt,expectedVersion,approvalId；expectedVersion 必须等于页面最后一次成功读取的服务端版本；同一业务意图生成稳定 X-Idempotency-Key；请求体变化必须换键",key;X-Idempotency-Key;value;effectiveAt;expectedVersion;approvalId,金额、权益或发布范围变化时二次确认；普通可撤销保存不需要,PUT /admin-api/v1/configs/{key}；请求模型 AdminConfigPutConfigsByKeyRequest；响应模型 AdminConfigPutConfigsByKeyResponse,expectedVersion 乐观锁 + X-Idempotency-Key + 服务端结果查询,提交期间锁定同资源写操作，保留输入并显示明确进度；禁止全页无反馈等待,使用同一幂等键仅重试同一请求体；若服务端已受理则先查询结果；409版本冲突不得盲重试,默认留在当前页并刷新；创建成功进入详情，支付/认证/发布结果按对应流程导航,当前资源、来源列表、全局角标/余额/待办中与该领域相关的缓存；禁止无差别清空全部缓存,记录操作人、角色、目标、前后状态/版本、原因、审批单、requestId、IP/设备和结果,敏感字段按数据分级脱敏；密码、验证码、身份证、支付账号、秘密引用绝不进入埋点和普通日志,GET 可展示明确标记的最近缓存；写操作离线时禁止提交，不进入隐式离线队列,AdminConfigPutConfigsByKeyResponse,READY_FOR_IMPLEMENTATION
ACT-ADM-CONFIG-003-03,ADMIN,ADM-CONFIG-003,阿里云短信配置,/system/providers/sms,功能开关,页面首次进入、下拉刷新、筛选/排序变化或滚动触底时触发；相同查询条件避免并发重复请求,GET /admin-api/v1/feature-flags,adminConfigGetFeatureFlags,AdminConfigGetFeatureFlagsParameters,config.read,不要求,首屏替换数据，翻页仅追加去重；更新分页、筛选回显、总数/游标和最后刷新时间；空结果进入业务空状态,首屏失败显示全页错误与重试；刷新失败保留旧数据并提示；翻页失败保留已加载数据并提供行内重试；401跳登录或会话升级，403显示无权限，404不适用,ui_action_adm_config_003_03,REQ-CONFIG-001;REQ-SECRET-001,TST-CONFIG_001-HAPPY;TST-SECRET_001-HAPPY,FROZEN_DETAILED_V1.2.2,LIST_QUERY,页面主按钮/行操作/更多菜单/标准弹层，具体位置由模板和页面操作规格确定,页面具备读取权限；筛选项按数据范围和角色显示,网络可用；非正在刷新；翻页时 nextCursor/hasNext 为真,"校验 page,pageSize,cursor,status,keyword,sort",page;pageSize;cursor;status;keyword;sort,不需要,GET /admin-api/v1/feature-flags；请求模型 AdminConfigGetFeatureFlagsParameters；响应模型 AdminConfigGetFeatureFlagsResponse,同资源单写请求锁；状态机服务端复核,首屏使用骨架屏；刷新保留现有数据；翻页使用列表尾部加载器,GET 可人工重试；网络瞬断最多指数退避自动重试 2 次；筛选变化取消旧请求,留在当前页；点击行/卡片按页面导航规格进入详情,当前资源、来源列表、全局角标/余额/待办中与该领域相关的缓存；禁止无差别清空全部缓存,记录敏感数据访问审计：操作人、目标、字段范围、目的、requestId 和结果,敏感字段按数据分级脱敏；密码、验证码、身份证、支付账号、秘密引用绝不进入埋点和普通日志,GET 可展示明确标记的最近缓存；写操作离线时禁止提交，不进入隐式离线队列,AdminConfigGetFeatureFlagsResponse,READY_FOR_IMPLEMENTATION
ACT-ADM-CONFIG-003-04,ADMIN,ADM-CONFIG-003,阿里云短信配置,/system/providers/sms,灰度开关,用户显式点击操作入口，且本地字段校验、权限、状态机前置条件全部满足,PUT /admin-api/v1/feature-flags/{key},adminConfigPutFeatureFlagsByKey,AdminConfigPutFeatureFlagsByKeyRequest,config.write,X-Idempotency-Key必填,以响应数据更新页面和关联缓存；展示“灰度开关成功”；仅刷新受影响区域,400逐字段映射；401要求重新认证；403隐藏后续写入口并记录越权拒绝；409提示数据已变化并重新加载；422展示业务原因且保留输入；429显示可重试时间；500保留上下文并提供 requestId,ui_action_adm_config_003_04,REQ-CONFIG-001;REQ-SECRET-001,TST-CONFIG_001-HAPPY;TST-SECRET_001-HAPPY;TST-CONFIG_001-IDEMPOTENT;TST-SECRET_001-IDEMPOTENT,FROZEN_DETAILED_V1.2.2,UPDATE,页面主按钮/行操作/更多菜单/标准弹层，具体位置由模板和页面操作规格确定,具备权限 config.write，且资源状态允许“灰度开关”；按钮显示条件由页面状态表和状态机共同决定,不存在同资源写请求；必填字段有效；服务端 version 未被本地标记过期；需要审批时已选择审批单,"校验 key,X-Idempotency-Key,value,effectiveAt,expectedVersion,approvalId；expectedVersion 必须等于页面最后一次成功读取的服务端版本；同一业务意图生成稳定 X-Idempotency-Key；请求体变化必须换键",key;X-Idempotency-Key;value;effectiveAt;expectedVersion;approvalId,金额、权益或发布范围变化时二次确认；普通可撤销保存不需要,PUT /admin-api/v1/feature-flags/{key}；请求模型 AdminConfigPutFeatureFlagsByKeyRequest；响应模型 AdminConfigPutFeatureFlagsByKeyResponse,expectedVersion 乐观锁 + X-Idempotency-Key + 服务端结果查询,提交期间锁定同资源写操作，保留输入并显示明确进度；禁止全页无反馈等待,使用同一幂等键仅重试同一请求体；若服务端已受理则先查询结果；409版本冲突不得盲重试,默认留在当前页并刷新；创建成功进入详情，支付/认证/发布结果按对应流程导航,当前资源、来源列表、全局角标/余额/待办中与该领域相关的缓存；禁止无差别清空全部缓存,记录操作人、角色、目标、前后状态/版本、原因、审批单、requestId、IP/设备和结果,敏感字段按数据分级脱敏；密码、验证码、身份证、支付账号、秘密引用绝不进入埋点和普通日志,GET 可展示明确标记的最近缓存；写操作离线时禁止提交，不进入隐式离线队列,AdminConfigPutFeatureFlagsByKeyResponse,READY_FOR_IMPLEMENTATION
ACT-ADM-CONFIG-003-05,ADMIN,ADM-CONFIG-003,阿里云短信配置,/system/providers/sms,供应商配置定义和当前激活版本,页面首次进入、下拉刷新、筛选/排序变化或滚动触底时触发；相同查询条件避免并发重复请求,GET /admin-api/v1/provider-configs,adminProviderConfigGetProviderConfigs,AdminProviderConfigGetProviderConfigsParameters,provider.config.read,不要求,首屏替换数据，翻页仅追加去重；更新分页、筛选回显、总数/游标和最后刷新时间；空结果进入业务空状态,首屏失败显示全页错误与重试；刷新失败保留旧数据并提示；翻页失败保留已加载数据并提供行内重试；401跳登录或会话升级，403显示无权限，404不适用,ui_action_adm_config_003_05,REQ-CONFIG-001;REQ-SECRET-001,TST-CONFIG_001-HAPPY;TST-SECRET_001-HAPPY,FROZEN_DETAILED_V1.2.2,LIST_QUERY,页面主按钮/行操作/更多菜单/标准弹层，具体位置由模板和页面操作规格确定,页面具备读取权限；筛选项按数据范围和角色显示,网络可用；非正在刷新；翻页时 nextCursor/hasNext 为真,"校验 page,pageSize,cursor,status,keyword,sort",page;pageSize;cursor;status;keyword;sort,不需要,GET /admin-api/v1/provider-configs；请求模型 AdminProviderConfigGetProviderConfigsParameters；响应模型 AdminProviderConfigGetProviderConfigsResponse,同资源单写请求锁；状态机服务端复核,首屏使用骨架屏；刷新保留现有数据；翻页使用列表尾部加载器,GET 可人工重试；网络瞬断最多指数退避自动重试 2 次；筛选变化取消旧请求,留在当前页；点击行/卡片按页面导航规格进入详情,当前资源、来源列表、全局角标/余额/待办中与该领域相关的缓存；禁止无差别清空全部缓存,记录敏感数据访问审计：操作人、目标、字段范围、目的、requestId 和结果,敏感字段按数据分级脱敏；密码、验证码、身份证、支付账号、秘密引用绝不进入埋点和普通日志,GET 可展示明确标记的最近缓存；写操作离线时禁止提交，不进入隐式离线队列,AdminProviderConfigGetProviderConfigsResponse,READY_FOR_IMPLEMENTATION
ACT-ADM-CONFIG-003-06,ADMIN,ADM-CONFIG-003,阿里云短信配置,/system/providers/sms,指定供应商配置详情，秘密字段只返回是否已配置,页面进入、显式刷新、从后台恢复且缓存过期，或收到相关领域事件后触发,GET /admin-api/v1/provider-configs/{provider},adminProviderConfigGetProviderConfigsByProvider,AdminProviderConfigGetProviderConfigsByProviderParameters,provider.config.read,不要求,以服务端返回的 version 和状态覆盖详情；重算按钮显示/可用条件；记录页面曝光和请求 requestId,404显示资源不存在或已下架并提供返回；403显示无权限；409触发重新拉取；网络失败保留缓存并标记可能过期,ui_action_adm_config_003_06,REQ-CONFIG-001;REQ-SECRET-001,TST-CONFIG_001-HAPPY;TST-SECRET_001-HAPPY,FROZEN_DETAILED_V1.2.2,DETAIL_QUERY,页面主按钮/行操作/更多菜单/标准弹层，具体位置由模板和页面操作规格确定,页面具备读取权限且路由参数完整,网络可用且不存在同资源进行中的请求,校验 provider,provider,不需要,GET /admin-api/v1/provider-configs/{provider}；请求模型 AdminProviderConfigGetProviderConfigsByProviderParameters；响应模型 AdminProviderConfigGetProviderConfigsByProviderResponse,同资源单写请求锁；状态机服务端复核,首次进入使用结构骨架；刷新保留当前内容并显示轻量刷新态,GET 可人工重试；缓存可作为只读降级但禁止基于过期数据执行写操作,留在当前页；资源不存在时返回上一级并从来源列表移除或标记,当前资源、来源列表、全局角标/余额/待办中与该领域相关的缓存；禁止无差别清空全部缓存,记录敏感数据访问审计：操作人、目标、字段范围、目的、requestId 和结果,敏感字段按数据分级脱敏；密码、验证码、身份证、支付账号、秘密引用绝不进入埋点和普通日志,GET 可展示明确标记的最近缓存；写操作离线时禁止提交，不进入隐式离线队列,AdminProviderConfigGetProviderConfigsByProviderResponse,READY_FOR_IMPLEMENTATION
ACT-ADM-CONFIG-003-07,ADMIN,ADM-CONFIG-003,阿里云短信配置,/system/providers/sms,创建供应商配置版本,用户显式点击操作入口，且本地字段校验、权限、状态机前置条件全部满足,POST /admin-api/v1/provider-configs/{provider}/versions,adminProviderConfigPostProviderConfigsByProviderVersions,AdminProviderConfigPostProviderConfigsByProviderVersionsRequest,provider.config.write,X-Idempotency-Key必填,使用响应中的资源和 version 更新页面；清除已提交脏状态；展示“创建供应商配置版本成功”；刷新受影响列表、详情、余额或配置版本,400逐字段映射；401要求重新认证；403隐藏后续写入口并记录越权拒绝；409提示数据已变化并重新加载；422展示业务原因且保留输入；429显示可重试时间；500保留上下文并提供 requestId,ui_action_adm_config_003_07,REQ-CONFIG-001;REQ-SECRET-001,TST-CONFIG_001-HAPPY;TST-SECRET_001-HAPPY;TST-CONFIG_001-IDEMPOTENT;TST-SECRET_001-IDEMPOTENT,FROZEN_DETAILED_V1.2.2,CREATE_OR_SUBMIT,页面主按钮/行操作/更多菜单/标准弹层，具体位置由模板和页面操作规格确定,具备权限 provider.config.write，且资源状态允许“创建供应商配置版本”；按钮显示条件由页面状态表和状态机共同决定,不存在同资源写请求；必填字段有效；服务端 version 未被本地标记过期；需要审批时已选择审批单,"校验 provider,X-Idempotency-Key,environment,values,secretRefs,remark；同一业务意图生成稳定 X-Idempotency-Key；请求体变化必须换键",provider;X-Idempotency-Key;environment;values;secretRefs;remark,金额、权益或发布范围变化时二次确认；普通可撤销保存不需要,POST /admin-api/v1/provider-configs/{provider}/versions；请求模型 AdminProviderConfigPostProviderConfigsByProviderVersionsRequest；响应模型 AdminProviderConfigPostProviderConfigsByProviderVersionsResponse,X-Idempotency-Key + 服务端结果查询,提交期间锁定同资源写操作，保留输入并显示明确进度；禁止全页无反馈等待,使用同一幂等键仅重试同一请求体；若服务端已受理则先查询结果；409版本冲突不得盲重试,默认留在当前页并刷新；创建成功进入详情，支付/认证/发布结果按对应流程导航,当前资源、来源列表、全局角标/余额/待办中与该领域相关的缓存；禁止无差别清空全部缓存,记录操作人、角色、目标、前后状态/版本、原因、审批单、requestId、IP/设备和结果,敏感字段按数据分级脱敏；密码、验证码、身份证、支付账号、秘密引用绝不进入埋点和普通日志,GET 可展示明确标记的最近缓存；写操作离线时禁止提交，不进入隐式离线队列,AdminProviderConfigPostProviderConfigsByProviderVersionsResponse,READY_FOR_IMPLEMENTATION
ACT-ADM-CONFIG-003-08,ADMIN,ADM-CONFIG-003,阿里云短信配置,/system/providers/sms,连接或发送测试,用户显式点击操作入口，且本地字段校验、权限、状态机前置条件全部满足,POST /admin-api/v1/provider-configs/{provider}/test,adminProviderConfigPostProviderConfigsByProviderTest,AdminProviderConfigPostProviderConfigsByProviderTestRequest,provider.config.test,X-Idempotency-Key必填,以响应数据更新页面和关联缓存；展示“连接或发送测试成功”；仅刷新受影响区域,400逐字段映射；401要求重新认证；403隐藏后续写入口并记录越权拒绝；409提示数据已变化并重新加载；422展示业务原因且保留输入；429显示可重试时间；500保留上下文并提供 requestId,ui_action_adm_config_003_08,REQ-CONFIG-001;REQ-SECRET-001,TST-CONFIG_001-HAPPY;TST-SECRET_001-HAPPY;TST-CONFIG_001-IDEMPOTENT;TST-SECRET_001-IDEMPOTENT,FROZEN_DETAILED_V1.2.2,CREATE_OR_SUBMIT,页面主按钮/行操作/更多菜单/标准弹层，具体位置由模板和页面操作规格确定,具备权限 provider.config.test，且资源状态允许“连接或发送测试”；按钮显示条件由页面状态表和状态机共同决定,不存在同资源写请求；必填字段有效；服务端 version 未被本地标记过期；需要审批时已选择审批单,"校验 provider,X-Idempotency-Key,versionId,testRecipient；同一业务意图生成稳定 X-Idempotency-Key；请求体变化必须换键",provider;X-Idempotency-Key;versionId;testRecipient,金额、权益或发布范围变化时二次确认；普通可撤销保存不需要,POST /admin-api/v1/provider-configs/{provider}/test；请求模型 AdminProviderConfigPostProviderConfigsByProviderTestRequest；响应模型 AdminProviderConfigPostProviderConfigsByProviderTestResponse,X-Idempotency-Key + 服务端结果查询,提交期间锁定同资源写操作，保留输入并显示明确进度；禁止全页无反馈等待,使用同一幂等键仅重试同一请求体；若服务端已受理则先查询结果；409版本冲突不得盲重试,默认留在当前页并刷新；创建成功进入详情，支付/认证/发布结果按对应流程导航,当前资源、来源列表、全局角标/余额/待办中与该领域相关的缓存；禁止无差别清空全部缓存,记录操作人、角色、目标、前后状态/版本、原因、审批单、requestId、IP/设备和结果,敏感字段按数据分级脱敏；密码、验证码、身份证、支付账号、秘密引用绝不进入埋点和普通日志,GET 可展示明确标记的最近缓存；写操作离线时禁止提交，不进入隐式离线队列,AdminProviderConfigPostProviderConfigsByProviderTestResponse,READY_FOR_IMPLEMENTATION
ACT-ADM-CONFIG-004-01,ADMIN,ADM-CONFIG-004,对象存储配置,/system/providers/storage,系统配置,页面首次进入、下拉刷新、筛选/排序变化或滚动触底时触发；相同查询条件避免并发重复请求,GET /admin-api/v1/configs,adminConfigGetConfigs,AdminConfigGetConfigsParameters,config.read,不要求,首屏替换数据，翻页仅追加去重；更新分页、筛选回显、总数/游标和最后刷新时间；空结果进入业务空状态,首屏失败显示全页错误与重试；刷新失败保留旧数据并提示；翻页失败保留已加载数据并提供行内重试；401跳登录或会话升级，403显示无权限，404不适用,ui_action_adm_config_004_01,REQ-CONFIG-001;REQ-SECRET-001,TST-CONFIG_001-HAPPY;TST-SECRET_001-HAPPY,FROZEN_DETAILED_V1.2.2,LIST_QUERY,页面主按钮/行操作/更多菜单/标准弹层，具体位置由模板和页面操作规格确定,页面具备读取权限；筛选项按数据范围和角色显示,网络可用；非正在刷新；翻页时 nextCursor/hasNext 为真,"校验 page,pageSize,cursor,status,keyword,sort",page;pageSize;cursor;status;keyword;sort,不需要,GET /admin-api/v1/configs；请求模型 AdminConfigGetConfigsParameters；响应模型 AdminConfigGetConfigsResponse,同资源单写请求锁；状态机服务端复核,首屏使用骨架屏；刷新保留现有数据；翻页使用列表尾部加载器,GET 可人工重试；网络瞬断最多指数退避自动重试 2 次；筛选变化取消旧请求,留在当前页；点击行/卡片按页面导航规格进入详情,当前资源、来源列表、全局角标/余额/待办中与该领域相关的缓存；禁止无差别清空全部缓存,记录敏感数据访问审计：操作人、目标、字段范围、目的、requestId 和结果,敏感字段按数据分级脱敏；密码、验证码、身份证、支付账号、秘密引用绝不进入埋点和普通日志,GET 可展示明确标记的最近缓存；写操作离线时禁止提交，不进入隐式离线队列,AdminConfigGetConfigsResponse,READY_FOR_IMPLEMENTATION
ACT-ADM-CONFIG-004-02,ADMIN,ADM-CONFIG-004,对象存储配置,/system/providers/storage,修改配置并生成版本,用户显式点击操作入口，且本地字段校验、权限、状态机前置条件全部满足,PUT /admin-api/v1/configs/{key},adminConfigPutConfigsByKey,AdminConfigPutConfigsByKeyRequest,config.write,X-Idempotency-Key必填,使用响应中的资源和 version 更新页面；清除已提交脏状态；展示“修改配置并生成版本成功”；刷新受影响列表、详情、余额或配置版本,400逐字段映射；401要求重新认证；403隐藏后续写入口并记录越权拒绝；409提示数据已变化并重新加载；422展示业务原因且保留输入；429显示可重试时间；500保留上下文并提供 requestId,ui_action_adm_config_004_02,REQ-CONFIG-001;REQ-SECRET-001,TST-CONFIG_001-HAPPY;TST-SECRET_001-HAPPY;TST-CONFIG_001-IDEMPOTENT;TST-SECRET_001-IDEMPOTENT,FROZEN_DETAILED_V1.2.2,UPDATE,页面主按钮/行操作/更多菜单/标准弹层，具体位置由模板和页面操作规格确定,具备权限 config.write，且资源状态允许“修改配置并生成版本”；按钮显示条件由页面状态表和状态机共同决定,不存在同资源写请求；必填字段有效；服务端 version 未被本地标记过期；需要审批时已选择审批单,"校验 key,X-Idempotency-Key,value,effectiveAt,expectedVersion,approvalId；expectedVersion 必须等于页面最后一次成功读取的服务端版本；同一业务意图生成稳定 X-Idempotency-Key；请求体变化必须换键",key;X-Idempotency-Key;value;effectiveAt;expectedVersion;approvalId,金额、权益或发布范围变化时二次确认；普通可撤销保存不需要,PUT /admin-api/v1/configs/{key}；请求模型 AdminConfigPutConfigsByKeyRequest；响应模型 AdminConfigPutConfigsByKeyResponse,expectedVersion 乐观锁 + X-Idempotency-Key + 服务端结果查询,提交期间锁定同资源写操作，保留输入并显示明确进度；禁止全页无反馈等待,使用同一幂等键仅重试同一请求体；若服务端已受理则先查询结果；409版本冲突不得盲重试,默认留在当前页并刷新；创建成功进入详情，支付/认证/发布结果按对应流程导航,当前资源、来源列表、全局角标/余额/待办中与该领域相关的缓存；禁止无差别清空全部缓存,记录操作人、角色、目标、前后状态/版本、原因、审批单、requestId、IP/设备和结果,敏感字段按数据分级脱敏；密码、验证码、身份证、支付账号、秘密引用绝不进入埋点和普通日志,GET 可展示明确标记的最近缓存；写操作离线时禁止提交，不进入隐式离线队列,AdminConfigPutConfigsByKeyResponse,READY_FOR_IMPLEMENTATION
ACT-ADM-CONFIG-004-03,ADMIN,ADM-CONFIG-004,对象存储配置,/system/providers/storage,功能开关,页面首次进入、下拉刷新、筛选/排序变化或滚动触底时触发；相同查询条件避免并发重复请求,GET /admin-api/v1/feature-flags,adminConfigGetFeatureFlags,AdminConfigGetFeatureFlagsParameters,config.read,不要求,首屏替换数据，翻页仅追加去重；更新分页、筛选回显、总数/游标和最后刷新时间；空结果进入业务空状态,首屏失败显示全页错误与重试；刷新失败保留旧数据并提示；翻页失败保留已加载数据并提供行内重试；401跳登录或会话升级，403显示无权限，404不适用,ui_action_adm_config_004_03,REQ-CONFIG-001;REQ-SECRET-001,TST-CONFIG_001-HAPPY;TST-SECRET_001-HAPPY,FROZEN_DETAILED_V1.2.2,LIST_QUERY,页面主按钮/行操作/更多菜单/标准弹层，具体位置由模板和页面操作规格确定,页面具备读取权限；筛选项按数据范围和角色显示,网络可用；非正在刷新；翻页时 nextCursor/hasNext 为真,"校验 page,pageSize,cursor,status,keyword,sort",page;pageSize;cursor;status;keyword;sort,不需要,GET /admin-api/v1/feature-flags；请求模型 AdminConfigGetFeatureFlagsParameters；响应模型 AdminConfigGetFeatureFlagsResponse,同资源单写请求锁；状态机服务端复核,首屏使用骨架屏；刷新保留现有数据；翻页使用列表尾部加载器,GET 可人工重试；网络瞬断最多指数退避自动重试 2 次；筛选变化取消旧请求,留在当前页；点击行/卡片按页面导航规格进入详情,当前资源、来源列表、全局角标/余额/待办中与该领域相关的缓存；禁止无差别清空全部缓存,记录敏感数据访问审计：操作人、目标、字段范围、目的、requestId 和结果,敏感字段按数据分级脱敏；密码、验证码、身份证、支付账号、秘密引用绝不进入埋点和普通日志,GET 可展示明确标记的最近缓存；写操作离线时禁止提交，不进入隐式离线队列,AdminConfigGetFeatureFlagsResponse,READY_FOR_IMPLEMENTATION
ACT-ADM-CONFIG-004-04,ADMIN,ADM-CONFIG-004,对象存储配置,/system/providers/storage,灰度开关,用户显式点击操作入口，且本地字段校验、权限、状态机前置条件全部满足,PUT /admin-api/v1/feature-flags/{key},adminConfigPutFeatureFlagsByKey,AdminConfigPutFeatureFlagsByKeyRequest,config.write,X-Idempotency-Key必填,以响应数据更新页面和关联缓存；展示“灰度开关成功”；仅刷新受影响区域,400逐字段映射；401要求重新认证；403隐藏后续写入口并记录越权拒绝；409提示数据已变化并重新加载；422展示业务原因且保留输入；429显示可重试时间；500保留上下文并提供 requestId,ui_action_adm_config_004_04,REQ-CONFIG-001;REQ-SECRET-001,TST-CONFIG_001-HAPPY;TST-SECRET_001-HAPPY;TST-CONFIG_001-IDEMPOTENT;TST-SECRET_001-IDEMPOTENT,FROZEN_DETAILED_V1.2.2,UPDATE,页面主按钮/行操作/更多菜单/标准弹层，具体位置由模板和页面操作规格确定,具备权限 config.write，且资源状态允许“灰度开关”；按钮显示条件由页面状态表和状态机共同决定,不存在同资源写请求；必填字段有效；服务端 version 未被本地标记过期；需要审批时已选择审批单,"校验 key,X-Idempotency-Key,value,effectiveAt,expectedVersion,approvalId；expectedVersion 必须等于页面最后一次成功读取的服务端版本；同一业务意图生成稳定 X-Idempotency-Key；请求体变化必须换键",key;X-Idempotency-Key;value;effectiveAt;expectedVersion;approvalId,金额、权益或发布范围变化时二次确认；普通可撤销保存不需要,PUT /admin-api/v1/feature-flags/{key}；请求模型 AdminConfigPutFeatureFlagsByKeyRequest；响应模型 AdminConfigPutFeatureFlagsByKeyResponse,expectedVersion 乐观锁 + X-Idempotency-Key + 服务端结果查询,提交期间锁定同资源写操作，保留输入并显示明确进度；禁止全页无反馈等待,使用同一幂等键仅重试同一请求体；若服务端已受理则先查询结果；409版本冲突不得盲重试,默认留在当前页并刷新；创建成功进入详情，支付/认证/发布结果按对应流程导航,当前资源、来源列表、全局角标/余额/待办中与该领域相关的缓存；禁止无差别清空全部缓存,记录操作人、角色、目标、前后状态/版本、原因、审批单、requestId、IP/设备和结果,敏感字段按数据分级脱敏；密码、验证码、身份证、支付账号、秘密引用绝不进入埋点和普通日志,GET 可展示明确标记的最近缓存；写操作离线时禁止提交，不进入隐式离线队列,AdminConfigPutFeatureFlagsByKeyResponse,READY_FOR_IMPLEMENTATION
ACT-ADM-CONFIG-004-05,ADMIN,ADM-CONFIG-004,对象存储配置,/system/providers/storage,供应商配置定义和当前激活版本,页面首次进入、下拉刷新、筛选/排序变化或滚动触底时触发；相同查询条件避免并发重复请求,GET /admin-api/v1/provider-configs,adminProviderConfigGetProviderConfigs,AdminProviderConfigGetProviderConfigsParameters,provider.config.read,不要求,首屏替换数据，翻页仅追加去重；更新分页、筛选回显、总数/游标和最后刷新时间；空结果进入业务空状态,首屏失败显示全页错误与重试；刷新失败保留旧数据并提示；翻页失败保留已加载数据并提供行内重试；401跳登录或会话升级，403显示无权限，404不适用,ui_action_adm_config_004_05,REQ-CONFIG-001;REQ-SECRET-001,TST-CONFIG_001-HAPPY;TST-SECRET_001-HAPPY,FROZEN_DETAILED_V1.2.2,LIST_QUERY,页面主按钮/行操作/更多菜单/标准弹层，具体位置由模板和页面操作规格确定,页面具备读取权限；筛选项按数据范围和角色显示,网络可用；非正在刷新；翻页时 nextCursor/hasNext 为真,"校验 page,pageSize,cursor,status,keyword,sort",page;pageSize;cursor;status;keyword;sort,不需要,GET /admin-api/v1/provider-configs；请求模型 AdminProviderConfigGetProviderConfigsParameters；响应模型 AdminProviderConfigGetProviderConfigsResponse,同资源单写请求锁；状态机服务端复核,首屏使用骨架屏；刷新保留现有数据；翻页使用列表尾部加载器,GET 可人工重试；网络瞬断最多指数退避自动重试 2 次；筛选变化取消旧请求,留在当前页；点击行/卡片按页面导航规格进入详情,当前资源、来源列表、全局角标/余额/待办中与该领域相关的缓存；禁止无差别清空全部缓存,记录敏感数据访问审计：操作人、目标、字段范围、目的、requestId 和结果,敏感字段按数据分级脱敏；密码、验证码、身份证、支付账号、秘密引用绝不进入埋点和普通日志,GET 可展示明确标记的最近缓存；写操作离线时禁止提交，不进入隐式离线队列,AdminProviderConfigGetProviderConfigsResponse,READY_FOR_IMPLEMENTATION
ACT-ADM-CONFIG-004-06,ADMIN,ADM-CONFIG-004,对象存储配置,/system/providers/storage,指定供应商配置详情，秘密字段只返回是否已配置,页面进入、显式刷新、从后台恢复且缓存过期，或收到相关领域事件后触发,GET /admin-api/v1/provider-configs/{provider},adminProviderConfigGetProviderConfigsByProvider,AdminProviderConfigGetProviderConfigsByProviderParameters,provider.config.read,不要求,以服务端返回的 version 和状态覆盖详情；重算按钮显示/可用条件；记录页面曝光和请求 requestId,404显示资源不存在或已下架并提供返回；403显示无权限；409触发重新拉取；网络失败保留缓存并标记可能过期,ui_action_adm_config_004_06,REQ-CONFIG-001;REQ-SECRET-001,TST-CONFIG_001-HAPPY;TST-SECRET_001-HAPPY,FROZEN_DETAILED_V1.2.2,DETAIL_QUERY,页面主按钮/行操作/更多菜单/标准弹层，具体位置由模板和页面操作规格确定,页面具备读取权限且路由参数完整,网络可用且不存在同资源进行中的请求,校验 provider,provider,不需要,GET /admin-api/v1/provider-configs/{provider}；请求模型 AdminProviderConfigGetProviderConfigsByProviderParameters；响应模型 AdminProviderConfigGetProviderConfigsByProviderResponse,同资源单写请求锁；状态机服务端复核,首次进入使用结构骨架；刷新保留当前内容并显示轻量刷新态,GET 可人工重试；缓存可作为只读降级但禁止基于过期数据执行写操作,留在当前页；资源不存在时返回上一级并从来源列表移除或标记,当前资源、来源列表、全局角标/余额/待办中与该领域相关的缓存；禁止无差别清空全部缓存,记录敏感数据访问审计：操作人、目标、字段范围、目的、requestId 和结果,敏感字段按数据分级脱敏；密码、验证码、身份证、支付账号、秘密引用绝不进入埋点和普通日志,GET 可展示明确标记的最近缓存；写操作离线时禁止提交，不进入隐式离线队列,AdminProviderConfigGetProviderConfigsByProviderResponse,READY_FOR_IMPLEMENTATION
ACT-ADM-CONFIG-004-07,ADMIN,ADM-CONFIG-004,对象存储配置,/system/providers/storage,创建供应商配置版本,用户显式点击操作入口，且本地字段校验、权限、状态机前置条件全部满足,POST /admin-api/v1/provider-configs/{provider}/versions,adminProviderConfigPostProviderConfigsByProviderVersions,AdminProviderConfigPostProviderConfigsByProviderVersionsRequest,provider.config.write,X-Idempotency-Key必填,使用响应中的资源和 version 更新页面；清除已提交脏状态；展示“创建供应商配置版本成功”；刷新受影响列表、详情、余额或配置版本,400逐字段映射；401要求重新认证；403隐藏后续写入口并记录越权拒绝；409提示数据已变化并重新加载；422展示业务原因且保留输入；429显示可重试时间；500保留上下文并提供 requestId,ui_action_adm_config_004_07,REQ-CONFIG-001;REQ-SECRET-001,TST-CONFIG_001-HAPPY;TST-SECRET_001-HAPPY;TST-CONFIG_001-IDEMPOTENT;TST-SECRET_001-IDEMPOTENT,FROZEN_DETAILED_V1.2.2,CREATE_OR_SUBMIT,页面主按钮/行操作/更多菜单/标准弹层，具体位置由模板和页面操作规格确定,具备权限 provider.config.write，且资源状态允许“创建供应商配置版本”；按钮显示条件由页面状态表和状态机共同决定,不存在同资源写请求；必填字段有效；服务端 version 未被本地标记过期；需要审批时已选择审批单,"校验 provider,X-Idempotency-Key,environment,values,secretRefs,remark；同一业务意图生成稳定 X-Idempotency-Key；请求体变化必须换键",provider;X-Idempotency-Key;environment;values;secretRefs;remark,金额、权益或发布范围变化时二次确认；普通可撤销保存不需要,POST /admin-api/v1/provider-configs/{provider}/versions；请求模型 AdminProviderConfigPostProviderConfigsByProviderVersionsRequest；响应模型 AdminProviderConfigPostProviderConfigsByProviderVersionsResponse,X-Idempotency-Key + 服务端结果查询,提交期间锁定同资源写操作，保留输入并显示明确进度；禁止全页无反馈等待,使用同一幂等键仅重试同一请求体；若服务端已受理则先查询结果；409版本冲突不得盲重试,默认留在当前页并刷新；创建成功进入详情，支付/认证/发布结果按对应流程导航,当前资源、来源列表、全局角标/余额/待办中与该领域相关的缓存；禁止无差别清空全部缓存,记录操作人、角色、目标、前后状态/版本、原因、审批单、requestId、IP/设备和结果,敏感字段按数据分级脱敏；密码、验证码、身份证、支付账号、秘密引用绝不进入埋点和普通日志,GET 可展示明确标记的最近缓存；写操作离线时禁止提交，不进入隐式离线队列,AdminProviderConfigPostProviderConfigsByProviderVersionsResponse,READY_FOR_IMPLEMENTATION
ACT-ADM-CONFIG-004-08,ADMIN,ADM-CONFIG-004,对象存储配置,/system/providers/storage,连接或发送测试,用户显式点击操作入口，且本地字段校验、权限、状态机前置条件全部满足,POST /admin-api/v1/provider-configs/{provider}/test,adminProviderConfigPostProviderConfigsByProviderTest,AdminProviderConfigPostProviderConfigsByProviderTestRequest,provider.config.test,X-Idempotency-Key必填,以响应数据更新页面和关联缓存；展示“连接或发送测试成功”；仅刷新受影响区域,400逐字段映射；401要求重新认证；403隐藏后续写入口并记录越权拒绝；409提示数据已变化并重新加载；422展示业务原因且保留输入；429显示可重试时间；500保留上下文并提供 requestId,ui_action_adm_config_004_08,REQ-CONFIG-001;REQ-SECRET-001,TST-CONFIG_001-HAPPY;TST-SECRET_001-HAPPY;TST-CONFIG_001-IDEMPOTENT;TST-SECRET_001-IDEMPOTENT,FROZEN_DETAILED_V1.2.2,CREATE_OR_SUBMIT,页面主按钮/行操作/更多菜单/标准弹层，具体位置由模板和页面操作规格确定,具备权限 provider.config.test，且资源状态允许“连接或发送测试”；按钮显示条件由页面状态表和状态机共同决定,不存在同资源写请求；必填字段有效；服务端 version 未被本地标记过期；需要审批时已选择审批单,"校验 provider,X-Idempotency-Key,versionId,testRecipient；同一业务意图生成稳定 X-Idempotency-Key；请求体变化必须换键",provider;X-Idempotency-Key;versionId;testRecipient,金额、权益或发布范围变化时二次确认；普通可撤销保存不需要,POST /admin-api/v1/provider-configs/{provider}/test；请求模型 AdminProviderConfigPostProviderConfigsByProviderTestRequest；响应模型 AdminProviderConfigPostProviderConfigsByProviderTestResponse,X-Idempotency-Key + 服务端结果查询,提交期间锁定同资源写操作，保留输入并显示明确进度；禁止全页无反馈等待,使用同一幂等键仅重试同一请求体；若服务端已受理则先查询结果；409版本冲突不得盲重试,默认留在当前页并刷新；创建成功进入详情，支付/认证/发布结果按对应流程导航,当前资源、来源列表、全局角标/余额/待办中与该领域相关的缓存；禁止无差别清空全部缓存,记录操作人、角色、目标、前后状态/版本、原因、审批单、requestId、IP/设备和结果,敏感字段按数据分级脱敏；密码、验证码、身份证、支付账号、秘密引用绝不进入埋点和普通日志,GET 可展示明确标记的最近缓存；写操作离线时禁止提交，不进入隐式离线队列,AdminProviderConfigPostProviderConfigsByProviderTestResponse,READY_FOR_IMPLEMENTATION
ACT-ADM-CONFIG-005-01,ADMIN,ADM-CONFIG-005,支付网关配置,/system/providers/payment,系统配置,页面首次进入、下拉刷新、筛选/排序变化或滚动触底时触发；相同查询条件避免并发重复请求,GET /admin-api/v1/configs,adminConfigGetConfigs,AdminConfigGetConfigsParameters,config.read,不要求,首屏替换数据，翻页仅追加去重；更新分页、筛选回显、总数/游标和最后刷新时间；空结果进入业务空状态,首屏失败显示全页错误与重试；刷新失败保留旧数据并提示；翻页失败保留已加载数据并提供行内重试；401跳登录或会话升级，403显示无权限，404不适用,ui_action_adm_config_005_01,REQ-CONFIG-001;REQ-SECRET-001,TST-CONFIG_001-HAPPY;TST-SECRET_001-HAPPY,FROZEN_DETAILED_V1.2.2,LIST_QUERY,页面主按钮/行操作/更多菜单/标准弹层，具体位置由模板和页面操作规格确定,页面具备读取权限；筛选项按数据范围和角色显示,网络可用；非正在刷新；翻页时 nextCursor/hasNext 为真,"校验 page,pageSize,cursor,status,keyword,sort",page;pageSize;cursor;status;keyword;sort,不需要,GET /admin-api/v1/configs；请求模型 AdminConfigGetConfigsParameters；响应模型 AdminConfigGetConfigsResponse,同资源单写请求锁；状态机服务端复核,首屏使用骨架屏；刷新保留现有数据；翻页使用列表尾部加载器,GET 可人工重试；网络瞬断最多指数退避自动重试 2 次；筛选变化取消旧请求,留在当前页；点击行/卡片按页面导航规格进入详情,当前资源、来源列表、全局角标/余额/待办中与该领域相关的缓存；禁止无差别清空全部缓存,记录敏感数据访问审计：操作人、目标、字段范围、目的、requestId 和结果,敏感字段按数据分级脱敏；密码、验证码、身份证、支付账号、秘密引用绝不进入埋点和普通日志,GET 可展示明确标记的最近缓存；写操作离线时禁止提交，不进入隐式离线队列,AdminConfigGetConfigsResponse,READY_FOR_IMPLEMENTATION
ACT-ADM-CONFIG-005-02,ADMIN,ADM-CONFIG-005,支付网关配置,/system/providers/payment,修改配置并生成版本,用户显式点击操作入口，且本地字段校验、权限、状态机前置条件全部满足,PUT /admin-api/v1/configs/{key},adminConfigPutConfigsByKey,AdminConfigPutConfigsByKeyRequest,config.write,X-Idempotency-Key必填,使用响应中的资源和 version 更新页面；清除已提交脏状态；展示“修改配置并生成版本成功”；刷新受影响列表、详情、余额或配置版本,400逐字段映射；401要求重新认证；403隐藏后续写入口并记录越权拒绝；409提示数据已变化并重新加载；422展示业务原因且保留输入；429显示可重试时间；500保留上下文并提供 requestId,ui_action_adm_config_005_02,REQ-CONFIG-001;REQ-SECRET-001,TST-CONFIG_001-HAPPY;TST-SECRET_001-HAPPY;TST-CONFIG_001-IDEMPOTENT;TST-SECRET_001-IDEMPOTENT,FROZEN_DETAILED_V1.2.2,UPDATE,页面主按钮/行操作/更多菜单/标准弹层，具体位置由模板和页面操作规格确定,具备权限 config.write，且资源状态允许“修改配置并生成版本”；按钮显示条件由页面状态表和状态机共同决定,不存在同资源写请求；必填字段有效；服务端 version 未被本地标记过期；需要审批时已选择审批单,"校验 key,X-Idempotency-Key,value,effectiveAt,expectedVersion,approvalId；expectedVersion 必须等于页面最后一次成功读取的服务端版本；同一业务意图生成稳定 X-Idempotency-Key；请求体变化必须换键",key;X-Idempotency-Key;value;effectiveAt;expectedVersion;approvalId,金额、权益或发布范围变化时二次确认；普通可撤销保存不需要,PUT /admin-api/v1/configs/{key}；请求模型 AdminConfigPutConfigsByKeyRequest；响应模型 AdminConfigPutConfigsByKeyResponse,expectedVersion 乐观锁 + X-Idempotency-Key + 服务端结果查询,提交期间锁定同资源写操作，保留输入并显示明确进度；禁止全页无反馈等待,使用同一幂等键仅重试同一请求体；若服务端已受理则先查询结果；409版本冲突不得盲重试,默认留在当前页并刷新；创建成功进入详情，支付/认证/发布结果按对应流程导航,当前资源、来源列表、全局角标/余额/待办中与该领域相关的缓存；禁止无差别清空全部缓存,记录操作人、角色、目标、前后状态/版本、原因、审批单、requestId、IP/设备和结果,敏感字段按数据分级脱敏；密码、验证码、身份证、支付账号、秘密引用绝不进入埋点和普通日志,GET 可展示明确标记的最近缓存；写操作离线时禁止提交，不进入隐式离线队列,AdminConfigPutConfigsByKeyResponse,READY_FOR_IMPLEMENTATION
ACT-ADM-CONFIG-005-03,ADMIN,ADM-CONFIG-005,支付网关配置,/system/providers/payment,功能开关,页面首次进入、下拉刷新、筛选/排序变化或滚动触底时触发；相同查询条件避免并发重复请求,GET /admin-api/v1/feature-flags,adminConfigGetFeatureFlags,AdminConfigGetFeatureFlagsParameters,config.read,不要求,首屏替换数据，翻页仅追加去重；更新分页、筛选回显、总数/游标和最后刷新时间；空结果进入业务空状态,首屏失败显示全页错误与重试；刷新失败保留旧数据并提示；翻页失败保留已加载数据并提供行内重试；401跳登录或会话升级，403显示无权限，404不适用,ui_action_adm_config_005_03,REQ-CONFIG-001;REQ-SECRET-001,TST-CONFIG_001-HAPPY;TST-SECRET_001-HAPPY,FROZEN_DETAILED_V1.2.2,LIST_QUERY,页面主按钮/行操作/更多菜单/标准弹层，具体位置由模板和页面操作规格确定,页面具备读取权限；筛选项按数据范围和角色显示,网络可用；非正在刷新；翻页时 nextCursor/hasNext 为真,"校验 page,pageSize,cursor,status,keyword,sort",page;pageSize;cursor;status;keyword;sort,不需要,GET /admin-api/v1/feature-flags；请求模型 AdminConfigGetFeatureFlagsParameters；响应模型 AdminConfigGetFeatureFlagsResponse,同资源单写请求锁；状态机服务端复核,首屏使用骨架屏；刷新保留现有数据；翻页使用列表尾部加载器,GET 可人工重试；网络瞬断最多指数退避自动重试 2 次；筛选变化取消旧请求,留在当前页；点击行/卡片按页面导航规格进入详情,当前资源、来源列表、全局角标/余额/待办中与该领域相关的缓存；禁止无差别清空全部缓存,记录敏感数据访问审计：操作人、目标、字段范围、目的、requestId 和结果,敏感字段按数据分级脱敏；密码、验证码、身份证、支付账号、秘密引用绝不进入埋点和普通日志,GET 可展示明确标记的最近缓存；写操作离线时禁止提交，不进入隐式离线队列,AdminConfigGetFeatureFlagsResponse,READY_FOR_IMPLEMENTATION
ACT-ADM-CONFIG-005-04,ADMIN,ADM-CONFIG-005,支付网关配置,/system/providers/payment,灰度开关,用户显式点击操作入口，且本地字段校验、权限、状态机前置条件全部满足,PUT /admin-api/v1/feature-flags/{key},adminConfigPutFeatureFlagsByKey,AdminConfigPutFeatureFlagsByKeyRequest,config.write,X-Idempotency-Key必填,以响应数据更新页面和关联缓存；展示“灰度开关成功”；仅刷新受影响区域,400逐字段映射；401要求重新认证；403隐藏后续写入口并记录越权拒绝；409提示数据已变化并重新加载；422展示业务原因且保留输入；429显示可重试时间；500保留上下文并提供 requestId,ui_action_adm_config_005_04,REQ-CONFIG-001;REQ-SECRET-001,TST-CONFIG_001-HAPPY;TST-SECRET_001-HAPPY;TST-CONFIG_001-IDEMPOTENT;TST-SECRET_001-IDEMPOTENT,FROZEN_DETAILED_V1.2.2,UPDATE,页面主按钮/行操作/更多菜单/标准弹层，具体位置由模板和页面操作规格确定,具备权限 config.write，且资源状态允许“灰度开关”；按钮显示条件由页面状态表和状态机共同决定,不存在同资源写请求；必填字段有效；服务端 version 未被本地标记过期；需要审批时已选择审批单,"校验 key,X-Idempotency-Key,value,effectiveAt,expectedVersion,approvalId；expectedVersion 必须等于页面最后一次成功读取的服务端版本；同一业务意图生成稳定 X-Idempotency-Key；请求体变化必须换键",key;X-Idempotency-Key;value;effectiveAt;expectedVersion;approvalId,金额、权益或发布范围变化时二次确认；普通可撤销保存不需要,PUT /admin-api/v1/feature-flags/{key}；请求模型 AdminConfigPutFeatureFlagsByKeyRequest；响应模型 AdminConfigPutFeatureFlagsByKeyResponse,expectedVersion 乐观锁 + X-Idempotency-Key + 服务端结果查询,提交期间锁定同资源写操作，保留输入并显示明确进度；禁止全页无反馈等待,使用同一幂等键仅重试同一请求体；若服务端已受理则先查询结果；409版本冲突不得盲重试,默认留在当前页并刷新；创建成功进入详情，支付/认证/发布结果按对应流程导航,当前资源、来源列表、全局角标/余额/待办中与该领域相关的缓存；禁止无差别清空全部缓存,记录操作人、角色、目标、前后状态/版本、原因、审批单、requestId、IP/设备和结果,敏感字段按数据分级脱敏；密码、验证码、身份证、支付账号、秘密引用绝不进入埋点和普通日志,GET 可展示明确标记的最近缓存；写操作离线时禁止提交，不进入隐式离线队列,AdminConfigPutFeatureFlagsByKeyResponse,READY_FOR_IMPLEMENTATION
ACT-ADM-CONFIG-005-05,ADMIN,ADM-CONFIG-005,支付网关配置,/system/providers/payment,供应商配置定义和当前激活版本,页面首次进入、下拉刷新、筛选/排序变化或滚动触底时触发；相同查询条件避免并发重复请求,GET /admin-api/v1/provider-configs,adminProviderConfigGetProviderConfigs,AdminProviderConfigGetProviderConfigsParameters,provider.config.read,不要求,首屏替换数据，翻页仅追加去重；更新分页、筛选回显、总数/游标和最后刷新时间；空结果进入业务空状态,首屏失败显示全页错误与重试；刷新失败保留旧数据并提示；翻页失败保留已加载数据并提供行内重试；401跳登录或会话升级，403显示无权限，404不适用,ui_action_adm_config_005_05,REQ-CONFIG-001;REQ-SECRET-001,TST-CONFIG_001-HAPPY;TST-SECRET_001-HAPPY,FROZEN_DETAILED_V1.2.2,LIST_QUERY,页面主按钮/行操作/更多菜单/标准弹层，具体位置由模板和页面操作规格确定,页面具备读取权限；筛选项按数据范围和角色显示,网络可用；非正在刷新；翻页时 nextCursor/hasNext 为真,"校验 page,pageSize,cursor,status,keyword,sort",page;pageSize;cursor;status;keyword;sort,不需要,GET /admin-api/v1/provider-configs；请求模型 AdminProviderConfigGetProviderConfigsParameters；响应模型 AdminProviderConfigGetProviderConfigsResponse,同资源单写请求锁；状态机服务端复核,首屏使用骨架屏；刷新保留现有数据；翻页使用列表尾部加载器,GET 可人工重试；网络瞬断最多指数退避自动重试 2 次；筛选变化取消旧请求,留在当前页；点击行/卡片按页面导航规格进入详情,当前资源、来源列表、全局角标/余额/待办中与该领域相关的缓存；禁止无差别清空全部缓存,记录敏感数据访问审计：操作人、目标、字段范围、目的、requestId 和结果,敏感字段按数据分级脱敏；密码、验证码、身份证、支付账号、秘密引用绝不进入埋点和普通日志,GET 可展示明确标记的最近缓存；写操作离线时禁止提交，不进入隐式离线队列,AdminProviderConfigGetProviderConfigsResponse,READY_FOR_IMPLEMENTATION
ACT-ADM-CONFIG-005-06,ADMIN,ADM-CONFIG-005,支付网关配置,/system/providers/payment,指定供应商配置详情，秘密字段只返回是否已配置,页面进入、显式刷新、从后台恢复且缓存过期，或收到相关领域事件后触发,GET /admin-api/v1/provider-configs/{provider},adminProviderConfigGetProviderConfigsByProvider,AdminProviderConfigGetProviderConfigsByProviderParameters,provider.config.read,不要求,以服务端返回的 version 和状态覆盖详情；重算按钮显示/可用条件；记录页面曝光和请求 requestId,404显示资源不存在或已下架并提供返回；403显示无权限；409触发重新拉取；网络失败保留缓存并标记可能过期,ui_action_adm_config_005_06,REQ-CONFIG-001;REQ-SECRET-001,TST-CONFIG_001-HAPPY;TST-SECRET_001-HAPPY,FROZEN_DETAILED_V1.2.2,DETAIL_QUERY,页面主按钮/行操作/更多菜单/标准弹层，具体位置由模板和页面操作规格确定,页面具备读取权限且路由参数完整,网络可用且不存在同资源进行中的请求,校验 provider,provider,不需要,GET /admin-api/v1/provider-configs/{provider}；请求模型 AdminProviderConfigGetProviderConfigsByProviderParameters；响应模型 AdminProviderConfigGetProviderConfigsByProviderResponse,同资源单写请求锁；状态机服务端复核,首次进入使用结构骨架；刷新保留当前内容并显示轻量刷新态,GET 可人工重试；缓存可作为只读降级但禁止基于过期数据执行写操作,留在当前页；资源不存在时返回上一级并从来源列表移除或标记,当前资源、来源列表、全局角标/余额/待办中与该领域相关的缓存；禁止无差别清空全部缓存,记录敏感数据访问审计：操作人、目标、字段范围、目的、requestId 和结果,敏感字段按数据分级脱敏；密码、验证码、身份证、支付账号、秘密引用绝不进入埋点和普通日志,GET 可展示明确标记的最近缓存；写操作离线时禁止提交，不进入隐式离线队列,AdminProviderConfigGetProviderConfigsByProviderResponse,READY_FOR_IMPLEMENTATION
ACT-ADM-CONFIG-005-07,ADMIN,ADM-CONFIG-005,支付网关配置,/system/providers/payment,创建供应商配置版本,用户显式点击操作入口，且本地字段校验、权限、状态机前置条件全部满足,POST /admin-api/v1/provider-configs/{provider}/versions,adminProviderConfigPostProviderConfigsByProviderVersions,AdminProviderConfigPostProviderConfigsByProviderVersionsRequest,provider.config.write,X-Idempotency-Key必填,使用响应中的资源和 version 更新页面；清除已提交脏状态；展示“创建供应商配置版本成功”；刷新受影响列表、详情、余额或配置版本,400逐字段映射；401要求重新认证；403隐藏后续写入口并记录越权拒绝；409提示数据已变化并重新加载；422展示业务原因且保留输入；429显示可重试时间；500保留上下文并提供 requestId,ui_action_adm_config_005_07,REQ-CONFIG-001;REQ-SECRET-001,TST-CONFIG_001-HAPPY;TST-SECRET_001-HAPPY;TST-CONFIG_001-IDEMPOTENT;TST-SECRET_001-IDEMPOTENT,FROZEN_DETAILED_V1.2.2,CREATE_OR_SUBMIT,页面主按钮/行操作/更多菜单/标准弹层，具体位置由模板和页面操作规格确定,具备权限 provider.config.write，且资源状态允许“创建供应商配置版本”；按钮显示条件由页面状态表和状态机共同决定,不存在同资源写请求；必填字段有效；服务端 version 未被本地标记过期；需要审批时已选择审批单,"校验 provider,X-Idempotency-Key,environment,values,secretRefs,remark；同一业务意图生成稳定 X-Idempotency-Key；请求体变化必须换键",provider;X-Idempotency-Key;environment;values;secretRefs;remark,金额、权益或发布范围变化时二次确认；普通可撤销保存不需要,POST /admin-api/v1/provider-configs/{provider}/versions；请求模型 AdminProviderConfigPostProviderConfigsByProviderVersionsRequest；响应模型 AdminProviderConfigPostProviderConfigsByProviderVersionsResponse,X-Idempotency-Key + 服务端结果查询,提交期间锁定同资源写操作，保留输入并显示明确进度；禁止全页无反馈等待,使用同一幂等键仅重试同一请求体；若服务端已受理则先查询结果；409版本冲突不得盲重试,默认留在当前页并刷新；创建成功进入详情，支付/认证/发布结果按对应流程导航,当前资源、来源列表、全局角标/余额/待办中与该领域相关的缓存；禁止无差别清空全部缓存,记录操作人、角色、目标、前后状态/版本、原因、审批单、requestId、IP/设备和结果,敏感字段按数据分级脱敏；密码、验证码、身份证、支付账号、秘密引用绝不进入埋点和普通日志,GET 可展示明确标记的最近缓存；写操作离线时禁止提交，不进入隐式离线队列,AdminProviderConfigPostProviderConfigsByProviderVersionsResponse,READY_FOR_IMPLEMENTATION
ACT-ADM-CONFIG-005-08,ADMIN,ADM-CONFIG-005,支付网关配置,/system/providers/payment,连接或发送测试,用户显式点击操作入口，且本地字段校验、权限、状态机前置条件全部满足,POST /admin-api/v1/provider-configs/{provider}/test,adminProviderConfigPostProviderConfigsByProviderTest,AdminProviderConfigPostProviderConfigsByProviderTestRequest,provider.config.test,X-Idempotency-Key必填,以响应数据更新页面和关联缓存；展示“连接或发送测试成功”；仅刷新受影响区域,400逐字段映射；401要求重新认证；403隐藏后续写入口并记录越权拒绝；409提示数据已变化并重新加载；422展示业务原因且保留输入；429显示可重试时间；500保留上下文并提供 requestId,ui_action_adm_config_005_08,REQ-CONFIG-001;REQ-SECRET-001,TST-CONFIG_001-HAPPY;TST-SECRET_001-HAPPY;TST-CONFIG_001-IDEMPOTENT;TST-SECRET_001-IDEMPOTENT,FROZEN_DETAILED_V1.2.2,CREATE_OR_SUBMIT,页面主按钮/行操作/更多菜单/标准弹层，具体位置由模板和页面操作规格确定,具备权限 provider.config.test，且资源状态允许“连接或发送测试”；按钮显示条件由页面状态表和状态机共同决定,不存在同资源写请求；必填字段有效；服务端 version 未被本地标记过期；需要审批时已选择审批单,"校验 provider,X-Idempotency-Key,versionId,testRecipient；同一业务意图生成稳定 X-Idempotency-Key；请求体变化必须换键",provider;X-Idempotency-Key;versionId;testRecipient,金额、权益或发布范围变化时二次确认；普通可撤销保存不需要,POST /admin-api/v1/provider-configs/{provider}/test；请求模型 AdminProviderConfigPostProviderConfigsByProviderTestRequest；响应模型 AdminProviderConfigPostProviderConfigsByProviderTestResponse,X-Idempotency-Key + 服务端结果查询,提交期间锁定同资源写操作，保留输入并显示明确进度；禁止全页无反馈等待,使用同一幂等键仅重试同一请求体；若服务端已受理则先查询结果；409版本冲突不得盲重试,默认留在当前页并刷新；创建成功进入详情，支付/认证/发布结果按对应流程导航,当前资源、来源列表、全局角标/余额/待办中与该领域相关的缓存；禁止无差别清空全部缓存,记录操作人、角色、目标、前后状态/版本、原因、审批单、requestId、IP/设备和结果,敏感字段按数据分级脱敏；密码、验证码、身份证、支付账号、秘密引用绝不进入埋点和普通日志,GET 可展示明确标记的最近缓存；写操作离线时禁止提交，不进入隐式离线队列,AdminProviderConfigPostProviderConfigsByProviderTestResponse,READY_FOR_IMPLEMENTATION
ACT-ADM-CONFIG-006-01,ADMIN,ADM-CONFIG-006,支付宝企业付款配置,/system/providers/payout,系统配置,页面首次进入、下拉刷新、筛选/排序变化或滚动触底时触发；相同查询条件避免并发重复请求,GET /admin-api/v1/configs,adminConfigGetConfigs,AdminConfigGetConfigsParameters,config.read,不要求,首屏替换数据，翻页仅追加去重；更新分页、筛选回显、总数/游标和最后刷新时间；空结果进入业务空状态,首屏失败显示全页错误与重试；刷新失败保留旧数据并提示；翻页失败保留已加载数据并提供行内重试；401跳登录或会话升级，403显示无权限，404不适用,ui_action_adm_config_006_01,REQ-CONFIG-001;REQ-SECRET-001,TST-CONFIG_001-HAPPY;TST-SECRET_001-HAPPY,FROZEN_DETAILED_V1.2.2,LIST_QUERY,页面主按钮/行操作/更多菜单/标准弹层，具体位置由模板和页面操作规格确定,页面具备读取权限；筛选项按数据范围和角色显示,网络可用；非正在刷新；翻页时 nextCursor/hasNext 为真,"校验 page,pageSize,cursor,status,keyword,sort",page;pageSize;cursor;status;keyword;sort,不需要,GET /admin-api/v1/configs；请求模型 AdminConfigGetConfigsParameters；响应模型 AdminConfigGetConfigsResponse,同资源单写请求锁；状态机服务端复核,首屏使用骨架屏；刷新保留现有数据；翻页使用列表尾部加载器,GET 可人工重试；网络瞬断最多指数退避自动重试 2 次；筛选变化取消旧请求,留在当前页；点击行/卡片按页面导航规格进入详情,当前资源、来源列表、全局角标/余额/待办中与该领域相关的缓存；禁止无差别清空全部缓存,记录敏感数据访问审计：操作人、目标、字段范围、目的、requestId 和结果,敏感字段按数据分级脱敏；密码、验证码、身份证、支付账号、秘密引用绝不进入埋点和普通日志,GET 可展示明确标记的最近缓存；写操作离线时禁止提交，不进入隐式离线队列,AdminConfigGetConfigsResponse,READY_FOR_IMPLEMENTATION
ACT-ADM-CONFIG-006-02,ADMIN,ADM-CONFIG-006,支付宝企业付款配置,/system/providers/payout,修改配置并生成版本,用户显式点击操作入口，且本地字段校验、权限、状态机前置条件全部满足,PUT /admin-api/v1/configs/{key},adminConfigPutConfigsByKey,AdminConfigPutConfigsByKeyRequest,config.write,X-Idempotency-Key必填,使用响应中的资源和 version 更新页面；清除已提交脏状态；展示“修改配置并生成版本成功”；刷新受影响列表、详情、余额或配置版本,400逐字段映射；401要求重新认证；403隐藏后续写入口并记录越权拒绝；409提示数据已变化并重新加载；422展示业务原因且保留输入；429显示可重试时间；500保留上下文并提供 requestId,ui_action_adm_config_006_02,REQ-CONFIG-001;REQ-SECRET-001,TST-CONFIG_001-HAPPY;TST-SECRET_001-HAPPY;TST-CONFIG_001-IDEMPOTENT;TST-SECRET_001-IDEMPOTENT,FROZEN_DETAILED_V1.2.2,UPDATE,页面主按钮/行操作/更多菜单/标准弹层，具体位置由模板和页面操作规格确定,具备权限 config.write，且资源状态允许“修改配置并生成版本”；按钮显示条件由页面状态表和状态机共同决定,不存在同资源写请求；必填字段有效；服务端 version 未被本地标记过期；需要审批时已选择审批单,"校验 key,X-Idempotency-Key,value,effectiveAt,expectedVersion,approvalId；expectedVersion 必须等于页面最后一次成功读取的服务端版本；同一业务意图生成稳定 X-Idempotency-Key；请求体变化必须换键",key;X-Idempotency-Key;value;effectiveAt;expectedVersion;approvalId,金额、权益或发布范围变化时二次确认；普通可撤销保存不需要,PUT /admin-api/v1/configs/{key}；请求模型 AdminConfigPutConfigsByKeyRequest；响应模型 AdminConfigPutConfigsByKeyResponse,expectedVersion 乐观锁 + X-Idempotency-Key + 服务端结果查询,提交期间锁定同资源写操作，保留输入并显示明确进度；禁止全页无反馈等待,使用同一幂等键仅重试同一请求体；若服务端已受理则先查询结果；409版本冲突不得盲重试,默认留在当前页并刷新；创建成功进入详情，支付/认证/发布结果按对应流程导航,当前资源、来源列表、全局角标/余额/待办中与该领域相关的缓存；禁止无差别清空全部缓存,记录操作人、角色、目标、前后状态/版本、原因、审批单、requestId、IP/设备和结果,敏感字段按数据分级脱敏；密码、验证码、身份证、支付账号、秘密引用绝不进入埋点和普通日志,GET 可展示明确标记的最近缓存；写操作离线时禁止提交，不进入隐式离线队列,AdminConfigPutConfigsByKeyResponse,READY_FOR_IMPLEMENTATION
ACT-ADM-CONFIG-006-03,ADMIN,ADM-CONFIG-006,支付宝企业付款配置,/system/providers/payout,功能开关,页面首次进入、下拉刷新、筛选/排序变化或滚动触底时触发；相同查询条件避免并发重复请求,GET /admin-api/v1/feature-flags,adminConfigGetFeatureFlags,AdminConfigGetFeatureFlagsParameters,config.read,不要求,首屏替换数据，翻页仅追加去重；更新分页、筛选回显、总数/游标和最后刷新时间；空结果进入业务空状态,首屏失败显示全页错误与重试；刷新失败保留旧数据并提示；翻页失败保留已加载数据并提供行内重试；401跳登录或会话升级，403显示无权限，404不适用,ui_action_adm_config_006_03,REQ-CONFIG-001;REQ-SECRET-001,TST-CONFIG_001-HAPPY;TST-SECRET_001-HAPPY,FROZEN_DETAILED_V1.2.2,LIST_QUERY,页面主按钮/行操作/更多菜单/标准弹层，具体位置由模板和页面操作规格确定,页面具备读取权限；筛选项按数据范围和角色显示,网络可用；非正在刷新；翻页时 nextCursor/hasNext 为真,"校验 page,pageSize,cursor,status,keyword,sort",page;pageSize;cursor;status;keyword;sort,不需要,GET /admin-api/v1/feature-flags；请求模型 AdminConfigGetFeatureFlagsParameters；响应模型 AdminConfigGetFeatureFlagsResponse,同资源单写请求锁；状态机服务端复核,首屏使用骨架屏；刷新保留现有数据；翻页使用列表尾部加载器,GET 可人工重试；网络瞬断最多指数退避自动重试 2 次；筛选变化取消旧请求,留在当前页；点击行/卡片按页面导航规格进入详情,当前资源、来源列表、全局角标/余额/待办中与该领域相关的缓存；禁止无差别清空全部缓存,记录敏感数据访问审计：操作人、目标、字段范围、目的、requestId 和结果,敏感字段按数据分级脱敏；密码、验证码、身份证、支付账号、秘密引用绝不进入埋点和普通日志,GET 可展示明确标记的最近缓存；写操作离线时禁止提交，不进入隐式离线队列,AdminConfigGetFeatureFlagsResponse,READY_FOR_IMPLEMENTATION
ACT-ADM-CONFIG-006-04,ADMIN,ADM-CONFIG-006,支付宝企业付款配置,/system/providers/payout,灰度开关,用户显式点击操作入口，且本地字段校验、权限、状态机前置条件全部满足,PUT /admin-api/v1/feature-flags/{key},adminConfigPutFeatureFlagsByKey,AdminConfigPutFeatureFlagsByKeyRequest,config.write,X-Idempotency-Key必填,以响应数据更新页面和关联缓存；展示“灰度开关成功”；仅刷新受影响区域,400逐字段映射；401要求重新认证；403隐藏后续写入口并记录越权拒绝；409提示数据已变化并重新加载；422展示业务原因且保留输入；429显示可重试时间；500保留上下文并提供 requestId,ui_action_adm_config_006_04,REQ-CONFIG-001;REQ-SECRET-001,TST-CONFIG_001-HAPPY;TST-SECRET_001-HAPPY;TST-CONFIG_001-IDEMPOTENT;TST-SECRET_001-IDEMPOTENT,FROZEN_DETAILED_V1.2.2,UPDATE,页面主按钮/行操作/更多菜单/标准弹层，具体位置由模板和页面操作规格确定,具备权限 config.write，且资源状态允许“灰度开关”；按钮显示条件由页面状态表和状态机共同决定,不存在同资源写请求；必填字段有效；服务端 version 未被本地标记过期；需要审批时已选择审批单,"校验 key,X-Idempotency-Key,value,effectiveAt,expectedVersion,approvalId；expectedVersion 必须等于页面最后一次成功读取的服务端版本；同一业务意图生成稳定 X-Idempotency-Key；请求体变化必须换键",key;X-Idempotency-Key;value;effectiveAt;expectedVersion;approvalId,金额、权益或发布范围变化时二次确认；普通可撤销保存不需要,PUT /admin-api/v1/feature-flags/{key}；请求模型 AdminConfigPutFeatureFlagsByKeyRequest；响应模型 AdminConfigPutFeatureFlagsByKeyResponse,expectedVersion 乐观锁 + X-Idempotency-Key + 服务端结果查询,提交期间锁定同资源写操作，保留输入并显示明确进度；禁止全页无反馈等待,使用同一幂等键仅重试同一请求体；若服务端已受理则先查询结果；409版本冲突不得盲重试,默认留在当前页并刷新；创建成功进入详情，支付/认证/发布结果按对应流程导航,当前资源、来源列表、全局角标/余额/待办中与该领域相关的缓存；禁止无差别清空全部缓存,记录操作人、角色、目标、前后状态/版本、原因、审批单、requestId、IP/设备和结果,敏感字段按数据分级脱敏；密码、验证码、身份证、支付账号、秘密引用绝不进入埋点和普通日志,GET 可展示明确标记的最近缓存；写操作离线时禁止提交，不进入隐式离线队列,AdminConfigPutFeatureFlagsByKeyResponse,READY_FOR_IMPLEMENTATION
ACT-ADM-CONFIG-006-05,ADMIN,ADM-CONFIG-006,支付宝企业付款配置,/system/providers/payout,供应商配置定义和当前激活版本,页面首次进入、下拉刷新、筛选/排序变化或滚动触底时触发；相同查询条件避免并发重复请求,GET /admin-api/v1/provider-configs,adminProviderConfigGetProviderConfigs,AdminProviderConfigGetProviderConfigsParameters,provider.config.read,不要求,首屏替换数据，翻页仅追加去重；更新分页、筛选回显、总数/游标和最后刷新时间；空结果进入业务空状态,首屏失败显示全页错误与重试；刷新失败保留旧数据并提示；翻页失败保留已加载数据并提供行内重试；401跳登录或会话升级，403显示无权限，404不适用,ui_action_adm_config_006_05,REQ-CONFIG-001;REQ-SECRET-001,TST-CONFIG_001-HAPPY;TST-SECRET_001-HAPPY,FROZEN_DETAILED_V1.2.2,LIST_QUERY,页面主按钮/行操作/更多菜单/标准弹层，具体位置由模板和页面操作规格确定,页面具备读取权限；筛选项按数据范围和角色显示,网络可用；非正在刷新；翻页时 nextCursor/hasNext 为真,"校验 page,pageSize,cursor,status,keyword,sort",page;pageSize;cursor;status;keyword;sort,不需要,GET /admin-api/v1/provider-configs；请求模型 AdminProviderConfigGetProviderConfigsParameters；响应模型 AdminProviderConfigGetProviderConfigsResponse,同资源单写请求锁；状态机服务端复核,首屏使用骨架屏；刷新保留现有数据；翻页使用列表尾部加载器,GET 可人工重试；网络瞬断最多指数退避自动重试 2 次；筛选变化取消旧请求,留在当前页；点击行/卡片按页面导航规格进入详情,当前资源、来源列表、全局角标/余额/待办中与该领域相关的缓存；禁止无差别清空全部缓存,记录敏感数据访问审计：操作人、目标、字段范围、目的、requestId 和结果,敏感字段按数据分级脱敏；密码、验证码、身份证、支付账号、秘密引用绝不进入埋点和普通日志,GET 可展示明确标记的最近缓存；写操作离线时禁止提交，不进入隐式离线队列,AdminProviderConfigGetProviderConfigsResponse,READY_FOR_IMPLEMENTATION
ACT-ADM-CONFIG-006-06,ADMIN,ADM-CONFIG-006,支付宝企业付款配置,/system/providers/payout,指定供应商配置详情，秘密字段只返回是否已配置,页面进入、显式刷新、从后台恢复且缓存过期，或收到相关领域事件后触发,GET /admin-api/v1/provider-configs/{provider},adminProviderConfigGetProviderConfigsByProvider,AdminProviderConfigGetProviderConfigsByProviderParameters,provider.config.read,不要求,以服务端返回的 version 和状态覆盖详情；重算按钮显示/可用条件；记录页面曝光和请求 requestId,404显示资源不存在或已下架并提供返回；403显示无权限；409触发重新拉取；网络失败保留缓存并标记可能过期,ui_action_adm_config_006_06,REQ-CONFIG-001;REQ-SECRET-001,TST-CONFIG_001-HAPPY;TST-SECRET_001-HAPPY,FROZEN_DETAILED_V1.2.2,DETAIL_QUERY,页面主按钮/行操作/更多菜单/标准弹层，具体位置由模板和页面操作规格确定,页面具备读取权限且路由参数完整,网络可用且不存在同资源进行中的请求,校验 provider,provider,不需要,GET /admin-api/v1/provider-configs/{provider}；请求模型 AdminProviderConfigGetProviderConfigsByProviderParameters；响应模型 AdminProviderConfigGetProviderConfigsByProviderResponse,同资源单写请求锁；状态机服务端复核,首次进入使用结构骨架；刷新保留当前内容并显示轻量刷新态,GET 可人工重试；缓存可作为只读降级但禁止基于过期数据执行写操作,留在当前页；资源不存在时返回上一级并从来源列表移除或标记,当前资源、来源列表、全局角标/余额/待办中与该领域相关的缓存；禁止无差别清空全部缓存,记录敏感数据访问审计：操作人、目标、字段范围、目的、requestId 和结果,敏感字段按数据分级脱敏；密码、验证码、身份证、支付账号、秘密引用绝不进入埋点和普通日志,GET 可展示明确标记的最近缓存；写操作离线时禁止提交，不进入隐式离线队列,AdminProviderConfigGetProviderConfigsByProviderResponse,READY_FOR_IMPLEMENTATION
ACT-ADM-CONFIG-006-07,ADMIN,ADM-CONFIG-006,支付宝企业付款配置,/system/providers/payout,创建供应商配置版本,用户显式点击操作入口，且本地字段校验、权限、状态机前置条件全部满足,POST /admin-api/v1/provider-configs/{provider}/versions,adminProviderConfigPostProviderConfigsByProviderVersions,AdminProviderConfigPostProviderConfigsByProviderVersionsRequest,provider.config.write,X-Idempotency-Key必填,使用响应中的资源和 version 更新页面；清除已提交脏状态；展示“创建供应商配置版本成功”；刷新受影响列表、详情、余额或配置版本,400逐字段映射；401要求重新认证；403隐藏后续写入口并记录越权拒绝；409提示数据已变化并重新加载；422展示业务原因且保留输入；429显示可重试时间；500保留上下文并提供 requestId,ui_action_adm_config_006_07,REQ-CONFIG-001;REQ-SECRET-001,TST-CONFIG_001-HAPPY;TST-SECRET_001-HAPPY;TST-CONFIG_001-IDEMPOTENT;TST-SECRET_001-IDEMPOTENT,FROZEN_DETAILED_V1.2.2,CREATE_OR_SUBMIT,页面主按钮/行操作/更多菜单/标准弹层，具体位置由模板和页面操作规格确定,具备权限 provider.config.write，且资源状态允许“创建供应商配置版本”；按钮显示条件由页面状态表和状态机共同决定,不存在同资源写请求；必填字段有效；服务端 version 未被本地标记过期；需要审批时已选择审批单,"校验 provider,X-Idempotency-Key,environment,values,secretRefs,remark；同一业务意图生成稳定 X-Idempotency-Key；请求体变化必须换键",provider;X-Idempotency-Key;environment;values;secretRefs;remark,金额、权益或发布范围变化时二次确认；普通可撤销保存不需要,POST /admin-api/v1/provider-configs/{provider}/versions；请求模型 AdminProviderConfigPostProviderConfigsByProviderVersionsRequest；响应模型 AdminProviderConfigPostProviderConfigsByProviderVersionsResponse,X-Idempotency-Key + 服务端结果查询,提交期间锁定同资源写操作，保留输入并显示明确进度；禁止全页无反馈等待,使用同一幂等键仅重试同一请求体；若服务端已受理则先查询结果；409版本冲突不得盲重试,默认留在当前页并刷新；创建成功进入详情，支付/认证/发布结果按对应流程导航,当前资源、来源列表、全局角标/余额/待办中与该领域相关的缓存；禁止无差别清空全部缓存,记录操作人、角色、目标、前后状态/版本、原因、审批单、requestId、IP/设备和结果,敏感字段按数据分级脱敏；密码、验证码、身份证、支付账号、秘密引用绝不进入埋点和普通日志,GET 可展示明确标记的最近缓存；写操作离线时禁止提交，不进入隐式离线队列,AdminProviderConfigPostProviderConfigsByProviderVersionsResponse,READY_FOR_IMPLEMENTATION
ACT-ADM-CONFIG-006-08,ADMIN,ADM-CONFIG-006,支付宝企业付款配置,/system/providers/payout,连接或发送测试,用户显式点击操作入口，且本地字段校验、权限、状态机前置条件全部满足,POST /admin-api/v1/provider-configs/{provider}/test,adminProviderConfigPostProviderConfigsByProviderTest,AdminProviderConfigPostProviderConfigsByProviderTestRequest,provider.config.test,X-Idempotency-Key必填,以响应数据更新页面和关联缓存；展示“连接或发送测试成功”；仅刷新受影响区域,400逐字段映射；401要求重新认证；403隐藏后续写入口并记录越权拒绝；409提示数据已变化并重新加载；422展示业务原因且保留输入；429显示可重试时间；500保留上下文并提供 requestId,ui_action_adm_config_006_08,REQ-CONFIG-001;REQ-SECRET-001,TST-CONFIG_001-HAPPY;TST-SECRET_001-HAPPY;TST-CONFIG_001-IDEMPOTENT;TST-SECRET_001-IDEMPOTENT,FROZEN_DETAILED_V1.2.2,CREATE_OR_SUBMIT,页面主按钮/行操作/更多菜单/标准弹层，具体位置由模板和页面操作规格确定,具备权限 provider.config.test，且资源状态允许“连接或发送测试”；按钮显示条件由页面状态表和状态机共同决定,不存在同资源写请求；必填字段有效；服务端 version 未被本地标记过期；需要审批时已选择审批单,"校验 provider,X-Idempotency-Key,versionId,testRecipient；同一业务意图生成稳定 X-Idempotency-Key；请求体变化必须换键",provider;X-Idempotency-Key;versionId;testRecipient,金额、权益或发布范围变化时二次确认；普通可撤销保存不需要,POST /admin-api/v1/provider-configs/{provider}/test；请求模型 AdminProviderConfigPostProviderConfigsByProviderTestRequest；响应模型 AdminProviderConfigPostProviderConfigsByProviderTestResponse,X-Idempotency-Key + 服务端结果查询,提交期间锁定同资源写操作，保留输入并显示明确进度；禁止全页无反馈等待,使用同一幂等键仅重试同一请求体；若服务端已受理则先查询结果；409版本冲突不得盲重试,默认留在当前页并刷新；创建成功进入详情，支付/认证/发布结果按对应流程导航,当前资源、来源列表、全局角标/余额/待办中与该领域相关的缓存；禁止无差别清空全部缓存,记录操作人、角色、目标、前后状态/版本、原因、审批单、requestId、IP/设备和结果,敏感字段按数据分级脱敏；密码、验证码、身份证、支付账号、秘密引用绝不进入埋点和普通日志,GET 可展示明确标记的最近缓存；写操作离线时禁止提交，不进入隐式离线队列,AdminProviderConfigPostProviderConfigsByProviderTestResponse,READY_FOR_IMPLEMENTATION
ACT-ADM-CONFIG-007-01,ADMIN,ADM-CONFIG-007,实名认证配置,/system/providers/identity,系统配置,页面首次进入、下拉刷新、筛选/排序变化或滚动触底时触发；相同查询条件避免并发重复请求,GET /admin-api/v1/configs,adminConfigGetConfigs,AdminConfigGetConfigsParameters,config.read,不要求,首屏替换数据，翻页仅追加去重；更新分页、筛选回显、总数/游标和最后刷新时间；空结果进入业务空状态,首屏失败显示全页错误与重试；刷新失败保留旧数据并提示；翻页失败保留已加载数据并提供行内重试；401跳登录或会话升级，403显示无权限，404不适用,ui_action_adm_config_007_01,REQ-CONFIG-001;REQ-SECRET-001,TST-CONFIG_001-HAPPY;TST-SECRET_001-HAPPY,FROZEN_DETAILED_V1.2.2,LIST_QUERY,页面主按钮/行操作/更多菜单/标准弹层，具体位置由模板和页面操作规格确定,页面具备读取权限；筛选项按数据范围和角色显示,网络可用；非正在刷新；翻页时 nextCursor/hasNext 为真,"校验 page,pageSize,cursor,status,keyword,sort",page;pageSize;cursor;status;keyword;sort,不需要,GET /admin-api/v1/configs；请求模型 AdminConfigGetConfigsParameters；响应模型 AdminConfigGetConfigsResponse,同资源单写请求锁；状态机服务端复核,首屏使用骨架屏；刷新保留现有数据；翻页使用列表尾部加载器,GET 可人工重试；网络瞬断最多指数退避自动重试 2 次；筛选变化取消旧请求,留在当前页；点击行/卡片按页面导航规格进入详情,当前资源、来源列表、全局角标/余额/待办中与该领域相关的缓存；禁止无差别清空全部缓存,记录敏感数据访问审计：操作人、目标、字段范围、目的、requestId 和结果,敏感字段按数据分级脱敏；密码、验证码、身份证、支付账号、秘密引用绝不进入埋点和普通日志,GET 可展示明确标记的最近缓存；写操作离线时禁止提交，不进入隐式离线队列,AdminConfigGetConfigsResponse,READY_FOR_IMPLEMENTATION
ACT-ADM-CONFIG-007-02,ADMIN,ADM-CONFIG-007,实名认证配置,/system/providers/identity,修改配置并生成版本,用户显式点击操作入口，且本地字段校验、权限、状态机前置条件全部满足,PUT /admin-api/v1/configs/{key},adminConfigPutConfigsByKey,AdminConfigPutConfigsByKeyRequest,config.write,X-Idempotency-Key必填,使用响应中的资源和 version 更新页面；清除已提交脏状态；展示“修改配置并生成版本成功”；刷新受影响列表、详情、余额或配置版本,400逐字段映射；401要求重新认证；403隐藏后续写入口并记录越权拒绝；409提示数据已变化并重新加载；422展示业务原因且保留输入；429显示可重试时间；500保留上下文并提供 requestId,ui_action_adm_config_007_02,REQ-CONFIG-001;REQ-SECRET-001,TST-CONFIG_001-HAPPY;TST-SECRET_001-HAPPY;TST-CONFIG_001-IDEMPOTENT;TST-SECRET_001-IDEMPOTENT,FROZEN_DETAILED_V1.2.2,UPDATE,页面主按钮/行操作/更多菜单/标准弹层，具体位置由模板和页面操作规格确定,具备权限 config.write，且资源状态允许“修改配置并生成版本”；按钮显示条件由页面状态表和状态机共同决定,不存在同资源写请求；必填字段有效；服务端 version 未被本地标记过期；需要审批时已选择审批单,"校验 key,X-Idempotency-Key,value,effectiveAt,expectedVersion,approvalId；expectedVersion 必须等于页面最后一次成功读取的服务端版本；同一业务意图生成稳定 X-Idempotency-Key；请求体变化必须换键",key;X-Idempotency-Key;value;effectiveAt;expectedVersion;approvalId,金额、权益或发布范围变化时二次确认；普通可撤销保存不需要,PUT /admin-api/v1/configs/{key}；请求模型 AdminConfigPutConfigsByKeyRequest；响应模型 AdminConfigPutConfigsByKeyResponse,expectedVersion 乐观锁 + X-Idempotency-Key + 服务端结果查询,提交期间锁定同资源写操作，保留输入并显示明确进度；禁止全页无反馈等待,使用同一幂等键仅重试同一请求体；若服务端已受理则先查询结果；409版本冲突不得盲重试,默认留在当前页并刷新；创建成功进入详情，支付/认证/发布结果按对应流程导航,当前资源、来源列表、全局角标/余额/待办中与该领域相关的缓存；禁止无差别清空全部缓存,记录操作人、角色、目标、前后状态/版本、原因、审批单、requestId、IP/设备和结果,敏感字段按数据分级脱敏；密码、验证码、身份证、支付账号、秘密引用绝不进入埋点和普通日志,GET 可展示明确标记的最近缓存；写操作离线时禁止提交，不进入隐式离线队列,AdminConfigPutConfigsByKeyResponse,READY_FOR_IMPLEMENTATION
ACT-ADM-CONFIG-007-03,ADMIN,ADM-CONFIG-007,实名认证配置,/system/providers/identity,功能开关,页面首次进入、下拉刷新、筛选/排序变化或滚动触底时触发；相同查询条件避免并发重复请求,GET /admin-api/v1/feature-flags,adminConfigGetFeatureFlags,AdminConfigGetFeatureFlagsParameters,config.read,不要求,首屏替换数据，翻页仅追加去重；更新分页、筛选回显、总数/游标和最后刷新时间；空结果进入业务空状态,首屏失败显示全页错误与重试；刷新失败保留旧数据并提示；翻页失败保留已加载数据并提供行内重试；401跳登录或会话升级，403显示无权限，404不适用,ui_action_adm_config_007_03,REQ-CONFIG-001;REQ-SECRET-001,TST-CONFIG_001-HAPPY;TST-SECRET_001-HAPPY,FROZEN_DETAILED_V1.2.2,LIST_QUERY,页面主按钮/行操作/更多菜单/标准弹层，具体位置由模板和页面操作规格确定,页面具备读取权限；筛选项按数据范围和角色显示,网络可用；非正在刷新；翻页时 nextCursor/hasNext 为真,"校验 page,pageSize,cursor,status,keyword,sort",page;pageSize;cursor;status;keyword;sort,不需要,GET /admin-api/v1/feature-flags；请求模型 AdminConfigGetFeatureFlagsParameters；响应模型 AdminConfigGetFeatureFlagsResponse,同资源单写请求锁；状态机服务端复核,首屏使用骨架屏；刷新保留现有数据；翻页使用列表尾部加载器,GET 可人工重试；网络瞬断最多指数退避自动重试 2 次；筛选变化取消旧请求,留在当前页；点击行/卡片按页面导航规格进入详情,当前资源、来源列表、全局角标/余额/待办中与该领域相关的缓存；禁止无差别清空全部缓存,记录敏感数据访问审计：操作人、目标、字段范围、目的、requestId 和结果,敏感字段按数据分级脱敏；密码、验证码、身份证、支付账号、秘密引用绝不进入埋点和普通日志,GET 可展示明确标记的最近缓存；写操作离线时禁止提交，不进入隐式离线队列,AdminConfigGetFeatureFlagsResponse,READY_FOR_IMPLEMENTATION
ACT-ADM-CONFIG-007-04,ADMIN,ADM-CONFIG-007,实名认证配置,/system/providers/identity,灰度开关,用户显式点击操作入口，且本地字段校验、权限、状态机前置条件全部满足,PUT /admin-api/v1/feature-flags/{key},adminConfigPutFeatureFlagsByKey,AdminConfigPutFeatureFlagsByKeyRequest,config.write,X-Idempotency-Key必填,以响应数据更新页面和关联缓存；展示“灰度开关成功”；仅刷新受影响区域,400逐字段映射；401要求重新认证；403隐藏后续写入口并记录越权拒绝；409提示数据已变化并重新加载；422展示业务原因且保留输入；429显示可重试时间；500保留上下文并提供 requestId,ui_action_adm_config_007_04,REQ-CONFIG-001;REQ-SECRET-001,TST-CONFIG_001-HAPPY;TST-SECRET_001-HAPPY;TST-CONFIG_001-IDEMPOTENT;TST-SECRET_001-IDEMPOTENT,FROZEN_DETAILED_V1.2.2,UPDATE,页面主按钮/行操作/更多菜单/标准弹层，具体位置由模板和页面操作规格确定,具备权限 config.write，且资源状态允许“灰度开关”；按钮显示条件由页面状态表和状态机共同决定,不存在同资源写请求；必填字段有效；服务端 version 未被本地标记过期；需要审批时已选择审批单,"校验 key,X-Idempotency-Key,value,effectiveAt,expectedVersion,approvalId；expectedVersion 必须等于页面最后一次成功读取的服务端版本；同一业务意图生成稳定 X-Idempotency-Key；请求体变化必须换键",key;X-Idempotency-Key;value;effectiveAt;expectedVersion;approvalId,金额、权益或发布范围变化时二次确认；普通可撤销保存不需要,PUT /admin-api/v1/feature-flags/{key}；请求模型 AdminConfigPutFeatureFlagsByKeyRequest；响应模型 AdminConfigPutFeatureFlagsByKeyResponse,expectedVersion 乐观锁 + X-Idempotency-Key + 服务端结果查询,提交期间锁定同资源写操作，保留输入并显示明确进度；禁止全页无反馈等待,使用同一幂等键仅重试同一请求体；若服务端已受理则先查询结果；409版本冲突不得盲重试,默认留在当前页并刷新；创建成功进入详情，支付/认证/发布结果按对应流程导航,当前资源、来源列表、全局角标/余额/待办中与该领域相关的缓存；禁止无差别清空全部缓存,记录操作人、角色、目标、前后状态/版本、原因、审批单、requestId、IP/设备和结果,敏感字段按数据分级脱敏；密码、验证码、身份证、支付账号、秘密引用绝不进入埋点和普通日志,GET 可展示明确标记的最近缓存；写操作离线时禁止提交，不进入隐式离线队列,AdminConfigPutFeatureFlagsByKeyResponse,READY_FOR_IMPLEMENTATION
ACT-ADM-CONFIG-007-05,ADMIN,ADM-CONFIG-007,实名认证配置,/system/providers/identity,供应商配置定义和当前激活版本,页面首次进入、下拉刷新、筛选/排序变化或滚动触底时触发；相同查询条件避免并发重复请求,GET /admin-api/v1/provider-configs,adminProviderConfigGetProviderConfigs,AdminProviderConfigGetProviderConfigsParameters,provider.config.read,不要求,首屏替换数据，翻页仅追加去重；更新分页、筛选回显、总数/游标和最后刷新时间；空结果进入业务空状态,首屏失败显示全页错误与重试；刷新失败保留旧数据并提示；翻页失败保留已加载数据并提供行内重试；401跳登录或会话升级，403显示无权限，404不适用,ui_action_adm_config_007_05,REQ-CONFIG-001;REQ-SECRET-001,TST-CONFIG_001-HAPPY;TST-SECRET_001-HAPPY,FROZEN_DETAILED_V1.2.2,LIST_QUERY,页面主按钮/行操作/更多菜单/标准弹层，具体位置由模板和页面操作规格确定,页面具备读取权限；筛选项按数据范围和角色显示,网络可用；非正在刷新；翻页时 nextCursor/hasNext 为真,"校验 page,pageSize,cursor,status,keyword,sort",page;pageSize;cursor;status;keyword;sort,不需要,GET /admin-api/v1/provider-configs；请求模型 AdminProviderConfigGetProviderConfigsParameters；响应模型 AdminProviderConfigGetProviderConfigsResponse,同资源单写请求锁；状态机服务端复核,首屏使用骨架屏；刷新保留现有数据；翻页使用列表尾部加载器,GET 可人工重试；网络瞬断最多指数退避自动重试 2 次；筛选变化取消旧请求,留在当前页；点击行/卡片按页面导航规格进入详情,当前资源、来源列表、全局角标/余额/待办中与该领域相关的缓存；禁止无差别清空全部缓存,记录敏感数据访问审计：操作人、目标、字段范围、目的、requestId 和结果,敏感字段按数据分级脱敏；密码、验证码、身份证、支付账号、秘密引用绝不进入埋点和普通日志,GET 可展示明确标记的最近缓存；写操作离线时禁止提交，不进入隐式离线队列,AdminProviderConfigGetProviderConfigsResponse,READY_FOR_IMPLEMENTATION
ACT-ADM-CONFIG-007-06,ADMIN,ADM-CONFIG-007,实名认证配置,/system/providers/identity,指定供应商配置详情，秘密字段只返回是否已配置,页面进入、显式刷新、从后台恢复且缓存过期，或收到相关领域事件后触发,GET /admin-api/v1/provider-configs/{provider},adminProviderConfigGetProviderConfigsByProvider,AdminProviderConfigGetProviderConfigsByProviderParameters,provider.config.read,不要求,以服务端返回的 version 和状态覆盖详情；重算按钮显示/可用条件；记录页面曝光和请求 requestId,404显示资源不存在或已下架并提供返回；403显示无权限；409触发重新拉取；网络失败保留缓存并标记可能过期,ui_action_adm_config_007_06,REQ-CONFIG-001;REQ-SECRET-001,TST-CONFIG_001-HAPPY;TST-SECRET_001-HAPPY,FROZEN_DETAILED_V1.2.2,DETAIL_QUERY,页面主按钮/行操作/更多菜单/标准弹层，具体位置由模板和页面操作规格确定,页面具备读取权限且路由参数完整,网络可用且不存在同资源进行中的请求,校验 provider,provider,不需要,GET /admin-api/v1/provider-configs/{provider}；请求模型 AdminProviderConfigGetProviderConfigsByProviderParameters；响应模型 AdminProviderConfigGetProviderConfigsByProviderResponse,同资源单写请求锁；状态机服务端复核,首次进入使用结构骨架；刷新保留当前内容并显示轻量刷新态,GET 可人工重试；缓存可作为只读降级但禁止基于过期数据执行写操作,留在当前页；资源不存在时返回上一级并从来源列表移除或标记,当前资源、来源列表、全局角标/余额/待办中与该领域相关的缓存；禁止无差别清空全部缓存,记录敏感数据访问审计：操作人、目标、字段范围、目的、requestId 和结果,敏感字段按数据分级脱敏；密码、验证码、身份证、支付账号、秘密引用绝不进入埋点和普通日志,GET 可展示明确标记的最近缓存；写操作离线时禁止提交，不进入隐式离线队列,AdminProviderConfigGetProviderConfigsByProviderResponse,READY_FOR_IMPLEMENTATION
ACT-ADM-CONFIG-007-07,ADMIN,ADM-CONFIG-007,实名认证配置,/system/providers/identity,创建供应商配置版本,用户显式点击操作入口，且本地字段校验、权限、状态机前置条件全部满足,POST /admin-api/v1/provider-configs/{provider}/versions,adminProviderConfigPostProviderConfigsByProviderVersions,AdminProviderConfigPostProviderConfigsByProviderVersionsRequest,provider.config.write,X-Idempotency-Key必填,使用响应中的资源和 version 更新页面；清除已提交脏状态；展示“创建供应商配置版本成功”；刷新受影响列表、详情、余额或配置版本,400逐字段映射；401要求重新认证；403隐藏后续写入口并记录越权拒绝；409提示数据已变化并重新加载；422展示业务原因且保留输入；429显示可重试时间；500保留上下文并提供 requestId,ui_action_adm_config_007_07,REQ-CONFIG-001;REQ-SECRET-001,TST-CONFIG_001-HAPPY;TST-SECRET_001-HAPPY;TST-CONFIG_001-IDEMPOTENT;TST-SECRET_001-IDEMPOTENT,FROZEN_DETAILED_V1.2.2,CREATE_OR_SUBMIT,页面主按钮/行操作/更多菜单/标准弹层，具体位置由模板和页面操作规格确定,具备权限 provider.config.write，且资源状态允许“创建供应商配置版本”；按钮显示条件由页面状态表和状态机共同决定,不存在同资源写请求；必填字段有效；服务端 version 未被本地标记过期；需要审批时已选择审批单,"校验 provider,X-Idempotency-Key,environment,values,secretRefs,remark；同一业务意图生成稳定 X-Idempotency-Key；请求体变化必须换键",provider;X-Idempotency-Key;environment;values;secretRefs;remark,金额、权益或发布范围变化时二次确认；普通可撤销保存不需要,POST /admin-api/v1/provider-configs/{provider}/versions；请求模型 AdminProviderConfigPostProviderConfigsByProviderVersionsRequest；响应模型 AdminProviderConfigPostProviderConfigsByProviderVersionsResponse,X-Idempotency-Key + 服务端结果查询,提交期间锁定同资源写操作，保留输入并显示明确进度；禁止全页无反馈等待,使用同一幂等键仅重试同一请求体；若服务端已受理则先查询结果；409版本冲突不得盲重试,默认留在当前页并刷新；创建成功进入详情，支付/认证/发布结果按对应流程导航,当前资源、来源列表、全局角标/余额/待办中与该领域相关的缓存；禁止无差别清空全部缓存,记录操作人、角色、目标、前后状态/版本、原因、审批单、requestId、IP/设备和结果,敏感字段按数据分级脱敏；密码、验证码、身份证、支付账号、秘密引用绝不进入埋点和普通日志,GET 可展示明确标记的最近缓存；写操作离线时禁止提交，不进入隐式离线队列,AdminProviderConfigPostProviderConfigsByProviderVersionsResponse,READY_FOR_IMPLEMENTATION
ACT-ADM-CONFIG-007-08,ADMIN,ADM-CONFIG-007,实名认证配置,/system/providers/identity,连接或发送测试,用户显式点击操作入口，且本地字段校验、权限、状态机前置条件全部满足,POST /admin-api/v1/provider-configs/{provider}/test,adminProviderConfigPostProviderConfigsByProviderTest,AdminProviderConfigPostProviderConfigsByProviderTestRequest,provider.config.test,X-Idempotency-Key必填,以响应数据更新页面和关联缓存；展示“连接或发送测试成功”；仅刷新受影响区域,400逐字段映射；401要求重新认证；403隐藏后续写入口并记录越权拒绝；409提示数据已变化并重新加载；422展示业务原因且保留输入；429显示可重试时间；500保留上下文并提供 requestId,ui_action_adm_config_007_08,REQ-CONFIG-001;REQ-SECRET-001,TST-CONFIG_001-HAPPY;TST-SECRET_001-HAPPY;TST-CONFIG_001-IDEMPOTENT;TST-SECRET_001-IDEMPOTENT,FROZEN_DETAILED_V1.2.2,CREATE_OR_SUBMIT,页面主按钮/行操作/更多菜单/标准弹层，具体位置由模板和页面操作规格确定,具备权限 provider.config.test，且资源状态允许“连接或发送测试”；按钮显示条件由页面状态表和状态机共同决定,不存在同资源写请求；必填字段有效；服务端 version 未被本地标记过期；需要审批时已选择审批单,"校验 provider,X-Idempotency-Key,versionId,testRecipient；同一业务意图生成稳定 X-Idempotency-Key；请求体变化必须换键",provider;X-Idempotency-Key;versionId;testRecipient,金额、权益或发布范围变化时二次确认；普通可撤销保存不需要,POST /admin-api/v1/provider-configs/{provider}/test；请求模型 AdminProviderConfigPostProviderConfigsByProviderTestRequest；响应模型 AdminProviderConfigPostProviderConfigsByProviderTestResponse,X-Idempotency-Key + 服务端结果查询,提交期间锁定同资源写操作，保留输入并显示明确进度；禁止全页无反馈等待,使用同一幂等键仅重试同一请求体；若服务端已受理则先查询结果；409版本冲突不得盲重试,默认留在当前页并刷新；创建成功进入详情，支付/认证/发布结果按对应流程导航,当前资源、来源列表、全局角标/余额/待办中与该领域相关的缓存；禁止无差别清空全部缓存,记录操作人、角色、目标、前后状态/版本、原因、审批单、requestId、IP/设备和结果,敏感字段按数据分级脱敏；密码、验证码、身份证、支付账号、秘密引用绝不进入埋点和普通日志,GET 可展示明确标记的最近缓存；写操作离线时禁止提交，不进入隐式离线队列,AdminProviderConfigPostProviderConfigsByProviderTestResponse,READY_FOR_IMPLEMENTATION
ACT-ADM-CONFIG-008-01,ADMIN,ADM-CONFIG-008,域名与环境配置,/system/domains,系统配置,页面首次进入、下拉刷新、筛选/排序变化或滚动触底时触发；相同查询条件避免并发重复请求,GET /admin-api/v1/configs,adminConfigGetConfigs,AdminConfigGetConfigsParameters,config.read,不要求,首屏替换数据，翻页仅追加去重；更新分页、筛选回显、总数/游标和最后刷新时间；空结果进入业务空状态,首屏失败显示全页错误与重试；刷新失败保留旧数据并提示；翻页失败保留已加载数据并提供行内重试；401跳登录或会话升级，403显示无权限，404不适用,ui_action_adm_config_008_01,REQ-CONFIG-001;REQ-SECRET-001,TST-CONFIG_001-HAPPY;TST-SECRET_001-HAPPY,FROZEN_DETAILED_V1.2.2,LIST_QUERY,页面主按钮/行操作/更多菜单/标准弹层，具体位置由模板和页面操作规格确定,页面具备读取权限；筛选项按数据范围和角色显示,网络可用；非正在刷新；翻页时 nextCursor/hasNext 为真,"校验 page,pageSize,cursor,status,keyword,sort",page;pageSize;cursor;status;keyword;sort,不需要,GET /admin-api/v1/configs；请求模型 AdminConfigGetConfigsParameters；响应模型 AdminConfigGetConfigsResponse,同资源单写请求锁；状态机服务端复核,首屏使用骨架屏；刷新保留现有数据；翻页使用列表尾部加载器,GET 可人工重试；网络瞬断最多指数退避自动重试 2 次；筛选变化取消旧请求,留在当前页；点击行/卡片按页面导航规格进入详情,当前资源、来源列表、全局角标/余额/待办中与该领域相关的缓存；禁止无差别清空全部缓存,记录敏感数据访问审计：操作人、目标、字段范围、目的、requestId 和结果,敏感字段按数据分级脱敏；密码、验证码、身份证、支付账号、秘密引用绝不进入埋点和普通日志,GET 可展示明确标记的最近缓存；写操作离线时禁止提交，不进入隐式离线队列,AdminConfigGetConfigsResponse,READY_FOR_IMPLEMENTATION
ACT-ADM-CONFIG-008-02,ADMIN,ADM-CONFIG-008,域名与环境配置,/system/domains,修改配置并生成版本,用户显式点击操作入口，且本地字段校验、权限、状态机前置条件全部满足,PUT /admin-api/v1/configs/{key},adminConfigPutConfigsByKey,AdminConfigPutConfigsByKeyRequest,config.write,X-Idempotency-Key必填,使用响应中的资源和 version 更新页面；清除已提交脏状态；展示“修改配置并生成版本成功”；刷新受影响列表、详情、余额或配置版本,400逐字段映射；401要求重新认证；403隐藏后续写入口并记录越权拒绝；409提示数据已变化并重新加载；422展示业务原因且保留输入；429显示可重试时间；500保留上下文并提供 requestId,ui_action_adm_config_008_02,REQ-CONFIG-001;REQ-SECRET-001,TST-CONFIG_001-HAPPY;TST-SECRET_001-HAPPY;TST-CONFIG_001-IDEMPOTENT;TST-SECRET_001-IDEMPOTENT,FROZEN_DETAILED_V1.2.2,UPDATE,页面主按钮/行操作/更多菜单/标准弹层，具体位置由模板和页面操作规格确定,具备权限 config.write，且资源状态允许“修改配置并生成版本”；按钮显示条件由页面状态表和状态机共同决定,不存在同资源写请求；必填字段有效；服务端 version 未被本地标记过期；需要审批时已选择审批单,"校验 key,X-Idempotency-Key,value,effectiveAt,expectedVersion,approvalId；expectedVersion 必须等于页面最后一次成功读取的服务端版本；同一业务意图生成稳定 X-Idempotency-Key；请求体变化必须换键",key;X-Idempotency-Key;value;effectiveAt;expectedVersion;approvalId,金额、权益或发布范围变化时二次确认；普通可撤销保存不需要,PUT /admin-api/v1/configs/{key}；请求模型 AdminConfigPutConfigsByKeyRequest；响应模型 AdminConfigPutConfigsByKeyResponse,expectedVersion 乐观锁 + X-Idempotency-Key + 服务端结果查询,提交期间锁定同资源写操作，保留输入并显示明确进度；禁止全页无反馈等待,使用同一幂等键仅重试同一请求体；若服务端已受理则先查询结果；409版本冲突不得盲重试,默认留在当前页并刷新；创建成功进入详情，支付/认证/发布结果按对应流程导航,当前资源、来源列表、全局角标/余额/待办中与该领域相关的缓存；禁止无差别清空全部缓存,记录操作人、角色、目标、前后状态/版本、原因、审批单、requestId、IP/设备和结果,敏感字段按数据分级脱敏；密码、验证码、身份证、支付账号、秘密引用绝不进入埋点和普通日志,GET 可展示明确标记的最近缓存；写操作离线时禁止提交，不进入隐式离线队列,AdminConfigPutConfigsByKeyResponse,READY_FOR_IMPLEMENTATION
ACT-ADM-CONFIG-008-03,ADMIN,ADM-CONFIG-008,域名与环境配置,/system/domains,功能开关,页面首次进入、下拉刷新、筛选/排序变化或滚动触底时触发；相同查询条件避免并发重复请求,GET /admin-api/v1/feature-flags,adminConfigGetFeatureFlags,AdminConfigGetFeatureFlagsParameters,config.read,不要求,首屏替换数据，翻页仅追加去重；更新分页、筛选回显、总数/游标和最后刷新时间；空结果进入业务空状态,首屏失败显示全页错误与重试；刷新失败保留旧数据并提示；翻页失败保留已加载数据并提供行内重试；401跳登录或会话升级，403显示无权限，404不适用,ui_action_adm_config_008_03,REQ-CONFIG-001;REQ-SECRET-001,TST-CONFIG_001-HAPPY;TST-SECRET_001-HAPPY,FROZEN_DETAILED_V1.2.2,LIST_QUERY,页面主按钮/行操作/更多菜单/标准弹层，具体位置由模板和页面操作规格确定,页面具备读取权限；筛选项按数据范围和角色显示,网络可用；非正在刷新；翻页时 nextCursor/hasNext 为真,"校验 page,pageSize,cursor,status,keyword,sort",page;pageSize;cursor;status;keyword;sort,不需要,GET /admin-api/v1/feature-flags；请求模型 AdminConfigGetFeatureFlagsParameters；响应模型 AdminConfigGetFeatureFlagsResponse,同资源单写请求锁；状态机服务端复核,首屏使用骨架屏；刷新保留现有数据；翻页使用列表尾部加载器,GET 可人工重试；网络瞬断最多指数退避自动重试 2 次；筛选变化取消旧请求,留在当前页；点击行/卡片按页面导航规格进入详情,当前资源、来源列表、全局角标/余额/待办中与该领域相关的缓存；禁止无差别清空全部缓存,记录敏感数据访问审计：操作人、目标、字段范围、目的、requestId 和结果,敏感字段按数据分级脱敏；密码、验证码、身份证、支付账号、秘密引用绝不进入埋点和普通日志,GET 可展示明确标记的最近缓存；写操作离线时禁止提交，不进入隐式离线队列,AdminConfigGetFeatureFlagsResponse,READY_FOR_IMPLEMENTATION
ACT-ADM-CONFIG-008-04,ADMIN,ADM-CONFIG-008,域名与环境配置,/system/domains,灰度开关,用户显式点击操作入口，且本地字段校验、权限、状态机前置条件全部满足,PUT /admin-api/v1/feature-flags/{key},adminConfigPutFeatureFlagsByKey,AdminConfigPutFeatureFlagsByKeyRequest,config.write,X-Idempotency-Key必填,以响应数据更新页面和关联缓存；展示“灰度开关成功”；仅刷新受影响区域,400逐字段映射；401要求重新认证；403隐藏后续写入口并记录越权拒绝；409提示数据已变化并重新加载；422展示业务原因且保留输入；429显示可重试时间；500保留上下文并提供 requestId,ui_action_adm_config_008_04,REQ-CONFIG-001;REQ-SECRET-001,TST-CONFIG_001-HAPPY;TST-SECRET_001-HAPPY;TST-CONFIG_001-IDEMPOTENT;TST-SECRET_001-IDEMPOTENT,FROZEN_DETAILED_V1.2.2,UPDATE,页面主按钮/行操作/更多菜单/标准弹层，具体位置由模板和页面操作规格确定,具备权限 config.write，且资源状态允许“灰度开关”；按钮显示条件由页面状态表和状态机共同决定,不存在同资源写请求；必填字段有效；服务端 version 未被本地标记过期；需要审批时已选择审批单,"校验 key,X-Idempotency-Key,value,effectiveAt,expectedVersion,approvalId；expectedVersion 必须等于页面最后一次成功读取的服务端版本；同一业务意图生成稳定 X-Idempotency-Key；请求体变化必须换键",key;X-Idempotency-Key;value;effectiveAt;expectedVersion;approvalId,金额、权益或发布范围变化时二次确认；普通可撤销保存不需要,PUT /admin-api/v1/feature-flags/{key}；请求模型 AdminConfigPutFeatureFlagsByKeyRequest；响应模型 AdminConfigPutFeatureFlagsByKeyResponse,expectedVersion 乐观锁 + X-Idempotency-Key + 服务端结果查询,提交期间锁定同资源写操作，保留输入并显示明确进度；禁止全页无反馈等待,使用同一幂等键仅重试同一请求体；若服务端已受理则先查询结果；409版本冲突不得盲重试,默认留在当前页并刷新；创建成功进入详情，支付/认证/发布结果按对应流程导航,当前资源、来源列表、全局角标/余额/待办中与该领域相关的缓存；禁止无差别清空全部缓存,记录操作人、角色、目标、前后状态/版本、原因、审批单、requestId、IP/设备和结果,敏感字段按数据分级脱敏；密码、验证码、身份证、支付账号、秘密引用绝不进入埋点和普通日志,GET 可展示明确标记的最近缓存；写操作离线时禁止提交，不进入隐式离线队列,AdminConfigPutFeatureFlagsByKeyResponse,READY_FOR_IMPLEMENTATION
ACT-ADM-CONFIG-008-05,ADMIN,ADM-CONFIG-008,域名与环境配置,/system/domains,供应商配置定义和当前激活版本,页面首次进入、下拉刷新、筛选/排序变化或滚动触底时触发；相同查询条件避免并发重复请求,GET /admin-api/v1/provider-configs,adminProviderConfigGetProviderConfigs,AdminProviderConfigGetProviderConfigsParameters,provider.config.read,不要求,首屏替换数据，翻页仅追加去重；更新分页、筛选回显、总数/游标和最后刷新时间；空结果进入业务空状态,首屏失败显示全页错误与重试；刷新失败保留旧数据并提示；翻页失败保留已加载数据并提供行内重试；401跳登录或会话升级，403显示无权限，404不适用,ui_action_adm_config_008_05,REQ-CONFIG-001;REQ-SECRET-001,TST-CONFIG_001-HAPPY;TST-SECRET_001-HAPPY,FROZEN_DETAILED_V1.2.2,LIST_QUERY,页面主按钮/行操作/更多菜单/标准弹层，具体位置由模板和页面操作规格确定,页面具备读取权限；筛选项按数据范围和角色显示,网络可用；非正在刷新；翻页时 nextCursor/hasNext 为真,"校验 page,pageSize,cursor,status,keyword,sort",page;pageSize;cursor;status;keyword;sort,不需要,GET /admin-api/v1/provider-configs；请求模型 AdminProviderConfigGetProviderConfigsParameters；响应模型 AdminProviderConfigGetProviderConfigsResponse,同资源单写请求锁；状态机服务端复核,首屏使用骨架屏；刷新保留现有数据；翻页使用列表尾部加载器,GET 可人工重试；网络瞬断最多指数退避自动重试 2 次；筛选变化取消旧请求,留在当前页；点击行/卡片按页面导航规格进入详情,当前资源、来源列表、全局角标/余额/待办中与该领域相关的缓存；禁止无差别清空全部缓存,记录敏感数据访问审计：操作人、目标、字段范围、目的、requestId 和结果,敏感字段按数据分级脱敏；密码、验证码、身份证、支付账号、秘密引用绝不进入埋点和普通日志,GET 可展示明确标记的最近缓存；写操作离线时禁止提交，不进入隐式离线队列,AdminProviderConfigGetProviderConfigsResponse,READY_FOR_IMPLEMENTATION
ACT-ADM-CONFIG-008-06,ADMIN,ADM-CONFIG-008,域名与环境配置,/system/domains,指定供应商配置详情，秘密字段只返回是否已配置,页面进入、显式刷新、从后台恢复且缓存过期，或收到相关领域事件后触发,GET /admin-api/v1/provider-configs/{provider},adminProviderConfigGetProviderConfigsByProvider,AdminProviderConfigGetProviderConfigsByProviderParameters,provider.config.read,不要求,以服务端返回的 version 和状态覆盖详情；重算按钮显示/可用条件；记录页面曝光和请求 requestId,404显示资源不存在或已下架并提供返回；403显示无权限；409触发重新拉取；网络失败保留缓存并标记可能过期,ui_action_adm_config_008_06,REQ-CONFIG-001;REQ-SECRET-001,TST-CONFIG_001-HAPPY;TST-SECRET_001-HAPPY,FROZEN_DETAILED_V1.2.2,DETAIL_QUERY,页面主按钮/行操作/更多菜单/标准弹层，具体位置由模板和页面操作规格确定,页面具备读取权限且路由参数完整,网络可用且不存在同资源进行中的请求,校验 provider,provider,不需要,GET /admin-api/v1/provider-configs/{provider}；请求模型 AdminProviderConfigGetProviderConfigsByProviderParameters；响应模型 AdminProviderConfigGetProviderConfigsByProviderResponse,同资源单写请求锁；状态机服务端复核,首次进入使用结构骨架；刷新保留当前内容并显示轻量刷新态,GET 可人工重试；缓存可作为只读降级但禁止基于过期数据执行写操作,留在当前页；资源不存在时返回上一级并从来源列表移除或标记,当前资源、来源列表、全局角标/余额/待办中与该领域相关的缓存；禁止无差别清空全部缓存,记录敏感数据访问审计：操作人、目标、字段范围、目的、requestId 和结果,敏感字段按数据分级脱敏；密码、验证码、身份证、支付账号、秘密引用绝不进入埋点和普通日志,GET 可展示明确标记的最近缓存；写操作离线时禁止提交，不进入隐式离线队列,AdminProviderConfigGetProviderConfigsByProviderResponse,READY_FOR_IMPLEMENTATION
ACT-ADM-CONFIG-008-07,ADMIN,ADM-CONFIG-008,域名与环境配置,/system/domains,创建供应商配置版本,用户显式点击操作入口，且本地字段校验、权限、状态机前置条件全部满足,POST /admin-api/v1/provider-configs/{provider}/versions,adminProviderConfigPostProviderConfigsByProviderVersions,AdminProviderConfigPostProviderConfigsByProviderVersionsRequest,provider.config.write,X-Idempotency-Key必填,使用响应中的资源和 version 更新页面；清除已提交脏状态；展示“创建供应商配置版本成功”；刷新受影响列表、详情、余额或配置版本,400逐字段映射；401要求重新认证；403隐藏后续写入口并记录越权拒绝；409提示数据已变化并重新加载；422展示业务原因且保留输入；429显示可重试时间；500保留上下文并提供 requestId,ui_action_adm_config_008_07,REQ-CONFIG-001;REQ-SECRET-001,TST-CONFIG_001-HAPPY;TST-SECRET_001-HAPPY;TST-CONFIG_001-IDEMPOTENT;TST-SECRET_001-IDEMPOTENT,FROZEN_DETAILED_V1.2.2,CREATE_OR_SUBMIT,页面主按钮/行操作/更多菜单/标准弹层，具体位置由模板和页面操作规格确定,具备权限 provider.config.write，且资源状态允许“创建供应商配置版本”；按钮显示条件由页面状态表和状态机共同决定,不存在同资源写请求；必填字段有效；服务端 version 未被本地标记过期；需要审批时已选择审批单,"校验 provider,X-Idempotency-Key,environment,values,secretRefs,remark；同一业务意图生成稳定 X-Idempotency-Key；请求体变化必须换键",provider;X-Idempotency-Key;environment;values;secretRefs;remark,金额、权益或发布范围变化时二次确认；普通可撤销保存不需要,POST /admin-api/v1/provider-configs/{provider}/versions；请求模型 AdminProviderConfigPostProviderConfigsByProviderVersionsRequest；响应模型 AdminProviderConfigPostProviderConfigsByProviderVersionsResponse,X-Idempotency-Key + 服务端结果查询,提交期间锁定同资源写操作，保留输入并显示明确进度；禁止全页无反馈等待,使用同一幂等键仅重试同一请求体；若服务端已受理则先查询结果；409版本冲突不得盲重试,默认留在当前页并刷新；创建成功进入详情，支付/认证/发布结果按对应流程导航,当前资源、来源列表、全局角标/余额/待办中与该领域相关的缓存；禁止无差别清空全部缓存,记录操作人、角色、目标、前后状态/版本、原因、审批单、requestId、IP/设备和结果,敏感字段按数据分级脱敏；密码、验证码、身份证、支付账号、秘密引用绝不进入埋点和普通日志,GET 可展示明确标记的最近缓存；写操作离线时禁止提交，不进入隐式离线队列,AdminProviderConfigPostProviderConfigsByProviderVersionsResponse,READY_FOR_IMPLEMENTATION
ACT-ADM-CONFIG-008-08,ADMIN,ADM-CONFIG-008,域名与环境配置,/system/domains,连接或发送测试,用户显式点击操作入口，且本地字段校验、权限、状态机前置条件全部满足,POST /admin-api/v1/provider-configs/{provider}/test,adminProviderConfigPostProviderConfigsByProviderTest,AdminProviderConfigPostProviderConfigsByProviderTestRequest,provider.config.test,X-Idempotency-Key必填,以响应数据更新页面和关联缓存；展示“连接或发送测试成功”；仅刷新受影响区域,400逐字段映射；401要求重新认证；403隐藏后续写入口并记录越权拒绝；409提示数据已变化并重新加载；422展示业务原因且保留输入；429显示可重试时间；500保留上下文并提供 requestId,ui_action_adm_config_008_08,REQ-CONFIG-001;REQ-SECRET-001,TST-CONFIG_001-HAPPY;TST-SECRET_001-HAPPY;TST-CONFIG_001-IDEMPOTENT;TST-SECRET_001-IDEMPOTENT,FROZEN_DETAILED_V1.2.2,CREATE_OR_SUBMIT,页面主按钮/行操作/更多菜单/标准弹层，具体位置由模板和页面操作规格确定,具备权限 provider.config.test，且资源状态允许“连接或发送测试”；按钮显示条件由页面状态表和状态机共同决定,不存在同资源写请求；必填字段有效；服务端 version 未被本地标记过期；需要审批时已选择审批单,"校验 provider,X-Idempotency-Key,versionId,testRecipient；同一业务意图生成稳定 X-Idempotency-Key；请求体变化必须换键",provider;X-Idempotency-Key;versionId;testRecipient,金额、权益或发布范围变化时二次确认；普通可撤销保存不需要,POST /admin-api/v1/provider-configs/{provider}/test；请求模型 AdminProviderConfigPostProviderConfigsByProviderTestRequest；响应模型 AdminProviderConfigPostProviderConfigsByProviderTestResponse,X-Idempotency-Key + 服务端结果查询,提交期间锁定同资源写操作，保留输入并显示明确进度；禁止全页无反馈等待,使用同一幂等键仅重试同一请求体；若服务端已受理则先查询结果；409版本冲突不得盲重试,默认留在当前页并刷新；创建成功进入详情，支付/认证/发布结果按对应流程导航,当前资源、来源列表、全局角标/余额/待办中与该领域相关的缓存；禁止无差别清空全部缓存,记录操作人、角色、目标、前后状态/版本、原因、审批单、requestId、IP/设备和结果,敏感字段按数据分级脱敏；密码、验证码、身份证、支付账号、秘密引用绝不进入埋点和普通日志,GET 可展示明确标记的最近缓存；写操作离线时禁止提交，不进入隐式离线队列,AdminProviderConfigPostProviderConfigsByProviderTestResponse,READY_FOR_IMPLEMENTATION
ACT-ADM-BUILD-001-01,ADMIN,ADM-BUILD-001,构建中心首页,/delivery/builds,App构建Profile列表,页面首次进入、下拉刷新、筛选/排序变化或滚动触底时触发；相同查询条件避免并发重复请求,GET /admin-api/v1/app-build/profiles,adminAppBuildProfileGetAppBuildProfiles,AdminAppBuildProfileGetAppBuildProfilesParameters,app.build.read,不要求,首屏替换数据，翻页仅追加去重；更新分页、筛选回显、总数/游标和最后刷新时间；空结果进入业务空状态,首屏失败显示全页错误与重试；刷新失败保留旧数据并提示；翻页失败保留已加载数据并提供行内重试；401跳登录或会话升级，403显示无权限，404不适用,ui_action_adm_build_001_01,REQ-BUILD-001;REQ-APK-001,TST-BUILD_001-HAPPY;TST-APK_001-HAPPY,FROZEN_DETAILED_V1.2.2,LIST_QUERY,页面主按钮/行操作/更多菜单/标准弹层，具体位置由模板和页面操作规格确定,页面具备读取权限；筛选项按数据范围和角色显示,网络可用；非正在刷新；翻页时 nextCursor/hasNext 为真,"校验 page,pageSize,cursor,status,keyword,sort",page;pageSize;cursor;status;keyword;sort,不需要,GET /admin-api/v1/app-build/profiles；请求模型 AdminAppBuildProfileGetAppBuildProfilesParameters；响应模型 AdminAppBuildProfileGetAppBuildProfilesResponse,同资源单写请求锁；状态机服务端复核,首屏使用骨架屏；刷新保留现有数据；翻页使用列表尾部加载器,GET 可人工重试；网络瞬断最多指数退避自动重试 2 次；筛选变化取消旧请求,留在当前页；点击行/卡片按页面导航规格进入详情,当前资源、来源列表、全局角标/余额/待办中与该领域相关的缓存；禁止无差别清空全部缓存,记录敏感数据访问审计：操作人、目标、字段范围、目的、requestId 和结果,敏感字段按数据分级脱敏；密码、验证码、身份证、支付账号、秘密引用绝不进入埋点和普通日志,GET 可展示明确标记的最近缓存；写操作离线时禁止提交，不进入隐式离线队列,AdminAppBuildProfileGetAppBuildProfilesResponse,READY_FOR_IMPLEMENTATION
ACT-ADM-BUILD-001-02,ADMIN,ADM-BUILD-001,构建中心首页,/delivery/builds,创建构建Profile,用户显式点击操作入口，且本地字段校验、权限、状态机前置条件全部满足,POST /admin-api/v1/app-build/profiles,adminAppBuildProfilePostAppBuildProfiles,AdminAppBuildProfilePostAppBuildProfilesRequest,app.build.write,X-Idempotency-Key必填,使用响应中的资源和 version 更新页面；清除已提交脏状态；展示“创建构建Profile成功”；刷新受影响列表、详情、余额或配置版本,400逐字段映射；401要求重新认证；403隐藏后续写入口并记录越权拒绝；409提示数据已变化并重新加载；422展示业务原因且保留输入；429显示可重试时间；500保留上下文并提供 requestId,ui_action_adm_build_001_02,REQ-BUILD-001;REQ-APK-001,TST-BUILD_001-HAPPY;TST-APK_001-HAPPY;TST-BUILD_001-IDEMPOTENT;TST-APK_001-IDEMPOTENT,FROZEN_DETAILED_V1.2.2,CREATE_OR_SUBMIT,页面主按钮/行操作/更多菜单/标准弹层，具体位置由模板和页面操作规格确定,具备权限 app.build.write，且资源状态允许“创建构建Profile”；按钮显示条件由页面状态表和状态机共同决定,不存在同资源写请求；必填字段有效；服务端 version 未被本地标记过期；需要审批时已选择审批单,"校验 X-Idempotency-Key,name,environment,applicationIdSuffix,apiBaseUrl,webSocketUrl,featureFlags,signingProfileId；同一业务意图生成稳定 X-Idempotency-Key；请求体变化必须换键",X-Idempotency-Key;name;environment;applicationIdSuffix;apiBaseUrl;webSocketUrl;featureFlags;signingProfileId,金额、权益或发布范围变化时二次确认；普通可撤销保存不需要,POST /admin-api/v1/app-build/profiles；请求模型 AdminAppBuildProfilePostAppBuildProfilesRequest；响应模型 AdminAppBuildProfilePostAppBuildProfilesResponse,X-Idempotency-Key + 服务端结果查询,提交期间锁定同资源写操作，保留输入并显示明确进度；禁止全页无反馈等待,使用同一幂等键仅重试同一请求体；若服务端已受理则先查询结果；409版本冲突不得盲重试,默认留在当前页并刷新；创建成功进入详情，支付/认证/发布结果按对应流程导航,当前资源、来源列表、全局角标/余额/待办中与该领域相关的缓存；禁止无差别清空全部缓存,记录操作人、角色、目标、前后状态/版本、原因、审批单、requestId、IP/设备和结果,敏感字段按数据分级脱敏；密码、验证码、身份证、支付账号、秘密引用绝不进入埋点和普通日志,GET 可展示明确标记的最近缓存；写操作离线时禁止提交，不进入隐式离线队列,AdminAppBuildProfilePostAppBuildProfilesResponse,READY_FOR_IMPLEMENTATION
ACT-ADM-BUILD-001-03,ADMIN,ADM-BUILD-001,构建中心首页,/delivery/builds,修改构建Profile,用户显式点击操作入口，且本地字段校验、权限、状态机前置条件全部满足,PUT /admin-api/v1/app-build/profiles/{id},adminAppBuildProfilePutAppBuildProfilesById,AdminAppBuildProfilePutAppBuildProfilesByIdRequest,app.build.write,X-Idempotency-Key必填,使用响应中的资源和 version 更新页面；清除已提交脏状态；展示“修改构建Profile成功”；刷新受影响列表、详情、余额或配置版本,400逐字段映射；401要求重新认证；403隐藏后续写入口并记录越权拒绝；409提示数据已变化并重新加载；422展示业务原因且保留输入；429显示可重试时间；500保留上下文并提供 requestId,ui_action_adm_build_001_03,REQ-BUILD-001;REQ-APK-001,TST-BUILD_001-HAPPY;TST-APK_001-HAPPY;TST-BUILD_001-IDEMPOTENT;TST-APK_001-IDEMPOTENT,FROZEN_DETAILED_V1.2.2,UPDATE,页面主按钮/行操作/更多菜单/标准弹层，具体位置由模板和页面操作规格确定,具备权限 app.build.write，且资源状态允许“修改构建Profile”；按钮显示条件由页面状态表和状态机共同决定,不存在同资源写请求；必填字段有效；服务端 version 未被本地标记过期；需要审批时已选择审批单,"校验 id,X-Idempotency-Key,name,apiBaseUrl,webSocketUrl,featureFlags,signingProfileId,expectedVersion；expectedVersion 必须等于页面最后一次成功读取的服务端版本；同一业务意图生成稳定 X-Idempotency-Key；请求体变化必须换键",id;X-Idempotency-Key;name;apiBaseUrl;webSocketUrl;featureFlags;signingProfileId;expectedVersion,金额、权益或发布范围变化时二次确认；普通可撤销保存不需要,PUT /admin-api/v1/app-build/profiles/{id}；请求模型 AdminAppBuildProfilePutAppBuildProfilesByIdRequest；响应模型 AdminAppBuildProfilePutAppBuildProfilesByIdResponse,expectedVersion 乐观锁 + X-Idempotency-Key + 服务端结果查询,提交期间锁定同资源写操作，保留输入并显示明确进度；禁止全页无反馈等待,使用同一幂等键仅重试同一请求体；若服务端已受理则先查询结果；409版本冲突不得盲重试,默认留在当前页并刷新；创建成功进入详情，支付/认证/发布结果按对应流程导航,当前资源、来源列表、全局角标/余额/待办中与该领域相关的缓存；禁止无差别清空全部缓存,记录操作人、角色、目标、前后状态/版本、原因、审批单、requestId、IP/设备和结果,敏感字段按数据分级脱敏；密码、验证码、身份证、支付账号、秘密引用绝不进入埋点和普通日志,GET 可展示明确标记的最近缓存；写操作离线时禁止提交，不进入隐式离线队列,AdminAppBuildProfilePutAppBuildProfilesByIdResponse,READY_FOR_IMPLEMENTATION
ACT-ADM-BUILD-001-04,ADMIN,ADM-BUILD-001,构建中心首页,/delivery/builds,构建任务列表,页面首次进入、下拉刷新、筛选/排序变化或滚动触底时触发；相同查询条件避免并发重复请求,GET /admin-api/v1/app-build/jobs,adminAppBuildJobGetAppBuildJobs,AdminAppBuildJobGetAppBuildJobsParameters,app.build.read,不要求,首屏替换数据，翻页仅追加去重；更新分页、筛选回显、总数/游标和最后刷新时间；空结果进入业务空状态,首屏失败显示全页错误与重试；刷新失败保留旧数据并提示；翻页失败保留已加载数据并提供行内重试；401跳登录或会话升级，403显示无权限，404不适用,ui_action_adm_build_001_04,REQ-BUILD-001;REQ-APK-001,TST-BUILD_001-HAPPY;TST-APK_001-HAPPY,FROZEN_DETAILED_V1.2.2,LIST_QUERY,页面主按钮/行操作/更多菜单/标准弹层，具体位置由模板和页面操作规格确定,页面具备读取权限；筛选项按数据范围和角色显示,网络可用；非正在刷新；翻页时 nextCursor/hasNext 为真,"校验 page,pageSize,cursor,status,keyword,sort",page;pageSize;cursor;status;keyword;sort,不需要,GET /admin-api/v1/app-build/jobs；请求模型 AdminAppBuildJobGetAppBuildJobsParameters；响应模型 AdminAppBuildJobGetAppBuildJobsResponse,同资源单写请求锁；状态机服务端复核,首屏使用骨架屏；刷新保留现有数据；翻页使用列表尾部加载器,GET 可人工重试；网络瞬断最多指数退避自动重试 2 次；筛选变化取消旧请求,留在当前页；点击行/卡片按页面导航规格进入详情,当前资源、来源列表、全局角标/余额/待办中与该领域相关的缓存；禁止无差别清空全部缓存,记录敏感数据访问审计：操作人、目标、字段范围、目的、requestId 和结果,敏感字段按数据分级脱敏；密码、验证码、身份证、支付账号、秘密引用绝不进入埋点和普通日志,GET 可展示明确标记的最近缓存；写操作离线时禁止提交，不进入隐式离线队列,AdminAppBuildJobGetAppBuildJobsResponse,READY_FOR_IMPLEMENTATION
ACT-ADM-BUILD-001-05,ADMIN,ADM-BUILD-001,构建中心首页,/delivery/builds,基于批准Git Ref创建官方App构建任务,用户显式点击操作入口，且本地字段校验、权限、状态机前置条件全部满足,POST /admin-api/v1/app-build/jobs,adminAppBuildJobPostAppBuildJobs,AdminAppBuildJobPostAppBuildJobsRequest,app.build.run,X-Idempotency-Key必填,使用响应中的资源和 version 更新页面；清除已提交脏状态；展示“基于批准Git Ref创建官方App构建任务成功”；刷新受影响列表、详情、余额或配置版本,400逐字段映射；401要求重新认证；403隐藏后续写入口并记录越权拒绝；409提示数据已变化并重新加载；422展示业务原因且保留输入；429显示可重试时间；500保留上下文并提供 requestId,ui_action_adm_build_001_05,REQ-BUILD-001;REQ-APK-001,TST-BUILD_001-HAPPY;TST-APK_001-HAPPY;TST-BUILD_001-IDEMPOTENT;TST-APK_001-IDEMPOTENT,FROZEN_DETAILED_V1.2.2,CREATE_OR_SUBMIT,页面主按钮/行操作/更多菜单/标准弹层，具体位置由模板和页面操作规格确定,具备权限 app.build.run，且资源状态允许“基于批准Git Ref创建官方App构建任务”；按钮显示条件由页面状态表和状态机共同决定,不存在同资源写请求；必填字段有效；服务端 version 未被本地标记过期；需要审批时已选择审批单,"校验 X-Idempotency-Key,profileId,gitRef,commitSha,reason；同一业务意图生成稳定 X-Idempotency-Key；请求体变化必须换键",X-Idempotency-Key;profileId;gitRef;commitSha;reason,必须二次确认；确认框展示目标、影响、不可逆性、原因、审批要求和将触发的通知,POST /admin-api/v1/app-build/jobs；请求模型 AdminAppBuildJobPostAppBuildJobsRequest；响应模型 AdminAppBuildJobPostAppBuildJobsResponse,X-Idempotency-Key + 服务端结果查询,提交期间锁定同资源写操作，保留输入并显示明确进度；禁止全页无反馈等待,使用同一幂等键仅重试同一请求体；若服务端已受理则先查询结果；409版本冲突不得盲重试,默认留在当前页并刷新；创建成功进入详情，支付/认证/发布结果按对应流程导航,当前资源、来源列表、全局角标/余额/待办中与该领域相关的缓存；禁止无差别清空全部缓存,记录操作人、角色、目标、前后状态/版本、原因、审批单、requestId、IP/设备和结果,敏感字段按数据分级脱敏；密码、验证码、身份证、支付账号、秘密引用绝不进入埋点和普通日志,GET 可展示明确标记的最近缓存；写操作离线时禁止提交，不进入隐式离线队列,AdminAppBuildJobPostAppBuildJobsResponse,READY_FOR_IMPLEMENTATION
ACT-ADM-BUILD-001-06,ADMIN,ADM-BUILD-001,构建中心首页,/delivery/builds,构建任务详情,页面进入、显式刷新、从后台恢复且缓存过期，或收到相关领域事件后触发,GET /admin-api/v1/app-build/jobs/{id},adminAppBuildJobGetAppBuildJobsById,AdminAppBuildJobGetAppBuildJobsByIdParameters,app.build.read,不要求,以服务端返回的 version 和状态覆盖详情；重算按钮显示/可用条件；记录页面曝光和请求 requestId,404显示资源不存在或已下架并提供返回；403显示无权限；409触发重新拉取；网络失败保留缓存并标记可能过期,ui_action_adm_build_001_06,REQ-BUILD-001;REQ-APK-001,TST-BUILD_001-HAPPY;TST-APK_001-HAPPY,FROZEN_DETAILED_V1.2.2,DETAIL_QUERY,页面主按钮/行操作/更多菜单/标准弹层，具体位置由模板和页面操作规格确定,页面具备读取权限且路由参数完整,网络可用且不存在同资源进行中的请求,校验 id,id,不需要,GET /admin-api/v1/app-build/jobs/{id}；请求模型 AdminAppBuildJobGetAppBuildJobsByIdParameters；响应模型 AdminAppBuildJobGetAppBuildJobsByIdResponse,同资源单写请求锁；状态机服务端复核,首次进入使用结构骨架；刷新保留当前内容并显示轻量刷新态,GET 可人工重试；缓存可作为只读降级但禁止基于过期数据执行写操作,留在当前页；资源不存在时返回上一级并从来源列表移除或标记,当前资源、来源列表、全局角标/余额/待办中与该领域相关的缓存；禁止无差别清空全部缓存,记录敏感数据访问审计：操作人、目标、字段范围、目的、requestId 和结果,敏感字段按数据分级脱敏；密码、验证码、身份证、支付账号、秘密引用绝不进入埋点和普通日志,GET 可展示明确标记的最近缓存；写操作离线时禁止提交，不进入隐式离线队列,AdminAppBuildJobGetAppBuildJobsByIdResponse,READY_FOR_IMPLEMENTATION
ACT-ADM-BUILD-001-07,ADMIN,ADM-BUILD-001,构建中心首页,/delivery/builds,构建步骤日志,页面首次进入、下拉刷新、筛选/排序变化或滚动触底时触发；相同查询条件避免并发重复请求,GET /admin-api/v1/app-build/jobs/{id}/logs,adminAppBuildJobGetAppBuildJobsByIdLogs,AdminAppBuildJobGetAppBuildJobsByIdLogsParameters,app.build.read,不要求,首屏替换数据，翻页仅追加去重；更新分页、筛选回显、总数/游标和最后刷新时间；空结果进入业务空状态,首屏失败显示全页错误与重试；刷新失败保留旧数据并提示；翻页失败保留已加载数据并提供行内重试；401跳登录或会话升级，403显示无权限，404不适用,ui_action_adm_build_001_07,REQ-BUILD-001;REQ-APK-001,TST-BUILD_001-HAPPY;TST-APK_001-HAPPY,FROZEN_DETAILED_V1.2.2,LIST_QUERY,页面主按钮/行操作/更多菜单/标准弹层，具体位置由模板和页面操作规格确定,页面具备读取权限；筛选项按数据范围和角色显示,网络可用；非正在刷新；翻页时 nextCursor/hasNext 为真,"校验 id,page,pageSize,cursor,status,keyword,sort",id;page;pageSize;cursor;status;keyword;sort,不需要,GET /admin-api/v1/app-build/jobs/{id}/logs；请求模型 AdminAppBuildJobGetAppBuildJobsByIdLogsParameters；响应模型 AdminAppBuildJobGetAppBuildJobsByIdLogsResponse,同资源单写请求锁；状态机服务端复核,首屏使用骨架屏；刷新保留现有数据；翻页使用列表尾部加载器,GET 可人工重试；网络瞬断最多指数退避自动重试 2 次；筛选变化取消旧请求,留在当前页；点击行/卡片按页面导航规格进入详情,当前资源、来源列表、全局角标/余额/待办中与该领域相关的缓存；禁止无差别清空全部缓存,记录敏感数据访问审计：操作人、目标、字段范围、目的、requestId 和结果,敏感字段按数据分级脱敏；密码、验证码、身份证、支付账号、秘密引用绝不进入埋点和普通日志,GET 可展示明确标记的最近缓存；写操作离线时禁止提交，不进入隐式离线队列,AdminAppBuildJobGetAppBuildJobsByIdLogsResponse,READY_FOR_IMPLEMENTATION
ACT-ADM-BUILD-001-08,ADMIN,ADM-BUILD-001,构建中心首页,/delivery/builds,取消可取消的构建任务,用户显式点击操作入口，且本地字段校验、权限、状态机前置条件全部满足,POST /admin-api/v1/app-build/jobs/{id}/cancel,adminAppBuildJobPostAppBuildJobsByIdCancel,AdminAppBuildJobPostAppBuildJobsByIdCancelRequest,app.build.run,X-Idempotency-Key必填,按状态机更新资源并移除或禁用不再可用的操作；展示“取消可取消的构建任务成功”；保留操作记录入口,400逐字段映射；401要求重新认证；403隐藏后续写入口并记录越权拒绝；409提示数据已变化并重新加载；422展示业务原因且保留输入；429显示可重试时间；500保留上下文并提供 requestId,ui_action_adm_build_001_08,REQ-BUILD-001;REQ-APK-001,TST-BUILD_001-HAPPY;TST-APK_001-HAPPY;TST-BUILD_001-IDEMPOTENT;TST-APK_001-IDEMPOTENT,FROZEN_DETAILED_V1.2.2,CREATE_OR_SUBMIT,页面主按钮/行操作/更多菜单/标准弹层，具体位置由模板和页面操作规格确定,具备权限 app.build.run，且资源状态允许“取消可取消的构建任务”；按钮显示条件由页面状态表和状态机共同决定,不存在同资源写请求；必填字段有效；服务端 version 未被本地标记过期；需要审批时已选择审批单,"校验 id,X-Idempotency-Key,reason,expectedVersion；expectedVersion 必须等于页面最后一次成功读取的服务端版本；同一业务意图生成稳定 X-Idempotency-Key；请求体变化必须换键",id;X-Idempotency-Key;reason;expectedVersion,必须二次确认；确认框展示目标、影响、不可逆性、原因、审批要求和将触发的通知,POST /admin-api/v1/app-build/jobs/{id}/cancel；请求模型 AdminAppBuildJobPostAppBuildJobsByIdCancelRequest；响应模型 AdminAppBuildJobPostAppBuildJobsByIdCancelResponse,expectedVersion 乐观锁 + X-Idempotency-Key + 服务端结果查询,提交期间锁定同资源写操作，保留输入并显示明确进度；禁止全页无反馈等待,使用同一幂等键仅重试同一请求体；若服务端已受理则先查询结果；409版本冲突不得盲重试,默认留在当前页并刷新；创建成功进入详情，支付/认证/发布结果按对应流程导航,当前资源、来源列表、全局角标/余额/待办中与该领域相关的缓存；禁止无差别清空全部缓存,记录操作人、角色、目标、前后状态/版本、原因、审批单、requestId、IP/设备和结果,敏感字段按数据分级脱敏；密码、验证码、身份证、支付账号、秘密引用绝不进入埋点和普通日志,GET 可展示明确标记的最近缓存；写操作离线时禁止提交，不进入隐式离线队列,AdminAppBuildJobPostAppBuildJobsByIdCancelResponse,READY_FOR_IMPLEMENTATION
ACT-ADM-BUILD-002-01,ADMIN,ADM-BUILD-002,构建配置,/delivery/builds/profiles,App构建Profile列表,页面首次进入、下拉刷新、筛选/排序变化或滚动触底时触发；相同查询条件避免并发重复请求,GET /admin-api/v1/app-build/profiles,adminAppBuildProfileGetAppBuildProfiles,AdminAppBuildProfileGetAppBuildProfilesParameters,app.build.read,不要求,首屏替换数据，翻页仅追加去重；更新分页、筛选回显、总数/游标和最后刷新时间；空结果进入业务空状态,首屏失败显示全页错误与重试；刷新失败保留旧数据并提示；翻页失败保留已加载数据并提供行内重试；401跳登录或会话升级，403显示无权限，404不适用,ui_action_adm_build_002_01,REQ-BUILD-001;REQ-APK-001,TST-BUILD_001-HAPPY;TST-APK_001-HAPPY,FROZEN_DETAILED_V1.2.2,LIST_QUERY,页面主按钮/行操作/更多菜单/标准弹层，具体位置由模板和页面操作规格确定,页面具备读取权限；筛选项按数据范围和角色显示,网络可用；非正在刷新；翻页时 nextCursor/hasNext 为真,"校验 page,pageSize,cursor,status,keyword,sort",page;pageSize;cursor;status;keyword;sort,不需要,GET /admin-api/v1/app-build/profiles；请求模型 AdminAppBuildProfileGetAppBuildProfilesParameters；响应模型 AdminAppBuildProfileGetAppBuildProfilesResponse,同资源单写请求锁；状态机服务端复核,首屏使用骨架屏；刷新保留现有数据；翻页使用列表尾部加载器,GET 可人工重试；网络瞬断最多指数退避自动重试 2 次；筛选变化取消旧请求,留在当前页；点击行/卡片按页面导航规格进入详情,当前资源、来源列表、全局角标/余额/待办中与该领域相关的缓存；禁止无差别清空全部缓存,记录敏感数据访问审计：操作人、目标、字段范围、目的、requestId 和结果,敏感字段按数据分级脱敏；密码、验证码、身份证、支付账号、秘密引用绝不进入埋点和普通日志,GET 可展示明确标记的最近缓存；写操作离线时禁止提交，不进入隐式离线队列,AdminAppBuildProfileGetAppBuildProfilesResponse,READY_FOR_IMPLEMENTATION
ACT-ADM-BUILD-002-02,ADMIN,ADM-BUILD-002,构建配置,/delivery/builds/profiles,修改构建Profile,用户显式点击操作入口，且本地字段校验、权限、状态机前置条件全部满足,PUT /admin-api/v1/app-build/profiles/{id},adminAppBuildProfilePutAppBuildProfilesById,AdminAppBuildProfilePutAppBuildProfilesByIdRequest,app.build.write,X-Idempotency-Key必填,使用响应中的资源和 version 更新页面；清除已提交脏状态；展示“修改构建Profile成功”；刷新受影响列表、详情、余额或配置版本,400逐字段映射；401要求重新认证；403隐藏后续写入口并记录越权拒绝；409提示数据已变化并重新加载；422展示业务原因且保留输入；429显示可重试时间；500保留上下文并提供 requestId,ui_action_adm_build_002_02,REQ-BUILD-001;REQ-APK-001,TST-BUILD_001-HAPPY;TST-APK_001-HAPPY;TST-BUILD_001-IDEMPOTENT;TST-APK_001-IDEMPOTENT,FROZEN_DETAILED_V1.2.2,UPDATE,页面主按钮/行操作/更多菜单/标准弹层，具体位置由模板和页面操作规格确定,具备权限 app.build.write，且资源状态允许“修改构建Profile”；按钮显示条件由页面状态表和状态机共同决定,不存在同资源写请求；必填字段有效；服务端 version 未被本地标记过期；需要审批时已选择审批单,"校验 id,X-Idempotency-Key,name,apiBaseUrl,webSocketUrl,featureFlags,signingProfileId,expectedVersion；expectedVersion 必须等于页面最后一次成功读取的服务端版本；同一业务意图生成稳定 X-Idempotency-Key；请求体变化必须换键",id;X-Idempotency-Key;name;apiBaseUrl;webSocketUrl;featureFlags;signingProfileId;expectedVersion,金额、权益或发布范围变化时二次确认；普通可撤销保存不需要,PUT /admin-api/v1/app-build/profiles/{id}；请求模型 AdminAppBuildProfilePutAppBuildProfilesByIdRequest；响应模型 AdminAppBuildProfilePutAppBuildProfilesByIdResponse,expectedVersion 乐观锁 + X-Idempotency-Key + 服务端结果查询,提交期间锁定同资源写操作，保留输入并显示明确进度；禁止全页无反馈等待,使用同一幂等键仅重试同一请求体；若服务端已受理则先查询结果；409版本冲突不得盲重试,默认留在当前页并刷新；创建成功进入详情，支付/认证/发布结果按对应流程导航,当前资源、来源列表、全局角标/余额/待办中与该领域相关的缓存；禁止无差别清空全部缓存,记录操作人、角色、目标、前后状态/版本、原因、审批单、requestId、IP/设备和结果,敏感字段按数据分级脱敏；密码、验证码、身份证、支付账号、秘密引用绝不进入埋点和普通日志,GET 可展示明确标记的最近缓存；写操作离线时禁止提交，不进入隐式离线队列,AdminAppBuildProfilePutAppBuildProfilesByIdResponse,READY_FOR_IMPLEMENTATION
ACT-ADM-BUILD-002-03,ADMIN,ADM-BUILD-002,构建配置,/delivery/builds/profiles,构建任务列表,页面首次进入、下拉刷新、筛选/排序变化或滚动触底时触发；相同查询条件避免并发重复请求,GET /admin-api/v1/app-build/jobs,adminAppBuildJobGetAppBuildJobs,AdminAppBuildJobGetAppBuildJobsParameters,app.build.read,不要求,首屏替换数据，翻页仅追加去重；更新分页、筛选回显、总数/游标和最后刷新时间；空结果进入业务空状态,首屏失败显示全页错误与重试；刷新失败保留旧数据并提示；翻页失败保留已加载数据并提供行内重试；401跳登录或会话升级，403显示无权限，404不适用,ui_action_adm_build_002_03,REQ-BUILD-001;REQ-APK-001,TST-BUILD_001-HAPPY;TST-APK_001-HAPPY,FROZEN_DETAILED_V1.2.2,LIST_QUERY,页面主按钮/行操作/更多菜单/标准弹层，具体位置由模板和页面操作规格确定,页面具备读取权限；筛选项按数据范围和角色显示,网络可用；非正在刷新；翻页时 nextCursor/hasNext 为真,"校验 page,pageSize,cursor,status,keyword,sort",page;pageSize;cursor;status;keyword;sort,不需要,GET /admin-api/v1/app-build/jobs；请求模型 AdminAppBuildJobGetAppBuildJobsParameters；响应模型 AdminAppBuildJobGetAppBuildJobsResponse,同资源单写请求锁；状态机服务端复核,首屏使用骨架屏；刷新保留现有数据；翻页使用列表尾部加载器,GET 可人工重试；网络瞬断最多指数退避自动重试 2 次；筛选变化取消旧请求,留在当前页；点击行/卡片按页面导航规格进入详情,当前资源、来源列表、全局角标/余额/待办中与该领域相关的缓存；禁止无差别清空全部缓存,记录敏感数据访问审计：操作人、目标、字段范围、目的、requestId 和结果,敏感字段按数据分级脱敏；密码、验证码、身份证、支付账号、秘密引用绝不进入埋点和普通日志,GET 可展示明确标记的最近缓存；写操作离线时禁止提交，不进入隐式离线队列,AdminAppBuildJobGetAppBuildJobsResponse,READY_FOR_IMPLEMENTATION
ACT-ADM-BUILD-002-04,ADMIN,ADM-BUILD-002,构建配置,/delivery/builds/profiles,构建任务详情,页面进入、显式刷新、从后台恢复且缓存过期，或收到相关领域事件后触发,GET /admin-api/v1/app-build/jobs/{id},adminAppBuildJobGetAppBuildJobsById,AdminAppBuildJobGetAppBuildJobsByIdParameters,app.build.read,不要求,以服务端返回的 version 和状态覆盖详情；重算按钮显示/可用条件；记录页面曝光和请求 requestId,404显示资源不存在或已下架并提供返回；403显示无权限；409触发重新拉取；网络失败保留缓存并标记可能过期,ui_action_adm_build_002_04,REQ-BUILD-001;REQ-APK-001,TST-BUILD_001-HAPPY;TST-APK_001-HAPPY,FROZEN_DETAILED_V1.2.2,DETAIL_QUERY,页面主按钮/行操作/更多菜单/标准弹层，具体位置由模板和页面操作规格确定,页面具备读取权限且路由参数完整,网络可用且不存在同资源进行中的请求,校验 id,id,不需要,GET /admin-api/v1/app-build/jobs/{id}；请求模型 AdminAppBuildJobGetAppBuildJobsByIdParameters；响应模型 AdminAppBuildJobGetAppBuildJobsByIdResponse,同资源单写请求锁；状态机服务端复核,首次进入使用结构骨架；刷新保留当前内容并显示轻量刷新态,GET 可人工重试；缓存可作为只读降级但禁止基于过期数据执行写操作,留在当前页；资源不存在时返回上一级并从来源列表移除或标记,当前资源、来源列表、全局角标/余额/待办中与该领域相关的缓存；禁止无差别清空全部缓存,记录敏感数据访问审计：操作人、目标、字段范围、目的、requestId 和结果,敏感字段按数据分级脱敏；密码、验证码、身份证、支付账号、秘密引用绝不进入埋点和普通日志,GET 可展示明确标记的最近缓存；写操作离线时禁止提交，不进入隐式离线队列,AdminAppBuildJobGetAppBuildJobsByIdResponse,READY_FOR_IMPLEMENTATION
ACT-ADM-BUILD-002-05,ADMIN,ADM-BUILD-002,构建配置,/delivery/builds/profiles,构建步骤日志,页面首次进入、下拉刷新、筛选/排序变化或滚动触底时触发；相同查询条件避免并发重复请求,GET /admin-api/v1/app-build/jobs/{id}/logs,adminAppBuildJobGetAppBuildJobsByIdLogs,AdminAppBuildJobGetAppBuildJobsByIdLogsParameters,app.build.read,不要求,首屏替换数据，翻页仅追加去重；更新分页、筛选回显、总数/游标和最后刷新时间；空结果进入业务空状态,首屏失败显示全页错误与重试；刷新失败保留旧数据并提示；翻页失败保留已加载数据并提供行内重试；401跳登录或会话升级，403显示无权限，404不适用,ui_action_adm_build_002_05,REQ-BUILD-001;REQ-APK-001,TST-BUILD_001-HAPPY;TST-APK_001-HAPPY,FROZEN_DETAILED_V1.2.2,LIST_QUERY,页面主按钮/行操作/更多菜单/标准弹层，具体位置由模板和页面操作规格确定,页面具备读取权限；筛选项按数据范围和角色显示,网络可用；非正在刷新；翻页时 nextCursor/hasNext 为真,"校验 id,page,pageSize,cursor,status,keyword,sort",id;page;pageSize;cursor;status;keyword;sort,不需要,GET /admin-api/v1/app-build/jobs/{id}/logs；请求模型 AdminAppBuildJobGetAppBuildJobsByIdLogsParameters；响应模型 AdminAppBuildJobGetAppBuildJobsByIdLogsResponse,同资源单写请求锁；状态机服务端复核,首屏使用骨架屏；刷新保留现有数据；翻页使用列表尾部加载器,GET 可人工重试；网络瞬断最多指数退避自动重试 2 次；筛选变化取消旧请求,留在当前页；点击行/卡片按页面导航规格进入详情,当前资源、来源列表、全局角标/余额/待办中与该领域相关的缓存；禁止无差别清空全部缓存,记录敏感数据访问审计：操作人、目标、字段范围、目的、requestId 和结果,敏感字段按数据分级脱敏；密码、验证码、身份证、支付账号、秘密引用绝不进入埋点和普通日志,GET 可展示明确标记的最近缓存；写操作离线时禁止提交，不进入隐式离线队列,AdminAppBuildJobGetAppBuildJobsByIdLogsResponse,READY_FOR_IMPLEMENTATION
ACT-ADM-BUILD-002-06,ADMIN,ADM-BUILD-002,构建配置,/delivery/builds/profiles,取消可取消的构建任务,用户显式点击操作入口，且本地字段校验、权限、状态机前置条件全部满足,POST /admin-api/v1/app-build/jobs/{id}/cancel,adminAppBuildJobPostAppBuildJobsByIdCancel,AdminAppBuildJobPostAppBuildJobsByIdCancelRequest,app.build.run,X-Idempotency-Key必填,按状态机更新资源并移除或禁用不再可用的操作；展示“取消可取消的构建任务成功”；保留操作记录入口,400逐字段映射；401要求重新认证；403隐藏后续写入口并记录越权拒绝；409提示数据已变化并重新加载；422展示业务原因且保留输入；429显示可重试时间；500保留上下文并提供 requestId,ui_action_adm_build_002_06,REQ-BUILD-001;REQ-APK-001,TST-BUILD_001-HAPPY;TST-APK_001-HAPPY;TST-BUILD_001-IDEMPOTENT;TST-APK_001-IDEMPOTENT,FROZEN_DETAILED_V1.2.2,CREATE_OR_SUBMIT,页面主按钮/行操作/更多菜单/标准弹层，具体位置由模板和页面操作规格确定,具备权限 app.build.run，且资源状态允许“取消可取消的构建任务”；按钮显示条件由页面状态表和状态机共同决定,不存在同资源写请求；必填字段有效；服务端 version 未被本地标记过期；需要审批时已选择审批单,"校验 id,X-Idempotency-Key,reason,expectedVersion；expectedVersion 必须等于页面最后一次成功读取的服务端版本；同一业务意图生成稳定 X-Idempotency-Key；请求体变化必须换键",id;X-Idempotency-Key;reason;expectedVersion,必须二次确认；确认框展示目标、影响、不可逆性、原因、审批要求和将触发的通知,POST /admin-api/v1/app-build/jobs/{id}/cancel；请求模型 AdminAppBuildJobPostAppBuildJobsByIdCancelRequest；响应模型 AdminAppBuildJobPostAppBuildJobsByIdCancelResponse,expectedVersion 乐观锁 + X-Idempotency-Key + 服务端结果查询,提交期间锁定同资源写操作，保留输入并显示明确进度；禁止全页无反馈等待,使用同一幂等键仅重试同一请求体；若服务端已受理则先查询结果；409版本冲突不得盲重试,默认留在当前页并刷新；创建成功进入详情，支付/认证/发布结果按对应流程导航,当前资源、来源列表、全局角标/余额/待办中与该领域相关的缓存；禁止无差别清空全部缓存,记录操作人、角色、目标、前后状态/版本、原因、审批单、requestId、IP/设备和结果,敏感字段按数据分级脱敏；密码、验证码、身份证、支付账号、秘密引用绝不进入埋点和普通日志,GET 可展示明确标记的最近缓存；写操作离线时禁止提交，不进入隐式离线队列,AdminAppBuildJobPostAppBuildJobsByIdCancelResponse,READY_FOR_IMPLEMENTATION
ACT-ADM-BUILD-002-07,ADMIN,ADM-BUILD-002,构建配置,/delivery/builds/profiles,按原Commit重试失败任务,用户显式点击操作入口，且本地字段校验、权限、状态机前置条件全部满足,POST /admin-api/v1/app-build/jobs/{id}/retry,adminAppBuildJobPostAppBuildJobsByIdRetry,AdminAppBuildJobPostAppBuildJobsByIdRetryRequest,app.build.run,X-Idempotency-Key必填,以响应数据更新页面和关联缓存；展示“按原Commit重试失败任务成功”；仅刷新受影响区域,400逐字段映射；401要求重新认证；403隐藏后续写入口并记录越权拒绝；409提示数据已变化并重新加载；422展示业务原因且保留输入；429显示可重试时间；500保留上下文并提供 requestId,ui_action_adm_build_002_07,REQ-BUILD-001;REQ-APK-001,TST-BUILD_001-HAPPY;TST-APK_001-HAPPY;TST-BUILD_001-IDEMPOTENT;TST-APK_001-IDEMPOTENT,FROZEN_DETAILED_V1.2.2,CONTROLLED_COMMAND,页面主按钮/行操作/更多菜单/标准弹层，具体位置由模板和页面操作规格确定,具备权限 app.build.run，且资源状态允许“按原Commit重试失败任务”；按钮显示条件由页面状态表和状态机共同决定,不存在同资源写请求；必填字段有效；服务端 version 未被本地标记过期；需要审批时已选择审批单,"校验 id,X-Idempotency-Key,reason,expectedVersion,payload；expectedVersion 必须等于页面最后一次成功读取的服务端版本；同一业务意图生成稳定 X-Idempotency-Key；请求体变化必须换键",id;X-Idempotency-Key;reason;expectedVersion;payload,必须二次确认；确认框展示目标、影响、不可逆性、原因、审批要求和将触发的通知,POST /admin-api/v1/app-build/jobs/{id}/retry；请求模型 AdminAppBuildJobPostAppBuildJobsByIdRetryRequest；响应模型 AdminAppBuildJobPostAppBuildJobsByIdRetryResponse,expectedVersion 乐观锁 + X-Idempotency-Key + 服务端结果查询,提交期间锁定同资源写操作，保留输入并显示明确进度；禁止全页无反馈等待,使用同一幂等键仅重试同一请求体；若服务端已受理则先查询结果；409版本冲突不得盲重试,默认留在当前页并刷新；创建成功进入详情，支付/认证/发布结果按对应流程导航,当前资源、来源列表、全局角标/余额/待办中与该领域相关的缓存；禁止无差别清空全部缓存,记录操作人、角色、目标、前后状态/版本、原因、审批单、requestId、IP/设备和结果,敏感字段按数据分级脱敏；密码、验证码、身份证、支付账号、秘密引用绝不进入埋点和普通日志,GET 可展示明确标记的最近缓存；写操作离线时禁止提交，不进入隐式离线队列,AdminAppBuildJobPostAppBuildJobsByIdRetryResponse,READY_FOR_IMPLEMENTATION
ACT-ADM-BUILD-002-08,ADMIN,ADM-BUILD-002,构建配置,/delivery/builds/profiles,构建产物列表,页面首次进入、下拉刷新、筛选/排序变化或滚动触底时触发；相同查询条件避免并发重复请求,GET /admin-api/v1/app-build/artifacts,adminAppBuildArtifactGetAppBuildArtifacts,AdminAppBuildArtifactGetAppBuildArtifactsParameters,app.build.read,不要求,首屏替换数据，翻页仅追加去重；更新分页、筛选回显、总数/游标和最后刷新时间；空结果进入业务空状态,首屏失败显示全页错误与重试；刷新失败保留旧数据并提示；翻页失败保留已加载数据并提供行内重试；401跳登录或会话升级，403显示无权限，404不适用,ui_action_adm_build_002_08,REQ-BUILD-001;REQ-APK-001,TST-BUILD_001-HAPPY;TST-APK_001-HAPPY,FROZEN_DETAILED_V1.2.2,LIST_QUERY,页面主按钮/行操作/更多菜单/标准弹层，具体位置由模板和页面操作规格确定,页面具备读取权限；筛选项按数据范围和角色显示,网络可用；非正在刷新；翻页时 nextCursor/hasNext 为真,"校验 page,pageSize,cursor,status,keyword,sort",page;pageSize;cursor;status;keyword;sort,不需要,GET /admin-api/v1/app-build/artifacts；请求模型 AdminAppBuildArtifactGetAppBuildArtifactsParameters；响应模型 AdminAppBuildArtifactGetAppBuildArtifactsResponse,同资源单写请求锁；状态机服务端复核,首屏使用骨架屏；刷新保留现有数据；翻页使用列表尾部加载器,GET 可人工重试；网络瞬断最多指数退避自动重试 2 次；筛选变化取消旧请求,留在当前页；点击行/卡片按页面导航规格进入详情,当前资源、来源列表、全局角标/余额/待办中与该领域相关的缓存；禁止无差别清空全部缓存,记录敏感数据访问审计：操作人、目标、字段范围、目的、requestId 和结果,敏感字段按数据分级脱敏；密码、验证码、身份证、支付账号、秘密引用绝不进入埋点和普通日志,GET 可展示明确标记的最近缓存；写操作离线时禁止提交，不进入隐式离线队列,AdminAppBuildArtifactGetAppBuildArtifactsResponse,READY_FOR_IMPLEMENTATION
ACT-ADM-BUILD-003-01,ADMIN,ADM-BUILD-003,签名配置,/delivery/builds/signing,App构建Profile列表,页面首次进入、下拉刷新、筛选/排序变化或滚动触底时触发；相同查询条件避免并发重复请求,GET /admin-api/v1/app-build/profiles,adminAppBuildProfileGetAppBuildProfiles,AdminAppBuildProfileGetAppBuildProfilesParameters,app.build.read,不要求,首屏替换数据，翻页仅追加去重；更新分页、筛选回显、总数/游标和最后刷新时间；空结果进入业务空状态,首屏失败显示全页错误与重试；刷新失败保留旧数据并提示；翻页失败保留已加载数据并提供行内重试；401跳登录或会话升级，403显示无权限，404不适用,ui_action_adm_build_003_01,REQ-BUILD-001;REQ-APK-001,TST-BUILD_001-HAPPY;TST-APK_001-HAPPY,FROZEN_DETAILED_V1.2.2,LIST_QUERY,页面主按钮/行操作/更多菜单/标准弹层，具体位置由模板和页面操作规格确定,页面具备读取权限；筛选项按数据范围和角色显示,网络可用；非正在刷新；翻页时 nextCursor/hasNext 为真,"校验 page,pageSize,cursor,status,keyword,sort",page;pageSize;cursor;status;keyword;sort,不需要,GET /admin-api/v1/app-build/profiles；请求模型 AdminAppBuildProfileGetAppBuildProfilesParameters；响应模型 AdminAppBuildProfileGetAppBuildProfilesResponse,同资源单写请求锁；状态机服务端复核,首屏使用骨架屏；刷新保留现有数据；翻页使用列表尾部加载器,GET 可人工重试；网络瞬断最多指数退避自动重试 2 次；筛选变化取消旧请求,留在当前页；点击行/卡片按页面导航规格进入详情,当前资源、来源列表、全局角标/余额/待办中与该领域相关的缓存；禁止无差别清空全部缓存,记录敏感数据访问审计：操作人、目标、字段范围、目的、requestId 和结果,敏感字段按数据分级脱敏；密码、验证码、身份证、支付账号、秘密引用绝不进入埋点和普通日志,GET 可展示明确标记的最近缓存；写操作离线时禁止提交，不进入隐式离线队列,AdminAppBuildProfileGetAppBuildProfilesResponse,READY_FOR_IMPLEMENTATION
ACT-ADM-BUILD-003-02,ADMIN,ADM-BUILD-003,签名配置,/delivery/builds/signing,创建构建Profile,用户显式点击操作入口，且本地字段校验、权限、状态机前置条件全部满足,POST /admin-api/v1/app-build/profiles,adminAppBuildProfilePostAppBuildProfiles,AdminAppBuildProfilePostAppBuildProfilesRequest,app.build.write,X-Idempotency-Key必填,使用响应中的资源和 version 更新页面；清除已提交脏状态；展示“创建构建Profile成功”；刷新受影响列表、详情、余额或配置版本,400逐字段映射；401要求重新认证；403隐藏后续写入口并记录越权拒绝；409提示数据已变化并重新加载；422展示业务原因且保留输入；429显示可重试时间；500保留上下文并提供 requestId,ui_action_adm_build_003_02,REQ-BUILD-001;REQ-APK-001,TST-BUILD_001-HAPPY;TST-APK_001-HAPPY;TST-BUILD_001-IDEMPOTENT;TST-APK_001-IDEMPOTENT,FROZEN_DETAILED_V1.2.2,CREATE_OR_SUBMIT,页面主按钮/行操作/更多菜单/标准弹层，具体位置由模板和页面操作规格确定,具备权限 app.build.write，且资源状态允许“创建构建Profile”；按钮显示条件由页面状态表和状态机共同决定,不存在同资源写请求；必填字段有效；服务端 version 未被本地标记过期；需要审批时已选择审批单,"校验 X-Idempotency-Key,name,environment,applicationIdSuffix,apiBaseUrl,webSocketUrl,featureFlags,signingProfileId；同一业务意图生成稳定 X-Idempotency-Key；请求体变化必须换键",X-Idempotency-Key;name;environment;applicationIdSuffix;apiBaseUrl;webSocketUrl;featureFlags;signingProfileId,金额、权益或发布范围变化时二次确认；普通可撤销保存不需要,POST /admin-api/v1/app-build/profiles；请求模型 AdminAppBuildProfilePostAppBuildProfilesRequest；响应模型 AdminAppBuildProfilePostAppBuildProfilesResponse,X-Idempotency-Key + 服务端结果查询,提交期间锁定同资源写操作，保留输入并显示明确进度；禁止全页无反馈等待,使用同一幂等键仅重试同一请求体；若服务端已受理则先查询结果；409版本冲突不得盲重试,默认留在当前页并刷新；创建成功进入详情，支付/认证/发布结果按对应流程导航,当前资源、来源列表、全局角标/余额/待办中与该领域相关的缓存；禁止无差别清空全部缓存,记录操作人、角色、目标、前后状态/版本、原因、审批单、requestId、IP/设备和结果,敏感字段按数据分级脱敏；密码、验证码、身份证、支付账号、秘密引用绝不进入埋点和普通日志,GET 可展示明确标记的最近缓存；写操作离线时禁止提交，不进入隐式离线队列,AdminAppBuildProfilePostAppBuildProfilesResponse,READY_FOR_IMPLEMENTATION
ACT-ADM-BUILD-003-03,ADMIN,ADM-BUILD-003,签名配置,/delivery/builds/signing,修改构建Profile,用户显式点击操作入口，且本地字段校验、权限、状态机前置条件全部满足,PUT /admin-api/v1/app-build/profiles/{id},adminAppBuildProfilePutAppBuildProfilesById,AdminAppBuildProfilePutAppBuildProfilesByIdRequest,app.build.write,X-Idempotency-Key必填,使用响应中的资源和 version 更新页面；清除已提交脏状态；展示“修改构建Profile成功”；刷新受影响列表、详情、余额或配置版本,400逐字段映射；401要求重新认证；403隐藏后续写入口并记录越权拒绝；409提示数据已变化并重新加载；422展示业务原因且保留输入；429显示可重试时间；500保留上下文并提供 requestId,ui_action_adm_build_003_03,REQ-BUILD-001;REQ-APK-001,TST-BUILD_001-HAPPY;TST-APK_001-HAPPY;TST-BUILD_001-IDEMPOTENT;TST-APK_001-IDEMPOTENT,FROZEN_DETAILED_V1.2.2,UPDATE,页面主按钮/行操作/更多菜单/标准弹层，具体位置由模板和页面操作规格确定,具备权限 app.build.write，且资源状态允许“修改构建Profile”；按钮显示条件由页面状态表和状态机共同决定,不存在同资源写请求；必填字段有效；服务端 version 未被本地标记过期；需要审批时已选择审批单,"校验 id,X-Idempotency-Key,name,apiBaseUrl,webSocketUrl,featureFlags,signingProfileId,expectedVersion；expectedVersion 必须等于页面最后一次成功读取的服务端版本；同一业务意图生成稳定 X-Idempotency-Key；请求体变化必须换键",id;X-Idempotency-Key;name;apiBaseUrl;webSocketUrl;featureFlags;signingProfileId;expectedVersion,金额、权益或发布范围变化时二次确认；普通可撤销保存不需要,PUT /admin-api/v1/app-build/profiles/{id}；请求模型 AdminAppBuildProfilePutAppBuildProfilesByIdRequest；响应模型 AdminAppBuildProfilePutAppBuildProfilesByIdResponse,expectedVersion 乐观锁 + X-Idempotency-Key + 服务端结果查询,提交期间锁定同资源写操作，保留输入并显示明确进度；禁止全页无反馈等待,使用同一幂等键仅重试同一请求体；若服务端已受理则先查询结果；409版本冲突不得盲重试,默认留在当前页并刷新；创建成功进入详情，支付/认证/发布结果按对应流程导航,当前资源、来源列表、全局角标/余额/待办中与该领域相关的缓存；禁止无差别清空全部缓存,记录操作人、角色、目标、前后状态/版本、原因、审批单、requestId、IP/设备和结果,敏感字段按数据分级脱敏；密码、验证码、身份证、支付账号、秘密引用绝不进入埋点和普通日志,GET 可展示明确标记的最近缓存；写操作离线时禁止提交，不进入隐式离线队列,AdminAppBuildProfilePutAppBuildProfilesByIdResponse,READY_FOR_IMPLEMENTATION
ACT-ADM-BUILD-003-04,ADMIN,ADM-BUILD-003,签名配置,/delivery/builds/signing,构建任务列表,页面首次进入、下拉刷新、筛选/排序变化或滚动触底时触发；相同查询条件避免并发重复请求,GET /admin-api/v1/app-build/jobs,adminAppBuildJobGetAppBuildJobs,AdminAppBuildJobGetAppBuildJobsParameters,app.build.read,不要求,首屏替换数据，翻页仅追加去重；更新分页、筛选回显、总数/游标和最后刷新时间；空结果进入业务空状态,首屏失败显示全页错误与重试；刷新失败保留旧数据并提示；翻页失败保留已加载数据并提供行内重试；401跳登录或会话升级，403显示无权限，404不适用,ui_action_adm_build_003_04,REQ-BUILD-001;REQ-APK-001,TST-BUILD_001-HAPPY;TST-APK_001-HAPPY,FROZEN_DETAILED_V1.2.2,LIST_QUERY,页面主按钮/行操作/更多菜单/标准弹层，具体位置由模板和页面操作规格确定,页面具备读取权限；筛选项按数据范围和角色显示,网络可用；非正在刷新；翻页时 nextCursor/hasNext 为真,"校验 page,pageSize,cursor,status,keyword,sort",page;pageSize;cursor;status;keyword;sort,不需要,GET /admin-api/v1/app-build/jobs；请求模型 AdminAppBuildJobGetAppBuildJobsParameters；响应模型 AdminAppBuildJobGetAppBuildJobsResponse,同资源单写请求锁；状态机服务端复核,首屏使用骨架屏；刷新保留现有数据；翻页使用列表尾部加载器,GET 可人工重试；网络瞬断最多指数退避自动重试 2 次；筛选变化取消旧请求,留在当前页；点击行/卡片按页面导航规格进入详情,当前资源、来源列表、全局角标/余额/待办中与该领域相关的缓存；禁止无差别清空全部缓存,记录敏感数据访问审计：操作人、目标、字段范围、目的、requestId 和结果,敏感字段按数据分级脱敏；密码、验证码、身份证、支付账号、秘密引用绝不进入埋点和普通日志,GET 可展示明确标记的最近缓存；写操作离线时禁止提交，不进入隐式离线队列,AdminAppBuildJobGetAppBuildJobsResponse,READY_FOR_IMPLEMENTATION
ACT-ADM-BUILD-003-05,ADMIN,ADM-BUILD-003,签名配置,/delivery/builds/signing,基于批准Git Ref创建官方App构建任务,用户显式点击操作入口，且本地字段校验、权限、状态机前置条件全部满足,POST /admin-api/v1/app-build/jobs,adminAppBuildJobPostAppBuildJobs,AdminAppBuildJobPostAppBuildJobsRequest,app.build.run,X-Idempotency-Key必填,使用响应中的资源和 version 更新页面；清除已提交脏状态；展示“基于批准Git Ref创建官方App构建任务成功”；刷新受影响列表、详情、余额或配置版本,400逐字段映射；401要求重新认证；403隐藏后续写入口并记录越权拒绝；409提示数据已变化并重新加载；422展示业务原因且保留输入；429显示可重试时间；500保留上下文并提供 requestId,ui_action_adm_build_003_05,REQ-BUILD-001;REQ-APK-001,TST-BUILD_001-HAPPY;TST-APK_001-HAPPY;TST-BUILD_001-IDEMPOTENT;TST-APK_001-IDEMPOTENT,FROZEN_DETAILED_V1.2.2,CREATE_OR_SUBMIT,页面主按钮/行操作/更多菜单/标准弹层，具体位置由模板和页面操作规格确定,具备权限 app.build.run，且资源状态允许“基于批准Git Ref创建官方App构建任务”；按钮显示条件由页面状态表和状态机共同决定,不存在同资源写请求；必填字段有效；服务端 version 未被本地标记过期；需要审批时已选择审批单,"校验 X-Idempotency-Key,profileId,gitRef,commitSha,reason；同一业务意图生成稳定 X-Idempotency-Key；请求体变化必须换键",X-Idempotency-Key;profileId;gitRef;commitSha;reason,必须二次确认；确认框展示目标、影响、不可逆性、原因、审批要求和将触发的通知,POST /admin-api/v1/app-build/jobs；请求模型 AdminAppBuildJobPostAppBuildJobsRequest；响应模型 AdminAppBuildJobPostAppBuildJobsResponse,X-Idempotency-Key + 服务端结果查询,提交期间锁定同资源写操作，保留输入并显示明确进度；禁止全页无反馈等待,使用同一幂等键仅重试同一请求体；若服务端已受理则先查询结果；409版本冲突不得盲重试,默认留在当前页并刷新；创建成功进入详情，支付/认证/发布结果按对应流程导航,当前资源、来源列表、全局角标/余额/待办中与该领域相关的缓存；禁止无差别清空全部缓存,记录操作人、角色、目标、前后状态/版本、原因、审批单、requestId、IP/设备和结果,敏感字段按数据分级脱敏；密码、验证码、身份证、支付账号、秘密引用绝不进入埋点和普通日志,GET 可展示明确标记的最近缓存；写操作离线时禁止提交，不进入隐式离线队列,AdminAppBuildJobPostAppBuildJobsResponse,READY_FOR_IMPLEMENTATION
ACT-ADM-BUILD-003-06,ADMIN,ADM-BUILD-003,签名配置,/delivery/builds/signing,构建任务详情,页面进入、显式刷新、从后台恢复且缓存过期，或收到相关领域事件后触发,GET /admin-api/v1/app-build/jobs/{id},adminAppBuildJobGetAppBuildJobsById,AdminAppBuildJobGetAppBuildJobsByIdParameters,app.build.read,不要求,以服务端返回的 version 和状态覆盖详情；重算按钮显示/可用条件；记录页面曝光和请求 requestId,404显示资源不存在或已下架并提供返回；403显示无权限；409触发重新拉取；网络失败保留缓存并标记可能过期,ui_action_adm_build_003_06,REQ-BUILD-001;REQ-APK-001,TST-BUILD_001-HAPPY;TST-APK_001-HAPPY,FROZEN_DETAILED_V1.2.2,DETAIL_QUERY,页面主按钮/行操作/更多菜单/标准弹层，具体位置由模板和页面操作规格确定,页面具备读取权限且路由参数完整,网络可用且不存在同资源进行中的请求,校验 id,id,不需要,GET /admin-api/v1/app-build/jobs/{id}；请求模型 AdminAppBuildJobGetAppBuildJobsByIdParameters；响应模型 AdminAppBuildJobGetAppBuildJobsByIdResponse,同资源单写请求锁；状态机服务端复核,首次进入使用结构骨架；刷新保留当前内容并显示轻量刷新态,GET 可人工重试；缓存可作为只读降级但禁止基于过期数据执行写操作,留在当前页；资源不存在时返回上一级并从来源列表移除或标记,当前资源、来源列表、全局角标/余额/待办中与该领域相关的缓存；禁止无差别清空全部缓存,记录敏感数据访问审计：操作人、目标、字段范围、目的、requestId 和结果,敏感字段按数据分级脱敏；密码、验证码、身份证、支付账号、秘密引用绝不进入埋点和普通日志,GET 可展示明确标记的最近缓存；写操作离线时禁止提交，不进入隐式离线队列,AdminAppBuildJobGetAppBuildJobsByIdResponse,READY_FOR_IMPLEMENTATION
ACT-ADM-BUILD-003-07,ADMIN,ADM-BUILD-003,签名配置,/delivery/builds/signing,构建步骤日志,页面首次进入、下拉刷新、筛选/排序变化或滚动触底时触发；相同查询条件避免并发重复请求,GET /admin-api/v1/app-build/jobs/{id}/logs,adminAppBuildJobGetAppBuildJobsByIdLogs,AdminAppBuildJobGetAppBuildJobsByIdLogsParameters,app.build.read,不要求,首屏替换数据，翻页仅追加去重；更新分页、筛选回显、总数/游标和最后刷新时间；空结果进入业务空状态,首屏失败显示全页错误与重试；刷新失败保留旧数据并提示；翻页失败保留已加载数据并提供行内重试；401跳登录或会话升级，403显示无权限，404不适用,ui_action_adm_build_003_07,REQ-BUILD-001;REQ-APK-001,TST-BUILD_001-HAPPY;TST-APK_001-HAPPY,FROZEN_DETAILED_V1.2.2,LIST_QUERY,页面主按钮/行操作/更多菜单/标准弹层，具体位置由模板和页面操作规格确定,页面具备读取权限；筛选项按数据范围和角色显示,网络可用；非正在刷新；翻页时 nextCursor/hasNext 为真,"校验 id,page,pageSize,cursor,status,keyword,sort",id;page;pageSize;cursor;status;keyword;sort,不需要,GET /admin-api/v1/app-build/jobs/{id}/logs；请求模型 AdminAppBuildJobGetAppBuildJobsByIdLogsParameters；响应模型 AdminAppBuildJobGetAppBuildJobsByIdLogsResponse,同资源单写请求锁；状态机服务端复核,首屏使用骨架屏；刷新保留现有数据；翻页使用列表尾部加载器,GET 可人工重试；网络瞬断最多指数退避自动重试 2 次；筛选变化取消旧请求,留在当前页；点击行/卡片按页面导航规格进入详情,当前资源、来源列表、全局角标/余额/待办中与该领域相关的缓存；禁止无差别清空全部缓存,记录敏感数据访问审计：操作人、目标、字段范围、目的、requestId 和结果,敏感字段按数据分级脱敏；密码、验证码、身份证、支付账号、秘密引用绝不进入埋点和普通日志,GET 可展示明确标记的最近缓存；写操作离线时禁止提交，不进入隐式离线队列,AdminAppBuildJobGetAppBuildJobsByIdLogsResponse,READY_FOR_IMPLEMENTATION
ACT-ADM-BUILD-003-08,ADMIN,ADM-BUILD-003,签名配置,/delivery/builds/signing,取消可取消的构建任务,用户显式点击操作入口，且本地字段校验、权限、状态机前置条件全部满足,POST /admin-api/v1/app-build/jobs/{id}/cancel,adminAppBuildJobPostAppBuildJobsByIdCancel,AdminAppBuildJobPostAppBuildJobsByIdCancelRequest,app.build.run,X-Idempotency-Key必填,按状态机更新资源并移除或禁用不再可用的操作；展示“取消可取消的构建任务成功”；保留操作记录入口,400逐字段映射；401要求重新认证；403隐藏后续写入口并记录越权拒绝；409提示数据已变化并重新加载；422展示业务原因且保留输入；429显示可重试时间；500保留上下文并提供 requestId,ui_action_adm_build_003_08,REQ-BUILD-001;REQ-APK-001,TST-BUILD_001-HAPPY;TST-APK_001-HAPPY;TST-BUILD_001-IDEMPOTENT;TST-APK_001-IDEMPOTENT,FROZEN_DETAILED_V1.2.2,CREATE_OR_SUBMIT,页面主按钮/行操作/更多菜单/标准弹层，具体位置由模板和页面操作规格确定,具备权限 app.build.run，且资源状态允许“取消可取消的构建任务”；按钮显示条件由页面状态表和状态机共同决定,不存在同资源写请求；必填字段有效；服务端 version 未被本地标记过期；需要审批时已选择审批单,"校验 id,X-Idempotency-Key,reason,expectedVersion；expectedVersion 必须等于页面最后一次成功读取的服务端版本；同一业务意图生成稳定 X-Idempotency-Key；请求体变化必须换键",id;X-Idempotency-Key;reason;expectedVersion,必须二次确认；确认框展示目标、影响、不可逆性、原因、审批要求和将触发的通知,POST /admin-api/v1/app-build/jobs/{id}/cancel；请求模型 AdminAppBuildJobPostAppBuildJobsByIdCancelRequest；响应模型 AdminAppBuildJobPostAppBuildJobsByIdCancelResponse,expectedVersion 乐观锁 + X-Idempotency-Key + 服务端结果查询,提交期间锁定同资源写操作，保留输入并显示明确进度；禁止全页无反馈等待,使用同一幂等键仅重试同一请求体；若服务端已受理则先查询结果；409版本冲突不得盲重试,默认留在当前页并刷新；创建成功进入详情，支付/认证/发布结果按对应流程导航,当前资源、来源列表、全局角标/余额/待办中与该领域相关的缓存；禁止无差别清空全部缓存,记录操作人、角色、目标、前后状态/版本、原因、审批单、requestId、IP/设备和结果,敏感字段按数据分级脱敏；密码、验证码、身份证、支付账号、秘密引用绝不进入埋点和普通日志,GET 可展示明确标记的最近缓存；写操作离线时禁止提交，不进入隐式离线队列,AdminAppBuildJobPostAppBuildJobsByIdCancelResponse,READY_FOR_IMPLEMENTATION
ACT-ADM-BUILD-004-01,ADMIN,ADM-BUILD-004,构建任务列表,/delivery/builds/jobs,App构建Profile列表,页面首次进入、下拉刷新、筛选/排序变化或滚动触底时触发；相同查询条件避免并发重复请求,GET /admin-api/v1/app-build/profiles,adminAppBuildProfileGetAppBuildProfiles,AdminAppBuildProfileGetAppBuildProfilesParameters,app.build.read,不要求,首屏替换数据，翻页仅追加去重；更新分页、筛选回显、总数/游标和最后刷新时间；空结果进入业务空状态,首屏失败显示全页错误与重试；刷新失败保留旧数据并提示；翻页失败保留已加载数据并提供行内重试；401跳登录或会话升级，403显示无权限，404不适用,ui_action_adm_build_004_01,REQ-BUILD-001;REQ-APK-001,TST-BUILD_001-HAPPY;TST-APK_001-HAPPY,FROZEN_DETAILED_V1.2.2,LIST_QUERY,页面主按钮/行操作/更多菜单/标准弹层，具体位置由模板和页面操作规格确定,页面具备读取权限；筛选项按数据范围和角色显示,网络可用；非正在刷新；翻页时 nextCursor/hasNext 为真,"校验 page,pageSize,cursor,status,keyword,sort",page;pageSize;cursor;status;keyword;sort,不需要,GET /admin-api/v1/app-build/profiles；请求模型 AdminAppBuildProfileGetAppBuildProfilesParameters；响应模型 AdminAppBuildProfileGetAppBuildProfilesResponse,同资源单写请求锁；状态机服务端复核,首屏使用骨架屏；刷新保留现有数据；翻页使用列表尾部加载器,GET 可人工重试；网络瞬断最多指数退避自动重试 2 次；筛选变化取消旧请求,留在当前页；点击行/卡片按页面导航规格进入详情,当前资源、来源列表、全局角标/余额/待办中与该领域相关的缓存；禁止无差别清空全部缓存,记录敏感数据访问审计：操作人、目标、字段范围、目的、requestId 和结果,敏感字段按数据分级脱敏；密码、验证码、身份证、支付账号、秘密引用绝不进入埋点和普通日志,GET 可展示明确标记的最近缓存；写操作离线时禁止提交，不进入隐式离线队列,AdminAppBuildProfileGetAppBuildProfilesResponse,READY_FOR_IMPLEMENTATION
ACT-ADM-BUILD-004-02,ADMIN,ADM-BUILD-004,构建任务列表,/delivery/builds/jobs,构建任务列表,页面首次进入、下拉刷新、筛选/排序变化或滚动触底时触发；相同查询条件避免并发重复请求,GET /admin-api/v1/app-build/jobs,adminAppBuildJobGetAppBuildJobs,AdminAppBuildJobGetAppBuildJobsParameters,app.build.read,不要求,首屏替换数据，翻页仅追加去重；更新分页、筛选回显、总数/游标和最后刷新时间；空结果进入业务空状态,首屏失败显示全页错误与重试；刷新失败保留旧数据并提示；翻页失败保留已加载数据并提供行内重试；401跳登录或会话升级，403显示无权限，404不适用,ui_action_adm_build_004_02,REQ-BUILD-001;REQ-APK-001,TST-BUILD_001-HAPPY;TST-APK_001-HAPPY,FROZEN_DETAILED_V1.2.2,LIST_QUERY,页面主按钮/行操作/更多菜单/标准弹层，具体位置由模板和页面操作规格确定,页面具备读取权限；筛选项按数据范围和角色显示,网络可用；非正在刷新；翻页时 nextCursor/hasNext 为真,"校验 page,pageSize,cursor,status,keyword,sort",page;pageSize;cursor;status;keyword;sort,不需要,GET /admin-api/v1/app-build/jobs；请求模型 AdminAppBuildJobGetAppBuildJobsParameters；响应模型 AdminAppBuildJobGetAppBuildJobsResponse,同资源单写请求锁；状态机服务端复核,首屏使用骨架屏；刷新保留现有数据；翻页使用列表尾部加载器,GET 可人工重试；网络瞬断最多指数退避自动重试 2 次；筛选变化取消旧请求,留在当前页；点击行/卡片按页面导航规格进入详情,当前资源、来源列表、全局角标/余额/待办中与该领域相关的缓存；禁止无差别清空全部缓存,记录敏感数据访问审计：操作人、目标、字段范围、目的、requestId 和结果,敏感字段按数据分级脱敏；密码、验证码、身份证、支付账号、秘密引用绝不进入埋点和普通日志,GET 可展示明确标记的最近缓存；写操作离线时禁止提交，不进入隐式离线队列,AdminAppBuildJobGetAppBuildJobsResponse,READY_FOR_IMPLEMENTATION
ACT-ADM-BUILD-004-03,ADMIN,ADM-BUILD-004,构建任务列表,/delivery/builds/jobs,构建任务详情,页面进入、显式刷新、从后台恢复且缓存过期，或收到相关领域事件后触发,GET /admin-api/v1/app-build/jobs/{id},adminAppBuildJobGetAppBuildJobsById,AdminAppBuildJobGetAppBuildJobsByIdParameters,app.build.read,不要求,以服务端返回的 version 和状态覆盖详情；重算按钮显示/可用条件；记录页面曝光和请求 requestId,404显示资源不存在或已下架并提供返回；403显示无权限；409触发重新拉取；网络失败保留缓存并标记可能过期,ui_action_adm_build_004_03,REQ-BUILD-001;REQ-APK-001,TST-BUILD_001-HAPPY;TST-APK_001-HAPPY,FROZEN_DETAILED_V1.2.2,DETAIL_QUERY,页面主按钮/行操作/更多菜单/标准弹层，具体位置由模板和页面操作规格确定,页面具备读取权限且路由参数完整,网络可用且不存在同资源进行中的请求,校验 id,id,不需要,GET /admin-api/v1/app-build/jobs/{id}；请求模型 AdminAppBuildJobGetAppBuildJobsByIdParameters；响应模型 AdminAppBuildJobGetAppBuildJobsByIdResponse,同资源单写请求锁；状态机服务端复核,首次进入使用结构骨架；刷新保留当前内容并显示轻量刷新态,GET 可人工重试；缓存可作为只读降级但禁止基于过期数据执行写操作,留在当前页；资源不存在时返回上一级并从来源列表移除或标记,当前资源、来源列表、全局角标/余额/待办中与该领域相关的缓存；禁止无差别清空全部缓存,记录敏感数据访问审计：操作人、目标、字段范围、目的、requestId 和结果,敏感字段按数据分级脱敏；密码、验证码、身份证、支付账号、秘密引用绝不进入埋点和普通日志,GET 可展示明确标记的最近缓存；写操作离线时禁止提交，不进入隐式离线队列,AdminAppBuildJobGetAppBuildJobsByIdResponse,READY_FOR_IMPLEMENTATION
ACT-ADM-BUILD-004-04,ADMIN,ADM-BUILD-004,构建任务列表,/delivery/builds/jobs,构建步骤日志,页面首次进入、下拉刷新、筛选/排序变化或滚动触底时触发；相同查询条件避免并发重复请求,GET /admin-api/v1/app-build/jobs/{id}/logs,adminAppBuildJobGetAppBuildJobsByIdLogs,AdminAppBuildJobGetAppBuildJobsByIdLogsParameters,app.build.read,不要求,首屏替换数据，翻页仅追加去重；更新分页、筛选回显、总数/游标和最后刷新时间；空结果进入业务空状态,首屏失败显示全页错误与重试；刷新失败保留旧数据并提示；翻页失败保留已加载数据并提供行内重试；401跳登录或会话升级，403显示无权限，404不适用,ui_action_adm_build_004_04,REQ-BUILD-001;REQ-APK-001,TST-BUILD_001-HAPPY;TST-APK_001-HAPPY,FROZEN_DETAILED_V1.2.2,LIST_QUERY,页面主按钮/行操作/更多菜单/标准弹层，具体位置由模板和页面操作规格确定,页面具备读取权限；筛选项按数据范围和角色显示,网络可用；非正在刷新；翻页时 nextCursor/hasNext 为真,"校验 id,page,pageSize,cursor,status,keyword,sort",id;page;pageSize;cursor;status;keyword;sort,不需要,GET /admin-api/v1/app-build/jobs/{id}/logs；请求模型 AdminAppBuildJobGetAppBuildJobsByIdLogsParameters；响应模型 AdminAppBuildJobGetAppBuildJobsByIdLogsResponse,同资源单写请求锁；状态机服务端复核,首屏使用骨架屏；刷新保留现有数据；翻页使用列表尾部加载器,GET 可人工重试；网络瞬断最多指数退避自动重试 2 次；筛选变化取消旧请求,留在当前页；点击行/卡片按页面导航规格进入详情,当前资源、来源列表、全局角标/余额/待办中与该领域相关的缓存；禁止无差别清空全部缓存,记录敏感数据访问审计：操作人、目标、字段范围、目的、requestId 和结果,敏感字段按数据分级脱敏；密码、验证码、身份证、支付账号、秘密引用绝不进入埋点和普通日志,GET 可展示明确标记的最近缓存；写操作离线时禁止提交，不进入隐式离线队列,AdminAppBuildJobGetAppBuildJobsByIdLogsResponse,READY_FOR_IMPLEMENTATION
ACT-ADM-BUILD-004-05,ADMIN,ADM-BUILD-004,构建任务列表,/delivery/builds/jobs,构建产物列表,页面首次进入、下拉刷新、筛选/排序变化或滚动触底时触发；相同查询条件避免并发重复请求,GET /admin-api/v1/app-build/artifacts,adminAppBuildArtifactGetAppBuildArtifacts,AdminAppBuildArtifactGetAppBuildArtifactsParameters,app.build.read,不要求,首屏替换数据，翻页仅追加去重；更新分页、筛选回显、总数/游标和最后刷新时间；空结果进入业务空状态,首屏失败显示全页错误与重试；刷新失败保留旧数据并提示；翻页失败保留已加载数据并提供行内重试；401跳登录或会话升级，403显示无权限，404不适用,ui_action_adm_build_004_05,REQ-BUILD-001;REQ-APK-001,TST-BUILD_001-HAPPY;TST-APK_001-HAPPY,FROZEN_DETAILED_V1.2.2,LIST_QUERY,页面主按钮/行操作/更多菜单/标准弹层，具体位置由模板和页面操作规格确定,页面具备读取权限；筛选项按数据范围和角色显示,网络可用；非正在刷新；翻页时 nextCursor/hasNext 为真,"校验 page,pageSize,cursor,status,keyword,sort",page;pageSize;cursor;status;keyword;sort,不需要,GET /admin-api/v1/app-build/artifacts；请求模型 AdminAppBuildArtifactGetAppBuildArtifactsParameters；响应模型 AdminAppBuildArtifactGetAppBuildArtifactsResponse,同资源单写请求锁；状态机服务端复核,首屏使用骨架屏；刷新保留现有数据；翻页使用列表尾部加载器,GET 可人工重试；网络瞬断最多指数退避自动重试 2 次；筛选变化取消旧请求,留在当前页；点击行/卡片按页面导航规格进入详情,当前资源、来源列表、全局角标/余额/待办中与该领域相关的缓存；禁止无差别清空全部缓存,记录敏感数据访问审计：操作人、目标、字段范围、目的、requestId 和结果,敏感字段按数据分级脱敏；密码、验证码、身份证、支付账号、秘密引用绝不进入埋点和普通日志,GET 可展示明确标记的最近缓存；写操作离线时禁止提交，不进入隐式离线队列,AdminAppBuildArtifactGetAppBuildArtifactsResponse,READY_FOR_IMPLEMENTATION
ACT-ADM-BUILD-004-06,ADMIN,ADM-BUILD-004,构建任务列表,/delivery/builds/jobs,获取短期下载URL,页面进入、显式刷新、从后台恢复且缓存过期，或收到相关领域事件后触发,GET /admin-api/v1/app-build/artifacts/{id}/download,adminAppBuildArtifactGetAppBuildArtifactsByIdDownload,AdminAppBuildArtifactGetAppBuildArtifactsByIdDownloadParameters,app.build.download,不要求,以服务端返回的 version 和状态覆盖详情；重算按钮显示/可用条件；记录页面曝光和请求 requestId,404显示资源不存在或已下架并提供返回；403显示无权限；409触发重新拉取；网络失败保留缓存并标记可能过期,ui_action_adm_build_004_06,REQ-BUILD-001;REQ-APK-001,TST-BUILD_001-HAPPY;TST-APK_001-HAPPY,FROZEN_DETAILED_V1.2.2,DETAIL_QUERY,页面主按钮/行操作/更多菜单/标准弹层，具体位置由模板和页面操作规格确定,页面具备读取权限且路由参数完整,网络可用且不存在同资源进行中的请求,"校验 id,disposition",id;disposition,不需要,GET /admin-api/v1/app-build/artifacts/{id}/download；请求模型 AdminAppBuildArtifactGetAppBuildArtifactsByIdDownloadParameters；响应模型 AdminAppBuildArtifactGetAppBuildArtifactsByIdDownloadResponse,同资源单写请求锁；状态机服务端复核,首次进入使用结构骨架；刷新保留当前内容并显示轻量刷新态,GET 可人工重试；缓存可作为只读降级但禁止基于过期数据执行写操作,留在当前页；资源不存在时返回上一级并从来源列表移除或标记,当前资源、来源列表、全局角标/余额/待办中与该领域相关的缓存；禁止无差别清空全部缓存,记录敏感数据访问审计：操作人、目标、字段范围、目的、requestId 和结果,敏感字段按数据分级脱敏；密码、验证码、身份证、支付账号、秘密引用绝不进入埋点和普通日志,GET 可展示明确标记的最近缓存；写操作离线时禁止提交，不进入隐式离线队列,AdminAppBuildArtifactGetAppBuildArtifactsByIdDownloadResponse,READY_FOR_IMPLEMENTATION
ACT-ADM-BUILD-004-07,ADMIN,ADM-BUILD-004,构建任务列表,/delivery/builds/jobs,签名Profile元数据列表,用户选择合规文件并通过类型、大小、数量、分辨率或证书格式本地预检后触发,GET /admin-api/v1/app-build/signing-profiles,adminAppSigningGetAppBuildSigningProfiles,AdminAppSigningGetAppBuildSigningProfilesParameters,app.signing.read,不要求,保存 mediaId/证书引用而非本地路径；更新缩略图、校验结果和表单脏状态；完成接口成功后才视为可提交,单文件失败不影响其他文件；展示稳定错误码和重试；校验失败立即删除临时引用；过期上传会话重新创建,ui_action_adm_build_004_07,REQ-BUILD-001;REQ-APK-001,TST-BUILD_001-HAPPY;TST-APK_001-HAPPY,FROZEN_DETAILED_V1.2.2,UPLOAD_OR_FILE,页面主按钮/行操作/更多菜单/标准弹层，具体位置由模板和页面操作规格确定,页面允许上传且用户具备对应写权限,文件未超限、网络可用、并发上传数未超过配置、剩余配额充足,"校验 page,pageSize,cursor,status,keyword,sort",page;pageSize;cursor;status;keyword;sort,删除已选但未绑定媒体需要确认；上传证书/签名材料必须显示敏感风险和审批要求,GET /admin-api/v1/app-build/signing-profiles；请求模型 AdminAppSigningGetAppBuildSigningProfilesParameters；响应模型 AdminAppSigningGetAppBuildSigningProfilesResponse,同资源单写请求锁；状态机服务端复核,逐文件展示排队、上传、校验、完成和失败状态；支持取消；页面退出前提示未完成任务,仅重试失败分片或失败文件；完成接口幂等；删除操作不可自动重试,留在调用页面或关闭复用弹层并回传已完成媒体集合,当前资源、来源列表、全局角标/余额/待办中与该领域相关的缓存；禁止无差别清空全部缓存,记录敏感数据访问审计：操作人、目标、字段范围、目的、requestId 和结果,敏感字段按数据分级脱敏；密码、验证码、身份证、支付账号、秘密引用绝不进入埋点和普通日志,GET 可展示明确标记的最近缓存；写操作离线时禁止提交，不进入隐式离线队列,AdminAppSigningGetAppBuildSigningProfilesResponse,READY_FOR_IMPLEMENTATION
ACT-ADM-BUILD-005-01,ADMIN,ADM-BUILD-005,构建任务详情,/delivery/builds/jobs/:id,App构建Profile列表,页面首次进入、下拉刷新、筛选/排序变化或滚动触底时触发；相同查询条件避免并发重复请求,GET /admin-api/v1/app-build/profiles,adminAppBuildProfileGetAppBuildProfiles,AdminAppBuildProfileGetAppBuildProfilesParameters,app.build.read,不要求,首屏替换数据，翻页仅追加去重；更新分页、筛选回显、总数/游标和最后刷新时间；空结果进入业务空状态,首屏失败显示全页错误与重试；刷新失败保留旧数据并提示；翻页失败保留已加载数据并提供行内重试；401跳登录或会话升级，403显示无权限，404不适用,ui_action_adm_build_005_01,REQ-BUILD-001;REQ-APK-001,TST-BUILD_001-HAPPY;TST-APK_001-HAPPY,FROZEN_DETAILED_V1.2.2,LIST_QUERY,页面主按钮/行操作/更多菜单/标准弹层，具体位置由模板和页面操作规格确定,页面具备读取权限；筛选项按数据范围和角色显示,网络可用；非正在刷新；翻页时 nextCursor/hasNext 为真,"校验 page,pageSize,cursor,status,keyword,sort",page;pageSize;cursor;status;keyword;sort,不需要,GET /admin-api/v1/app-build/profiles；请求模型 AdminAppBuildProfileGetAppBuildProfilesParameters；响应模型 AdminAppBuildProfileGetAppBuildProfilesResponse,同资源单写请求锁；状态机服务端复核,首屏使用骨架屏；刷新保留现有数据；翻页使用列表尾部加载器,GET 可人工重试；网络瞬断最多指数退避自动重试 2 次；筛选变化取消旧请求,留在当前页；点击行/卡片按页面导航规格进入详情,当前资源、来源列表、全局角标/余额/待办中与该领域相关的缓存；禁止无差别清空全部缓存,记录敏感数据访问审计：操作人、目标、字段范围、目的、requestId 和结果,敏感字段按数据分级脱敏；密码、验证码、身份证、支付账号、秘密引用绝不进入埋点和普通日志,GET 可展示明确标记的最近缓存；写操作离线时禁止提交，不进入隐式离线队列,AdminAppBuildProfileGetAppBuildProfilesResponse,READY_FOR_IMPLEMENTATION
ACT-ADM-BUILD-005-02,ADMIN,ADM-BUILD-005,构建任务详情,/delivery/builds/jobs/:id,创建构建Profile,用户显式点击操作入口，且本地字段校验、权限、状态机前置条件全部满足,POST /admin-api/v1/app-build/profiles,adminAppBuildProfilePostAppBuildProfiles,AdminAppBuildProfilePostAppBuildProfilesRequest,app.build.write,X-Idempotency-Key必填,使用响应中的资源和 version 更新页面；清除已提交脏状态；展示“创建构建Profile成功”；刷新受影响列表、详情、余额或配置版本,400逐字段映射；401要求重新认证；403隐藏后续写入口并记录越权拒绝；409提示数据已变化并重新加载；422展示业务原因且保留输入；429显示可重试时间；500保留上下文并提供 requestId,ui_action_adm_build_005_02,REQ-BUILD-001;REQ-APK-001,TST-BUILD_001-HAPPY;TST-APK_001-HAPPY;TST-BUILD_001-IDEMPOTENT;TST-APK_001-IDEMPOTENT,FROZEN_DETAILED_V1.2.2,CREATE_OR_SUBMIT,页面主按钮/行操作/更多菜单/标准弹层，具体位置由模板和页面操作规格确定,具备权限 app.build.write，且资源状态允许“创建构建Profile”；按钮显示条件由页面状态表和状态机共同决定,不存在同资源写请求；必填字段有效；服务端 version 未被本地标记过期；需要审批时已选择审批单,"校验 X-Idempotency-Key,name,environment,applicationIdSuffix,apiBaseUrl,webSocketUrl,featureFlags,signingProfileId；同一业务意图生成稳定 X-Idempotency-Key；请求体变化必须换键",X-Idempotency-Key;name;environment;applicationIdSuffix;apiBaseUrl;webSocketUrl;featureFlags;signingProfileId,金额、权益或发布范围变化时二次确认；普通可撤销保存不需要,POST /admin-api/v1/app-build/profiles；请求模型 AdminAppBuildProfilePostAppBuildProfilesRequest；响应模型 AdminAppBuildProfilePostAppBuildProfilesResponse,X-Idempotency-Key + 服务端结果查询,提交期间锁定同资源写操作，保留输入并显示明确进度；禁止全页无反馈等待,使用同一幂等键仅重试同一请求体；若服务端已受理则先查询结果；409版本冲突不得盲重试,默认留在当前页并刷新；创建成功进入详情，支付/认证/发布结果按对应流程导航,当前资源、来源列表、全局角标/余额/待办中与该领域相关的缓存；禁止无差别清空全部缓存,记录操作人、角色、目标、前后状态/版本、原因、审批单、requestId、IP/设备和结果,敏感字段按数据分级脱敏；密码、验证码、身份证、支付账号、秘密引用绝不进入埋点和普通日志,GET 可展示明确标记的最近缓存；写操作离线时禁止提交，不进入隐式离线队列,AdminAppBuildProfilePostAppBuildProfilesResponse,READY_FOR_IMPLEMENTATION
ACT-ADM-BUILD-005-03,ADMIN,ADM-BUILD-005,构建任务详情,/delivery/builds/jobs/:id,修改构建Profile,用户显式点击操作入口，且本地字段校验、权限、状态机前置条件全部满足,PUT /admin-api/v1/app-build/profiles/{id},adminAppBuildProfilePutAppBuildProfilesById,AdminAppBuildProfilePutAppBuildProfilesByIdRequest,app.build.write,X-Idempotency-Key必填,使用响应中的资源和 version 更新页面；清除已提交脏状态；展示“修改构建Profile成功”；刷新受影响列表、详情、余额或配置版本,400逐字段映射；401要求重新认证；403隐藏后续写入口并记录越权拒绝；409提示数据已变化并重新加载；422展示业务原因且保留输入；429显示可重试时间；500保留上下文并提供 requestId,ui_action_adm_build_005_03,REQ-BUILD-001;REQ-APK-001,TST-BUILD_001-HAPPY;TST-APK_001-HAPPY;TST-BUILD_001-IDEMPOTENT;TST-APK_001-IDEMPOTENT,FROZEN_DETAILED_V1.2.2,UPDATE,页面主按钮/行操作/更多菜单/标准弹层，具体位置由模板和页面操作规格确定,具备权限 app.build.write，且资源状态允许“修改构建Profile”；按钮显示条件由页面状态表和状态机共同决定,不存在同资源写请求；必填字段有效；服务端 version 未被本地标记过期；需要审批时已选择审批单,"校验 id,X-Idempotency-Key,name,apiBaseUrl,webSocketUrl,featureFlags,signingProfileId,expectedVersion；expectedVersion 必须等于页面最后一次成功读取的服务端版本；同一业务意图生成稳定 X-Idempotency-Key；请求体变化必须换键",id;X-Idempotency-Key;name;apiBaseUrl;webSocketUrl;featureFlags;signingProfileId;expectedVersion,金额、权益或发布范围变化时二次确认；普通可撤销保存不需要,PUT /admin-api/v1/app-build/profiles/{id}；请求模型 AdminAppBuildProfilePutAppBuildProfilesByIdRequest；响应模型 AdminAppBuildProfilePutAppBuildProfilesByIdResponse,expectedVersion 乐观锁 + X-Idempotency-Key + 服务端结果查询,提交期间锁定同资源写操作，保留输入并显示明确进度；禁止全页无反馈等待,使用同一幂等键仅重试同一请求体；若服务端已受理则先查询结果；409版本冲突不得盲重试,默认留在当前页并刷新；创建成功进入详情，支付/认证/发布结果按对应流程导航,当前资源、来源列表、全局角标/余额/待办中与该领域相关的缓存；禁止无差别清空全部缓存,记录操作人、角色、目标、前后状态/版本、原因、审批单、requestId、IP/设备和结果,敏感字段按数据分级脱敏；密码、验证码、身份证、支付账号、秘密引用绝不进入埋点和普通日志,GET 可展示明确标记的最近缓存；写操作离线时禁止提交，不进入隐式离线队列,AdminAppBuildProfilePutAppBuildProfilesByIdResponse,READY_FOR_IMPLEMENTATION
ACT-ADM-BUILD-005-04,ADMIN,ADM-BUILD-005,构建任务详情,/delivery/builds/jobs/:id,构建任务列表,页面首次进入、下拉刷新、筛选/排序变化或滚动触底时触发；相同查询条件避免并发重复请求,GET /admin-api/v1/app-build/jobs,adminAppBuildJobGetAppBuildJobs,AdminAppBuildJobGetAppBuildJobsParameters,app.build.read,不要求,首屏替换数据，翻页仅追加去重；更新分页、筛选回显、总数/游标和最后刷新时间；空结果进入业务空状态,首屏失败显示全页错误与重试；刷新失败保留旧数据并提示；翻页失败保留已加载数据并提供行内重试；401跳登录或会话升级，403显示无权限，404不适用,ui_action_adm_build_005_04,REQ-BUILD-001;REQ-APK-001,TST-BUILD_001-HAPPY;TST-APK_001-HAPPY,FROZEN_DETAILED_V1.2.2,LIST_QUERY,页面主按钮/行操作/更多菜单/标准弹层，具体位置由模板和页面操作规格确定,页面具备读取权限；筛选项按数据范围和角色显示,网络可用；非正在刷新；翻页时 nextCursor/hasNext 为真,"校验 page,pageSize,cursor,status,keyword,sort",page;pageSize;cursor;status;keyword;sort,不需要,GET /admin-api/v1/app-build/jobs；请求模型 AdminAppBuildJobGetAppBuildJobsParameters；响应模型 AdminAppBuildJobGetAppBuildJobsResponse,同资源单写请求锁；状态机服务端复核,首屏使用骨架屏；刷新保留现有数据；翻页使用列表尾部加载器,GET 可人工重试；网络瞬断最多指数退避自动重试 2 次；筛选变化取消旧请求,留在当前页；点击行/卡片按页面导航规格进入详情,当前资源、来源列表、全局角标/余额/待办中与该领域相关的缓存；禁止无差别清空全部缓存,记录敏感数据访问审计：操作人、目标、字段范围、目的、requestId 和结果,敏感字段按数据分级脱敏；密码、验证码、身份证、支付账号、秘密引用绝不进入埋点和普通日志,GET 可展示明确标记的最近缓存；写操作离线时禁止提交，不进入隐式离线队列,AdminAppBuildJobGetAppBuildJobsResponse,READY_FOR_IMPLEMENTATION
ACT-ADM-BUILD-005-05,ADMIN,ADM-BUILD-005,构建任务详情,/delivery/builds/jobs/:id,基于批准Git Ref创建官方App构建任务,用户显式点击操作入口，且本地字段校验、权限、状态机前置条件全部满足,POST /admin-api/v1/app-build/jobs,adminAppBuildJobPostAppBuildJobs,AdminAppBuildJobPostAppBuildJobsRequest,app.build.run,X-Idempotency-Key必填,使用响应中的资源和 version 更新页面；清除已提交脏状态；展示“基于批准Git Ref创建官方App构建任务成功”；刷新受影响列表、详情、余额或配置版本,400逐字段映射；401要求重新认证；403隐藏后续写入口并记录越权拒绝；409提示数据已变化并重新加载；422展示业务原因且保留输入；429显示可重试时间；500保留上下文并提供 requestId,ui_action_adm_build_005_05,REQ-BUILD-001;REQ-APK-001,TST-BUILD_001-HAPPY;TST-APK_001-HAPPY;TST-BUILD_001-IDEMPOTENT;TST-APK_001-IDEMPOTENT,FROZEN_DETAILED_V1.2.2,CREATE_OR_SUBMIT,页面主按钮/行操作/更多菜单/标准弹层，具体位置由模板和页面操作规格确定,具备权限 app.build.run，且资源状态允许“基于批准Git Ref创建官方App构建任务”；按钮显示条件由页面状态表和状态机共同决定,不存在同资源写请求；必填字段有效；服务端 version 未被本地标记过期；需要审批时已选择审批单,"校验 X-Idempotency-Key,profileId,gitRef,commitSha,reason；同一业务意图生成稳定 X-Idempotency-Key；请求体变化必须换键",X-Idempotency-Key;profileId;gitRef;commitSha;reason,必须二次确认；确认框展示目标、影响、不可逆性、原因、审批要求和将触发的通知,POST /admin-api/v1/app-build/jobs；请求模型 AdminAppBuildJobPostAppBuildJobsRequest；响应模型 AdminAppBuildJobPostAppBuildJobsResponse,X-Idempotency-Key + 服务端结果查询,提交期间锁定同资源写操作，保留输入并显示明确进度；禁止全页无反馈等待,使用同一幂等键仅重试同一请求体；若服务端已受理则先查询结果；409版本冲突不得盲重试,默认留在当前页并刷新；创建成功进入详情，支付/认证/发布结果按对应流程导航,当前资源、来源列表、全局角标/余额/待办中与该领域相关的缓存；禁止无差别清空全部缓存,记录操作人、角色、目标、前后状态/版本、原因、审批单、requestId、IP/设备和结果,敏感字段按数据分级脱敏；密码、验证码、身份证、支付账号、秘密引用绝不进入埋点和普通日志,GET 可展示明确标记的最近缓存；写操作离线时禁止提交，不进入隐式离线队列,AdminAppBuildJobPostAppBuildJobsResponse,READY_FOR_IMPLEMENTATION
ACT-ADM-BUILD-005-06,ADMIN,ADM-BUILD-005,构建任务详情,/delivery/builds/jobs/:id,构建任务详情,页面进入、显式刷新、从后台恢复且缓存过期，或收到相关领域事件后触发,GET /admin-api/v1/app-build/jobs/{id},adminAppBuildJobGetAppBuildJobsById,AdminAppBuildJobGetAppBuildJobsByIdParameters,app.build.read,不要求,以服务端返回的 version 和状态覆盖详情；重算按钮显示/可用条件；记录页面曝光和请求 requestId,404显示资源不存在或已下架并提供返回；403显示无权限；409触发重新拉取；网络失败保留缓存并标记可能过期,ui_action_adm_build_005_06,REQ-BUILD-001;REQ-APK-001,TST-BUILD_001-HAPPY;TST-APK_001-HAPPY,FROZEN_DETAILED_V1.2.2,DETAIL_QUERY,页面主按钮/行操作/更多菜单/标准弹层，具体位置由模板和页面操作规格确定,页面具备读取权限且路由参数完整,网络可用且不存在同资源进行中的请求,校验 id,id,不需要,GET /admin-api/v1/app-build/jobs/{id}；请求模型 AdminAppBuildJobGetAppBuildJobsByIdParameters；响应模型 AdminAppBuildJobGetAppBuildJobsByIdResponse,同资源单写请求锁；状态机服务端复核,首次进入使用结构骨架；刷新保留当前内容并显示轻量刷新态,GET 可人工重试；缓存可作为只读降级但禁止基于过期数据执行写操作,留在当前页；资源不存在时返回上一级并从来源列表移除或标记,当前资源、来源列表、全局角标/余额/待办中与该领域相关的缓存；禁止无差别清空全部缓存,记录敏感数据访问审计：操作人、目标、字段范围、目的、requestId 和结果,敏感字段按数据分级脱敏；密码、验证码、身份证、支付账号、秘密引用绝不进入埋点和普通日志,GET 可展示明确标记的最近缓存；写操作离线时禁止提交，不进入隐式离线队列,AdminAppBuildJobGetAppBuildJobsByIdResponse,READY_FOR_IMPLEMENTATION
ACT-ADM-BUILD-005-07,ADMIN,ADM-BUILD-005,构建任务详情,/delivery/builds/jobs/:id,构建步骤日志,页面首次进入、下拉刷新、筛选/排序变化或滚动触底时触发；相同查询条件避免并发重复请求,GET /admin-api/v1/app-build/jobs/{id}/logs,adminAppBuildJobGetAppBuildJobsByIdLogs,AdminAppBuildJobGetAppBuildJobsByIdLogsParameters,app.build.read,不要求,首屏替换数据，翻页仅追加去重；更新分页、筛选回显、总数/游标和最后刷新时间；空结果进入业务空状态,首屏失败显示全页错误与重试；刷新失败保留旧数据并提示；翻页失败保留已加载数据并提供行内重试；401跳登录或会话升级，403显示无权限，404不适用,ui_action_adm_build_005_07,REQ-BUILD-001;REQ-APK-001,TST-BUILD_001-HAPPY;TST-APK_001-HAPPY,FROZEN_DETAILED_V1.2.2,LIST_QUERY,页面主按钮/行操作/更多菜单/标准弹层，具体位置由模板和页面操作规格确定,页面具备读取权限；筛选项按数据范围和角色显示,网络可用；非正在刷新；翻页时 nextCursor/hasNext 为真,"校验 id,page,pageSize,cursor,status,keyword,sort",id;page;pageSize;cursor;status;keyword;sort,不需要,GET /admin-api/v1/app-build/jobs/{id}/logs；请求模型 AdminAppBuildJobGetAppBuildJobsByIdLogsParameters；响应模型 AdminAppBuildJobGetAppBuildJobsByIdLogsResponse,同资源单写请求锁；状态机服务端复核,首屏使用骨架屏；刷新保留现有数据；翻页使用列表尾部加载器,GET 可人工重试；网络瞬断最多指数退避自动重试 2 次；筛选变化取消旧请求,留在当前页；点击行/卡片按页面导航规格进入详情,当前资源、来源列表、全局角标/余额/待办中与该领域相关的缓存；禁止无差别清空全部缓存,记录敏感数据访问审计：操作人、目标、字段范围、目的、requestId 和结果,敏感字段按数据分级脱敏；密码、验证码、身份证、支付账号、秘密引用绝不进入埋点和普通日志,GET 可展示明确标记的最近缓存；写操作离线时禁止提交，不进入隐式离线队列,AdminAppBuildJobGetAppBuildJobsByIdLogsResponse,READY_FOR_IMPLEMENTATION
ACT-ADM-BUILD-005-08,ADMIN,ADM-BUILD-005,构建任务详情,/delivery/builds/jobs/:id,取消可取消的构建任务,用户显式点击操作入口，且本地字段校验、权限、状态机前置条件全部满足,POST /admin-api/v1/app-build/jobs/{id}/cancel,adminAppBuildJobPostAppBuildJobsByIdCancel,AdminAppBuildJobPostAppBuildJobsByIdCancelRequest,app.build.run,X-Idempotency-Key必填,按状态机更新资源并移除或禁用不再可用的操作；展示“取消可取消的构建任务成功”；保留操作记录入口,400逐字段映射；401要求重新认证；403隐藏后续写入口并记录越权拒绝；409提示数据已变化并重新加载；422展示业务原因且保留输入；429显示可重试时间；500保留上下文并提供 requestId,ui_action_adm_build_005_08,REQ-BUILD-001;REQ-APK-001,TST-BUILD_001-HAPPY;TST-APK_001-HAPPY;TST-BUILD_001-IDEMPOTENT;TST-APK_001-IDEMPOTENT,FROZEN_DETAILED_V1.2.2,CREATE_OR_SUBMIT,页面主按钮/行操作/更多菜单/标准弹层，具体位置由模板和页面操作规格确定,具备权限 app.build.run，且资源状态允许“取消可取消的构建任务”；按钮显示条件由页面状态表和状态机共同决定,不存在同资源写请求；必填字段有效；服务端 version 未被本地标记过期；需要审批时已选择审批单,"校验 id,X-Idempotency-Key,reason,expectedVersion；expectedVersion 必须等于页面最后一次成功读取的服务端版本；同一业务意图生成稳定 X-Idempotency-Key；请求体变化必须换键",id;X-Idempotency-Key;reason;expectedVersion,必须二次确认；确认框展示目标、影响、不可逆性、原因、审批要求和将触发的通知,POST /admin-api/v1/app-build/jobs/{id}/cancel；请求模型 AdminAppBuildJobPostAppBuildJobsByIdCancelRequest；响应模型 AdminAppBuildJobPostAppBuildJobsByIdCancelResponse,expectedVersion 乐观锁 + X-Idempotency-Key + 服务端结果查询,提交期间锁定同资源写操作，保留输入并显示明确进度；禁止全页无反馈等待,使用同一幂等键仅重试同一请求体；若服务端已受理则先查询结果；409版本冲突不得盲重试,默认留在当前页并刷新；创建成功进入详情，支付/认证/发布结果按对应流程导航,当前资源、来源列表、全局角标/余额/待办中与该领域相关的缓存；禁止无差别清空全部缓存,记录操作人、角色、目标、前后状态/版本、原因、审批单、requestId、IP/设备和结果,敏感字段按数据分级脱敏；密码、验证码、身份证、支付账号、秘密引用绝不进入埋点和普通日志,GET 可展示明确标记的最近缓存；写操作离线时禁止提交，不进入隐式离线队列,AdminAppBuildJobPostAppBuildJobsByIdCancelResponse,READY_FOR_IMPLEMENTATION
ACT-ADM-BUILD-006-01,ADMIN,ADM-BUILD-006,构建产物与下载,/delivery/builds/artifacts,App构建Profile列表,页面首次进入、下拉刷新、筛选/排序变化或滚动触底时触发；相同查询条件避免并发重复请求,GET /admin-api/v1/app-build/profiles,adminAppBuildProfileGetAppBuildProfiles,AdminAppBuildProfileGetAppBuildProfilesParameters,app.build.read,不要求,首屏替换数据，翻页仅追加去重；更新分页、筛选回显、总数/游标和最后刷新时间；空结果进入业务空状态,首屏失败显示全页错误与重试；刷新失败保留旧数据并提示；翻页失败保留已加载数据并提供行内重试；401跳登录或会话升级，403显示无权限，404不适用,ui_action_adm_build_006_01,REQ-BUILD-001;REQ-APK-001,TST-BUILD_001-HAPPY;TST-APK_001-HAPPY,FROZEN_DETAILED_V1.2.2,LIST_QUERY,页面主按钮/行操作/更多菜单/标准弹层，具体位置由模板和页面操作规格确定,页面具备读取权限；筛选项按数据范围和角色显示,网络可用；非正在刷新；翻页时 nextCursor/hasNext 为真,"校验 page,pageSize,cursor,status,keyword,sort",page;pageSize;cursor;status;keyword;sort,不需要,GET /admin-api/v1/app-build/profiles；请求模型 AdminAppBuildProfileGetAppBuildProfilesParameters；响应模型 AdminAppBuildProfileGetAppBuildProfilesResponse,同资源单写请求锁；状态机服务端复核,首屏使用骨架屏；刷新保留现有数据；翻页使用列表尾部加载器,GET 可人工重试；网络瞬断最多指数退避自动重试 2 次；筛选变化取消旧请求,留在当前页；点击行/卡片按页面导航规格进入详情,当前资源、来源列表、全局角标/余额/待办中与该领域相关的缓存；禁止无差别清空全部缓存,记录敏感数据访问审计：操作人、目标、字段范围、目的、requestId 和结果,敏感字段按数据分级脱敏；密码、验证码、身份证、支付账号、秘密引用绝不进入埋点和普通日志,GET 可展示明确标记的最近缓存；写操作离线时禁止提交，不进入隐式离线队列,AdminAppBuildProfileGetAppBuildProfilesResponse,READY_FOR_IMPLEMENTATION
ACT-ADM-BUILD-006-02,ADMIN,ADM-BUILD-006,构建产物与下载,/delivery/builds/artifacts,创建构建Profile,用户显式点击操作入口，且本地字段校验、权限、状态机前置条件全部满足,POST /admin-api/v1/app-build/profiles,adminAppBuildProfilePostAppBuildProfiles,AdminAppBuildProfilePostAppBuildProfilesRequest,app.build.write,X-Idempotency-Key必填,使用响应中的资源和 version 更新页面；清除已提交脏状态；展示“创建构建Profile成功”；刷新受影响列表、详情、余额或配置版本,400逐字段映射；401要求重新认证；403隐藏后续写入口并记录越权拒绝；409提示数据已变化并重新加载；422展示业务原因且保留输入；429显示可重试时间；500保留上下文并提供 requestId,ui_action_adm_build_006_02,REQ-BUILD-001;REQ-APK-001,TST-BUILD_001-HAPPY;TST-APK_001-HAPPY;TST-BUILD_001-IDEMPOTENT;TST-APK_001-IDEMPOTENT,FROZEN_DETAILED_V1.2.2,CREATE_OR_SUBMIT,页面主按钮/行操作/更多菜单/标准弹层，具体位置由模板和页面操作规格确定,具备权限 app.build.write，且资源状态允许“创建构建Profile”；按钮显示条件由页面状态表和状态机共同决定,不存在同资源写请求；必填字段有效；服务端 version 未被本地标记过期；需要审批时已选择审批单,"校验 X-Idempotency-Key,name,environment,applicationIdSuffix,apiBaseUrl,webSocketUrl,featureFlags,signingProfileId；同一业务意图生成稳定 X-Idempotency-Key；请求体变化必须换键",X-Idempotency-Key;name;environment;applicationIdSuffix;apiBaseUrl;webSocketUrl;featureFlags;signingProfileId,金额、权益或发布范围变化时二次确认；普通可撤销保存不需要,POST /admin-api/v1/app-build/profiles；请求模型 AdminAppBuildProfilePostAppBuildProfilesRequest；响应模型 AdminAppBuildProfilePostAppBuildProfilesResponse,X-Idempotency-Key + 服务端结果查询,提交期间锁定同资源写操作，保留输入并显示明确进度；禁止全页无反馈等待,使用同一幂等键仅重试同一请求体；若服务端已受理则先查询结果；409版本冲突不得盲重试,默认留在当前页并刷新；创建成功进入详情，支付/认证/发布结果按对应流程导航,当前资源、来源列表、全局角标/余额/待办中与该领域相关的缓存；禁止无差别清空全部缓存,记录操作人、角色、目标、前后状态/版本、原因、审批单、requestId、IP/设备和结果,敏感字段按数据分级脱敏；密码、验证码、身份证、支付账号、秘密引用绝不进入埋点和普通日志,GET 可展示明确标记的最近缓存；写操作离线时禁止提交，不进入隐式离线队列,AdminAppBuildProfilePostAppBuildProfilesResponse,READY_FOR_IMPLEMENTATION
ACT-ADM-BUILD-006-03,ADMIN,ADM-BUILD-006,构建产物与下载,/delivery/builds/artifacts,修改构建Profile,用户显式点击操作入口，且本地字段校验、权限、状态机前置条件全部满足,PUT /admin-api/v1/app-build/profiles/{id},adminAppBuildProfilePutAppBuildProfilesById,AdminAppBuildProfilePutAppBuildProfilesByIdRequest,app.build.write,X-Idempotency-Key必填,使用响应中的资源和 version 更新页面；清除已提交脏状态；展示“修改构建Profile成功”；刷新受影响列表、详情、余额或配置版本,400逐字段映射；401要求重新认证；403隐藏后续写入口并记录越权拒绝；409提示数据已变化并重新加载；422展示业务原因且保留输入；429显示可重试时间；500保留上下文并提供 requestId,ui_action_adm_build_006_03,REQ-BUILD-001;REQ-APK-001,TST-BUILD_001-HAPPY;TST-APK_001-HAPPY;TST-BUILD_001-IDEMPOTENT;TST-APK_001-IDEMPOTENT,FROZEN_DETAILED_V1.2.2,UPDATE,页面主按钮/行操作/更多菜单/标准弹层，具体位置由模板和页面操作规格确定,具备权限 app.build.write，且资源状态允许“修改构建Profile”；按钮显示条件由页面状态表和状态机共同决定,不存在同资源写请求；必填字段有效；服务端 version 未被本地标记过期；需要审批时已选择审批单,"校验 id,X-Idempotency-Key,name,apiBaseUrl,webSocketUrl,featureFlags,signingProfileId,expectedVersion；expectedVersion 必须等于页面最后一次成功读取的服务端版本；同一业务意图生成稳定 X-Idempotency-Key；请求体变化必须换键",id;X-Idempotency-Key;name;apiBaseUrl;webSocketUrl;featureFlags;signingProfileId;expectedVersion,金额、权益或发布范围变化时二次确认；普通可撤销保存不需要,PUT /admin-api/v1/app-build/profiles/{id}；请求模型 AdminAppBuildProfilePutAppBuildProfilesByIdRequest；响应模型 AdminAppBuildProfilePutAppBuildProfilesByIdResponse,expectedVersion 乐观锁 + X-Idempotency-Key + 服务端结果查询,提交期间锁定同资源写操作，保留输入并显示明确进度；禁止全页无反馈等待,使用同一幂等键仅重试同一请求体；若服务端已受理则先查询结果；409版本冲突不得盲重试,默认留在当前页并刷新；创建成功进入详情，支付/认证/发布结果按对应流程导航,当前资源、来源列表、全局角标/余额/待办中与该领域相关的缓存；禁止无差别清空全部缓存,记录操作人、角色、目标、前后状态/版本、原因、审批单、requestId、IP/设备和结果,敏感字段按数据分级脱敏；密码、验证码、身份证、支付账号、秘密引用绝不进入埋点和普通日志,GET 可展示明确标记的最近缓存；写操作离线时禁止提交，不进入隐式离线队列,AdminAppBuildProfilePutAppBuildProfilesByIdResponse,READY_FOR_IMPLEMENTATION
ACT-ADM-BUILD-006-04,ADMIN,ADM-BUILD-006,构建产物与下载,/delivery/builds/artifacts,构建任务列表,页面首次进入、下拉刷新、筛选/排序变化或滚动触底时触发；相同查询条件避免并发重复请求,GET /admin-api/v1/app-build/jobs,adminAppBuildJobGetAppBuildJobs,AdminAppBuildJobGetAppBuildJobsParameters,app.build.read,不要求,首屏替换数据，翻页仅追加去重；更新分页、筛选回显、总数/游标和最后刷新时间；空结果进入业务空状态,首屏失败显示全页错误与重试；刷新失败保留旧数据并提示；翻页失败保留已加载数据并提供行内重试；401跳登录或会话升级，403显示无权限，404不适用,ui_action_adm_build_006_04,REQ-BUILD-001;REQ-APK-001,TST-BUILD_001-HAPPY;TST-APK_001-HAPPY,FROZEN_DETAILED_V1.2.2,LIST_QUERY,页面主按钮/行操作/更多菜单/标准弹层，具体位置由模板和页面操作规格确定,页面具备读取权限；筛选项按数据范围和角色显示,网络可用；非正在刷新；翻页时 nextCursor/hasNext 为真,"校验 page,pageSize,cursor,status,keyword,sort",page;pageSize;cursor;status;keyword;sort,不需要,GET /admin-api/v1/app-build/jobs；请求模型 AdminAppBuildJobGetAppBuildJobsParameters；响应模型 AdminAppBuildJobGetAppBuildJobsResponse,同资源单写请求锁；状态机服务端复核,首屏使用骨架屏；刷新保留现有数据；翻页使用列表尾部加载器,GET 可人工重试；网络瞬断最多指数退避自动重试 2 次；筛选变化取消旧请求,留在当前页；点击行/卡片按页面导航规格进入详情,当前资源、来源列表、全局角标/余额/待办中与该领域相关的缓存；禁止无差别清空全部缓存,记录敏感数据访问审计：操作人、目标、字段范围、目的、requestId 和结果,敏感字段按数据分级脱敏；密码、验证码、身份证、支付账号、秘密引用绝不进入埋点和普通日志,GET 可展示明确标记的最近缓存；写操作离线时禁止提交，不进入隐式离线队列,AdminAppBuildJobGetAppBuildJobsResponse,READY_FOR_IMPLEMENTATION
ACT-ADM-BUILD-006-05,ADMIN,ADM-BUILD-006,构建产物与下载,/delivery/builds/artifacts,基于批准Git Ref创建官方App构建任务,用户显式点击操作入口，且本地字段校验、权限、状态机前置条件全部满足,POST /admin-api/v1/app-build/jobs,adminAppBuildJobPostAppBuildJobs,AdminAppBuildJobPostAppBuildJobsRequest,app.build.run,X-Idempotency-Key必填,使用响应中的资源和 version 更新页面；清除已提交脏状态；展示“基于批准Git Ref创建官方App构建任务成功”；刷新受影响列表、详情、余额或配置版本,400逐字段映射；401要求重新认证；403隐藏后续写入口并记录越权拒绝；409提示数据已变化并重新加载；422展示业务原因且保留输入；429显示可重试时间；500保留上下文并提供 requestId,ui_action_adm_build_006_05,REQ-BUILD-001;REQ-APK-001,TST-BUILD_001-HAPPY;TST-APK_001-HAPPY;TST-BUILD_001-IDEMPOTENT;TST-APK_001-IDEMPOTENT,FROZEN_DETAILED_V1.2.2,CREATE_OR_SUBMIT,页面主按钮/行操作/更多菜单/标准弹层，具体位置由模板和页面操作规格确定,具备权限 app.build.run，且资源状态允许“基于批准Git Ref创建官方App构建任务”；按钮显示条件由页面状态表和状态机共同决定,不存在同资源写请求；必填字段有效；服务端 version 未被本地标记过期；需要审批时已选择审批单,"校验 X-Idempotency-Key,profileId,gitRef,commitSha,reason；同一业务意图生成稳定 X-Idempotency-Key；请求体变化必须换键",X-Idempotency-Key;profileId;gitRef;commitSha;reason,必须二次确认；确认框展示目标、影响、不可逆性、原因、审批要求和将触发的通知,POST /admin-api/v1/app-build/jobs；请求模型 AdminAppBuildJobPostAppBuildJobsRequest；响应模型 AdminAppBuildJobPostAppBuildJobsResponse,X-Idempotency-Key + 服务端结果查询,提交期间锁定同资源写操作，保留输入并显示明确进度；禁止全页无反馈等待,使用同一幂等键仅重试同一请求体；若服务端已受理则先查询结果；409版本冲突不得盲重试,默认留在当前页并刷新；创建成功进入详情，支付/认证/发布结果按对应流程导航,当前资源、来源列表、全局角标/余额/待办中与该领域相关的缓存；禁止无差别清空全部缓存,记录操作人、角色、目标、前后状态/版本、原因、审批单、requestId、IP/设备和结果,敏感字段按数据分级脱敏；密码、验证码、身份证、支付账号、秘密引用绝不进入埋点和普通日志,GET 可展示明确标记的最近缓存；写操作离线时禁止提交，不进入隐式离线队列,AdminAppBuildJobPostAppBuildJobsResponse,READY_FOR_IMPLEMENTATION
ACT-ADM-BUILD-006-06,ADMIN,ADM-BUILD-006,构建产物与下载,/delivery/builds/artifacts,构建任务详情,页面进入、显式刷新、从后台恢复且缓存过期，或收到相关领域事件后触发,GET /admin-api/v1/app-build/jobs/{id},adminAppBuildJobGetAppBuildJobsById,AdminAppBuildJobGetAppBuildJobsByIdParameters,app.build.read,不要求,以服务端返回的 version 和状态覆盖详情；重算按钮显示/可用条件；记录页面曝光和请求 requestId,404显示资源不存在或已下架并提供返回；403显示无权限；409触发重新拉取；网络失败保留缓存并标记可能过期,ui_action_adm_build_006_06,REQ-BUILD-001;REQ-APK-001,TST-BUILD_001-HAPPY;TST-APK_001-HAPPY,FROZEN_DETAILED_V1.2.2,DETAIL_QUERY,页面主按钮/行操作/更多菜单/标准弹层，具体位置由模板和页面操作规格确定,页面具备读取权限且路由参数完整,网络可用且不存在同资源进行中的请求,校验 id,id,不需要,GET /admin-api/v1/app-build/jobs/{id}；请求模型 AdminAppBuildJobGetAppBuildJobsByIdParameters；响应模型 AdminAppBuildJobGetAppBuildJobsByIdResponse,同资源单写请求锁；状态机服务端复核,首次进入使用结构骨架；刷新保留当前内容并显示轻量刷新态,GET 可人工重试；缓存可作为只读降级但禁止基于过期数据执行写操作,留在当前页；资源不存在时返回上一级并从来源列表移除或标记,当前资源、来源列表、全局角标/余额/待办中与该领域相关的缓存；禁止无差别清空全部缓存,记录敏感数据访问审计：操作人、目标、字段范围、目的、requestId 和结果,敏感字段按数据分级脱敏；密码、验证码、身份证、支付账号、秘密引用绝不进入埋点和普通日志,GET 可展示明确标记的最近缓存；写操作离线时禁止提交，不进入隐式离线队列,AdminAppBuildJobGetAppBuildJobsByIdResponse,READY_FOR_IMPLEMENTATION
ACT-ADM-BUILD-006-07,ADMIN,ADM-BUILD-006,构建产物与下载,/delivery/builds/artifacts,构建步骤日志,页面首次进入、下拉刷新、筛选/排序变化或滚动触底时触发；相同查询条件避免并发重复请求,GET /admin-api/v1/app-build/jobs/{id}/logs,adminAppBuildJobGetAppBuildJobsByIdLogs,AdminAppBuildJobGetAppBuildJobsByIdLogsParameters,app.build.read,不要求,首屏替换数据，翻页仅追加去重；更新分页、筛选回显、总数/游标和最后刷新时间；空结果进入业务空状态,首屏失败显示全页错误与重试；刷新失败保留旧数据并提示；翻页失败保留已加载数据并提供行内重试；401跳登录或会话升级，403显示无权限，404不适用,ui_action_adm_build_006_07,REQ-BUILD-001;REQ-APK-001,TST-BUILD_001-HAPPY;TST-APK_001-HAPPY,FROZEN_DETAILED_V1.2.2,LIST_QUERY,页面主按钮/行操作/更多菜单/标准弹层，具体位置由模板和页面操作规格确定,页面具备读取权限；筛选项按数据范围和角色显示,网络可用；非正在刷新；翻页时 nextCursor/hasNext 为真,"校验 id,page,pageSize,cursor,status,keyword,sort",id;page;pageSize;cursor;status;keyword;sort,不需要,GET /admin-api/v1/app-build/jobs/{id}/logs；请求模型 AdminAppBuildJobGetAppBuildJobsByIdLogsParameters；响应模型 AdminAppBuildJobGetAppBuildJobsByIdLogsResponse,同资源单写请求锁；状态机服务端复核,首屏使用骨架屏；刷新保留现有数据；翻页使用列表尾部加载器,GET 可人工重试；网络瞬断最多指数退避自动重试 2 次；筛选变化取消旧请求,留在当前页；点击行/卡片按页面导航规格进入详情,当前资源、来源列表、全局角标/余额/待办中与该领域相关的缓存；禁止无差别清空全部缓存,记录敏感数据访问审计：操作人、目标、字段范围、目的、requestId 和结果,敏感字段按数据分级脱敏；密码、验证码、身份证、支付账号、秘密引用绝不进入埋点和普通日志,GET 可展示明确标记的最近缓存；写操作离线时禁止提交，不进入隐式离线队列,AdminAppBuildJobGetAppBuildJobsByIdLogsResponse,READY_FOR_IMPLEMENTATION
ACT-ADM-BUILD-006-08,ADMIN,ADM-BUILD-006,构建产物与下载,/delivery/builds/artifacts,取消可取消的构建任务,用户显式点击操作入口，且本地字段校验、权限、状态机前置条件全部满足,POST /admin-api/v1/app-build/jobs/{id}/cancel,adminAppBuildJobPostAppBuildJobsByIdCancel,AdminAppBuildJobPostAppBuildJobsByIdCancelRequest,app.build.run,X-Idempotency-Key必填,按状态机更新资源并移除或禁用不再可用的操作；展示“取消可取消的构建任务成功”；保留操作记录入口,400逐字段映射；401要求重新认证；403隐藏后续写入口并记录越权拒绝；409提示数据已变化并重新加载；422展示业务原因且保留输入；429显示可重试时间；500保留上下文并提供 requestId,ui_action_adm_build_006_08,REQ-BUILD-001;REQ-APK-001,TST-BUILD_001-HAPPY;TST-APK_001-HAPPY;TST-BUILD_001-IDEMPOTENT;TST-APK_001-IDEMPOTENT,FROZEN_DETAILED_V1.2.2,CREATE_OR_SUBMIT,页面主按钮/行操作/更多菜单/标准弹层，具体位置由模板和页面操作规格确定,具备权限 app.build.run，且资源状态允许“取消可取消的构建任务”；按钮显示条件由页面状态表和状态机共同决定,不存在同资源写请求；必填字段有效；服务端 version 未被本地标记过期；需要审批时已选择审批单,"校验 id,X-Idempotency-Key,reason,expectedVersion；expectedVersion 必须等于页面最后一次成功读取的服务端版本；同一业务意图生成稳定 X-Idempotency-Key；请求体变化必须换键",id;X-Idempotency-Key;reason;expectedVersion,必须二次确认；确认框展示目标、影响、不可逆性、原因、审批要求和将触发的通知,POST /admin-api/v1/app-build/jobs/{id}/cancel；请求模型 AdminAppBuildJobPostAppBuildJobsByIdCancelRequest；响应模型 AdminAppBuildJobPostAppBuildJobsByIdCancelResponse,expectedVersion 乐观锁 + X-Idempotency-Key + 服务端结果查询,提交期间锁定同资源写操作，保留输入并显示明确进度；禁止全页无反馈等待,使用同一幂等键仅重试同一请求体；若服务端已受理则先查询结果；409版本冲突不得盲重试,默认留在当前页并刷新；创建成功进入详情，支付/认证/发布结果按对应流程导航,当前资源、来源列表、全局角标/余额/待办中与该领域相关的缓存；禁止无差别清空全部缓存,记录操作人、角色、目标、前后状态/版本、原因、审批单、requestId、IP/设备和结果,敏感字段按数据分级脱敏；密码、验证码、身份证、支付账号、秘密引用绝不进入埋点和普通日志,GET 可展示明确标记的最近缓存；写操作离线时禁止提交，不进入隐式离线队列,AdminAppBuildJobPostAppBuildJobsByIdCancelResponse,READY_FOR_IMPLEMENTATION
ACT-ADM-BUILD-007-01,ADMIN,ADM-BUILD-007,发布与回滚,/delivery/releases,App构建Profile列表,页面首次进入、下拉刷新、筛选/排序变化或滚动触底时触发；相同查询条件避免并发重复请求,GET /admin-api/v1/app-build/profiles,adminAppBuildProfileGetAppBuildProfiles,AdminAppBuildProfileGetAppBuildProfilesParameters,app.build.read,不要求,首屏替换数据，翻页仅追加去重；更新分页、筛选回显、总数/游标和最后刷新时间；空结果进入业务空状态,首屏失败显示全页错误与重试；刷新失败保留旧数据并提示；翻页失败保留已加载数据并提供行内重试；401跳登录或会话升级，403显示无权限，404不适用,ui_action_adm_build_007_01,REQ-BUILD-001;REQ-APK-001,TST-BUILD_001-HAPPY;TST-APK_001-HAPPY,FROZEN_DETAILED_V1.2.2,LIST_QUERY,页面主按钮/行操作/更多菜单/标准弹层，具体位置由模板和页面操作规格确定,页面具备读取权限；筛选项按数据范围和角色显示,网络可用；非正在刷新；翻页时 nextCursor/hasNext 为真,"校验 page,pageSize,cursor,status,keyword,sort",page;pageSize;cursor;status;keyword;sort,不需要,GET /admin-api/v1/app-build/profiles；请求模型 AdminAppBuildProfileGetAppBuildProfilesParameters；响应模型 AdminAppBuildProfileGetAppBuildProfilesResponse,同资源单写请求锁；状态机服务端复核,首屏使用骨架屏；刷新保留现有数据；翻页使用列表尾部加载器,GET 可人工重试；网络瞬断最多指数退避自动重试 2 次；筛选变化取消旧请求,留在当前页；点击行/卡片按页面导航规格进入详情,当前资源、来源列表、全局角标/余额/待办中与该领域相关的缓存；禁止无差别清空全部缓存,记录敏感数据访问审计：操作人、目标、字段范围、目的、requestId 和结果,敏感字段按数据分级脱敏；密码、验证码、身份证、支付账号、秘密引用绝不进入埋点和普通日志,GET 可展示明确标记的最近缓存；写操作离线时禁止提交，不进入隐式离线队列,AdminAppBuildProfileGetAppBuildProfilesResponse,READY_FOR_IMPLEMENTATION
ACT-ADM-BUILD-007-02,ADMIN,ADM-BUILD-007,发布与回滚,/delivery/releases,创建构建Profile,用户显式点击操作入口，且本地字段校验、权限、状态机前置条件全部满足,POST /admin-api/v1/app-build/profiles,adminAppBuildProfilePostAppBuildProfiles,AdminAppBuildProfilePostAppBuildProfilesRequest,app.build.write,X-Idempotency-Key必填,使用响应中的资源和 version 更新页面；清除已提交脏状态；展示“创建构建Profile成功”；刷新受影响列表、详情、余额或配置版本,400逐字段映射；401要求重新认证；403隐藏后续写入口并记录越权拒绝；409提示数据已变化并重新加载；422展示业务原因且保留输入；429显示可重试时间；500保留上下文并提供 requestId,ui_action_adm_build_007_02,REQ-BUILD-001;REQ-APK-001,TST-BUILD_001-HAPPY;TST-APK_001-HAPPY;TST-BUILD_001-IDEMPOTENT;TST-APK_001-IDEMPOTENT,FROZEN_DETAILED_V1.2.2,CREATE_OR_SUBMIT,页面主按钮/行操作/更多菜单/标准弹层，具体位置由模板和页面操作规格确定,具备权限 app.build.write，且资源状态允许“创建构建Profile”；按钮显示条件由页面状态表和状态机共同决定,不存在同资源写请求；必填字段有效；服务端 version 未被本地标记过期；需要审批时已选择审批单,"校验 X-Idempotency-Key,name,environment,applicationIdSuffix,apiBaseUrl,webSocketUrl,featureFlags,signingProfileId；同一业务意图生成稳定 X-Idempotency-Key；请求体变化必须换键",X-Idempotency-Key;name;environment;applicationIdSuffix;apiBaseUrl;webSocketUrl;featureFlags;signingProfileId,金额、权益或发布范围变化时二次确认；普通可撤销保存不需要,POST /admin-api/v1/app-build/profiles；请求模型 AdminAppBuildProfilePostAppBuildProfilesRequest；响应模型 AdminAppBuildProfilePostAppBuildProfilesResponse,X-Idempotency-Key + 服务端结果查询,提交期间锁定同资源写操作，保留输入并显示明确进度；禁止全页无反馈等待,使用同一幂等键仅重试同一请求体；若服务端已受理则先查询结果；409版本冲突不得盲重试,默认留在当前页并刷新；创建成功进入详情，支付/认证/发布结果按对应流程导航,当前资源、来源列表、全局角标/余额/待办中与该领域相关的缓存；禁止无差别清空全部缓存,记录操作人、角色、目标、前后状态/版本、原因、审批单、requestId、IP/设备和结果,敏感字段按数据分级脱敏；密码、验证码、身份证、支付账号、秘密引用绝不进入埋点和普通日志,GET 可展示明确标记的最近缓存；写操作离线时禁止提交，不进入隐式离线队列,AdminAppBuildProfilePostAppBuildProfilesResponse,READY_FOR_IMPLEMENTATION
ACT-ADM-BUILD-007-03,ADMIN,ADM-BUILD-007,发布与回滚,/delivery/releases,修改构建Profile,用户显式点击操作入口，且本地字段校验、权限、状态机前置条件全部满足,PUT /admin-api/v1/app-build/profiles/{id},adminAppBuildProfilePutAppBuildProfilesById,AdminAppBuildProfilePutAppBuildProfilesByIdRequest,app.build.write,X-Idempotency-Key必填,使用响应中的资源和 version 更新页面；清除已提交脏状态；展示“修改构建Profile成功”；刷新受影响列表、详情、余额或配置版本,400逐字段映射；401要求重新认证；403隐藏后续写入口并记录越权拒绝；409提示数据已变化并重新加载；422展示业务原因且保留输入；429显示可重试时间；500保留上下文并提供 requestId,ui_action_adm_build_007_03,REQ-BUILD-001;REQ-APK-001,TST-BUILD_001-HAPPY;TST-APK_001-HAPPY;TST-BUILD_001-IDEMPOTENT;TST-APK_001-IDEMPOTENT,FROZEN_DETAILED_V1.2.2,UPDATE,页面主按钮/行操作/更多菜单/标准弹层，具体位置由模板和页面操作规格确定,具备权限 app.build.write，且资源状态允许“修改构建Profile”；按钮显示条件由页面状态表和状态机共同决定,不存在同资源写请求；必填字段有效；服务端 version 未被本地标记过期；需要审批时已选择审批单,"校验 id,X-Idempotency-Key,name,apiBaseUrl,webSocketUrl,featureFlags,signingProfileId,expectedVersion；expectedVersion 必须等于页面最后一次成功读取的服务端版本；同一业务意图生成稳定 X-Idempotency-Key；请求体变化必须换键",id;X-Idempotency-Key;name;apiBaseUrl;webSocketUrl;featureFlags;signingProfileId;expectedVersion,金额、权益或发布范围变化时二次确认；普通可撤销保存不需要,PUT /admin-api/v1/app-build/profiles/{id}；请求模型 AdminAppBuildProfilePutAppBuildProfilesByIdRequest；响应模型 AdminAppBuildProfilePutAppBuildProfilesByIdResponse,expectedVersion 乐观锁 + X-Idempotency-Key + 服务端结果查询,提交期间锁定同资源写操作，保留输入并显示明确进度；禁止全页无反馈等待,使用同一幂等键仅重试同一请求体；若服务端已受理则先查询结果；409版本冲突不得盲重试,默认留在当前页并刷新；创建成功进入详情，支付/认证/发布结果按对应流程导航,当前资源、来源列表、全局角标/余额/待办中与该领域相关的缓存；禁止无差别清空全部缓存,记录操作人、角色、目标、前后状态/版本、原因、审批单、requestId、IP/设备和结果,敏感字段按数据分级脱敏；密码、验证码、身份证、支付账号、秘密引用绝不进入埋点和普通日志,GET 可展示明确标记的最近缓存；写操作离线时禁止提交，不进入隐式离线队列,AdminAppBuildProfilePutAppBuildProfilesByIdResponse,READY_FOR_IMPLEMENTATION
ACT-ADM-BUILD-007-04,ADMIN,ADM-BUILD-007,发布与回滚,/delivery/releases,构建任务列表,页面首次进入、下拉刷新、筛选/排序变化或滚动触底时触发；相同查询条件避免并发重复请求,GET /admin-api/v1/app-build/jobs,adminAppBuildJobGetAppBuildJobs,AdminAppBuildJobGetAppBuildJobsParameters,app.build.read,不要求,首屏替换数据，翻页仅追加去重；更新分页、筛选回显、总数/游标和最后刷新时间；空结果进入业务空状态,首屏失败显示全页错误与重试；刷新失败保留旧数据并提示；翻页失败保留已加载数据并提供行内重试；401跳登录或会话升级，403显示无权限，404不适用,ui_action_adm_build_007_04,REQ-BUILD-001;REQ-APK-001,TST-BUILD_001-HAPPY;TST-APK_001-HAPPY,FROZEN_DETAILED_V1.2.2,LIST_QUERY,页面主按钮/行操作/更多菜单/标准弹层，具体位置由模板和页面操作规格确定,页面具备读取权限；筛选项按数据范围和角色显示,网络可用；非正在刷新；翻页时 nextCursor/hasNext 为真,"校验 page,pageSize,cursor,status,keyword,sort",page;pageSize;cursor;status;keyword;sort,不需要,GET /admin-api/v1/app-build/jobs；请求模型 AdminAppBuildJobGetAppBuildJobsParameters；响应模型 AdminAppBuildJobGetAppBuildJobsResponse,同资源单写请求锁；状态机服务端复核,首屏使用骨架屏；刷新保留现有数据；翻页使用列表尾部加载器,GET 可人工重试；网络瞬断最多指数退避自动重试 2 次；筛选变化取消旧请求,留在当前页；点击行/卡片按页面导航规格进入详情,当前资源、来源列表、全局角标/余额/待办中与该领域相关的缓存；禁止无差别清空全部缓存,记录敏感数据访问审计：操作人、目标、字段范围、目的、requestId 和结果,敏感字段按数据分级脱敏；密码、验证码、身份证、支付账号、秘密引用绝不进入埋点和普通日志,GET 可展示明确标记的最近缓存；写操作离线时禁止提交，不进入隐式离线队列,AdminAppBuildJobGetAppBuildJobsResponse,READY_FOR_IMPLEMENTATION
ACT-ADM-BUILD-007-05,ADMIN,ADM-BUILD-007,发布与回滚,/delivery/releases,基于批准Git Ref创建官方App构建任务,用户显式点击操作入口，且本地字段校验、权限、状态机前置条件全部满足,POST /admin-api/v1/app-build/jobs,adminAppBuildJobPostAppBuildJobs,AdminAppBuildJobPostAppBuildJobsRequest,app.build.run,X-Idempotency-Key必填,使用响应中的资源和 version 更新页面；清除已提交脏状态；展示“基于批准Git Ref创建官方App构建任务成功”；刷新受影响列表、详情、余额或配置版本,400逐字段映射；401要求重新认证；403隐藏后续写入口并记录越权拒绝；409提示数据已变化并重新加载；422展示业务原因且保留输入；429显示可重试时间；500保留上下文并提供 requestId,ui_action_adm_build_007_05,REQ-BUILD-001;REQ-APK-001,TST-BUILD_001-HAPPY;TST-APK_001-HAPPY;TST-BUILD_001-IDEMPOTENT;TST-APK_001-IDEMPOTENT,FROZEN_DETAILED_V1.2.2,CREATE_OR_SUBMIT,页面主按钮/行操作/更多菜单/标准弹层，具体位置由模板和页面操作规格确定,具备权限 app.build.run，且资源状态允许“基于批准Git Ref创建官方App构建任务”；按钮显示条件由页面状态表和状态机共同决定,不存在同资源写请求；必填字段有效；服务端 version 未被本地标记过期；需要审批时已选择审批单,"校验 X-Idempotency-Key,profileId,gitRef,commitSha,reason；同一业务意图生成稳定 X-Idempotency-Key；请求体变化必须换键",X-Idempotency-Key;profileId;gitRef;commitSha;reason,必须二次确认；确认框展示目标、影响、不可逆性、原因、审批要求和将触发的通知,POST /admin-api/v1/app-build/jobs；请求模型 AdminAppBuildJobPostAppBuildJobsRequest；响应模型 AdminAppBuildJobPostAppBuildJobsResponse,X-Idempotency-Key + 服务端结果查询,提交期间锁定同资源写操作，保留输入并显示明确进度；禁止全页无反馈等待,使用同一幂等键仅重试同一请求体；若服务端已受理则先查询结果；409版本冲突不得盲重试,默认留在当前页并刷新；创建成功进入详情，支付/认证/发布结果按对应流程导航,当前资源、来源列表、全局角标/余额/待办中与该领域相关的缓存；禁止无差别清空全部缓存,记录操作人、角色、目标、前后状态/版本、原因、审批单、requestId、IP/设备和结果,敏感字段按数据分级脱敏；密码、验证码、身份证、支付账号、秘密引用绝不进入埋点和普通日志,GET 可展示明确标记的最近缓存；写操作离线时禁止提交，不进入隐式离线队列,AdminAppBuildJobPostAppBuildJobsResponse,READY_FOR_IMPLEMENTATION
ACT-ADM-BUILD-007-06,ADMIN,ADM-BUILD-007,发布与回滚,/delivery/releases,构建任务详情,页面进入、显式刷新、从后台恢复且缓存过期，或收到相关领域事件后触发,GET /admin-api/v1/app-build/jobs/{id},adminAppBuildJobGetAppBuildJobsById,AdminAppBuildJobGetAppBuildJobsByIdParameters,app.build.read,不要求,以服务端返回的 version 和状态覆盖详情；重算按钮显示/可用条件；记录页面曝光和请求 requestId,404显示资源不存在或已下架并提供返回；403显示无权限；409触发重新拉取；网络失败保留缓存并标记可能过期,ui_action_adm_build_007_06,REQ-BUILD-001;REQ-APK-001,TST-BUILD_001-HAPPY;TST-APK_001-HAPPY,FROZEN_DETAILED_V1.2.2,DETAIL_QUERY,页面主按钮/行操作/更多菜单/标准弹层，具体位置由模板和页面操作规格确定,页面具备读取权限且路由参数完整,网络可用且不存在同资源进行中的请求,校验 id,id,不需要,GET /admin-api/v1/app-build/jobs/{id}；请求模型 AdminAppBuildJobGetAppBuildJobsByIdParameters；响应模型 AdminAppBuildJobGetAppBuildJobsByIdResponse,同资源单写请求锁；状态机服务端复核,首次进入使用结构骨架；刷新保留当前内容并显示轻量刷新态,GET 可人工重试；缓存可作为只读降级但禁止基于过期数据执行写操作,留在当前页；资源不存在时返回上一级并从来源列表移除或标记,当前资源、来源列表、全局角标/余额/待办中与该领域相关的缓存；禁止无差别清空全部缓存,记录敏感数据访问审计：操作人、目标、字段范围、目的、requestId 和结果,敏感字段按数据分级脱敏；密码、验证码、身份证、支付账号、秘密引用绝不进入埋点和普通日志,GET 可展示明确标记的最近缓存；写操作离线时禁止提交，不进入隐式离线队列,AdminAppBuildJobGetAppBuildJobsByIdResponse,READY_FOR_IMPLEMENTATION
ACT-ADM-BUILD-007-07,ADMIN,ADM-BUILD-007,发布与回滚,/delivery/releases,构建步骤日志,页面首次进入、下拉刷新、筛选/排序变化或滚动触底时触发；相同查询条件避免并发重复请求,GET /admin-api/v1/app-build/jobs/{id}/logs,adminAppBuildJobGetAppBuildJobsByIdLogs,AdminAppBuildJobGetAppBuildJobsByIdLogsParameters,app.build.read,不要求,首屏替换数据，翻页仅追加去重；更新分页、筛选回显、总数/游标和最后刷新时间；空结果进入业务空状态,首屏失败显示全页错误与重试；刷新失败保留旧数据并提示；翻页失败保留已加载数据并提供行内重试；401跳登录或会话升级，403显示无权限，404不适用,ui_action_adm_build_007_07,REQ-BUILD-001;REQ-APK-001,TST-BUILD_001-HAPPY;TST-APK_001-HAPPY,FROZEN_DETAILED_V1.2.2,LIST_QUERY,页面主按钮/行操作/更多菜单/标准弹层，具体位置由模板和页面操作规格确定,页面具备读取权限；筛选项按数据范围和角色显示,网络可用；非正在刷新；翻页时 nextCursor/hasNext 为真,"校验 id,page,pageSize,cursor,status,keyword,sort",id;page;pageSize;cursor;status;keyword;sort,不需要,GET /admin-api/v1/app-build/jobs/{id}/logs；请求模型 AdminAppBuildJobGetAppBuildJobsByIdLogsParameters；响应模型 AdminAppBuildJobGetAppBuildJobsByIdLogsResponse,同资源单写请求锁；状态机服务端复核,首屏使用骨架屏；刷新保留现有数据；翻页使用列表尾部加载器,GET 可人工重试；网络瞬断最多指数退避自动重试 2 次；筛选变化取消旧请求,留在当前页；点击行/卡片按页面导航规格进入详情,当前资源、来源列表、全局角标/余额/待办中与该领域相关的缓存；禁止无差别清空全部缓存,记录敏感数据访问审计：操作人、目标、字段范围、目的、requestId 和结果,敏感字段按数据分级脱敏；密码、验证码、身份证、支付账号、秘密引用绝不进入埋点和普通日志,GET 可展示明确标记的最近缓存；写操作离线时禁止提交，不进入隐式离线队列,AdminAppBuildJobGetAppBuildJobsByIdLogsResponse,READY_FOR_IMPLEMENTATION
ACT-ADM-BUILD-007-08,ADMIN,ADM-BUILD-007,发布与回滚,/delivery/releases,取消可取消的构建任务,用户显式点击操作入口，且本地字段校验、权限、状态机前置条件全部满足,POST /admin-api/v1/app-build/jobs/{id}/cancel,adminAppBuildJobPostAppBuildJobsByIdCancel,AdminAppBuildJobPostAppBuildJobsByIdCancelRequest,app.build.run,X-Idempotency-Key必填,按状态机更新资源并移除或禁用不再可用的操作；展示“取消可取消的构建任务成功”；保留操作记录入口,400逐字段映射；401要求重新认证；403隐藏后续写入口并记录越权拒绝；409提示数据已变化并重新加载；422展示业务原因且保留输入；429显示可重试时间；500保留上下文并提供 requestId,ui_action_adm_build_007_08,REQ-BUILD-001;REQ-APK-001,TST-BUILD_001-HAPPY;TST-APK_001-HAPPY;TST-BUILD_001-IDEMPOTENT;TST-APK_001-IDEMPOTENT,FROZEN_DETAILED_V1.2.2,CREATE_OR_SUBMIT,页面主按钮/行操作/更多菜单/标准弹层，具体位置由模板和页面操作规格确定,具备权限 app.build.run，且资源状态允许“取消可取消的构建任务”；按钮显示条件由页面状态表和状态机共同决定,不存在同资源写请求；必填字段有效；服务端 version 未被本地标记过期；需要审批时已选择审批单,"校验 id,X-Idempotency-Key,reason,expectedVersion；expectedVersion 必须等于页面最后一次成功读取的服务端版本；同一业务意图生成稳定 X-Idempotency-Key；请求体变化必须换键",id;X-Idempotency-Key;reason;expectedVersion,必须二次确认；确认框展示目标、影响、不可逆性、原因、审批要求和将触发的通知,POST /admin-api/v1/app-build/jobs/{id}/cancel；请求模型 AdminAppBuildJobPostAppBuildJobsByIdCancelRequest；响应模型 AdminAppBuildJobPostAppBuildJobsByIdCancelResponse,expectedVersion 乐观锁 + X-Idempotency-Key + 服务端结果查询,提交期间锁定同资源写操作，保留输入并显示明确进度；禁止全页无反馈等待,使用同一幂等键仅重试同一请求体；若服务端已受理则先查询结果；409版本冲突不得盲重试,默认留在当前页并刷新；创建成功进入详情，支付/认证/发布结果按对应流程导航,当前资源、来源列表、全局角标/余额/待办中与该领域相关的缓存；禁止无差别清空全部缓存,记录操作人、角色、目标、前后状态/版本、原因、审批单、requestId、IP/设备和结果,敏感字段按数据分级脱敏；密码、验证码、身份证、支付账号、秘密引用绝不进入埋点和普通日志,GET 可展示明确标记的最近缓存；写操作离线时禁止提交，不进入隐式离线队列,AdminAppBuildJobPostAppBuildJobsByIdCancelResponse,READY_FOR_IMPLEMENTATION
ACT-V122-002,ANDROID,SHEET-MEDIA-001,媒体上传管理器,sheet://media-upload,创建上传会话,用户选择合规文件并通过类型、大小、数量、分辨率或证书格式本地预检后触发,POST /api/v1/media/upload-sessions,mediaPostMediaUploadSessions,MediaPostMediaUploadSessionsRequest,登录,X-Idempotency-Key必填,保存 mediaId/证书引用而非本地路径；更新缩略图、校验结果和表单脏状态；完成接口成功后才视为可提交,单文件失败不影响其他文件；展示稳定错误码和重试；校验失败立即删除临时引用；过期上传会话重新创建,ui_action_sheet_media_001_02,REQ-MEDIA-001;REQ-PAGE-SPEC-001,TST-V122-001,FROZEN_DETAILED_V1.2.2,UPLOAD_OR_FILE,页面主按钮/行操作/更多菜单/标准弹层，具体位置由模板和页面操作规格确定,页面允许上传且用户具备对应写权限,文件未超限、网络可用、并发上传数未超过配置、剩余配额充足,"校验 X-Idempotency-Key,purpose,fileName,contentType,sizeBytes,sha256；同一业务意图生成稳定 X-Idempotency-Key；请求体变化必须换键",X-Idempotency-Key;purpose;fileName;contentType;sizeBytes;sha256,删除已选但未绑定媒体需要确认；上传证书/签名材料必须显示敏感风险和审批要求,POST /api/v1/media/upload-sessions；请求模型 MediaPostMediaUploadSessionsRequest；响应模型 MediaPostMediaUploadSessionsResponse,X-Idempotency-Key + 服务端结果查询,逐文件展示排队、上传、校验、完成和失败状态；支持取消；页面退出前提示未完成任务,仅重试失败分片或失败文件；完成接口幂等；删除操作不可自动重试,留在调用页面或关闭复用弹层并回传已完成媒体集合,当前资源、来源列表、全局角标/余额/待办中与该领域相关的缓存；禁止无差别清空全部缓存,记录必要业务埋点；读取高敏字段时额外记录访问审计,遵循最小采集；仅记录业务标识和状态，不记录自由文本中的个人信息,GET 可展示明确标记的最近缓存；写操作离线时禁止提交，不进入隐式离线队列,MediaPostMediaUploadSessionsResponse,READY_FOR_IMPLEMENTATION
ACT-V122-003,ANDROID,SHEET-MEDIA-001,媒体上传管理器,sheet://media-upload,完成上传,用户选择合规文件并通过类型、大小、数量、分辨率或证书格式本地预检后触发,POST /api/v1/media/upload-sessions/{id}/complete,mediaPostMediaUploadSessionsByIdComplete,MediaPostMediaUploadSessionsByIdCompleteRequest,登录,X-Idempotency-Key必填,保存 mediaId/证书引用而非本地路径；更新缩略图、校验结果和表单脏状态；完成接口成功后才视为可提交,单文件失败不影响其他文件；展示稳定错误码和重试；校验失败立即删除临时引用；过期上传会话重新创建,ui_action_sheet_media_001_03,REQ-MEDIA-001;REQ-PAGE-SPEC-001,TST-V122-002,FROZEN_DETAILED_V1.2.2,UPLOAD_OR_FILE,页面主按钮/行操作/更多菜单/标准弹层，具体位置由模板和页面操作规格确定,页面允许上传且用户具备对应写权限,文件未超限、网络可用、并发上传数未超过配置、剩余配额充足,"校验 id,X-Idempotency-Key,etag,parts；同一业务意图生成稳定 X-Idempotency-Key；请求体变化必须换键",id;X-Idempotency-Key;etag;parts,删除已选但未绑定媒体需要确认；上传证书/签名材料必须显示敏感风险和审批要求,POST /api/v1/media/upload-sessions/{id}/complete；请求模型 MediaPostMediaUploadSessionsByIdCompleteRequest；响应模型 MediaPostMediaUploadSessionsByIdCompleteResponse,X-Idempotency-Key + 服务端结果查询,逐文件展示排队、上传、校验、完成和失败状态；支持取消；页面退出前提示未完成任务,仅重试失败分片或失败文件；完成接口幂等；删除操作不可自动重试,留在调用页面或关闭复用弹层并回传已完成媒体集合,当前资源、来源列表、全局角标/余额/待办中与该领域相关的缓存；禁止无差别清空全部缓存,记录必要业务埋点；读取高敏字段时额外记录访问审计,遵循最小采集；仅记录业务标识和状态，不记录自由文本中的个人信息,GET 可展示明确标记的最近缓存；写操作离线时禁止提交，不进入隐式离线队列,MediaPostMediaUploadSessionsByIdCompleteResponse,READY_FOR_IMPLEMENTATION
ACT-V122-004,ANDROID,SHEET-MEDIA-001,媒体上传管理器,sheet://media-upload,删除未绑定媒体,用户选择合规文件并通过类型、大小、数量、分辨率或证书格式本地预检后触发,DELETE /api/v1/media/{id},mediaDeleteMediaById,MediaDeleteMediaByIdParameters,登录,X-Idempotency-Key必填,保存 mediaId/证书引用而非本地路径；更新缩略图、校验结果和表单脏状态；完成接口成功后才视为可提交,单文件失败不影响其他文件；展示稳定错误码和重试；校验失败立即删除临时引用；过期上传会话重新创建,ui_action_sheet_media_001_04,REQ-MEDIA-001;REQ-PAGE-SPEC-001,TST-V122-003,FROZEN_DETAILED_V1.2.2,UPLOAD_OR_FILE,页面主按钮/行操作/更多菜单/标准弹层，具体位置由模板和页面操作规格确定,页面允许上传且用户具备对应写权限,文件未超限、网络可用、并发上传数未超过配置、剩余配额充足,"校验 id,X-Idempotency-Key,xIdempotencyKey；同一业务意图生成稳定 X-Idempotency-Key；请求体变化必须换键",id;X-Idempotency-Key;xIdempotencyKey,删除已选但未绑定媒体需要确认；上传证书/签名材料必须显示敏感风险和审批要求,DELETE /api/v1/media/{id}；请求模型 MediaDeleteMediaByIdParameters；响应模型 MediaDeleteMediaByIdResponse,X-Idempotency-Key + 服务端结果查询,逐文件展示排队、上传、校验、完成和失败状态；支持取消；页面退出前提示未完成任务,仅重试失败分片或失败文件；完成接口幂等；删除操作不可自动重试,留在调用页面或关闭复用弹层并回传已完成媒体集合,当前资源、来源列表、全局角标/余额/待办中与该领域相关的缓存；禁止无差别清空全部缓存,记录必要业务埋点；读取高敏字段时额外记录访问审计,遵循最小采集；仅记录业务标识和状态，不记录自由文本中的个人信息,GET 可展示明确标记的最近缓存；写操作离线时禁止提交，不进入隐式离线队列,MediaDeleteMediaByIdResponse,READY_FOR_IMPLEMENTATION
ACT-V122-005,ANDROID,DIALOG-SEARCH-001,清空搜索历史确认,dialog://search-history-clear,清空历史,用户显式点击操作入口，且本地字段校验、权限、状态机前置条件全部满足,DELETE /api/v1/search/history,searchDeleteSearchHistory,SearchDeleteSearchHistoryParameters,登录,X-Idempotency-Key必填,以响应数据更新页面和关联缓存；展示“清空历史成功”；仅刷新受影响区域,400逐字段映射；401要求重新认证；403隐藏后续写入口并记录越权拒绝；409提示数据已变化并重新加载；422展示业务原因且保留输入；429显示可重试时间；500保留上下文并提供 requestId,ui_action_dialog_search_001_05,REQ-SEARCH-001;REQ-PAGE-SPEC-001,TST-V122-004,FROZEN_DETAILED_V1.2.2,DESTRUCTIVE_COMMAND,页面主按钮/行操作/更多菜单/标准弹层，具体位置由模板和页面操作规格确定,具备权限 登录，且资源状态允许“清空历史”；按钮显示条件由页面状态表和状态机共同决定,不存在同资源写请求；必填字段有效；服务端 version 未被本地标记过期；需要审批时已选择审批单,"校验 X-Idempotency-Key,xIdempotencyKey；同一业务意图生成稳定 X-Idempotency-Key；请求体变化必须换键",X-Idempotency-Key;xIdempotencyKey,必须二次确认；确认框展示目标、影响、不可逆性、原因、审批要求和将触发的通知,DELETE /api/v1/search/history；请求模型 SearchDeleteSearchHistoryParameters；响应模型 SearchDeleteSearchHistoryResponse,X-Idempotency-Key + 服务端结果查询,提交期间锁定同资源写操作，保留输入并显示明确进度；禁止全页无反馈等待,使用同一幂等键仅重试同一请求体；若服务端已受理则先查询结果；409版本冲突不得盲重试,默认留在当前页并刷新；创建成功进入详情，支付/认证/发布结果按对应流程导航,当前资源、来源列表、全局角标/余额/待办中与该领域相关的缓存；禁止无差别清空全部缓存,记录操作人、角色、目标、前后状态/版本、原因、审批单、requestId、IP/设备和结果,遵循最小采集；仅记录业务标识和状态，不记录自由文本中的个人信息,GET 可展示明确标记的最近缓存；写操作离线时禁止提交，不进入隐式离线队列,SearchDeleteSearchHistoryResponse,READY_FOR_IMPLEMENTATION
ACT-V122-006,ANDROID,SHEET-CONTENT-INVALID-001,联系方式失效反馈,sheet://content-invalid-feedback,二维码/链接失效反馈,用户显式点击操作入口，且本地字段校验、权限、状态机前置条件全部满足,POST /api/v1/contents/{id}/invalid-feedback,contentPostContentsByIdInvalidFeedback,ContentPostContentsByIdInvalidFeedbackRequest,登录,X-Idempotency-Key必填,以响应数据更新页面和关联缓存；展示“二维码/链接失效反馈成功”；仅刷新受影响区域,400逐字段映射；401要求重新认证；403隐藏后续写入口并记录越权拒绝；409提示数据已变化并重新加载；422展示业务原因且保留输入；429显示可重试时间；500保留上下文并提供 requestId,ui_action_sheet_content_invalid_001_06,REQ-ACTIVITY-001;REQ-CONTACT-001,TST-V122-005,FROZEN_DETAILED_V1.2.2,CREATE_OR_SUBMIT,页面主按钮/行操作/更多菜单/标准弹层，具体位置由模板和页面操作规格确定,具备权限 登录，且资源状态允许“二维码/链接失效反馈”；按钮显示条件由页面状态表和状态机共同决定,不存在同资源写请求；必填字段有效；服务端 version 未被本地标记过期；需要审批时已选择审批单,"校验 id,X-Idempotency-Key,reasonCode,description；同一业务意图生成稳定 X-Idempotency-Key；请求体变化必须换键",id;X-Idempotency-Key;reasonCode;description,必须二次确认；确认框展示目标、影响、不可逆性、原因、审批要求和将触发的通知,POST /api/v1/contents/{id}/invalid-feedback；请求模型 ContentPostContentsByIdInvalidFeedbackRequest；响应模型 ContentPostContentsByIdInvalidFeedbackResponse,X-Idempotency-Key + 服务端结果查询,提交期间锁定同资源写操作，保留输入并显示明确进度；禁止全页无反馈等待,使用同一幂等键仅重试同一请求体；若服务端已受理则先查询结果；409版本冲突不得盲重试,默认留在当前页并刷新；创建成功进入详情，支付/认证/发布结果按对应流程导航,当前资源、来源列表、全局角标/余额/待办中与该领域相关的缓存；禁止无差别清空全部缓存,记录必要业务埋点；读取高敏字段时额外记录访问审计,遵循最小采集；仅记录业务标识和状态，不记录自由文本中的个人信息,GET 可展示明确标记的最近缓存；写操作离线时禁止提交，不进入隐式离线队列,ContentPostContentsByIdInvalidFeedbackResponse,READY_FOR_IMPLEMENTATION
ACT-V122-007,ANDROID,DIALOG-CHAT-DELETE-001,删除会话确认,dialog://chat-delete,删除会话视图,用户显式点击操作入口，且本地字段校验、权限、状态机前置条件全部满足,DELETE /api/v1/conversations/{id},chatDeleteConversationsById,ChatDeleteConversationsByIdParameters,登录+成员,X-Idempotency-Key必填,按状态机更新资源并移除或禁用不再可用的操作；展示“删除会话视图成功”；保留操作记录入口,400逐字段映射；401要求重新认证；403隐藏后续写入口并记录越权拒绝；409提示数据已变化并重新加载；422展示业务原因且保留输入；429显示可重试时间；500保留上下文并提供 requestId,ui_action_dialog_chat_delete_001_07,REQ-CHAT-002,TST-V122-006,FROZEN_DETAILED_V1.2.2,DESTRUCTIVE_COMMAND,页面主按钮/行操作/更多菜单/标准弹层，具体位置由模板和页面操作规格确定,具备权限 登录+成员，且资源状态允许“删除会话视图”；按钮显示条件由页面状态表和状态机共同决定,不存在同资源写请求；必填字段有效；服务端 version 未被本地标记过期；需要审批时已选择审批单,"校验 id,X-Idempotency-Key,xIdempotencyKey；同一业务意图生成稳定 X-Idempotency-Key；请求体变化必须换键",id;X-Idempotency-Key;xIdempotencyKey,必须二次确认；确认框展示目标、影响、不可逆性、原因、审批要求和将触发的通知,DELETE /api/v1/conversations/{id}；请求模型 ChatDeleteConversationsByIdParameters；响应模型 ChatDeleteConversationsByIdResponse,X-Idempotency-Key + 服务端结果查询,提交期间锁定同资源写操作，保留输入并显示明确进度；禁止全页无反馈等待,使用同一幂等键仅重试同一请求体；若服务端已受理则先查询结果；409版本冲突不得盲重试,默认留在当前页并刷新；创建成功进入详情，支付/认证/发布结果按对应流程导航,当前资源、来源列表、全局角标/余额/待办中与该领域相关的缓存；禁止无差别清空全部缓存,记录操作人、角色、目标、前后状态/版本、原因、审批单、requestId、IP/设备和结果,遵循最小采集；仅记录业务标识和状态，不记录自由文本中的个人信息,GET 可展示明确标记的最近缓存；写操作离线时禁止提交，不进入隐式离线队列,ChatDeleteConversationsByIdResponse,READY_FOR_IMPLEMENTATION
ACT-V122-008,ANDROID,DIALOG-CHAT-BLOCK-001,拉黑与解除拉黑确认,dialog://chat-block,拉黑,用户显式点击操作入口，且本地字段校验、权限、状态机前置条件全部满足,POST /api/v1/users/{id}/block,chatPostUsersByIdBlock,ChatPostUsersByIdBlockRequest,登录,X-Idempotency-Key必填,按状态机更新资源并移除或禁用不再可用的操作；展示“拉黑成功”；保留操作记录入口,400逐字段映射；401要求重新认证；403隐藏后续写入口并记录越权拒绝；409提示数据已变化并重新加载；422展示业务原因且保留输入；429显示可重试时间；500保留上下文并提供 requestId,ui_action_dialog_chat_block_001_08,REQ-CHAT-002,TST-V122-007,FROZEN_DETAILED_V1.2.2,CONTROLLED_COMMAND,页面主按钮/行操作/更多菜单/标准弹层，具体位置由模板和页面操作规格确定,具备权限 登录，且资源状态允许“拉黑”；按钮显示条件由页面状态表和状态机共同决定,不存在同资源写请求；必填字段有效；服务端 version 未被本地标记过期；需要审批时已选择审批单,"校验 id,X-Idempotency-Key,reason；同一业务意图生成稳定 X-Idempotency-Key；请求体变化必须换键",id;X-Idempotency-Key;reason,必须二次确认；确认框展示目标、影响、不可逆性、原因、审批要求和将触发的通知,POST /api/v1/users/{id}/block；请求模型 ChatPostUsersByIdBlockRequest；响应模型 ChatPostUsersByIdBlockResponse,X-Idempotency-Key + 服务端结果查询,提交期间锁定同资源写操作，保留输入并显示明确进度；禁止全页无反馈等待,使用同一幂等键仅重试同一请求体；若服务端已受理则先查询结果；409版本冲突不得盲重试,默认留在当前页并刷新；创建成功进入详情，支付/认证/发布结果按对应流程导航,当前资源、来源列表、全局角标/余额/待办中与该领域相关的缓存；禁止无差别清空全部缓存,记录操作人、角色、目标、前后状态/版本、原因、审批单、requestId、IP/设备和结果,遵循最小采集；仅记录业务标识和状态，不记录自由文本中的个人信息,GET 可展示明确标记的最近缓存；写操作离线时禁止提交，不进入隐式离线队列,ChatPostUsersByIdBlockResponse,READY_FOR_IMPLEMENTATION
ACT-V122-009,ANDROID,DIALOG-CHAT-BLOCK-001,拉黑与解除拉黑确认,dialog://chat-block,取消拉黑,用户显式点击操作入口，且本地字段校验、权限、状态机前置条件全部满足,DELETE /api/v1/users/{id}/block,chatDeleteUsersByIdBlock,ChatDeleteUsersByIdBlockParameters,登录,X-Idempotency-Key必填,按状态机更新资源并移除或禁用不再可用的操作；展示“取消拉黑成功”；保留操作记录入口,400逐字段映射；401要求重新认证；403隐藏后续写入口并记录越权拒绝；409提示数据已变化并重新加载；422展示业务原因且保留输入；429显示可重试时间；500保留上下文并提供 requestId,ui_action_dialog_chat_block_001_09,REQ-CHAT-002,TST-V122-008,FROZEN_DETAILED_V1.2.2,DESTRUCTIVE_COMMAND,页面主按钮/行操作/更多菜单/标准弹层，具体位置由模板和页面操作规格确定,具备权限 登录，且资源状态允许“取消拉黑”；按钮显示条件由页面状态表和状态机共同决定,不存在同资源写请求；必填字段有效；服务端 version 未被本地标记过期；需要审批时已选择审批单,"校验 id,X-Idempotency-Key,xIdempotencyKey；同一业务意图生成稳定 X-Idempotency-Key；请求体变化必须换键",id;X-Idempotency-Key;xIdempotencyKey,必须二次确认；确认框展示目标、影响、不可逆性、原因、审批要求和将触发的通知,DELETE /api/v1/users/{id}/block；请求模型 ChatDeleteUsersByIdBlockParameters；响应模型 ChatDeleteUsersByIdBlockResponse,X-Idempotency-Key + 服务端结果查询,提交期间锁定同资源写操作，保留输入并显示明确进度；禁止全页无反馈等待,使用同一幂等键仅重试同一请求体；若服务端已受理则先查询结果；409版本冲突不得盲重试,默认留在当前页并刷新；创建成功进入详情，支付/认证/发布结果按对应流程导航,当前资源、来源列表、全局角标/余额/待办中与该领域相关的缓存；禁止无差别清空全部缓存,记录操作人、角色、目标、前后状态/版本、原因、审批单、requestId、IP/设备和结果,遵循最小采集；仅记录业务标识和状态，不记录自由文本中的个人信息,GET 可展示明确标记的最近缓存；写操作离线时禁止提交，不进入隐式离线队列,ChatDeleteUsersByIdBlockResponse,READY_FOR_IMPLEMENTATION
ACT-V122-010,ANDROID,SCR-RP-ADV-002,创建红包,/me/red-packet-campaigns/create,编辑待审草稿,用户显式点击操作入口，且本地字段校验、权限、状态机前置条件全部满足,PATCH /api/v1/red-packet-campaigns/{id},redPacketPatchRedPacketCampaignsById,RedPacketPatchRedPacketCampaignsByIdRequest,登录+实名+所有者,X-Idempotency-Key必填,使用响应中的资源和 version 更新页面；清除已提交脏状态；展示“编辑待审草稿成功”；刷新受影响列表、详情、余额或配置版本,400逐字段映射；401要求重新认证；403隐藏后续写入口并记录越权拒绝；409提示数据已变化并重新加载；422展示业务原因且保留输入；429显示可重试时间；500保留上下文并提供 requestId,ui_action_scr_rp_adv_002_10,REQ-PAGE-SPEC-001,TST-V122-009,FROZEN_DETAILED_V1.2.2,UPDATE,页面主按钮/行操作/更多菜单/标准弹层，具体位置由模板和页面操作规格确定,具备权限 登录+实名+所有者，且资源状态允许“编辑待审草稿”；按钮显示条件由页面状态表和状态机共同决定,不存在同资源写请求；必填字段有效；服务端 version 未被本地标记过期；需要审批时已选择审批单,"校验 id,X-Idempotency-Key,totalCount,amountPerClaimCent,startAt,endAt,targeting,expectedVersion；expectedVersion 必须等于页面最后一次成功读取的服务端版本；同一业务意图生成稳定 X-Idempotency-Key；请求体变化必须换键",id;X-Idempotency-Key;totalCount;amountPerClaimCent;startAt;endAt;targeting;expectedVersion,金额、权益或发布范围变化时二次确认；普通可撤销保存不需要,PATCH /api/v1/red-packet-campaigns/{id}；请求模型 RedPacketPatchRedPacketCampaignsByIdRequest；响应模型 RedPacketPatchRedPacketCampaignsByIdResponse,expectedVersion 乐观锁 + X-Idempotency-Key + 服务端结果查询,提交期间锁定同资源写操作，保留输入并显示明确进度；禁止全页无反馈等待,使用同一幂等键仅重试同一请求体；若服务端已受理则先查询结果；409版本冲突不得盲重试,默认留在当前页并刷新；创建成功进入详情，支付/认证/发布结果按对应流程导航,当前资源、来源列表、全局角标/余额/待办中与该领域相关的缓存；禁止无差别清空全部缓存,记录必要业务埋点；读取高敏字段时额外记录访问审计,遵循最小采集；仅记录业务标识和状态，不记录自由文本中的个人信息,GET 可展示明确标记的最近缓存；写操作离线时禁止提交，不进入隐式离线队列,RedPacketPatchRedPacketCampaignsByIdResponse,READY_FOR_IMPLEMENTATION
ACT-V122-011,ANDROID,SCR-SUPPORT-005,帮助文章详情,/support/help/{id},帮助详情,页面进入、显式刷新、从后台恢复且缓存过期，或收到相关领域事件后触发,GET /api/v1/help/articles/{id},supportGetHelpArticlesById,SupportGetHelpArticlesByIdParameters,登录,不要求,以服务端返回的 version 和状态覆盖详情；重算按钮显示/可用条件；记录页面曝光和请求 requestId,404显示资源不存在或已下架并提供返回；403显示无权限；409触发重新拉取；网络失败保留缓存并标记可能过期,ui_action_scr_support_005_11,REQ-SUPPORT-001,TST-V122-010,FROZEN_DETAILED_V1.2.2,DETAIL_QUERY,页面主按钮/行操作/更多菜单/标准弹层，具体位置由模板和页面操作规格确定,页面具备读取权限且路由参数完整,网络可用且不存在同资源进行中的请求,校验 id,id,不需要,GET /api/v1/help/articles/{id}；请求模型 SupportGetHelpArticlesByIdParameters；响应模型 SupportGetHelpArticlesByIdResponse,同资源单写请求锁；状态机服务端复核,首次进入使用结构骨架；刷新保留当前内容并显示轻量刷新态,GET 可人工重试；缓存可作为只读降级但禁止基于过期数据执行写操作,留在当前页；资源不存在时返回上一级并从来源列表移除或标记,当前资源、来源列表、全局角标/余额/待办中与该领域相关的缓存；禁止无差别清空全部缓存,记录必要业务埋点；读取高敏字段时额外记录访问审计,遵循最小采集；仅记录业务标识和状态，不记录自由文本中的个人信息,GET 可展示明确标记的最近缓存；写操作离线时禁止提交，不进入隐式离线队列,SupportGetHelpArticlesByIdResponse,READY_FOR_IMPLEMENTATION
ACT-V122-012,ANDROID,SCR-APP-001,启动页,/splash,登录后版本检查兼容接口；新客户端优先使用公开版本检查,用户显式提交且本地校验、安全挑战或会话升级条件已满足,GET /api/v1/app/version-check,appReleaseGetAppVersionCheck,AppReleaseGetAppVersionCheckParameters,登录可选,不要求,更新认证会话或安全状态；清除一次性挑战和敏感输入；按来源跳转；记录安全审计但不记录秘密,字段错误就地提示；挑战过期要求重建；限流显示剩余时间；账号受限跳转账号受限页；服务端错误不清空可安全保留的非敏感字段,ui_action_scr_app_001_12,REQ-PAGE-SPEC-001,TST-V122-011,FROZEN_DETAILED_V1.2.2,AUTH_SECURITY,页面主按钮/行操作/更多菜单/标准弹层，具体位置由模板和页面操作规格确定,仅在当前认证状态允许时显示；已完成步骤不可重复展示,必填字段有效、验证码/挑战未过期、未触发倒计时或锁定,"校验 platform,versionCode,channel,environment",platform;versionCode;channel;environment,修改密码、解绑MFA、退出全部会话等高风险操作需要二次确认；登录和普通验证不需要,GET /api/v1/app/version-check；请求模型 AppReleaseGetAppVersionCheckParameters；响应模型 AppReleaseGetAppVersionCheckResponse,同资源单写请求锁；状态机服务端复核,锁定提交按钮，保留非敏感输入；密码、验证码和密钥不得写入日志、埋点或持久化,仅在获得新挑战/验证码或用户再次确认后重试；幂等键不得跨不同提交内容复用,按认证流程图跳转到首页、MFA、账号受限页或原始目标页,当前资源、来源列表、全局角标/余额/待办中与该领域相关的缓存；禁止无差别清空全部缓存,记录必要业务埋点；读取高敏字段时额外记录访问审计,遵循最小采集；仅记录业务标识和状态，不记录自由文本中的个人信息,GET 可展示明确标记的最近缓存；写操作离线时禁止提交，不进入隐式离线队列,AppReleaseGetAppVersionCheckResponse,READY_FOR_IMPLEMENTATION
ACT-V122-013,ADMIN,ADM-AUTH-001,后台登录,/auth/login,后台登录,用户显式提交且本地校验、安全挑战或会话升级条件已满足,POST /admin-api/v1/auth/login,adminAdminAuthPostAuthLogin,AdminAdminAuthPostAuthLoginRequest,公开,X-Idempotency-Key必填,更新认证会话或安全状态；清除一次性挑战和敏感输入；按来源跳转；记录安全审计但不记录秘密,字段错误就地提示；挑战过期要求重建；限流显示剩余时间；账号受限跳转账号受限页；服务端错误不清空可安全保留的非敏感字段,ui_action_adm_auth_001_13,REQ-ADMIN-BASE-001;REQ-ADMIN-SECURITY-001,TST-V122-012,FROZEN_DETAILED_V1.2.2,AUTH_SECURITY,页面主按钮/行操作/更多菜单/标准弹层，具体位置由模板和页面操作规格确定,仅在当前认证状态允许时显示；已完成步骤不可重复展示,必填字段有效、验证码/挑战未过期、未触发倒计时或锁定,"校验 X-Idempotency-Key,username,password,captchaToken；同一业务意图生成稳定 X-Idempotency-Key；请求体变化必须换键；敏感值仅在内存中使用，不写日志、URL、埋点或本地明文缓存",X-Idempotency-Key;username;password;captchaToken,修改密码、解绑MFA、退出全部会话等高风险操作需要二次确认；登录和普通验证不需要,POST /admin-api/v1/auth/login；请求模型 AdminAdminAuthPostAuthLoginRequest；响应模型 AdminAdminAuthPostAuthLoginResponse,X-Idempotency-Key + 服务端结果查询,锁定提交按钮，保留非敏感输入；密码、验证码和密钥不得写入日志、埋点或持久化,仅在获得新挑战/验证码或用户再次确认后重试；幂等键不得跨不同提交内容复用,按认证流程图跳转到首页、MFA、账号受限页或原始目标页,当前资源、来源列表、全局角标/余额/待办中与该领域相关的缓存；禁止无差别清空全部缓存,记录操作人、角色、目标、前后状态/版本、原因、审批单、requestId、IP/设备和结果,敏感字段按数据分级脱敏；密码、验证码、身份证、支付账号、秘密引用绝不进入埋点和普通日志,GET 可展示明确标记的最近缓存；写操作离线时禁止提交，不进入隐式离线队列,AdminAdminAuthPostAuthLoginResponse,READY_FOR_IMPLEMENTATION
ACT-V122-014,ADMIN,ADM-AUTH-002,二次验证,/auth/mfa,二次验证,用户显式提交且本地校验、安全挑战或会话升级条件已满足,POST /admin-api/v1/auth/mfa/verify,adminAdminAuthPostAuthMfaVerify,AdminAdminAuthPostAuthMfaVerifyRequest,已登录待二次验证,X-Idempotency-Key必填,更新认证会话或安全状态；清除一次性挑战和敏感输入；按来源跳转；记录安全审计但不记录秘密,字段错误就地提示；挑战过期要求重建；限流显示剩余时间；账号受限跳转账号受限页；服务端错误不清空可安全保留的非敏感字段,ui_action_adm_auth_002_14,REQ-ADMIN-BASE-001;REQ-ADMIN-SECURITY-001,TST-V122-013,FROZEN_DETAILED_V1.2.2,AUTH_SECURITY,页面主按钮/行操作/更多菜单/标准弹层，具体位置由模板和页面操作规格确定,仅在当前认证状态允许时显示；已完成步骤不可重复展示,必填字段有效、验证码/挑战未过期、未触发倒计时或锁定,"校验 X-Idempotency-Key,mfaTicket,code；同一业务意图生成稳定 X-Idempotency-Key；请求体变化必须换键；敏感值仅在内存中使用，不写日志、URL、埋点或本地明文缓存",X-Idempotency-Key;mfaTicket;code,修改密码、解绑MFA、退出全部会话等高风险操作需要二次确认；登录和普通验证不需要,POST /admin-api/v1/auth/mfa/verify；请求模型 AdminAdminAuthPostAuthMfaVerifyRequest；响应模型 AdminAdminAuthPostAuthMfaVerifyResponse,X-Idempotency-Key + 服务端结果查询,锁定提交按钮，保留非敏感输入；密码、验证码和密钥不得写入日志、埋点或持久化,仅在获得新挑战/验证码或用户再次确认后重试；幂等键不得跨不同提交内容复用,按认证流程图跳转到首页、MFA、账号受限页或原始目标页,当前资源、来源列表、全局角标/余额/待办中与该领域相关的缓存；禁止无差别清空全部缓存,记录操作人、角色、目标、前后状态/版本、原因、审批单、requestId、IP/设备和结果,敏感字段按数据分级脱敏；密码、验证码、身份证、支付账号、秘密引用绝不进入埋点和普通日志,GET 可展示明确标记的最近缓存；写操作离线时禁止提交，不进入隐式离线队列,AdminAdminAuthPostAuthMfaVerifyResponse,READY_FOR_IMPLEMENTATION
ACT-V122-015,ADMIN,ADM-SECURITY-001,管理员安全设置,/me/security,退出,用户显式提交且本地校验、安全挑战或会话升级条件已满足,POST /admin-api/v1/auth/logout,adminAdminAuthPostAuthLogout,AdminAdminAuthPostAuthLogoutRequest,后台登录,X-Idempotency-Key必填,更新认证会话或安全状态；清除一次性挑战和敏感输入；按来源跳转；记录安全审计但不记录秘密,字段错误就地提示；挑战过期要求重建；限流显示剩余时间；账号受限跳转账号受限页；服务端错误不清空可安全保留的非敏感字段,ui_action_adm_security_001_15,REQ-ADMIN-SECURITY-001;REQ-RBAC-001,TST-V122-014,FROZEN_DETAILED_V1.2.2,AUTH_SECURITY,页面主按钮/行操作/更多菜单/标准弹层，具体位置由模板和页面操作规格确定,仅在当前认证状态允许时显示；已完成步骤不可重复展示,必填字段有效、验证码/挑战未过期、未触发倒计时或锁定,"校验 X-Idempotency-Key,reason,expectedVersion,payload；expectedVersion 必须等于页面最后一次成功读取的服务端版本；同一业务意图生成稳定 X-Idempotency-Key；请求体变化必须换键",X-Idempotency-Key;reason;expectedVersion;payload,修改密码、解绑MFA、退出全部会话等高风险操作需要二次确认；登录和普通验证不需要,POST /admin-api/v1/auth/logout；请求模型 AdminAdminAuthPostAuthLogoutRequest；响应模型 AdminAdminAuthPostAuthLogoutResponse,expectedVersion 乐观锁 + X-Idempotency-Key + 服务端结果查询,锁定提交按钮，保留非敏感输入；密码、验证码和密钥不得写入日志、埋点或持久化,仅在获得新挑战/验证码或用户再次确认后重试；幂等键不得跨不同提交内容复用,按认证流程图跳转到首页、MFA、账号受限页或原始目标页,当前资源、来源列表、全局角标/余额/待办中与该领域相关的缓存；禁止无差别清空全部缓存,记录操作人、角色、目标、前后状态/版本、原因、审批单、requestId、IP/设备和结果,敏感字段按数据分级脱敏；密码、验证码、身份证、支付账号、秘密引用绝不进入埋点和普通日志,GET 可展示明确标记的最近缓存；写操作离线时禁止提交，不进入隐式离线队列,AdminAdminAuthPostAuthLogoutResponse,READY_FOR_IMPLEMENTATION
ACT-V122-016,ADMIN,ADM-ID-002,实名详情与复核,/identity/:id,获取短时原图预览,用户显式点击操作入口，且本地字段校验、权限、状态机前置条件全部满足,POST /admin-api/v1/identities/{userId}/media-access,adminIdentityPostIdentitiesByUseridMediaAccess,AdminIdentityPostIdentitiesByUseridMediaAccessRequest,identity.media.view,X-Idempotency-Key必填,以响应数据更新页面和关联缓存；展示“获取短时原图预览成功”；仅刷新受影响区域,400逐字段映射；401要求重新认证；403隐藏后续写入口并记录越权拒绝；409提示数据已变化并重新加载；422展示业务原因且保留输入；429显示可重试时间；500保留上下文并提供 requestId,ui_action_adm_id_002_16,REQ-PAGE-SPEC-001;REQ-ADMIN-OPS-001,TST-V122-015,FROZEN_DETAILED_V1.2.2,CREATE_OR_SUBMIT,页面主按钮/行操作/更多菜单/标准弹层，具体位置由模板和页面操作规格确定,具备权限 identity.media.view，且资源状态允许“获取短时原图预览”；按钮显示条件由页面状态表和状态机共同决定,不存在同资源写请求；必填字段有效；服务端 version 未被本地标记过期；需要审批时已选择审批单,"校验 userId,X-Idempotency-Key,purpose,ttlSeconds；同一业务意图生成稳定 X-Idempotency-Key；请求体变化必须换键",userId;X-Idempotency-Key;purpose;ttlSeconds,必须二次确认；确认框展示目标、影响、不可逆性、原因、审批要求和将触发的通知,POST /admin-api/v1/identities/{userId}/media-access；请求模型 AdminIdentityPostIdentitiesByUseridMediaAccessRequest；响应模型 AdminIdentityPostIdentitiesByUseridMediaAccessResponse,X-Idempotency-Key + 服务端结果查询,提交期间锁定同资源写操作，保留输入并显示明确进度；禁止全页无反馈等待,使用同一幂等键仅重试同一请求体；若服务端已受理则先查询结果；409版本冲突不得盲重试,默认留在当前页并刷新；创建成功进入详情，支付/认证/发布结果按对应流程导航,当前资源、来源列表、全局角标/余额/待办中与该领域相关的缓存；禁止无差别清空全部缓存,记录操作人、角色、目标、前后状态/版本、原因、审批单、requestId、IP/设备和结果,敏感字段按数据分级脱敏；密码、验证码、身份证、支付账号、秘密引用绝不进入埋点和普通日志,GET 可展示明确标记的最近缓存；写操作离线时禁止提交，不进入隐式离线队列,AdminIdentityPostIdentitiesByUseridMediaAccessResponse,READY_FOR_IMPLEMENTATION
ACT-V122-017,ADMIN,ADM-ID-002,实名详情与复核,/identity/:id,冻结实名,用户显式点击操作入口，且本地字段校验、权限、状态机前置条件全部满足,POST /admin-api/v1/identities/{userId}/freeze,adminIdentityPostIdentitiesByUseridFreeze,AdminIdentityPostIdentitiesByUseridFreezeRequest,identity.freeze,X-Idempotency-Key必填,按状态机更新资源并移除或禁用不再可用的操作；展示“冻结实名成功”；保留操作记录入口,400逐字段映射；401要求重新认证；403隐藏后续写入口并记录越权拒绝；409提示数据已变化并重新加载；422展示业务原因且保留输入；429显示可重试时间；500保留上下文并提供 requestId,ui_action_adm_id_002_17,REQ-PAGE-SPEC-001;REQ-ADMIN-OPS-001,TST-V122-016,FROZEN_DETAILED_V1.2.2,CONTROLLED_COMMAND,页面主按钮/行操作/更多菜单/标准弹层，具体位置由模板和页面操作规格确定,具备权限 identity.freeze，且资源状态允许“冻结实名”；按钮显示条件由页面状态表和状态机共同决定,不存在同资源写请求；必填字段有效；服务端 version 未被本地标记过期；需要审批时已选择审批单,"校验 userId,X-Idempotency-Key,reason,expectedVersion；expectedVersion 必须等于页面最后一次成功读取的服务端版本；同一业务意图生成稳定 X-Idempotency-Key；请求体变化必须换键",userId;X-Idempotency-Key;reason;expectedVersion,必须二次确认；确认框展示目标、影响、不可逆性、原因、审批要求和将触发的通知,POST /admin-api/v1/identities/{userId}/freeze；请求模型 AdminIdentityPostIdentitiesByUseridFreezeRequest；响应模型 AdminIdentityPostIdentitiesByUseridFreezeResponse,expectedVersion 乐观锁 + X-Idempotency-Key + 服务端结果查询,提交期间锁定同资源写操作，保留输入并显示明确进度；禁止全页无反馈等待,使用同一幂等键仅重试同一请求体；若服务端已受理则先查询结果；409版本冲突不得盲重试,默认留在当前页并刷新；创建成功进入详情，支付/认证/发布结果按对应流程导航,当前资源、来源列表、全局角标/余额/待办中与该领域相关的缓存；禁止无差别清空全部缓存,记录操作人、角色、目标、前后状态/版本、原因、审批单、requestId、IP/设备和结果,敏感字段按数据分级脱敏；密码、验证码、身份证、支付账号、秘密引用绝不进入埋点和普通日志,GET 可展示明确标记的最近缓存；写操作离线时禁止提交，不进入隐式离线队列,AdminIdentityPostIdentitiesByUseridFreezeResponse,READY_FOR_IMPLEMENTATION
ACT-V122-018,ADMIN,ADM-CONTENT-003,字典与属性,/contents/dictionaries,修改字典,用户显式点击操作入口，且本地字段校验、权限、状态机前置条件全部满足,PUT /admin-api/v1/content-dictionaries/{code},adminContentPutContentDictionariesByCode,AdminContentPutContentDictionariesByCodeRequest,content.dict.write,X-Idempotency-Key必填,使用响应中的资源和 version 更新页面；清除已提交脏状态；展示“修改字典成功”；刷新受影响列表、详情、余额或配置版本,400逐字段映射；401要求重新认证；403隐藏后续写入口并记录越权拒绝；409提示数据已变化并重新加载；422展示业务原因且保留输入；429显示可重试时间；500保留上下文并提供 requestId,ui_action_adm_content_003_18,REQ-PAGE-SPEC-001;REQ-ADMIN-OPS-001,TST-V122-017,FROZEN_DETAILED_V1.2.2,UPDATE,页面主按钮/行操作/更多菜单/标准弹层，具体位置由模板和页面操作规格确定,具备权限 content.dict.write，且资源状态允许“修改字典”；按钮显示条件由页面状态表和状态机共同决定,不存在同资源写请求；必填字段有效；服务端 version 未被本地标记过期；需要审批时已选择审批单,"校验 code,X-Idempotency-Key,items,expectedVersion；expectedVersion 必须等于页面最后一次成功读取的服务端版本；同一业务意图生成稳定 X-Idempotency-Key；请求体变化必须换键；敏感值仅在内存中使用，不写日志、URL、埋点或本地明文缓存",code;X-Idempotency-Key;items;expectedVersion,金额、权益或发布范围变化时二次确认；普通可撤销保存不需要,PUT /admin-api/v1/content-dictionaries/{code}；请求模型 AdminContentPutContentDictionariesByCodeRequest；响应模型 AdminContentPutContentDictionariesByCodeResponse,expectedVersion 乐观锁 + X-Idempotency-Key + 服务端结果查询,提交期间锁定同资源写操作，保留输入并显示明确进度；禁止全页无反馈等待,使用同一幂等键仅重试同一请求体；若服务端已受理则先查询结果；409版本冲突不得盲重试,默认留在当前页并刷新；创建成功进入详情，支付/认证/发布结果按对应流程导航,当前资源、来源列表、全局角标/余额/待办中与该领域相关的缓存；禁止无差别清空全部缓存,记录操作人、角色、目标、前后状态/版本、原因、审批单、requestId、IP/设备和结果,敏感字段按数据分级脱敏；密码、验证码、身份证、支付账号、秘密引用绝不进入埋点和普通日志,GET 可展示明确标记的最近缓存；写操作离线时禁止提交，不进入隐式离线队列,AdminContentPutContentDictionariesByCodeResponse,READY_FOR_IMPLEMENTATION
ACT-V122-019,ADMIN,ADM-REVIEW-001,审核队列,/reviews,通过/驳回/二审,用户显式点击操作入口，且本地字段校验、权限、状态机前置条件全部满足,POST /admin-api/v1/reviews/{id}/decide,adminReviewPostReviewsByIdDecide,AdminReviewPostReviewsByIdDecideRequest,review.decide,X-Idempotency-Key必填,以响应数据更新页面和关联缓存；展示“通过/驳回/二审成功”；仅刷新受影响区域,400逐字段映射；401要求重新认证；403隐藏后续写入口并记录越权拒绝；409提示数据已变化并重新加载；422展示业务原因且保留输入；429显示可重试时间；500保留上下文并提供 requestId,ui_action_adm_review_001_19,REQ-PAGE-SPEC-001;REQ-ADMIN-OPS-001,TST-V122-018,FROZEN_DETAILED_V1.2.2,CREATE_OR_SUBMIT,页面主按钮/行操作/更多菜单/标准弹层，具体位置由模板和页面操作规格确定,具备权限 review.decide，且资源状态允许“通过/驳回/二审”；按钮显示条件由页面状态表和状态机共同决定,不存在同资源写请求；必填字段有效；服务端 version 未被本地标记过期；需要审批时已选择审批单,"校验 id,X-Idempotency-Key,decision,reason,expectedVersion,evidenceIds；expectedVersion 必须等于页面最后一次成功读取的服务端版本；同一业务意图生成稳定 X-Idempotency-Key；请求体变化必须换键",id;X-Idempotency-Key;decision;reason;expectedVersion;evidenceIds,必须二次确认；确认框展示目标、影响、不可逆性、原因、审批要求和将触发的通知,POST /admin-api/v1/reviews/{id}/decide；请求模型 AdminReviewPostReviewsByIdDecideRequest；响应模型 AdminReviewPostReviewsByIdDecideResponse,expectedVersion 乐观锁 + X-Idempotency-Key + 服务端结果查询,提交期间锁定同资源写操作，保留输入并显示明确进度；禁止全页无反馈等待,使用同一幂等键仅重试同一请求体；若服务端已受理则先查询结果；409版本冲突不得盲重试,默认留在当前页并刷新；创建成功进入详情，支付/认证/发布结果按对应流程导航,当前资源、来源列表、全局角标/余额/待办中与该领域相关的缓存；禁止无差别清空全部缓存,记录操作人、角色、目标、前后状态/版本、原因、审批单、requestId、IP/设备和结果,遵循最小采集；仅记录业务标识和状态，不记录自由文本中的个人信息,GET 可展示明确标记的最近缓存；写操作离线时禁止提交，不进入隐式离线队列,AdminReviewPostReviewsByIdDecideResponse,READY_FOR_IMPLEMENTATION
ACT-V122-020,ADMIN,ADM-REVIEW-001,审核队列,/reviews,分配审核员,用户显式点击操作入口，且本地字段校验、权限、状态机前置条件全部满足,POST /admin-api/v1/reviews/{id}/assign,adminReviewPostReviewsByIdAssign,AdminReviewPostReviewsByIdAssignRequest,review.assign,X-Idempotency-Key必填,更新审批/业务状态、版本和审计时间线；展示“分配审核员成功”；从待办队列移除并刷新计数,400逐字段映射；401要求重新认证；403隐藏后续写入口并记录越权拒绝；409提示数据已变化并重新加载；422展示业务原因且保留输入；429显示可重试时间；500保留上下文并提供 requestId,ui_action_adm_review_001_20,REQ-PAGE-SPEC-001;REQ-ADMIN-OPS-001,TST-V122-019,FROZEN_DETAILED_V1.2.2,CONTROLLED_COMMAND,页面主按钮/行操作/更多菜单/标准弹层，具体位置由模板和页面操作规格确定,具备权限 review.assign，且资源状态允许“分配审核员”；按钮显示条件由页面状态表和状态机共同决定,不存在同资源写请求；必填字段有效；服务端 version 未被本地标记过期；需要审批时已选择审批单,"校验 id,X-Idempotency-Key,assigneeId,reason,expectedVersion；expectedVersion 必须等于页面最后一次成功读取的服务端版本；同一业务意图生成稳定 X-Idempotency-Key；请求体变化必须换键",id;X-Idempotency-Key;assigneeId;reason;expectedVersion,必须二次确认；确认框展示目标、影响、不可逆性、原因、审批要求和将触发的通知,POST /admin-api/v1/reviews/{id}/assign；请求模型 AdminReviewPostReviewsByIdAssignRequest；响应模型 AdminReviewPostReviewsByIdAssignResponse,expectedVersion 乐观锁 + X-Idempotency-Key + 服务端结果查询,提交期间锁定同资源写操作，保留输入并显示明确进度；禁止全页无反馈等待,使用同一幂等键仅重试同一请求体；若服务端已受理则先查询结果；409版本冲突不得盲重试,默认留在当前页并刷新；创建成功进入详情，支付/认证/发布结果按对应流程导航,当前资源、来源列表、全局角标/余额/待办中与该领域相关的缓存；禁止无差别清空全部缓存,记录操作人、角色、目标、前后状态/版本、原因、审批单、requestId、IP/设备和结果,遵循最小采集；仅记录业务标识和状态，不记录自由文本中的个人信息,GET 可展示明确标记的最近缓存；写操作离线时禁止提交，不进入隐式离线队列,AdminReviewPostReviewsByIdAssignResponse,READY_FOR_IMPLEMENTATION
ACT-V122-021,ADMIN,ADM-REPORT-001,内容举报处理,/governance/content-reports,处理举报,用户显式点击操作入口，且本地字段校验、权限、状态机前置条件全部满足,POST /admin-api/v1/content-reports/{id}/decide,adminReportsPostContentReportsByIdDecide,AdminReportsPostContentReportsByIdDecideRequest,report.decide,X-Idempotency-Key必填,更新审批/业务状态、版本和审计时间线；展示“处理举报成功”；从待办队列移除并刷新计数,400逐字段映射；401要求重新认证；403隐藏后续写入口并记录越权拒绝；409提示数据已变化并重新加载；422展示业务原因且保留输入；429显示可重试时间；500保留上下文并提供 requestId,ui_action_adm_report_001_21,REQ-SUPPORT-001;REQ-ADMIN-OPS-001,TST-V122-020,FROZEN_DETAILED_V1.2.2,CONTROLLED_COMMAND,页面主按钮/行操作/更多菜单/标准弹层，具体位置由模板和页面操作规格确定,具备权限 report.decide，且资源状态允许“处理举报”；按钮显示条件由页面状态表和状态机共同决定,不存在同资源写请求；必填字段有效；服务端 version 未被本地标记过期；需要审批时已选择审批单,"校验 id,X-Idempotency-Key,decision,reason,expectedVersion,evidenceIds；expectedVersion 必须等于页面最后一次成功读取的服务端版本；同一业务意图生成稳定 X-Idempotency-Key；请求体变化必须换键",id;X-Idempotency-Key;decision;reason;expectedVersion;evidenceIds,必须二次确认；确认框展示目标、影响、不可逆性、原因、审批要求和将触发的通知,POST /admin-api/v1/content-reports/{id}/decide；请求模型 AdminReportsPostContentReportsByIdDecideRequest；响应模型 AdminReportsPostContentReportsByIdDecideResponse,expectedVersion 乐观锁 + X-Idempotency-Key + 服务端结果查询,提交期间锁定同资源写操作，保留输入并显示明确进度；禁止全页无反馈等待,使用同一幂等键仅重试同一请求体；若服务端已受理则先查询结果；409版本冲突不得盲重试,默认留在当前页并刷新；创建成功进入详情，支付/认证/发布结果按对应流程导航,当前资源、来源列表、全局角标/余额/待办中与该领域相关的缓存；禁止无差别清空全部缓存,记录操作人、角色、目标、前后状态/版本、原因、审批单、requestId、IP/设备和结果,敏感字段按数据分级脱敏；密码、验证码、身份证、支付账号、秘密引用绝不进入埋点和普通日志,GET 可展示明确标记的最近缓存；写操作离线时禁止提交，不进入隐式离线队列,AdminReportsPostContentReportsByIdDecideResponse,READY_FOR_IMPLEMENTATION
ACT-V122-022,ADMIN,ADM-APPEAL-001,申诉处理,/governance/appeals,处理申诉,用户显式点击操作入口，且本地字段校验、权限、状态机前置条件全部满足,POST /admin-api/v1/appeals/{id}/decide,adminAppealsPostAppealsByIdDecide,AdminAppealsPostAppealsByIdDecideRequest,appeal.decide,X-Idempotency-Key必填,更新审批/业务状态、版本和审计时间线；展示“处理申诉成功”；从待办队列移除并刷新计数,400逐字段映射；401要求重新认证；403隐藏后续写入口并记录越权拒绝；409提示数据已变化并重新加载；422展示业务原因且保留输入；429显示可重试时间；500保留上下文并提供 requestId,ui_action_adm_appeal_001_22,REQ-SUPPORT-001;REQ-ADMIN-OPS-001,TST-V122-021,FROZEN_DETAILED_V1.2.2,CONTROLLED_COMMAND,页面主按钮/行操作/更多菜单/标准弹层，具体位置由模板和页面操作规格确定,具备权限 appeal.decide，且资源状态允许“处理申诉”；按钮显示条件由页面状态表和状态机共同决定,不存在同资源写请求；必填字段有效；服务端 version 未被本地标记过期；需要审批时已选择审批单,"校验 id,X-Idempotency-Key,decision,reason,expectedVersion,evidenceIds；expectedVersion 必须等于页面最后一次成功读取的服务端版本；同一业务意图生成稳定 X-Idempotency-Key；请求体变化必须换键",id;X-Idempotency-Key;decision;reason;expectedVersion;evidenceIds,必须二次确认；确认框展示目标、影响、不可逆性、原因、审批要求和将触发的通知,POST /admin-api/v1/appeals/{id}/decide；请求模型 AdminAppealsPostAppealsByIdDecideRequest；响应模型 AdminAppealsPostAppealsByIdDecideResponse,expectedVersion 乐观锁 + X-Idempotency-Key + 服务端结果查询,提交期间锁定同资源写操作，保留输入并显示明确进度；禁止全页无反馈等待,使用同一幂等键仅重试同一请求体；若服务端已受理则先查询结果；409版本冲突不得盲重试,默认留在当前页并刷新；创建成功进入详情，支付/认证/发布结果按对应流程导航,当前资源、来源列表、全局角标/余额/待办中与该领域相关的缓存；禁止无差别清空全部缓存,记录操作人、角色、目标、前后状态/版本、原因、审批单、requestId、IP/设备和结果,敏感字段按数据分级脱敏；密码、验证码、身份证、支付账号、秘密引用绝不进入埋点和普通日志,GET 可展示明确标记的最近缓存；写操作离线时禁止提交，不进入隐式离线队列,AdminAppealsPostAppealsByIdDecideResponse,READY_FOR_IMPLEMENTATION
ACT-V122-023,ADMIN,ADM-REF-006,阶梯奖励矩阵,/growth/referral-activity/matrix,保存档位矩阵新版本,用户显式点击操作入口，且本地字段校验、权限、状态机前置条件全部满足,PUT /admin-api/v1/referral-activity/milestones,adminReferralActivityPutReferralActivityMilestones,AdminReferralActivityPutReferralActivityMilestonesRequest,referral.activity.write,X-Idempotency-Key必填,使用响应中的资源和 version 更新页面；清除已提交脏状态；展示“保存档位矩阵新版本成功”；刷新受影响列表、详情、余额或配置版本,400逐字段映射；401要求重新认证；403隐藏后续写入口并记录越权拒绝；409提示数据已变化并重新加载；422展示业务原因且保留输入；429显示可重试时间；500保留上下文并提供 requestId,ui_action_adm_ref_006_23,REQ-PAGE-SPEC-001;REQ-ADMIN-OPS-001,TST-V122-022,FROZEN_DETAILED_V1.2.2,UPDATE,页面主按钮/行操作/更多菜单/标准弹层，具体位置由模板和页面操作规格确定,具备权限 referral.activity.write，且资源状态允许“保存档位矩阵新版本”；按钮显示条件由页面状态表和状态机共同决定,不存在同资源写请求；必填字段有效；服务端 version 未被本地标记过期；需要审批时已选择审批单,"校验 X-Idempotency-Key,items,effectiveAt,expectedVersion；expectedVersion 必须等于页面最后一次成功读取的服务端版本；同一业务意图生成稳定 X-Idempotency-Key；请求体变化必须换键",X-Idempotency-Key;items;effectiveAt;expectedVersion,金额、权益或发布范围变化时二次确认；普通可撤销保存不需要,PUT /admin-api/v1/referral-activity/milestones；请求模型 AdminReferralActivityPutReferralActivityMilestonesRequest；响应模型 AdminReferralActivityPutReferralActivityMilestonesResponse,expectedVersion 乐观锁 + X-Idempotency-Key + 服务端结果查询,提交期间锁定同资源写操作，保留输入并显示明确进度；禁止全页无反馈等待,使用同一幂等键仅重试同一请求体；若服务端已受理则先查询结果；409版本冲突不得盲重试,默认留在当前页并刷新；创建成功进入详情，支付/认证/发布结果按对应流程导航,当前资源、来源列表、全局角标/余额/待办中与该领域相关的缓存；禁止无差别清空全部缓存,记录操作人、角色、目标、前后状态/版本、原因、审批单、requestId、IP/设备和结果,遵循最小采集；仅记录业务标识和状态，不记录自由文本中的个人信息,GET 可展示明确标记的最近缓存；写操作离线时禁止提交，不进入隐式离线队列,AdminReferralActivityPutReferralActivityMilestonesResponse,READY_FOR_IMPLEMENTATION
ACT-V122-024,ADMIN,ADM-SUPPORT-002,工单详情,/support/tickets/:id,分配客服,用户显式点击操作入口，且本地字段校验、权限、状态机前置条件全部满足,POST /admin-api/v1/support/tickets/{id}/assign,adminSupportPostSupportTicketsByIdAssign,AdminSupportPostSupportTicketsByIdAssignRequest,support.assign,X-Idempotency-Key必填,以响应数据更新页面和关联缓存；展示“分配客服成功”；仅刷新受影响区域,400逐字段映射；401要求重新认证；403隐藏后续写入口并记录越权拒绝；409提示数据已变化并重新加载；422展示业务原因且保留输入；429显示可重试时间；500保留上下文并提供 requestId,ui_action_adm_support_002_24,REQ-SUPPORT-001;REQ-ADMIN-OPS-001,TST-V122-023,FROZEN_DETAILED_V1.2.2,CREATE_OR_SUBMIT,页面主按钮/行操作/更多菜单/标准弹层，具体位置由模板和页面操作规格确定,具备权限 support.assign，且资源状态允许“分配客服”；按钮显示条件由页面状态表和状态机共同决定,不存在同资源写请求；必填字段有效；服务端 version 未被本地标记过期；需要审批时已选择审批单,"校验 id,X-Idempotency-Key,assigneeId,reason,expectedVersion；expectedVersion 必须等于页面最后一次成功读取的服务端版本；同一业务意图生成稳定 X-Idempotency-Key；请求体变化必须换键",id;X-Idempotency-Key;assigneeId;reason;expectedVersion,必须二次确认；确认框展示目标、影响、不可逆性、原因、审批要求和将触发的通知,POST /admin-api/v1/support/tickets/{id}/assign；请求模型 AdminSupportPostSupportTicketsByIdAssignRequest；响应模型 AdminSupportPostSupportTicketsByIdAssignResponse,expectedVersion 乐观锁 + X-Idempotency-Key + 服务端结果查询,提交期间锁定同资源写操作，保留输入并显示明确进度；禁止全页无反馈等待,使用同一幂等键仅重试同一请求体；若服务端已受理则先查询结果；409版本冲突不得盲重试,默认留在当前页并刷新；创建成功进入详情，支付/认证/发布结果按对应流程导航,当前资源、来源列表、全局角标/余额/待办中与该领域相关的缓存；禁止无差别清空全部缓存,记录操作人、角色、目标、前后状态/版本、原因、审批单、requestId、IP/设备和结果,敏感字段按数据分级脱敏；密码、验证码、身份证、支付账号、秘密引用绝不进入埋点和普通日志,GET 可展示明确标记的最近缓存；写操作离线时禁止提交，不进入隐式离线队列,AdminSupportPostSupportTicketsByIdAssignResponse,READY_FOR_IMPLEMENTATION
ACT-V122-025,ADMIN,ADM-SUPPORT-002,工单详情,/support/tickets/:id,客服回复,用户显式点击操作入口，且本地字段校验、权限、状态机前置条件全部满足,POST /admin-api/v1/support/tickets/{id}/messages,adminSupportPostSupportTicketsByIdMessages,AdminSupportPostSupportTicketsByIdMessagesRequest,support.reply,X-Idempotency-Key必填,以响应数据更新页面和关联缓存；展示“客服回复成功”；仅刷新受影响区域,400逐字段映射；401要求重新认证；403隐藏后续写入口并记录越权拒绝；409提示数据已变化并重新加载；422展示业务原因且保留输入；429显示可重试时间；500保留上下文并提供 requestId,ui_action_adm_support_002_25,REQ-SUPPORT-001;REQ-ADMIN-OPS-001,TST-V122-024,FROZEN_DETAILED_V1.2.2,CREATE_OR_SUBMIT,页面主按钮/行操作/更多菜单/标准弹层，具体位置由模板和页面操作规格确定,具备权限 support.reply，且资源状态允许“客服回复”；按钮显示条件由页面状态表和状态机共同决定,不存在同资源写请求；必填字段有效；服务端 version 未被本地标记过期；需要审批时已选择审批单,"校验 id,X-Idempotency-Key,content,attachments；同一业务意图生成稳定 X-Idempotency-Key；请求体变化必须换键",id;X-Idempotency-Key;content;attachments,金额、权益或发布范围变化时二次确认；普通可撤销保存不需要,POST /admin-api/v1/support/tickets/{id}/messages；请求模型 AdminSupportPostSupportTicketsByIdMessagesRequest；响应模型 AdminSupportPostSupportTicketsByIdMessagesResponse,X-Idempotency-Key + 服务端结果查询,提交期间锁定同资源写操作，保留输入并显示明确进度；禁止全页无反馈等待,使用同一幂等键仅重试同一请求体；若服务端已受理则先查询结果；409版本冲突不得盲重试,默认留在当前页并刷新；创建成功进入详情，支付/认证/发布结果按对应流程导航,当前资源、来源列表、全局角标/余额/待办中与该领域相关的缓存；禁止无差别清空全部缓存,记录操作人、角色、目标、前后状态/版本、原因、审批单、requestId、IP/设备和结果,敏感字段按数据分级脱敏；密码、验证码、身份证、支付账号、秘密引用绝不进入埋点和普通日志,GET 可展示明确标记的最近缓存；写操作离线时禁止提交，不进入隐式离线队列,AdminSupportPostSupportTicketsByIdMessagesResponse,READY_FOR_IMPLEMENTATION
ACT-V122-026,ADMIN,ADM-SUPPORT-002,工单详情,/support/tickets/:id,关闭工单,用户显式点击操作入口，且本地字段校验、权限、状态机前置条件全部满足,POST /admin-api/v1/support/tickets/{id}/close,adminSupportPostSupportTicketsByIdClose,AdminSupportPostSupportTicketsByIdCloseRequest,support.close,X-Idempotency-Key必填,按状态机更新资源并移除或禁用不再可用的操作；展示“关闭工单成功”；保留操作记录入口,400逐字段映射；401要求重新认证；403隐藏后续写入口并记录越权拒绝；409提示数据已变化并重新加载；422展示业务原因且保留输入；429显示可重试时间；500保留上下文并提供 requestId,ui_action_adm_support_002_26,REQ-SUPPORT-001;REQ-ADMIN-OPS-001,TST-V122-025,FROZEN_DETAILED_V1.2.2,CONTROLLED_COMMAND,页面主按钮/行操作/更多菜单/标准弹层，具体位置由模板和页面操作规格确定,具备权限 support.close，且资源状态允许“关闭工单”；按钮显示条件由页面状态表和状态机共同决定,不存在同资源写请求；必填字段有效；服务端 version 未被本地标记过期；需要审批时已选择审批单,"校验 id,X-Idempotency-Key,reason,expectedVersion,payload；expectedVersion 必须等于页面最后一次成功读取的服务端版本；同一业务意图生成稳定 X-Idempotency-Key；请求体变化必须换键",id;X-Idempotency-Key;reason;expectedVersion;payload,必须二次确认；确认框展示目标、影响、不可逆性、原因、审批要求和将触发的通知,POST /admin-api/v1/support/tickets/{id}/close；请求模型 AdminSupportPostSupportTicketsByIdCloseRequest；响应模型 AdminSupportPostSupportTicketsByIdCloseResponse,expectedVersion 乐观锁 + X-Idempotency-Key + 服务端结果查询,提交期间锁定同资源写操作，保留输入并显示明确进度；禁止全页无反馈等待,使用同一幂等键仅重试同一请求体；若服务端已受理则先查询结果；409版本冲突不得盲重试,默认留在当前页并刷新；创建成功进入详情，支付/认证/发布结果按对应流程导航,当前资源、来源列表、全局角标/余额/待办中与该领域相关的缓存；禁止无差别清空全部缓存,记录操作人、角色、目标、前后状态/版本、原因、审批单、requestId、IP/设备和结果,敏感字段按数据分级脱敏；密码、验证码、身份证、支付账号、秘密引用绝不进入埋点和普通日志,GET 可展示明确标记的最近缓存；写操作离线时禁止提交，不进入隐式离线队列,AdminSupportPostSupportTicketsByIdCloseResponse,READY_FOR_IMPLEMENTATION
ACT-V122-027,ADMIN,ADM-CMS-003,公告帮助协议,/operations/cms/content,协议列表,页面首次进入、下拉刷新、筛选/排序变化或滚动触底时触发；相同查询条件避免并发重复请求,GET /admin-api/v1/agreements,adminAgreementsGetAgreements,AdminAgreementsGetAgreementsParameters,agreement.read,不要求,首屏替换数据，翻页仅追加去重；更新分页、筛选回显、总数/游标和最后刷新时间；空结果进入业务空状态,首屏失败显示全页错误与重试；刷新失败保留旧数据并提示；翻页失败保留已加载数据并提供行内重试；401跳登录或会话升级，403显示无权限，404不适用,ui_action_adm_cms_003_27,REQ-PAGE-SPEC-001;REQ-ADMIN-OPS-001,TST-V122-026,FROZEN_DETAILED_V1.2.2,LIST_QUERY,页面主按钮/行操作/更多菜单/标准弹层，具体位置由模板和页面操作规格确定,页面具备读取权限；筛选项按数据范围和角色显示,网络可用；非正在刷新；翻页时 nextCursor/hasNext 为真,"校验 page,pageSize,cursor,status,keyword,sort",page;pageSize;cursor;status;keyword;sort,不需要,GET /admin-api/v1/agreements；请求模型 AdminAgreementsGetAgreementsParameters；响应模型 AdminAgreementsGetAgreementsResponse,同资源单写请求锁；状态机服务端复核,首屏使用骨架屏；刷新保留现有数据；翻页使用列表尾部加载器,GET 可人工重试；网络瞬断最多指数退避自动重试 2 次；筛选变化取消旧请求,留在当前页；点击行/卡片按页面导航规格进入详情,当前资源、来源列表、全局角标/余额/待办中与该领域相关的缓存；禁止无差别清空全部缓存,记录必要业务埋点；读取高敏字段时额外记录访问审计,遵循最小采集；仅记录业务标识和状态，不记录自由文本中的个人信息,GET 可展示明确标记的最近缓存；写操作离线时禁止提交，不进入隐式离线队列,AdminAgreementsGetAgreementsResponse,READY_FOR_IMPLEMENTATION
ACT-V122-028,ADMIN,ADM-CMS-003,公告帮助协议,/operations/cms/content,新增协议版本,用户显式点击操作入口，且本地字段校验、权限、状态机前置条件全部满足,POST /admin-api/v1/agreements/{code}/versions,adminAgreementsPostAgreementsByCodeVersions,AdminAgreementsPostAgreementsByCodeVersionsRequest,agreement.write,X-Idempotency-Key必填,使用响应中的资源和 version 更新页面；清除已提交脏状态；展示“新增协议版本成功”；刷新受影响列表、详情、余额或配置版本,400逐字段映射；401要求重新认证；403隐藏后续写入口并记录越权拒绝；409提示数据已变化并重新加载；422展示业务原因且保留输入；429显示可重试时间；500保留上下文并提供 requestId,ui_action_adm_cms_003_28,REQ-PAGE-SPEC-001;REQ-ADMIN-OPS-001,TST-V122-027,FROZEN_DETAILED_V1.2.2,CREATE_OR_SUBMIT,页面主按钮/行操作/更多菜单/标准弹层，具体位置由模板和页面操作规格确定,具备权限 agreement.write，且资源状态允许“新增协议版本”；按钮显示条件由页面状态表和状态机共同决定,不存在同资源写请求；必填字段有效；服务端 version 未被本地标记过期；需要审批时已选择审批单,"校验 code,X-Idempotency-Key,version,title,content,effectiveAt；同一业务意图生成稳定 X-Idempotency-Key；请求体变化必须换键；敏感值仅在内存中使用，不写日志、URL、埋点或本地明文缓存",code;X-Idempotency-Key;version;title;content;effectiveAt,金额、权益或发布范围变化时二次确认；普通可撤销保存不需要,POST /admin-api/v1/agreements/{code}/versions；请求模型 AdminAgreementsPostAgreementsByCodeVersionsRequest；响应模型 AdminAgreementsPostAgreementsByCodeVersionsResponse,X-Idempotency-Key + 服务端结果查询,提交期间锁定同资源写操作，保留输入并显示明确进度；禁止全页无反馈等待,使用同一幂等键仅重试同一请求体；若服务端已受理则先查询结果；409版本冲突不得盲重试,默认留在当前页并刷新；创建成功进入详情，支付/认证/发布结果按对应流程导航,当前资源、来源列表、全局角标/余额/待办中与该领域相关的缓存；禁止无差别清空全部缓存,记录操作人、角色、目标、前后状态/版本、原因、审批单、requestId、IP/设备和结果,敏感字段按数据分级脱敏；密码、验证码、身份证、支付账号、秘密引用绝不进入埋点和普通日志,GET 可展示明确标记的最近缓存；写操作离线时禁止提交，不进入隐式离线队列,AdminAgreementsPostAgreementsByCodeVersionsResponse,READY_FOR_IMPLEMENTATION
ACT-V122-029,ADMIN,ADM-APPROVAL-001,双人审批中心,/system/approvals,复核申请,页面首次进入、下拉刷新、筛选/排序变化或滚动触底时触发；相同查询条件避免并发重复请求,GET /admin-api/v1/approvals,adminApprovalsGetApprovals,AdminApprovalsGetApprovalsParameters,approval.read,不要求,首屏替换数据，翻页仅追加去重；更新分页、筛选回显、总数/游标和最后刷新时间；空结果进入业务空状态,首屏失败显示全页错误与重试；刷新失败保留旧数据并提示；翻页失败保留已加载数据并提供行内重试；401跳登录或会话升级，403显示无权限，404不适用,ui_action_adm_approval_001_29,REQ-RBAC-001;REQ-ADMIN-OPS-001,TST-V122-028,FROZEN_DETAILED_V1.2.2,LIST_QUERY,页面主按钮/行操作/更多菜单/标准弹层，具体位置由模板和页面操作规格确定,页面具备读取权限；筛选项按数据范围和角色显示,网络可用；非正在刷新；翻页时 nextCursor/hasNext 为真,"校验 page,pageSize,cursor,status,keyword,sort",page;pageSize;cursor;status;keyword;sort,不需要,GET /admin-api/v1/approvals；请求模型 AdminApprovalsGetApprovalsParameters；响应模型 AdminApprovalsGetApprovalsResponse,同资源单写请求锁；状态机服务端复核,首屏使用骨架屏；刷新保留现有数据；翻页使用列表尾部加载器,GET 可人工重试；网络瞬断最多指数退避自动重试 2 次；筛选变化取消旧请求,留在当前页；点击行/卡片按页面导航规格进入详情,当前资源、来源列表、全局角标/余额/待办中与该领域相关的缓存；禁止无差别清空全部缓存,记录敏感数据访问审计：操作人、目标、字段范围、目的、requestId 和结果,敏感字段按数据分级脱敏；密码、验证码、身份证、支付账号、秘密引用绝不进入埋点和普通日志,GET 可展示明确标记的最近缓存；写操作离线时禁止提交，不进入隐式离线队列,AdminApprovalsGetApprovalsResponse,READY_FOR_IMPLEMENTATION
ACT-V122-030,ADMIN,ADM-APPROVAL-001,双人审批中心,/system/approvals,同意/拒绝,用户显式点击操作入口，且本地字段校验、权限、状态机前置条件全部满足,POST /admin-api/v1/approvals/{id}/decide,adminApprovalsPostApprovalsByIdDecide,AdminApprovalsPostApprovalsByIdDecideRequest,approval.decide,X-Idempotency-Key必填,以响应数据更新页面和关联缓存；展示“同意/拒绝成功”；仅刷新受影响区域,400逐字段映射；401要求重新认证；403隐藏后续写入口并记录越权拒绝；409提示数据已变化并重新加载；422展示业务原因且保留输入；429显示可重试时间；500保留上下文并提供 requestId,ui_action_adm_approval_001_30,REQ-RBAC-001;REQ-ADMIN-OPS-001,TST-V122-029,FROZEN_DETAILED_V1.2.2,CREATE_OR_SUBMIT,页面主按钮/行操作/更多菜单/标准弹层，具体位置由模板和页面操作规格确定,具备权限 approval.decide，且资源状态允许“同意/拒绝”；按钮显示条件由页面状态表和状态机共同决定,不存在同资源写请求；必填字段有效；服务端 version 未被本地标记过期；需要审批时已选择审批单,"校验 id,X-Idempotency-Key,decision,reason,expectedVersion,evidenceIds；expectedVersion 必须等于页面最后一次成功读取的服务端版本；同一业务意图生成稳定 X-Idempotency-Key；请求体变化必须换键",id;X-Idempotency-Key;decision;reason;expectedVersion;evidenceIds,必须二次确认；确认框展示目标、影响、不可逆性、原因、审批要求和将触发的通知,POST /admin-api/v1/approvals/{id}/decide；请求模型 AdminApprovalsPostApprovalsByIdDecideRequest；响应模型 AdminApprovalsPostApprovalsByIdDecideResponse,expectedVersion 乐观锁 + X-Idempotency-Key + 服务端结果查询,提交期间锁定同资源写操作，保留输入并显示明确进度；禁止全页无反馈等待,使用同一幂等键仅重试同一请求体；若服务端已受理则先查询结果；409版本冲突不得盲重试,默认留在当前页并刷新；创建成功进入详情，支付/认证/发布结果按对应流程导航,当前资源、来源列表、全局角标/余额/待办中与该领域相关的缓存；禁止无差别清空全部缓存,记录操作人、角色、目标、前后状态/版本、原因、审批单、requestId、IP/设备和结果,敏感字段按数据分级脱敏；密码、验证码、身份证、支付账号、秘密引用绝不进入埋点和普通日志,GET 可展示明确标记的最近缓存；写操作离线时禁止提交，不进入隐式离线队列,AdminApprovalsPostApprovalsByIdDecideResponse,READY_FOR_IMPLEMENTATION
ACT-V122-031,ADMIN,ADM-CONFIG-002,供应商配置中心,/system/providers,双人复核后激活配置版本,用户显式点击操作入口，且本地字段校验、权限、状态机前置条件全部满足,POST /admin-api/v1/provider-configs/{provider}/activate,adminProviderConfigPostProviderConfigsByProviderActivate,AdminProviderConfigPostProviderConfigsByProviderActivateRequest,provider.config.activate,X-Idempotency-Key必填,更新审批/业务状态、版本和审计时间线；展示“双人复核后激活配置版本成功”；从待办队列移除并刷新计数,400逐字段映射；401要求重新认证；403隐藏后续写入口并记录越权拒绝；409提示数据已变化并重新加载；422展示业务原因且保留输入；429显示可重试时间；500保留上下文并提供 requestId,ui_action_adm_config_002_31,REQ-PAGE-SPEC-001;REQ-ADMIN-OPS-001,TST-V122-030,FROZEN_DETAILED_V1.2.2,CONTROLLED_COMMAND,页面主按钮/行操作/更多菜单/标准弹层，具体位置由模板和页面操作规格确定,具备权限 provider.config.activate，且资源状态允许“双人复核后激活配置版本”；按钮显示条件由页面状态表和状态机共同决定,不存在同资源写请求；必填字段有效；服务端 version 未被本地标记过期；需要审批时已选择审批单,"校验 provider,X-Idempotency-Key,versionId,approvalId,expectedVersion；expectedVersion 必须等于页面最后一次成功读取的服务端版本；同一业务意图生成稳定 X-Idempotency-Key；请求体变化必须换键",provider;X-Idempotency-Key;versionId;approvalId;expectedVersion,必须二次确认；确认框展示目标、影响、不可逆性、原因、审批要求和将触发的通知,POST /admin-api/v1/provider-configs/{provider}/activate；请求模型 AdminProviderConfigPostProviderConfigsByProviderActivateRequest；响应模型 AdminProviderConfigPostProviderConfigsByProviderActivateResponse,expectedVersion 乐观锁 + X-Idempotency-Key + 服务端结果查询,提交期间锁定同资源写操作，保留输入并显示明确进度；禁止全页无反馈等待,使用同一幂等键仅重试同一请求体；若服务端已受理则先查询结果；409版本冲突不得盲重试,默认留在当前页并刷新；创建成功进入详情，支付/认证/发布结果按对应流程导航,当前资源、来源列表、全局角标/余额/待办中与该领域相关的缓存；禁止无差别清空全部缓存,记录操作人、角色、目标、前后状态/版本、原因、审批单、requestId、IP/设备和结果,敏感字段按数据分级脱敏；密码、验证码、身份证、支付账号、秘密引用绝不进入埋点和普通日志,GET 可展示明确标记的最近缓存；写操作离线时禁止提交，不进入隐式离线队列,AdminProviderConfigPostProviderConfigsByProviderActivateResponse,READY_FOR_IMPLEMENTATION
ACT-V122-032,ADMIN,ADM-CONFIG-002,供应商配置中心,/system/providers,回滚至指定已验证版本,用户显式点击操作入口，且本地字段校验、权限、状态机前置条件全部满足,POST /admin-api/v1/provider-configs/{provider}/rollback,adminProviderConfigPostProviderConfigsByProviderRollback,AdminProviderConfigPostProviderConfigsByProviderRollbackRequest,provider.config.activate,X-Idempotency-Key必填,以响应数据更新页面和关联缓存；展示“回滚至指定已验证版本成功”；仅刷新受影响区域,400逐字段映射；401要求重新认证；403隐藏后续写入口并记录越权拒绝；409提示数据已变化并重新加载；422展示业务原因且保留输入；429显示可重试时间；500保留上下文并提供 requestId,ui_action_adm_config_002_32,REQ-PAGE-SPEC-001;REQ-ADMIN-OPS-001,TST-V122-031,FROZEN_DETAILED_V1.2.2,CONTROLLED_COMMAND,页面主按钮/行操作/更多菜单/标准弹层，具体位置由模板和页面操作规格确定,具备权限 provider.config.activate，且资源状态允许“回滚至指定已验证版本”；按钮显示条件由页面状态表和状态机共同决定,不存在同资源写请求；必填字段有效；服务端 version 未被本地标记过期；需要审批时已选择审批单,"校验 provider,X-Idempotency-Key,targetVersionId,approvalId,reason,expectedVersion；expectedVersion 必须等于页面最后一次成功读取的服务端版本；同一业务意图生成稳定 X-Idempotency-Key；请求体变化必须换键",provider;X-Idempotency-Key;targetVersionId;approvalId;reason;expectedVersion,必须二次确认；确认框展示目标、影响、不可逆性、原因、审批要求和将触发的通知,POST /admin-api/v1/provider-configs/{provider}/rollback；请求模型 AdminProviderConfigPostProviderConfigsByProviderRollbackRequest；响应模型 AdminProviderConfigPostProviderConfigsByProviderRollbackResponse,expectedVersion 乐观锁 + X-Idempotency-Key + 服务端结果查询,提交期间锁定同资源写操作，保留输入并显示明确进度；禁止全页无反馈等待,使用同一幂等键仅重试同一请求体；若服务端已受理则先查询结果；409版本冲突不得盲重试,默认留在当前页并刷新；创建成功进入详情，支付/认证/发布结果按对应流程导航,当前资源、来源列表、全局角标/余额/待办中与该领域相关的缓存；禁止无差别清空全部缓存,记录操作人、角色、目标、前后状态/版本、原因、审批单、requestId、IP/设备和结果,敏感字段按数据分级脱敏；密码、验证码、身份证、支付账号、秘密引用绝不进入埋点和普通日志,GET 可展示明确标记的最近缓存；写操作离线时禁止提交，不进入隐式离线队列,AdminProviderConfigPostProviderConfigsByProviderRollbackResponse,READY_FOR_IMPLEMENTATION
ACT-V122-033,ADMIN,ADM-CONFIG-002,供应商配置中心,/system/providers,上传加密证书或私钥文件,用户选择合规文件并通过类型、大小、数量、分辨率或证书格式本地预检后触发,POST /admin-api/v1/provider-certificates,adminProviderCertificatePostProviderCertificates,AdminProviderCertificatePostProviderCertificatesRequest,provider.certificate.write,X-Idempotency-Key必填,保存 mediaId/证书引用而非本地路径；更新缩略图、校验结果和表单脏状态；完成接口成功后才视为可提交,单文件失败不影响其他文件；展示稳定错误码和重试；校验失败立即删除临时引用；过期上传会话重新创建,ui_action_adm_config_002_33,REQ-PAGE-SPEC-001;REQ-ADMIN-OPS-001,TST-V122-032,FROZEN_DETAILED_V1.2.2,UPLOAD_OR_FILE,页面主按钮/行操作/更多菜单/标准弹层，具体位置由模板和页面操作规格确定,页面允许上传且用户具备对应写权限,文件未超限、网络可用、并发上传数未超过配置、剩余配额充足,"校验 X-Idempotency-Key,provider,certificateType,alias,encryptedContentBase64,passwordSecretRef,expiresAt；同一业务意图生成稳定 X-Idempotency-Key；请求体变化必须换键",X-Idempotency-Key;provider;certificateType;alias;encryptedContentBase64;passwordSecretRef;expiresAt,删除已选但未绑定媒体需要确认；上传证书/签名材料必须显示敏感风险和审批要求,POST /admin-api/v1/provider-certificates；请求模型 AdminProviderCertificatePostProviderCertificatesRequest；响应模型 AdminProviderCertificatePostProviderCertificatesResponse,X-Idempotency-Key + 服务端结果查询,逐文件展示排队、上传、校验、完成和失败状态；支持取消；页面退出前提示未完成任务,仅重试失败分片或失败文件；完成接口幂等；删除操作不可自动重试,留在调用页面或关闭复用弹层并回传已完成媒体集合,当前资源、来源列表、全局角标/余额/待办中与该领域相关的缓存；禁止无差别清空全部缓存,记录操作人、角色、目标、前后状态/版本、原因、审批单、requestId、IP/设备和结果,敏感字段按数据分级脱敏；密码、验证码、身份证、支付账号、秘密引用绝不进入埋点和普通日志,GET 可展示明确标记的最近缓存；写操作离线时禁止提交，不进入隐式离线队列,AdminProviderCertificatePostProviderCertificatesResponse,READY_FOR_IMPLEMENTATION
ACT-V122-034,ADMIN,ADM-CONFIG-008,域名与环境配置,/system/domains,更新二级域名计划,用户显式点击操作入口，且本地字段校验、权限、状态机前置条件全部满足,PUT /admin-api/v1/domains/{code},adminDomainConfigPutDomainsByCode,AdminDomainConfigPutDomainsByCodeRequest,domain.write,X-Idempotency-Key必填,使用响应中的资源和 version 更新页面；清除已提交脏状态；展示“更新二级域名计划成功”；刷新受影响列表、详情、余额或配置版本,400逐字段映射；401要求重新认证；403隐藏后续写入口并记录越权拒绝；409提示数据已变化并重新加载；422展示业务原因且保留输入；429显示可重试时间；500保留上下文并提供 requestId,ui_action_adm_config_008_34,REQ-PAGE-SPEC-001;REQ-ADMIN-OPS-001,TST-V122-033,FROZEN_DETAILED_V1.2.2,UPDATE,页面主按钮/行操作/更多菜单/标准弹层，具体位置由模板和页面操作规格确定,具备权限 domain.write，且资源状态允许“更新二级域名计划”；按钮显示条件由页面状态表和状态机共同决定,不存在同资源写请求；必填字段有效；服务端 version 未被本地标记过期；需要审批时已选择审批单,"校验 code,X-Idempotency-Key,hostname,certificateMode,expectedVersion；expectedVersion 必须等于页面最后一次成功读取的服务端版本；同一业务意图生成稳定 X-Idempotency-Key；请求体变化必须换键；敏感值仅在内存中使用，不写日志、URL、埋点或本地明文缓存",code;X-Idempotency-Key;hostname;certificateMode;expectedVersion,金额、权益或发布范围变化时二次确认；普通可撤销保存不需要,PUT /admin-api/v1/domains/{code}；请求模型 AdminDomainConfigPutDomainsByCodeRequest；响应模型 AdminDomainConfigPutDomainsByCodeResponse,expectedVersion 乐观锁 + X-Idempotency-Key + 服务端结果查询,提交期间锁定同资源写操作，保留输入并显示明确进度；禁止全页无反馈等待,使用同一幂等键仅重试同一请求体；若服务端已受理则先查询结果；409版本冲突不得盲重试,默认留在当前页并刷新；创建成功进入详情，支付/认证/发布结果按对应流程导航,当前资源、来源列表、全局角标/余额/待办中与该领域相关的缓存；禁止无差别清空全部缓存,记录操作人、角色、目标、前后状态/版本、原因、审批单、requestId、IP/设备和结果,敏感字段按数据分级脱敏；密码、验证码、身份证、支付账号、秘密引用绝不进入埋点和普通日志,GET 可展示明确标记的最近缓存；写操作离线时禁止提交，不进入隐式离线队列,AdminDomainConfigPutDomainsByCodeResponse,READY_FOR_IMPLEMENTATION
ACT-V122-035,ADMIN,ADM-CONFIG-008,域名与环境配置,/system/domains,验证解析和HTTPS可达性,用户显式点击操作入口，且本地字段校验、权限、状态机前置条件全部满足,POST /admin-api/v1/domains/{code}/verify,adminDomainConfigPostDomainsByCodeVerify,AdminDomainConfigPostDomainsByCodeVerifyRequest,domain.verify,X-Idempotency-Key必填,以响应数据更新页面和关联缓存；展示“验证解析和HTTPS可达性成功”；仅刷新受影响区域,400逐字段映射；401要求重新认证；403隐藏后续写入口并记录越权拒绝；409提示数据已变化并重新加载；422展示业务原因且保留输入；429显示可重试时间；500保留上下文并提供 requestId,ui_action_adm_config_008_35,REQ-PAGE-SPEC-001;REQ-ADMIN-OPS-001,TST-V122-034,FROZEN_DETAILED_V1.2.2,CREATE_OR_SUBMIT,页面主按钮/行操作/更多菜单/标准弹层，具体位置由模板和页面操作规格确定,具备权限 domain.verify，且资源状态允许“验证解析和HTTPS可达性”；按钮显示条件由页面状态表和状态机共同决定,不存在同资源写请求；必填字段有效；服务端 version 未被本地标记过期；需要审批时已选择审批单,"校验 code,X-Idempotency-Key,force；同一业务意图生成稳定 X-Idempotency-Key；请求体变化必须换键；敏感值仅在内存中使用，不写日志、URL、埋点或本地明文缓存",code;X-Idempotency-Key;force,金额、权益或发布范围变化时二次确认；普通可撤销保存不需要,POST /admin-api/v1/domains/{code}/verify；请求模型 AdminDomainConfigPostDomainsByCodeVerifyRequest；响应模型 AdminDomainConfigPostDomainsByCodeVerifyResponse,X-Idempotency-Key + 服务端结果查询,提交期间锁定同资源写操作，保留输入并显示明确进度；禁止全页无反馈等待,使用同一幂等键仅重试同一请求体；若服务端已受理则先查询结果；409版本冲突不得盲重试,默认留在当前页并刷新；创建成功进入详情，支付/认证/发布结果按对应流程导航,当前资源、来源列表、全局角标/余额/待办中与该领域相关的缓存；禁止无差别清空全部缓存,记录操作人、角色、目标、前后状态/版本、原因、审批单、requestId、IP/设备和结果,敏感字段按数据分级脱敏；密码、验证码、身份证、支付账号、秘密引用绝不进入埋点和普通日志,GET 可展示明确标记的最近缓存；写操作离线时禁止提交，不进入隐式离线队列,AdminDomainConfigPostDomainsByCodeVerifyResponse,READY_FOR_IMPLEMENTATION
ACT-V122-036,ADMIN,ADM-BUILD-007,发布与回滚,/delivery/releases,发布到测试下载渠道,用户显式点击操作入口，且本地字段校验、权限、状态机前置条件全部满足,POST /admin-api/v1/app-build/jobs/{id}/publish-staging,adminAppBuildReleasePostAppBuildJobsByIdPublishStaging,AdminAppBuildReleasePostAppBuildJobsByIdPublishStagingRequest,app.release.write,X-Idempotency-Key必填,更新审批/业务状态、版本和审计时间线；展示“发布到测试下载渠道成功”；从待办队列移除并刷新计数,400逐字段映射；401要求重新认证；403隐藏后续写入口并记录越权拒绝；409提示数据已变化并重新加载；422展示业务原因且保留输入；429显示可重试时间；500保留上下文并提供 requestId,ui_action_adm_build_007_36,REQ-PAGE-SPEC-001;REQ-ADMIN-OPS-001,TST-V122-035,FROZEN_DETAILED_V1.2.2,CONTROLLED_COMMAND,页面主按钮/行操作/更多菜单/标准弹层，具体位置由模板和页面操作规格确定,具备权限 app.release.write，且资源状态允许“发布到测试下载渠道”；按钮显示条件由页面状态表和状态机共同决定,不存在同资源写请求；必填字段有效；服务端 version 未被本地标记过期；需要审批时已选择审批单,"校验 id,X-Idempotency-Key,reason,expectedVersion,payload；expectedVersion 必须等于页面最后一次成功读取的服务端版本；同一业务意图生成稳定 X-Idempotency-Key；请求体变化必须换键",id;X-Idempotency-Key;reason;expectedVersion;payload,必须二次确认；确认框展示目标、影响、不可逆性、原因、审批要求和将触发的通知,POST /admin-api/v1/app-build/jobs/{id}/publish-staging；请求模型 AdminAppBuildReleasePostAppBuildJobsByIdPublishStagingRequest；响应模型 AdminAppBuildReleasePostAppBuildJobsByIdPublishStagingResponse,expectedVersion 乐观锁 + X-Idempotency-Key + 服务端结果查询,提交期间锁定同资源写操作，保留输入并显示明确进度；禁止全页无反馈等待,使用同一幂等键仅重试同一请求体；若服务端已受理则先查询结果；409版本冲突不得盲重试,默认留在当前页并刷新；创建成功进入详情，支付/认证/发布结果按对应流程导航,当前资源、来源列表、全局角标/余额/待办中与该领域相关的缓存；禁止无差别清空全部缓存,记录操作人、角色、目标、前后状态/版本、原因、审批单、requestId、IP/设备和结果,敏感字段按数据分级脱敏；密码、验证码、身份证、支付账号、秘密引用绝不进入埋点和普通日志,GET 可展示明确标记的最近缓存；写操作离线时禁止提交，不进入隐式离线队列,AdminAppBuildReleasePostAppBuildJobsByIdPublishStagingResponse,READY_FOR_IMPLEMENTATION
ACT-V122-037,ADMIN,ADM-BUILD-007,发布与回滚,/delivery/releases,双人复核后晋级生产版本,用户显式点击操作入口，且本地字段校验、权限、状态机前置条件全部满足,POST /admin-api/v1/app-build/jobs/{id}/promote,adminAppBuildReleasePostAppBuildJobsByIdPromote,AdminAppBuildReleasePostAppBuildJobsByIdPromoteRequest,app.release.approve,X-Idempotency-Key必填,更新审批/业务状态、版本和审计时间线；展示“双人复核后晋级生产版本成功”；从待办队列移除并刷新计数,400逐字段映射；401要求重新认证；403隐藏后续写入口并记录越权拒绝；409提示数据已变化并重新加载；422展示业务原因且保留输入；429显示可重试时间；500保留上下文并提供 requestId,ui_action_adm_build_007_37,REQ-PAGE-SPEC-001;REQ-ADMIN-OPS-001,TST-V122-036,FROZEN_DETAILED_V1.2.2,CONTROLLED_COMMAND,页面主按钮/行操作/更多菜单/标准弹层，具体位置由模板和页面操作规格确定,具备权限 app.release.approve，且资源状态允许“双人复核后晋级生产版本”；按钮显示条件由页面状态表和状态机共同决定,不存在同资源写请求；必填字段有效；服务端 version 未被本地标记过期；需要审批时已选择审批单,"校验 id,X-Idempotency-Key,approvalId,releasePolicy,expectedVersion；expectedVersion 必须等于页面最后一次成功读取的服务端版本；同一业务意图生成稳定 X-Idempotency-Key；请求体变化必须换键",id;X-Idempotency-Key;approvalId;releasePolicy;expectedVersion,必须二次确认；确认框展示目标、影响、不可逆性、原因、审批要求和将触发的通知,POST /admin-api/v1/app-build/jobs/{id}/promote；请求模型 AdminAppBuildReleasePostAppBuildJobsByIdPromoteRequest；响应模型 AdminAppBuildReleasePostAppBuildJobsByIdPromoteResponse,expectedVersion 乐观锁 + X-Idempotency-Key + 服务端结果查询,提交期间锁定同资源写操作，保留输入并显示明确进度；禁止全页无反馈等待,使用同一幂等键仅重试同一请求体；若服务端已受理则先查询结果；409版本冲突不得盲重试,默认留在当前页并刷新；创建成功进入详情，支付/认证/发布结果按对应流程导航,当前资源、来源列表、全局角标/余额/待办中与该领域相关的缓存；禁止无差别清空全部缓存,记录操作人、角色、目标、前后状态/版本、原因、审批单、requestId、IP/设备和结果,敏感字段按数据分级脱敏；密码、验证码、身份证、支付账号、秘密引用绝不进入埋点和普通日志,GET 可展示明确标记的最近缓存；写操作离线时禁止提交，不进入隐式离线队列,AdminAppBuildReleasePostAppBuildJobsByIdPromoteResponse,READY_FOR_IMPLEMENTATION
ACT-V122-038,ADMIN,ADM-BUILD-003,签名配置,/delivery/builds/signing,创建或导入受保护签名Profile,用户选择合规文件并通过类型、大小、数量、分辨率或证书格式本地预检后触发,POST /admin-api/v1/app-build/signing-profiles,adminAppSigningPostAppBuildSigningProfiles,AdminAppSigningPostAppBuildSigningProfilesRequest,app.signing.write,X-Idempotency-Key必填,保存 mediaId/证书引用而非本地路径；更新缩略图、校验结果和表单脏状态；完成接口成功后才视为可提交,单文件失败不影响其他文件；展示稳定错误码和重试；校验失败立即删除临时引用；过期上传会话重新创建,ui_action_adm_build_003_38,REQ-PAGE-SPEC-001;REQ-ADMIN-OPS-001,TST-V122-037,FROZEN_DETAILED_V1.2.2,UPLOAD_OR_FILE,页面主按钮/行操作/更多菜单/标准弹层，具体位置由模板和页面操作规格确定,页面允许上传且用户具备对应写权限,文件未超限、网络可用、并发上传数未超过配置、剩余配额充足,"校验 X-Idempotency-Key,name,keystoreEncryptedBase64,storePasswordSecretRef,keyAlias,keyPasswordSecretRef；同一业务意图生成稳定 X-Idempotency-Key；请求体变化必须换键",X-Idempotency-Key;name;keystoreEncryptedBase64;storePasswordSecretRef;keyAlias;keyPasswordSecretRef,删除已选但未绑定媒体需要确认；上传证书/签名材料必须显示敏感风险和审批要求,POST /admin-api/v1/app-build/signing-profiles；请求模型 AdminAppSigningPostAppBuildSigningProfilesRequest；响应模型 AdminAppSigningPostAppBuildSigningProfilesResponse,X-Idempotency-Key + 服务端结果查询,逐文件展示排队、上传、校验、完成和失败状态；支持取消；页面退出前提示未完成任务,仅重试失败分片或失败文件；完成接口幂等；删除操作不可自动重试,留在调用页面或关闭复用弹层并回传已完成媒体集合,当前资源、来源列表、全局角标/余额/待办中与该领域相关的缓存；禁止无差别清空全部缓存,记录操作人、角色、目标、前后状态/版本、原因、审批单、requestId、IP/设备和结果,敏感字段按数据分级脱敏；密码、验证码、身份证、支付账号、秘密引用绝不进入埋点和普通日志,GET 可展示明确标记的最近缓存；写操作离线时禁止提交，不进入隐式离线队列,AdminAppSigningPostAppBuildSigningProfilesResponse,READY_FOR_IMPLEMENTATION
ACT-V122-039,ADMIN,ADM-BUILD-003,签名配置,/delivery/builds/signing,签名测试并返回证书指纹,用户选择合规文件并通过类型、大小、数量、分辨率或证书格式本地预检后触发,POST /admin-api/v1/app-build/signing-profiles/{id}/test,adminAppSigningPostAppBuildSigningProfilesByIdTest,AdminAppSigningPostAppBuildSigningProfilesByIdTestRequest,app.signing.test,X-Idempotency-Key必填,保存 mediaId/证书引用而非本地路径；更新缩略图、校验结果和表单脏状态；完成接口成功后才视为可提交,单文件失败不影响其他文件；展示稳定错误码和重试；校验失败立即删除临时引用；过期上传会话重新创建,ui_action_adm_build_003_39,REQ-PAGE-SPEC-001;REQ-ADMIN-OPS-001,TST-V122-038,FROZEN_DETAILED_V1.2.2,UPLOAD_OR_FILE,页面主按钮/行操作/更多菜单/标准弹层，具体位置由模板和页面操作规格确定,页面允许上传且用户具备对应写权限,文件未超限、网络可用、并发上传数未超过配置、剩余配额充足,"校验 id,X-Idempotency-Key,expectedVersion,testPayload；expectedVersion 必须等于页面最后一次成功读取的服务端版本；同一业务意图生成稳定 X-Idempotency-Key；请求体变化必须换键",id;X-Idempotency-Key;expectedVersion;testPayload,删除已选但未绑定媒体需要确认；上传证书/签名材料必须显示敏感风险和审批要求,POST /admin-api/v1/app-build/signing-profiles/{id}/test；请求模型 AdminAppSigningPostAppBuildSigningProfilesByIdTestRequest；响应模型 AdminAppSigningPostAppBuildSigningProfilesByIdTestResponse,expectedVersion 乐观锁 + X-Idempotency-Key + 服务端结果查询,逐文件展示排队、上传、校验、完成和失败状态；支持取消；页面退出前提示未完成任务,仅重试失败分片或失败文件；完成接口幂等；删除操作不可自动重试,留在调用页面或关闭复用弹层并回传已完成媒体集合,当前资源、来源列表、全局角标/余额/待办中与该领域相关的缓存；禁止无差别清空全部缓存,记录操作人、角色、目标、前后状态/版本、原因、审批单、requestId、IP/设备和结果,敏感字段按数据分级脱敏；密码、验证码、身份证、支付账号、秘密引用绝不进入埋点和普通日志,GET 可展示明确标记的最近缓存；写操作离线时禁止提交，不进入隐式离线队列,AdminAppSigningPostAppBuildSigningProfilesByIdTestResponse,READY_FOR_IMPLEMENTATION
ACT-V122-040,ADMIN,ADM-ACCOUNTING-001,统一会计交易,/finance/accounting/transactions,会计交易列表,页面首次进入、下拉刷新、筛选/排序变化或滚动触底时触发；相同查询条件避免并发重复请求,GET /admin-api/v1/accounting/transactions,adminAccountingGetTransactions,AdminAccountingGetTransactionsParameters,accounting.read,不要求,首屏替换数据，翻页仅追加去重；更新分页、筛选回显、总数/游标和最后刷新时间；空结果进入业务空状态,首屏失败显示全页错误与重试；刷新失败保留旧数据并提示；翻页失败保留已加载数据并提供行内重试；401跳登录或会话升级，403显示无权限，404不适用,ui_action_adm_accounting_001_40,REQ-ACCOUNTING-OPS-001;REQ-LEDGER-001,TST-V122-039,FROZEN_DETAILED_V1.2.2,LIST_QUERY,页面主按钮/行操作/更多菜单/标准弹层，具体位置由模板和页面操作规格确定,页面具备读取权限；筛选项按数据范围和角色显示,网络可用；非正在刷新；翻页时 nextCursor/hasNext 为真,"校验 page,pageSize,keyword,status,sort,startAt,endAt,businessType,businessId,accountCode",page;pageSize;keyword;status;sort;startAt;endAt;businessType;businessId;accountCode,不需要,GET /admin-api/v1/accounting/transactions；请求模型 AdminAccountingGetTransactionsParameters；响应模型 AdminAccountingGetTransactionsResponse,同资源单写请求锁；状态机服务端复核,首屏使用骨架屏；刷新保留现有数据；翻页使用列表尾部加载器,GET 可人工重试；网络瞬断最多指数退避自动重试 2 次；筛选变化取消旧请求,留在当前页；点击行/卡片按页面导航规格进入详情,当前资源、来源列表、全局角标/余额/待办中与该领域相关的缓存；禁止无差别清空全部缓存,记录敏感数据访问审计：操作人、目标、字段范围、目的、requestId 和结果,敏感字段按数据分级脱敏；密码、验证码、身份证、支付账号、秘密引用绝不进入埋点和普通日志,GET 可展示明确标记的最近缓存；写操作离线时禁止提交，不进入隐式离线队列,AdminAccountingGetTransactionsResponse,READY_FOR_IMPLEMENTATION
ACT-V122-041,ADMIN,ADM-ACCOUNTING-002,会计交易详情与冲正,/finance/accounting/transactions/:id,会计交易详情,页面进入、显式刷新、从后台恢复且缓存过期，或收到相关领域事件后触发,GET /admin-api/v1/accounting/transactions/{id},adminAccountingGetTransactionById,AdminAccountingGetTransactionByIdParameters,accounting.read,不要求,以服务端返回的 version 和状态覆盖详情；重算按钮显示/可用条件；记录页面曝光和请求 requestId,404显示资源不存在或已下架并提供返回；403显示无权限；409触发重新拉取；网络失败保留缓存并标记可能过期,ui_action_adm_accounting_002_41,REQ-ACCOUNTING-OPS-001;REQ-LEDGER-001,TST-V122-040,FROZEN_DETAILED_V1.2.2,DETAIL_QUERY,页面主按钮/行操作/更多菜单/标准弹层，具体位置由模板和页面操作规格确定,页面具备读取权限且路由参数完整,网络可用且不存在同资源进行中的请求,校验 id,id,不需要,GET /admin-api/v1/accounting/transactions/{id}；请求模型 AdminAccountingGetTransactionByIdParameters；响应模型 AdminAccountingGetTransactionByIdResponse,同资源单写请求锁；状态机服务端复核,首次进入使用结构骨架；刷新保留当前内容并显示轻量刷新态,GET 可人工重试；缓存可作为只读降级但禁止基于过期数据执行写操作,留在当前页；资源不存在时返回上一级并从来源列表移除或标记,当前资源、来源列表、全局角标/余额/待办中与该领域相关的缓存；禁止无差别清空全部缓存,记录敏感数据访问审计：操作人、目标、字段范围、目的、requestId 和结果,敏感字段按数据分级脱敏；密码、验证码、身份证、支付账号、秘密引用绝不进入埋点和普通日志,GET 可展示明确标记的最近缓存；写操作离线时禁止提交，不进入隐式离线队列,AdminAccountingGetTransactionByIdResponse,READY_FOR_IMPLEMENTATION
ACT-V122-042,ADMIN,ADM-ACCOUNTING-001,统一会计交易,/finance/accounting/transactions,会计分录列表,页面首次进入、下拉刷新、筛选/排序变化或滚动触底时触发；相同查询条件避免并发重复请求,GET /admin-api/v1/accounting/entries,adminAccountingGetEntries,AdminAccountingGetEntriesParameters,accounting.read,不要求,首屏替换数据，翻页仅追加去重；更新分页、筛选回显、总数/游标和最后刷新时间；空结果进入业务空状态,首屏失败显示全页错误与重试；刷新失败保留旧数据并提示；翻页失败保留已加载数据并提供行内重试；401跳登录或会话升级，403显示无权限，404不适用,ui_action_adm_accounting_001_42,REQ-ACCOUNTING-OPS-001;REQ-LEDGER-001,TST-V122-041,FROZEN_DETAILED_V1.2.2,LIST_QUERY,页面主按钮/行操作/更多菜单/标准弹层，具体位置由模板和页面操作规格确定,页面具备读取权限；筛选项按数据范围和角色显示,网络可用；非正在刷新；翻页时 nextCursor/hasNext 为真,"校验 page,pageSize,keyword,status,sort,startAt,endAt,transactionId,accountCode,direction",page;pageSize;keyword;status;sort;startAt;endAt;transactionId;accountCode;direction,不需要,GET /admin-api/v1/accounting/entries；请求模型 AdminAccountingGetEntriesParameters；响应模型 AdminAccountingGetEntriesResponse,同资源单写请求锁；状态机服务端复核,首屏使用骨架屏；刷新保留现有数据；翻页使用列表尾部加载器,GET 可人工重试；网络瞬断最多指数退避自动重试 2 次；筛选变化取消旧请求,留在当前页；点击行/卡片按页面导航规格进入详情,当前资源、来源列表、全局角标/余额/待办中与该领域相关的缓存；禁止无差别清空全部缓存,记录敏感数据访问审计：操作人、目标、字段范围、目的、requestId 和结果,敏感字段按数据分级脱敏；密码、验证码、身份证、支付账号、秘密引用绝不进入埋点和普通日志,GET 可展示明确标记的最近缓存；写操作离线时禁止提交，不进入隐式离线队列,AdminAccountingGetEntriesResponse,READY_FOR_IMPLEMENTATION
ACT-V122-043,ADMIN,ADM-ACCOUNTING-002,会计交易详情与冲正,/finance/accounting/transactions/:id,申请会计冲正,用户显式点击操作入口，且本地字段校验、权限、状态机前置条件全部满足,POST /admin-api/v1/accounting/transactions/{id}/reversals,adminAccountingPostReversal,AccountingReversalRequest,accounting.reversal.request,X-Idempotency-Key必填,更新审批/业务状态、版本和审计时间线；展示“申请会计冲正成功”；从待办队列移除并刷新计数,400逐字段映射；401要求重新认证；403隐藏后续写入口并记录越权拒绝；409提示数据已变化并重新加载；422展示业务原因且保留输入；429显示可重试时间；500保留上下文并提供 requestId,ui_action_adm_accounting_002_43,REQ-ACCOUNTING-OPS-001;REQ-LEDGER-001,TST-V122-042,FROZEN_DETAILED_V1.2.2,CONTROLLED_COMMAND,页面主按钮/行操作/更多菜单/标准弹层，具体位置由模板和页面操作规格确定,具备权限 accounting.reversal.request，且资源状态允许“申请会计冲正”；按钮显示条件由页面状态表和状态机共同决定,不存在同资源写请求；必填字段有效；服务端 version 未被本地标记过期；需要审批时已选择审批单,"校验 X-Idempotency-Key,id,reasonCode,reason,evidenceIds,approvalId,expectedVersion；expectedVersion 必须等于页面最后一次成功读取的服务端版本；同一业务意图生成稳定 X-Idempotency-Key；请求体变化必须换键",X-Idempotency-Key;id;reasonCode;reason;evidenceIds;approvalId;expectedVersion,必须二次确认；确认框展示目标、影响、不可逆性、原因、审批要求和将触发的通知,POST /admin-api/v1/accounting/transactions/{id}/reversals；请求模型 AccountingReversalRequest；响应模型 AdminAccountingPostReversalResponse,expectedVersion 乐观锁 + X-Idempotency-Key + 服务端结果查询,提交期间锁定同资源写操作，保留输入并显示明确进度；禁止全页无反馈等待,使用同一幂等键仅重试同一请求体；若服务端已受理则先查询结果；409版本冲突不得盲重试,默认留在当前页并刷新；创建成功进入详情，支付/认证/发布结果按对应流程导航,当前资源、来源列表、全局角标/余额/待办中与该领域相关的缓存；禁止无差别清空全部缓存,记录操作人、角色、目标、前后状态/版本、原因、审批单、requestId、IP/设备和结果,敏感字段按数据分级脱敏；密码、验证码、身份证、支付账号、秘密引用绝不进入埋点和普通日志,GET 可展示明确标记的最近缓存；写操作离线时禁止提交，不进入隐式离线队列,AdminAccountingPostReversalResponse,READY_FOR_IMPLEMENTATION
ACT-V122-044,ADMIN,ADM-RISK-003,风控规则版本,/governance/risk/rules,风控规则版本列表,页面首次进入、下拉刷新、筛选/排序变化或滚动触底时触发；相同查询条件避免并发重复请求,GET /admin-api/v1/risk-rule-versions,adminRiskRulesGetVersions,AdminRiskRulesGetVersionsParameters,risk.rule.read,不要求,首屏替换数据，翻页仅追加去重；更新分页、筛选回显、总数/游标和最后刷新时间；空结果进入业务空状态,首屏失败显示全页错误与重试；刷新失败保留旧数据并提示；翻页失败保留已加载数据并提供行内重试；401跳登录或会话升级，403显示无权限，404不适用,ui_action_adm_risk_003_44,REQ-RISK-RULE-001;REQ-SEC-001,TST-V122-043,FROZEN_DETAILED_V1.2.2,LIST_QUERY,页面主按钮/行操作/更多菜单/标准弹层，具体位置由模板和页面操作规格确定,页面具备读取权限；筛选项按数据范围和角色显示,网络可用；非正在刷新；翻页时 nextCursor/hasNext 为真,"校验 page,pageSize,keyword,status,sort,ruleSetCode",page;pageSize;keyword;status;sort;ruleSetCode,不需要,GET /admin-api/v1/risk-rule-versions；请求模型 AdminRiskRulesGetVersionsParameters；响应模型 AdminRiskRulesGetVersionsResponse,同资源单写请求锁；状态机服务端复核,首屏使用骨架屏；刷新保留现有数据；翻页使用列表尾部加载器,GET 可人工重试；网络瞬断最多指数退避自动重试 2 次；筛选变化取消旧请求,留在当前页；点击行/卡片按页面导航规格进入详情,当前资源、来源列表、全局角标/余额/待办中与该领域相关的缓存；禁止无差别清空全部缓存,记录敏感数据访问审计：操作人、目标、字段范围、目的、requestId 和结果,敏感字段按数据分级脱敏；密码、验证码、身份证、支付账号、秘密引用绝不进入埋点和普通日志,GET 可展示明确标记的最近缓存；写操作离线时禁止提交，不进入隐式离线队列,AdminRiskRulesGetVersionsResponse,READY_FOR_IMPLEMENTATION
ACT-V122-045,ADMIN,ADM-RISK-003,风控规则版本,/governance/risk/rules,创建风控规则版本,用户显式点击操作入口，且本地字段校验、权限、状态机前置条件全部满足,POST /admin-api/v1/risk-rule-versions,adminRiskRulesPostVersion,RiskRuleCreateRequest,risk.rule.manage,X-Idempotency-Key必填,使用响应中的资源和 version 更新页面；清除已提交脏状态；展示“创建风控规则版本成功”；刷新受影响列表、详情、余额或配置版本,400逐字段映射；401要求重新认证；403隐藏后续写入口并记录越权拒绝；409提示数据已变化并重新加载；422展示业务原因且保留输入；429显示可重试时间；500保留上下文并提供 requestId,ui_action_adm_risk_003_45,REQ-RISK-RULE-001;REQ-SEC-001,TST-V122-044,FROZEN_DETAILED_V1.2.2,CREATE_OR_SUBMIT,页面主按钮/行操作/更多菜单/标准弹层，具体位置由模板和页面操作规格确定,具备权限 risk.rule.manage，且资源状态允许“创建风控规则版本”；按钮显示条件由页面状态表和状态机共同决定,不存在同资源写请求；必填字段有效；服务端 version 未被本地标记过期；需要审批时已选择审批单,"校验 X-Idempotency-Key,ruleSetCode,name,description,ruleDefinition,effectiveAt；同一业务意图生成稳定 X-Idempotency-Key；请求体变化必须换键",X-Idempotency-Key;ruleSetCode;name;description;ruleDefinition;effectiveAt,必须二次确认；确认框展示目标、影响、不可逆性、原因、审批要求和将触发的通知,POST /admin-api/v1/risk-rule-versions；请求模型 RiskRuleCreateRequest；响应模型 AdminRiskRulesPostVersionResponse,X-Idempotency-Key + 服务端结果查询,提交期间锁定同资源写操作，保留输入并显示明确进度；禁止全页无反馈等待,使用同一幂等键仅重试同一请求体；若服务端已受理则先查询结果；409版本冲突不得盲重试,默认留在当前页并刷新；创建成功进入详情，支付/认证/发布结果按对应流程导航,当前资源、来源列表、全局角标/余额/待办中与该领域相关的缓存；禁止无差别清空全部缓存,记录操作人、角色、目标、前后状态/版本、原因、审批单、requestId、IP/设备和结果,敏感字段按数据分级脱敏；密码、验证码、身份证、支付账号、秘密引用绝不进入埋点和普通日志,GET 可展示明确标记的最近缓存；写操作离线时禁止提交，不进入隐式离线队列,AdminRiskRulesPostVersionResponse,READY_FOR_IMPLEMENTATION
ACT-V122-046,ADMIN,ADM-RISK-004,风控规则模拟器,/governance/risk/simulator,模拟风控规则,用户显式点击操作入口，且本地字段校验、权限、状态机前置条件全部满足,POST /admin-api/v1/risk-rule-versions/{id}/simulate,adminRiskRulesPostSimulation,RiskSimulationRequest,risk.rule.simulate,X-Idempotency-Key必填,以响应数据更新页面和关联缓存；展示“模拟风控规则成功”；仅刷新受影响区域,400逐字段映射；401要求重新认证；403隐藏后续写入口并记录越权拒绝；409提示数据已变化并重新加载；422展示业务原因且保留输入；429显示可重试时间；500保留上下文并提供 requestId,ui_action_adm_risk_004_46,REQ-RISK-RULE-001;REQ-SEC-001,TST-V122-045,FROZEN_DETAILED_V1.2.2,CREATE_OR_SUBMIT,页面主按钮/行操作/更多菜单/标准弹层，具体位置由模板和页面操作规格确定,具备权限 risk.rule.simulate，且资源状态允许“模拟风控规则”；按钮显示条件由页面状态表和状态机共同决定,不存在同资源写请求；必填字段有效；服务端 version 未被本地标记过期；需要审批时已选择审批单,"校验 X-Idempotency-Key,id,sampleMode,subjectType,samplePayload,datasetId,explain；同一业务意图生成稳定 X-Idempotency-Key；请求体变化必须换键",X-Idempotency-Key;id;sampleMode;subjectType;samplePayload;datasetId;explain,金额、权益或发布范围变化时二次确认；普通可撤销保存不需要,POST /admin-api/v1/risk-rule-versions/{id}/simulate；请求模型 RiskSimulationRequest；响应模型 AdminRiskRulesPostSimulationResponse,X-Idempotency-Key + 服务端结果查询,提交期间锁定同资源写操作，保留输入并显示明确进度；禁止全页无反馈等待,使用同一幂等键仅重试同一请求体；若服务端已受理则先查询结果；409版本冲突不得盲重试,默认留在当前页并刷新；创建成功进入详情，支付/认证/发布结果按对应流程导航,当前资源、来源列表、全局角标/余额/待办中与该领域相关的缓存；禁止无差别清空全部缓存,记录操作人、角色、目标、前后状态/版本、原因、审批单、requestId、IP/设备和结果,敏感字段按数据分级脱敏；密码、验证码、身份证、支付账号、秘密引用绝不进入埋点和普通日志,GET 可展示明确标记的最近缓存；写操作离线时禁止提交，不进入隐式离线队列,AdminRiskRulesPostSimulationResponse,READY_FOR_IMPLEMENTATION
ACT-V122-047,ADMIN,ADM-RISK-003,风控规则版本,/governance/risk/rules,激活风控规则版本,用户显式点击操作入口，且本地字段校验、权限、状态机前置条件全部满足,POST /admin-api/v1/risk-rule-versions/{id}/activate,adminRiskRulesPostActivate,RiskRuleActivateRequest,risk.rule.activate,X-Idempotency-Key必填,更新审批/业务状态、版本和审计时间线；展示“激活风控规则版本成功”；从待办队列移除并刷新计数,400逐字段映射；401要求重新认证；403隐藏后续写入口并记录越权拒绝；409提示数据已变化并重新加载；422展示业务原因且保留输入；429显示可重试时间；500保留上下文并提供 requestId,ui_action_adm_risk_003_47,REQ-RISK-RULE-001;REQ-SEC-001,TST-V122-046,FROZEN_DETAILED_V1.2.2,CONTROLLED_COMMAND,页面主按钮/行操作/更多菜单/标准弹层，具体位置由模板和页面操作规格确定,具备权限 risk.rule.activate，且资源状态允许“激活风控规则版本”；按钮显示条件由页面状态表和状态机共同决定,不存在同资源写请求；必填字段有效；服务端 version 未被本地标记过期；需要审批时已选择审批单,"校验 X-Idempotency-Key,id,approvalId,effectiveAt,expectedVersion；expectedVersion 必须等于页面最后一次成功读取的服务端版本；同一业务意图生成稳定 X-Idempotency-Key；请求体变化必须换键",X-Idempotency-Key;id;approvalId;effectiveAt;expectedVersion,必须二次确认；确认框展示目标、影响、不可逆性、原因、审批要求和将触发的通知,POST /admin-api/v1/risk-rule-versions/{id}/activate；请求模型 RiskRuleActivateRequest；响应模型 AdminRiskRulesPostActivateResponse,expectedVersion 乐观锁 + X-Idempotency-Key + 服务端结果查询,提交期间锁定同资源写操作，保留输入并显示明确进度；禁止全页无反馈等待,使用同一幂等键仅重试同一请求体；若服务端已受理则先查询结果；409版本冲突不得盲重试,默认留在当前页并刷新；创建成功进入详情，支付/认证/发布结果按对应流程导航,当前资源、来源列表、全局角标/余额/待办中与该领域相关的缓存；禁止无差别清空全部缓存,记录操作人、角色、目标、前后状态/版本、原因、审批单、requestId、IP/设备和结果,敏感字段按数据分级脱敏；密码、验证码、身份证、支付账号、秘密引用绝不进入埋点和普通日志,GET 可展示明确标记的最近缓存；写操作离线时禁止提交，不进入隐式离线队列,AdminRiskRulesPostActivateResponse,READY_FOR_IMPLEMENTATION
ACT-V122-048,ADMIN,ADM-NOTIFY-001,通知模板,/operations/notifications/templates,通知模板列表,页面首次进入、下拉刷新、筛选/排序变化或滚动触底时触发；相同查询条件避免并发重复请求,GET /admin-api/v1/notification-templates,adminNotificationGetTemplates,AdminNotificationGetTemplatesParameters,notification.template.read,不要求,首屏替换数据，翻页仅追加去重；更新分页、筛选回显、总数/游标和最后刷新时间；空结果进入业务空状态,首屏失败显示全页错误与重试；刷新失败保留旧数据并提示；翻页失败保留已加载数据并提供行内重试；401跳登录或会话升级，403显示无权限，404不适用,ui_action_adm_notify_001_48,REQ-NOTIFICATION-OPS-001;REQ-NOTIFY-001,TST-V122-047,FROZEN_DETAILED_V1.2.2,LIST_QUERY,页面主按钮/行操作/更多菜单/标准弹层，具体位置由模板和页面操作规格确定,页面具备读取权限；筛选项按数据范围和角色显示,网络可用；非正在刷新；翻页时 nextCursor/hasNext 为真,"校验 page,pageSize,keyword,status,sort,channel,templateCode",page;pageSize;keyword;status;sort;channel;templateCode,不需要,GET /admin-api/v1/notification-templates；请求模型 AdminNotificationGetTemplatesParameters；响应模型 AdminNotificationGetTemplatesResponse,同资源单写请求锁；状态机服务端复核,首屏使用骨架屏；刷新保留现有数据；翻页使用列表尾部加载器,GET 可人工重试；网络瞬断最多指数退避自动重试 2 次；筛选变化取消旧请求,留在当前页；点击行/卡片按页面导航规格进入详情,当前资源、来源列表、全局角标/余额/待办中与该领域相关的缓存；禁止无差别清空全部缓存,记录敏感数据访问审计：操作人、目标、字段范围、目的、requestId 和结果,敏感字段按数据分级脱敏；密码、验证码、身份证、支付账号、秘密引用绝不进入埋点和普通日志,GET 可展示明确标记的最近缓存；写操作离线时禁止提交，不进入隐式离线队列,AdminNotificationGetTemplatesResponse,READY_FOR_IMPLEMENTATION
ACT-V122-049,ADMIN,ADM-NOTIFY-001,通知模板,/operations/notifications/templates,创建通知模板版本,用户显式点击操作入口，且本地字段校验、权限、状态机前置条件全部满足,POST /admin-api/v1/notification-templates,adminNotificationPostTemplate,NotificationTemplateCreateRequest,notification.template.manage,X-Idempotency-Key必填,使用响应中的资源和 version 更新页面；清除已提交脏状态；展示“创建通知模板版本成功”；刷新受影响列表、详情、余额或配置版本,400逐字段映射；401要求重新认证；403隐藏后续写入口并记录越权拒绝；409提示数据已变化并重新加载；422展示业务原因且保留输入；429显示可重试时间；500保留上下文并提供 requestId,ui_action_adm_notify_001_49,REQ-NOTIFICATION-OPS-001;REQ-NOTIFY-001,TST-V122-048,FROZEN_DETAILED_V1.2.2,CREATE_OR_SUBMIT,页面主按钮/行操作/更多菜单/标准弹层，具体位置由模板和页面操作规格确定,具备权限 notification.template.manage，且资源状态允许“创建通知模板版本”；按钮显示条件由页面状态表和状态机共同决定,不存在同资源写请求；必填字段有效；服务端 version 未被本地标记过期；需要审批时已选择审批单,"校验 X-Idempotency-Key,templateCode,channel,locale,titleTemplate,bodyTemplate,allowedVariables,sampleVariables,effectiveAt；同一业务意图生成稳定 X-Idempotency-Key；请求体变化必须换键",X-Idempotency-Key;templateCode;channel;locale;titleTemplate;bodyTemplate;allowedVariables;sampleVariables;effectiveAt,金额、权益或发布范围变化时二次确认；普通可撤销保存不需要,POST /admin-api/v1/notification-templates；请求模型 NotificationTemplateCreateRequest；响应模型 AdminNotificationPostTemplateResponse,X-Idempotency-Key + 服务端结果查询,提交期间锁定同资源写操作，保留输入并显示明确进度；禁止全页无反馈等待,使用同一幂等键仅重试同一请求体；若服务端已受理则先查询结果；409版本冲突不得盲重试,默认留在当前页并刷新；创建成功进入详情，支付/认证/发布结果按对应流程导航,当前资源、来源列表、全局角标/余额/待办中与该领域相关的缓存；禁止无差别清空全部缓存,记录操作人、角色、目标、前后状态/版本、原因、审批单、requestId、IP/设备和结果,敏感字段按数据分级脱敏；密码、验证码、身份证、支付账号、秘密引用绝不进入埋点和普通日志,GET 可展示明确标记的最近缓存；写操作离线时禁止提交，不进入隐式离线队列,AdminNotificationPostTemplateResponse,READY_FOR_IMPLEMENTATION
ACT-V122-050,ADMIN,ADM-NOTIFY-001,通知模板,/operations/notifications/templates,修改通知模板草稿,用户显式点击操作入口，且本地字段校验、权限、状态机前置条件全部满足,PATCH /admin-api/v1/notification-templates/{id},adminNotificationPatchTemplate,NotificationTemplatePatchRequest,notification.template.manage,X-Idempotency-Key必填,使用响应中的资源和 version 更新页面；清除已提交脏状态；展示“修改通知模板草稿成功”；刷新受影响列表、详情、余额或配置版本,400逐字段映射；401要求重新认证；403隐藏后续写入口并记录越权拒绝；409提示数据已变化并重新加载；422展示业务原因且保留输入；429显示可重试时间；500保留上下文并提供 requestId,ui_action_adm_notify_001_50,REQ-NOTIFICATION-OPS-001;REQ-NOTIFY-001,TST-V122-049,FROZEN_DETAILED_V1.2.2,UPDATE,页面主按钮/行操作/更多菜单/标准弹层，具体位置由模板和页面操作规格确定,具备权限 notification.template.manage，且资源状态允许“修改通知模板草稿”；按钮显示条件由页面状态表和状态机共同决定,不存在同资源写请求；必填字段有效；服务端 version 未被本地标记过期；需要审批时已选择审批单,"校验 X-Idempotency-Key,id,titleTemplate,bodyTemplate,allowedVariables,sampleVariables,status,expectedVersion；expectedVersion 必须等于页面最后一次成功读取的服务端版本；同一业务意图生成稳定 X-Idempotency-Key；请求体变化必须换键",X-Idempotency-Key;id;titleTemplate;bodyTemplate;allowedVariables;sampleVariables;status;expectedVersion,金额、权益或发布范围变化时二次确认；普通可撤销保存不需要,PATCH /admin-api/v1/notification-templates/{id}；请求模型 NotificationTemplatePatchRequest；响应模型 AdminNotificationPatchTemplateResponse,expectedVersion 乐观锁 + X-Idempotency-Key + 服务端结果查询,提交期间锁定同资源写操作，保留输入并显示明确进度；禁止全页无反馈等待,使用同一幂等键仅重试同一请求体；若服务端已受理则先查询结果；409版本冲突不得盲重试,默认留在当前页并刷新；创建成功进入详情，支付/认证/发布结果按对应流程导航,当前资源、来源列表、全局角标/余额/待办中与该领域相关的缓存；禁止无差别清空全部缓存,记录操作人、角色、目标、前后状态/版本、原因、审批单、requestId、IP/设备和结果,敏感字段按数据分级脱敏；密码、验证码、身份证、支付账号、秘密引用绝不进入埋点和普通日志,GET 可展示明确标记的最近缓存；写操作离线时禁止提交，不进入隐式离线队列,AdminNotificationPatchTemplateResponse,READY_FOR_IMPLEMENTATION
ACT-V122-051,ADMIN,ADM-NOTIFY-002,通知发送记录,/operations/notifications/deliveries,通知发送记录,页面首次进入、下拉刷新、筛选/排序变化或滚动触底时触发；相同查询条件避免并发重复请求,GET /admin-api/v1/notification-deliveries,adminNotificationGetDeliveries,AdminNotificationGetDeliveriesParameters,notification.delivery.read,不要求,首屏替换数据，翻页仅追加去重；更新分页、筛选回显、总数/游标和最后刷新时间；空结果进入业务空状态,首屏失败显示全页错误与重试；刷新失败保留旧数据并提示；翻页失败保留已加载数据并提供行内重试；401跳登录或会话升级，403显示无权限，404不适用,ui_action_adm_notify_002_51,REQ-NOTIFICATION-OPS-001;REQ-NOTIFY-001,TST-V122-050,FROZEN_DETAILED_V1.2.2,LIST_QUERY,页面主按钮/行操作/更多菜单/标准弹层，具体位置由模板和页面操作规格确定,页面具备读取权限；筛选项按数据范围和角色显示,网络可用；非正在刷新；翻页时 nextCursor/hasNext 为真,"校验 page,pageSize,keyword,status,sort,startAt,endAt,channel,templateCode,businessType",page;pageSize;keyword;status;sort;startAt;endAt;channel;templateCode;businessType,不需要,GET /admin-api/v1/notification-deliveries；请求模型 AdminNotificationGetDeliveriesParameters；响应模型 AdminNotificationGetDeliveriesResponse,同资源单写请求锁；状态机服务端复核,首屏使用骨架屏；刷新保留现有数据；翻页使用列表尾部加载器,GET 可人工重试；网络瞬断最多指数退避自动重试 2 次；筛选变化取消旧请求,留在当前页；点击行/卡片按页面导航规格进入详情,当前资源、来源列表、全局角标/余额/待办中与该领域相关的缓存；禁止无差别清空全部缓存,记录敏感数据访问审计：操作人、目标、字段范围、目的、requestId 和结果,敏感字段按数据分级脱敏；密码、验证码、身份证、支付账号、秘密引用绝不进入埋点和普通日志,GET 可展示明确标记的最近缓存；写操作离线时禁止提交，不进入隐式离线队列,AdminNotificationGetDeliveriesResponse,READY_FOR_IMPLEMENTATION
ACT-V122-052,ADMIN,ADM-NOTIFY-002,通知发送记录,/operations/notifications/deliveries,重试失败通知,用户显式点击操作入口，且本地字段校验、权限、状态机前置条件全部满足,POST /admin-api/v1/notification-deliveries/{id}/retry,adminNotificationPostDeliveryRetry,NotificationRetryRequest,notification.delivery.retry,X-Idempotency-Key必填,以响应数据更新页面和关联缓存；展示“重试失败通知成功”；仅刷新受影响区域,400逐字段映射；401要求重新认证；403隐藏后续写入口并记录越权拒绝；409提示数据已变化并重新加载；422展示业务原因且保留输入；429显示可重试时间；500保留上下文并提供 requestId,ui_action_adm_notify_002_52,REQ-NOTIFICATION-OPS-001;REQ-NOTIFY-001,TST-V122-051,FROZEN_DETAILED_V1.2.2,CONTROLLED_COMMAND,页面主按钮/行操作/更多菜单/标准弹层，具体位置由模板和页面操作规格确定,具备权限 notification.delivery.retry，且资源状态允许“重试失败通知”；按钮显示条件由页面状态表和状态机共同决定,不存在同资源写请求；必填字段有效；服务端 version 未被本地标记过期；需要审批时已选择审批单,"校验 X-Idempotency-Key,id,reason,expectedAttemptCount；同一业务意图生成稳定 X-Idempotency-Key；请求体变化必须换键",X-Idempotency-Key;id;reason;expectedAttemptCount,必须二次确认；确认框展示目标、影响、不可逆性、原因、审批要求和将触发的通知,POST /admin-api/v1/notification-deliveries/{id}/retry；请求模型 NotificationRetryRequest；响应模型 AdminNotificationPostDeliveryRetryResponse,X-Idempotency-Key + 服务端结果查询,提交期间锁定同资源写操作，保留输入并显示明确进度；禁止全页无反馈等待,使用同一幂等键仅重试同一请求体；若服务端已受理则先查询结果；409版本冲突不得盲重试,默认留在当前页并刷新；创建成功进入详情，支付/认证/发布结果按对应流程导航,当前资源、来源列表、全局角标/余额/待办中与该领域相关的缓存；禁止无差别清空全部缓存,记录操作人、角色、目标、前后状态/版本、原因、审批单、requestId、IP/设备和结果,敏感字段按数据分级脱敏；密码、验证码、身份证、支付账号、秘密引用绝不进入埋点和普通日志,GET 可展示明确标记的最近缓存；写操作离线时禁止提交，不进入隐式离线队列,AdminNotificationPostDeliveryRetryResponse,READY_FOR_IMPLEMENTATION
ACT-V122-053,ADMIN,ADM-EXPORT-001,数据导出中心,/system/exports,导出任务列表,页面首次进入、下拉刷新、筛选/排序变化或滚动触底时触发；相同查询条件避免并发重复请求,GET /admin-api/v1/export-jobs,adminExportsGetJobs,AdminExportsGetJobsParameters,export.read,不要求,首屏替换数据，翻页仅追加去重；更新分页、筛选回显、总数/游标和最后刷新时间；空结果进入业务空状态,首屏失败显示全页错误与重试；刷新失败保留旧数据并提示；翻页失败保留已加载数据并提供行内重试；401跳登录或会话升级，403显示无权限，404不适用,ui_action_adm_export_001_53,REQ-EXPORT-001;REQ-RBAC-001,TST-V122-052,FROZEN_DETAILED_V1.2.2,LIST_QUERY,页面主按钮/行操作/更多菜单/标准弹层，具体位置由模板和页面操作规格确定,页面具备读取权限；筛选项按数据范围和角色显示,网络可用；非正在刷新；翻页时 nextCursor/hasNext 为真,"校验 page,pageSize,keyword,status,sort,startAt,endAt,exportType",page;pageSize;keyword;status;sort;startAt;endAt;exportType,不需要,GET /admin-api/v1/export-jobs；请求模型 AdminExportsGetJobsParameters；响应模型 AdminExportsGetJobsResponse,同资源单写请求锁；状态机服务端复核,首屏使用骨架屏；刷新保留现有数据；翻页使用列表尾部加载器,GET 可人工重试；网络瞬断最多指数退避自动重试 2 次；筛选变化取消旧请求,留在当前页；点击行/卡片按页面导航规格进入详情,当前资源、来源列表、全局角标/余额/待办中与该领域相关的缓存；禁止无差别清空全部缓存,记录敏感数据访问审计：操作人、目标、字段范围、目的、requestId 和结果,敏感字段按数据分级脱敏；密码、验证码、身份证、支付账号、秘密引用绝不进入埋点和普通日志,GET 可展示明确标记的最近缓存；写操作离线时禁止提交，不进入隐式离线队列,AdminExportsGetJobsResponse,READY_FOR_IMPLEMENTATION
ACT-V122-054,ADMIN,ADM-EXPORT-001,数据导出中心,/system/exports,创建导出任务,用户显式点击操作入口，且本地字段校验、权限、状态机前置条件全部满足,POST /admin-api/v1/export-jobs,adminExportsPostJob,ExportJobCreateRequest,export.create,X-Idempotency-Key必填,使用响应中的资源和 version 更新页面；清除已提交脏状态；展示“创建导出任务成功”；刷新受影响列表、详情、余额或配置版本,400逐字段映射；401要求重新认证；403隐藏后续写入口并记录越权拒绝；409提示数据已变化并重新加载；422展示业务原因且保留输入；429显示可重试时间；500保留上下文并提供 requestId,ui_action_adm_export_001_54,REQ-EXPORT-001;REQ-RBAC-001,TST-V122-053,FROZEN_DETAILED_V1.2.2,CREATE_OR_SUBMIT,页面主按钮/行操作/更多菜单/标准弹层，具体位置由模板和页面操作规格确定,具备权限 export.create，且资源状态允许“创建导出任务”；按钮显示条件由页面状态表和状态机共同决定,不存在同资源写请求；必填字段有效；服务端 version 未被本地标记过期；需要审批时已选择审批单,"校验 X-Idempotency-Key,exportType,filters,fieldCodes,maskPolicy,rowLimit,purpose,approvalId；同一业务意图生成稳定 X-Idempotency-Key；请求体变化必须换键",X-Idempotency-Key;exportType;filters;fieldCodes;maskPolicy;rowLimit;purpose;approvalId,必须二次确认；确认框展示目标、影响、不可逆性、原因、审批要求和将触发的通知,POST /admin-api/v1/export-jobs；请求模型 ExportJobCreateRequest；响应模型 AdminExportsPostJobResponse,X-Idempotency-Key + 服务端结果查询,提交期间锁定同资源写操作，保留输入并显示明确进度；禁止全页无反馈等待,使用同一幂等键仅重试同一请求体；若服务端已受理则先查询结果；409版本冲突不得盲重试,默认留在当前页并刷新；创建成功进入详情，支付/认证/发布结果按对应流程导航,当前资源、来源列表、全局角标/余额/待办中与该领域相关的缓存；禁止无差别清空全部缓存,记录操作人、角色、目标、前后状态/版本、原因、审批单、requestId、IP/设备和结果,敏感字段按数据分级脱敏；密码、验证码、身份证、支付账号、秘密引用绝不进入埋点和普通日志,GET 可展示明确标记的最近缓存；写操作离线时禁止提交，不进入隐式离线队列,AdminExportsPostJobResponse,READY_FOR_IMPLEMENTATION
ACT-V122-055,ADMIN,ADM-EXPORT-001,数据导出中心,/system/exports,导出任务详情,页面进入、显式刷新、从后台恢复且缓存过期，或收到相关领域事件后触发,GET /admin-api/v1/export-jobs/{id},adminExportsGetJobById,AdminExportsGetJobByIdParameters,export.read,不要求,以服务端返回的 version 和状态覆盖详情；重算按钮显示/可用条件；记录页面曝光和请求 requestId,404显示资源不存在或已下架并提供返回；403显示无权限；409触发重新拉取；网络失败保留缓存并标记可能过期,ui_action_adm_export_001_55,REQ-EXPORT-001;REQ-RBAC-001,TST-V122-054,FROZEN_DETAILED_V1.2.2,DETAIL_QUERY,页面主按钮/行操作/更多菜单/标准弹层，具体位置由模板和页面操作规格确定,页面具备读取权限且路由参数完整,网络可用且不存在同资源进行中的请求,校验 id,id,不需要,GET /admin-api/v1/export-jobs/{id}；请求模型 AdminExportsGetJobByIdParameters；响应模型 AdminExportsGetJobByIdResponse,同资源单写请求锁；状态机服务端复核,首次进入使用结构骨架；刷新保留当前内容并显示轻量刷新态,GET 可人工重试；缓存可作为只读降级但禁止基于过期数据执行写操作,留在当前页；资源不存在时返回上一级并从来源列表移除或标记,当前资源、来源列表、全局角标/余额/待办中与该领域相关的缓存；禁止无差别清空全部缓存,记录敏感数据访问审计：操作人、目标、字段范围、目的、requestId 和结果,敏感字段按数据分级脱敏；密码、验证码、身份证、支付账号、秘密引用绝不进入埋点和普通日志,GET 可展示明确标记的最近缓存；写操作离线时禁止提交，不进入隐式离线队列,AdminExportsGetJobByIdResponse,READY_FOR_IMPLEMENTATION
ACT-V122-056,ADMIN,ADM-EXPORT-001,数据导出中心,/system/exports,创建一次性下载令牌,用户显式点击操作入口，且本地字段校验、权限、状态机前置条件全部满足,POST /admin-api/v1/export-jobs/{id}/download-token,adminExportsPostDownloadToken,AdminExportsPostDownloadTokenParameters,export.download,X-Idempotency-Key必填,使用响应中的资源和 version 更新页面；清除已提交脏状态；展示“创建一次性下载令牌成功”；刷新受影响列表、详情、余额或配置版本,400逐字段映射；401要求重新认证；403隐藏后续写入口并记录越权拒绝；409提示数据已变化并重新加载；422展示业务原因且保留输入；429显示可重试时间；500保留上下文并提供 requestId,ui_action_adm_export_001_56,REQ-EXPORT-001;REQ-RBAC-001,TST-V122-055,FROZEN_DETAILED_V1.2.2,CREATE_OR_SUBMIT,页面主按钮/行操作/更多菜单/标准弹层，具体位置由模板和页面操作规格确定,具备权限 export.download，且资源状态允许“创建一次性下载令牌”；按钮显示条件由页面状态表和状态机共同决定,不存在同资源写请求；必填字段有效；服务端 version 未被本地标记过期；需要审批时已选择审批单,"校验 X-Idempotency-Key,id；同一业务意图生成稳定 X-Idempotency-Key；请求体变化必须换键",X-Idempotency-Key;id,金额、权益或发布范围变化时二次确认；普通可撤销保存不需要,POST /admin-api/v1/export-jobs/{id}/download-token；请求模型 AdminExportsPostDownloadTokenParameters；响应模型 AdminExportsPostDownloadTokenResponse,X-Idempotency-Key + 服务端结果查询,提交期间锁定同资源写操作，保留输入并显示明确进度；禁止全页无反馈等待,使用同一幂等键仅重试同一请求体；若服务端已受理则先查询结果；409版本冲突不得盲重试,默认留在当前页并刷新；创建成功进入详情，支付/认证/发布结果按对应流程导航,当前资源、来源列表、全局角标/余额/待办中与该领域相关的缓存；禁止无差别清空全部缓存,记录操作人、角色、目标、前后状态/版本、原因、审批单、requestId、IP/设备和结果,敏感字段按数据分级脱敏；密码、验证码、身份证、支付账号、秘密引用绝不进入埋点和普通日志,GET 可展示明确标记的最近缓存；写操作离线时禁止提交，不进入隐式离线队列,AdminExportsPostDownloadTokenResponse,READY_FOR_IMPLEMENTATION
ACT-V122-057,ADMIN,ADM-SECURITY-001,管理员安全设置,/me/security,管理员安全概览,页面首次进入、下拉刷新、筛选/排序变化或滚动触底时触发；相同查询条件避免并发重复请求,GET /admin-api/v1/me/security,adminSelfGetSecurity,,admin.self.read,不要求,首屏替换数据，翻页仅追加去重；更新分页、筛选回显、总数/游标和最后刷新时间；空结果进入业务空状态,首屏失败显示全页错误与重试；刷新失败保留旧数据并提示；翻页失败保留已加载数据并提供行内重试；401跳登录或会话升级，403显示无权限，404不适用,ui_action_adm_security_001_57,REQ-ADMIN-SECURITY-001;REQ-RBAC-001,TST-V122-056,FROZEN_DETAILED_V1.2.2,LIST_QUERY,页面主按钮/行操作/更多菜单/标准弹层，具体位置由模板和页面操作规格确定,页面具备读取权限；筛选项按数据范围和角色显示,网络可用；非正在刷新；翻页时 nextCursor/hasNext 为真,路由参数、权限和页面状态有效,无业务请求体；仅使用路由/会话上下文,不需要,GET /admin-api/v1/me/security；请求模型 无请求体；响应模型 AdminSelfGetSecurityResponse,同资源单写请求锁；状态机服务端复核,首屏使用骨架屏；刷新保留现有数据；翻页使用列表尾部加载器,GET 可人工重试；网络瞬断最多指数退避自动重试 2 次；筛选变化取消旧请求,留在当前页；点击行/卡片按页面导航规格进入详情,当前资源、来源列表、全局角标/余额/待办中与该领域相关的缓存；禁止无差别清空全部缓存,记录敏感数据访问审计：操作人、目标、字段范围、目的、requestId 和结果,敏感字段按数据分级脱敏；密码、验证码、身份证、支付账号、秘密引用绝不进入埋点和普通日志,GET 可展示明确标记的最近缓存；写操作离线时禁止提交，不进入隐式离线队列,AdminSelfGetSecurityResponse,READY_FOR_IMPLEMENTATION
ACT-V122-058,ADMIN,ADM-SECURITY-001,管理员安全设置,/me/security,修改管理员密码,用户显式点击操作入口，且本地字段校验、权限、状态机前置条件全部满足,POST /admin-api/v1/me/security/password/change,adminSelfPostPasswordChange,AdminPasswordChangeRequest,admin.self.security,X-Idempotency-Key必填,使用响应中的资源和 version 更新页面；清除已提交脏状态；展示“修改管理员密码成功”；刷新受影响列表、详情、余额或配置版本,400逐字段映射；401要求重新认证；403隐藏后续写入口并记录越权拒绝；409提示数据已变化并重新加载；422展示业务原因且保留输入；429显示可重试时间；500保留上下文并提供 requestId,ui_action_adm_security_001_58,REQ-ADMIN-SECURITY-001;REQ-RBAC-001,TST-V122-057,FROZEN_DETAILED_V1.2.2,CREATE_OR_SUBMIT,页面主按钮/行操作/更多菜单/标准弹层，具体位置由模板和页面操作规格确定,具备权限 admin.self.security，且资源状态允许“修改管理员密码”；按钮显示条件由页面状态表和状态机共同决定,不存在同资源写请求；必填字段有效；服务端 version 未被本地标记过期；需要审批时已选择审批单,"校验 X-Idempotency-Key,currentPassword,newPassword,mfaCode；同一业务意图生成稳定 X-Idempotency-Key；请求体变化必须换键；敏感值仅在内存中使用，不写日志、URL、埋点或本地明文缓存",X-Idempotency-Key;currentPassword;newPassword;mfaCode,金额、权益或发布范围变化时二次确认；普通可撤销保存不需要,POST /admin-api/v1/me/security/password/change；请求模型 AdminPasswordChangeRequest；响应模型 AdminSelfPostPasswordChangeResponse,X-Idempotency-Key + 服务端结果查询,提交期间锁定同资源写操作，保留输入并显示明确进度；禁止全页无反馈等待,使用同一幂等键仅重试同一请求体；若服务端已受理则先查询结果；409版本冲突不得盲重试,默认留在当前页并刷新；创建成功进入详情，支付/认证/发布结果按对应流程导航,当前资源、来源列表、全局角标/余额/待办中与该领域相关的缓存；禁止无差别清空全部缓存,记录操作人、角色、目标、前后状态/版本、原因、审批单、requestId、IP/设备和结果,敏感字段按数据分级脱敏；密码、验证码、身份证、支付账号、秘密引用绝不进入埋点和普通日志,GET 可展示明确标记的最近缓存；写操作离线时禁止提交，不进入隐式离线队列,AdminSelfPostPasswordChangeResponse,READY_FOR_IMPLEMENTATION
ACT-V122-059,ADMIN,ADM-SECURITY-001,管理员安全设置,/me/security,开始绑定MFA,用户显式提交且本地校验、安全挑战或会话升级条件已满足,POST /admin-api/v1/me/security/mfa/enroll,adminSelfPostMfaEnroll,AdminSelfPostMfaEnrollParameters,admin.self.security,X-Idempotency-Key必填,更新认证会话或安全状态；清除一次性挑战和敏感输入；按来源跳转；记录安全审计但不记录秘密,字段错误就地提示；挑战过期要求重建；限流显示剩余时间；账号受限跳转账号受限页；服务端错误不清空可安全保留的非敏感字段,ui_action_adm_security_001_59,REQ-ADMIN-SECURITY-001;REQ-RBAC-001,TST-V122-058,FROZEN_DETAILED_V1.2.2,AUTH_SECURITY,页面主按钮/行操作/更多菜单/标准弹层，具体位置由模板和页面操作规格确定,仅在当前认证状态允许时显示；已完成步骤不可重复展示,必填字段有效、验证码/挑战未过期、未触发倒计时或锁定,校验 X-Idempotency-Key；同一业务意图生成稳定 X-Idempotency-Key；请求体变化必须换键,X-Idempotency-Key,修改密码、解绑MFA、退出全部会话等高风险操作需要二次确认；登录和普通验证不需要,POST /admin-api/v1/me/security/mfa/enroll；请求模型 AdminSelfPostMfaEnrollParameters；响应模型 AdminSelfPostMfaEnrollResponse,X-Idempotency-Key + 服务端结果查询,锁定提交按钮，保留非敏感输入；密码、验证码和密钥不得写入日志、埋点或持久化,仅在获得新挑战/验证码或用户再次确认后重试；幂等键不得跨不同提交内容复用,按认证流程图跳转到首页、MFA、账号受限页或原始目标页,当前资源、来源列表、全局角标/余额/待办中与该领域相关的缓存；禁止无差别清空全部缓存,记录操作人、角色、目标、前后状态/版本、原因、审批单、requestId、IP/设备和结果,敏感字段按数据分级脱敏；密码、验证码、身份证、支付账号、秘密引用绝不进入埋点和普通日志,GET 可展示明确标记的最近缓存；写操作离线时禁止提交，不进入隐式离线队列,AdminSelfPostMfaEnrollResponse,READY_FOR_IMPLEMENTATION
ACT-V122-060,ADMIN,ADM-SECURITY-001,管理员安全设置,/me/security,确认绑定MFA,用户显式提交且本地校验、安全挑战或会话升级条件已满足,POST /admin-api/v1/me/security/mfa/confirm,adminSelfPostMfaConfirm,MfaConfirmRequest,admin.self.security,X-Idempotency-Key必填,更新认证会话或安全状态；清除一次性挑战和敏感输入；按来源跳转；记录安全审计但不记录秘密,字段错误就地提示；挑战过期要求重建；限流显示剩余时间；账号受限跳转账号受限页；服务端错误不清空可安全保留的非敏感字段,ui_action_adm_security_001_60,REQ-ADMIN-SECURITY-001;REQ-RBAC-001,TST-V122-059,FROZEN_DETAILED_V1.2.2,AUTH_SECURITY,页面主按钮/行操作/更多菜单/标准弹层，具体位置由模板和页面操作规格确定,仅在当前认证状态允许时显示；已完成步骤不可重复展示,必填字段有效、验证码/挑战未过期、未触发倒计时或锁定,"校验 X-Idempotency-Key,enrollmentId,code；同一业务意图生成稳定 X-Idempotency-Key；请求体变化必须换键；敏感值仅在内存中使用，不写日志、URL、埋点或本地明文缓存",X-Idempotency-Key;enrollmentId;code,修改密码、解绑MFA、退出全部会话等高风险操作需要二次确认；登录和普通验证不需要,POST /admin-api/v1/me/security/mfa/confirm；请求模型 MfaConfirmRequest；响应模型 AdminSelfPostMfaConfirmResponse,X-Idempotency-Key + 服务端结果查询,锁定提交按钮，保留非敏感输入；密码、验证码和密钥不得写入日志、埋点或持久化,仅在获得新挑战/验证码或用户再次确认后重试；幂等键不得跨不同提交内容复用,按认证流程图跳转到首页、MFA、账号受限页或原始目标页,当前资源、来源列表、全局角标/余额/待办中与该领域相关的缓存；禁止无差别清空全部缓存,记录操作人、角色、目标、前后状态/版本、原因、审批单、requestId、IP/设备和结果,敏感字段按数据分级脱敏；密码、验证码、身份证、支付账号、秘密引用绝不进入埋点和普通日志,GET 可展示明确标记的最近缓存；写操作离线时禁止提交，不进入隐式离线队列,AdminSelfPostMfaConfirmResponse,READY_FOR_IMPLEMENTATION
ACT-V122-061,ADMIN,ADM-SECURITY-001,管理员安全设置,/me/security,解绑MFA,用户显式提交且本地校验、安全挑战或会话升级条件已满足,POST /admin-api/v1/me/security/mfa/disable,adminSelfPostMfaDisable,MfaDisableRequest,admin.self.security,X-Idempotency-Key必填,更新认证会话或安全状态；清除一次性挑战和敏感输入；按来源跳转；记录安全审计但不记录秘密,字段错误就地提示；挑战过期要求重建；限流显示剩余时间；账号受限跳转账号受限页；服务端错误不清空可安全保留的非敏感字段,ui_action_adm_security_001_61,REQ-ADMIN-SECURITY-001;REQ-RBAC-001,TST-V122-060,FROZEN_DETAILED_V1.2.2,AUTH_SECURITY,页面主按钮/行操作/更多菜单/标准弹层，具体位置由模板和页面操作规格确定,仅在当前认证状态允许时显示；已完成步骤不可重复展示,必填字段有效、验证码/挑战未过期、未触发倒计时或锁定,"校验 X-Idempotency-Key,code,reason；同一业务意图生成稳定 X-Idempotency-Key；请求体变化必须换键；敏感值仅在内存中使用，不写日志、URL、埋点或本地明文缓存",X-Idempotency-Key;code;reason,修改密码、解绑MFA、退出全部会话等高风险操作需要二次确认；登录和普通验证不需要,POST /admin-api/v1/me/security/mfa/disable；请求模型 MfaDisableRequest；响应模型 AdminSelfPostMfaDisableResponse,X-Idempotency-Key + 服务端结果查询,锁定提交按钮，保留非敏感输入；密码、验证码和密钥不得写入日志、埋点或持久化,仅在获得新挑战/验证码或用户再次确认后重试；幂等键不得跨不同提交内容复用,按认证流程图跳转到首页、MFA、账号受限页或原始目标页,当前资源、来源列表、全局角标/余额/待办中与该领域相关的缓存；禁止无差别清空全部缓存,记录操作人、角色、目标、前后状态/版本、原因、审批单、requestId、IP/设备和结果,敏感字段按数据分级脱敏；密码、验证码、身份证、支付账号、秘密引用绝不进入埋点和普通日志,GET 可展示明确标记的最近缓存；写操作离线时禁止提交，不进入隐式离线队列,AdminSelfPostMfaDisableResponse,READY_FOR_IMPLEMENTATION
