状态ID,页面ID,平台,页面,状态码,进入条件,展示行为,允许操作,禁用操作,恢复策略,埋点事件,是否终态,成熟度
STA-00001,SCR-APP-001,ANDROID,启动页,INITIAL,页面首次创建，尚未发起请求,显示稳定布局占位，禁止空白闪烁,发起初始化,与当前状态、权限或服务端version冲突的所有写操作,自动进入下一状态,page_state_scr_app_001_initial,否,FROZEN_V1.2.2
STA-00002,SCR-APP-001,ANDROID,启动页,CHECKING,正在执行版本、维护、资格或安全检查,显示检查进度和当前步骤，禁止提前导航,取消/重试（允许时）,与当前状态、权限或服务端version冲突的所有写操作,超时后进入可恢复错误,page_state_scr_app_001_checking,否,FROZEN_V1.2.2
STA-00003,SCR-APP-001,ANDROID,启动页,CONTENT,核心数据完整且可交互,展示内容并按权限/状态机计算操作入口,页面定义的读写动作,与当前状态、权限或服务端version冲突的所有写操作,刷新或执行操作,page_state_scr_app_001_content,否,FROZEN_V1.2.2
STA-00004,SCR-APP-001,ANDROID,启动页,BLOCKED,系统维护、强制更新或账号限制阻断,展示阻断原因和唯一允许动作,更新/重试/联系客服,与当前状态、权限或服务端version冲突的所有写操作,阻断优先级高于普通导航,page_state_scr_app_001_blocked,是,FROZEN_V1.2.2
STA-00005,SCR-APP-001,ANDROID,启动页,RETRYABLE_ERROR,网络、限流或临时依赖故障,说明可恢复原因和最早重试时间,重试/返回,与当前状态、权限或服务端version冲突的所有写操作,不得丢失安全可保留输入,page_state_scr_app_001_retryable_error,否,FROZEN_V1.2.2
STA-00006,SCR-APP-001,ANDROID,启动页,ERROR,请求失败且无法展示可靠内容,展示稳定错误码、requestId、重试和返回,重试/返回,与当前状态、权限或服务端version冲突的所有写操作,按错误码恢复,page_state_scr_app_001_error,否,FROZEN_V1.2.2
STA-00007,SCR-APP-001,ANDROID,启动页,OFFLINE,网络不可用,只读页面可展示标记为缓存的数据；写操作禁用,重试网络,与当前状态、权限或服务端version冲突的所有写操作,恢复网络后主动刷新,page_state_scr_app_001_offline,否,FROZEN_V1.2.2
STA-00008,SCR-APP-002,ANDROID,系统维护页,INITIAL,页面首次创建，尚未发起请求,显示稳定布局占位，禁止空白闪烁,发起初始化,与当前状态、权限或服务端version冲突的所有写操作,自动进入下一状态,page_state_scr_app_002_initial,否,FROZEN_V1.2.2
STA-00009,SCR-APP-002,ANDROID,系统维护页,CHECKING,正在执行版本、维护、资格或安全检查,显示检查进度和当前步骤，禁止提前导航,取消/重试（允许时）,与当前状态、权限或服务端version冲突的所有写操作,超时后进入可恢复错误,page_state_scr_app_002_checking,否,FROZEN_V1.2.2
STA-00010,SCR-APP-002,ANDROID,系统维护页,CONTENT,核心数据完整且可交互,展示内容并按权限/状态机计算操作入口,页面定义的读写动作,与当前状态、权限或服务端version冲突的所有写操作,刷新或执行操作,page_state_scr_app_002_content,否,FROZEN_V1.2.2
STA-00011,SCR-APP-002,ANDROID,系统维护页,BLOCKED,系统维护、强制更新或账号限制阻断,展示阻断原因和唯一允许动作,更新/重试/联系客服,与当前状态、权限或服务端version冲突的所有写操作,阻断优先级高于普通导航,page_state_scr_app_002_blocked,是,FROZEN_V1.2.2
STA-00012,SCR-APP-002,ANDROID,系统维护页,RETRYABLE_ERROR,网络、限流或临时依赖故障,说明可恢复原因和最早重试时间,重试/返回,与当前状态、权限或服务端version冲突的所有写操作,不得丢失安全可保留输入,page_state_scr_app_002_retryable_error,否,FROZEN_V1.2.2
STA-00013,SCR-APP-002,ANDROID,系统维护页,ERROR,请求失败且无法展示可靠内容,展示稳定错误码、requestId、重试和返回,重试/返回,与当前状态、权限或服务端version冲突的所有写操作,按错误码恢复,page_state_scr_app_002_error,否,FROZEN_V1.2.2
STA-00014,SCR-APP-002,ANDROID,系统维护页,OFFLINE,网络不可用,只读页面可展示标记为缓存的数据；写操作禁用,重试网络,与当前状态、权限或服务端version冲突的所有写操作,恢复网络后主动刷新,page_state_scr_app_002_offline,否,FROZEN_V1.2.2
STA-00015,SCR-APP-003,ANDROID,更新提示,INITIAL,页面首次创建，尚未发起请求,显示稳定布局占位，禁止空白闪烁,发起初始化,与当前状态、权限或服务端version冲突的所有写操作,自动进入下一状态,page_state_scr_app_003_initial,否,FROZEN_V1.2.2
STA-00016,SCR-APP-003,ANDROID,更新提示,CHECKING,正在执行版本、维护、资格或安全检查,显示检查进度和当前步骤，禁止提前导航,取消/重试（允许时）,与当前状态、权限或服务端version冲突的所有写操作,超时后进入可恢复错误,page_state_scr_app_003_checking,否,FROZEN_V1.2.2
STA-00017,SCR-APP-003,ANDROID,更新提示,CONTENT,核心数据完整且可交互,展示内容并按权限/状态机计算操作入口,页面定义的读写动作,与当前状态、权限或服务端version冲突的所有写操作,刷新或执行操作,page_state_scr_app_003_content,否,FROZEN_V1.2.2
STA-00018,SCR-APP-003,ANDROID,更新提示,BLOCKED,系统维护、强制更新或账号限制阻断,展示阻断原因和唯一允许动作,更新/重试/联系客服,与当前状态、权限或服务端version冲突的所有写操作,阻断优先级高于普通导航,page_state_scr_app_003_blocked,是,FROZEN_V1.2.2
STA-00019,SCR-APP-003,ANDROID,更新提示,RETRYABLE_ERROR,网络、限流或临时依赖故障,说明可恢复原因和最早重试时间,重试/返回,与当前状态、权限或服务端version冲突的所有写操作,不得丢失安全可保留输入,page_state_scr_app_003_retryable_error,否,FROZEN_V1.2.2
STA-00020,SCR-APP-003,ANDROID,更新提示,ERROR,请求失败且无法展示可靠内容,展示稳定错误码、requestId、重试和返回,重试/返回,与当前状态、权限或服务端version冲突的所有写操作,按错误码恢复,page_state_scr_app_003_error,否,FROZEN_V1.2.2
STA-00021,SCR-APP-003,ANDROID,更新提示,OFFLINE,网络不可用,只读页面可展示标记为缓存的数据；写操作禁用,重试网络,与当前状态、权限或服务端version冲突的所有写操作,恢复网络后主动刷新,page_state_scr_app_003_offline,否,FROZEN_V1.2.2
STA-00022,SCR-AUTH-001,ANDROID,密码登录,INITIAL,页面首次创建，尚未发起请求,显示稳定布局占位，禁止空白闪烁,发起初始化,与当前状态、权限或服务端version冲突的所有写操作,自动进入下一状态,page_state_scr_auth_001_initial,否,FROZEN_V1.2.2
STA-00023,SCR-AUTH-001,ANDROID,密码登录,EDITING,用户正在编辑表单,显示字段、帮助、脏状态和保存/提交入口,编辑/保存/提交/取消,与当前状态、权限或服务端version冲突的所有写操作,离开时执行脏表单保护,page_state_scr_auth_001_editing,否,FROZEN_V1.2.2
STA-00024,SCR-AUTH-001,ANDROID,密码登录,VALIDATING,正在验证一次性state或输入,显示处理中，不暴露敏感参数,返回（允许时）,与当前状态、权限或服务端version冲突的所有写操作,参数立即从URL清理,page_state_scr_auth_001_validating,否,FROZEN_V1.2.2
STA-00025,SCR-AUTH-001,ANDROID,密码登录,SUBMITTING,写请求已提交，结果未确定,锁定同资源写操作，保留输入，展示进度,查询结果/取消（业务允许时）,与当前状态、权限或服务端version冲突的所有写操作,不得重复生成新业务意图,page_state_scr_auth_001_submitting,否,FROZEN_V1.2.2
STA-00026,SCR-AUTH-001,ANDROID,密码登录,RATE_LIMITED,触发频率限制,显示剩余等待时间和限制原因,等待/返回,与当前状态、权限或服务端version冲突的所有写操作,倒计时结束后重新获取前置条件,page_state_scr_auth_001_rate_limited,否,FROZEN_V1.2.2
STA-00027,SCR-AUTH-001,ANDROID,密码登录,LOCKED,账号、验证码或安全流程被锁定,展示锁定原因、期限和申诉/客服入口,返回/申诉,与当前状态、权限或服务端version冲突的所有写操作,禁止继续提交,page_state_scr_auth_001_locked,是,FROZEN_V1.2.2
STA-00028,SCR-AUTH-001,ANDROID,密码登录,SUCCESS,操作成功且服务端已返回事实,展示明确结果并刷新关联数据,继续/返回/查看详情,与当前状态、权限或服务端version冲突的所有写操作,一次性敏感输入立即清除,page_state_scr_auth_001_success,是,FROZEN_V1.2.2
STA-00029,SCR-AUTH-001,ANDROID,密码登录,ERROR,请求失败且无法展示可靠内容,展示稳定错误码、requestId、重试和返回,重试/返回,与当前状态、权限或服务端version冲突的所有写操作,按错误码恢复,page_state_scr_auth_001_error,否,FROZEN_V1.2.2
STA-00030,SCR-AUTH-001,ANDROID,密码登录,OFFLINE,网络不可用,只读页面可展示标记为缓存的数据；写操作禁用,重试网络,与当前状态、权限或服务端version冲突的所有写操作,恢复网络后主动刷新,page_state_scr_auth_001_offline,否,FROZEN_V1.2.2
STA-00031,SCR-AUTH-002,ANDROID,短信验证码登录,INITIAL,页面首次创建，尚未发起请求,显示稳定布局占位，禁止空白闪烁,发起初始化,与当前状态、权限或服务端version冲突的所有写操作,自动进入下一状态,page_state_scr_auth_002_initial,否,FROZEN_V1.2.2
STA-00032,SCR-AUTH-002,ANDROID,短信验证码登录,EDITING,用户正在编辑表单,显示字段、帮助、脏状态和保存/提交入口,编辑/保存/提交/取消,与当前状态、权限或服务端version冲突的所有写操作,离开时执行脏表单保护,page_state_scr_auth_002_editing,否,FROZEN_V1.2.2
STA-00033,SCR-AUTH-002,ANDROID,短信验证码登录,VALIDATING,正在验证一次性state或输入,显示处理中，不暴露敏感参数,返回（允许时）,与当前状态、权限或服务端version冲突的所有写操作,参数立即从URL清理,page_state_scr_auth_002_validating,否,FROZEN_V1.2.2
STA-00034,SCR-AUTH-002,ANDROID,短信验证码登录,SUBMITTING,写请求已提交，结果未确定,锁定同资源写操作，保留输入，展示进度,查询结果/取消（业务允许时）,与当前状态、权限或服务端version冲突的所有写操作,不得重复生成新业务意图,page_state_scr_auth_002_submitting,否,FROZEN_V1.2.2
STA-00035,SCR-AUTH-002,ANDROID,短信验证码登录,RATE_LIMITED,触发频率限制,显示剩余等待时间和限制原因,等待/返回,与当前状态、权限或服务端version冲突的所有写操作,倒计时结束后重新获取前置条件,page_state_scr_auth_002_rate_limited,否,FROZEN_V1.2.2
STA-00036,SCR-AUTH-002,ANDROID,短信验证码登录,LOCKED,账号、验证码或安全流程被锁定,展示锁定原因、期限和申诉/客服入口,返回/申诉,与当前状态、权限或服务端version冲突的所有写操作,禁止继续提交,page_state_scr_auth_002_locked,是,FROZEN_V1.2.2
STA-00037,SCR-AUTH-002,ANDROID,短信验证码登录,SUCCESS,操作成功且服务端已返回事实,展示明确结果并刷新关联数据,继续/返回/查看详情,与当前状态、权限或服务端version冲突的所有写操作,一次性敏感输入立即清除,page_state_scr_auth_002_success,是,FROZEN_V1.2.2
STA-00038,SCR-AUTH-002,ANDROID,短信验证码登录,ERROR,请求失败且无法展示可靠内容,展示稳定错误码、requestId、重试和返回,重试/返回,与当前状态、权限或服务端version冲突的所有写操作,按错误码恢复,page_state_scr_auth_002_error,否,FROZEN_V1.2.2
STA-00039,SCR-AUTH-002,ANDROID,短信验证码登录,OFFLINE,网络不可用,只读页面可展示标记为缓存的数据；写操作禁用,重试网络,与当前状态、权限或服务端version冲突的所有写操作,恢复网络后主动刷新,page_state_scr_auth_002_offline,否,FROZEN_V1.2.2
STA-00040,SCR-AUTH-003,ANDROID,注册账号,INITIAL,页面首次创建，尚未发起请求,显示稳定布局占位，禁止空白闪烁,发起初始化,与当前状态、权限或服务端version冲突的所有写操作,自动进入下一状态,page_state_scr_auth_003_initial,否,FROZEN_V1.2.2
STA-00041,SCR-AUTH-003,ANDROID,注册账号,EDITING,用户正在编辑表单,显示字段、帮助、脏状态和保存/提交入口,编辑/保存/提交/取消,与当前状态、权限或服务端version冲突的所有写操作,离开时执行脏表单保护,page_state_scr_auth_003_editing,否,FROZEN_V1.2.2
STA-00042,SCR-AUTH-003,ANDROID,注册账号,VALIDATING,正在验证一次性state或输入,显示处理中，不暴露敏感参数,返回（允许时）,与当前状态、权限或服务端version冲突的所有写操作,参数立即从URL清理,page_state_scr_auth_003_validating,否,FROZEN_V1.2.2
STA-00043,SCR-AUTH-003,ANDROID,注册账号,SUBMITTING,写请求已提交，结果未确定,锁定同资源写操作，保留输入，展示进度,查询结果/取消（业务允许时）,与当前状态、权限或服务端version冲突的所有写操作,不得重复生成新业务意图,page_state_scr_auth_003_submitting,否,FROZEN_V1.2.2
STA-00044,SCR-AUTH-003,ANDROID,注册账号,RATE_LIMITED,触发频率限制,显示剩余等待时间和限制原因,等待/返回,与当前状态、权限或服务端version冲突的所有写操作,倒计时结束后重新获取前置条件,page_state_scr_auth_003_rate_limited,否,FROZEN_V1.2.2
STA-00045,SCR-AUTH-003,ANDROID,注册账号,LOCKED,账号、验证码或安全流程被锁定,展示锁定原因、期限和申诉/客服入口,返回/申诉,与当前状态、权限或服务端version冲突的所有写操作,禁止继续提交,page_state_scr_auth_003_locked,是,FROZEN_V1.2.2
STA-00046,SCR-AUTH-003,ANDROID,注册账号,SUCCESS,操作成功且服务端已返回事实,展示明确结果并刷新关联数据,继续/返回/查看详情,与当前状态、权限或服务端version冲突的所有写操作,一次性敏感输入立即清除,page_state_scr_auth_003_success,是,FROZEN_V1.2.2
STA-00047,SCR-AUTH-003,ANDROID,注册账号,ERROR,请求失败且无法展示可靠内容,展示稳定错误码、requestId、重试和返回,重试/返回,与当前状态、权限或服务端version冲突的所有写操作,按错误码恢复,page_state_scr_auth_003_error,否,FROZEN_V1.2.2
STA-00048,SCR-AUTH-003,ANDROID,注册账号,OFFLINE,网络不可用,只读页面可展示标记为缓存的数据；写操作禁用,重试网络,与当前状态、权限或服务端version冲突的所有写操作,恢复网络后主动刷新,page_state_scr_auth_003_offline,否,FROZEN_V1.2.2
STA-00049,SCR-AUTH-004,ANDROID,忘记密码,INITIAL,页面首次创建，尚未发起请求,显示稳定布局占位，禁止空白闪烁,发起初始化,与当前状态、权限或服务端version冲突的所有写操作,自动进入下一状态,page_state_scr_auth_004_initial,否,FROZEN_V1.2.2
STA-00050,SCR-AUTH-004,ANDROID,忘记密码,EDITING,用户正在编辑表单,显示字段、帮助、脏状态和保存/提交入口,编辑/保存/提交/取消,与当前状态、权限或服务端version冲突的所有写操作,离开时执行脏表单保护,page_state_scr_auth_004_editing,否,FROZEN_V1.2.2
STA-00051,SCR-AUTH-004,ANDROID,忘记密码,VALIDATING,正在验证一次性state或输入,显示处理中，不暴露敏感参数,返回（允许时）,与当前状态、权限或服务端version冲突的所有写操作,参数立即从URL清理,page_state_scr_auth_004_validating,否,FROZEN_V1.2.2
STA-00052,SCR-AUTH-004,ANDROID,忘记密码,SUBMITTING,写请求已提交，结果未确定,锁定同资源写操作，保留输入，展示进度,查询结果/取消（业务允许时）,与当前状态、权限或服务端version冲突的所有写操作,不得重复生成新业务意图,page_state_scr_auth_004_submitting,否,FROZEN_V1.2.2
STA-00053,SCR-AUTH-004,ANDROID,忘记密码,RATE_LIMITED,触发频率限制,显示剩余等待时间和限制原因,等待/返回,与当前状态、权限或服务端version冲突的所有写操作,倒计时结束后重新获取前置条件,page_state_scr_auth_004_rate_limited,否,FROZEN_V1.2.2
STA-00054,SCR-AUTH-004,ANDROID,忘记密码,LOCKED,账号、验证码或安全流程被锁定,展示锁定原因、期限和申诉/客服入口,返回/申诉,与当前状态、权限或服务端version冲突的所有写操作,禁止继续提交,page_state_scr_auth_004_locked,是,FROZEN_V1.2.2
STA-00055,SCR-AUTH-004,ANDROID,忘记密码,SUCCESS,操作成功且服务端已返回事实,展示明确结果并刷新关联数据,继续/返回/查看详情,与当前状态、权限或服务端version冲突的所有写操作,一次性敏感输入立即清除,page_state_scr_auth_004_success,是,FROZEN_V1.2.2
STA-00056,SCR-AUTH-004,ANDROID,忘记密码,ERROR,请求失败且无法展示可靠内容,展示稳定错误码、requestId、重试和返回,重试/返回,与当前状态、权限或服务端version冲突的所有写操作,按错误码恢复,page_state_scr_auth_004_error,否,FROZEN_V1.2.2
STA-00057,SCR-AUTH-004,ANDROID,忘记密码,OFFLINE,网络不可用,只读页面可展示标记为缓存的数据；写操作禁用,重试网络,与当前状态、权限或服务端version冲突的所有写操作,恢复网络后主动刷新,page_state_scr_auth_004_offline,否,FROZEN_V1.2.2
STA-00058,SCR-AUTH-005,ANDROID,账号冻结,INITIAL,页面首次创建，尚未发起请求,显示稳定布局占位，禁止空白闪烁,发起初始化,与当前状态、权限或服务端version冲突的所有写操作,自动进入下一状态,page_state_scr_auth_005_initial,否,FROZEN_V1.2.2
STA-00059,SCR-AUTH-005,ANDROID,账号冻结,CHECKING,正在执行版本、维护、资格或安全检查,显示检查进度和当前步骤，禁止提前导航,取消/重试（允许时）,与当前状态、权限或服务端version冲突的所有写操作,超时后进入可恢复错误,page_state_scr_auth_005_checking,否,FROZEN_V1.2.2
STA-00060,SCR-AUTH-005,ANDROID,账号冻结,CONTENT,核心数据完整且可交互,展示内容并按权限/状态机计算操作入口,页面定义的读写动作,与当前状态、权限或服务端version冲突的所有写操作,刷新或执行操作,page_state_scr_auth_005_content,否,FROZEN_V1.2.2
STA-00061,SCR-AUTH-005,ANDROID,账号冻结,BLOCKED,系统维护、强制更新或账号限制阻断,展示阻断原因和唯一允许动作,更新/重试/联系客服,与当前状态、权限或服务端version冲突的所有写操作,阻断优先级高于普通导航,page_state_scr_auth_005_blocked,是,FROZEN_V1.2.2
STA-00062,SCR-AUTH-005,ANDROID,账号冻结,RETRYABLE_ERROR,网络、限流或临时依赖故障,说明可恢复原因和最早重试时间,重试/返回,与当前状态、权限或服务端version冲突的所有写操作,不得丢失安全可保留输入,page_state_scr_auth_005_retryable_error,否,FROZEN_V1.2.2
STA-00063,SCR-AUTH-005,ANDROID,账号冻结,ERROR,请求失败且无法展示可靠内容,展示稳定错误码、requestId、重试和返回,重试/返回,与当前状态、权限或服务端version冲突的所有写操作,按错误码恢复,page_state_scr_auth_005_error,否,FROZEN_V1.2.2
STA-00064,SCR-AUTH-005,ANDROID,账号冻结,OFFLINE,网络不可用,只读页面可展示标记为缓存的数据；写操作禁用,重试网络,与当前状态、权限或服务端version冲突的所有写操作,恢复网络后主动刷新,page_state_scr_auth_005_offline,否,FROZEN_V1.2.2
STA-00065,SCR-AUTH-006,ANDROID,登录设备,INITIAL,页面首次创建，尚未发起请求,显示稳定布局占位，禁止空白闪烁,发起初始化,与当前状态、权限或服务端version冲突的所有写操作,自动进入下一状态,page_state_scr_auth_006_initial,否,FROZEN_V1.2.2
STA-00066,SCR-AUTH-006,ANDROID,登录设备,EDITING,用户正在编辑表单,显示字段、帮助、脏状态和保存/提交入口,编辑/保存/提交/取消,与当前状态、权限或服务端version冲突的所有写操作,离开时执行脏表单保护,page_state_scr_auth_006_editing,否,FROZEN_V1.2.2
STA-00067,SCR-AUTH-006,ANDROID,登录设备,VALIDATING,正在验证一次性state或输入,显示处理中，不暴露敏感参数,返回（允许时）,与当前状态、权限或服务端version冲突的所有写操作,参数立即从URL清理,page_state_scr_auth_006_validating,否,FROZEN_V1.2.2
STA-00068,SCR-AUTH-006,ANDROID,登录设备,SUBMITTING,写请求已提交，结果未确定,锁定同资源写操作，保留输入，展示进度,查询结果/取消（业务允许时）,与当前状态、权限或服务端version冲突的所有写操作,不得重复生成新业务意图,page_state_scr_auth_006_submitting,否,FROZEN_V1.2.2
STA-00069,SCR-AUTH-006,ANDROID,登录设备,RATE_LIMITED,触发频率限制,显示剩余等待时间和限制原因,等待/返回,与当前状态、权限或服务端version冲突的所有写操作,倒计时结束后重新获取前置条件,page_state_scr_auth_006_rate_limited,否,FROZEN_V1.2.2
STA-00070,SCR-AUTH-006,ANDROID,登录设备,LOCKED,账号、验证码或安全流程被锁定,展示锁定原因、期限和申诉/客服入口,返回/申诉,与当前状态、权限或服务端version冲突的所有写操作,禁止继续提交,page_state_scr_auth_006_locked,是,FROZEN_V1.2.2
STA-00071,SCR-AUTH-006,ANDROID,登录设备,SUCCESS,操作成功且服务端已返回事实,展示明确结果并刷新关联数据,继续/返回/查看详情,与当前状态、权限或服务端version冲突的所有写操作,一次性敏感输入立即清除,page_state_scr_auth_006_success,是,FROZEN_V1.2.2
STA-00072,SCR-AUTH-006,ANDROID,登录设备,ERROR,请求失败且无法展示可靠内容,展示稳定错误码、requestId、重试和返回,重试/返回,与当前状态、权限或服务端version冲突的所有写操作,按错误码恢复,page_state_scr_auth_006_error,否,FROZEN_V1.2.2
STA-00073,SCR-AUTH-006,ANDROID,登录设备,OFFLINE,网络不可用,只读页面可展示标记为缓存的数据；写操作禁用,重试网络,与当前状态、权限或服务端version冲突的所有写操作,恢复网络后主动刷新,page_state_scr_auth_006_offline,否,FROZEN_V1.2.2
STA-00074,SCR-AUTH-007,ANDROID,修改登录密码,INITIAL,页面首次创建，尚未发起请求,显示稳定布局占位，禁止空白闪烁,发起初始化,与当前状态、权限或服务端version冲突的所有写操作,自动进入下一状态,page_state_scr_auth_007_initial,否,FROZEN_V1.2.2
STA-00075,SCR-AUTH-007,ANDROID,修改登录密码,EDITING,用户正在编辑表单,显示字段、帮助、脏状态和保存/提交入口,编辑/保存/提交/取消,与当前状态、权限或服务端version冲突的所有写操作,离开时执行脏表单保护,page_state_scr_auth_007_editing,否,FROZEN_V1.2.2
STA-00076,SCR-AUTH-007,ANDROID,修改登录密码,VALIDATING,正在验证一次性state或输入,显示处理中，不暴露敏感参数,返回（允许时）,与当前状态、权限或服务端version冲突的所有写操作,参数立即从URL清理,page_state_scr_auth_007_validating,否,FROZEN_V1.2.2
STA-00077,SCR-AUTH-007,ANDROID,修改登录密码,SUBMITTING,写请求已提交，结果未确定,锁定同资源写操作，保留输入，展示进度,查询结果/取消（业务允许时）,与当前状态、权限或服务端version冲突的所有写操作,不得重复生成新业务意图,page_state_scr_auth_007_submitting,否,FROZEN_V1.2.2
STA-00078,SCR-AUTH-007,ANDROID,修改登录密码,RATE_LIMITED,触发频率限制,显示剩余等待时间和限制原因,等待/返回,与当前状态、权限或服务端version冲突的所有写操作,倒计时结束后重新获取前置条件,page_state_scr_auth_007_rate_limited,否,FROZEN_V1.2.2
STA-00079,SCR-AUTH-007,ANDROID,修改登录密码,LOCKED,账号、验证码或安全流程被锁定,展示锁定原因、期限和申诉/客服入口,返回/申诉,与当前状态、权限或服务端version冲突的所有写操作,禁止继续提交,page_state_scr_auth_007_locked,是,FROZEN_V1.2.2
STA-00080,SCR-AUTH-007,ANDROID,修改登录密码,SUCCESS,操作成功且服务端已返回事实,展示明确结果并刷新关联数据,继续/返回/查看详情,与当前状态、权限或服务端version冲突的所有写操作,一次性敏感输入立即清除,page_state_scr_auth_007_success,是,FROZEN_V1.2.2
STA-00081,SCR-AUTH-007,ANDROID,修改登录密码,ERROR,请求失败且无法展示可靠内容,展示稳定错误码、requestId、重试和返回,重试/返回,与当前状态、权限或服务端version冲突的所有写操作,按错误码恢复,page_state_scr_auth_007_error,否,FROZEN_V1.2.2
STA-00082,SCR-AUTH-007,ANDROID,修改登录密码,OFFLINE,网络不可用,只读页面可展示标记为缓存的数据；写操作禁用,重试网络,与当前状态、权限或服务端version冲突的所有写操作,恢复网络后主动刷新,page_state_scr_auth_007_offline,否,FROZEN_V1.2.2
STA-00083,SCR-AUTH-008,ANDROID,注销账号,LOADING,首屏数据请求进行中,显示与最终布局一致的骨架屏,返回,与当前状态、权限或服务端version冲突的所有写操作,失败后显示重试,page_state_scr_auth_008_loading,否,FROZEN_V1.2.2
STA-00084,SCR-AUTH-008,ANDROID,注销账号,CONTENT,核心数据完整且可交互,展示内容并按权限/状态机计算操作入口,页面定义的读写动作,与当前状态、权限或服务端version冲突的所有写操作,刷新或执行操作,page_state_scr_auth_008_content,否,FROZEN_V1.2.2
STA-00085,SCR-AUTH-008,ANDROID,注销账号,SUBMITTING,写请求已提交，结果未确定,锁定同资源写操作，保留输入，展示进度,查询结果/取消（业务允许时）,与当前状态、权限或服务端version冲突的所有写操作,不得重复生成新业务意图,page_state_scr_auth_008_submitting,否,FROZEN_V1.2.2
STA-00086,SCR-AUTH-008,ANDROID,注销账号,SUCCESS,操作成功且服务端已返回事实,展示明确结果并刷新关联数据,继续/返回/查看详情,与当前状态、权限或服务端version冲突的所有写操作,一次性敏感输入立即清除,page_state_scr_auth_008_success,是,FROZEN_V1.2.2
STA-00087,SCR-AUTH-008,ANDROID,注销账号,ERROR,请求失败且无法展示可靠内容,展示稳定错误码、requestId、重试和返回,重试/返回,与当前状态、权限或服务端version冲突的所有写操作,按错误码恢复,page_state_scr_auth_008_error,否,FROZEN_V1.2.2
STA-00088,SCR-AUTH-008,ANDROID,注销账号,OFFLINE,网络不可用,只读页面可展示标记为缓存的数据；写操作禁用,重试网络,与当前状态、权限或服务端version冲突的所有写操作,恢复网络后主动刷新,page_state_scr_auth_008_offline,否,FROZEN_V1.2.2
STA-00089,SCR-HOME-001,ANDROID,首页,LOADING,首屏数据请求进行中,显示与最终布局一致的骨架屏,返回,与当前状态、权限或服务端version冲突的所有写操作,失败后显示重试,page_state_scr_home_001_loading,否,FROZEN_V1.2.2
STA-00090,SCR-HOME-001,ANDROID,首页,CONTENT,核心数据完整且可交互,展示内容并按权限/状态机计算操作入口,页面定义的读写动作,与当前状态、权限或服务端version冲突的所有写操作,刷新或执行操作,page_state_scr_home_001_content,否,FROZEN_V1.2.2
STA-00091,SCR-HOME-001,ANDROID,首页,PARTIAL_CONTENT,部分模块成功、部分模块失败,保留成功模块，失败模块显示局部重试,重试失败模块,与当前状态、权限或服务端version冲突的所有写操作,不得将局部失败升级为全页失败,page_state_scr_home_001_partial_content,否,FROZEN_V1.2.2
STA-00092,SCR-HOME-001,ANDROID,首页,REFRESHING,已有内容上执行刷新,保留内容并显示轻量刷新指示,取消刷新,与当前状态、权限或服务端version冲突的所有写操作,失败保留旧数据,page_state_scr_home_001_refreshing,否,FROZEN_V1.2.2
STA-00093,SCR-HOME-001,ANDROID,首页,ERROR,请求失败且无法展示可靠内容,展示稳定错误码、requestId、重试和返回,重试/返回,与当前状态、权限或服务端version冲突的所有写操作,按错误码恢复,page_state_scr_home_001_error,否,FROZEN_V1.2.2
STA-00094,SCR-HOME-001,ANDROID,首页,OFFLINE,网络不可用,只读页面可展示标记为缓存的数据；写操作禁用,重试网络,与当前状态、权限或服务端version冲突的所有写操作,恢复网络后主动刷新,page_state_scr_home_001_offline,否,FROZEN_V1.2.2
STA-00095,SCR-SEARCH-001,ANDROID,全局搜索,IDLE,尚未输入或执行搜索,展示历史、热词和推荐,输入/选择,与当前状态、权限或服务端version冲突的所有写操作,输入后进入SUGGESTING,page_state_scr_search_001_idle,否,FROZEN_V1.2.2
STA-00096,SCR-SEARCH-001,ANDROID,全局搜索,SUGGESTING,搜索联想请求中或已返回,展示联想词并允许键盘选择,选择/提交,与当前状态、权限或服务端version冲突的所有写操作,新输入取消旧请求,page_state_scr_search_001_suggesting,否,FROZEN_V1.2.2
STA-00097,SCR-SEARCH-001,ANDROID,全局搜索,SEARCHING,搜索请求进行中,保留查询词，展示结果骨架,取消/修改,与当前状态、权限或服务端version冲突的所有写操作,失败不清空查询条件,page_state_scr_search_001_searching,否,FROZEN_V1.2.2
STA-00098,SCR-SEARCH-001,ANDROID,全局搜索,CONTENT,核心数据完整且可交互,展示内容并按权限/状态机计算操作入口,页面定义的读写动作,与当前状态、权限或服务端version冲突的所有写操作,刷新或执行操作,page_state_scr_search_001_content,否,FROZEN_V1.2.2
STA-00099,SCR-SEARCH-001,ANDROID,全局搜索,EMPTY,查询成功但无符合条件的数据,展示业务化空状态、当前筛选和明确下一步,清除筛选/创建/返回,与当前状态、权限或服务端version冲突的所有写操作,修改筛选或执行主行动,page_state_scr_search_001_empty,否,FROZEN_V1.2.2
STA-00100,SCR-SEARCH-001,ANDROID,全局搜索,ERROR,请求失败且无法展示可靠内容,展示稳定错误码、requestId、重试和返回,重试/返回,与当前状态、权限或服务端version冲突的所有写操作,按错误码恢复,page_state_scr_search_001_error,否,FROZEN_V1.2.2
STA-00101,SCR-SEARCH-001,ANDROID,全局搜索,OFFLINE,网络不可用,只读页面可展示标记为缓存的数据；写操作禁用,重试网络,与当前状态、权限或服务端version冲突的所有写操作,恢复网络后主动刷新,page_state_scr_search_001_offline,否,FROZEN_V1.2.2
STA-00102,SCR-SEARCH-002,ANDROID,搜索结果,IDLE,尚未输入或执行搜索,展示历史、热词和推荐,输入/选择,与当前状态、权限或服务端version冲突的所有写操作,输入后进入SUGGESTING,page_state_scr_search_002_idle,否,FROZEN_V1.2.2
STA-00103,SCR-SEARCH-002,ANDROID,搜索结果,SUGGESTING,搜索联想请求中或已返回,展示联想词并允许键盘选择,选择/提交,与当前状态、权限或服务端version冲突的所有写操作,新输入取消旧请求,page_state_scr_search_002_suggesting,否,FROZEN_V1.2.2
STA-00104,SCR-SEARCH-002,ANDROID,搜索结果,SEARCHING,搜索请求进行中,保留查询词，展示结果骨架,取消/修改,与当前状态、权限或服务端version冲突的所有写操作,失败不清空查询条件,page_state_scr_search_002_searching,否,FROZEN_V1.2.2
STA-00105,SCR-SEARCH-002,ANDROID,搜索结果,CONTENT,核心数据完整且可交互,展示内容并按权限/状态机计算操作入口,页面定义的读写动作,与当前状态、权限或服务端version冲突的所有写操作,刷新或执行操作,page_state_scr_search_002_content,否,FROZEN_V1.2.2
STA-00106,SCR-SEARCH-002,ANDROID,搜索结果,EMPTY,查询成功但无符合条件的数据,展示业务化空状态、当前筛选和明确下一步,清除筛选/创建/返回,与当前状态、权限或服务端version冲突的所有写操作,修改筛选或执行主行动,page_state_scr_search_002_empty,否,FROZEN_V1.2.2
STA-00107,SCR-SEARCH-002,ANDROID,搜索结果,ERROR,请求失败且无法展示可靠内容,展示稳定错误码、requestId、重试和返回,重试/返回,与当前状态、权限或服务端version冲突的所有写操作,按错误码恢复,page_state_scr_search_002_error,否,FROZEN_V1.2.2
STA-00108,SCR-SEARCH-002,ANDROID,搜索结果,OFFLINE,网络不可用,只读页面可展示标记为缓存的数据；写操作禁用,重试网络,与当前状态、权限或服务端version冲突的所有写操作,恢复网络后主动刷新,page_state_scr_search_002_offline,否,FROZEN_V1.2.2
STA-00109,SCR-LIST-001,ANDROID,项目列表,LOADING,首屏数据请求进行中,显示与最终布局一致的骨架屏,返回,与当前状态、权限或服务端version冲突的所有写操作,失败后显示重试,page_state_scr_list_001_loading,否,FROZEN_V1.2.2
STA-00110,SCR-LIST-001,ANDROID,项目列表,CONTENT,核心数据完整且可交互,展示内容并按权限/状态机计算操作入口,页面定义的读写动作,与当前状态、权限或服务端version冲突的所有写操作,刷新或执行操作,page_state_scr_list_001_content,否,FROZEN_V1.2.2
STA-00111,SCR-LIST-001,ANDROID,项目列表,EMPTY,查询成功但无符合条件的数据,展示业务化空状态、当前筛选和明确下一步,清除筛选/创建/返回,与当前状态、权限或服务端version冲突的所有写操作,修改筛选或执行主行动,page_state_scr_list_001_empty,否,FROZEN_V1.2.2
STA-00112,SCR-LIST-001,ANDROID,项目列表,REFRESHING,已有内容上执行刷新,保留内容并显示轻量刷新指示,取消刷新,与当前状态、权限或服务端version冲突的所有写操作,失败保留旧数据,page_state_scr_list_001_refreshing,否,FROZEN_V1.2.2
STA-00113,SCR-LIST-001,ANDROID,项目列表,APPENDING,列表加载下一页,列表尾部加载器；已加载项保持可用,取消翻页,与当前状态、权限或服务端version冲突的所有写操作,失败提供尾部重试,page_state_scr_list_001_appending,否,FROZEN_V1.2.2
STA-00114,SCR-LIST-001,ANDROID,项目列表,PARTIAL_ERROR,非首屏请求或单模块失败,保留现有内容并在对应区域提示,局部重试,与当前状态、权限或服务端version冲突的所有写操作,成功后回到CONTENT,page_state_scr_list_001_partial_error,否,FROZEN_V1.2.2
STA-00115,SCR-LIST-001,ANDROID,项目列表,ERROR,请求失败且无法展示可靠内容,展示稳定错误码、requestId、重试和返回,重试/返回,与当前状态、权限或服务端version冲突的所有写操作,按错误码恢复,page_state_scr_list_001_error,否,FROZEN_V1.2.2
STA-00116,SCR-LIST-001,ANDROID,项目列表,OFFLINE,网络不可用,只读页面可展示标记为缓存的数据；写操作禁用,重试网络,与当前状态、权限或服务端version冲突的所有写操作,恢复网络后主动刷新,page_state_scr_list_001_offline,否,FROZEN_V1.2.2
STA-00117,SCR-LIST-002,ANDROID,App列表,LOADING,首屏数据请求进行中,显示与最终布局一致的骨架屏,返回,与当前状态、权限或服务端version冲突的所有写操作,失败后显示重试,page_state_scr_list_002_loading,否,FROZEN_V1.2.2
STA-00118,SCR-LIST-002,ANDROID,App列表,CONTENT,核心数据完整且可交互,展示内容并按权限/状态机计算操作入口,页面定义的读写动作,与当前状态、权限或服务端version冲突的所有写操作,刷新或执行操作,page_state_scr_list_002_content,否,FROZEN_V1.2.2
STA-00119,SCR-LIST-002,ANDROID,App列表,EMPTY,查询成功但无符合条件的数据,展示业务化空状态、当前筛选和明确下一步,清除筛选/创建/返回,与当前状态、权限或服务端version冲突的所有写操作,修改筛选或执行主行动,page_state_scr_list_002_empty,否,FROZEN_V1.2.2
STA-00120,SCR-LIST-002,ANDROID,App列表,REFRESHING,已有内容上执行刷新,保留内容并显示轻量刷新指示,取消刷新,与当前状态、权限或服务端version冲突的所有写操作,失败保留旧数据,page_state_scr_list_002_refreshing,否,FROZEN_V1.2.2
STA-00121,SCR-LIST-002,ANDROID,App列表,APPENDING,列表加载下一页,列表尾部加载器；已加载项保持可用,取消翻页,与当前状态、权限或服务端version冲突的所有写操作,失败提供尾部重试,page_state_scr_list_002_appending,否,FROZEN_V1.2.2
STA-00122,SCR-LIST-002,ANDROID,App列表,PARTIAL_ERROR,非首屏请求或单模块失败,保留现有内容并在对应区域提示,局部重试,与当前状态、权限或服务端version冲突的所有写操作,成功后回到CONTENT,page_state_scr_list_002_partial_error,否,FROZEN_V1.2.2
STA-00123,SCR-LIST-002,ANDROID,App列表,ERROR,请求失败且无法展示可靠内容,展示稳定错误码、requestId、重试和返回,重试/返回,与当前状态、权限或服务端version冲突的所有写操作,按错误码恢复,page_state_scr_list_002_error,否,FROZEN_V1.2.2
STA-00124,SCR-LIST-002,ANDROID,App列表,OFFLINE,网络不可用,只读页面可展示标记为缓存的数据；写操作禁用,重试网络,与当前状态、权限或服务端version冲突的所有写操作,恢复网络后主动刷新,page_state_scr_list_002_offline,否,FROZEN_V1.2.2
STA-00125,SCR-LIST-003,ANDROID,群聊列表,LOADING,首屏数据请求进行中,显示与最终布局一致的骨架屏,返回,与当前状态、权限或服务端version冲突的所有写操作,失败后显示重试,page_state_scr_list_003_loading,否,FROZEN_V1.2.2
STA-00126,SCR-LIST-003,ANDROID,群聊列表,CONTENT,核心数据完整且可交互,展示内容并按权限/状态机计算操作入口,页面定义的读写动作,与当前状态、权限或服务端version冲突的所有写操作,刷新或执行操作,page_state_scr_list_003_content,否,FROZEN_V1.2.2
STA-00127,SCR-LIST-003,ANDROID,群聊列表,EMPTY,查询成功但无符合条件的数据,展示业务化空状态、当前筛选和明确下一步,清除筛选/创建/返回,与当前状态、权限或服务端version冲突的所有写操作,修改筛选或执行主行动,page_state_scr_list_003_empty,否,FROZEN_V1.2.2
STA-00128,SCR-LIST-003,ANDROID,群聊列表,REFRESHING,已有内容上执行刷新,保留内容并显示轻量刷新指示,取消刷新,与当前状态、权限或服务端version冲突的所有写操作,失败保留旧数据,page_state_scr_list_003_refreshing,否,FROZEN_V1.2.2
STA-00129,SCR-LIST-003,ANDROID,群聊列表,APPENDING,列表加载下一页,列表尾部加载器；已加载项保持可用,取消翻页,与当前状态、权限或服务端version冲突的所有写操作,失败提供尾部重试,page_state_scr_list_003_appending,否,FROZEN_V1.2.2
STA-00130,SCR-LIST-003,ANDROID,群聊列表,PARTIAL_ERROR,非首屏请求或单模块失败,保留现有内容并在对应区域提示,局部重试,与当前状态、权限或服务端version冲突的所有写操作,成功后回到CONTENT,page_state_scr_list_003_partial_error,否,FROZEN_V1.2.2
STA-00131,SCR-LIST-003,ANDROID,群聊列表,ERROR,请求失败且无法展示可靠内容,展示稳定错误码、requestId、重试和返回,重试/返回,与当前状态、权限或服务端version冲突的所有写操作,按错误码恢复,page_state_scr_list_003_error,否,FROZEN_V1.2.2
STA-00132,SCR-LIST-003,ANDROID,群聊列表,OFFLINE,网络不可用,只读页面可展示标记为缓存的数据；写操作禁用,重试网络,与当前状态、权限或服务端version冲突的所有写操作,恢复网络后主动刷新,page_state_scr_list_003_offline,否,FROZEN_V1.2.2
STA-00133,SCR-LIST-004,ANDROID,团队长列表,LOADING,首屏数据请求进行中,显示与最终布局一致的骨架屏,返回,与当前状态、权限或服务端version冲突的所有写操作,失败后显示重试,page_state_scr_list_004_loading,否,FROZEN_V1.2.2
STA-00134,SCR-LIST-004,ANDROID,团队长列表,CONTENT,核心数据完整且可交互,展示内容并按权限/状态机计算操作入口,页面定义的读写动作,与当前状态、权限或服务端version冲突的所有写操作,刷新或执行操作,page_state_scr_list_004_content,否,FROZEN_V1.2.2
STA-00135,SCR-LIST-004,ANDROID,团队长列表,EMPTY,查询成功但无符合条件的数据,展示业务化空状态、当前筛选和明确下一步,清除筛选/创建/返回,与当前状态、权限或服务端version冲突的所有写操作,修改筛选或执行主行动,page_state_scr_list_004_empty,否,FROZEN_V1.2.2
STA-00136,SCR-LIST-004,ANDROID,团队长列表,REFRESHING,已有内容上执行刷新,保留内容并显示轻量刷新指示,取消刷新,与当前状态、权限或服务端version冲突的所有写操作,失败保留旧数据,page_state_scr_list_004_refreshing,否,FROZEN_V1.2.2
STA-00137,SCR-LIST-004,ANDROID,团队长列表,APPENDING,列表加载下一页,列表尾部加载器；已加载项保持可用,取消翻页,与当前状态、权限或服务端version冲突的所有写操作,失败提供尾部重试,page_state_scr_list_004_appending,否,FROZEN_V1.2.2
STA-00138,SCR-LIST-004,ANDROID,团队长列表,PARTIAL_ERROR,非首屏请求或单模块失败,保留现有内容并在对应区域提示,局部重试,与当前状态、权限或服务端version冲突的所有写操作,成功后回到CONTENT,page_state_scr_list_004_partial_error,否,FROZEN_V1.2.2
STA-00139,SCR-LIST-004,ANDROID,团队长列表,ERROR,请求失败且无法展示可靠内容,展示稳定错误码、requestId、重试和返回,重试/返回,与当前状态、权限或服务端version冲突的所有写操作,按错误码恢复,page_state_scr_list_004_error,否,FROZEN_V1.2.2
STA-00140,SCR-LIST-004,ANDROID,团队长列表,OFFLINE,网络不可用,只读页面可展示标记为缓存的数据；写操作禁用,重试网络,与当前状态、权限或服务端version冲突的所有写操作,恢复网络后主动刷新,page_state_scr_list_004_offline,否,FROZEN_V1.2.2
STA-00141,SCR-DETAIL-001,ANDROID,项目详情,LOADING,首屏数据请求进行中,显示与最终布局一致的骨架屏,返回,与当前状态、权限或服务端version冲突的所有写操作,失败后显示重试,page_state_scr_detail_001_loading,否,FROZEN_V1.2.2
STA-00142,SCR-DETAIL-001,ANDROID,项目详情,CONTENT,核心数据完整且可交互,展示内容并按权限/状态机计算操作入口,页面定义的读写动作,与当前状态、权限或服务端version冲突的所有写操作,刷新或执行操作,page_state_scr_detail_001_content,否,FROZEN_V1.2.2
STA-00143,SCR-DETAIL-001,ANDROID,项目详情,STALE_CACHE,展示最近缓存但未验证最新版本,明确标记可能过期，禁用依赖版本的写操作,刷新,与当前状态、权限或服务端version冲突的所有写操作,成功后进入CONTENT,page_state_scr_detail_001_stale_cache,否,FROZEN_V1.2.2
STA-00144,SCR-DETAIL-001,ANDROID,项目详情,NOT_FOUND,资源不存在、已删除或不再可访问,显示资源状态，移除无效入口,返回来源列表,与当前状态、权限或服务端version冲突的所有写操作,来源列表同步更新,page_state_scr_detail_001_not_found,是,FROZEN_V1.2.2
STA-00145,SCR-DETAIL-001,ANDROID,项目详情,FORBIDDEN,已认证但无页面或字段权限,展示无权限原因，不泄露资源是否存在,返回,与当前状态、权限或服务端version冲突的所有写操作,权限变化后重新进入,page_state_scr_detail_001_forbidden,是,FROZEN_V1.2.2
STA-00146,SCR-DETAIL-001,ANDROID,项目详情,ERROR,请求失败且无法展示可靠内容,展示稳定错误码、requestId、重试和返回,重试/返回,与当前状态、权限或服务端version冲突的所有写操作,按错误码恢复,page_state_scr_detail_001_error,否,FROZEN_V1.2.2
STA-00147,SCR-DETAIL-001,ANDROID,项目详情,OFFLINE,网络不可用,只读页面可展示标记为缓存的数据；写操作禁用,重试网络,与当前状态、权限或服务端version冲突的所有写操作,恢复网络后主动刷新,page_state_scr_detail_001_offline,否,FROZEN_V1.2.2
STA-00148,SCR-DETAIL-002,ANDROID,App详情,LOADING,首屏数据请求进行中,显示与最终布局一致的骨架屏,返回,与当前状态、权限或服务端version冲突的所有写操作,失败后显示重试,page_state_scr_detail_002_loading,否,FROZEN_V1.2.2
STA-00149,SCR-DETAIL-002,ANDROID,App详情,CONTENT,核心数据完整且可交互,展示内容并按权限/状态机计算操作入口,页面定义的读写动作,与当前状态、权限或服务端version冲突的所有写操作,刷新或执行操作,page_state_scr_detail_002_content,否,FROZEN_V1.2.2
STA-00150,SCR-DETAIL-002,ANDROID,App详情,STALE_CACHE,展示最近缓存但未验证最新版本,明确标记可能过期，禁用依赖版本的写操作,刷新,与当前状态、权限或服务端version冲突的所有写操作,成功后进入CONTENT,page_state_scr_detail_002_stale_cache,否,FROZEN_V1.2.2
STA-00151,SCR-DETAIL-002,ANDROID,App详情,NOT_FOUND,资源不存在、已删除或不再可访问,显示资源状态，移除无效入口,返回来源列表,与当前状态、权限或服务端version冲突的所有写操作,来源列表同步更新,page_state_scr_detail_002_not_found,是,FROZEN_V1.2.2
STA-00152,SCR-DETAIL-002,ANDROID,App详情,FORBIDDEN,已认证但无页面或字段权限,展示无权限原因，不泄露资源是否存在,返回,与当前状态、权限或服务端version冲突的所有写操作,权限变化后重新进入,page_state_scr_detail_002_forbidden,是,FROZEN_V1.2.2
STA-00153,SCR-DETAIL-002,ANDROID,App详情,ERROR,请求失败且无法展示可靠内容,展示稳定错误码、requestId、重试和返回,重试/返回,与当前状态、权限或服务端version冲突的所有写操作,按错误码恢复,page_state_scr_detail_002_error,否,FROZEN_V1.2.2
STA-00154,SCR-DETAIL-002,ANDROID,App详情,OFFLINE,网络不可用,只读页面可展示标记为缓存的数据；写操作禁用,重试网络,与当前状态、权限或服务端version冲突的所有写操作,恢复网络后主动刷新,page_state_scr_detail_002_offline,否,FROZEN_V1.2.2
STA-00155,SCR-DETAIL-003,ANDROID,群聊详情,LOADING,首屏数据请求进行中,显示与最终布局一致的骨架屏,返回,与当前状态、权限或服务端version冲突的所有写操作,失败后显示重试,page_state_scr_detail_003_loading,否,FROZEN_V1.2.2
STA-00156,SCR-DETAIL-003,ANDROID,群聊详情,CONTENT,核心数据完整且可交互,展示内容并按权限/状态机计算操作入口,页面定义的读写动作,与当前状态、权限或服务端version冲突的所有写操作,刷新或执行操作,page_state_scr_detail_003_content,否,FROZEN_V1.2.2
STA-00157,SCR-DETAIL-003,ANDROID,群聊详情,STALE_CACHE,展示最近缓存但未验证最新版本,明确标记可能过期，禁用依赖版本的写操作,刷新,与当前状态、权限或服务端version冲突的所有写操作,成功后进入CONTENT,page_state_scr_detail_003_stale_cache,否,FROZEN_V1.2.2
STA-00158,SCR-DETAIL-003,ANDROID,群聊详情,NOT_FOUND,资源不存在、已删除或不再可访问,显示资源状态，移除无效入口,返回来源列表,与当前状态、权限或服务端version冲突的所有写操作,来源列表同步更新,page_state_scr_detail_003_not_found,是,FROZEN_V1.2.2
STA-00159,SCR-DETAIL-003,ANDROID,群聊详情,FORBIDDEN,已认证但无页面或字段权限,展示无权限原因，不泄露资源是否存在,返回,与当前状态、权限或服务端version冲突的所有写操作,权限变化后重新进入,page_state_scr_detail_003_forbidden,是,FROZEN_V1.2.2
STA-00160,SCR-DETAIL-003,ANDROID,群聊详情,ERROR,请求失败且无法展示可靠内容,展示稳定错误码、requestId、重试和返回,重试/返回,与当前状态、权限或服务端version冲突的所有写操作,按错误码恢复,page_state_scr_detail_003_error,否,FROZEN_V1.2.2
STA-00161,SCR-DETAIL-003,ANDROID,群聊详情,OFFLINE,网络不可用,只读页面可展示标记为缓存的数据；写操作禁用,重试网络,与当前状态、权限或服务端version冲突的所有写操作,恢复网络后主动刷新,page_state_scr_detail_003_offline,否,FROZEN_V1.2.2
STA-00162,SCR-DETAIL-004,ANDROID,团队长详情,LOADING,首屏数据请求进行中,显示与最终布局一致的骨架屏,返回,与当前状态、权限或服务端version冲突的所有写操作,失败后显示重试,page_state_scr_detail_004_loading,否,FROZEN_V1.2.2
STA-00163,SCR-DETAIL-004,ANDROID,团队长详情,CONTENT,核心数据完整且可交互,展示内容并按权限/状态机计算操作入口,页面定义的读写动作,与当前状态、权限或服务端version冲突的所有写操作,刷新或执行操作,page_state_scr_detail_004_content,否,FROZEN_V1.2.2
STA-00164,SCR-DETAIL-004,ANDROID,团队长详情,STALE_CACHE,展示最近缓存但未验证最新版本,明确标记可能过期，禁用依赖版本的写操作,刷新,与当前状态、权限或服务端version冲突的所有写操作,成功后进入CONTENT,page_state_scr_detail_004_stale_cache,否,FROZEN_V1.2.2
STA-00165,SCR-DETAIL-004,ANDROID,团队长详情,NOT_FOUND,资源不存在、已删除或不再可访问,显示资源状态，移除无效入口,返回来源列表,与当前状态、权限或服务端version冲突的所有写操作,来源列表同步更新,page_state_scr_detail_004_not_found,是,FROZEN_V1.2.2
STA-00166,SCR-DETAIL-004,ANDROID,团队长详情,FORBIDDEN,已认证但无页面或字段权限,展示无权限原因，不泄露资源是否存在,返回,与当前状态、权限或服务端version冲突的所有写操作,权限变化后重新进入,page_state_scr_detail_004_forbidden,是,FROZEN_V1.2.2
STA-00167,SCR-DETAIL-004,ANDROID,团队长详情,ERROR,请求失败且无法展示可靠内容,展示稳定错误码、requestId、重试和返回,重试/返回,与当前状态、权限或服务端version冲突的所有写操作,按错误码恢复,page_state_scr_detail_004_error,否,FROZEN_V1.2.2
STA-00168,SCR-DETAIL-004,ANDROID,团队长详情,OFFLINE,网络不可用,只读页面可展示标记为缓存的数据；写操作禁用,重试网络,与当前状态、权限或服务端version冲突的所有写操作,恢复网络后主动刷新,page_state_scr_detail_004_offline,否,FROZEN_V1.2.2
STA-00169,SCR-PUBLISHER-001,ANDROID,发布者主页,LOADING,首屏数据请求进行中,显示与最终布局一致的骨架屏,返回,与当前状态、权限或服务端version冲突的所有写操作,失败后显示重试,page_state_scr_publisher_001_loading,否,FROZEN_V1.2.2
STA-00170,SCR-PUBLISHER-001,ANDROID,发布者主页,CONTENT,核心数据完整且可交互,展示内容并按权限/状态机计算操作入口,页面定义的读写动作,与当前状态、权限或服务端version冲突的所有写操作,刷新或执行操作,page_state_scr_publisher_001_content,否,FROZEN_V1.2.2
STA-00171,SCR-PUBLISHER-001,ANDROID,发布者主页,STALE_CACHE,展示最近缓存但未验证最新版本,明确标记可能过期，禁用依赖版本的写操作,刷新,与当前状态、权限或服务端version冲突的所有写操作,成功后进入CONTENT,page_state_scr_publisher_001_stale_cache,否,FROZEN_V1.2.2
STA-00172,SCR-PUBLISHER-001,ANDROID,发布者主页,NOT_FOUND,资源不存在、已删除或不再可访问,显示资源状态，移除无效入口,返回来源列表,与当前状态、权限或服务端version冲突的所有写操作,来源列表同步更新,page_state_scr_publisher_001_not_found,是,FROZEN_V1.2.2
STA-00173,SCR-PUBLISHER-001,ANDROID,发布者主页,FORBIDDEN,已认证但无页面或字段权限,展示无权限原因，不泄露资源是否存在,返回,与当前状态、权限或服务端version冲突的所有写操作,权限变化后重新进入,page_state_scr_publisher_001_forbidden,是,FROZEN_V1.2.2
STA-00174,SCR-PUBLISHER-001,ANDROID,发布者主页,ERROR,请求失败且无法展示可靠内容,展示稳定错误码、requestId、重试和返回,重试/返回,与当前状态、权限或服务端version冲突的所有写操作,按错误码恢复,page_state_scr_publisher_001_error,否,FROZEN_V1.2.2
STA-00175,SCR-PUBLISHER-001,ANDROID,发布者主页,OFFLINE,网络不可用,只读页面可展示标记为缓存的数据；写操作禁用,重试网络,与当前状态、权限或服务端version冲突的所有写操作,恢复网络后主动刷新,page_state_scr_publisher_001_offline,否,FROZEN_V1.2.2
STA-00176,SHEET-CONTACT-001,ANDROID,联系方式面板,OPEN,由页面业务状态机进入,按“OPEN”状态展示标准状态区,按页面动作矩阵,与当前状态、权限或服务端version冲突的所有写操作,重新查询服务端事实,page_state_sheet_contact_001_open,否,FROZEN_V1.2.2
STA-00177,SHEET-CONTACT-001,ANDROID,联系方式面板,EDITING,用户正在编辑表单,显示字段、帮助、脏状态和保存/提交入口,编辑/保存/提交/取消,与当前状态、权限或服务端version冲突的所有写操作,离开时执行脏表单保护,page_state_sheet_contact_001_editing,否,FROZEN_V1.2.2
STA-00178,SHEET-CONTACT-001,ANDROID,联系方式面板,SUBMITTING,写请求已提交，结果未确定,锁定同资源写操作，保留输入，展示进度,查询结果/取消（业务允许时）,与当前状态、权限或服务端version冲突的所有写操作,不得重复生成新业务意图,page_state_sheet_contact_001_submitting,否,FROZEN_V1.2.2
STA-00179,SHEET-CONTACT-001,ANDROID,联系方式面板,SUCCESS,操作成功且服务端已返回事实,展示明确结果并刷新关联数据,继续/返回/查看详情,与当前状态、权限或服务端version冲突的所有写操作,一次性敏感输入立即清除,page_state_sheet_contact_001_success,是,FROZEN_V1.2.2
STA-00180,SHEET-CONTACT-001,ANDROID,联系方式面板,ERROR,请求失败且无法展示可靠内容,展示稳定错误码、requestId、重试和返回,重试/返回,与当前状态、权限或服务端version冲突的所有写操作,按错误码恢复,page_state_sheet_contact_001_error,否,FROZEN_V1.2.2
STA-00181,SHEET-CONTACT-001,ANDROID,联系方式面板,OFFLINE,网络不可用,只读页面可展示标记为缓存的数据；写操作禁用,重试网络,与当前状态、权限或服务端version冲突的所有写操作,恢复网络后主动刷新,page_state_sheet_contact_001_offline,否,FROZEN_V1.2.2
STA-00182,SHEET-REPORT-001,ANDROID,举报面板,OPEN,由页面业务状态机进入,按“OPEN”状态展示标准状态区,按页面动作矩阵,与当前状态、权限或服务端version冲突的所有写操作,重新查询服务端事实,page_state_sheet_report_001_open,否,FROZEN_V1.2.2
STA-00183,SHEET-REPORT-001,ANDROID,举报面板,EDITING,用户正在编辑表单,显示字段、帮助、脏状态和保存/提交入口,编辑/保存/提交/取消,与当前状态、权限或服务端version冲突的所有写操作,离开时执行脏表单保护,page_state_sheet_report_001_editing,否,FROZEN_V1.2.2
STA-00184,SHEET-REPORT-001,ANDROID,举报面板,SUBMITTING,写请求已提交，结果未确定,锁定同资源写操作，保留输入，展示进度,查询结果/取消（业务允许时）,与当前状态、权限或服务端version冲突的所有写操作,不得重复生成新业务意图,page_state_sheet_report_001_submitting,否,FROZEN_V1.2.2
STA-00185,SHEET-REPORT-001,ANDROID,举报面板,SUCCESS,操作成功且服务端已返回事实,展示明确结果并刷新关联数据,继续/返回/查看详情,与当前状态、权限或服务端version冲突的所有写操作,一次性敏感输入立即清除,page_state_sheet_report_001_success,是,FROZEN_V1.2.2
STA-00186,SHEET-REPORT-001,ANDROID,举报面板,ERROR,请求失败且无法展示可靠内容,展示稳定错误码、requestId、重试和返回,重试/返回,与当前状态、权限或服务端version冲突的所有写操作,按错误码恢复,page_state_sheet_report_001_error,否,FROZEN_V1.2.2
STA-00187,SHEET-REPORT-001,ANDROID,举报面板,QUEUE,审核/工单队列加载完成,展示筛选、优先级和分配状态,领取/分配/查看,与当前状态、权限或服务端version冲突的所有写操作,并发分配使用版本锁,page_state_sheet_report_001_queue,否,FROZEN_V1.2.2
STA-00188,SHEET-REPORT-001,ANDROID,举报面板,ASSIGNED,任务已分配给当前或其他处理人,展示处理人和SLA,开始处理/转派,与当前状态、权限或服务端version冲突的所有写操作,无权限者只读,page_state_sheet_report_001_assigned,否,FROZEN_V1.2.2
STA-00189,SHEET-REPORT-001,ANDROID,举报面板,REVIEWING,处理人正在查看证据和规则,展示证据、历史和决定表单,决定/保存备注,与当前状态、权限或服务端version冲突的所有写操作,原图访问有时效,page_state_sheet_report_001_reviewing,否,FROZEN_V1.2.2
STA-00190,SHEET-REPORT-001,ANDROID,举报面板,DECIDED,审核决定已提交,显示结果、通知和审计时间线,下一条/查看详情,与当前状态、权限或服务端version冲突的所有写操作,决定不可直接修改,page_state_sheet_report_001_decided,是,FROZEN_V1.2.2
STA-00191,SHEET-REPORT-001,ANDROID,举报面板,REJECTED,审核或审批被拒绝,展示结构化原因和可编辑范围,修改/申诉/返回,与当前状态、权限或服务端version冲突的所有写操作,原版本保持不可用,page_state_sheet_report_001_rejected,是,FROZEN_V1.2.2
STA-00192,SHEET-REPORT-001,ANDROID,举报面板,OFFLINE,网络不可用,只读页面可展示标记为缓存的数据；写操作禁用,重试网络,与当前状态、权限或服务端version冲突的所有写操作,恢复网络后主动刷新,page_state_sheet_report_001_offline,否,FROZEN_V1.2.2
STA-00193,SHEET-SHARE-001,ANDROID,分享面板,OPEN,由页面业务状态机进入,按“OPEN”状态展示标准状态区,按页面动作矩阵,与当前状态、权限或服务端version冲突的所有写操作,重新查询服务端事实,page_state_sheet_share_001_open,否,FROZEN_V1.2.2
STA-00194,SHEET-SHARE-001,ANDROID,分享面板,EDITING,用户正在编辑表单,显示字段、帮助、脏状态和保存/提交入口,编辑/保存/提交/取消,与当前状态、权限或服务端version冲突的所有写操作,离开时执行脏表单保护,page_state_sheet_share_001_editing,否,FROZEN_V1.2.2
STA-00195,SHEET-SHARE-001,ANDROID,分享面板,SUBMITTING,写请求已提交，结果未确定,锁定同资源写操作，保留输入，展示进度,查询结果/取消（业务允许时）,与当前状态、权限或服务端version冲突的所有写操作,不得重复生成新业务意图,page_state_sheet_share_001_submitting,否,FROZEN_V1.2.2
STA-00196,SHEET-SHARE-001,ANDROID,分享面板,SUCCESS,操作成功且服务端已返回事实,展示明确结果并刷新关联数据,继续/返回/查看详情,与当前状态、权限或服务端version冲突的所有写操作,一次性敏感输入立即清除,page_state_sheet_share_001_success,是,FROZEN_V1.2.2
STA-00197,SHEET-SHARE-001,ANDROID,分享面板,ERROR,请求失败且无法展示可靠内容,展示稳定错误码、requestId、重试和返回,重试/返回,与当前状态、权限或服务端version冲突的所有写操作,按错误码恢复,page_state_sheet_share_001_error,否,FROZEN_V1.2.2
STA-00198,SHEET-SHARE-001,ANDROID,分享面板,OFFLINE,网络不可用,只读页面可展示标记为缓存的数据；写操作禁用,重试网络,与当前状态、权限或服务端version冲突的所有写操作,恢复网络后主动刷新,page_state_sheet_share_001_offline,否,FROZEN_V1.2.2
STA-00199,SCR-RP-001,ANDROID,红包首页,LOADING,首屏数据请求进行中,显示与最终布局一致的骨架屏,返回,与当前状态、权限或服务端version冲突的所有写操作,失败后显示重试,page_state_scr_rp_001_loading,否,FROZEN_V1.2.2
STA-00200,SCR-RP-001,ANDROID,红包首页,CONTENT,核心数据完整且可交互,展示内容并按权限/状态机计算操作入口,页面定义的读写动作,与当前状态、权限或服务端version冲突的所有写操作,刷新或执行操作,page_state_scr_rp_001_content,否,FROZEN_V1.2.2
STA-00201,SCR-RP-001,ANDROID,红包首页,PARTIAL_CONTENT,部分模块成功、部分模块失败,保留成功模块，失败模块显示局部重试,重试失败模块,与当前状态、权限或服务端version冲突的所有写操作,不得将局部失败升级为全页失败,page_state_scr_rp_001_partial_content,否,FROZEN_V1.2.2
STA-00202,SCR-RP-001,ANDROID,红包首页,REFRESHING,已有内容上执行刷新,保留内容并显示轻量刷新指示,取消刷新,与当前状态、权限或服务端version冲突的所有写操作,失败保留旧数据,page_state_scr_rp_001_refreshing,否,FROZEN_V1.2.2
STA-00203,SCR-RP-001,ANDROID,红包首页,ERROR,请求失败且无法展示可靠内容,展示稳定错误码、requestId、重试和返回,重试/返回,与当前状态、权限或服务端version冲突的所有写操作,按错误码恢复,page_state_scr_rp_001_error,否,FROZEN_V1.2.2
STA-00204,SCR-RP-001,ANDROID,红包首页,INELIGIBLE,不满足任务或红包资格,展示具体原因和可改善条件,返回/查看规则,与当前状态、权限或服务端version冲突的所有写操作,不创建浏览会话,page_state_scr_rp_001_ineligible,是,FROZEN_V1.2.2
STA-00205,SCR-RP-001,ANDROID,红包首页,READY,资格检查通过，可开始任务,展示任务规则和开始确认,开始/返回,与当前状态、权限或服务端version冲突的所有写操作,开始后由服务端创建会话,page_state_scr_rp_001_ready,否,FROZEN_V1.2.2
STA-00206,SCR-RP-001,ANDROID,红包首页,RUNNING,任务有效进行中,展示服务端进度、心跳和可见性,继续/取消,与当前状态、权限或服务端version冲突的所有写操作,本地计时不决定奖励,page_state_scr_rp_001_running,否,FROZEN_V1.2.2
STA-00207,SCR-RP-001,ANDROID,红包首页,RESERVED,奖励名额已短期预留,显示剩余预留时间并完成领取条件,领取/取消,与当前状态、权限或服务端version冲突的所有写操作,超时进入EXPIRED,page_state_scr_rp_001_reserved,否,FROZEN_V1.2.2
STA-00208,SCR-RP-001,ANDROID,红包首页,COMPLETED,任务条件满足或奖励已领取,展示结果和账本入口,查看记录/返回,与当前状态、权限或服务端version冲突的所有写操作,重复进入查询已有结果,page_state_scr_rp_001_completed,是,FROZEN_V1.2.2
STA-00209,SCR-RP-001,ANDROID,红包首页,EXPIRED,资格、报价、验证码或预留过期,说明过期原因,重新开始/返回,与当前状态、权限或服务端version冲突的所有写操作,生成新的会话/报价/挑战,page_state_scr_rp_001_expired,是,FROZEN_V1.2.2
STA-00210,SCR-RP-001,ANDROID,红包首页,RISK_BLOCKED,风控拒绝继续任务,展示通用原因和申诉入口，不泄露规则细节,申诉/返回,与当前状态、权限或服务端version冲突的所有写操作,记录风险事件,page_state_scr_rp_001_risk_blocked,是,FROZEN_V1.2.2
STA-00211,SCR-RP-001,ANDROID,红包首页,OFFLINE,网络不可用,只读页面可展示标记为缓存的数据；写操作禁用,重试网络,与当前状态、权限或服务端version冲突的所有写操作,恢复网络后主动刷新,page_state_scr_rp_001_offline,否,FROZEN_V1.2.2
STA-00212,SCR-RP-002,ANDROID,红包任务资格,CHECKING,正在执行版本、维护、资格或安全检查,显示检查进度和当前步骤，禁止提前导航,取消/重试（允许时）,与当前状态、权限或服务端version冲突的所有写操作,超时后进入可恢复错误,page_state_scr_rp_002_checking,否,FROZEN_V1.2.2
STA-00213,SCR-RP-002,ANDROID,红包任务资格,INELIGIBLE,不满足任务或红包资格,展示具体原因和可改善条件,返回/查看规则,与当前状态、权限或服务端version冲突的所有写操作,不创建浏览会话,page_state_scr_rp_002_ineligible,是,FROZEN_V1.2.2
STA-00214,SCR-RP-002,ANDROID,红包任务资格,READY,资格检查通过，可开始任务,展示任务规则和开始确认,开始/返回,与当前状态、权限或服务端version冲突的所有写操作,开始后由服务端创建会话,page_state_scr_rp_002_ready,否,FROZEN_V1.2.2
STA-00215,SCR-RP-002,ANDROID,红包任务资格,RUNNING,任务有效进行中,展示服务端进度、心跳和可见性,继续/取消,与当前状态、权限或服务端version冲突的所有写操作,本地计时不决定奖励,page_state_scr_rp_002_running,否,FROZEN_V1.2.2
STA-00216,SCR-RP-002,ANDROID,红包任务资格,PAUSED,页面不可见或服务端暂停,停止有效计时，展示暂停原因,恢复/取消,与当前状态、权限或服务端version冲突的所有写操作,恢复需服务端确认,page_state_scr_rp_002_paused,否,FROZEN_V1.2.2
STA-00217,SCR-RP-002,ANDROID,红包任务资格,RESERVED,奖励名额已短期预留,显示剩余预留时间并完成领取条件,领取/取消,与当前状态、权限或服务端version冲突的所有写操作,超时进入EXPIRED,page_state_scr_rp_002_reserved,否,FROZEN_V1.2.2
STA-00218,SCR-RP-002,ANDROID,红包任务资格,COMPLETED,任务条件满足或奖励已领取,展示结果和账本入口,查看记录/返回,与当前状态、权限或服务端version冲突的所有写操作,重复进入查询已有结果,page_state_scr_rp_002_completed,是,FROZEN_V1.2.2
STA-00219,SCR-RP-002,ANDROID,红包任务资格,EXPIRED,资格、报价、验证码或预留过期,说明过期原因,重新开始/返回,与当前状态、权限或服务端version冲突的所有写操作,生成新的会话/报价/挑战,page_state_scr_rp_002_expired,是,FROZEN_V1.2.2
STA-00220,SCR-RP-002,ANDROID,红包任务资格,RISK_BLOCKED,风控拒绝继续任务,展示通用原因和申诉入口，不泄露规则细节,申诉/返回,与当前状态、权限或服务端version冲突的所有写操作,记录风险事件,page_state_scr_rp_002_risk_blocked,是,FROZEN_V1.2.2
STA-00221,SCR-RP-002,ANDROID,红包任务资格,ERROR,请求失败且无法展示可靠内容,展示稳定错误码、requestId、重试和返回,重试/返回,与当前状态、权限或服务端version冲突的所有写操作,按错误码恢复,page_state_scr_rp_002_error,否,FROZEN_V1.2.2
STA-00222,SCR-RP-002,ANDROID,红包任务资格,OFFLINE,网络不可用,只读页面可展示标记为缓存的数据；写操作禁用,重试网络,与当前状态、权限或服务端version冲突的所有写操作,恢复网络后主动刷新,page_state_scr_rp_002_offline,否,FROZEN_V1.2.2
STA-00223,SCR-RP-003,ANDROID,红包浏览任务,CHECKING,正在执行版本、维护、资格或安全检查,显示检查进度和当前步骤，禁止提前导航,取消/重试（允许时）,与当前状态、权限或服务端version冲突的所有写操作,超时后进入可恢复错误,page_state_scr_rp_003_checking,否,FROZEN_V1.2.2
STA-00224,SCR-RP-003,ANDROID,红包浏览任务,INELIGIBLE,不满足任务或红包资格,展示具体原因和可改善条件,返回/查看规则,与当前状态、权限或服务端version冲突的所有写操作,不创建浏览会话,page_state_scr_rp_003_ineligible,是,FROZEN_V1.2.2
STA-00225,SCR-RP-003,ANDROID,红包浏览任务,READY,资格检查通过，可开始任务,展示任务规则和开始确认,开始/返回,与当前状态、权限或服务端version冲突的所有写操作,开始后由服务端创建会话,page_state_scr_rp_003_ready,否,FROZEN_V1.2.2
STA-00226,SCR-RP-003,ANDROID,红包浏览任务,RUNNING,任务有效进行中,展示服务端进度、心跳和可见性,继续/取消,与当前状态、权限或服务端version冲突的所有写操作,本地计时不决定奖励,page_state_scr_rp_003_running,否,FROZEN_V1.2.2
STA-00227,SCR-RP-003,ANDROID,红包浏览任务,PAUSED,页面不可见或服务端暂停,停止有效计时，展示暂停原因,恢复/取消,与当前状态、权限或服务端version冲突的所有写操作,恢复需服务端确认,page_state_scr_rp_003_paused,否,FROZEN_V1.2.2
STA-00228,SCR-RP-003,ANDROID,红包浏览任务,RESERVED,奖励名额已短期预留,显示剩余预留时间并完成领取条件,领取/取消,与当前状态、权限或服务端version冲突的所有写操作,超时进入EXPIRED,page_state_scr_rp_003_reserved,否,FROZEN_V1.2.2
STA-00229,SCR-RP-003,ANDROID,红包浏览任务,COMPLETED,任务条件满足或奖励已领取,展示结果和账本入口,查看记录/返回,与当前状态、权限或服务端version冲突的所有写操作,重复进入查询已有结果,page_state_scr_rp_003_completed,是,FROZEN_V1.2.2
STA-00230,SCR-RP-003,ANDROID,红包浏览任务,EXPIRED,资格、报价、验证码或预留过期,说明过期原因,重新开始/返回,与当前状态、权限或服务端version冲突的所有写操作,生成新的会话/报价/挑战,page_state_scr_rp_003_expired,是,FROZEN_V1.2.2
STA-00231,SCR-RP-003,ANDROID,红包浏览任务,RISK_BLOCKED,风控拒绝继续任务,展示通用原因和申诉入口，不泄露规则细节,申诉/返回,与当前状态、权限或服务端version冲突的所有写操作,记录风险事件,page_state_scr_rp_003_risk_blocked,是,FROZEN_V1.2.2
STA-00232,SCR-RP-003,ANDROID,红包浏览任务,ERROR,请求失败且无法展示可靠内容,展示稳定错误码、requestId、重试和返回,重试/返回,与当前状态、权限或服务端version冲突的所有写操作,按错误码恢复,page_state_scr_rp_003_error,否,FROZEN_V1.2.2
STA-00233,SCR-RP-003,ANDROID,红包浏览任务,OFFLINE,网络不可用,只读页面可展示标记为缓存的数据；写操作禁用,重试网络,与当前状态、权限或服务端version冲突的所有写操作,恢复网络后主动刷新,page_state_scr_rp_003_offline,否,FROZEN_V1.2.2
STA-00234,SHEET-RP-001,ANDROID,红包领取面板,OPEN,由页面业务状态机进入,按“OPEN”状态展示标准状态区,按页面动作矩阵,与当前状态、权限或服务端version冲突的所有写操作,重新查询服务端事实,page_state_sheet_rp_001_open,否,FROZEN_V1.2.2
STA-00235,SHEET-RP-001,ANDROID,红包领取面板,EDITING,用户正在编辑表单,显示字段、帮助、脏状态和保存/提交入口,编辑/保存/提交/取消,与当前状态、权限或服务端version冲突的所有写操作,离开时执行脏表单保护,page_state_sheet_rp_001_editing,否,FROZEN_V1.2.2
STA-00236,SHEET-RP-001,ANDROID,红包领取面板,SUBMITTING,写请求已提交，结果未确定,锁定同资源写操作，保留输入，展示进度,查询结果/取消（业务允许时）,与当前状态、权限或服务端version冲突的所有写操作,不得重复生成新业务意图,page_state_sheet_rp_001_submitting,否,FROZEN_V1.2.2
STA-00237,SHEET-RP-001,ANDROID,红包领取面板,SUCCESS,操作成功且服务端已返回事实,展示明确结果并刷新关联数据,继续/返回/查看详情,与当前状态、权限或服务端version冲突的所有写操作,一次性敏感输入立即清除,page_state_sheet_rp_001_success,是,FROZEN_V1.2.2
STA-00238,SHEET-RP-001,ANDROID,红包领取面板,ERROR,请求失败且无法展示可靠内容,展示稳定错误码、requestId、重试和返回,重试/返回,与当前状态、权限或服务端version冲突的所有写操作,按错误码恢复,page_state_sheet_rp_001_error,否,FROZEN_V1.2.2
STA-00239,SHEET-RP-001,ANDROID,红包领取面板,INELIGIBLE,不满足任务或红包资格,展示具体原因和可改善条件,返回/查看规则,与当前状态、权限或服务端version冲突的所有写操作,不创建浏览会话,page_state_sheet_rp_001_ineligible,是,FROZEN_V1.2.2
STA-00240,SHEET-RP-001,ANDROID,红包领取面板,READY,资格检查通过，可开始任务,展示任务规则和开始确认,开始/返回,与当前状态、权限或服务端version冲突的所有写操作,开始后由服务端创建会话,page_state_sheet_rp_001_ready,否,FROZEN_V1.2.2
STA-00241,SHEET-RP-001,ANDROID,红包领取面板,RUNNING,任务有效进行中,展示服务端进度、心跳和可见性,继续/取消,与当前状态、权限或服务端version冲突的所有写操作,本地计时不决定奖励,page_state_sheet_rp_001_running,否,FROZEN_V1.2.2
STA-00242,SHEET-RP-001,ANDROID,红包领取面板,RESERVED,奖励名额已短期预留,显示剩余预留时间并完成领取条件,领取/取消,与当前状态、权限或服务端version冲突的所有写操作,超时进入EXPIRED,page_state_sheet_rp_001_reserved,否,FROZEN_V1.2.2
STA-00243,SHEET-RP-001,ANDROID,红包领取面板,COMPLETED,任务条件满足或奖励已领取,展示结果和账本入口,查看记录/返回,与当前状态、权限或服务端version冲突的所有写操作,重复进入查询已有结果,page_state_sheet_rp_001_completed,是,FROZEN_V1.2.2
STA-00244,SHEET-RP-001,ANDROID,红包领取面板,EXPIRED,资格、报价、验证码或预留过期,说明过期原因,重新开始/返回,与当前状态、权限或服务端version冲突的所有写操作,生成新的会话/报价/挑战,page_state_sheet_rp_001_expired,是,FROZEN_V1.2.2
STA-00245,SHEET-RP-001,ANDROID,红包领取面板,RISK_BLOCKED,风控拒绝继续任务,展示通用原因和申诉入口，不泄露规则细节,申诉/返回,与当前状态、权限或服务端version冲突的所有写操作,记录风险事件,page_state_sheet_rp_001_risk_blocked,是,FROZEN_V1.2.2
STA-00246,SHEET-RP-001,ANDROID,红包领取面板,OFFLINE,网络不可用,只读页面可展示标记为缓存的数据；写操作禁用,重试网络,与当前状态、权限或服务端version冲突的所有写操作,恢复网络后主动刷新,page_state_sheet_rp_001_offline,否,FROZEN_V1.2.2
STA-00247,SCR-RP-004,ANDROID,我的红包,LOADING,首屏数据请求进行中,显示与最终布局一致的骨架屏,返回,与当前状态、权限或服务端version冲突的所有写操作,失败后显示重试,page_state_scr_rp_004_loading,否,FROZEN_V1.2.2
STA-00248,SCR-RP-004,ANDROID,我的红包,CONTENT,核心数据完整且可交互,展示内容并按权限/状态机计算操作入口,页面定义的读写动作,与当前状态、权限或服务端version冲突的所有写操作,刷新或执行操作,page_state_scr_rp_004_content,否,FROZEN_V1.2.2
STA-00249,SCR-RP-004,ANDROID,我的红包,EMPTY,查询成功但无符合条件的数据,展示业务化空状态、当前筛选和明确下一步,清除筛选/创建/返回,与当前状态、权限或服务端version冲突的所有写操作,修改筛选或执行主行动,page_state_scr_rp_004_empty,否,FROZEN_V1.2.2
STA-00250,SCR-RP-004,ANDROID,我的红包,REFRESHING,已有内容上执行刷新,保留内容并显示轻量刷新指示,取消刷新,与当前状态、权限或服务端version冲突的所有写操作,失败保留旧数据,page_state_scr_rp_004_refreshing,否,FROZEN_V1.2.2
STA-00251,SCR-RP-004,ANDROID,我的红包,RISK_FROZEN,收益或资金因风险冻结,拆分展示冻结金额和原因,申诉/联系客服,与当前状态、权限或服务端version冲突的所有写操作,禁止提现和调整,page_state_scr_rp_004_risk_frozen,否,FROZEN_V1.2.2
STA-00252,SCR-RP-004,ANDROID,我的红包,ERROR,请求失败且无法展示可靠内容,展示稳定错误码、requestId、重试和返回,重试/返回,与当前状态、权限或服务端version冲突的所有写操作,按错误码恢复,page_state_scr_rp_004_error,否,FROZEN_V1.2.2
STA-00253,SCR-RP-004,ANDROID,我的红包,INELIGIBLE,不满足任务或红包资格,展示具体原因和可改善条件,返回/查看规则,与当前状态、权限或服务端version冲突的所有写操作,不创建浏览会话,page_state_scr_rp_004_ineligible,是,FROZEN_V1.2.2
STA-00254,SCR-RP-004,ANDROID,我的红包,READY,资格检查通过，可开始任务,展示任务规则和开始确认,开始/返回,与当前状态、权限或服务端version冲突的所有写操作,开始后由服务端创建会话,page_state_scr_rp_004_ready,否,FROZEN_V1.2.2
STA-00255,SCR-RP-004,ANDROID,我的红包,RUNNING,任务有效进行中,展示服务端进度、心跳和可见性,继续/取消,与当前状态、权限或服务端version冲突的所有写操作,本地计时不决定奖励,page_state_scr_rp_004_running,否,FROZEN_V1.2.2
STA-00256,SCR-RP-004,ANDROID,我的红包,RESERVED,奖励名额已短期预留,显示剩余预留时间并完成领取条件,领取/取消,与当前状态、权限或服务端version冲突的所有写操作,超时进入EXPIRED,page_state_scr_rp_004_reserved,否,FROZEN_V1.2.2
STA-00257,SCR-RP-004,ANDROID,我的红包,COMPLETED,任务条件满足或奖励已领取,展示结果和账本入口,查看记录/返回,与当前状态、权限或服务端version冲突的所有写操作,重复进入查询已有结果,page_state_scr_rp_004_completed,是,FROZEN_V1.2.2
STA-00258,SCR-RP-004,ANDROID,我的红包,EXPIRED,资格、报价、验证码或预留过期,说明过期原因,重新开始/返回,与当前状态、权限或服务端version冲突的所有写操作,生成新的会话/报价/挑战,page_state_scr_rp_004_expired,是,FROZEN_V1.2.2
STA-00259,SCR-RP-004,ANDROID,我的红包,RISK_BLOCKED,风控拒绝继续任务,展示通用原因和申诉入口，不泄露规则细节,申诉/返回,与当前状态、权限或服务端version冲突的所有写操作,记录风险事件,page_state_scr_rp_004_risk_blocked,是,FROZEN_V1.2.2
STA-00260,SCR-RP-004,ANDROID,我的红包,OFFLINE,网络不可用,只读页面可展示标记为缓存的数据；写操作禁用,重试网络,与当前状态、权限或服务端version冲突的所有写操作,恢复网络后主动刷新,page_state_scr_rp_004_offline,否,FROZEN_V1.2.2
STA-00261,SCR-RP-ADV-001,ANDROID,红包活动列表,LOADING,首屏数据请求进行中,显示与最终布局一致的骨架屏,返回,与当前状态、权限或服务端version冲突的所有写操作,失败后显示重试,page_state_scr_rp_adv_001_loading,否,FROZEN_V1.2.2
STA-00262,SCR-RP-ADV-001,ANDROID,红包活动列表,CONTENT,核心数据完整且可交互,展示内容并按权限/状态机计算操作入口,页面定义的读写动作,与当前状态、权限或服务端version冲突的所有写操作,刷新或执行操作,page_state_scr_rp_adv_001_content,否,FROZEN_V1.2.2
STA-00263,SCR-RP-ADV-001,ANDROID,红包活动列表,EMPTY,查询成功但无符合条件的数据,展示业务化空状态、当前筛选和明确下一步,清除筛选/创建/返回,与当前状态、权限或服务端version冲突的所有写操作,修改筛选或执行主行动,page_state_scr_rp_adv_001_empty,否,FROZEN_V1.2.2
STA-00264,SCR-RP-ADV-001,ANDROID,红包活动列表,REFRESHING,已有内容上执行刷新,保留内容并显示轻量刷新指示,取消刷新,与当前状态、权限或服务端version冲突的所有写操作,失败保留旧数据,page_state_scr_rp_adv_001_refreshing,否,FROZEN_V1.2.2
STA-00265,SCR-RP-ADV-001,ANDROID,红包活动列表,APPENDING,列表加载下一页,列表尾部加载器；已加载项保持可用,取消翻页,与当前状态、权限或服务端version冲突的所有写操作,失败提供尾部重试,page_state_scr_rp_adv_001_appending,否,FROZEN_V1.2.2
STA-00266,SCR-RP-ADV-001,ANDROID,红包活动列表,PARTIAL_ERROR,非首屏请求或单模块失败,保留现有内容并在对应区域提示,局部重试,与当前状态、权限或服务端version冲突的所有写操作,成功后回到CONTENT,page_state_scr_rp_adv_001_partial_error,否,FROZEN_V1.2.2
STA-00267,SCR-RP-ADV-001,ANDROID,红包活动列表,ERROR,请求失败且无法展示可靠内容,展示稳定错误码、requestId、重试和返回,重试/返回,与当前状态、权限或服务端version冲突的所有写操作,按错误码恢复,page_state_scr_rp_adv_001_error,否,FROZEN_V1.2.2
STA-00268,SCR-RP-ADV-001,ANDROID,红包活动列表,INELIGIBLE,不满足任务或红包资格,展示具体原因和可改善条件,返回/查看规则,与当前状态、权限或服务端version冲突的所有写操作,不创建浏览会话,page_state_scr_rp_adv_001_ineligible,是,FROZEN_V1.2.2
STA-00269,SCR-RP-ADV-001,ANDROID,红包活动列表,READY,资格检查通过，可开始任务,展示任务规则和开始确认,开始/返回,与当前状态、权限或服务端version冲突的所有写操作,开始后由服务端创建会话,page_state_scr_rp_adv_001_ready,否,FROZEN_V1.2.2
STA-00270,SCR-RP-ADV-001,ANDROID,红包活动列表,RUNNING,任务有效进行中,展示服务端进度、心跳和可见性,继续/取消,与当前状态、权限或服务端version冲突的所有写操作,本地计时不决定奖励,page_state_scr_rp_adv_001_running,否,FROZEN_V1.2.2
STA-00271,SCR-RP-ADV-001,ANDROID,红包活动列表,RESERVED,奖励名额已短期预留,显示剩余预留时间并完成领取条件,领取/取消,与当前状态、权限或服务端version冲突的所有写操作,超时进入EXPIRED,page_state_scr_rp_adv_001_reserved,否,FROZEN_V1.2.2
STA-00272,SCR-RP-ADV-001,ANDROID,红包活动列表,COMPLETED,任务条件满足或奖励已领取,展示结果和账本入口,查看记录/返回,与当前状态、权限或服务端version冲突的所有写操作,重复进入查询已有结果,page_state_scr_rp_adv_001_completed,是,FROZEN_V1.2.2
STA-00273,SCR-RP-ADV-001,ANDROID,红包活动列表,EXPIRED,资格、报价、验证码或预留过期,说明过期原因,重新开始/返回,与当前状态、权限或服务端version冲突的所有写操作,生成新的会话/报价/挑战,page_state_scr_rp_adv_001_expired,是,FROZEN_V1.2.2
STA-00274,SCR-RP-ADV-001,ANDROID,红包活动列表,RISK_BLOCKED,风控拒绝继续任务,展示通用原因和申诉入口，不泄露规则细节,申诉/返回,与当前状态、权限或服务端version冲突的所有写操作,记录风险事件,page_state_scr_rp_adv_001_risk_blocked,是,FROZEN_V1.2.2
STA-00275,SCR-RP-ADV-001,ANDROID,红包活动列表,OFFLINE,网络不可用,只读页面可展示标记为缓存的数据；写操作禁用,重试网络,与当前状态、权限或服务端version冲突的所有写操作,恢复网络后主动刷新,page_state_scr_rp_adv_001_offline,否,FROZEN_V1.2.2
STA-00276,SCR-RP-ADV-002,ANDROID,创建红包,EDITING,用户正在编辑表单,显示字段、帮助、脏状态和保存/提交入口,编辑/保存/提交/取消,与当前状态、权限或服务端version冲突的所有写操作,离开时执行脏表单保护,page_state_scr_rp_adv_002_editing,否,FROZEN_V1.2.2
STA-00277,SCR-RP-ADV-002,ANDROID,创建红包,DIRTY,存在未保存变更,显示未保存标识和离开确认,保存/放弃,与当前状态、权限或服务端version冲突的所有写操作,禁止静默丢失,page_state_scr_rp_adv_002_dirty,否,FROZEN_V1.2.2
STA-00278,SCR-RP-ADV-002,ANDROID,创建红包,AUTOSAVING,由页面业务状态机进入,按“AUTOSAVING”状态展示标准状态区,按页面动作矩阵,与当前状态、权限或服务端version冲突的所有写操作,重新查询服务端事实,page_state_scr_rp_adv_002_autosaving,否,FROZEN_V1.2.2
STA-00279,SCR-RP-ADV-002,ANDROID,创建红包,VALIDATING,正在验证一次性state或输入,显示处理中，不暴露敏感参数,返回（允许时）,与当前状态、权限或服务端version冲突的所有写操作,参数立即从URL清理,page_state_scr_rp_adv_002_validating,否,FROZEN_V1.2.2
STA-00280,SCR-RP-ADV-002,ANDROID,创建红包,SUBMITTING,写请求已提交，结果未确定,锁定同资源写操作，保留输入，展示进度,查询结果/取消（业务允许时）,与当前状态、权限或服务端version冲突的所有写操作,不得重复生成新业务意图,page_state_scr_rp_adv_002_submitting,否,FROZEN_V1.2.2
STA-00281,SCR-RP-ADV-002,ANDROID,创建红包,SUCCESS,操作成功且服务端已返回事实,展示明确结果并刷新关联数据,继续/返回/查看详情,与当前状态、权限或服务端version冲突的所有写操作,一次性敏感输入立即清除,page_state_scr_rp_adv_002_success,是,FROZEN_V1.2.2
STA-00282,SCR-RP-ADV-002,ANDROID,创建红包,ERROR,请求失败且无法展示可靠内容,展示稳定错误码、requestId、重试和返回,重试/返回,与当前状态、权限或服务端version冲突的所有写操作,按错误码恢复,page_state_scr_rp_adv_002_error,否,FROZEN_V1.2.2
STA-00283,SCR-RP-ADV-002,ANDROID,创建红包,CONFLICT,expectedVersion或状态机冲突,展示数据已变化和差异摘要,重新加载/放弃本地变更,与当前状态、权限或服务端version冲突的所有写操作,禁止盲目覆盖,page_state_scr_rp_adv_002_conflict,否,FROZEN_V1.2.2
STA-00284,SCR-RP-ADV-002,ANDROID,创建红包,INELIGIBLE,不满足任务或红包资格,展示具体原因和可改善条件,返回/查看规则,与当前状态、权限或服务端version冲突的所有写操作,不创建浏览会话,page_state_scr_rp_adv_002_ineligible,是,FROZEN_V1.2.2
STA-00285,SCR-RP-ADV-002,ANDROID,创建红包,READY,资格检查通过，可开始任务,展示任务规则和开始确认,开始/返回,与当前状态、权限或服务端version冲突的所有写操作,开始后由服务端创建会话,page_state_scr_rp_adv_002_ready,否,FROZEN_V1.2.2
STA-00286,SCR-RP-ADV-002,ANDROID,创建红包,RUNNING,任务有效进行中,展示服务端进度、心跳和可见性,继续/取消,与当前状态、权限或服务端version冲突的所有写操作,本地计时不决定奖励,page_state_scr_rp_adv_002_running,否,FROZEN_V1.2.2
STA-00287,SCR-RP-ADV-002,ANDROID,创建红包,RESERVED,奖励名额已短期预留,显示剩余预留时间并完成领取条件,领取/取消,与当前状态、权限或服务端version冲突的所有写操作,超时进入EXPIRED,page_state_scr_rp_adv_002_reserved,否,FROZEN_V1.2.2
STA-00288,SCR-RP-ADV-002,ANDROID,创建红包,COMPLETED,任务条件满足或奖励已领取,展示结果和账本入口,查看记录/返回,与当前状态、权限或服务端version冲突的所有写操作,重复进入查询已有结果,page_state_scr_rp_adv_002_completed,是,FROZEN_V1.2.2
STA-00289,SCR-RP-ADV-002,ANDROID,创建红包,EXPIRED,资格、报价、验证码或预留过期,说明过期原因,重新开始/返回,与当前状态、权限或服务端version冲突的所有写操作,生成新的会话/报价/挑战,page_state_scr_rp_adv_002_expired,是,FROZEN_V1.2.2
STA-00290,SCR-RP-ADV-002,ANDROID,创建红包,RISK_BLOCKED,风控拒绝继续任务,展示通用原因和申诉入口，不泄露规则细节,申诉/返回,与当前状态、权限或服务端version冲突的所有写操作,记录风险事件,page_state_scr_rp_adv_002_risk_blocked,是,FROZEN_V1.2.2
STA-00291,SCR-RP-ADV-002,ANDROID,创建红包,OFFLINE,网络不可用,只读页面可展示标记为缓存的数据；写操作禁用,重试网络,与当前状态、权限或服务端version冲突的所有写操作,恢复网络后主动刷新,page_state_scr_rp_adv_002_offline,否,FROZEN_V1.2.2
STA-00292,SCR-RP-ADV-003,ANDROID,预审核结果,PENDING,结果等待审核、支付或异步处理,展示当前阶段、预计动作和刷新入口,刷新/返回,与当前状态、权限或服务端version冲突的所有写操作,通过查询更新,page_state_scr_rp_adv_003_pending,否,FROZEN_V1.2.2
STA-00293,SCR-RP-ADV-003,ANDROID,预审核结果,SUCCESS,操作成功且服务端已返回事实,展示明确结果并刷新关联数据,继续/返回/查看详情,与当前状态、权限或服务端version冲突的所有写操作,一次性敏感输入立即清除,page_state_scr_rp_adv_003_success,是,FROZEN_V1.2.2
STA-00294,SCR-RP-ADV-003,ANDROID,预审核结果,FAILED,业务操作明确失败,展示业务原因和可执行下一步,修改后重试/返回,与当前状态、权限或服务端version冲突的所有写操作,保留非敏感上下文,page_state_scr_rp_adv_003_failed,是,FROZEN_V1.2.2
STA-00295,SCR-RP-ADV-003,ANDROID,预审核结果,REJECTED,审核或审批被拒绝,展示结构化原因和可编辑范围,修改/申诉/返回,与当前状态、权限或服务端version冲突的所有写操作,原版本保持不可用,page_state_scr_rp_adv_003_rejected,是,FROZEN_V1.2.2
STA-00296,SCR-RP-ADV-003,ANDROID,预审核结果,UNKNOWN,客户端无法确认服务端最终结果,显示处理中并调用查单/查询接口,继续查询/返回,与当前状态、权限或服务端version冲突的所有写操作,禁止直接判定失败并重复扣款,page_state_scr_rp_adv_003_unknown,否,FROZEN_V1.2.2
STA-00297,SCR-RP-ADV-003,ANDROID,预审核结果,RETRYING,由页面业务状态机进入,按“RETRYING”状态展示标准状态区,按页面动作矩阵,与当前状态、权限或服务端version冲突的所有写操作,重新查询服务端事实,page_state_scr_rp_adv_003_retrying,否,FROZEN_V1.2.2
STA-00298,SCR-RP-ADV-003,ANDROID,预审核结果,QUEUE,审核/工单队列加载完成,展示筛选、优先级和分配状态,领取/分配/查看,与当前状态、权限或服务端version冲突的所有写操作,并发分配使用版本锁,page_state_scr_rp_adv_003_queue,否,FROZEN_V1.2.2
STA-00299,SCR-RP-ADV-003,ANDROID,预审核结果,ASSIGNED,任务已分配给当前或其他处理人,展示处理人和SLA,开始处理/转派,与当前状态、权限或服务端version冲突的所有写操作,无权限者只读,page_state_scr_rp_adv_003_assigned,否,FROZEN_V1.2.2
STA-00300,SCR-RP-ADV-003,ANDROID,预审核结果,REVIEWING,处理人正在查看证据和规则,展示证据、历史和决定表单,决定/保存备注,与当前状态、权限或服务端version冲突的所有写操作,原图访问有时效,page_state_scr_rp_adv_003_reviewing,否,FROZEN_V1.2.2
STA-00301,SCR-RP-ADV-003,ANDROID,预审核结果,DECIDED,审核决定已提交,显示结果、通知和审计时间线,下一条/查看详情,与当前状态、权限或服务端version冲突的所有写操作,决定不可直接修改,page_state_scr_rp_adv_003_decided,是,FROZEN_V1.2.2
STA-00302,SCR-RP-ADV-003,ANDROID,预审核结果,ERROR,请求失败且无法展示可靠内容,展示稳定错误码、requestId、重试和返回,重试/返回,与当前状态、权限或服务端version冲突的所有写操作,按错误码恢复,page_state_scr_rp_adv_003_error,否,FROZEN_V1.2.2
STA-00303,SCR-RP-ADV-003,ANDROID,预审核结果,OFFLINE,网络不可用,只读页面可展示标记为缓存的数据；写操作禁用,重试网络,与当前状态、权限或服务端version冲突的所有写操作,恢复网络后主动刷新,page_state_scr_rp_adv_003_offline,否,FROZEN_V1.2.2
STA-00304,SCR-RP-ADV-004,ANDROID,红包报价确认,LOADING,首屏数据请求进行中,显示与最终布局一致的骨架屏,返回,与当前状态、权限或服务端version冲突的所有写操作,失败后显示重试,page_state_scr_rp_adv_004_loading,否,FROZEN_V1.2.2
STA-00305,SCR-RP-ADV-004,ANDROID,红包报价确认,QUOTE_READY,服务端报价有效,展示最终金额、费用、权益和过期时间,确认下单/返回,与当前状态、权限或服务端version冲突的所有写操作,过期后必须重新报价,page_state_scr_rp_adv_004_quote_ready,否,FROZEN_V1.2.2
STA-00306,SCR-RP-ADV-004,ANDROID,红包报价确认,SUBMITTING,写请求已提交，结果未确定,锁定同资源写操作，保留输入，展示进度,查询结果/取消（业务允许时）,与当前状态、权限或服务端version冲突的所有写操作,不得重复生成新业务意图,page_state_scr_rp_adv_004_submitting,否,FROZEN_V1.2.2
STA-00307,SCR-RP-ADV-004,ANDROID,红包报价确认,PAYMENT_PENDING,支付已创建但未确认最终结果,轮询/订阅服务端订单状态,查询/返回,与当前状态、权限或服务端version冲突的所有写操作,不得重复创建订单,page_state_scr_rp_adv_004_payment_pending,否,FROZEN_V1.2.2
STA-00308,SCR-RP-ADV-004,ANDROID,红包报价确认,SUCCESS,操作成功且服务端已返回事实,展示明确结果并刷新关联数据,继续/返回/查看详情,与当前状态、权限或服务端version冲突的所有写操作,一次性敏感输入立即清除,page_state_scr_rp_adv_004_success,是,FROZEN_V1.2.2
STA-00309,SCR-RP-ADV-004,ANDROID,红包报价确认,FAILED,业务操作明确失败,展示业务原因和可执行下一步,修改后重试/返回,与当前状态、权限或服务端version冲突的所有写操作,保留非敏感上下文,page_state_scr_rp_adv_004_failed,是,FROZEN_V1.2.2
STA-00310,SCR-RP-ADV-004,ANDROID,红包报价确认,UNKNOWN,客户端无法确认服务端最终结果,显示处理中并调用查单/查询接口,继续查询/返回,与当前状态、权限或服务端version冲突的所有写操作,禁止直接判定失败并重复扣款,page_state_scr_rp_adv_004_unknown,否,FROZEN_V1.2.2
STA-00311,SCR-RP-ADV-004,ANDROID,红包报价确认,INELIGIBLE,不满足任务或红包资格,展示具体原因和可改善条件,返回/查看规则,与当前状态、权限或服务端version冲突的所有写操作,不创建浏览会话,page_state_scr_rp_adv_004_ineligible,是,FROZEN_V1.2.2
STA-00312,SCR-RP-ADV-004,ANDROID,红包报价确认,READY,资格检查通过，可开始任务,展示任务规则和开始确认,开始/返回,与当前状态、权限或服务端version冲突的所有写操作,开始后由服务端创建会话,page_state_scr_rp_adv_004_ready,否,FROZEN_V1.2.2
STA-00313,SCR-RP-ADV-004,ANDROID,红包报价确认,RUNNING,任务有效进行中,展示服务端进度、心跳和可见性,继续/取消,与当前状态、权限或服务端version冲突的所有写操作,本地计时不决定奖励,page_state_scr_rp_adv_004_running,否,FROZEN_V1.2.2
STA-00314,SCR-RP-ADV-004,ANDROID,红包报价确认,RESERVED,奖励名额已短期预留,显示剩余预留时间并完成领取条件,领取/取消,与当前状态、权限或服务端version冲突的所有写操作,超时进入EXPIRED,page_state_scr_rp_adv_004_reserved,否,FROZEN_V1.2.2
STA-00315,SCR-RP-ADV-004,ANDROID,红包报价确认,COMPLETED,任务条件满足或奖励已领取,展示结果和账本入口,查看记录/返回,与当前状态、权限或服务端version冲突的所有写操作,重复进入查询已有结果,page_state_scr_rp_adv_004_completed,是,FROZEN_V1.2.2
STA-00316,SCR-RP-ADV-004,ANDROID,红包报价确认,EXPIRED,资格、报价、验证码或预留过期,说明过期原因,重新开始/返回,与当前状态、权限或服务端version冲突的所有写操作,生成新的会话/报价/挑战,page_state_scr_rp_adv_004_expired,是,FROZEN_V1.2.2
STA-00317,SCR-RP-ADV-004,ANDROID,红包报价确认,RISK_BLOCKED,风控拒绝继续任务,展示通用原因和申诉入口，不泄露规则细节,申诉/返回,与当前状态、权限或服务端version冲突的所有写操作,记录风险事件,page_state_scr_rp_adv_004_risk_blocked,是,FROZEN_V1.2.2
STA-00318,SCR-RP-ADV-004,ANDROID,红包报价确认,ERROR,请求失败且无法展示可靠内容,展示稳定错误码、requestId、重试和返回,重试/返回,与当前状态、权限或服务端version冲突的所有写操作,按错误码恢复,page_state_scr_rp_adv_004_error,否,FROZEN_V1.2.2
STA-00319,SCR-RP-ADV-004,ANDROID,红包报价确认,OFFLINE,网络不可用,只读页面可展示标记为缓存的数据；写操作禁用,重试网络,与当前状态、权限或服务端version冲突的所有写操作,恢复网络后主动刷新,page_state_scr_rp_adv_004_offline,否,FROZEN_V1.2.2
STA-00320,SCR-RP-ADV-005,ANDROID,红包活动详情,LOADING,首屏数据请求进行中,显示与最终布局一致的骨架屏,返回,与当前状态、权限或服务端version冲突的所有写操作,失败后显示重试,page_state_scr_rp_adv_005_loading,否,FROZEN_V1.2.2
STA-00321,SCR-RP-ADV-005,ANDROID,红包活动详情,CONTENT,核心数据完整且可交互,展示内容并按权限/状态机计算操作入口,页面定义的读写动作,与当前状态、权限或服务端version冲突的所有写操作,刷新或执行操作,page_state_scr_rp_adv_005_content,否,FROZEN_V1.2.2
STA-00322,SCR-RP-ADV-005,ANDROID,红包活动详情,STALE_CACHE,展示最近缓存但未验证最新版本,明确标记可能过期，禁用依赖版本的写操作,刷新,与当前状态、权限或服务端version冲突的所有写操作,成功后进入CONTENT,page_state_scr_rp_adv_005_stale_cache,否,FROZEN_V1.2.2
STA-00323,SCR-RP-ADV-005,ANDROID,红包活动详情,NOT_FOUND,资源不存在、已删除或不再可访问,显示资源状态，移除无效入口,返回来源列表,与当前状态、权限或服务端version冲突的所有写操作,来源列表同步更新,page_state_scr_rp_adv_005_not_found,是,FROZEN_V1.2.2
STA-00324,SCR-RP-ADV-005,ANDROID,红包活动详情,FORBIDDEN,已认证但无页面或字段权限,展示无权限原因，不泄露资源是否存在,返回,与当前状态、权限或服务端version冲突的所有写操作,权限变化后重新进入,page_state_scr_rp_adv_005_forbidden,是,FROZEN_V1.2.2
STA-00325,SCR-RP-ADV-005,ANDROID,红包活动详情,ERROR,请求失败且无法展示可靠内容,展示稳定错误码、requestId、重试和返回,重试/返回,与当前状态、权限或服务端version冲突的所有写操作,按错误码恢复,page_state_scr_rp_adv_005_error,否,FROZEN_V1.2.2
STA-00326,SCR-RP-ADV-005,ANDROID,红包活动详情,INELIGIBLE,不满足任务或红包资格,展示具体原因和可改善条件,返回/查看规则,与当前状态、权限或服务端version冲突的所有写操作,不创建浏览会话,page_state_scr_rp_adv_005_ineligible,是,FROZEN_V1.2.2
STA-00327,SCR-RP-ADV-005,ANDROID,红包活动详情,READY,资格检查通过，可开始任务,展示任务规则和开始确认,开始/返回,与当前状态、权限或服务端version冲突的所有写操作,开始后由服务端创建会话,page_state_scr_rp_adv_005_ready,否,FROZEN_V1.2.2
STA-00328,SCR-RP-ADV-005,ANDROID,红包活动详情,RUNNING,任务有效进行中,展示服务端进度、心跳和可见性,继续/取消,与当前状态、权限或服务端version冲突的所有写操作,本地计时不决定奖励,page_state_scr_rp_adv_005_running,否,FROZEN_V1.2.2
STA-00329,SCR-RP-ADV-005,ANDROID,红包活动详情,RESERVED,奖励名额已短期预留,显示剩余预留时间并完成领取条件,领取/取消,与当前状态、权限或服务端version冲突的所有写操作,超时进入EXPIRED,page_state_scr_rp_adv_005_reserved,否,FROZEN_V1.2.2
STA-00330,SCR-RP-ADV-005,ANDROID,红包活动详情,COMPLETED,任务条件满足或奖励已领取,展示结果和账本入口,查看记录/返回,与当前状态、权限或服务端version冲突的所有写操作,重复进入查询已有结果,page_state_scr_rp_adv_005_completed,是,FROZEN_V1.2.2
STA-00331,SCR-RP-ADV-005,ANDROID,红包活动详情,EXPIRED,资格、报价、验证码或预留过期,说明过期原因,重新开始/返回,与当前状态、权限或服务端version冲突的所有写操作,生成新的会话/报价/挑战,page_state_scr_rp_adv_005_expired,是,FROZEN_V1.2.2
STA-00332,SCR-RP-ADV-005,ANDROID,红包活动详情,RISK_BLOCKED,风控拒绝继续任务,展示通用原因和申诉入口，不泄露规则细节,申诉/返回,与当前状态、权限或服务端version冲突的所有写操作,记录风险事件,page_state_scr_rp_adv_005_risk_blocked,是,FROZEN_V1.2.2
STA-00333,SCR-RP-ADV-005,ANDROID,红包活动详情,OFFLINE,网络不可用,只读页面可展示标记为缓存的数据；写操作禁用,重试网络,与当前状态、权限或服务端version冲突的所有写操作,恢复网络后主动刷新,page_state_scr_rp_adv_005_offline,否,FROZEN_V1.2.2
STA-00334,SCR-RP-ADV-006,ANDROID,提高红包金额,LOADING,首屏数据请求进行中,显示与最终布局一致的骨架屏,返回,与当前状态、权限或服务端version冲突的所有写操作,失败后显示重试,page_state_scr_rp_adv_006_loading,否,FROZEN_V1.2.2
STA-00335,SCR-RP-ADV-006,ANDROID,提高红包金额,QUOTE_READY,服务端报价有效,展示最终金额、费用、权益和过期时间,确认下单/返回,与当前状态、权限或服务端version冲突的所有写操作,过期后必须重新报价,page_state_scr_rp_adv_006_quote_ready,否,FROZEN_V1.2.2
STA-00336,SCR-RP-ADV-006,ANDROID,提高红包金额,SUBMITTING,写请求已提交，结果未确定,锁定同资源写操作，保留输入，展示进度,查询结果/取消（业务允许时）,与当前状态、权限或服务端version冲突的所有写操作,不得重复生成新业务意图,page_state_scr_rp_adv_006_submitting,否,FROZEN_V1.2.2
STA-00337,SCR-RP-ADV-006,ANDROID,提高红包金额,PAYMENT_PENDING,支付已创建但未确认最终结果,轮询/订阅服务端订单状态,查询/返回,与当前状态、权限或服务端version冲突的所有写操作,不得重复创建订单,page_state_scr_rp_adv_006_payment_pending,否,FROZEN_V1.2.2
STA-00338,SCR-RP-ADV-006,ANDROID,提高红包金额,SUCCESS,操作成功且服务端已返回事实,展示明确结果并刷新关联数据,继续/返回/查看详情,与当前状态、权限或服务端version冲突的所有写操作,一次性敏感输入立即清除,page_state_scr_rp_adv_006_success,是,FROZEN_V1.2.2
STA-00339,SCR-RP-ADV-006,ANDROID,提高红包金额,FAILED,业务操作明确失败,展示业务原因和可执行下一步,修改后重试/返回,与当前状态、权限或服务端version冲突的所有写操作,保留非敏感上下文,page_state_scr_rp_adv_006_failed,是,FROZEN_V1.2.2
STA-00340,SCR-RP-ADV-006,ANDROID,提高红包金额,UNKNOWN,客户端无法确认服务端最终结果,显示处理中并调用查单/查询接口,继续查询/返回,与当前状态、权限或服务端version冲突的所有写操作,禁止直接判定失败并重复扣款,page_state_scr_rp_adv_006_unknown,否,FROZEN_V1.2.2
STA-00341,SCR-RP-ADV-006,ANDROID,提高红包金额,INELIGIBLE,不满足任务或红包资格,展示具体原因和可改善条件,返回/查看规则,与当前状态、权限或服务端version冲突的所有写操作,不创建浏览会话,page_state_scr_rp_adv_006_ineligible,是,FROZEN_V1.2.2
STA-00342,SCR-RP-ADV-006,ANDROID,提高红包金额,READY,资格检查通过，可开始任务,展示任务规则和开始确认,开始/返回,与当前状态、权限或服务端version冲突的所有写操作,开始后由服务端创建会话,page_state_scr_rp_adv_006_ready,否,FROZEN_V1.2.2
STA-00343,SCR-RP-ADV-006,ANDROID,提高红包金额,RUNNING,任务有效进行中,展示服务端进度、心跳和可见性,继续/取消,与当前状态、权限或服务端version冲突的所有写操作,本地计时不决定奖励,page_state_scr_rp_adv_006_running,否,FROZEN_V1.2.2
STA-00344,SCR-RP-ADV-006,ANDROID,提高红包金额,RESERVED,奖励名额已短期预留,显示剩余预留时间并完成领取条件,领取/取消,与当前状态、权限或服务端version冲突的所有写操作,超时进入EXPIRED,page_state_scr_rp_adv_006_reserved,否,FROZEN_V1.2.2
STA-00345,SCR-RP-ADV-006,ANDROID,提高红包金额,COMPLETED,任务条件满足或奖励已领取,展示结果和账本入口,查看记录/返回,与当前状态、权限或服务端version冲突的所有写操作,重复进入查询已有结果,page_state_scr_rp_adv_006_completed,是,FROZEN_V1.2.2
STA-00346,SCR-RP-ADV-006,ANDROID,提高红包金额,EXPIRED,资格、报价、验证码或预留过期,说明过期原因,重新开始/返回,与当前状态、权限或服务端version冲突的所有写操作,生成新的会话/报价/挑战,page_state_scr_rp_adv_006_expired,是,FROZEN_V1.2.2
STA-00347,SCR-RP-ADV-006,ANDROID,提高红包金额,RISK_BLOCKED,风控拒绝继续任务,展示通用原因和申诉入口，不泄露规则细节,申诉/返回,与当前状态、权限或服务端version冲突的所有写操作,记录风险事件,page_state_scr_rp_adv_006_risk_blocked,是,FROZEN_V1.2.2
STA-00348,SCR-RP-ADV-006,ANDROID,提高红包金额,ERROR,请求失败且无法展示可靠内容,展示稳定错误码、requestId、重试和返回,重试/返回,与当前状态、权限或服务端version冲突的所有写操作,按错误码恢复,page_state_scr_rp_adv_006_error,否,FROZEN_V1.2.2
STA-00349,SCR-RP-ADV-006,ANDROID,提高红包金额,OFFLINE,网络不可用,只读页面可展示标记为缓存的数据；写操作禁用,重试网络,与当前状态、权限或服务端version冲突的所有写操作,恢复网络后主动刷新,page_state_scr_rp_adv_006_offline,否,FROZEN_V1.2.2
STA-00350,SCR-PUB-001,ANDROID,发布入口,EDITING,用户正在编辑表单,显示字段、帮助、脏状态和保存/提交入口,编辑/保存/提交/取消,与当前状态、权限或服务端version冲突的所有写操作,离开时执行脏表单保护,page_state_scr_pub_001_editing,否,FROZEN_V1.2.2
STA-00351,SCR-PUB-001,ANDROID,发布入口,DIRTY,存在未保存变更,显示未保存标识和离开确认,保存/放弃,与当前状态、权限或服务端version冲突的所有写操作,禁止静默丢失,page_state_scr_pub_001_dirty,否,FROZEN_V1.2.2
STA-00352,SCR-PUB-001,ANDROID,发布入口,AUTOSAVING,由页面业务状态机进入,按“AUTOSAVING”状态展示标准状态区,按页面动作矩阵,与当前状态、权限或服务端version冲突的所有写操作,重新查询服务端事实,page_state_scr_pub_001_autosaving,否,FROZEN_V1.2.2
STA-00353,SCR-PUB-001,ANDROID,发布入口,VALIDATING,正在验证一次性state或输入,显示处理中，不暴露敏感参数,返回（允许时）,与当前状态、权限或服务端version冲突的所有写操作,参数立即从URL清理,page_state_scr_pub_001_validating,否,FROZEN_V1.2.2
STA-00354,SCR-PUB-001,ANDROID,发布入口,SUBMITTING,写请求已提交，结果未确定,锁定同资源写操作，保留输入，展示进度,查询结果/取消（业务允许时）,与当前状态、权限或服务端version冲突的所有写操作,不得重复生成新业务意图,page_state_scr_pub_001_submitting,否,FROZEN_V1.2.2
STA-00355,SCR-PUB-001,ANDROID,发布入口,SUCCESS,操作成功且服务端已返回事实,展示明确结果并刷新关联数据,继续/返回/查看详情,与当前状态、权限或服务端version冲突的所有写操作,一次性敏感输入立即清除,page_state_scr_pub_001_success,是,FROZEN_V1.2.2
STA-00356,SCR-PUB-001,ANDROID,发布入口,ERROR,请求失败且无法展示可靠内容,展示稳定错误码、requestId、重试和返回,重试/返回,与当前状态、权限或服务端version冲突的所有写操作,按错误码恢复,page_state_scr_pub_001_error,否,FROZEN_V1.2.2
STA-00357,SCR-PUB-001,ANDROID,发布入口,CONFLICT,expectedVersion或状态机冲突,展示数据已变化和差异摘要,重新加载/放弃本地变更,与当前状态、权限或服务端version冲突的所有写操作,禁止盲目覆盖,page_state_scr_pub_001_conflict,否,FROZEN_V1.2.2
STA-00358,SCR-PUB-001,ANDROID,发布入口,OFFLINE,网络不可用,只读页面可展示标记为缓存的数据；写操作禁用,重试网络,与当前状态、权限或服务端version冲突的所有写操作,恢复网络后主动刷新,page_state_scr_pub_001_offline,否,FROZEN_V1.2.2
STA-00359,SCR-PUB-002,ANDROID,项目发布/编辑,EDITING,用户正在编辑表单,显示字段、帮助、脏状态和保存/提交入口,编辑/保存/提交/取消,与当前状态、权限或服务端version冲突的所有写操作,离开时执行脏表单保护,page_state_scr_pub_002_editing,否,FROZEN_V1.2.2
STA-00360,SCR-PUB-002,ANDROID,项目发布/编辑,DIRTY,存在未保存变更,显示未保存标识和离开确认,保存/放弃,与当前状态、权限或服务端version冲突的所有写操作,禁止静默丢失,page_state_scr_pub_002_dirty,否,FROZEN_V1.2.2
STA-00361,SCR-PUB-002,ANDROID,项目发布/编辑,AUTOSAVING,由页面业务状态机进入,按“AUTOSAVING”状态展示标准状态区,按页面动作矩阵,与当前状态、权限或服务端version冲突的所有写操作,重新查询服务端事实,page_state_scr_pub_002_autosaving,否,FROZEN_V1.2.2
STA-00362,SCR-PUB-002,ANDROID,项目发布/编辑,VALIDATING,正在验证一次性state或输入,显示处理中，不暴露敏感参数,返回（允许时）,与当前状态、权限或服务端version冲突的所有写操作,参数立即从URL清理,page_state_scr_pub_002_validating,否,FROZEN_V1.2.2
STA-00363,SCR-PUB-002,ANDROID,项目发布/编辑,SUBMITTING,写请求已提交，结果未确定,锁定同资源写操作，保留输入，展示进度,查询结果/取消（业务允许时）,与当前状态、权限或服务端version冲突的所有写操作,不得重复生成新业务意图,page_state_scr_pub_002_submitting,否,FROZEN_V1.2.2
STA-00364,SCR-PUB-002,ANDROID,项目发布/编辑,SUCCESS,操作成功且服务端已返回事实,展示明确结果并刷新关联数据,继续/返回/查看详情,与当前状态、权限或服务端version冲突的所有写操作,一次性敏感输入立即清除,page_state_scr_pub_002_success,是,FROZEN_V1.2.2
STA-00365,SCR-PUB-002,ANDROID,项目发布/编辑,ERROR,请求失败且无法展示可靠内容,展示稳定错误码、requestId、重试和返回,重试/返回,与当前状态、权限或服务端version冲突的所有写操作,按错误码恢复,page_state_scr_pub_002_error,否,FROZEN_V1.2.2
STA-00366,SCR-PUB-002,ANDROID,项目发布/编辑,CONFLICT,expectedVersion或状态机冲突,展示数据已变化和差异摘要,重新加载/放弃本地变更,与当前状态、权限或服务端version冲突的所有写操作,禁止盲目覆盖,page_state_scr_pub_002_conflict,否,FROZEN_V1.2.2
STA-00367,SCR-PUB-002,ANDROID,项目发布/编辑,OFFLINE,网络不可用,只读页面可展示标记为缓存的数据；写操作禁用,重试网络,与当前状态、权限或服务端version冲突的所有写操作,恢复网络后主动刷新,page_state_scr_pub_002_offline,否,FROZEN_V1.2.2
STA-00368,SCR-PUB-003,ANDROID,App发布/编辑,EDITING,用户正在编辑表单,显示字段、帮助、脏状态和保存/提交入口,编辑/保存/提交/取消,与当前状态、权限或服务端version冲突的所有写操作,离开时执行脏表单保护,page_state_scr_pub_003_editing,否,FROZEN_V1.2.2
STA-00369,SCR-PUB-003,ANDROID,App发布/编辑,DIRTY,存在未保存变更,显示未保存标识和离开确认,保存/放弃,与当前状态、权限或服务端version冲突的所有写操作,禁止静默丢失,page_state_scr_pub_003_dirty,否,FROZEN_V1.2.2
STA-00370,SCR-PUB-003,ANDROID,App发布/编辑,AUTOSAVING,由页面业务状态机进入,按“AUTOSAVING”状态展示标准状态区,按页面动作矩阵,与当前状态、权限或服务端version冲突的所有写操作,重新查询服务端事实,page_state_scr_pub_003_autosaving,否,FROZEN_V1.2.2
STA-00371,SCR-PUB-003,ANDROID,App发布/编辑,VALIDATING,正在验证一次性state或输入,显示处理中，不暴露敏感参数,返回（允许时）,与当前状态、权限或服务端version冲突的所有写操作,参数立即从URL清理,page_state_scr_pub_003_validating,否,FROZEN_V1.2.2
STA-00372,SCR-PUB-003,ANDROID,App发布/编辑,SUBMITTING,写请求已提交，结果未确定,锁定同资源写操作，保留输入，展示进度,查询结果/取消（业务允许时）,与当前状态、权限或服务端version冲突的所有写操作,不得重复生成新业务意图,page_state_scr_pub_003_submitting,否,FROZEN_V1.2.2
STA-00373,SCR-PUB-003,ANDROID,App发布/编辑,SUCCESS,操作成功且服务端已返回事实,展示明确结果并刷新关联数据,继续/返回/查看详情,与当前状态、权限或服务端version冲突的所有写操作,一次性敏感输入立即清除,page_state_scr_pub_003_success,是,FROZEN_V1.2.2
STA-00374,SCR-PUB-003,ANDROID,App发布/编辑,ERROR,请求失败且无法展示可靠内容,展示稳定错误码、requestId、重试和返回,重试/返回,与当前状态、权限或服务端version冲突的所有写操作,按错误码恢复,page_state_scr_pub_003_error,否,FROZEN_V1.2.2
STA-00375,SCR-PUB-003,ANDROID,App发布/编辑,CONFLICT,expectedVersion或状态机冲突,展示数据已变化和差异摘要,重新加载/放弃本地变更,与当前状态、权限或服务端version冲突的所有写操作,禁止盲目覆盖,page_state_scr_pub_003_conflict,否,FROZEN_V1.2.2
STA-00376,SCR-PUB-003,ANDROID,App发布/编辑,OFFLINE,网络不可用,只读页面可展示标记为缓存的数据；写操作禁用,重试网络,与当前状态、权限或服务端version冲突的所有写操作,恢复网络后主动刷新,page_state_scr_pub_003_offline,否,FROZEN_V1.2.2
STA-00377,SCR-PUB-004,ANDROID,群聊发布/编辑,EDITING,用户正在编辑表单,显示字段、帮助、脏状态和保存/提交入口,编辑/保存/提交/取消,与当前状态、权限或服务端version冲突的所有写操作,离开时执行脏表单保护,page_state_scr_pub_004_editing,否,FROZEN_V1.2.2
STA-00378,SCR-PUB-004,ANDROID,群聊发布/编辑,DIRTY,存在未保存变更,显示未保存标识和离开确认,保存/放弃,与当前状态、权限或服务端version冲突的所有写操作,禁止静默丢失,page_state_scr_pub_004_dirty,否,FROZEN_V1.2.2
STA-00379,SCR-PUB-004,ANDROID,群聊发布/编辑,AUTOSAVING,由页面业务状态机进入,按“AUTOSAVING”状态展示标准状态区,按页面动作矩阵,与当前状态、权限或服务端version冲突的所有写操作,重新查询服务端事实,page_state_scr_pub_004_autosaving,否,FROZEN_V1.2.2
STA-00380,SCR-PUB-004,ANDROID,群聊发布/编辑,VALIDATING,正在验证一次性state或输入,显示处理中，不暴露敏感参数,返回（允许时）,与当前状态、权限或服务端version冲突的所有写操作,参数立即从URL清理,page_state_scr_pub_004_validating,否,FROZEN_V1.2.2
STA-00381,SCR-PUB-004,ANDROID,群聊发布/编辑,SUBMITTING,写请求已提交，结果未确定,锁定同资源写操作，保留输入，展示进度,查询结果/取消（业务允许时）,与当前状态、权限或服务端version冲突的所有写操作,不得重复生成新业务意图,page_state_scr_pub_004_submitting,否,FROZEN_V1.2.2
STA-00382,SCR-PUB-004,ANDROID,群聊发布/编辑,SUCCESS,操作成功且服务端已返回事实,展示明确结果并刷新关联数据,继续/返回/查看详情,与当前状态、权限或服务端version冲突的所有写操作,一次性敏感输入立即清除,page_state_scr_pub_004_success,是,FROZEN_V1.2.2
STA-00383,SCR-PUB-004,ANDROID,群聊发布/编辑,ERROR,请求失败且无法展示可靠内容,展示稳定错误码、requestId、重试和返回,重试/返回,与当前状态、权限或服务端version冲突的所有写操作,按错误码恢复,page_state_scr_pub_004_error,否,FROZEN_V1.2.2
STA-00384,SCR-PUB-004,ANDROID,群聊发布/编辑,CONFLICT,expectedVersion或状态机冲突,展示数据已变化和差异摘要,重新加载/放弃本地变更,与当前状态、权限或服务端version冲突的所有写操作,禁止盲目覆盖,page_state_scr_pub_004_conflict,否,FROZEN_V1.2.2
STA-00385,SCR-PUB-004,ANDROID,群聊发布/编辑,OFFLINE,网络不可用,只读页面可展示标记为缓存的数据；写操作禁用,重试网络,与当前状态、权限或服务端version冲突的所有写操作,恢复网络后主动刷新,page_state_scr_pub_004_offline,否,FROZEN_V1.2.2
STA-00386,SCR-PUB-005,ANDROID,团队长资料编辑,EDITING,用户正在编辑表单,显示字段、帮助、脏状态和保存/提交入口,编辑/保存/提交/取消,与当前状态、权限或服务端version冲突的所有写操作,离开时执行脏表单保护,page_state_scr_pub_005_editing,否,FROZEN_V1.2.2
STA-00387,SCR-PUB-005,ANDROID,团队长资料编辑,DIRTY,存在未保存变更,显示未保存标识和离开确认,保存/放弃,与当前状态、权限或服务端version冲突的所有写操作,禁止静默丢失,page_state_scr_pub_005_dirty,否,FROZEN_V1.2.2
STA-00388,SCR-PUB-005,ANDROID,团队长资料编辑,AUTOSAVING,由页面业务状态机进入,按“AUTOSAVING”状态展示标准状态区,按页面动作矩阵,与当前状态、权限或服务端version冲突的所有写操作,重新查询服务端事实,page_state_scr_pub_005_autosaving,否,FROZEN_V1.2.2
STA-00389,SCR-PUB-005,ANDROID,团队长资料编辑,VALIDATING,正在验证一次性state或输入,显示处理中，不暴露敏感参数,返回（允许时）,与当前状态、权限或服务端version冲突的所有写操作,参数立即从URL清理,page_state_scr_pub_005_validating,否,FROZEN_V1.2.2
STA-00390,SCR-PUB-005,ANDROID,团队长资料编辑,SUBMITTING,写请求已提交，结果未确定,锁定同资源写操作，保留输入，展示进度,查询结果/取消（业务允许时）,与当前状态、权限或服务端version冲突的所有写操作,不得重复生成新业务意图,page_state_scr_pub_005_submitting,否,FROZEN_V1.2.2
STA-00391,SCR-PUB-005,ANDROID,团队长资料编辑,SUCCESS,操作成功且服务端已返回事实,展示明确结果并刷新关联数据,继续/返回/查看详情,与当前状态、权限或服务端version冲突的所有写操作,一次性敏感输入立即清除,page_state_scr_pub_005_success,是,FROZEN_V1.2.2
STA-00392,SCR-PUB-005,ANDROID,团队长资料编辑,ERROR,请求失败且无法展示可靠内容,展示稳定错误码、requestId、重试和返回,重试/返回,与当前状态、权限或服务端version冲突的所有写操作,按错误码恢复,page_state_scr_pub_005_error,否,FROZEN_V1.2.2
STA-00393,SCR-PUB-005,ANDROID,团队长资料编辑,CONFLICT,expectedVersion或状态机冲突,展示数据已变化和差异摘要,重新加载/放弃本地变更,与当前状态、权限或服务端version冲突的所有写操作,禁止盲目覆盖,page_state_scr_pub_005_conflict,否,FROZEN_V1.2.2
STA-00394,SCR-PUB-005,ANDROID,团队长资料编辑,OFFLINE,网络不可用,只读页面可展示标记为缓存的数据；写操作禁用,重试网络,与当前状态、权限或服务端version冲突的所有写操作,恢复网络后主动刷新,page_state_scr_pub_005_offline,否,FROZEN_V1.2.2
STA-00395,SCR-PUB-006,ANDROID,发布预览,EDITING,用户正在编辑表单,显示字段、帮助、脏状态和保存/提交入口,编辑/保存/提交/取消,与当前状态、权限或服务端version冲突的所有写操作,离开时执行脏表单保护,page_state_scr_pub_006_editing,否,FROZEN_V1.2.2
STA-00396,SCR-PUB-006,ANDROID,发布预览,DIRTY,存在未保存变更,显示未保存标识和离开确认,保存/放弃,与当前状态、权限或服务端version冲突的所有写操作,禁止静默丢失,page_state_scr_pub_006_dirty,否,FROZEN_V1.2.2
STA-00397,SCR-PUB-006,ANDROID,发布预览,AUTOSAVING,由页面业务状态机进入,按“AUTOSAVING”状态展示标准状态区,按页面动作矩阵,与当前状态、权限或服务端version冲突的所有写操作,重新查询服务端事实,page_state_scr_pub_006_autosaving,否,FROZEN_V1.2.2
STA-00398,SCR-PUB-006,ANDROID,发布预览,VALIDATING,正在验证一次性state或输入,显示处理中，不暴露敏感参数,返回（允许时）,与当前状态、权限或服务端version冲突的所有写操作,参数立即从URL清理,page_state_scr_pub_006_validating,否,FROZEN_V1.2.2
STA-00399,SCR-PUB-006,ANDROID,发布预览,SUBMITTING,写请求已提交，结果未确定,锁定同资源写操作，保留输入，展示进度,查询结果/取消（业务允许时）,与当前状态、权限或服务端version冲突的所有写操作,不得重复生成新业务意图,page_state_scr_pub_006_submitting,否,FROZEN_V1.2.2
STA-00400,SCR-PUB-006,ANDROID,发布预览,SUCCESS,操作成功且服务端已返回事实,展示明确结果并刷新关联数据,继续/返回/查看详情,与当前状态、权限或服务端version冲突的所有写操作,一次性敏感输入立即清除,page_state_scr_pub_006_success,是,FROZEN_V1.2.2
STA-00401,SCR-PUB-006,ANDROID,发布预览,ERROR,请求失败且无法展示可靠内容,展示稳定错误码、requestId、重试和返回,重试/返回,与当前状态、权限或服务端version冲突的所有写操作,按错误码恢复,page_state_scr_pub_006_error,否,FROZEN_V1.2.2
STA-00402,SCR-PUB-006,ANDROID,发布预览,CONFLICT,expectedVersion或状态机冲突,展示数据已变化和差异摘要,重新加载/放弃本地变更,与当前状态、权限或服务端version冲突的所有写操作,禁止盲目覆盖,page_state_scr_pub_006_conflict,否,FROZEN_V1.2.2
STA-00403,SCR-PUB-006,ANDROID,发布预览,OFFLINE,网络不可用,只读页面可展示标记为缓存的数据；写操作禁用,重试网络,与当前状态、权限或服务端version冲突的所有写操作,恢复网络后主动刷新,page_state_scr_pub_006_offline,否,FROZEN_V1.2.2
STA-00404,SCR-PUB-007,ANDROID,提交结果,PENDING,结果等待审核、支付或异步处理,展示当前阶段、预计动作和刷新入口,刷新/返回,与当前状态、权限或服务端version冲突的所有写操作,通过查询更新,page_state_scr_pub_007_pending,否,FROZEN_V1.2.2
STA-00405,SCR-PUB-007,ANDROID,提交结果,SUCCESS,操作成功且服务端已返回事实,展示明确结果并刷新关联数据,继续/返回/查看详情,与当前状态、权限或服务端version冲突的所有写操作,一次性敏感输入立即清除,page_state_scr_pub_007_success,是,FROZEN_V1.2.2
STA-00406,SCR-PUB-007,ANDROID,提交结果,FAILED,业务操作明确失败,展示业务原因和可执行下一步,修改后重试/返回,与当前状态、权限或服务端version冲突的所有写操作,保留非敏感上下文,page_state_scr_pub_007_failed,是,FROZEN_V1.2.2
STA-00407,SCR-PUB-007,ANDROID,提交结果,REJECTED,审核或审批被拒绝,展示结构化原因和可编辑范围,修改/申诉/返回,与当前状态、权限或服务端version冲突的所有写操作,原版本保持不可用,page_state_scr_pub_007_rejected,是,FROZEN_V1.2.2
STA-00408,SCR-PUB-007,ANDROID,提交结果,UNKNOWN,客户端无法确认服务端最终结果,显示处理中并调用查单/查询接口,继续查询/返回,与当前状态、权限或服务端version冲突的所有写操作,禁止直接判定失败并重复扣款,page_state_scr_pub_007_unknown,否,FROZEN_V1.2.2
STA-00409,SCR-PUB-007,ANDROID,提交结果,RETRYING,由页面业务状态机进入,按“RETRYING”状态展示标准状态区,按页面动作矩阵,与当前状态、权限或服务端version冲突的所有写操作,重新查询服务端事实,page_state_scr_pub_007_retrying,否,FROZEN_V1.2.2
STA-00410,SCR-PUB-007,ANDROID,提交结果,ERROR,请求失败且无法展示可靠内容,展示稳定错误码、requestId、重试和返回,重试/返回,与当前状态、权限或服务端version冲突的所有写操作,按错误码恢复,page_state_scr_pub_007_error,否,FROZEN_V1.2.2
STA-00411,SCR-PUB-007,ANDROID,提交结果,OFFLINE,网络不可用,只读页面可展示标记为缓存的数据；写操作禁用,重试网络,与当前状态、权限或服务端version冲突的所有写操作,恢复网络后主动刷新,page_state_scr_pub_007_offline,否,FROZEN_V1.2.2
STA-00412,SCR-MYC-001,ANDROID,我的发布,LOADING,首屏数据请求进行中,显示与最终布局一致的骨架屏,返回,与当前状态、权限或服务端version冲突的所有写操作,失败后显示重试,page_state_scr_myc_001_loading,否,FROZEN_V1.2.2
STA-00413,SCR-MYC-001,ANDROID,我的发布,CONTENT,核心数据完整且可交互,展示内容并按权限/状态机计算操作入口,页面定义的读写动作,与当前状态、权限或服务端version冲突的所有写操作,刷新或执行操作,page_state_scr_myc_001_content,否,FROZEN_V1.2.2
STA-00414,SCR-MYC-001,ANDROID,我的发布,EMPTY,查询成功但无符合条件的数据,展示业务化空状态、当前筛选和明确下一步,清除筛选/创建/返回,与当前状态、权限或服务端version冲突的所有写操作,修改筛选或执行主行动,page_state_scr_myc_001_empty,否,FROZEN_V1.2.2
STA-00415,SCR-MYC-001,ANDROID,我的发布,REFRESHING,已有内容上执行刷新,保留内容并显示轻量刷新指示,取消刷新,与当前状态、权限或服务端version冲突的所有写操作,失败保留旧数据,page_state_scr_myc_001_refreshing,否,FROZEN_V1.2.2
STA-00416,SCR-MYC-001,ANDROID,我的发布,APPENDING,列表加载下一页,列表尾部加载器；已加载项保持可用,取消翻页,与当前状态、权限或服务端version冲突的所有写操作,失败提供尾部重试,page_state_scr_myc_001_appending,否,FROZEN_V1.2.2
STA-00417,SCR-MYC-001,ANDROID,我的发布,PARTIAL_ERROR,非首屏请求或单模块失败,保留现有内容并在对应区域提示,局部重试,与当前状态、权限或服务端version冲突的所有写操作,成功后回到CONTENT,page_state_scr_myc_001_partial_error,否,FROZEN_V1.2.2
STA-00418,SCR-MYC-001,ANDROID,我的发布,ERROR,请求失败且无法展示可靠内容,展示稳定错误码、requestId、重试和返回,重试/返回,与当前状态、权限或服务端version冲突的所有写操作,按错误码恢复,page_state_scr_myc_001_error,否,FROZEN_V1.2.2
STA-00419,SCR-MYC-001,ANDROID,我的发布,OFFLINE,网络不可用,只读页面可展示标记为缓存的数据；写操作禁用,重试网络,与当前状态、权限或服务端version冲突的所有写操作,恢复网络后主动刷新,page_state_scr_myc_001_offline,否,FROZEN_V1.2.2
STA-00420,SCR-MYC-002,ANDROID,草稿箱,LOADING,首屏数据请求进行中,显示与最终布局一致的骨架屏,返回,与当前状态、权限或服务端version冲突的所有写操作,失败后显示重试,page_state_scr_myc_002_loading,否,FROZEN_V1.2.2
STA-00421,SCR-MYC-002,ANDROID,草稿箱,CONTENT,核心数据完整且可交互,展示内容并按权限/状态机计算操作入口,页面定义的读写动作,与当前状态、权限或服务端version冲突的所有写操作,刷新或执行操作,page_state_scr_myc_002_content,否,FROZEN_V1.2.2
STA-00422,SCR-MYC-002,ANDROID,草稿箱,EMPTY,查询成功但无符合条件的数据,展示业务化空状态、当前筛选和明确下一步,清除筛选/创建/返回,与当前状态、权限或服务端version冲突的所有写操作,修改筛选或执行主行动,page_state_scr_myc_002_empty,否,FROZEN_V1.2.2
STA-00423,SCR-MYC-002,ANDROID,草稿箱,REFRESHING,已有内容上执行刷新,保留内容并显示轻量刷新指示,取消刷新,与当前状态、权限或服务端version冲突的所有写操作,失败保留旧数据,page_state_scr_myc_002_refreshing,否,FROZEN_V1.2.2
STA-00424,SCR-MYC-002,ANDROID,草稿箱,APPENDING,列表加载下一页,列表尾部加载器；已加载项保持可用,取消翻页,与当前状态、权限或服务端version冲突的所有写操作,失败提供尾部重试,page_state_scr_myc_002_appending,否,FROZEN_V1.2.2
STA-00425,SCR-MYC-002,ANDROID,草稿箱,PARTIAL_ERROR,非首屏请求或单模块失败,保留现有内容并在对应区域提示,局部重试,与当前状态、权限或服务端version冲突的所有写操作,成功后回到CONTENT,page_state_scr_myc_002_partial_error,否,FROZEN_V1.2.2
STA-00426,SCR-MYC-002,ANDROID,草稿箱,ERROR,请求失败且无法展示可靠内容,展示稳定错误码、requestId、重试和返回,重试/返回,与当前状态、权限或服务端version冲突的所有写操作,按错误码恢复,page_state_scr_myc_002_error,否,FROZEN_V1.2.2
STA-00427,SCR-MYC-002,ANDROID,草稿箱,OFFLINE,网络不可用,只读页面可展示标记为缓存的数据；写操作禁用,重试网络,与当前状态、权限或服务端version冲突的所有写操作,恢复网络后主动刷新,page_state_scr_myc_002_offline,否,FROZEN_V1.2.2
STA-00428,SCR-MYC-003,ANDROID,内容管理详情,LOADING,首屏数据请求进行中,显示与最终布局一致的骨架屏,返回,与当前状态、权限或服务端version冲突的所有写操作,失败后显示重试,page_state_scr_myc_003_loading,否,FROZEN_V1.2.2
STA-00429,SCR-MYC-003,ANDROID,内容管理详情,CONTENT,核心数据完整且可交互,展示内容并按权限/状态机计算操作入口,页面定义的读写动作,与当前状态、权限或服务端version冲突的所有写操作,刷新或执行操作,page_state_scr_myc_003_content,否,FROZEN_V1.2.2
STA-00430,SCR-MYC-003,ANDROID,内容管理详情,STALE_CACHE,展示最近缓存但未验证最新版本,明确标记可能过期，禁用依赖版本的写操作,刷新,与当前状态、权限或服务端version冲突的所有写操作,成功后进入CONTENT,page_state_scr_myc_003_stale_cache,否,FROZEN_V1.2.2
STA-00431,SCR-MYC-003,ANDROID,内容管理详情,NOT_FOUND,资源不存在、已删除或不再可访问,显示资源状态，移除无效入口,返回来源列表,与当前状态、权限或服务端version冲突的所有写操作,来源列表同步更新,page_state_scr_myc_003_not_found,是,FROZEN_V1.2.2
STA-00432,SCR-MYC-003,ANDROID,内容管理详情,FORBIDDEN,已认证但无页面或字段权限,展示无权限原因，不泄露资源是否存在,返回,与当前状态、权限或服务端version冲突的所有写操作,权限变化后重新进入,page_state_scr_myc_003_forbidden,是,FROZEN_V1.2.2
STA-00433,SCR-MYC-003,ANDROID,内容管理详情,ERROR,请求失败且无法展示可靠内容,展示稳定错误码、requestId、重试和返回,重试/返回,与当前状态、权限或服务端version冲突的所有写操作,按错误码恢复,page_state_scr_myc_003_error,否,FROZEN_V1.2.2
STA-00434,SCR-MYC-003,ANDROID,内容管理详情,OFFLINE,网络不可用,只读页面可展示标记为缓存的数据；写操作禁用,重试网络,与当前状态、权限或服务端version冲突的所有写操作,恢复网络后主动刷新,page_state_scr_myc_003_offline,否,FROZEN_V1.2.2
STA-00435,SCR-MYC-004,ANDROID,审核记录,LOADING,首屏数据请求进行中,显示与最终布局一致的骨架屏,返回,与当前状态、权限或服务端version冲突的所有写操作,失败后显示重试,page_state_scr_myc_004_loading,否,FROZEN_V1.2.2
STA-00436,SCR-MYC-004,ANDROID,审核记录,CONTENT,核心数据完整且可交互,展示内容并按权限/状态机计算操作入口,页面定义的读写动作,与当前状态、权限或服务端version冲突的所有写操作,刷新或执行操作,page_state_scr_myc_004_content,否,FROZEN_V1.2.2
STA-00437,SCR-MYC-004,ANDROID,审核记录,EMPTY,查询成功但无符合条件的数据,展示业务化空状态、当前筛选和明确下一步,清除筛选/创建/返回,与当前状态、权限或服务端version冲突的所有写操作,修改筛选或执行主行动,page_state_scr_myc_004_empty,否,FROZEN_V1.2.2
STA-00438,SCR-MYC-004,ANDROID,审核记录,REFRESHING,已有内容上执行刷新,保留内容并显示轻量刷新指示,取消刷新,与当前状态、权限或服务端version冲突的所有写操作,失败保留旧数据,page_state_scr_myc_004_refreshing,否,FROZEN_V1.2.2
STA-00439,SCR-MYC-004,ANDROID,审核记录,APPENDING,列表加载下一页,列表尾部加载器；已加载项保持可用,取消翻页,与当前状态、权限或服务端version冲突的所有写操作,失败提供尾部重试,page_state_scr_myc_004_appending,否,FROZEN_V1.2.2
STA-00440,SCR-MYC-004,ANDROID,审核记录,PARTIAL_ERROR,非首屏请求或单模块失败,保留现有内容并在对应区域提示,局部重试,与当前状态、权限或服务端version冲突的所有写操作,成功后回到CONTENT,page_state_scr_myc_004_partial_error,否,FROZEN_V1.2.2
STA-00441,SCR-MYC-004,ANDROID,审核记录,ERROR,请求失败且无法展示可靠内容,展示稳定错误码、requestId、重试和返回,重试/返回,与当前状态、权限或服务端version冲突的所有写操作,按错误码恢复,page_state_scr_myc_004_error,否,FROZEN_V1.2.2
STA-00442,SCR-MYC-004,ANDROID,审核记录,QUEUE,审核/工单队列加载完成,展示筛选、优先级和分配状态,领取/分配/查看,与当前状态、权限或服务端version冲突的所有写操作,并发分配使用版本锁,page_state_scr_myc_004_queue,否,FROZEN_V1.2.2
STA-00443,SCR-MYC-004,ANDROID,审核记录,ASSIGNED,任务已分配给当前或其他处理人,展示处理人和SLA,开始处理/转派,与当前状态、权限或服务端version冲突的所有写操作,无权限者只读,page_state_scr_myc_004_assigned,否,FROZEN_V1.2.2
STA-00444,SCR-MYC-004,ANDROID,审核记录,REVIEWING,处理人正在查看证据和规则,展示证据、历史和决定表单,决定/保存备注,与当前状态、权限或服务端version冲突的所有写操作,原图访问有时效,page_state_scr_myc_004_reviewing,否,FROZEN_V1.2.2
STA-00445,SCR-MYC-004,ANDROID,审核记录,DECIDED,审核决定已提交,显示结果、通知和审计时间线,下一条/查看详情,与当前状态、权限或服务端version冲突的所有写操作,决定不可直接修改,page_state_scr_myc_004_decided,是,FROZEN_V1.2.2
STA-00446,SCR-MYC-004,ANDROID,审核记录,REJECTED,审核或审批被拒绝,展示结构化原因和可编辑范围,修改/申诉/返回,与当前状态、权限或服务端version冲突的所有写操作,原版本保持不可用,page_state_scr_myc_004_rejected,是,FROZEN_V1.2.2
STA-00447,SCR-MYC-004,ANDROID,审核记录,OFFLINE,网络不可用,只读页面可展示标记为缓存的数据；写操作禁用,重试网络,与当前状态、权限或服务端version冲突的所有写操作,恢复网络后主动刷新,page_state_scr_myc_004_offline,否,FROZEN_V1.2.2
STA-00448,SCR-MYC-005,ANDROID,内容数据,LOADING,首屏数据请求进行中,显示与最终布局一致的骨架屏,返回,与当前状态、权限或服务端version冲突的所有写操作,失败后显示重试,page_state_scr_myc_005_loading,否,FROZEN_V1.2.2
STA-00449,SCR-MYC-005,ANDROID,内容数据,CONTENT,核心数据完整且可交互,展示内容并按权限/状态机计算操作入口,页面定义的读写动作,与当前状态、权限或服务端version冲突的所有写操作,刷新或执行操作,page_state_scr_myc_005_content,否,FROZEN_V1.2.2
STA-00450,SCR-MYC-005,ANDROID,内容数据,EMPTY,查询成功但无符合条件的数据,展示业务化空状态、当前筛选和明确下一步,清除筛选/创建/返回,与当前状态、权限或服务端version冲突的所有写操作,修改筛选或执行主行动,page_state_scr_myc_005_empty,否,FROZEN_V1.2.2
STA-00451,SCR-MYC-005,ANDROID,内容数据,REFRESHING,已有内容上执行刷新,保留内容并显示轻量刷新指示,取消刷新,与当前状态、权限或服务端version冲突的所有写操作,失败保留旧数据,page_state_scr_myc_005_refreshing,否,FROZEN_V1.2.2
STA-00452,SCR-MYC-005,ANDROID,内容数据,APPENDING,列表加载下一页,列表尾部加载器；已加载项保持可用,取消翻页,与当前状态、权限或服务端version冲突的所有写操作,失败提供尾部重试,page_state_scr_myc_005_appending,否,FROZEN_V1.2.2
STA-00453,SCR-MYC-005,ANDROID,内容数据,PARTIAL_ERROR,非首屏请求或单模块失败,保留现有内容并在对应区域提示,局部重试,与当前状态、权限或服务端version冲突的所有写操作,成功后回到CONTENT,page_state_scr_myc_005_partial_error,否,FROZEN_V1.2.2
STA-00454,SCR-MYC-005,ANDROID,内容数据,ERROR,请求失败且无法展示可靠内容,展示稳定错误码、requestId、重试和返回,重试/返回,与当前状态、权限或服务端version冲突的所有写操作,按错误码恢复,page_state_scr_myc_005_error,否,FROZEN_V1.2.2
STA-00455,SCR-MYC-005,ANDROID,内容数据,OFFLINE,网络不可用,只读页面可展示标记为缓存的数据；写操作禁用,重试网络,与当前状态、权限或服务端version冲突的所有写操作,恢复网络后主动刷新,page_state_scr_myc_005_offline,否,FROZEN_V1.2.2
STA-00456,SCR-MSG-001,ANDROID,消息中心,LOADING,首屏数据请求进行中,显示与最终布局一致的骨架屏,返回,与当前状态、权限或服务端version冲突的所有写操作,失败后显示重试,page_state_scr_msg_001_loading,否,FROZEN_V1.2.2
STA-00457,SCR-MSG-001,ANDROID,消息中心,CONTENT,核心数据完整且可交互,展示内容并按权限/状态机计算操作入口,页面定义的读写动作,与当前状态、权限或服务端version冲突的所有写操作,刷新或执行操作,page_state_scr_msg_001_content,否,FROZEN_V1.2.2
STA-00458,SCR-MSG-001,ANDROID,消息中心,PARTIAL_CONTENT,部分模块成功、部分模块失败,保留成功模块，失败模块显示局部重试,重试失败模块,与当前状态、权限或服务端version冲突的所有写操作,不得将局部失败升级为全页失败,page_state_scr_msg_001_partial_content,否,FROZEN_V1.2.2
STA-00459,SCR-MSG-001,ANDROID,消息中心,REFRESHING,已有内容上执行刷新,保留内容并显示轻量刷新指示,取消刷新,与当前状态、权限或服务端version冲突的所有写操作,失败保留旧数据,page_state_scr_msg_001_refreshing,否,FROZEN_V1.2.2
STA-00460,SCR-MSG-001,ANDROID,消息中心,ERROR,请求失败且无法展示可靠内容,展示稳定错误码、requestId、重试和返回,重试/返回,与当前状态、权限或服务端version冲突的所有写操作,按错误码恢复,page_state_scr_msg_001_error,否,FROZEN_V1.2.2
STA-00461,SCR-MSG-001,ANDROID,消息中心,OFFLINE,网络不可用,只读页面可展示标记为缓存的数据；写操作禁用,重试网络,与当前状态、权限或服务端version冲突的所有写操作,恢复网络后主动刷新,page_state_scr_msg_001_offline,否,FROZEN_V1.2.2
STA-00462,SCR-CHAT-001,ANDROID,会话列表,CONNECTING,即时连接建立或恢复中,显示连接状态；允许浏览已加载消息,返回,与当前状态或权限冲突的写操作,连接成功进入CONTENT,page_state_scr_chat_001_connecting,否,FROZEN_V1.2.2
STA-00463,SCR-CHAT-001,ANDROID,会话列表,CONTENT,核心数据完整且可交互,展示内容并按权限/状态机计算操作入口,页面定义的读写动作,与当前状态或权限冲突的写操作,刷新或执行操作,page_state_scr_chat_001_content,否,FROZEN_V1.2.2
STA-00464,SCR-CHAT-001,ANDROID,会话列表,EMPTY,查询成功但无符合条件的数据,展示业务化空状态、当前筛选和明确下一步,清除筛选/创建/返回,与当前状态或权限冲突的写操作,修改筛选或执行主行动,page_state_scr_chat_001_empty,否,FROZEN_V1.2.2
STA-00465,SCR-CHAT-001,ANDROID,会话列表,OFFLINE,网络不可用,只读页面可展示标记为缓存的数据；写操作禁用,重试网络,与当前状态或权限冲突的写操作,恢复网络后主动刷新,page_state_scr_chat_001_offline,否,FROZEN_V1.2.2
STA-00466,SCR-CHAT-001,ANDROID,会话列表,SYNCING,消息增量同步中,保留列表并去重合并,取消,与当前状态或权限冲突的写操作,乱序按服务端序列处理,page_state_scr_chat_001_syncing,否,FROZEN_V1.2.2
STA-00467,SCR-CHAT-001,ANDROID,会话列表,ERROR,请求失败且无法展示可靠内容,展示面向用户的失败原因、重试和返回，不显示内部诊断信息,重试/返回,与当前状态或权限冲突的写操作,按用户可见错误类型恢复,page_state_scr_chat_001_error,否,FROZEN_V1.2.2
STA-00468,SCR-CHAT-002,ANDROID,私聊页,CONNECTING,即时连接建立或恢复中,显示连接状态；允许浏览已加载消息,返回,与当前状态或权限冲突的写操作,连接成功进入CONTENT,page_state_scr_chat_002_connecting,否,FROZEN_V1.2.2
STA-00469,SCR-CHAT-002,ANDROID,私聊页,CONTENT,核心数据完整且可交互,展示内容并按权限/状态机计算操作入口,页面定义的读写动作,与当前状态或权限冲突的写操作,刷新或执行操作,page_state_scr_chat_002_content,否,FROZEN_V1.2.2
STA-00470,SCR-CHAT-002,ANDROID,私聊页,SENDING,消息发送中,对应消息气泡显示发送中状态,等待；失败后可重试或删除本地失败项,与当前状态或权限冲突的写操作,服务端确认后进入已发送状态；失败时保留单条重试,page_state_scr_chat_002_sending,否,FROZEN_V1.2.2
STA-00471,SCR-CHAT-002,ANDROID,私聊页,OFFLINE,网络不可用,只读页面可展示标记为缓存的数据；写操作禁用,重试网络,与当前状态或权限冲突的写操作,恢复网络后主动刷新,page_state_scr_chat_002_offline,否,FROZEN_V1.2.2
STA-00472,SCR-CHAT-002,ANDROID,私聊页,BLOCKED,系统维护、强制更新或账号限制阻断,显示当前无法发送消息及可执行的解除拉黑或返回操作,解除拉黑（允许时）/返回,与当前状态或权限冲突的写操作,服务端确认解除后恢复输入区,page_state_scr_chat_002_blocked,是,FROZEN_V1.2.2
STA-00473,SCR-CHAT-002,ANDROID,私聊页,ERROR,请求失败且无法展示可靠内容,展示面向用户的失败原因、重试和返回，不显示内部诊断信息,重试/返回,与当前状态或权限冲突的写操作,按用户可见错误类型恢复,page_state_scr_chat_002_error,否,FROZEN_V1.2.2
STA-00474,SHEET-CHAT-001,ANDROID,发送联系方式,OPEN,由页面业务状态机进入,按“OPEN”状态展示标准状态区,按页面动作矩阵,与当前状态或权限冲突的写操作,重新查询服务端事实,page_state_sheet_chat_001_open,否,FROZEN_V1.2.2
STA-00475,SHEET-CHAT-001,ANDROID,发送联系方式,EDITING,用户正在编辑表单,显示字段、帮助、脏状态和保存/提交入口,编辑/保存/提交/取消,与当前状态或权限冲突的写操作,离开时执行脏表单保护,page_state_sheet_chat_001_editing,否,FROZEN_V1.2.2
STA-00476,SHEET-CHAT-001,ANDROID,发送联系方式,SUBMITTING,写请求已提交，结果未确定,锁定同资源写操作，保留输入，展示进度,查询结果/取消（业务允许时）,与当前状态或权限冲突的写操作,不得重复生成新业务意图,page_state_sheet_chat_001_submitting,否,FROZEN_V1.2.2
STA-00477,SHEET-CHAT-001,ANDROID,发送联系方式,SUCCESS,操作成功且服务端已返回事实,展示明确结果并刷新关联数据,继续/返回/查看详情,与当前状态或权限冲突的写操作,一次性敏感输入立即清除,page_state_sheet_chat_001_success,是,FROZEN_V1.2.2
STA-00478,SHEET-CHAT-001,ANDROID,发送联系方式,ERROR,请求失败且无法展示可靠内容,展示面向用户的失败原因、重试和返回，不显示内部诊断信息,重试/返回,与当前状态或权限冲突的写操作,按用户可见错误类型恢复,page_state_sheet_chat_001_error,否,FROZEN_V1.2.2
STA-00479,SHEET-CHAT-001,ANDROID,发送联系方式,OFFLINE,网络不可用,只读页面可展示标记为缓存的数据；写操作禁用,重试网络,与当前状态或权限冲突的写操作,恢复网络后主动刷新,page_state_sheet_chat_001_offline,否,FROZEN_V1.2.2
STA-00480,SHEET-CHAT-002,ANDROID,聊天举报,OPEN,由页面业务状态机进入,按“OPEN”状态展示标准状态区,按页面动作矩阵,与当前状态或权限冲突的写操作,重新查询服务端事实,page_state_sheet_chat_002_open,否,FROZEN_V1.2.2
STA-00481,SHEET-CHAT-002,ANDROID,聊天举报,EDITING,用户正在编辑表单,显示字段、帮助、脏状态和保存/提交入口,编辑/保存/提交/取消,与当前状态或权限冲突的写操作,离开时执行脏表单保护,page_state_sheet_chat_002_editing,否,FROZEN_V1.2.2
STA-00482,SHEET-CHAT-002,ANDROID,聊天举报,SUBMITTING,写请求已提交，结果未确定,锁定同资源写操作，保留输入，展示进度,查询结果/取消（业务允许时）,与当前状态或权限冲突的写操作,不得重复生成新业务意图,page_state_sheet_chat_002_submitting,否,FROZEN_V1.2.2
STA-00483,SHEET-CHAT-002,ANDROID,聊天举报,SUCCESS,操作成功且服务端已返回事实,展示明确结果并刷新关联数据,继续/返回/查看详情,与当前状态或权限冲突的写操作,一次性敏感输入立即清除,page_state_sheet_chat_002_success,是,FROZEN_V1.2.2
STA-00484,SHEET-CHAT-002,ANDROID,聊天举报,ERROR,请求失败且无法展示可靠内容,展示面向用户的失败原因、重试和返回，不显示内部诊断信息,重试/返回,与当前状态或权限冲突的写操作,按用户可见错误类型恢复,page_state_sheet_chat_002_error,否,FROZEN_V1.2.2
STA-00490,SHEET-CHAT-002,ANDROID,聊天举报,OFFLINE,网络不可用,只读页面可展示标记为缓存的数据；写操作禁用,重试网络,与当前状态或权限冲突的写操作,恢复网络后主动刷新,page_state_sheet_chat_002_offline,否,FROZEN_V1.2.2
STA-00491,SCR-NOTICE-001,ANDROID,通知列表,LOADING,首屏数据请求进行中,显示与最终布局一致的骨架屏,返回,与当前状态、权限或服务端version冲突的所有写操作,失败后显示重试,page_state_scr_notice_001_loading,否,FROZEN_V1.2.2
STA-00492,SCR-NOTICE-001,ANDROID,通知列表,CONTENT,核心数据完整且可交互,展示内容并按权限/状态机计算操作入口,页面定义的读写动作,与当前状态、权限或服务端version冲突的所有写操作,刷新或执行操作,page_state_scr_notice_001_content,否,FROZEN_V1.2.2
STA-00493,SCR-NOTICE-001,ANDROID,通知列表,EMPTY,查询成功但无符合条件的数据,展示业务化空状态、当前筛选和明确下一步,清除筛选/创建/返回,与当前状态、权限或服务端version冲突的所有写操作,修改筛选或执行主行动,page_state_scr_notice_001_empty,否,FROZEN_V1.2.2
STA-00494,SCR-NOTICE-001,ANDROID,通知列表,REFRESHING,已有内容上执行刷新,保留内容并显示轻量刷新指示,取消刷新,与当前状态、权限或服务端version冲突的所有写操作,失败保留旧数据,page_state_scr_notice_001_refreshing,否,FROZEN_V1.2.2
STA-00495,SCR-NOTICE-001,ANDROID,通知列表,APPENDING,列表加载下一页,列表尾部加载器；已加载项保持可用,取消翻页,与当前状态、权限或服务端version冲突的所有写操作,失败提供尾部重试,page_state_scr_notice_001_appending,否,FROZEN_V1.2.2
STA-00496,SCR-NOTICE-001,ANDROID,通知列表,PARTIAL_ERROR,非首屏请求或单模块失败,保留现有内容并在对应区域提示,局部重试,与当前状态、权限或服务端version冲突的所有写操作,成功后回到CONTENT,page_state_scr_notice_001_partial_error,否,FROZEN_V1.2.2
STA-00497,SCR-NOTICE-001,ANDROID,通知列表,ERROR,请求失败且无法展示可靠内容,展示稳定错误码、requestId、重试和返回,重试/返回,与当前状态、权限或服务端version冲突的所有写操作,按错误码恢复,page_state_scr_notice_001_error,否,FROZEN_V1.2.2
STA-00498,SCR-NOTICE-001,ANDROID,通知列表,OFFLINE,网络不可用,只读页面可展示标记为缓存的数据；写操作禁用,重试网络,与当前状态、权限或服务端version冲突的所有写操作,恢复网络后主动刷新,page_state_scr_notice_001_offline,否,FROZEN_V1.2.2
STA-00499,SCR-NOTICE-002,ANDROID,通知详情,LOADING,首屏数据请求进行中,显示与最终布局一致的骨架屏,返回,与当前状态、权限或服务端version冲突的所有写操作,失败后显示重试,page_state_scr_notice_002_loading,否,FROZEN_V1.2.2
STA-00500,SCR-NOTICE-002,ANDROID,通知详情,CONTENT,核心数据完整且可交互,展示内容并按权限/状态机计算操作入口,页面定义的读写动作,与当前状态、权限或服务端version冲突的所有写操作,刷新或执行操作,page_state_scr_notice_002_content,否,FROZEN_V1.2.2
STA-00501,SCR-NOTICE-002,ANDROID,通知详情,STALE_CACHE,展示最近缓存但未验证最新版本,明确标记可能过期，禁用依赖版本的写操作,刷新,与当前状态、权限或服务端version冲突的所有写操作,成功后进入CONTENT,page_state_scr_notice_002_stale_cache,否,FROZEN_V1.2.2
STA-00502,SCR-NOTICE-002,ANDROID,通知详情,NOT_FOUND,资源不存在、已删除或不再可访问,显示资源状态，移除无效入口,返回来源列表,与当前状态、权限或服务端version冲突的所有写操作,来源列表同步更新,page_state_scr_notice_002_not_found,是,FROZEN_V1.2.2
STA-00503,SCR-NOTICE-002,ANDROID,通知详情,FORBIDDEN,已认证但无页面或字段权限,展示无权限原因，不泄露资源是否存在,返回,与当前状态、权限或服务端version冲突的所有写操作,权限变化后重新进入,page_state_scr_notice_002_forbidden,是,FROZEN_V1.2.2
STA-00504,SCR-NOTICE-002,ANDROID,通知详情,ERROR,请求失败且无法展示可靠内容,展示稳定错误码、requestId、重试和返回,重试/返回,与当前状态、权限或服务端version冲突的所有写操作,按错误码恢复,page_state_scr_notice_002_error,否,FROZEN_V1.2.2
STA-00505,SCR-NOTICE-002,ANDROID,通知详情,OFFLINE,网络不可用,只读页面可展示标记为缓存的数据；写操作禁用,重试网络,与当前状态、权限或服务端version冲突的所有写操作,恢复网络后主动刷新,page_state_scr_notice_002_offline,否,FROZEN_V1.2.2
STA-00506,SCR-ANN-001,ANDROID,公告列表,LOADING,首屏数据请求进行中,显示与最终布局一致的骨架屏,返回,与当前状态、权限或服务端version冲突的所有写操作,失败后显示重试,page_state_scr_ann_001_loading,否,FROZEN_V1.2.2
STA-00507,SCR-ANN-001,ANDROID,公告列表,CONTENT,核心数据完整且可交互,展示内容并按权限/状态机计算操作入口,页面定义的读写动作,与当前状态、权限或服务端version冲突的所有写操作,刷新或执行操作,page_state_scr_ann_001_content,否,FROZEN_V1.2.2
STA-00508,SCR-ANN-001,ANDROID,公告列表,EMPTY,查询成功但无符合条件的数据,展示业务化空状态、当前筛选和明确下一步,清除筛选/创建/返回,与当前状态、权限或服务端version冲突的所有写操作,修改筛选或执行主行动,page_state_scr_ann_001_empty,否,FROZEN_V1.2.2
STA-00509,SCR-ANN-001,ANDROID,公告列表,REFRESHING,已有内容上执行刷新,保留内容并显示轻量刷新指示,取消刷新,与当前状态、权限或服务端version冲突的所有写操作,失败保留旧数据,page_state_scr_ann_001_refreshing,否,FROZEN_V1.2.2
STA-00510,SCR-ANN-001,ANDROID,公告列表,APPENDING,列表加载下一页,列表尾部加载器；已加载项保持可用,取消翻页,与当前状态、权限或服务端version冲突的所有写操作,失败提供尾部重试,page_state_scr_ann_001_appending,否,FROZEN_V1.2.2
STA-00511,SCR-ANN-001,ANDROID,公告列表,PARTIAL_ERROR,非首屏请求或单模块失败,保留现有内容并在对应区域提示,局部重试,与当前状态、权限或服务端version冲突的所有写操作,成功后回到CONTENT,page_state_scr_ann_001_partial_error,否,FROZEN_V1.2.2
STA-00512,SCR-ANN-001,ANDROID,公告列表,ERROR,请求失败且无法展示可靠内容,展示稳定错误码、requestId、重试和返回,重试/返回,与当前状态、权限或服务端version冲突的所有写操作,按错误码恢复,page_state_scr_ann_001_error,否,FROZEN_V1.2.2
STA-00513,SCR-ANN-001,ANDROID,公告列表,OFFLINE,网络不可用,只读页面可展示标记为缓存的数据；写操作禁用,重试网络,与当前状态、权限或服务端version冲突的所有写操作,恢复网络后主动刷新,page_state_scr_ann_001_offline,否,FROZEN_V1.2.2
STA-00514,SCR-ANN-002,ANDROID,公告详情,LOADING,首屏数据请求进行中,显示与最终布局一致的骨架屏,返回,与当前状态、权限或服务端version冲突的所有写操作,失败后显示重试,page_state_scr_ann_002_loading,否,FROZEN_V1.2.2
STA-00515,SCR-ANN-002,ANDROID,公告详情,CONTENT,核心数据完整且可交互,展示内容并按权限/状态机计算操作入口,页面定义的读写动作,与当前状态、权限或服务端version冲突的所有写操作,刷新或执行操作,page_state_scr_ann_002_content,否,FROZEN_V1.2.2
STA-00516,SCR-ANN-002,ANDROID,公告详情,STALE_CACHE,展示最近缓存但未验证最新版本,明确标记可能过期，禁用依赖版本的写操作,刷新,与当前状态、权限或服务端version冲突的所有写操作,成功后进入CONTENT,page_state_scr_ann_002_stale_cache,否,FROZEN_V1.2.2
STA-00517,SCR-ANN-002,ANDROID,公告详情,NOT_FOUND,资源不存在、已删除或不再可访问,显示资源状态，移除无效入口,返回来源列表,与当前状态、权限或服务端version冲突的所有写操作,来源列表同步更新,page_state_scr_ann_002_not_found,是,FROZEN_V1.2.2
STA-00518,SCR-ANN-002,ANDROID,公告详情,FORBIDDEN,已认证但无页面或字段权限,展示无权限原因，不泄露资源是否存在,返回,与当前状态、权限或服务端version冲突的所有写操作,权限变化后重新进入,page_state_scr_ann_002_forbidden,是,FROZEN_V1.2.2
STA-00519,SCR-ANN-002,ANDROID,公告详情,ERROR,请求失败且无法展示可靠内容,展示稳定错误码、requestId、重试和返回,重试/返回,与当前状态、权限或服务端version冲突的所有写操作,按错误码恢复,page_state_scr_ann_002_error,否,FROZEN_V1.2.2
STA-00520,SCR-ANN-002,ANDROID,公告详情,OFFLINE,网络不可用,只读页面可展示标记为缓存的数据；写操作禁用,重试网络,与当前状态、权限或服务端version冲突的所有写操作,恢复网络后主动刷新,page_state_scr_ann_002_offline,否,FROZEN_V1.2.2
STA-00521,SCR-ME-001,ANDROID,我的首页,LOADING,首屏数据请求进行中,显示与最终布局一致的骨架屏,返回,与当前状态、权限或服务端version冲突的所有写操作,失败后显示重试,page_state_scr_me_001_loading,否,FROZEN_V1.2.2
STA-00522,SCR-ME-001,ANDROID,我的首页,CONTENT,核心数据完整且可交互,展示内容并按权限/状态机计算操作入口,页面定义的读写动作,与当前状态、权限或服务端version冲突的所有写操作,刷新或执行操作,page_state_scr_me_001_content,否,FROZEN_V1.2.2
STA-00523,SCR-ME-001,ANDROID,我的首页,PARTIAL_CONTENT,部分模块成功、部分模块失败,保留成功模块，失败模块显示局部重试,重试失败模块,与当前状态、权限或服务端version冲突的所有写操作,不得将局部失败升级为全页失败,page_state_scr_me_001_partial_content,否,FROZEN_V1.2.2
STA-00524,SCR-ME-001,ANDROID,我的首页,REFRESHING,已有内容上执行刷新,保留内容并显示轻量刷新指示,取消刷新,与当前状态、权限或服务端version冲突的所有写操作,失败保留旧数据,page_state_scr_me_001_refreshing,否,FROZEN_V1.2.2
STA-00525,SCR-ME-001,ANDROID,我的首页,ERROR,三项请求均失败且无法展示可靠内容,展示商业化失败说明和重试操作；技术诊断仅保留在受控日志,重试,与当前状态、权限或服务端version冲突的所有写操作,按模块恢复；不得展示错误码、requestId或traceId,page_state_scr_me_001_error,否,FROZEN_V1.2.2
STA-00526,SCR-ME-001,ANDROID,我的首页,OFFLINE,网络不可用,只读页面可展示标记为缓存的数据；写操作禁用,重试网络,与当前状态、权限或服务端version冲突的所有写操作,恢复网络后主动刷新,page_state_scr_me_001_offline,否,FROZEN_V1.2.2
STA-00527,SCR-ME-002,ANDROID,个人资料,EDITING,用户正在编辑表单,显示字段、帮助、脏状态和保存/提交入口,编辑/保存/提交/取消,与当前状态、权限或服务端version冲突的所有写操作,离开时执行脏表单保护,page_state_scr_me_002_editing,否,FROZEN_V1.2.2
STA-00528,SCR-ME-002,ANDROID,个人资料,DIRTY,存在未保存变更,显示未保存标识和离开确认,保存/放弃,与当前状态、权限或服务端version冲突的所有写操作,禁止静默丢失,page_state_scr_me_002_dirty,否,FROZEN_V1.2.2
STA-00529,SCR-ME-002,ANDROID,个人资料,AUTOSAVING,由页面业务状态机进入,按“AUTOSAVING”状态展示标准状态区,按页面动作矩阵,与当前状态、权限或服务端version冲突的所有写操作,重新查询服务端事实,page_state_scr_me_002_autosaving,否,FROZEN_V1.2.2
STA-00530,SCR-ME-002,ANDROID,个人资料,VALIDATING,正在验证一次性state或输入,显示处理中，不暴露敏感参数,返回（允许时）,与当前状态、权限或服务端version冲突的所有写操作,参数立即从URL清理,page_state_scr_me_002_validating,否,FROZEN_V1.2.2
STA-00531,SCR-ME-002,ANDROID,个人资料,SUBMITTING,写请求已提交，结果未确定,锁定同资源写操作，保留输入，展示进度,查询结果/取消（业务允许时）,与当前状态、权限或服务端version冲突的所有写操作,不得重复生成新业务意图,page_state_scr_me_002_submitting,否,FROZEN_V1.2.2
STA-00532,SCR-ME-002,ANDROID,个人资料,SUCCESS,操作成功且服务端已返回事实,展示明确结果并刷新关联数据,继续/返回/查看详情,与当前状态、权限或服务端version冲突的所有写操作,一次性敏感输入立即清除,page_state_scr_me_002_success,是,FROZEN_V1.2.2
STA-00533,SCR-ME-002,ANDROID,个人资料,ERROR,请求失败且无法展示可靠内容,展示稳定错误码、requestId、重试和返回,重试/返回,与当前状态、权限或服务端version冲突的所有写操作,按错误码恢复,page_state_scr_me_002_error,否,FROZEN_V1.2.2
STA-00534,SCR-ME-002,ANDROID,个人资料,CONFLICT,expectedVersion或状态机冲突,展示数据已变化和差异摘要,重新加载/放弃本地变更,与当前状态、权限或服务端version冲突的所有写操作,禁止盲目覆盖,page_state_scr_me_002_conflict,否,FROZEN_V1.2.2
STA-00535,SCR-ME-002,ANDROID,个人资料,OFFLINE,网络不可用,只读页面可展示标记为缓存的数据；写操作禁用,重试网络,与当前状态、权限或服务端version冲突的所有写操作,恢复网络后主动刷新,page_state_scr_me_002_offline,否,FROZEN_V1.2.2
STA-00536,SCR-FAV-001,ANDROID,我的收藏,LOADING,首屏数据请求进行中,显示与最终布局一致的骨架屏,返回,与当前状态、权限或服务端version冲突的所有写操作,失败后显示重试,page_state_scr_fav_001_loading,否,FROZEN_V1.2.2
STA-00537,SCR-FAV-001,ANDROID,我的收藏,CONTENT,核心数据完整且可交互,展示内容并按权限/状态机计算操作入口,页面定义的读写动作,与当前状态、权限或服务端version冲突的所有写操作,刷新或执行操作,page_state_scr_fav_001_content,否,FROZEN_V1.2.2
STA-00538,SCR-FAV-001,ANDROID,我的收藏,EMPTY,查询成功但无符合条件的数据,展示业务化空状态、当前筛选和明确下一步,清除筛选/创建/返回,与当前状态、权限或服务端version冲突的所有写操作,修改筛选或执行主行动,page_state_scr_fav_001_empty,否,FROZEN_V1.2.2
STA-00539,SCR-FAV-001,ANDROID,我的收藏,REFRESHING,已有内容上执行刷新,保留内容并显示轻量刷新指示,取消刷新,与当前状态、权限或服务端version冲突的所有写操作,失败保留旧数据,page_state_scr_fav_001_refreshing,否,FROZEN_V1.2.2
STA-00540,SCR-FAV-001,ANDROID,我的收藏,APPENDING,列表加载下一页,列表尾部加载器；已加载项保持可用,取消翻页,与当前状态、权限或服务端version冲突的所有写操作,失败提供尾部重试,page_state_scr_fav_001_appending,否,FROZEN_V1.2.2
STA-00541,SCR-FAV-001,ANDROID,我的收藏,PARTIAL_ERROR,非首屏请求或单模块失败,保留现有内容并在对应区域提示,局部重试,与当前状态、权限或服务端version冲突的所有写操作,成功后回到CONTENT,page_state_scr_fav_001_partial_error,否,FROZEN_V1.2.2
STA-00542,SCR-FAV-001,ANDROID,我的收藏,ERROR,请求失败且无法展示可靠内容,展示稳定错误码、requestId、重试和返回,重试/返回,与当前状态、权限或服务端version冲突的所有写操作,按错误码恢复,page_state_scr_fav_001_error,否,FROZEN_V1.2.2
STA-00543,SCR-FAV-001,ANDROID,我的收藏,OFFLINE,网络不可用,只读页面可展示标记为缓存的数据；写操作禁用,重试网络,与当前状态、权限或服务端version冲突的所有写操作,恢复网络后主动刷新,page_state_scr_fav_001_offline,否,FROZEN_V1.2.2
STA-00544,SCR-HIS-001,ANDROID,浏览记录,LOADING,首屏数据请求进行中,显示与最终布局一致的骨架屏,返回,与当前状态、权限或服务端version冲突的所有写操作,失败后显示重试,page_state_scr_his_001_loading,否,FROZEN_V1.2.2
STA-00545,SCR-HIS-001,ANDROID,浏览记录,CONTENT,核心数据完整且可交互,展示内容并按权限/状态机计算操作入口,页面定义的读写动作,与当前状态、权限或服务端version冲突的所有写操作,刷新或执行操作,page_state_scr_his_001_content,否,FROZEN_V1.2.2
STA-00546,SCR-HIS-001,ANDROID,浏览记录,EMPTY,查询成功但无符合条件的数据,展示业务化空状态、当前筛选和明确下一步,清除筛选/创建/返回,与当前状态、权限或服务端version冲突的所有写操作,修改筛选或执行主行动,page_state_scr_his_001_empty,否,FROZEN_V1.2.2
STA-00547,SCR-HIS-001,ANDROID,浏览记录,REFRESHING,已有内容上执行刷新,保留内容并显示轻量刷新指示,取消刷新,与当前状态、权限或服务端version冲突的所有写操作,失败保留旧数据,page_state_scr_his_001_refreshing,否,FROZEN_V1.2.2
STA-00548,SCR-HIS-001,ANDROID,浏览记录,APPENDING,列表加载下一页,列表尾部加载器；已加载项保持可用,取消翻页,与当前状态、权限或服务端version冲突的所有写操作,失败提供尾部重试,page_state_scr_his_001_appending,否,FROZEN_V1.2.2
STA-00549,SCR-HIS-001,ANDROID,浏览记录,PARTIAL_ERROR,非首屏请求或单模块失败,保留现有内容并在对应区域提示,局部重试,与当前状态、权限或服务端version冲突的所有写操作,成功后回到CONTENT,page_state_scr_his_001_partial_error,否,FROZEN_V1.2.2
STA-00550,SCR-HIS-001,ANDROID,浏览记录,ERROR,请求失败且无法展示可靠内容,展示稳定错误码、requestId、重试和返回,重试/返回,与当前状态、权限或服务端version冲突的所有写操作,按错误码恢复,page_state_scr_his_001_error,否,FROZEN_V1.2.2
STA-00551,SCR-HIS-001,ANDROID,浏览记录,OFFLINE,网络不可用,只读页面可展示标记为缓存的数据；写操作禁用,重试网络,与当前状态、权限或服务端version冲突的所有写操作,恢复网络后主动刷新,page_state_scr_his_001_offline,否,FROZEN_V1.2.2
STA-00552,SCR-ORDER-001,ANDROID,订单列表,LOADING,首屏数据请求进行中,显示与最终布局一致的骨架屏,返回,与当前状态、权限或服务端version冲突的所有写操作,失败后显示重试,page_state_scr_order_001_loading,否,FROZEN_V1.2.2
STA-00553,SCR-ORDER-001,ANDROID,订单列表,CONTENT,核心数据完整且可交互,展示内容并按权限/状态机计算操作入口,页面定义的读写动作,与当前状态、权限或服务端version冲突的所有写操作,刷新或执行操作,page_state_scr_order_001_content,否,FROZEN_V1.2.2
STA-00554,SCR-ORDER-001,ANDROID,订单列表,EMPTY,查询成功但无符合条件的数据,展示当前筛选、暂无订单说明和返回路径；不得出现创建订单或联系客服,清除筛选/返回,与当前状态、权限或服务端version冲突的所有写操作,修改筛选或执行主行动,page_state_scr_order_001_empty,否,FROZEN_R16_CR0440
STA-00555,SCR-ORDER-001,ANDROID,订单列表,REFRESHING,已有内容上执行刷新,保留内容并显示轻量刷新指示,取消刷新,与当前状态、权限或服务端version冲突的所有写操作,失败保留旧数据,page_state_scr_order_001_refreshing,否,FROZEN_V1.2.2
STA-00556,SCR-ORDER-001,ANDROID,订单列表,APPENDING,列表加载下一页,列表尾部加载器；已加载项保持可用,取消翻页,与当前状态、权限或服务端version冲突的所有写操作,失败提供尾部重试,page_state_scr_order_001_appending,否,FROZEN_V1.2.2
STA-00557,SCR-ORDER-001,ANDROID,订单列表,PARTIAL_ERROR,非首屏请求或单模块失败,保留现有内容并在对应区域提示,局部重试,与当前状态、权限或服务端version冲突的所有写操作,成功后回到CONTENT,page_state_scr_order_001_partial_error,否,FROZEN_V1.2.2
STA-00558,SCR-ORDER-001,ANDROID,订单列表,ERROR,请求失败且无法展示可靠内容,展示稳定错误码、requestId、重试和返回,重试/返回,与当前状态、权限或服务端version冲突的所有写操作,按错误码恢复,page_state_scr_order_001_error,否,FROZEN_V1.2.2
STA-00559,SCR-ORDER-001,ANDROID,订单列表,OFFLINE,网络不可用,只读页面可展示标记为缓存的数据；写操作禁用,重试网络,与当前状态、权限或服务端version冲突的所有写操作,恢复网络后主动刷新,page_state_scr_order_001_offline,否,FROZEN_V1.2.2
STA-00560,SCR-ORDER-002,ANDROID,订单详情,LOADING,首屏数据请求进行中,显示与最终布局一致的骨架屏,返回,与当前状态、权限或服务端version冲突的所有写操作,失败后显示重试,page_state_scr_order_002_loading,否,FROZEN_V1.2.2
STA-00561,SCR-ORDER-002,ANDROID,订单详情,CONTENT,核心数据完整且可交互,展示内容并按权限/状态机计算操作入口,页面定义的读写动作,与当前状态、权限或服务端version冲突的所有写操作,刷新或执行操作,page_state_scr_order_002_content,否,FROZEN_V1.2.2
STA-00562,SCR-ORDER-002,ANDROID,订单详情,STALE_CACHE,展示最近缓存但未验证最新版本,明确标记可能过期，禁用依赖版本的写操作,刷新,与当前状态、权限或服务端version冲突的所有写操作,成功后进入CONTENT,page_state_scr_order_002_stale_cache,否,FROZEN_V1.2.2
STA-00563,SCR-ORDER-002,ANDROID,订单详情,NOT_FOUND,资源不存在、已删除或不再可访问,显示资源状态，移除无效入口,返回来源列表,与当前状态、权限或服务端version冲突的所有写操作,来源列表同步更新,page_state_scr_order_002_not_found,是,FROZEN_V1.2.2
STA-00564,SCR-ORDER-002,ANDROID,订单详情,FORBIDDEN,已认证但无页面或字段权限,展示无权限原因，不泄露资源是否存在,返回,与当前状态、权限或服务端version冲突的所有写操作,权限变化后重新进入,page_state_scr_order_002_forbidden,是,FROZEN_V1.2.2
STA-00565,SCR-ORDER-002,ANDROID,订单详情,ERROR,请求失败且无法展示可靠内容,展示稳定错误码、requestId、重试和返回,重试/返回,与当前状态、权限或服务端version冲突的所有写操作,按错误码恢复,page_state_scr_order_002_error,否,FROZEN_V1.2.2
STA-00566,SCR-ORDER-002,ANDROID,订单详情,OFFLINE,网络不可用,只读页面可展示标记为缓存的数据；写操作禁用,重试网络,与当前状态、权限或服务端version冲突的所有写操作,恢复网络后主动刷新,page_state_scr_order_002_offline,否,FROZEN_V1.2.2
STA-00567,SCR-MEMBER-001,ANDROID,会员中心,LOADING,首屏数据请求进行中,显示与最终布局一致的骨架屏,返回,与当前状态、权限或服务端version冲突的所有写操作,失败后显示重试,page_state_scr_member_001_loading,否,FROZEN_V1.2.2
STA-00568,SCR-MEMBER-001,ANDROID,会员中心,CONTENT,核心数据完整且可交互,展示内容并按权限/状态机计算操作入口,页面定义的读写动作,与当前状态、权限或服务端version冲突的所有写操作,刷新或执行操作,page_state_scr_member_001_content,否,FROZEN_V1.2.2
STA-00569,SCR-MEMBER-001,ANDROID,会员中心,STALE_CACHE,展示最近缓存但未验证最新版本,明确标记可能过期，禁用依赖版本的写操作,刷新,与当前状态、权限或服务端version冲突的所有写操作,成功后进入CONTENT,page_state_scr_member_001_stale_cache,否,FROZEN_V1.2.2
STA-00570,SCR-MEMBER-001,ANDROID,会员中心,NOT_FOUND,资源不存在、已删除或不再可访问,显示资源状态，移除无效入口,返回来源列表,与当前状态、权限或服务端version冲突的所有写操作,来源列表同步更新,page_state_scr_member_001_not_found,是,FROZEN_V1.2.2
STA-00571,SCR-MEMBER-001,ANDROID,会员中心,FORBIDDEN,已认证但无页面或字段权限,展示无权限原因，不泄露资源是否存在,返回,与当前状态、权限或服务端version冲突的所有写操作,权限变化后重新进入,page_state_scr_member_001_forbidden,是,FROZEN_V1.2.2
STA-00572,SCR-MEMBER-001,ANDROID,会员中心,ERROR,请求失败且无法展示可靠内容,展示稳定错误码、requestId、重试和返回,重试/返回,与当前状态、权限或服务端version冲突的所有写操作,按错误码恢复,page_state_scr_member_001_error,否,FROZEN_V1.2.2
STA-00573,SCR-MEMBER-001,ANDROID,会员中心,OFFLINE,网络不可用,只读页面可展示标记为缓存的数据；写操作禁用,重试网络,与当前状态、权限或服务端version冲突的所有写操作,恢复网络后主动刷新,page_state_scr_member_001_offline,否,FROZEN_V1.2.2
STA-00574,SCR-MEMBER-002,ANDROID,会员购买确认,LOADING,首屏数据请求进行中,显示与最终布局一致的骨架屏,返回,与当前状态、权限或服务端version冲突的所有写操作,失败后显示重试,page_state_scr_member_002_loading,否,FROZEN_V1.2.2
STA-00575,SCR-MEMBER-002,ANDROID,会员购买确认,QUOTE_READY,服务端报价有效,展示最终金额、费用、权益和过期时间,确认下单/返回,与当前状态、权限或服务端version冲突的所有写操作,过期后必须重新报价,page_state_scr_member_002_quote_ready,否,FROZEN_V1.2.2
STA-00576,SCR-MEMBER-002,ANDROID,会员购买确认,SUBMITTING,写请求已提交，结果未确定,锁定同资源写操作，保留输入，展示进度,查询结果/取消（业务允许时）,与当前状态、权限或服务端version冲突的所有写操作,不得重复生成新业务意图,page_state_scr_member_002_submitting,否,FROZEN_V1.2.2
STA-00577,SCR-MEMBER-002,ANDROID,会员购买确认,PAYMENT_PENDING,支付已创建但未确认最终结果,轮询/订阅服务端订单状态,查询/返回,与当前状态、权限或服务端version冲突的所有写操作,不得重复创建订单,page_state_scr_member_002_payment_pending,否,FROZEN_V1.2.2
STA-00578,SCR-MEMBER-002,ANDROID,会员购买确认,SUCCESS,操作成功且服务端已返回事实,展示明确结果并刷新关联数据,继续/返回/查看详情,与当前状态、权限或服务端version冲突的所有写操作,一次性敏感输入立即清除,page_state_scr_member_002_success,是,FROZEN_V1.2.2
STA-00579,SCR-MEMBER-002,ANDROID,会员购买确认,FAILED,业务操作明确失败,展示业务原因和可执行下一步,修改后重试/返回,与当前状态、权限或服务端version冲突的所有写操作,保留非敏感上下文,page_state_scr_member_002_failed,是,FROZEN_V1.2.2
STA-00580,SCR-MEMBER-002,ANDROID,会员购买确认,UNKNOWN,客户端无法确认服务端最终结果,显示处理中并调用查单/查询接口,继续查询/返回,与当前状态、权限或服务端version冲突的所有写操作,禁止直接判定失败并重复扣款,page_state_scr_member_002_unknown,否,FROZEN_V1.2.2
STA-00581,SCR-MEMBER-002,ANDROID,会员购买确认,ERROR,请求失败且无法展示可靠内容,展示稳定错误码、requestId、重试和返回,重试/返回,与当前状态、权限或服务端version冲突的所有写操作,按错误码恢复,page_state_scr_member_002_error,否,FROZEN_V1.2.2
STA-00582,SCR-MEMBER-002,ANDROID,会员购买确认,OFFLINE,网络不可用,只读页面可展示标记为缓存的数据；写操作禁用,重试网络,与当前状态、权限或服务端version冲突的所有写操作,恢复网络后主动刷新,page_state_scr_member_002_offline,否,FROZEN_V1.2.2
STA-00583,SCR-MEMBER-003,ANDROID,会员升级,LOADING,首屏数据请求进行中,显示与最终布局一致的骨架屏,返回,与当前状态、权限或服务端version冲突的所有写操作,失败后显示重试,page_state_scr_member_003_loading,否,FROZEN_V1.2.2
STA-00584,SCR-MEMBER-003,ANDROID,会员升级,QUOTE_READY,服务端报价有效,展示最终金额、费用、权益和过期时间,确认下单/返回,与当前状态、权限或服务端version冲突的所有写操作,过期后必须重新报价,page_state_scr_member_003_quote_ready,否,FROZEN_V1.2.2
STA-00585,SCR-MEMBER-003,ANDROID,会员升级,SUBMITTING,写请求已提交，结果未确定,锁定同资源写操作，保留输入，展示进度,查询结果/取消（业务允许时）,与当前状态、权限或服务端version冲突的所有写操作,不得重复生成新业务意图,page_state_scr_member_003_submitting,否,FROZEN_V1.2.2
STA-00586,SCR-MEMBER-003,ANDROID,会员升级,PAYMENT_PENDING,支付已创建但未确认最终结果,轮询/订阅服务端订单状态,查询/返回,与当前状态、权限或服务端version冲突的所有写操作,不得重复创建订单,page_state_scr_member_003_payment_pending,否,FROZEN_V1.2.2
STA-00587,SCR-MEMBER-003,ANDROID,会员升级,SUCCESS,操作成功且服务端已返回事实,展示明确结果并刷新关联数据,继续/返回/查看详情,与当前状态、权限或服务端version冲突的所有写操作,一次性敏感输入立即清除,page_state_scr_member_003_success,是,FROZEN_V1.2.2
STA-00588,SCR-MEMBER-003,ANDROID,会员升级,FAILED,业务操作明确失败,展示业务原因和可执行下一步,修改后重试/返回,与当前状态、权限或服务端version冲突的所有写操作,保留非敏感上下文,page_state_scr_member_003_failed,是,FROZEN_V1.2.2
STA-00589,SCR-MEMBER-003,ANDROID,会员升级,UNKNOWN,客户端无法确认服务端最终结果,显示处理中并调用查单/查询接口,继续查询/返回,与当前状态、权限或服务端version冲突的所有写操作,禁止直接判定失败并重复扣款,page_state_scr_member_003_unknown,否,FROZEN_V1.2.2
STA-00590,SCR-MEMBER-003,ANDROID,会员升级,ERROR,请求失败且无法展示可靠内容,展示稳定错误码、requestId、重试和返回,重试/返回,与当前状态、权限或服务端version冲突的所有写操作,按错误码恢复,page_state_scr_member_003_error,否,FROZEN_V1.2.2
STA-00591,SCR-MEMBER-003,ANDROID,会员升级,OFFLINE,网络不可用,只读页面可展示标记为缓存的数据；写操作禁用,重试网络,与当前状态、权限或服务端version冲突的所有写操作,恢复网络后主动刷新,page_state_scr_member_003_offline,否,FROZEN_V1.2.2
STA-00592,SCR-MEMBER-004,ANDROID,会员权益明细,LOADING,首屏数据请求进行中,显示与最终布局一致的骨架屏,返回,与当前状态、权限或服务端version冲突的所有写操作,失败后显示重试,page_state_scr_member_004_loading,否,FROZEN_V1.2.2
STA-00593,SCR-MEMBER-004,ANDROID,会员权益明细,CONTENT,核心数据完整且可交互,展示内容并按权限/状态机计算操作入口,页面定义的读写动作,与当前状态、权限或服务端version冲突的所有写操作,刷新或执行操作,page_state_scr_member_004_content,否,FROZEN_V1.2.2
STA-00594,SCR-MEMBER-004,ANDROID,会员权益明细,STALE_CACHE,展示最近缓存但未验证最新版本,明确标记可能过期，禁用依赖版本的写操作,刷新,与当前状态、权限或服务端version冲突的所有写操作,成功后进入CONTENT,page_state_scr_member_004_stale_cache,否,FROZEN_V1.2.2
STA-00595,SCR-MEMBER-004,ANDROID,会员权益明细,NOT_FOUND,资源不存在、已删除或不再可访问,显示资源状态，移除无效入口,返回来源列表,与当前状态、权限或服务端version冲突的所有写操作,来源列表同步更新,page_state_scr_member_004_not_found,是,FROZEN_V1.2.2
STA-00596,SCR-MEMBER-004,ANDROID,会员权益明细,FORBIDDEN,已认证但无页面或字段权限,展示无权限原因，不泄露资源是否存在,返回,与当前状态、权限或服务端version冲突的所有写操作,权限变化后重新进入,page_state_scr_member_004_forbidden,是,FROZEN_V1.2.2
STA-00597,SCR-MEMBER-004,ANDROID,会员权益明细,ERROR,请求失败且无法展示可靠内容,展示稳定错误码、requestId、重试和返回,重试/返回,与当前状态、权限或服务端version冲突的所有写操作,按错误码恢复,page_state_scr_member_004_error,否,FROZEN_V1.2.2
STA-00598,SCR-MEMBER-004,ANDROID,会员权益明细,OFFLINE,网络不可用,只读页面可展示标记为缓存的数据；写操作禁用,重试网络,与当前状态、权限或服务端version冲突的所有写操作,恢复网络后主动刷新,page_state_scr_member_004_offline,否,FROZEN_V1.2.2
STA-00599,SCR-PROP-001,ANDROID,道具商城,LOADING,首屏数据请求进行中,显示与最终布局一致的骨架屏,返回,与当前状态、权限或服务端version冲突的所有写操作,失败后显示重试,page_state_scr_prop_001_loading,否,FROZEN_V1.2.2
STA-00600,SCR-PROP-001,ANDROID,道具商城,CONTENT,核心数据完整且可交互,展示内容并按权限/状态机计算操作入口,页面定义的读写动作,与当前状态、权限或服务端version冲突的所有写操作,刷新或执行操作,page_state_scr_prop_001_content,否,FROZEN_V1.2.2
STA-00601,SCR-PROP-001,ANDROID,道具商城,EMPTY,查询成功但无符合条件的数据,展示业务化空状态、当前筛选和明确下一步,清除筛选/创建/返回,与当前状态、权限或服务端version冲突的所有写操作,修改筛选或执行主行动,page_state_scr_prop_001_empty,否,FROZEN_V1.2.2
STA-00602,SCR-PROP-001,ANDROID,道具商城,REFRESHING,已有内容上执行刷新,保留内容并显示轻量刷新指示,取消刷新,与当前状态、权限或服务端version冲突的所有写操作,失败保留旧数据,page_state_scr_prop_001_refreshing,否,FROZEN_V1.2.2
STA-00603,SCR-PROP-001,ANDROID,道具商城,APPENDING,列表加载下一页,列表尾部加载器；已加载项保持可用,取消翻页,与当前状态、权限或服务端version冲突的所有写操作,失败提供尾部重试,page_state_scr_prop_001_appending,否,FROZEN_V1.2.2
STA-00604,SCR-PROP-001,ANDROID,道具商城,PARTIAL_ERROR,非首屏请求或单模块失败,保留现有内容并在对应区域提示,局部重试,与当前状态、权限或服务端version冲突的所有写操作,成功后回到CONTENT,page_state_scr_prop_001_partial_error,否,FROZEN_V1.2.2
STA-00605,SCR-PROP-001,ANDROID,道具商城,ERROR,请求失败且无法展示可靠内容,展示稳定错误码、requestId、重试和返回,重试/返回,与当前状态、权限或服务端version冲突的所有写操作,按错误码恢复,page_state_scr_prop_001_error,否,FROZEN_V1.2.2
STA-00606,SCR-PROP-001,ANDROID,道具商城,OFFLINE,网络不可用,只读页面可展示标记为缓存的数据；写操作禁用,重试网络,与当前状态、权限或服务端version冲突的所有写操作,恢复网络后主动刷新,page_state_scr_prop_001_offline,否,FROZEN_V1.2.2
STA-00607,SCR-PROP-002,ANDROID,我的道具,LOADING,首屏数据请求进行中,显示与最终布局一致的骨架屏,返回,与当前状态、权限或服务端version冲突的所有写操作,失败后显示重试,page_state_scr_prop_002_loading,否,FROZEN_V1.2.2
STA-00608,SCR-PROP-002,ANDROID,我的道具,CONTENT,核心数据完整且可交互,展示内容并按权限/状态机计算操作入口,页面定义的读写动作,与当前状态、权限或服务端version冲突的所有写操作,刷新或执行操作,page_state_scr_prop_002_content,否,FROZEN_V1.2.2
STA-00609,SCR-PROP-002,ANDROID,我的道具,EMPTY,查询成功但无符合条件的数据,展示业务化空状态、当前筛选和明确下一步,清除筛选/创建/返回,与当前状态、权限或服务端version冲突的所有写操作,修改筛选或执行主行动,page_state_scr_prop_002_empty,否,FROZEN_V1.2.2
STA-00610,SCR-PROP-002,ANDROID,我的道具,REFRESHING,已有内容上执行刷新,保留内容并显示轻量刷新指示,取消刷新,与当前状态、权限或服务端version冲突的所有写操作,失败保留旧数据,page_state_scr_prop_002_refreshing,否,FROZEN_V1.2.2
STA-00611,SCR-PROP-002,ANDROID,我的道具,APPENDING,列表加载下一页,列表尾部加载器；已加载项保持可用,取消翻页,与当前状态、权限或服务端version冲突的所有写操作,失败提供尾部重试,page_state_scr_prop_002_appending,否,FROZEN_V1.2.2
STA-00612,SCR-PROP-002,ANDROID,我的道具,PARTIAL_ERROR,非首屏请求或单模块失败,保留现有内容并在对应区域提示,局部重试,与当前状态、权限或服务端version冲突的所有写操作,成功后回到CONTENT,page_state_scr_prop_002_partial_error,否,FROZEN_V1.2.2
STA-00613,SCR-PROP-002,ANDROID,我的道具,ERROR,请求失败且无法展示可靠内容,展示稳定错误码、requestId、重试和返回,重试/返回,与当前状态、权限或服务端version冲突的所有写操作,按错误码恢复,page_state_scr_prop_002_error,否,FROZEN_V1.2.2
STA-00614,SCR-PROP-002,ANDROID,我的道具,OFFLINE,网络不可用,只读页面可展示标记为缓存的数据；写操作禁用,重试网络,与当前状态、权限或服务端version冲突的所有写操作,恢复网络后主动刷新,page_state_scr_prop_002_offline,否,FROZEN_V1.2.2
STA-00615,SCR-PROP-003,ANDROID,使用道具,EDITING,用户正在编辑表单,显示字段、帮助、脏状态和保存/提交入口,编辑/保存/提交/取消,与当前状态、权限或服务端version冲突的所有写操作,离开时执行脏表单保护,page_state_scr_prop_003_editing,否,FROZEN_V1.2.2
STA-00616,SCR-PROP-003,ANDROID,使用道具,DIRTY,存在未保存变更,显示未保存标识和离开确认,保存/放弃,与当前状态、权限或服务端version冲突的所有写操作,禁止静默丢失,page_state_scr_prop_003_dirty,否,FROZEN_V1.2.2
STA-00617,SCR-PROP-003,ANDROID,使用道具,AUTOSAVING,由页面业务状态机进入,按“AUTOSAVING”状态展示标准状态区,按页面动作矩阵,与当前状态、权限或服务端version冲突的所有写操作,重新查询服务端事实,page_state_scr_prop_003_autosaving,否,FROZEN_V1.2.2
STA-00618,SCR-PROP-003,ANDROID,使用道具,VALIDATING,正在验证一次性state或输入,显示处理中，不暴露敏感参数,返回（允许时）,与当前状态、权限或服务端version冲突的所有写操作,参数立即从URL清理,page_state_scr_prop_003_validating,否,FROZEN_V1.2.2
STA-00619,SCR-PROP-003,ANDROID,使用道具,SUBMITTING,写请求已提交，结果未确定,锁定同资源写操作，保留输入，展示进度,查询结果/取消（业务允许时）,与当前状态、权限或服务端version冲突的所有写操作,不得重复生成新业务意图,page_state_scr_prop_003_submitting,否,FROZEN_V1.2.2
STA-00620,SCR-PROP-003,ANDROID,使用道具,SUCCESS,操作成功且服务端已返回事实,展示明确结果并刷新关联数据,继续/返回/查看详情,与当前状态、权限或服务端version冲突的所有写操作,一次性敏感输入立即清除,page_state_scr_prop_003_success,是,FROZEN_V1.2.2
STA-00621,SCR-PROP-003,ANDROID,使用道具,ERROR,请求失败且无法展示可靠内容,展示稳定错误码、requestId、重试和返回,重试/返回,与当前状态、权限或服务端version冲突的所有写操作,按错误码恢复,page_state_scr_prop_003_error,否,FROZEN_V1.2.2
STA-00622,SCR-PROP-003,ANDROID,使用道具,CONFLICT,expectedVersion或状态机冲突,展示数据已变化和差异摘要,重新加载/放弃本地变更,与当前状态、权限或服务端version冲突的所有写操作,禁止盲目覆盖,page_state_scr_prop_003_conflict,否,FROZEN_V1.2.2
STA-00623,SCR-PROP-003,ANDROID,使用道具,OFFLINE,网络不可用,只读页面可展示标记为缓存的数据；写操作禁用,重试网络,与当前状态、权限或服务端version冲突的所有写操作,恢复网络后主动刷新,page_state_scr_prop_003_offline,否,FROZEN_V1.2.2
STA-00624,SCR-REF-001,ANDROID,推广中心,LOADING,首屏数据请求进行中,显示与最终布局一致的骨架屏,返回,与当前状态、权限或服务端version冲突的所有写操作,失败后显示重试,page_state_scr_ref_001_loading,否,FROZEN_V1.2.2
STA-00625,SCR-REF-001,ANDROID,推广中心,CONTENT,核心数据完整且可交互,展示内容并按权限/状态机计算操作入口,页面定义的读写动作,与当前状态、权限或服务端version冲突的所有写操作,刷新或执行操作,page_state_scr_ref_001_content,否,FROZEN_V1.2.2
STA-00626,SCR-REF-001,ANDROID,推广中心,PARTIAL_CONTENT,部分模块成功、部分模块失败,保留成功模块，失败模块显示局部重试,重试失败模块,与当前状态、权限或服务端version冲突的所有写操作,不得将局部失败升级为全页失败,page_state_scr_ref_001_partial_content,否,FROZEN_V1.2.2
STA-00627,SCR-REF-001,ANDROID,推广中心,REFRESHING,已有内容上执行刷新,保留内容并显示轻量刷新指示,取消刷新,与当前状态、权限或服务端version冲突的所有写操作,失败保留旧数据,page_state_scr_ref_001_refreshing,否,FROZEN_V1.2.2
STA-00628,SCR-REF-001,ANDROID,推广中心,ERROR,请求失败且无法展示可靠内容,展示稳定错误码、requestId、重试和返回,重试/返回,与当前状态、权限或服务端version冲突的所有写操作,按错误码恢复,page_state_scr_ref_001_error,否,FROZEN_V1.2.2
STA-00629,SCR-REF-001,ANDROID,推广中心,OFFLINE,网络不可用,只读页面可展示标记为缓存的数据；写操作禁用,重试网络,与当前状态、权限或服务端version冲突的所有写操作,恢复网络后主动刷新,page_state_scr_ref_001_offline,否,FROZEN_V1.2.2
STA-00630,SCR-REF-002,ANDROID,邀请好友,LOADING,首屏数据请求进行中,显示与最终布局一致的骨架屏,返回,与当前状态、权限或服务端version冲突的所有写操作,失败后显示重试,page_state_scr_ref_002_loading,否,FROZEN_V1.2.2
STA-00631,SCR-REF-002,ANDROID,邀请好友,CONTENT,核心数据完整且可交互,展示内容并按权限/状态机计算操作入口,页面定义的读写动作,与当前状态、权限或服务端version冲突的所有写操作,刷新或执行操作,page_state_scr_ref_002_content,否,FROZEN_V1.2.2
STA-00632,SCR-REF-002,ANDROID,邀请好友,STALE_CACHE,展示最近缓存但未验证最新版本,明确标记可能过期，禁用依赖版本的写操作,刷新,与当前状态、权限或服务端version冲突的所有写操作,成功后进入CONTENT,page_state_scr_ref_002_stale_cache,否,FROZEN_V1.2.2
STA-00633,SCR-REF-002,ANDROID,邀请好友,NOT_FOUND,资源不存在、已删除或不再可访问,显示资源状态，移除无效入口,返回来源列表,与当前状态、权限或服务端version冲突的所有写操作,来源列表同步更新,page_state_scr_ref_002_not_found,是,FROZEN_V1.2.2
STA-00634,SCR-REF-002,ANDROID,邀请好友,FORBIDDEN,已认证但无页面或字段权限,展示无权限原因，不泄露资源是否存在,返回,与当前状态、权限或服务端version冲突的所有写操作,权限变化后重新进入,page_state_scr_ref_002_forbidden,是,FROZEN_V1.2.2
STA-00635,SCR-REF-002,ANDROID,邀请好友,ERROR,请求失败且无法展示可靠内容,展示稳定错误码、requestId、重试和返回,重试/返回,与当前状态、权限或服务端version冲突的所有写操作,按错误码恢复,page_state_scr_ref_002_error,否,FROZEN_V1.2.2
STA-00636,SCR-REF-002,ANDROID,邀请好友,OFFLINE,网络不可用,只读页面可展示标记为缓存的数据；写操作禁用,重试网络,与当前状态、权限或服务端version冲突的所有写操作,恢复网络后主动刷新,page_state_scr_ref_002_offline,否,FROZEN_V1.2.2
STA-00637,SCR-REF-003,ANDROID,邀请海报,LOADING,首屏数据请求进行中,显示与最终布局一致的骨架屏,返回,与当前状态、权限或服务端version冲突的所有写操作,失败后显示重试,page_state_scr_ref_003_loading,否,FROZEN_V1.2.2
STA-00638,SCR-REF-003,ANDROID,邀请海报,CONTENT,核心数据完整且可交互,展示内容并按权限/状态机计算操作入口,页面定义的读写动作,与当前状态、权限或服务端version冲突的所有写操作,刷新或执行操作,page_state_scr_ref_003_content,否,FROZEN_V1.2.2
STA-00639,SCR-REF-003,ANDROID,邀请海报,STALE_CACHE,展示最近缓存但未验证最新版本,明确标记可能过期，禁用依赖版本的写操作,刷新,与当前状态、权限或服务端version冲突的所有写操作,成功后进入CONTENT,page_state_scr_ref_003_stale_cache,否,FROZEN_V1.2.2
STA-00640,SCR-REF-003,ANDROID,邀请海报,NOT_FOUND,资源不存在、已删除或不再可访问,显示资源状态，移除无效入口,返回来源列表,与当前状态、权限或服务端version冲突的所有写操作,来源列表同步更新,page_state_scr_ref_003_not_found,是,FROZEN_V1.2.2
STA-00641,SCR-REF-003,ANDROID,邀请海报,FORBIDDEN,已认证但无页面或字段权限,展示无权限原因，不泄露资源是否存在,返回,与当前状态、权限或服务端version冲突的所有写操作,权限变化后重新进入,page_state_scr_ref_003_forbidden,是,FROZEN_V1.2.2
STA-00642,SCR-REF-003,ANDROID,邀请海报,ERROR,请求失败且无法展示可靠内容,展示稳定错误码、requestId、重试和返回,重试/返回,与当前状态、权限或服务端version冲突的所有写操作,按错误码恢复,page_state_scr_ref_003_error,否,FROZEN_V1.2.2
STA-00643,SCR-REF-003,ANDROID,邀请海报,OFFLINE,网络不可用,只读页面可展示标记为缓存的数据；写操作禁用,重试网络,与当前状态、权限或服务端version冲突的所有写操作,恢复网络后主动刷新,page_state_scr_ref_003_offline,否,FROZEN_V1.2.2
STA-00644,SCR-REF-004,ANDROID,直推用户,LOADING,首屏数据请求进行中,显示与最终布局一致的骨架屏,返回,与当前状态、权限或服务端version冲突的所有写操作,失败后显示重试,page_state_scr_ref_004_loading,否,FROZEN_V1.2.2
STA-00645,SCR-REF-004,ANDROID,直推用户,CONTENT,核心数据完整且可交互,展示内容并按权限/状态机计算操作入口,页面定义的读写动作,与当前状态、权限或服务端version冲突的所有写操作,刷新或执行操作,page_state_scr_ref_004_content,否,FROZEN_V1.2.2
STA-00646,SCR-REF-004,ANDROID,直推用户,EMPTY,查询成功但无符合条件的数据,展示业务化空状态、当前筛选和明确下一步,清除筛选/创建/返回,与当前状态、权限或服务端version冲突的所有写操作,修改筛选或执行主行动,page_state_scr_ref_004_empty,否,FROZEN_V1.2.2
STA-00647,SCR-REF-004,ANDROID,直推用户,REFRESHING,已有内容上执行刷新,保留内容并显示轻量刷新指示,取消刷新,与当前状态、权限或服务端version冲突的所有写操作,失败保留旧数据,page_state_scr_ref_004_refreshing,否,FROZEN_V1.2.2
STA-00648,SCR-REF-004,ANDROID,直推用户,APPENDING,列表加载下一页,列表尾部加载器；已加载项保持可用,取消翻页,与当前状态、权限或服务端version冲突的所有写操作,失败提供尾部重试,page_state_scr_ref_004_appending,否,FROZEN_V1.2.2
STA-00649,SCR-REF-004,ANDROID,直推用户,PARTIAL_ERROR,非首屏请求或单模块失败,保留现有内容并在对应区域提示,局部重试,与当前状态、权限或服务端version冲突的所有写操作,成功后回到CONTENT,page_state_scr_ref_004_partial_error,否,FROZEN_V1.2.2
STA-00650,SCR-REF-004,ANDROID,直推用户,ERROR,请求失败且无法展示可靠内容,展示稳定错误码、requestId、重试和返回,重试/返回,与当前状态、权限或服务端version冲突的所有写操作,按错误码恢复,page_state_scr_ref_004_error,否,FROZEN_V1.2.2
STA-00651,SCR-REF-004,ANDROID,直推用户,OFFLINE,网络不可用,只读页面可展示标记为缓存的数据；写操作禁用,重试网络,与当前状态、权限或服务端version冲突的所有写操作,恢复网络后主动刷新,page_state_scr_ref_004_offline,否,FROZEN_V1.2.2
STA-00652,SCR-REF-005,ANDROID,二级用户,LOADING,首屏数据请求进行中,显示与最终布局一致的骨架屏,返回,与当前状态、权限或服务端version冲突的所有写操作,失败后显示重试,page_state_scr_ref_005_loading,否,FROZEN_V1.2.2
STA-00653,SCR-REF-005,ANDROID,二级用户,CONTENT,核心数据完整且可交互,展示内容并按权限/状态机计算操作入口,页面定义的读写动作,与当前状态、权限或服务端version冲突的所有写操作,刷新或执行操作,page_state_scr_ref_005_content,否,FROZEN_V1.2.2
STA-00654,SCR-REF-005,ANDROID,二级用户,EMPTY,查询成功但无符合条件的数据,展示业务化空状态、当前筛选和明确下一步,清除筛选/创建/返回,与当前状态、权限或服务端version冲突的所有写操作,修改筛选或执行主行动,page_state_scr_ref_005_empty,否,FROZEN_V1.2.2
STA-00655,SCR-REF-005,ANDROID,二级用户,REFRESHING,已有内容上执行刷新,保留内容并显示轻量刷新指示,取消刷新,与当前状态、权限或服务端version冲突的所有写操作,失败保留旧数据,page_state_scr_ref_005_refreshing,否,FROZEN_V1.2.2
STA-00656,SCR-REF-005,ANDROID,二级用户,APPENDING,列表加载下一页,列表尾部加载器；已加载项保持可用,取消翻页,与当前状态、权限或服务端version冲突的所有写操作,失败提供尾部重试,page_state_scr_ref_005_appending,否,FROZEN_V1.2.2
STA-00657,SCR-REF-005,ANDROID,二级用户,PARTIAL_ERROR,非首屏请求或单模块失败,保留现有内容并在对应区域提示,局部重试,与当前状态、权限或服务端version冲突的所有写操作,成功后回到CONTENT,page_state_scr_ref_005_partial_error,否,FROZEN_V1.2.2
STA-00658,SCR-REF-005,ANDROID,二级用户,ERROR,请求失败且无法展示可靠内容,展示稳定错误码、requestId、重试和返回,重试/返回,与当前状态、权限或服务端version冲突的所有写操作,按错误码恢复,page_state_scr_ref_005_error,否,FROZEN_V1.2.2
STA-00659,SCR-REF-005,ANDROID,二级用户,OFFLINE,网络不可用,只读页面可展示标记为缓存的数据；写操作禁用,重试网络,与当前状态、权限或服务端version冲突的所有写操作,恢复网络后主动刷新,page_state_scr_ref_005_offline,否,FROZEN_V1.2.2
STA-00660,SCR-REF-006,ANDROID,消费佣金,LOADING,首屏数据请求进行中,显示与最终布局一致的骨架屏,返回,与当前状态、权限或服务端version冲突的所有写操作,失败后显示重试,page_state_scr_ref_006_loading,否,FROZEN_V1.2.2
STA-00661,SCR-REF-006,ANDROID,消费佣金,CONTENT,核心数据完整且可交互,展示内容并按权限/状态机计算操作入口,页面定义的读写动作,与当前状态、权限或服务端version冲突的所有写操作,刷新或执行操作,page_state_scr_ref_006_content,否,FROZEN_V1.2.2
STA-00662,SCR-REF-006,ANDROID,消费佣金,EMPTY,查询成功但无符合条件的数据,展示业务化空状态、当前筛选和明确下一步,清除筛选/创建/返回,与当前状态、权限或服务端version冲突的所有写操作,修改筛选或执行主行动,page_state_scr_ref_006_empty,否,FROZEN_V1.2.2
STA-00663,SCR-REF-006,ANDROID,消费佣金,REFRESHING,已有内容上执行刷新,保留内容并显示轻量刷新指示,取消刷新,与当前状态、权限或服务端version冲突的所有写操作,失败保留旧数据,page_state_scr_ref_006_refreshing,否,FROZEN_V1.2.2
STA-00664,SCR-REF-006,ANDROID,消费佣金,RISK_FROZEN,收益或资金因风险冻结,拆分展示冻结金额和原因,申诉/联系客服,与当前状态、权限或服务端version冲突的所有写操作,禁止提现和调整,page_state_scr_ref_006_risk_frozen,否,FROZEN_V1.2.2
STA-00665,SCR-REF-006,ANDROID,消费佣金,ERROR,请求失败且无法展示可靠内容,展示稳定错误码、requestId、重试和返回,重试/返回,与当前状态、权限或服务端version冲突的所有写操作,按错误码恢复,page_state_scr_ref_006_error,否,FROZEN_V1.2.2
STA-00666,SCR-REF-006,ANDROID,消费佣金,OFFLINE,网络不可用,只读页面可展示标记为缓存的数据；写操作禁用,重试网络,与当前状态、权限或服务端version冲突的所有写操作,恢复网络后主动刷新,page_state_scr_ref_006_offline,否,FROZEN_V1.2.2
STA-00667,SCR-REF-007,ANDROID,直推活跃奖励,LOADING,首屏数据请求进行中,显示与最终布局一致的骨架屏,返回,与当前状态、权限或服务端version冲突的所有写操作,失败后显示重试,page_state_scr_ref_007_loading,否,FROZEN_V1.2.2
STA-00668,SCR-REF-007,ANDROID,直推活跃奖励,CONTENT,核心数据完整且可交互,展示内容并按权限/状态机计算操作入口,页面定义的读写动作,与当前状态、权限或服务端version冲突的所有写操作,刷新或执行操作,page_state_scr_ref_007_content,否,FROZEN_V1.2.2
STA-00669,SCR-REF-007,ANDROID,直推活跃奖励,EMPTY,查询成功但无符合条件的数据,展示业务化空状态、当前筛选和明确下一步,清除筛选/创建/返回,与当前状态、权限或服务端version冲突的所有写操作,修改筛选或执行主行动,page_state_scr_ref_007_empty,否,FROZEN_V1.2.2
STA-00670,SCR-REF-007,ANDROID,直推活跃奖励,REFRESHING,已有内容上执行刷新,保留内容并显示轻量刷新指示,取消刷新,与当前状态、权限或服务端version冲突的所有写操作,失败保留旧数据,page_state_scr_ref_007_refreshing,否,FROZEN_V1.2.2
STA-00671,SCR-REF-007,ANDROID,直推活跃奖励,RISK_FROZEN,收益或资金因风险冻结,拆分展示冻结金额和原因,申诉/联系客服,与当前状态、权限或服务端version冲突的所有写操作,禁止提现和调整,page_state_scr_ref_007_risk_frozen,否,FROZEN_V1.2.2
STA-00672,SCR-REF-007,ANDROID,直推活跃奖励,ERROR,请求失败且无法展示可靠内容,展示稳定错误码、requestId、重试和返回,重试/返回,与当前状态、权限或服务端version冲突的所有写操作,按错误码恢复,page_state_scr_ref_007_error,否,FROZEN_V1.2.2
STA-00673,SCR-REF-007,ANDROID,直推活跃奖励,OFFLINE,网络不可用,只读页面可展示标记为缓存的数据；写操作禁用,重试网络,与当前状态、权限或服务端version冲突的所有写操作,恢复网络后主动刷新,page_state_scr_ref_007_offline,否,FROZEN_V1.2.2
STA-00674,SCR-REF-008,ANDROID,推广规则/教程,LOADING,首屏数据请求进行中,显示与最终布局一致的骨架屏,返回,与当前状态、权限或服务端version冲突的所有写操作,失败后显示重试,page_state_scr_ref_008_loading,否,FROZEN_V1.2.2
STA-00675,SCR-REF-008,ANDROID,推广规则/教程,CONTENT,核心数据完整且可交互,展示内容并按权限/状态机计算操作入口,页面定义的读写动作,与当前状态、权限或服务端version冲突的所有写操作,刷新或执行操作,page_state_scr_ref_008_content,否,FROZEN_V1.2.2
STA-00676,SCR-REF-008,ANDROID,推广规则/教程,STALE_CACHE,展示最近缓存但未验证最新版本,明确标记可能过期，禁用依赖版本的写操作,刷新,与当前状态、权限或服务端version冲突的所有写操作,成功后进入CONTENT,page_state_scr_ref_008_stale_cache,否,FROZEN_V1.2.2
STA-00677,SCR-REF-008,ANDROID,推广规则/教程,NOT_FOUND,资源不存在、已删除或不再可访问,显示资源状态，移除无效入口,返回来源列表,与当前状态、权限或服务端version冲突的所有写操作,来源列表同步更新,page_state_scr_ref_008_not_found,是,FROZEN_V1.2.2
STA-00678,SCR-REF-008,ANDROID,推广规则/教程,FORBIDDEN,已认证但无页面或字段权限,展示无权限原因，不泄露资源是否存在,返回,与当前状态、权限或服务端version冲突的所有写操作,权限变化后重新进入,page_state_scr_ref_008_forbidden,是,FROZEN_V1.2.2
STA-00679,SCR-REF-008,ANDROID,推广规则/教程,ERROR,请求失败且无法展示可靠内容,展示稳定错误码、requestId、重试和返回,重试/返回,与当前状态、权限或服务端version冲突的所有写操作,按错误码恢复,page_state_scr_ref_008_error,否,FROZEN_V1.2.2
STA-00680,SCR-REF-008,ANDROID,推广规则/教程,OFFLINE,网络不可用,只读页面可展示标记为缓存的数据；写操作禁用,重试网络,与当前状态、权限或服务端version冲突的所有写操作,恢复网络后主动刷新,page_state_scr_ref_008_offline,否,FROZEN_V1.2.2
STA-00681,SCR-TASK-001,ANDROID,任务中心,LOADING,首屏数据请求进行中,显示与最终布局一致的骨架屏,返回,与当前状态、权限或服务端version冲突的所有写操作,失败后显示重试,page_state_scr_task_001_loading,否,FROZEN_V1.2.2
STA-00682,SCR-TASK-001,ANDROID,任务中心,CONTENT,核心数据完整且可交互,展示内容并按权限/状态机计算操作入口,页面定义的读写动作,与当前状态、权限或服务端version冲突的所有写操作,刷新或执行操作,page_state_scr_task_001_content,否,FROZEN_V1.2.2
STA-00683,SCR-TASK-001,ANDROID,任务中心,EMPTY,查询成功但无符合条件的数据,展示业务化空状态、当前筛选和明确下一步,清除筛选/创建/返回,与当前状态、权限或服务端version冲突的所有写操作,修改筛选或执行主行动,page_state_scr_task_001_empty,否,FROZEN_V1.2.2
STA-00684,SCR-TASK-001,ANDROID,任务中心,REFRESHING,已有内容上执行刷新,保留内容并显示轻量刷新指示,取消刷新,与当前状态、权限或服务端version冲突的所有写操作,失败保留旧数据,page_state_scr_task_001_refreshing,否,FROZEN_V1.2.2
STA-00685,SCR-TASK-001,ANDROID,任务中心,APPENDING,列表加载下一页,列表尾部加载器；已加载项保持可用,取消翻页,与当前状态、权限或服务端version冲突的所有写操作,失败提供尾部重试,page_state_scr_task_001_appending,否,FROZEN_V1.2.2
STA-00686,SCR-TASK-001,ANDROID,任务中心,PARTIAL_ERROR,非首屏请求或单模块失败,保留现有内容并在对应区域提示,局部重试,与当前状态、权限或服务端version冲突的所有写操作,成功后回到CONTENT,page_state_scr_task_001_partial_error,否,FROZEN_V1.2.2
STA-00687,SCR-TASK-001,ANDROID,任务中心,ERROR,请求失败且无法展示可靠内容,展示稳定错误码、requestId、重试和返回,重试/返回,与当前状态、权限或服务端version冲突的所有写操作,按错误码恢复,page_state_scr_task_001_error,否,FROZEN_V1.2.2
STA-00688,SCR-TASK-001,ANDROID,任务中心,OFFLINE,网络不可用,只读页面可展示标记为缓存的数据；写操作禁用,重试网络,与当前状态、权限或服务端version冲突的所有写操作,恢复网络后主动刷新,page_state_scr_task_001_offline,否,FROZEN_V1.2.2
STA-00689,SCR-TASK-002,ANDROID,个人任务积分,LOADING,首屏数据请求进行中,显示与最终布局一致的骨架屏,返回,与当前状态、权限或服务端version冲突的所有写操作,失败后显示重试,page_state_scr_task_002_loading,否,FROZEN_V1.2.2
STA-00690,SCR-TASK-002,ANDROID,个人任务积分,CONTENT,核心数据完整且可交互,展示内容并按权限/状态机计算操作入口,页面定义的读写动作,与当前状态、权限或服务端version冲突的所有写操作,刷新或执行操作,page_state_scr_task_002_content,否,FROZEN_V1.2.2
STA-00691,SCR-TASK-002,ANDROID,个人任务积分,EMPTY,查询成功但无符合条件的数据,展示业务化空状态、当前筛选和明确下一步,清除筛选/创建/返回,与当前状态、权限或服务端version冲突的所有写操作,修改筛选或执行主行动,page_state_scr_task_002_empty,否,FROZEN_V1.2.2
STA-00692,SCR-TASK-002,ANDROID,个人任务积分,REFRESHING,已有内容上执行刷新,保留内容并显示轻量刷新指示,取消刷新,与当前状态、权限或服务端version冲突的所有写操作,失败保留旧数据,page_state_scr_task_002_refreshing,否,FROZEN_V1.2.2
STA-00693,SCR-TASK-002,ANDROID,个人任务积分,RISK_FROZEN,收益或资金因风险冻结,拆分展示冻结金额和原因,申诉/联系客服,与当前状态、权限或服务端version冲突的所有写操作,禁止提现和调整,page_state_scr_task_002_risk_frozen,否,FROZEN_V1.2.2
STA-00694,SCR-TASK-002,ANDROID,个人任务积分,ERROR,请求失败且无法展示可靠内容,展示稳定错误码、requestId、重试和返回,重试/返回,与当前状态、权限或服务端version冲突的所有写操作,按错误码恢复,page_state_scr_task_002_error,否,FROZEN_V1.2.2
STA-00695,SCR-TASK-002,ANDROID,个人任务积分,OFFLINE,网络不可用,只读页面可展示标记为缓存的数据；写操作禁用,重试网络,与当前状态、权限或服务端version冲突的所有写操作,恢复网络后主动刷新,page_state_scr_task_002_offline,否,FROZEN_V1.2.2
STA-00696,SCR-REWARD-001,ANDROID,奖励账户,LOADING,首屏数据请求进行中,显示与最终布局一致的骨架屏,返回,与当前状态、权限或服务端version冲突的所有写操作,失败后显示重试,page_state_scr_reward_001_loading,否,FROZEN_V1.2.2
STA-00697,SCR-REWARD-001,ANDROID,奖励账户,CONTENT,核心数据完整且可交互,展示内容并按权限/状态机计算操作入口,页面定义的读写动作,与当前状态、权限或服务端version冲突的所有写操作,刷新或执行操作,page_state_scr_reward_001_content,否,FROZEN_V1.2.2
STA-00698,SCR-REWARD-001,ANDROID,奖励账户,EMPTY,查询成功但无符合条件的数据,展示业务化空状态、当前筛选和明确下一步,清除筛选/创建/返回,与当前状态、权限或服务端version冲突的所有写操作,修改筛选或执行主行动,page_state_scr_reward_001_empty,否,FROZEN_V1.2.2
STA-00699,SCR-REWARD-001,ANDROID,奖励账户,REFRESHING,已有内容上执行刷新,保留内容并显示轻量刷新指示,取消刷新,与当前状态、权限或服务端version冲突的所有写操作,失败保留旧数据,page_state_scr_reward_001_refreshing,否,FROZEN_V1.2.2
STA-00700,SCR-REWARD-001,ANDROID,奖励账户,RISK_FROZEN,收益或资金因风险冻结,拆分展示冻结金额和原因,申诉/联系客服,与当前状态、权限或服务端version冲突的所有写操作,禁止提现和调整,page_state_scr_reward_001_risk_frozen,否,FROZEN_V1.2.2
STA-00701,SCR-REWARD-001,ANDROID,奖励账户,ERROR,请求失败且无法展示可靠内容,展示稳定错误码、requestId、重试和返回,重试/返回,与当前状态、权限或服务端version冲突的所有写操作,按错误码恢复,page_state_scr_reward_001_error,否,FROZEN_V1.2.2
STA-00702,SCR-REWARD-001,ANDROID,奖励账户,OFFLINE,网络不可用,只读页面可展示标记为缓存的数据；写操作禁用,重试网络,与当前状态、权限或服务端version冲突的所有写操作,恢复网络后主动刷新,page_state_scr_reward_001_offline,否,FROZEN_V1.2.2
STA-00703,SCR-REWARD-002,ANDROID,奖励明细,LOADING,首屏数据请求进行中,显示与最终布局一致的骨架屏,返回,与当前状态、权限或服务端version冲突的所有写操作,失败后显示重试,page_state_scr_reward_002_loading,否,FROZEN_V1.2.2
STA-00704,SCR-REWARD-002,ANDROID,奖励明细,CONTENT,核心数据完整且可交互,展示内容并按权限/状态机计算操作入口,页面定义的读写动作,与当前状态、权限或服务端version冲突的所有写操作,刷新或执行操作,page_state_scr_reward_002_content,否,FROZEN_V1.2.2
STA-00705,SCR-REWARD-002,ANDROID,奖励明细,EMPTY,查询成功但无符合条件的数据,展示业务化空状态、当前筛选和明确下一步,清除筛选/创建/返回,与当前状态、权限或服务端version冲突的所有写操作,修改筛选或执行主行动,page_state_scr_reward_002_empty,否,FROZEN_V1.2.2
STA-00706,SCR-REWARD-002,ANDROID,奖励明细,REFRESHING,已有内容上执行刷新,保留内容并显示轻量刷新指示,取消刷新,与当前状态、权限或服务端version冲突的所有写操作,失败保留旧数据,page_state_scr_reward_002_refreshing,否,FROZEN_V1.2.2
STA-00707,SCR-REWARD-002,ANDROID,奖励明细,RISK_FROZEN,收益或资金因风险冻结,拆分展示冻结金额和原因,申诉/联系客服,与当前状态、权限或服务端version冲突的所有写操作,禁止提现和调整,page_state_scr_reward_002_risk_frozen,否,FROZEN_V1.2.2
STA-00708,SCR-REWARD-002,ANDROID,奖励明细,ERROR,请求失败且无法展示可靠内容,展示稳定错误码、requestId、重试和返回,重试/返回,与当前状态、权限或服务端version冲突的所有写操作,按错误码恢复,page_state_scr_reward_002_error,否,FROZEN_V1.2.2
STA-00709,SCR-REWARD-002,ANDROID,奖励明细,OFFLINE,网络不可用,只读页面可展示标记为缓存的数据；写操作禁用,重试网络,与当前状态、权限或服务端version冲突的所有写操作,恢复网络后主动刷新,page_state_scr_reward_002_offline,否,FROZEN_V1.2.2
STA-00710,SCR-WD-001,ANDROID,绑定支付宝,EDITING,用户正在编辑表单,显示字段、帮助、脏状态和保存/提交入口,编辑/保存/提交/取消,与当前状态、权限或服务端version冲突的所有写操作,离开时执行脏表单保护,page_state_scr_wd_001_editing,否,FROZEN_V1.2.2
STA-00711,SCR-WD-001,ANDROID,绑定支付宝,DIRTY,存在未保存变更,显示未保存标识和离开确认,保存/放弃,与当前状态、权限或服务端version冲突的所有写操作,禁止静默丢失,page_state_scr_wd_001_dirty,否,FROZEN_V1.2.2
STA-00712,SCR-WD-001,ANDROID,绑定支付宝,AUTOSAVING,由页面业务状态机进入,按“AUTOSAVING”状态展示标准状态区,按页面动作矩阵,与当前状态、权限或服务端version冲突的所有写操作,重新查询服务端事实,page_state_scr_wd_001_autosaving,否,FROZEN_V1.2.2
STA-00713,SCR-WD-001,ANDROID,绑定支付宝,VALIDATING,正在验证一次性state或输入,显示处理中，不暴露敏感参数,返回（允许时）,与当前状态、权限或服务端version冲突的所有写操作,参数立即从URL清理,page_state_scr_wd_001_validating,否,FROZEN_V1.2.2
STA-00714,SCR-WD-001,ANDROID,绑定支付宝,SUBMITTING,写请求已提交，结果未确定,锁定同资源写操作，保留输入，展示进度,查询结果/取消（业务允许时）,与当前状态、权限或服务端version冲突的所有写操作,不得重复生成新业务意图,page_state_scr_wd_001_submitting,否,FROZEN_V1.2.2
STA-00715,SCR-WD-001,ANDROID,绑定支付宝,SUCCESS,操作成功且服务端已返回事实,展示明确结果并刷新关联数据,继续/返回/查看详情,与当前状态、权限或服务端version冲突的所有写操作,一次性敏感输入立即清除,page_state_scr_wd_001_success,是,FROZEN_V1.2.2
STA-00716,SCR-WD-001,ANDROID,绑定支付宝,ERROR,请求失败且无法展示可靠内容,展示稳定错误码、requestId、重试和返回,重试/返回,与当前状态、权限或服务端version冲突的所有写操作,按错误码恢复,page_state_scr_wd_001_error,否,FROZEN_V1.2.2
STA-00717,SCR-WD-001,ANDROID,绑定支付宝,CONFLICT,expectedVersion或状态机冲突,展示数据已变化和差异摘要,重新加载/放弃本地变更,与当前状态、权限或服务端version冲突的所有写操作,禁止盲目覆盖,page_state_scr_wd_001_conflict,否,FROZEN_V1.2.2
STA-00718,SCR-WD-001,ANDROID,绑定支付宝,QUOTE_READY,服务端报价有效,展示最终金额、费用、权益和过期时间,确认下单/返回,与当前状态、权限或服务端version冲突的所有写操作,过期后必须重新报价,page_state_scr_wd_001_quote_ready,否,FROZEN_V1.2.2
STA-00719,SCR-WD-001,ANDROID,绑定支付宝,PAYMENT_PENDING,支付已创建但未确认最终结果,轮询/订阅服务端订单状态,查询/返回,与当前状态、权限或服务端version冲突的所有写操作,不得重复创建订单,page_state_scr_wd_001_payment_pending,否,FROZEN_V1.2.2
STA-00720,SCR-WD-001,ANDROID,绑定支付宝,UNKNOWN,客户端无法确认服务端最终结果,显示处理中并调用查单/查询接口,继续查询/返回,与当前状态、权限或服务端version冲突的所有写操作,禁止直接判定失败并重复扣款,page_state_scr_wd_001_unknown,否,FROZEN_V1.2.2
STA-00721,SCR-WD-001,ANDROID,绑定支付宝,OFFLINE,网络不可用,只读页面可展示标记为缓存的数据；写操作禁用,重试网络,与当前状态、权限或服务端version冲突的所有写操作,恢复网络后主动刷新,page_state_scr_wd_001_offline,否,FROZEN_V1.2.2
STA-00722,SCR-WD-002,ANDROID,申请提现,LOADING,首屏数据请求进行中,显示与最终布局一致的骨架屏,返回,与当前状态、权限或服务端version冲突的所有写操作,失败后显示重试,page_state_scr_wd_002_loading,否,FROZEN_V1.2.2
STA-00723,SCR-WD-002,ANDROID,申请提现,QUOTE_READY,服务端报价有效,展示最终金额、费用、权益和过期时间,确认下单/返回,与当前状态、权限或服务端version冲突的所有写操作,过期后必须重新报价,page_state_scr_wd_002_quote_ready,否,FROZEN_V1.2.2
STA-00724,SCR-WD-002,ANDROID,申请提现,SUBMITTING,写请求已提交，结果未确定,锁定同资源写操作，保留输入，展示进度,查询结果/取消（业务允许时）,与当前状态、权限或服务端version冲突的所有写操作,不得重复生成新业务意图,page_state_scr_wd_002_submitting,否,FROZEN_V1.2.2
STA-00725,SCR-WD-002,ANDROID,申请提现,PAYMENT_PENDING,支付已创建但未确认最终结果,轮询/订阅服务端订单状态,查询/返回,与当前状态、权限或服务端version冲突的所有写操作,不得重复创建订单,page_state_scr_wd_002_payment_pending,否,FROZEN_V1.2.2
STA-00726,SCR-WD-002,ANDROID,申请提现,SUCCESS,操作成功且服务端已返回事实,展示明确结果并刷新关联数据,继续/返回/查看详情,与当前状态、权限或服务端version冲突的所有写操作,一次性敏感输入立即清除,page_state_scr_wd_002_success,是,FROZEN_V1.2.2
STA-00727,SCR-WD-002,ANDROID,申请提现,FAILED,业务操作明确失败,展示业务原因和可执行下一步,修改后重试/返回,与当前状态、权限或服务端version冲突的所有写操作,保留非敏感上下文,page_state_scr_wd_002_failed,是,FROZEN_V1.2.2
STA-00728,SCR-WD-002,ANDROID,申请提现,UNKNOWN,客户端无法确认服务端最终结果,显示处理中并调用查单/查询接口,继续查询/返回,与当前状态、权限或服务端version冲突的所有写操作,禁止直接判定失败并重复扣款,page_state_scr_wd_002_unknown,否,FROZEN_V1.2.2
STA-00729,SCR-WD-002,ANDROID,申请提现,ERROR,请求失败且无法展示可靠内容,展示稳定错误码、requestId、重试和返回,重试/返回,与当前状态、权限或服务端version冲突的所有写操作,按错误码恢复,page_state_scr_wd_002_error,否,FROZEN_V1.2.2
STA-00730,SCR-WD-002,ANDROID,申请提现,OFFLINE,网络不可用,只读页面可展示标记为缓存的数据；写操作禁用,重试网络,与当前状态、权限或服务端version冲突的所有写操作,恢复网络后主动刷新,page_state_scr_wd_002_offline,否,FROZEN_V1.2.2
STA-00731,SCR-WD-003,ANDROID,提现记录,LOADING,首屏数据请求进行中,显示与最终布局一致的骨架屏,返回,与当前状态、权限或服务端version冲突的所有写操作,失败后显示重试,page_state_scr_wd_003_loading,否,FROZEN_V1.2.2
STA-00732,SCR-WD-003,ANDROID,提现记录,CONTENT,核心数据完整且可交互,展示内容并按权限/状态机计算操作入口,页面定义的读写动作,与当前状态、权限或服务端version冲突的所有写操作,刷新或执行操作,page_state_scr_wd_003_content,否,FROZEN_V1.2.2
STA-00733,SCR-WD-003,ANDROID,提现记录,EMPTY,查询成功但无符合条件的数据,展示业务化空状态、当前筛选和明确下一步,清除筛选/创建/返回,与当前状态、权限或服务端version冲突的所有写操作,修改筛选或执行主行动,page_state_scr_wd_003_empty,否,FROZEN_V1.2.2
STA-00734,SCR-WD-003,ANDROID,提现记录,REFRESHING,已有内容上执行刷新,保留内容并显示轻量刷新指示,取消刷新,与当前状态、权限或服务端version冲突的所有写操作,失败保留旧数据,page_state_scr_wd_003_refreshing,否,FROZEN_V1.2.2
STA-00735,SCR-WD-003,ANDROID,提现记录,RISK_FROZEN,收益或资金因风险冻结,拆分展示冻结金额和原因,申诉/联系客服,与当前状态、权限或服务端version冲突的所有写操作,禁止提现和调整,page_state_scr_wd_003_risk_frozen,否,FROZEN_V1.2.2
STA-00736,SCR-WD-003,ANDROID,提现记录,ERROR,请求失败且无法展示可靠内容,展示稳定错误码、requestId、重试和返回,重试/返回,与当前状态、权限或服务端version冲突的所有写操作,按错误码恢复,page_state_scr_wd_003_error,否,FROZEN_V1.2.2
STA-00737,SCR-WD-003,ANDROID,提现记录,OFFLINE,网络不可用,只读页面可展示标记为缓存的数据；写操作禁用,重试网络,与当前状态、权限或服务端version冲突的所有写操作,恢复网络后主动刷新,page_state_scr_wd_003_offline,否,FROZEN_V1.2.2
STA-00738,SCR-ID-001,ANDROID,实名认证首页,LOADING,首屏数据请求进行中,显示与最终布局一致的骨架屏,返回,与当前状态、权限或服务端version冲突的所有写操作,失败后显示重试,page_state_scr_id_001_loading,否,FROZEN_V1.2.2
STA-00739,SCR-ID-001,ANDROID,实名认证首页,CONTENT,核心数据完整且可交互,展示内容并按权限/状态机计算操作入口,页面定义的读写动作,与当前状态、权限或服务端version冲突的所有写操作,刷新或执行操作,page_state_scr_id_001_content,否,FROZEN_V1.2.2
STA-00740,SCR-ID-001,ANDROID,实名认证首页,PARTIAL_CONTENT,部分模块成功、部分模块失败,保留成功模块，失败模块显示局部重试,重试失败模块,与当前状态、权限或服务端version冲突的所有写操作,不得将局部失败升级为全页失败,page_state_scr_id_001_partial_content,否,FROZEN_V1.2.2
STA-00741,SCR-ID-001,ANDROID,实名认证首页,REFRESHING,已有内容上执行刷新,保留内容并显示轻量刷新指示,取消刷新,与当前状态、权限或服务端version冲突的所有写操作,失败保留旧数据,page_state_scr_id_001_refreshing,否,FROZEN_V1.2.2
STA-00742,SCR-ID-001,ANDROID,实名认证首页,ERROR,请求失败且无法展示可靠内容,展示稳定错误码、requestId、重试和返回,重试/返回,与当前状态、权限或服务端version冲突的所有写操作,按错误码恢复,page_state_scr_id_001_error,否,FROZEN_V1.2.2
STA-00743,SCR-ID-001,ANDROID,实名认证首页,PENDING,结果等待审核、支付或异步处理,展示当前阶段、预计动作和刷新入口,刷新/返回,与当前状态、权限或服务端version冲突的所有写操作,通过查询更新,page_state_scr_id_001_pending,否,FROZEN_V1.2.2
STA-00744,SCR-ID-001,ANDROID,实名认证首页,REJECTED,审核或审批被拒绝,展示结构化原因和可编辑范围,修改/申诉/返回,与当前状态、权限或服务端version冲突的所有写操作,原版本保持不可用,page_state_scr_id_001_rejected,是,FROZEN_V1.2.2
STA-00745,SCR-ID-001,ANDROID,实名认证首页,COMPLETED,任务条件满足或奖励已领取,展示结果和账本入口,查看记录/返回,与当前状态、权限或服务端version冲突的所有写操作,重复进入查询已有结果,page_state_scr_id_001_completed,是,FROZEN_V1.2.2
STA-00746,SCR-ID-001,ANDROID,实名认证首页,OFFLINE,网络不可用,只读页面可展示标记为缓存的数据；写操作禁用,重试网络,与当前状态、权限或服务端version冲突的所有写操作,恢复网络后主动刷新,page_state_scr_id_001_offline,否,FROZEN_V1.2.2
STA-00747,SCR-ID-002,ANDROID,实名信息输入,EDITING,用户正在编辑表单,显示字段、帮助、脏状态和保存/提交入口,编辑/保存/提交/取消,与当前状态、权限或服务端version冲突的所有写操作,离开时执行脏表单保护,page_state_scr_id_002_editing,否,FROZEN_V1.2.2
STA-00748,SCR-ID-002,ANDROID,实名信息输入,DIRTY,存在未保存变更,显示未保存标识和离开确认,保存/放弃,与当前状态、权限或服务端version冲突的所有写操作,禁止静默丢失,page_state_scr_id_002_dirty,否,FROZEN_V1.2.2
STA-00749,SCR-ID-002,ANDROID,实名信息输入,AUTOSAVING,由页面业务状态机进入,按“AUTOSAVING”状态展示标准状态区,按页面动作矩阵,与当前状态、权限或服务端version冲突的所有写操作,重新查询服务端事实,page_state_scr_id_002_autosaving,否,FROZEN_V1.2.2
STA-00750,SCR-ID-002,ANDROID,实名信息输入,VALIDATING,正在验证一次性state或输入,显示处理中，不暴露敏感参数,返回（允许时）,与当前状态、权限或服务端version冲突的所有写操作,参数立即从URL清理,page_state_scr_id_002_validating,否,FROZEN_V1.2.2
STA-00751,SCR-ID-002,ANDROID,实名信息输入,SUBMITTING,写请求已提交，结果未确定,锁定同资源写操作，保留输入，展示进度,查询结果/取消（业务允许时）,与当前状态、权限或服务端version冲突的所有写操作,不得重复生成新业务意图,page_state_scr_id_002_submitting,否,FROZEN_V1.2.2
STA-00752,SCR-ID-002,ANDROID,实名信息输入,SUCCESS,操作成功且服务端已返回事实,展示明确结果并刷新关联数据,继续/返回/查看详情,与当前状态、权限或服务端version冲突的所有写操作,一次性敏感输入立即清除,page_state_scr_id_002_success,是,FROZEN_V1.2.2
STA-00753,SCR-ID-002,ANDROID,实名信息输入,ERROR,请求失败且无法展示可靠内容,展示稳定错误码、requestId、重试和返回,重试/返回,与当前状态、权限或服务端version冲突的所有写操作,按错误码恢复,page_state_scr_id_002_error,否,FROZEN_V1.2.2
STA-00754,SCR-ID-002,ANDROID,实名信息输入,CONFLICT,expectedVersion或状态机冲突,展示数据已变化和差异摘要,重新加载/放弃本地变更,与当前状态、权限或服务端version冲突的所有写操作,禁止盲目覆盖,page_state_scr_id_002_conflict,否,FROZEN_V1.2.2
STA-00755,SCR-ID-002,ANDROID,实名信息输入,PENDING,结果等待审核、支付或异步处理,展示当前阶段、预计动作和刷新入口,刷新/返回,与当前状态、权限或服务端version冲突的所有写操作,通过查询更新,page_state_scr_id_002_pending,否,FROZEN_V1.2.2
STA-00756,SCR-ID-002,ANDROID,实名信息输入,REJECTED,审核或审批被拒绝,展示结构化原因和可编辑范围,修改/申诉/返回,与当前状态、权限或服务端version冲突的所有写操作,原版本保持不可用,page_state_scr_id_002_rejected,是,FROZEN_V1.2.2
STA-00757,SCR-ID-002,ANDROID,实名信息输入,COMPLETED,任务条件满足或奖励已领取,展示结果和账本入口,查看记录/返回,与当前状态、权限或服务端version冲突的所有写操作,重复进入查询已有结果,page_state_scr_id_002_completed,是,FROZEN_V1.2.2
STA-00758,SCR-ID-002,ANDROID,实名信息输入,OFFLINE,网络不可用,只读页面可展示标记为缓存的数据；写操作禁用,重试网络,与当前状态、权限或服务端version冲突的所有写操作,恢复网络后主动刷新,page_state_scr_id_002_offline,否,FROZEN_V1.2.2
STA-00759,SCR-ID-003,ANDROID,活体检测容器,CHECKING,正在执行版本、维护、资格或安全检查,显示检查进度和当前步骤，禁止提前导航,取消/重试（允许时）,与当前状态、权限或服务端version冲突的所有写操作,超时后进入可恢复错误,page_state_scr_id_003_checking,否,FROZEN_V1.2.2
STA-00760,SCR-ID-003,ANDROID,活体检测容器,INELIGIBLE,不满足任务或红包资格,展示具体原因和可改善条件,返回/查看规则,与当前状态、权限或服务端version冲突的所有写操作,不创建浏览会话,page_state_scr_id_003_ineligible,是,FROZEN_V1.2.2
STA-00761,SCR-ID-003,ANDROID,活体检测容器,READY,资格检查通过，可开始任务,展示任务规则和开始确认,开始/返回,与当前状态、权限或服务端version冲突的所有写操作,开始后由服务端创建会话,page_state_scr_id_003_ready,否,FROZEN_V1.2.2
STA-00762,SCR-ID-003,ANDROID,活体检测容器,RUNNING,任务有效进行中,展示服务端进度、心跳和可见性,继续/取消,与当前状态、权限或服务端version冲突的所有写操作,本地计时不决定奖励,page_state_scr_id_003_running,否,FROZEN_V1.2.2
STA-00763,SCR-ID-003,ANDROID,活体检测容器,PAUSED,页面不可见或服务端暂停,停止有效计时，展示暂停原因,恢复/取消,与当前状态、权限或服务端version冲突的所有写操作,恢复需服务端确认,page_state_scr_id_003_paused,否,FROZEN_V1.2.2
STA-00764,SCR-ID-003,ANDROID,活体检测容器,RESERVED,奖励名额已短期预留,显示剩余预留时间并完成领取条件,领取/取消,与当前状态、权限或服务端version冲突的所有写操作,超时进入EXPIRED,page_state_scr_id_003_reserved,否,FROZEN_V1.2.2
STA-00765,SCR-ID-003,ANDROID,活体检测容器,COMPLETED,任务条件满足或奖励已领取,展示结果和账本入口,查看记录/返回,与当前状态、权限或服务端version冲突的所有写操作,重复进入查询已有结果,page_state_scr_id_003_completed,是,FROZEN_V1.2.2
STA-00766,SCR-ID-003,ANDROID,活体检测容器,EXPIRED,资格、报价、验证码或预留过期,说明过期原因,重新开始/返回,与当前状态、权限或服务端version冲突的所有写操作,生成新的会话/报价/挑战,page_state_scr_id_003_expired,是,FROZEN_V1.2.2
STA-00767,SCR-ID-003,ANDROID,活体检测容器,RISK_BLOCKED,风控拒绝继续任务,展示通用原因和申诉入口，不泄露规则细节,申诉/返回,与当前状态、权限或服务端version冲突的所有写操作,记录风险事件,page_state_scr_id_003_risk_blocked,是,FROZEN_V1.2.2
STA-00768,SCR-ID-003,ANDROID,活体检测容器,ERROR,请求失败且无法展示可靠内容,展示稳定错误码、requestId、重试和返回,重试/返回,与当前状态、权限或服务端version冲突的所有写操作,按错误码恢复,page_state_scr_id_003_error,否,FROZEN_V1.2.2
STA-00769,SCR-ID-003,ANDROID,活体检测容器,OFFLINE,网络不可用,只读页面可展示标记为缓存的数据；写操作禁用,重试网络,与当前状态、权限或服务端version冲突的所有写操作,恢复网络后主动刷新,page_state_scr_id_003_offline,否,FROZEN_V1.2.2
STA-00770,SCR-ID-004,ANDROID,实名结果,PENDING,结果等待审核、支付或异步处理,展示当前阶段、预计动作和刷新入口,刷新/返回,与当前状态、权限或服务端version冲突的所有写操作,通过查询更新,page_state_scr_id_004_pending,否,FROZEN_V1.2.2
STA-00771,SCR-ID-004,ANDROID,实名结果,SUCCESS,操作成功且服务端已返回事实,展示明确结果并刷新关联数据,继续/返回/查看详情,与当前状态、权限或服务端version冲突的所有写操作,一次性敏感输入立即清除,page_state_scr_id_004_success,是,FROZEN_V1.2.2
STA-00772,SCR-ID-004,ANDROID,实名结果,FAILED,业务操作明确失败,展示业务原因和可执行下一步,修改后重试/返回,与当前状态、权限或服务端version冲突的所有写操作,保留非敏感上下文,page_state_scr_id_004_failed,是,FROZEN_V1.2.2
STA-00773,SCR-ID-004,ANDROID,实名结果,REJECTED,审核或审批被拒绝,展示结构化原因和可编辑范围,修改/申诉/返回,与当前状态、权限或服务端version冲突的所有写操作,原版本保持不可用,page_state_scr_id_004_rejected,是,FROZEN_V1.2.2
STA-00774,SCR-ID-004,ANDROID,实名结果,UNKNOWN,客户端无法确认服务端最终结果,显示处理中并调用查单/查询接口,继续查询/返回,与当前状态、权限或服务端version冲突的所有写操作,禁止直接判定失败并重复扣款,page_state_scr_id_004_unknown,否,FROZEN_V1.2.2
STA-00775,SCR-ID-004,ANDROID,实名结果,RETRYING,由页面业务状态机进入,按“RETRYING”状态展示标准状态区,按页面动作矩阵,与当前状态、权限或服务端version冲突的所有写操作,重新查询服务端事实,page_state_scr_id_004_retrying,否,FROZEN_V1.2.2
STA-00776,SCR-ID-004,ANDROID,实名结果,COMPLETED,任务条件满足或奖励已领取,展示结果和账本入口,查看记录/返回,与当前状态、权限或服务端version冲突的所有写操作,重复进入查询已有结果,page_state_scr_id_004_completed,是,FROZEN_V1.2.2
STA-00777,SCR-ID-004,ANDROID,实名结果,ERROR,请求失败且无法展示可靠内容,展示稳定错误码、requestId、重试和返回,重试/返回,与当前状态、权限或服务端version冲突的所有写操作,按错误码恢复,page_state_scr_id_004_error,否,FROZEN_V1.2.2
STA-00778,SCR-ID-004,ANDROID,实名结果,OFFLINE,网络不可用,只读页面可展示标记为缓存的数据；写操作禁用,重试网络,与当前状态、权限或服务端version冲突的所有写操作,恢复网络后主动刷新,page_state_scr_id_004_offline,否,FROZEN_V1.2.2
STA-00779,SCR-SUPPORT-001,ANDROID,帮助中心,LOADING,首屏数据请求进行中,显示与最终布局一致的骨架屏,返回,与当前状态、权限或服务端version冲突的所有写操作,失败后显示重试,page_state_scr_support_001_loading,否,FROZEN_V1.2.2
STA-00780,SCR-SUPPORT-001,ANDROID,帮助中心,CONTENT,核心数据完整且可交互,展示内容并按权限/状态机计算操作入口,页面定义的读写动作,与当前状态、权限或服务端version冲突的所有写操作,刷新或执行操作,page_state_scr_support_001_content,否,FROZEN_V1.2.2
STA-00781,SCR-SUPPORT-001,ANDROID,帮助中心,EMPTY,查询成功但无符合条件的数据,展示业务化空状态、当前筛选和明确下一步,清除筛选/创建/返回,与当前状态、权限或服务端version冲突的所有写操作,修改筛选或执行主行动,page_state_scr_support_001_empty,否,FROZEN_V1.2.2
STA-00782,SCR-SUPPORT-001,ANDROID,帮助中心,REFRESHING,已有内容上执行刷新,保留内容并显示轻量刷新指示,取消刷新,与当前状态、权限或服务端version冲突的所有写操作,失败保留旧数据,page_state_scr_support_001_refreshing,否,FROZEN_V1.2.2
STA-00783,SCR-SUPPORT-001,ANDROID,帮助中心,APPENDING,列表加载下一页,列表尾部加载器；已加载项保持可用,取消翻页,与当前状态、权限或服务端version冲突的所有写操作,失败提供尾部重试,page_state_scr_support_001_appending,否,FROZEN_V1.2.2
STA-00784,SCR-SUPPORT-001,ANDROID,帮助中心,PARTIAL_ERROR,非首屏请求或单模块失败,保留现有内容并在对应区域提示,局部重试,与当前状态、权限或服务端version冲突的所有写操作,成功后回到CONTENT,page_state_scr_support_001_partial_error,否,FROZEN_V1.2.2
STA-00785,SCR-SUPPORT-001,ANDROID,帮助中心,ERROR,请求失败且无法展示可靠内容,展示稳定错误码、requestId、重试和返回,重试/返回,与当前状态、权限或服务端version冲突的所有写操作,按错误码恢复,page_state_scr_support_001_error,否,FROZEN_V1.2.2
STA-00786,SCR-SUPPORT-001,ANDROID,帮助中心,OFFLINE,网络不可用,只读页面可展示标记为缓存的数据；写操作禁用,重试网络,与当前状态、权限或服务端version冲突的所有写操作,恢复网络后主动刷新,page_state_scr_support_001_offline,否,FROZEN_V1.2.2
STA-00787,SCR-SUPPORT-002,ANDROID,创建工单,EDITING,用户正在编辑表单,显示字段、帮助、脏状态和保存/提交入口,编辑/保存/提交/取消,与当前状态、权限或服务端version冲突的所有写操作,离开时执行脏表单保护,page_state_scr_support_002_editing,否,FROZEN_V1.2.2
STA-00788,SCR-SUPPORT-002,ANDROID,创建工单,DIRTY,存在未保存变更,显示未保存标识和离开确认,保存/放弃,与当前状态、权限或服务端version冲突的所有写操作,禁止静默丢失,page_state_scr_support_002_dirty,否,FROZEN_V1.2.2
STA-00789,SCR-SUPPORT-002,ANDROID,创建工单,AUTOSAVING,由页面业务状态机进入,按“AUTOSAVING”状态展示标准状态区,按页面动作矩阵,与当前状态、权限或服务端version冲突的所有写操作,重新查询服务端事实,page_state_scr_support_002_autosaving,否,FROZEN_V1.2.2
STA-00790,SCR-SUPPORT-002,ANDROID,创建工单,VALIDATING,正在验证一次性state或输入,显示处理中，不暴露敏感参数,返回（允许时）,与当前状态、权限或服务端version冲突的所有写操作,参数立即从URL清理,page_state_scr_support_002_validating,否,FROZEN_V1.2.2
STA-00791,SCR-SUPPORT-002,ANDROID,创建工单,SUBMITTING,写请求已提交，结果未确定,锁定同资源写操作，保留输入，展示进度,查询结果/取消（业务允许时）,与当前状态、权限或服务端version冲突的所有写操作,不得重复生成新业务意图,page_state_scr_support_002_submitting,否,FROZEN_V1.2.2
STA-00792,SCR-SUPPORT-002,ANDROID,创建工单,SUCCESS,操作成功且服务端已返回事实,展示明确结果并刷新关联数据,继续/返回/查看详情,与当前状态、权限或服务端version冲突的所有写操作,一次性敏感输入立即清除,page_state_scr_support_002_success,是,FROZEN_V1.2.2
STA-00793,SCR-SUPPORT-002,ANDROID,创建工单,ERROR,请求失败且无法展示可靠内容,展示稳定错误码、requestId、重试和返回,重试/返回,与当前状态、权限或服务端version冲突的所有写操作,按错误码恢复,page_state_scr_support_002_error,否,FROZEN_V1.2.2
STA-00794,SCR-SUPPORT-002,ANDROID,创建工单,CONFLICT,expectedVersion或状态机冲突,展示数据已变化和差异摘要,重新加载/放弃本地变更,与当前状态、权限或服务端version冲突的所有写操作,禁止盲目覆盖,page_state_scr_support_002_conflict,否,FROZEN_V1.2.2
STA-00795,SCR-SUPPORT-002,ANDROID,创建工单,OFFLINE,网络不可用,只读页面可展示标记为缓存的数据；写操作禁用,重试网络,与当前状态、权限或服务端version冲突的所有写操作,恢复网络后主动刷新,page_state_scr_support_002_offline,否,FROZEN_V1.2.2
STA-00796,SCR-SUPPORT-003,ANDROID,工单列表,LOADING,首屏数据请求进行中,显示与最终布局一致的骨架屏,返回,与当前状态、权限或服务端version冲突的所有写操作,失败后显示重试,page_state_scr_support_003_loading,否,FROZEN_V1.2.2
STA-00797,SCR-SUPPORT-003,ANDROID,工单列表,CONTENT,核心数据完整且可交互,展示内容并按权限/状态机计算操作入口,页面定义的读写动作,与当前状态、权限或服务端version冲突的所有写操作,刷新或执行操作,page_state_scr_support_003_content,否,FROZEN_V1.2.2
STA-00798,SCR-SUPPORT-003,ANDROID,工单列表,EMPTY,查询成功但无符合条件的数据,展示业务化空状态、当前筛选和明确下一步,清除筛选/创建/返回,与当前状态、权限或服务端version冲突的所有写操作,修改筛选或执行主行动,page_state_scr_support_003_empty,否,FROZEN_V1.2.2
STA-00799,SCR-SUPPORT-003,ANDROID,工单列表,REFRESHING,已有内容上执行刷新,保留内容并显示轻量刷新指示,取消刷新,与当前状态、权限或服务端version冲突的所有写操作,失败保留旧数据,page_state_scr_support_003_refreshing,否,FROZEN_V1.2.2
STA-00800,SCR-SUPPORT-003,ANDROID,工单列表,APPENDING,列表加载下一页,列表尾部加载器；已加载项保持可用,取消翻页,与当前状态、权限或服务端version冲突的所有写操作,失败提供尾部重试,page_state_scr_support_003_appending,否,FROZEN_V1.2.2
STA-00801,SCR-SUPPORT-003,ANDROID,工单列表,PARTIAL_ERROR,非首屏请求或单模块失败,保留现有内容并在对应区域提示,局部重试,与当前状态、权限或服务端version冲突的所有写操作,成功后回到CONTENT,page_state_scr_support_003_partial_error,否,FROZEN_V1.2.2
STA-00802,SCR-SUPPORT-003,ANDROID,工单列表,ERROR,请求失败且无法展示可靠内容,展示稳定错误码、requestId、重试和返回,重试/返回,与当前状态、权限或服务端version冲突的所有写操作,按错误码恢复,page_state_scr_support_003_error,否,FROZEN_V1.2.2
STA-00803,SCR-SUPPORT-003,ANDROID,工单列表,OFFLINE,网络不可用,只读页面可展示标记为缓存的数据；写操作禁用,重试网络,与当前状态、权限或服务端version冲突的所有写操作,恢复网络后主动刷新,page_state_scr_support_003_offline,否,FROZEN_V1.2.2
STA-00804,SCR-SUPPORT-004,ANDROID,工单详情,LOADING,首屏数据请求进行中,显示与最终布局一致的骨架屏,返回,与当前状态、权限或服务端version冲突的所有写操作,失败后显示重试,page_state_scr_support_004_loading,否,FROZEN_V1.2.2
STA-00805,SCR-SUPPORT-004,ANDROID,工单详情,CONTENT,核心数据完整且可交互,展示内容并按权限/状态机计算操作入口,页面定义的读写动作,与当前状态、权限或服务端version冲突的所有写操作,刷新或执行操作,page_state_scr_support_004_content,否,FROZEN_V1.2.2
STA-00806,SCR-SUPPORT-004,ANDROID,工单详情,STALE_CACHE,展示最近缓存但未验证最新版本,明确标记可能过期，禁用依赖版本的写操作,刷新,与当前状态、权限或服务端version冲突的所有写操作,成功后进入CONTENT,page_state_scr_support_004_stale_cache,否,FROZEN_V1.2.2
STA-00807,SCR-SUPPORT-004,ANDROID,工单详情,NOT_FOUND,资源不存在、已删除或不再可访问,显示资源状态，移除无效入口,返回来源列表,与当前状态、权限或服务端version冲突的所有写操作,来源列表同步更新,page_state_scr_support_004_not_found,是,FROZEN_V1.2.2
STA-00808,SCR-SUPPORT-004,ANDROID,工单详情,FORBIDDEN,已认证但无页面或字段权限,展示无权限原因，不泄露资源是否存在,返回,与当前状态、权限或服务端version冲突的所有写操作,权限变化后重新进入,page_state_scr_support_004_forbidden,是,FROZEN_V1.2.2
STA-00809,SCR-SUPPORT-004,ANDROID,工单详情,ERROR,请求失败且无法展示可靠内容,展示稳定错误码、requestId、重试和返回,重试/返回,与当前状态、权限或服务端version冲突的所有写操作,按错误码恢复,page_state_scr_support_004_error,否,FROZEN_V1.2.2
STA-00810,SCR-SUPPORT-004,ANDROID,工单详情,OFFLINE,网络不可用,只读页面可展示标记为缓存的数据；写操作禁用,重试网络,与当前状态、权限或服务端version冲突的所有写操作,恢复网络后主动刷新,page_state_scr_support_004_offline,否,FROZEN_V1.2.2
STA-00811,SCR-SET-001,ANDROID,设置,LOADING,首屏数据请求进行中,显示与最终布局一致的骨架屏,返回,与当前状态、权限或服务端version冲突的所有写操作,失败后显示重试,page_state_scr_set_001_loading,否,FROZEN_V1.2.2
STA-00812,SCR-SET-001,ANDROID,设置,CONTENT,核心数据完整且可交互,展示内容并按权限/状态机计算操作入口,页面定义的读写动作,与当前状态、权限或服务端version冲突的所有写操作,刷新或执行操作,page_state_scr_set_001_content,否,FROZEN_V1.2.2
STA-00813,SCR-SET-001,ANDROID,设置,SUBMITTING,写请求已提交，结果未确定,锁定同资源写操作，保留输入，展示进度,查询结果/取消（业务允许时）,与当前状态、权限或服务端version冲突的所有写操作,不得重复生成新业务意图,page_state_scr_set_001_submitting,否,FROZEN_V1.2.2
STA-00814,SCR-SET-001,ANDROID,设置,SUCCESS,操作成功且服务端已返回事实,展示明确结果并刷新关联数据,继续/返回/查看详情,与当前状态、权限或服务端version冲突的所有写操作,一次性敏感输入立即清除,page_state_scr_set_001_success,是,FROZEN_V1.2.2
STA-00815,SCR-SET-001,ANDROID,设置,ERROR,请求失败且无法展示可靠内容,展示稳定错误码、requestId、重试和返回,重试/返回,与当前状态、权限或服务端version冲突的所有写操作,按错误码恢复,page_state_scr_set_001_error,否,FROZEN_V1.2.2
STA-00816,SCR-SET-001,ANDROID,设置,OFFLINE,网络不可用,只读页面可展示标记为缓存的数据；写操作禁用,重试网络,与当前状态、权限或服务端version冲突的所有写操作,恢复网络后主动刷新,page_state_scr_set_001_offline,否,FROZEN_V1.2.2
STA-00817,SCR-ABOUT-001,ANDROID,关于与检查更新,LOADING,首屏数据请求进行中,显示与最终布局一致的骨架屏,返回,与当前状态、权限或服务端version冲突的所有写操作,失败后显示重试,page_state_scr_about_001_loading,否,FROZEN_V1.2.2
STA-00818,SCR-ABOUT-001,ANDROID,关于与检查更新,CONTENT,核心数据完整且可交互,展示内容并按权限/状态机计算操作入口,页面定义的读写动作,与当前状态、权限或服务端version冲突的所有写操作,刷新或执行操作,page_state_scr_about_001_content,否,FROZEN_V1.2.2
STA-00819,SCR-ABOUT-001,ANDROID,关于与检查更新,SUBMITTING,写请求已提交，结果未确定,锁定同资源写操作，保留输入，展示进度,查询结果/取消（业务允许时）,与当前状态、权限或服务端version冲突的所有写操作,不得重复生成新业务意图,page_state_scr_about_001_submitting,否,FROZEN_V1.2.2
STA-00820,SCR-ABOUT-001,ANDROID,关于与检查更新,SUCCESS,操作成功且服务端已返回事实,展示明确结果并刷新关联数据,继续/返回/查看详情,与当前状态、权限或服务端version冲突的所有写操作,一次性敏感输入立即清除,page_state_scr_about_001_success,是,FROZEN_V1.2.2
STA-00821,SCR-ABOUT-001,ANDROID,关于与检查更新,ERROR,请求失败且无法展示可靠内容,展示稳定错误码、requestId、重试和返回,重试/返回,与当前状态、权限或服务端version冲突的所有写操作,按错误码恢复,page_state_scr_about_001_error,否,FROZEN_V1.2.2
STA-00822,SCR-ABOUT-001,ANDROID,关于与检查更新,OFFLINE,网络不可用,只读页面可展示标记为缓存的数据；写操作禁用,重试网络,与当前状态、权限或服务端version冲突的所有写操作,恢复网络后主动刷新,page_state_scr_about_001_offline,否,FROZEN_V1.2.2
STA-00823,SHEET-MEDIA-001,ANDROID,媒体上传管理器,OPEN,由页面业务状态机进入,按“OPEN”状态展示标准状态区,按页面动作矩阵,与当前状态、权限或服务端version冲突的所有写操作,重新查询服务端事实,page_state_sheet_media_001_open,否,FROZEN_V1.2.2
STA-00824,SHEET-MEDIA-001,ANDROID,媒体上传管理器,EDITING,用户正在编辑表单,显示字段、帮助、脏状态和保存/提交入口,编辑/保存/提交/取消,与当前状态、权限或服务端version冲突的所有写操作,离开时执行脏表单保护,page_state_sheet_media_001_editing,否,FROZEN_V1.2.2
STA-00825,SHEET-MEDIA-001,ANDROID,媒体上传管理器,SUBMITTING,写请求已提交，结果未确定,锁定同资源写操作，保留输入，展示进度,查询结果/取消（业务允许时）,与当前状态、权限或服务端version冲突的所有写操作,不得重复生成新业务意图,page_state_sheet_media_001_submitting,否,FROZEN_V1.2.2
STA-00826,SHEET-MEDIA-001,ANDROID,媒体上传管理器,SUCCESS,操作成功且服务端已返回事实,展示明确结果并刷新关联数据,继续/返回/查看详情,与当前状态、权限或服务端version冲突的所有写操作,一次性敏感输入立即清除,page_state_sheet_media_001_success,是,FROZEN_V1.2.2
STA-00827,SHEET-MEDIA-001,ANDROID,媒体上传管理器,ERROR,请求失败且无法展示可靠内容,展示稳定错误码、requestId、重试和返回,重试/返回,与当前状态、权限或服务端version冲突的所有写操作,按错误码恢复,page_state_sheet_media_001_error,否,FROZEN_V1.2.2
STA-00828,SHEET-MEDIA-001,ANDROID,媒体上传管理器,OFFLINE,网络不可用,只读页面可展示标记为缓存的数据；写操作禁用,重试网络,与当前状态、权限或服务端version冲突的所有写操作,恢复网络后主动刷新,page_state_sheet_media_001_offline,否,FROZEN_V1.2.2
STA-00829,DIALOG-SEARCH-001,ANDROID,清空搜索历史确认,OPEN,由页面业务状态机进入,按“OPEN”状态展示标准状态区,按页面动作矩阵,与当前状态、权限或服务端version冲突的所有写操作,重新查询服务端事实,page_state_dialog_search_001_open,否,FROZEN_V1.2.2
STA-00830,DIALOG-SEARCH-001,ANDROID,清空搜索历史确认,EDITING,用户正在编辑表单,显示字段、帮助、脏状态和保存/提交入口,编辑/保存/提交/取消,与当前状态、权限或服务端version冲突的所有写操作,离开时执行脏表单保护,page_state_dialog_search_001_editing,否,FROZEN_V1.2.2
STA-00831,DIALOG-SEARCH-001,ANDROID,清空搜索历史确认,SUBMITTING,写请求已提交，结果未确定,锁定同资源写操作，保留输入，展示进度,查询结果/取消（业务允许时）,与当前状态、权限或服务端version冲突的所有写操作,不得重复生成新业务意图,page_state_dialog_search_001_submitting,否,FROZEN_V1.2.2
STA-00832,DIALOG-SEARCH-001,ANDROID,清空搜索历史确认,SUCCESS,操作成功且服务端已返回事实,展示明确结果并刷新关联数据,继续/返回/查看详情,与当前状态、权限或服务端version冲突的所有写操作,一次性敏感输入立即清除,page_state_dialog_search_001_success,是,FROZEN_V1.2.2
STA-00833,DIALOG-SEARCH-001,ANDROID,清空搜索历史确认,ERROR,请求失败且无法展示可靠内容,展示稳定错误码、requestId、重试和返回,重试/返回,与当前状态、权限或服务端version冲突的所有写操作,按错误码恢复,page_state_dialog_search_001_error,否,FROZEN_V1.2.2
STA-00834,DIALOG-SEARCH-001,ANDROID,清空搜索历史确认,OFFLINE,网络不可用,只读页面可展示标记为缓存的数据；写操作禁用,重试网络,与当前状态、权限或服务端version冲突的所有写操作,恢复网络后主动刷新,page_state_dialog_search_001_offline,否,FROZEN_V1.2.2
STA-00835,SHEET-CONTENT-INVALID-001,ANDROID,联系方式失效反馈,OPEN,由页面业务状态机进入,按“OPEN”状态展示标准状态区,按页面动作矩阵,与当前状态、权限或服务端version冲突的所有写操作,重新查询服务端事实,page_state_sheet_content_invalid_001_open,否,FROZEN_V1.2.2
STA-00836,SHEET-CONTENT-INVALID-001,ANDROID,联系方式失效反馈,EDITING,用户正在编辑表单,显示字段、帮助、脏状态和保存/提交入口,编辑/保存/提交/取消,与当前状态、权限或服务端version冲突的所有写操作,离开时执行脏表单保护,page_state_sheet_content_invalid_001_editing,否,FROZEN_V1.2.2
STA-00837,SHEET-CONTENT-INVALID-001,ANDROID,联系方式失效反馈,SUBMITTING,写请求已提交，结果未确定,锁定同资源写操作，保留输入，展示进度,查询结果/取消（业务允许时）,与当前状态、权限或服务端version冲突的所有写操作,不得重复生成新业务意图,page_state_sheet_content_invalid_001_submitting,否,FROZEN_V1.2.2
STA-00838,SHEET-CONTENT-INVALID-001,ANDROID,联系方式失效反馈,SUCCESS,操作成功且服务端已返回事实,展示明确结果并刷新关联数据,继续/返回/查看详情,与当前状态、权限或服务端version冲突的所有写操作,一次性敏感输入立即清除,page_state_sheet_content_invalid_001_success,是,FROZEN_V1.2.2
STA-00839,SHEET-CONTENT-INVALID-001,ANDROID,联系方式失效反馈,ERROR,请求失败且无法展示可靠内容,展示稳定错误码、requestId、重试和返回,重试/返回,与当前状态、权限或服务端version冲突的所有写操作,按错误码恢复,page_state_sheet_content_invalid_001_error,否,FROZEN_V1.2.2
STA-00840,SHEET-CONTENT-INVALID-001,ANDROID,联系方式失效反馈,OFFLINE,网络不可用,只读页面可展示标记为缓存的数据；写操作禁用,重试网络,与当前状态、权限或服务端version冲突的所有写操作,恢复网络后主动刷新,page_state_sheet_content_invalid_001_offline,否,FROZEN_V1.2.2
STA-00841,DIALOG-CHAT-BLOCK-001,ANDROID,拉黑与解除拉黑确认,OPEN,由页面业务状态机进入,按“OPEN”状态展示标准状态区,按页面动作矩阵,与当前状态或权限冲突的写操作,重新查询服务端事实,page_state_dialog_chat_block_001_open,否,FROZEN_V1.2.2
STA-00842,DIALOG-CHAT-BLOCK-001,ANDROID,拉黑与解除拉黑确认,EDITING,用户正在编辑表单,显示字段、帮助、脏状态和保存/提交入口,编辑/保存/提交/取消,与当前状态或权限冲突的写操作,离开时执行脏表单保护,page_state_dialog_chat_block_001_editing,否,FROZEN_V1.2.2
STA-00843,DIALOG-CHAT-BLOCK-001,ANDROID,拉黑与解除拉黑确认,SUBMITTING,写请求已提交，结果未确定,锁定同资源写操作，保留输入，展示进度,查询结果/取消（业务允许时）,与当前状态或权限冲突的写操作,不得重复生成新业务意图,page_state_dialog_chat_block_001_submitting,否,FROZEN_V1.2.2
STA-00844,DIALOG-CHAT-BLOCK-001,ANDROID,拉黑与解除拉黑确认,SUCCESS,操作成功且服务端已返回事实,展示明确结果并刷新关联数据,继续/返回/查看详情,与当前状态或权限冲突的写操作,一次性敏感输入立即清除,page_state_dialog_chat_block_001_success,是,FROZEN_V1.2.2
STA-00845,DIALOG-CHAT-BLOCK-001,ANDROID,拉黑与解除拉黑确认,ERROR,请求失败且无法展示可靠内容,展示面向用户的失败原因、重试和返回，不显示内部诊断信息,重试/返回,与当前状态或权限冲突的写操作,按用户可见错误类型恢复,page_state_dialog_chat_block_001_error,否,FROZEN_V1.2.2
STA-00846,DIALOG-CHAT-BLOCK-001,ANDROID,拉黑与解除拉黑确认,OFFLINE,网络不可用,只读页面可展示标记为缓存的数据；写操作禁用,重试网络,与当前状态或权限冲突的写操作,恢复网络后主动刷新,page_state_dialog_chat_block_001_offline,否,FROZEN_V1.2.2
STA-00847,DIALOG-CHAT-DELETE-001,ANDROID,删除会话确认,OPEN,由页面业务状态机进入,按“OPEN”状态展示标准状态区,按页面动作矩阵,与当前状态或权限冲突的写操作,重新查询服务端事实,page_state_dialog_chat_delete_001_open,否,FROZEN_V1.2.2
STA-00848,DIALOG-CHAT-DELETE-001,ANDROID,删除会话确认,EDITING,用户正在编辑表单,显示字段、帮助、脏状态和保存/提交入口,编辑/保存/提交/取消,与当前状态或权限冲突的写操作,离开时执行脏表单保护,page_state_dialog_chat_delete_001_editing,否,FROZEN_V1.2.2
STA-00849,DIALOG-CHAT-DELETE-001,ANDROID,删除会话确认,SUBMITTING,写请求已提交，结果未确定,锁定同资源写操作，保留输入，展示进度,查询结果/取消（业务允许时）,与当前状态或权限冲突的写操作,不得重复生成新业务意图,page_state_dialog_chat_delete_001_submitting,否,FROZEN_V1.2.2
STA-00850,DIALOG-CHAT-DELETE-001,ANDROID,删除会话确认,SUCCESS,操作成功且服务端已返回事实,展示明确结果并刷新关联数据,继续/返回/查看详情,与当前状态或权限冲突的写操作,一次性敏感输入立即清除,page_state_dialog_chat_delete_001_success,是,FROZEN_V1.2.2
STA-00851,DIALOG-CHAT-DELETE-001,ANDROID,删除会话确认,ERROR,请求失败且无法展示可靠内容,展示面向用户的失败原因、重试和返回，不显示内部诊断信息,重试/返回,与当前状态或权限冲突的写操作,按用户可见错误类型恢复,page_state_dialog_chat_delete_001_error,否,FROZEN_V1.2.2
STA-00852,DIALOG-CHAT-DELETE-001,ANDROID,删除会话确认,OFFLINE,网络不可用,只读页面可展示标记为缓存的数据；写操作禁用,重试网络,与当前状态或权限冲突的写操作,恢复网络后主动刷新,page_state_dialog_chat_delete_001_offline,否,FROZEN_V1.2.2
STA-00853,SCR-SUPPORT-005,ANDROID,帮助文章详情,LOADING,首屏数据请求进行中,显示与最终布局一致的骨架屏,返回,与当前状态、权限或服务端version冲突的所有写操作,失败后显示重试,page_state_scr_support_005_loading,否,FROZEN_V1.2.2
STA-00854,SCR-SUPPORT-005,ANDROID,帮助文章详情,CONTENT,核心数据完整且可交互,展示内容并按权限/状态机计算操作入口,页面定义的读写动作,与当前状态、权限或服务端version冲突的所有写操作,刷新或执行操作,page_state_scr_support_005_content,否,FROZEN_V1.2.2
STA-00855,SCR-SUPPORT-005,ANDROID,帮助文章详情,STALE_CACHE,展示最近缓存但未验证最新版本,明确标记可能过期，禁用依赖版本的写操作,刷新,与当前状态、权限或服务端version冲突的所有写操作,成功后进入CONTENT,page_state_scr_support_005_stale_cache,否,FROZEN_V1.2.2
STA-00856,SCR-SUPPORT-005,ANDROID,帮助文章详情,NOT_FOUND,资源不存在、已删除或不再可访问,显示资源状态，移除无效入口,返回来源列表,与当前状态、权限或服务端version冲突的所有写操作,来源列表同步更新,page_state_scr_support_005_not_found,是,FROZEN_V1.2.2
STA-00857,SCR-SUPPORT-005,ANDROID,帮助文章详情,FORBIDDEN,已认证但无页面或字段权限,展示无权限原因，不泄露资源是否存在,返回,与当前状态、权限或服务端version冲突的所有写操作,权限变化后重新进入,page_state_scr_support_005_forbidden,是,FROZEN_V1.2.2
STA-00858,SCR-SUPPORT-005,ANDROID,帮助文章详情,ERROR,请求失败且无法展示可靠内容,展示稳定错误码、requestId、重试和返回,重试/返回,与当前状态、权限或服务端version冲突的所有写操作,按错误码恢复,page_state_scr_support_005_error,否,FROZEN_V1.2.2
STA-00859,SCR-SUPPORT-005,ANDROID,帮助文章详情,OFFLINE,网络不可用,只读页面可展示标记为缓存的数据；写操作禁用,重试网络,与当前状态、权限或服务端version冲突的所有写操作,恢复网络后主动刷新,page_state_scr_support_005_offline,否,FROZEN_V1.2.2
STA-00860,H5-001,H5,品牌宣传下载页,SSR_CONTENT,服务器已渲染公开内容,首屏可读且包含SEO元数据,打开App/下载/浏览,与当前状态、权限或服务端version冲突的所有写操作,客户端增强失败不影响正文,page_state_h5_001_ssr_content,否,FROZEN_V1.2.2
STA-00861,H5-001,H5,品牌宣传下载页,CLIENT_HYDRATED,客户端增强完成,启用归因、深链和交互,下载/导航,与当前状态、权限或服务端version冲突的所有写操作,仍保持SSR内容一致,page_state_h5_001_client_hydrated,否,FROZEN_V1.2.2
STA-00862,H5-001,H5,品牌宣传下载页,DOWNLOAD_UNAVAILABLE,当前无可用下载产物,说明原因并提供刷新/教程,刷新/查看教程,与当前状态、权限或服务端version冲突的所有写操作,禁止返回过期或未验证APK,page_state_h5_001_download_unavailable,否,FROZEN_V1.2.2
STA-00863,H5-001,H5,品牌宣传下载页,ERROR,请求失败且无法展示可靠内容,展示稳定错误码、requestId、重试和返回,重试/返回,与当前状态、权限或服务端version冲突的所有写操作,按错误码恢复,page_state_h5_001_error,否,FROZEN_V1.2.2
STA-00864,H5-001,H5,品牌宣传下载页,OFFLINE,网络不可用,只读页面可展示标记为缓存的数据；写操作禁用,重试网络,与当前状态、权限或服务端version冲突的所有写操作,恢复网络后主动刷新,page_state_h5_001_offline,否,FROZEN_V1.2.2
STA-00865,H5-002,H5,安装教程,SSR_CONTENT,服务器已渲染公开内容,首屏可读且包含SEO元数据,打开App/下载/浏览,与当前状态、权限或服务端version冲突的所有写操作,客户端增强失败不影响正文,page_state_h5_002_ssr_content,否,FROZEN_V1.2.2
STA-00866,H5-002,H5,安装教程,CLIENT_HYDRATED,客户端增强完成,启用归因、深链和交互,下载/导航,与当前状态、权限或服务端version冲突的所有写操作,仍保持SSR内容一致,page_state_h5_002_client_hydrated,否,FROZEN_V1.2.2
STA-00867,H5-002,H5,安装教程,DOWNLOAD_UNAVAILABLE,当前无可用下载产物,说明原因并提供刷新/教程,刷新/查看教程,与当前状态、权限或服务端version冲突的所有写操作,禁止返回过期或未验证APK,page_state_h5_002_download_unavailable,否,FROZEN_V1.2.2
STA-00868,H5-002,H5,安装教程,ERROR,请求失败且无法展示可靠内容,展示稳定错误码、requestId、重试和返回,重试/返回,与当前状态、权限或服务端version冲突的所有写操作,按错误码恢复,page_state_h5_002_error,否,FROZEN_V1.2.2
STA-00869,H5-002,H5,安装教程,OFFLINE,网络不可用,只读页面可展示标记为缓存的数据；写操作禁用,重试网络,与当前状态、权限或服务端version冲突的所有写操作,恢复网络后主动刷新,page_state_h5_002_offline,否,FROZEN_V1.2.2
STA-00870,H5-003,H5,邀请落地页,SSR_CONTENT,服务器已渲染公开内容,首屏可读且包含SEO元数据,打开App/下载/浏览,与当前状态、权限或服务端version冲突的所有写操作,客户端增强失败不影响正文,page_state_h5_003_ssr_content,否,FROZEN_V1.2.2
STA-00871,H5-003,H5,邀请落地页,CLIENT_HYDRATED,客户端增强完成,启用归因、深链和交互,下载/导航,与当前状态、权限或服务端version冲突的所有写操作,仍保持SSR内容一致,page_state_h5_003_client_hydrated,否,FROZEN_V1.2.2
STA-00872,H5-003,H5,邀请落地页,DOWNLOAD_UNAVAILABLE,当前无可用下载产物,说明原因并提供刷新/教程,刷新/查看教程,与当前状态、权限或服务端version冲突的所有写操作,禁止返回过期或未验证APK,page_state_h5_003_download_unavailable,否,FROZEN_V1.2.2
STA-00873,H5-003,H5,邀请落地页,ERROR,请求失败且无法展示可靠内容,展示稳定错误码、requestId、重试和返回,重试/返回,与当前状态、权限或服务端version冲突的所有写操作,按错误码恢复,page_state_h5_003_error,否,FROZEN_V1.2.2
STA-00874,H5-003,H5,邀请落地页,OFFLINE,网络不可用,只读页面可展示标记为缓存的数据；写操作禁用,重试网络,与当前状态、权限或服务端version冲突的所有写操作,恢复网络后主动刷新,page_state_h5_003_offline,否,FROZEN_V1.2.2
STA-00875,H5-013,H5,H5邀请注册页,INITIAL,页面首次创建，尚未发起请求,显示稳定布局占位，禁止空白闪烁,发起初始化,与当前状态、权限或服务端version冲突的所有写操作,自动进入下一状态,page_state_h5_013_initial,否,FROZEN_V1.2.2
STA-00876,H5-013,H5,H5邀请注册页,EDITING,用户正在编辑表单,显示字段、帮助、脏状态和保存/提交入口,编辑/保存/提交/取消,与当前状态、权限或服务端version冲突的所有写操作,离开时执行脏表单保护,page_state_h5_013_editing,否,FROZEN_V1.2.2
STA-00877,H5-013,H5,H5邀请注册页,VALIDATING,正在验证一次性state或输入,显示处理中，不暴露敏感参数,返回（允许时）,与当前状态、权限或服务端version冲突的所有写操作,参数立即从URL清理,page_state_h5_013_validating,否,FROZEN_V1.2.2
STA-00878,H5-013,H5,H5邀请注册页,SUBMITTING,写请求已提交，结果未确定,锁定同资源写操作，保留输入，展示进度,查询结果/取消（业务允许时）,与当前状态、权限或服务端version冲突的所有写操作,不得重复生成新业务意图,page_state_h5_013_submitting,否,FROZEN_V1.2.2
STA-00879,H5-013,H5,H5邀请注册页,RATE_LIMITED,触发频率限制,显示剩余等待时间和限制原因,等待/返回,与当前状态、权限或服务端version冲突的所有写操作,倒计时结束后重新获取前置条件,page_state_h5_013_rate_limited,否,FROZEN_V1.2.2
STA-00880,H5-013,H5,H5邀请注册页,LOCKED,账号、验证码或安全流程被锁定,展示锁定原因、期限和申诉/客服入口,返回/申诉,与当前状态、权限或服务端version冲突的所有写操作,禁止继续提交,page_state_h5_013_locked,是,FROZEN_V1.2.2
STA-00881,H5-013,H5,H5邀请注册页,SUCCESS,操作成功且服务端已返回事实,展示明确结果并刷新关联数据,继续/返回/查看详情,与当前状态、权限或服务端version冲突的所有写操作,一次性敏感输入立即清除,page_state_h5_013_success,是,FROZEN_V1.2.2
STA-00882,H5-013,H5,H5邀请注册页,ERROR,请求失败且无法展示可靠内容,展示稳定错误码、requestId、重试和返回,重试/返回,与当前状态、权限或服务端version冲突的所有写操作,按错误码恢复,page_state_h5_013_error,否,FROZEN_V1.2.2
STA-00883,H5-013,H5,H5邀请注册页,OFFLINE,网络不可用,只读页面可展示标记为缓存的数据；写操作禁用,重试网络,与当前状态、权限或服务端version冲突的所有写操作,恢复网络后主动刷新,page_state_h5_013_offline,否,FROZEN_V1.2.2
STA-00884,H5-004,H5,项目分享页,SSR_CONTENT,服务器已渲染公开内容,首屏可读且包含SEO元数据,打开App/下载/浏览,与当前状态、权限或服务端version冲突的所有写操作,客户端增强失败不影响正文,page_state_h5_004_ssr_content,否,FROZEN_V1.2.2
STA-00885,H5-004,H5,项目分享页,NOT_FOUND,资源不存在、已删除或不再可访问,显示资源状态，移除无效入口,返回来源列表,与当前状态、权限或服务端version冲突的所有写操作,来源列表同步更新,page_state_h5_004_not_found,是,FROZEN_V1.2.2
STA-00886,H5-004,H5,项目分享页,OFFLINE_CONTENT,由页面业务状态机进入,按“OFFLINE_CONTENT”状态展示标准状态区,按页面动作矩阵,与当前状态、权限或服务端version冲突的所有写操作,重新查询服务端事实,page_state_h5_004_offline_content,否,FROZEN_V1.2.2
STA-00887,H5-004,H5,项目分享页,ERROR,请求失败且无法展示可靠内容,展示稳定错误码、requestId、重试和返回,重试/返回,与当前状态、权限或服务端version冲突的所有写操作,按错误码恢复,page_state_h5_004_error,否,FROZEN_V1.2.2
STA-00888,H5-004,H5,项目分享页,OFFLINE,网络不可用,只读页面可展示标记为缓存的数据；写操作禁用,重试网络,与当前状态、权限或服务端version冲突的所有写操作,恢复网络后主动刷新,page_state_h5_004_offline,否,FROZEN_V1.2.2
STA-00889,H5-005,H5,App分享页,SSR_CONTENT,服务器已渲染公开内容,首屏可读且包含SEO元数据,打开App/下载/浏览,与当前状态、权限或服务端version冲突的所有写操作,客户端增强失败不影响正文,page_state_h5_005_ssr_content,否,FROZEN_V1.2.2
STA-00890,H5-005,H5,App分享页,NOT_FOUND,资源不存在、已删除或不再可访问,显示资源状态，移除无效入口,返回来源列表,与当前状态、权限或服务端version冲突的所有写操作,来源列表同步更新,page_state_h5_005_not_found,是,FROZEN_V1.2.2
STA-00891,H5-005,H5,App分享页,OFFLINE_CONTENT,由页面业务状态机进入,按“OFFLINE_CONTENT”状态展示标准状态区,按页面动作矩阵,与当前状态、权限或服务端version冲突的所有写操作,重新查询服务端事实,page_state_h5_005_offline_content,否,FROZEN_V1.2.2
STA-00892,H5-005,H5,App分享页,ERROR,请求失败且无法展示可靠内容,展示稳定错误码、requestId、重试和返回,重试/返回,与当前状态、权限或服务端version冲突的所有写操作,按错误码恢复,page_state_h5_005_error,否,FROZEN_V1.2.2
STA-00893,H5-005,H5,App分享页,OFFLINE,网络不可用,只读页面可展示标记为缓存的数据；写操作禁用,重试网络,与当前状态、权限或服务端version冲突的所有写操作,恢复网络后主动刷新,page_state_h5_005_offline,否,FROZEN_V1.2.2
STA-00894,H5-006,H5,群聊分享页,SSR_CONTENT,服务器已渲染公开内容,首屏可读且包含SEO元数据,打开App/下载/浏览,与当前状态、权限或服务端version冲突的所有写操作,客户端增强失败不影响正文,page_state_h5_006_ssr_content,否,FROZEN_V1.2.2
STA-00895,H5-006,H5,群聊分享页,NOT_FOUND,资源不存在、已删除或不再可访问,显示资源状态，移除无效入口,返回来源列表,与当前状态、权限或服务端version冲突的所有写操作,来源列表同步更新,page_state_h5_006_not_found,是,FROZEN_V1.2.2
STA-00896,H5-006,H5,群聊分享页,OFFLINE_CONTENT,由页面业务状态机进入,按“OFFLINE_CONTENT”状态展示标准状态区,按页面动作矩阵,与当前状态、权限或服务端version冲突的所有写操作,重新查询服务端事实,page_state_h5_006_offline_content,否,FROZEN_V1.2.2
STA-00897,H5-006,H5,群聊分享页,ERROR,请求失败且无法展示可靠内容,展示稳定错误码、requestId、重试和返回,重试/返回,与当前状态、权限或服务端version冲突的所有写操作,按错误码恢复,page_state_h5_006_error,否,FROZEN_V1.2.2
STA-00898,H5-006,H5,群聊分享页,OFFLINE,网络不可用,只读页面可展示标记为缓存的数据；写操作禁用,重试网络,与当前状态、权限或服务端version冲突的所有写操作,恢复网络后主动刷新,page_state_h5_006_offline,否,FROZEN_V1.2.2
STA-00899,H5-007,H5,团队长分享页,SSR_CONTENT,服务器已渲染公开内容,首屏可读且包含SEO元数据,打开App/下载/浏览,与当前状态、权限或服务端version冲突的所有写操作,客户端增强失败不影响正文,page_state_h5_007_ssr_content,否,FROZEN_V1.2.2
STA-00900,H5-007,H5,团队长分享页,NOT_FOUND,资源不存在、已删除或不再可访问,显示资源状态，移除无效入口,返回来源列表,与当前状态、权限或服务端version冲突的所有写操作,来源列表同步更新,page_state_h5_007_not_found,是,FROZEN_V1.2.2
STA-00901,H5-007,H5,团队长分享页,OFFLINE_CONTENT,由页面业务状态机进入,按“OFFLINE_CONTENT”状态展示标准状态区,按页面动作矩阵,与当前状态、权限或服务端version冲突的所有写操作,重新查询服务端事实,page_state_h5_007_offline_content,否,FROZEN_V1.2.2
STA-00902,H5-007,H5,团队长分享页,ERROR,请求失败且无法展示可靠内容,展示稳定错误码、requestId、重试和返回,重试/返回,与当前状态、权限或服务端version冲突的所有写操作,按错误码恢复,page_state_h5_007_error,否,FROZEN_V1.2.2
STA-00903,H5-007,H5,团队长分享页,OFFLINE,网络不可用,只读页面可展示标记为缓存的数据；写操作禁用,重试网络,与当前状态、权限或服务端version冲突的所有写操作,恢复网络后主动刷新,page_state_h5_007_offline,否,FROZEN_V1.2.2
STA-00904,H5-008,H5,统一收银台,LOADING,首屏数据请求进行中,显示与最终布局一致的骨架屏,返回,与当前状态、权限或服务端version冲突的所有写操作,失败后显示重试,page_state_h5_008_loading,否,FROZEN_V1.2.2
STA-00905,H5-008,H5,统一收银台,QUOTE_READY,服务端报价有效,展示最终金额、费用、权益和过期时间,确认下单/返回,与当前状态、权限或服务端version冲突的所有写操作,过期后必须重新报价,page_state_h5_008_quote_ready,否,FROZEN_V1.2.2
STA-00906,H5-008,H5,统一收银台,SUBMITTING,写请求已提交，结果未确定,锁定同资源写操作，保留输入，展示进度,查询结果/取消（业务允许时）,与当前状态、权限或服务端version冲突的所有写操作,不得重复生成新业务意图,page_state_h5_008_submitting,否,FROZEN_V1.2.2
STA-00907,H5-008,H5,统一收银台,PAYMENT_PENDING,支付已创建但未确认最终结果,轮询/订阅服务端订单状态,查询/返回,与当前状态、权限或服务端version冲突的所有写操作,不得重复创建订单,page_state_h5_008_payment_pending,否,FROZEN_V1.2.2
STA-00908,H5-008,H5,统一收银台,SUCCESS,操作成功且服务端已返回事实,展示明确结果并刷新关联数据,继续/返回/查看详情,与当前状态、权限或服务端version冲突的所有写操作,一次性敏感输入立即清除,page_state_h5_008_success,是,FROZEN_V1.2.2
STA-00909,H5-008,H5,统一收银台,FAILED,业务操作明确失败,展示业务原因和可执行下一步,修改后重试/返回,与当前状态、权限或服务端version冲突的所有写操作,保留非敏感上下文,page_state_h5_008_failed,是,FROZEN_V1.2.2
STA-00910,H5-008,H5,统一收银台,UNKNOWN,客户端无法确认服务端最终结果,显示处理中并调用查单/查询接口,继续查询/返回,与当前状态、权限或服务端version冲突的所有写操作,禁止直接判定失败并重复扣款,page_state_h5_008_unknown,否,FROZEN_V1.2.2
STA-00911,H5-008,H5,统一收银台,ERROR,请求失败且无法展示可靠内容,展示稳定错误码、requestId、重试和返回,重试/返回,与当前状态、权限或服务端version冲突的所有写操作,按错误码恢复,page_state_h5_008_error,否,FROZEN_V1.2.2
STA-00912,H5-008,H5,统一收银台,OFFLINE,网络不可用,只读页面可展示标记为缓存的数据；写操作禁用,重试网络,与当前状态、权限或服务端version冲突的所有写操作,恢复网络后主动刷新,page_state_h5_008_offline,否,FROZEN_V1.2.2
STA-00913,H5-009,H5,支付结果,VALIDATING,正在验证一次性state或输入,显示处理中，不暴露敏感参数,返回（允许时）,与当前状态、权限或服务端version冲突的所有写操作,参数立即从URL清理,page_state_h5_009_validating,否,FROZEN_V1.2.2
STA-00914,H5-009,H5,支付结果,QUERYING,回跳后查询服务端最终结果,展示查询状态,继续查询/返回App,与当前状态、权限或服务端version冲突的所有写操作,结果只信任服务端,page_state_h5_009_querying,否,FROZEN_V1.2.2
STA-00915,H5-009,H5,支付结果,SUCCESS,操作成功且服务端已返回事实,展示明确结果并刷新关联数据,继续/返回/查看详情,与当前状态、权限或服务端version冲突的所有写操作,一次性敏感输入立即清除,page_state_h5_009_success,是,FROZEN_V1.2.2
STA-00916,H5-009,H5,支付结果,FAILED,业务操作明确失败,展示业务原因和可执行下一步,修改后重试/返回,与当前状态、权限或服务端version冲突的所有写操作,保留非敏感上下文,page_state_h5_009_failed,是,FROZEN_V1.2.2
STA-00917,H5-009,H5,支付结果,UNKNOWN,客户端无法确认服务端最终结果,显示处理中并调用查单/查询接口,继续查询/返回,与当前状态、权限或服务端version冲突的所有写操作,禁止直接判定失败并重复扣款,page_state_h5_009_unknown,否,FROZEN_V1.2.2
STA-00918,H5-009,H5,支付结果,QUOTE_READY,服务端报价有效,展示最终金额、费用、权益和过期时间,确认下单/返回,与当前状态、权限或服务端version冲突的所有写操作,过期后必须重新报价,page_state_h5_009_quote_ready,否,FROZEN_V1.2.2
STA-00919,H5-009,H5,支付结果,PAYMENT_PENDING,支付已创建但未确认最终结果,轮询/订阅服务端订单状态,查询/返回,与当前状态、权限或服务端version冲突的所有写操作,不得重复创建订单,page_state_h5_009_payment_pending,否,FROZEN_V1.2.2
STA-00920,H5-009,H5,支付结果,ERROR,请求失败且无法展示可靠内容,展示稳定错误码、requestId、重试和返回,重试/返回,与当前状态、权限或服务端version冲突的所有写操作,按错误码恢复,page_state_h5_009_error,否,FROZEN_V1.2.2
STA-00921,H5-009,H5,支付结果,OFFLINE,网络不可用,只读页面可展示标记为缓存的数据；写操作禁用,重试网络,与当前状态、权限或服务端version冲突的所有写操作,恢复网络后主动刷新,page_state_h5_009_offline,否,FROZEN_V1.2.2
STA-00922,H5-010,H5,协议与规则,SSR_CONTENT,服务器已渲染公开内容,首屏可读且包含SEO元数据,打开App/下载/浏览,与当前状态、权限或服务端version冲突的所有写操作,客户端增强失败不影响正文,page_state_h5_010_ssr_content,否,FROZEN_V1.2.2
STA-00923,H5-010,H5,协议与规则,NOT_FOUND,资源不存在、已删除或不再可访问,显示资源状态，移除无效入口,返回来源列表,与当前状态、权限或服务端version冲突的所有写操作,来源列表同步更新,page_state_h5_010_not_found,是,FROZEN_V1.2.2
STA-00924,H5-010,H5,协议与规则,ERROR,请求失败且无法展示可靠内容,展示稳定错误码、requestId、重试和返回,重试/返回,与当前状态、权限或服务端version冲突的所有写操作,按错误码恢复,page_state_h5_010_error,否,FROZEN_V1.2.2
STA-00925,H5-010,H5,协议与规则,OFFLINE,网络不可用,只读页面可展示标记为缓存的数据；写操作禁用,重试网络,与当前状态、权限或服务端version冲突的所有写操作,恢复网络后主动刷新,page_state_h5_010_offline,否,FROZEN_V1.2.2
STA-00926,H5-011,H5,帮助文章,SSR_CONTENT,服务器已渲染公开内容,首屏可读且包含SEO元数据,打开App/下载/浏览,与当前状态、权限或服务端version冲突的所有写操作,客户端增强失败不影响正文,page_state_h5_011_ssr_content,否,FROZEN_V1.2.2
STA-00927,H5-011,H5,帮助文章,NOT_FOUND,资源不存在、已删除或不再可访问,显示资源状态，移除无效入口,返回来源列表,与当前状态、权限或服务端version冲突的所有写操作,来源列表同步更新,page_state_h5_011_not_found,是,FROZEN_V1.2.2
STA-00928,H5-011,H5,帮助文章,ERROR,请求失败且无法展示可靠内容,展示稳定错误码、requestId、重试和返回,重试/返回,与当前状态、权限或服务端version冲突的所有写操作,按错误码恢复,page_state_h5_011_error,否,FROZEN_V1.2.2
STA-00929,H5-011,H5,帮助文章,OFFLINE,网络不可用,只读页面可展示标记为缓存的数据；写操作禁用,重试网络,与当前状态、权限或服务端version冲突的所有写操作,恢复网络后主动刷新,page_state_h5_011_offline,否,FROZEN_V1.2.2
STA-00930,H5-012,H5,活体回跳,SSR_CONTENT,服务器已渲染公开内容,首屏可读且包含SEO元数据,打开App/下载/浏览,与当前状态、权限或服务端version冲突的所有写操作,客户端增强失败不影响正文,page_state_h5_012_ssr_content,否,FROZEN_V1.2.2
STA-00931,H5-012,H5,活体回跳,CLIENT_HYDRATED,客户端增强完成,启用归因、深链和交互,下载/导航,与当前状态、权限或服务端version冲突的所有写操作,仍保持SSR内容一致,page_state_h5_012_client_hydrated,否,FROZEN_V1.2.2
STA-00932,H5-012,H5,活体回跳,DOWNLOAD_UNAVAILABLE,当前无可用下载产物,说明原因并提供刷新/教程,刷新/查看教程,与当前状态、权限或服务端version冲突的所有写操作,禁止返回过期或未验证APK,page_state_h5_012_download_unavailable,否,FROZEN_V1.2.2
STA-00933,H5-012,H5,活体回跳,ERROR,请求失败且无法展示可靠内容,展示稳定错误码、requestId、重试和返回,重试/返回,与当前状态、权限或服务端version冲突的所有写操作,按错误码恢复,page_state_h5_012_error,否,FROZEN_V1.2.2
STA-00934,H5-012,H5,活体回跳,OFFLINE,网络不可用,只读页面可展示标记为缓存的数据；写操作禁用,重试网络,与当前状态、权限或服务端version冲突的所有写操作,恢复网络后主动刷新,page_state_h5_012_offline,否,FROZEN_V1.2.2
STA-00935,ADM-DASH-001,ADMIN,数据驾驶舱,LOADING,首屏数据请求进行中,显示与最终布局一致的骨架屏,返回,与当前状态、权限或服务端version冲突的所有写操作,失败后显示重试,page_state_adm_dash_001_loading,否,FROZEN_V1.2.2
STA-00936,ADM-DASH-001,ADMIN,数据驾驶舱,CONTENT,核心数据完整且可交互,展示内容并按权限/状态机计算操作入口,页面定义的读写动作,与当前状态、权限或服务端version冲突的所有写操作,刷新或执行操作,page_state_adm_dash_001_content,否,FROZEN_V1.2.2
STA-00937,ADM-DASH-001,ADMIN,数据驾驶舱,PARTIAL_CONTENT,部分模块成功、部分模块失败,保留成功模块，失败模块显示局部重试,重试失败模块,与当前状态、权限或服务端version冲突的所有写操作,不得将局部失败升级为全页失败,page_state_adm_dash_001_partial_content,否,FROZEN_V1.2.2
STA-00938,ADM-DASH-001,ADMIN,数据驾驶舱,NO_PERMISSION,后台角色或数据范围不足,隐藏敏感内容并记录访问拒绝,返回/申请权限,与当前状态、权限或服务端version冲突的所有写操作,禁止仅靠前端绕过,page_state_adm_dash_001_no_permission,是,FROZEN_V1.2.2
STA-00939,ADM-DASH-001,ADMIN,数据驾驶舱,ERROR,请求失败且无法展示可靠内容,展示稳定错误码、requestId、重试和返回,重试/返回,与当前状态、权限或服务端version冲突的所有写操作,按错误码恢复,page_state_adm_dash_001_error,否,FROZEN_V1.2.2
STA-00940,ADM-DASH-001,ADMIN,数据驾驶舱,OFFLINE,网络不可用,只读页面可展示标记为缓存的数据；写操作禁用,重试网络,与当前状态、权限或服务端version冲突的所有写操作,恢复网络后主动刷新,page_state_adm_dash_001_offline,否,FROZEN_V1.2.2
STA-00941,ADM-USER-001,ADMIN,用户列表,LOADING,首屏数据请求进行中,显示与最终布局一致的骨架屏,返回,与当前状态、权限或服务端version冲突的所有写操作,失败后显示重试,page_state_adm_user_001_loading,否,FROZEN_V1.2.2
STA-00942,ADM-USER-001,ADMIN,用户列表,CONTENT,核心数据完整且可交互,展示内容并按权限/状态机计算操作入口,页面定义的读写动作,与当前状态、权限或服务端version冲突的所有写操作,刷新或执行操作,page_state_adm_user_001_content,否,FROZEN_V1.2.2
STA-00943,ADM-USER-001,ADMIN,用户列表,EMPTY,查询成功但无符合条件的数据,展示业务化空状态、当前筛选和明确下一步,清除筛选/创建/返回,与当前状态、权限或服务端version冲突的所有写操作,修改筛选或执行主行动,page_state_adm_user_001_empty,否,FROZEN_V1.2.2
STA-00944,ADM-USER-001,ADMIN,用户列表,REFRESHING,已有内容上执行刷新,保留内容并显示轻量刷新指示,取消刷新,与当前状态、权限或服务端version冲突的所有写操作,失败保留旧数据,page_state_adm_user_001_refreshing,否,FROZEN_V1.2.2
STA-00945,ADM-USER-001,ADMIN,用户列表,PARTIAL_ERROR,非首屏请求或单模块失败,保留现有内容并在对应区域提示,局部重试,与当前状态、权限或服务端version冲突的所有写操作,成功后回到CONTENT,page_state_adm_user_001_partial_error,否,FROZEN_V1.2.2
STA-00946,ADM-USER-001,ADMIN,用户列表,NO_PERMISSION,后台角色或数据范围不足,隐藏敏感内容并记录访问拒绝,返回/申请权限,与当前状态、权限或服务端version冲突的所有写操作,禁止仅靠前端绕过,page_state_adm_user_001_no_permission,是,FROZEN_V1.2.2
STA-00947,ADM-USER-001,ADMIN,用户列表,ERROR,请求失败且无法展示可靠内容,展示稳定错误码、requestId、重试和返回,重试/返回,与当前状态、权限或服务端version冲突的所有写操作,按错误码恢复,page_state_adm_user_001_error,否,FROZEN_V1.2.2
STA-00948,ADM-USER-001,ADMIN,用户列表,OFFLINE,网络不可用,只读页面可展示标记为缓存的数据；写操作禁用,重试网络,与当前状态、权限或服务端version冲突的所有写操作,恢复网络后主动刷新,page_state_adm_user_001_offline,否,FROZEN_V1.2.2
STA-00949,ADM-USER-002,ADMIN,用户详情,LOADING,首屏数据请求进行中,显示与最终布局一致的骨架屏,返回,与当前状态、权限或服务端version冲突的所有写操作,失败后显示重试,page_state_adm_user_002_loading,否,FROZEN_V1.2.2
STA-00950,ADM-USER-002,ADMIN,用户详情,CONTENT,核心数据完整且可交互,展示内容并按权限/状态机计算操作入口,页面定义的读写动作,与当前状态、权限或服务端version冲突的所有写操作,刷新或执行操作,page_state_adm_user_002_content,否,FROZEN_V1.2.2
STA-00951,ADM-USER-002,ADMIN,用户详情,STALE,后台详情版本已过期,保留只读快照并提示刷新,重新加载,与当前状态、权限或服务端version冲突的所有写操作,不得覆盖服务端新版本,page_state_adm_user_002_stale,否,FROZEN_V1.2.2
STA-00952,ADM-USER-002,ADMIN,用户详情,NOT_FOUND,资源不存在、已删除或不再可访问,显示资源状态，移除无效入口,返回来源列表,与当前状态、权限或服务端version冲突的所有写操作,来源列表同步更新,page_state_adm_user_002_not_found,是,FROZEN_V1.2.2
STA-00953,ADM-USER-002,ADMIN,用户详情,NO_PERMISSION,后台角色或数据范围不足,隐藏敏感内容并记录访问拒绝,返回/申请权限,与当前状态、权限或服务端version冲突的所有写操作,禁止仅靠前端绕过,page_state_adm_user_002_no_permission,是,FROZEN_V1.2.2
STA-00954,ADM-USER-002,ADMIN,用户详情,CONFLICT,expectedVersion或状态机冲突,展示数据已变化和差异摘要,重新加载/放弃本地变更,与当前状态、权限或服务端version冲突的所有写操作,禁止盲目覆盖,page_state_adm_user_002_conflict,否,FROZEN_V1.2.2
STA-00955,ADM-USER-002,ADMIN,用户详情,ERROR,请求失败且无法展示可靠内容,展示稳定错误码、requestId、重试和返回,重试/返回,与当前状态、权限或服务端version冲突的所有写操作,按错误码恢复,page_state_adm_user_002_error,否,FROZEN_V1.2.2
STA-00956,ADM-USER-002,ADMIN,用户详情,OFFLINE,网络不可用,只读页面可展示标记为缓存的数据；写操作禁用,重试网络,与当前状态、权限或服务端version冲突的所有写操作,恢复网络后主动刷新,page_state_adm_user_002_offline,否,FROZEN_V1.2.2
STA-00957,ADM-ID-001,ADMIN,实名列表,LOADING,首屏数据请求进行中,显示与最终布局一致的骨架屏,返回,与当前状态、权限或服务端version冲突的所有写操作,失败后显示重试,page_state_adm_id_001_loading,否,FROZEN_V1.2.2
STA-00958,ADM-ID-001,ADMIN,实名列表,CONTENT,核心数据完整且可交互,展示内容并按权限/状态机计算操作入口,页面定义的读写动作,与当前状态、权限或服务端version冲突的所有写操作,刷新或执行操作,page_state_adm_id_001_content,否,FROZEN_V1.2.2
STA-00959,ADM-ID-001,ADMIN,实名列表,EMPTY,查询成功但无符合条件的数据,展示业务化空状态、当前筛选和明确下一步,清除筛选/创建/返回,与当前状态、权限或服务端version冲突的所有写操作,修改筛选或执行主行动,page_state_adm_id_001_empty,否,FROZEN_V1.2.2
STA-00960,ADM-ID-001,ADMIN,实名列表,REFRESHING,已有内容上执行刷新,保留内容并显示轻量刷新指示,取消刷新,与当前状态、权限或服务端version冲突的所有写操作,失败保留旧数据,page_state_adm_id_001_refreshing,否,FROZEN_V1.2.2
STA-00961,ADM-ID-001,ADMIN,实名列表,PARTIAL_ERROR,非首屏请求或单模块失败,保留现有内容并在对应区域提示,局部重试,与当前状态、权限或服务端version冲突的所有写操作,成功后回到CONTENT,page_state_adm_id_001_partial_error,否,FROZEN_V1.2.2
STA-00962,ADM-ID-001,ADMIN,实名列表,NO_PERMISSION,后台角色或数据范围不足,隐藏敏感内容并记录访问拒绝,返回/申请权限,与当前状态、权限或服务端version冲突的所有写操作,禁止仅靠前端绕过,page_state_adm_id_001_no_permission,是,FROZEN_V1.2.2
STA-00963,ADM-ID-001,ADMIN,实名列表,PENDING,结果等待审核、支付或异步处理,展示当前阶段、预计动作和刷新入口,刷新/返回,与当前状态、权限或服务端version冲突的所有写操作,通过查询更新,page_state_adm_id_001_pending,否,FROZEN_V1.2.2
STA-00964,ADM-ID-001,ADMIN,实名列表,REJECTED,审核或审批被拒绝,展示结构化原因和可编辑范围,修改/申诉/返回,与当前状态、权限或服务端version冲突的所有写操作,原版本保持不可用,page_state_adm_id_001_rejected,是,FROZEN_V1.2.2
STA-00965,ADM-ID-001,ADMIN,实名列表,COMPLETED,任务条件满足或奖励已领取,展示结果和账本入口,查看记录/返回,与当前状态、权限或服务端version冲突的所有写操作,重复进入查询已有结果,page_state_adm_id_001_completed,是,FROZEN_V1.2.2
STA-00966,ADM-ID-001,ADMIN,实名列表,ERROR,请求失败且无法展示可靠内容,展示稳定错误码、requestId、重试和返回,重试/返回,与当前状态、权限或服务端version冲突的所有写操作,按错误码恢复,page_state_adm_id_001_error,否,FROZEN_V1.2.2
STA-00967,ADM-ID-001,ADMIN,实名列表,OFFLINE,网络不可用,只读页面可展示标记为缓存的数据；写操作禁用,重试网络,与当前状态、权限或服务端version冲突的所有写操作,恢复网络后主动刷新,page_state_adm_id_001_offline,否,FROZEN_V1.2.2
STA-00968,ADM-ID-002,ADMIN,实名详情与复核,QUEUE,审核/工单队列加载完成,展示筛选、优先级和分配状态,领取/分配/查看,与当前状态、权限或服务端version冲突的所有写操作,并发分配使用版本锁,page_state_adm_id_002_queue,否,FROZEN_V1.2.2
STA-00969,ADM-ID-002,ADMIN,实名详情与复核,ASSIGNED,任务已分配给当前或其他处理人,展示处理人和SLA,开始处理/转派,与当前状态、权限或服务端version冲突的所有写操作,无权限者只读,page_state_adm_id_002_assigned,否,FROZEN_V1.2.2
STA-00970,ADM-ID-002,ADMIN,实名详情与复核,REVIEWING,处理人正在查看证据和规则,展示证据、历史和决定表单,决定/保存备注,与当前状态、权限或服务端version冲突的所有写操作,原图访问有时效,page_state_adm_id_002_reviewing,否,FROZEN_V1.2.2
STA-00971,ADM-ID-002,ADMIN,实名详情与复核,SUBMITTING,写请求已提交，结果未确定,锁定同资源写操作，保留输入，展示进度,查询结果/取消（业务允许时）,与当前状态、权限或服务端version冲突的所有写操作,不得重复生成新业务意图,page_state_adm_id_002_submitting,否,FROZEN_V1.2.2
STA-00972,ADM-ID-002,ADMIN,实名详情与复核,DECIDED,审核决定已提交,显示结果、通知和审计时间线,下一条/查看详情,与当前状态、权限或服务端version冲突的所有写操作,决定不可直接修改,page_state_adm_id_002_decided,是,FROZEN_V1.2.2
STA-00973,ADM-ID-002,ADMIN,实名详情与复核,CONFLICT,expectedVersion或状态机冲突,展示数据已变化和差异摘要,重新加载/放弃本地变更,与当前状态、权限或服务端version冲突的所有写操作,禁止盲目覆盖,page_state_adm_id_002_conflict,否,FROZEN_V1.2.2
STA-00974,ADM-ID-002,ADMIN,实名详情与复核,ERROR,请求失败且无法展示可靠内容,展示稳定错误码、requestId、重试和返回,重试/返回,与当前状态、权限或服务端version冲突的所有写操作,按错误码恢复,page_state_adm_id_002_error,否,FROZEN_V1.2.2
STA-00975,ADM-ID-002,ADMIN,实名详情与复核,PENDING,结果等待审核、支付或异步处理,展示当前阶段、预计动作和刷新入口,刷新/返回,与当前状态、权限或服务端version冲突的所有写操作,通过查询更新,page_state_adm_id_002_pending,否,FROZEN_V1.2.2
STA-00976,ADM-ID-002,ADMIN,实名详情与复核,REJECTED,审核或审批被拒绝,展示结构化原因和可编辑范围,修改/申诉/返回,与当前状态、权限或服务端version冲突的所有写操作,原版本保持不可用,page_state_adm_id_002_rejected,是,FROZEN_V1.2.2
STA-00977,ADM-ID-002,ADMIN,实名详情与复核,COMPLETED,任务条件满足或奖励已领取,展示结果和账本入口,查看记录/返回,与当前状态、权限或服务端version冲突的所有写操作,重复进入查询已有结果,page_state_adm_id_002_completed,是,FROZEN_V1.2.2
STA-00978,ADM-ID-002,ADMIN,实名详情与复核,OFFLINE,网络不可用,只读页面可展示标记为缓存的数据；写操作禁用,重试网络,与当前状态、权限或服务端version冲突的所有写操作,恢复网络后主动刷新,page_state_adm_id_002_offline,否,FROZEN_V1.2.2
STA-00979,ADM-ID-002,ADMIN,实名详情与复核,NO_PERMISSION,后台角色或数据范围不足,隐藏敏感内容并记录访问拒绝,返回/申请权限,与当前状态、权限或服务端version冲突的所有写操作,禁止仅靠前端绕过,page_state_adm_id_002_no_permission,是,FROZEN_V1.2.2
STA-00980,ADM-CONTENT-001,ADMIN,统一内容列表,LOADING,首屏数据请求进行中,显示与最终布局一致的骨架屏,返回,与当前状态、权限或服务端version冲突的所有写操作,失败后显示重试,page_state_adm_content_001_loading,否,FROZEN_V1.2.2
STA-00981,ADM-CONTENT-001,ADMIN,统一内容列表,CONTENT,核心数据完整且可交互,展示内容并按权限/状态机计算操作入口,页面定义的读写动作,与当前状态、权限或服务端version冲突的所有写操作,刷新或执行操作,page_state_adm_content_001_content,否,FROZEN_V1.2.2
STA-00982,ADM-CONTENT-001,ADMIN,统一内容列表,EMPTY,查询成功但无符合条件的数据,展示业务化空状态、当前筛选和明确下一步,清除筛选/创建/返回,与当前状态、权限或服务端version冲突的所有写操作,修改筛选或执行主行动,page_state_adm_content_001_empty,否,FROZEN_V1.2.2
STA-00983,ADM-CONTENT-001,ADMIN,统一内容列表,REFRESHING,已有内容上执行刷新,保留内容并显示轻量刷新指示,取消刷新,与当前状态、权限或服务端version冲突的所有写操作,失败保留旧数据,page_state_adm_content_001_refreshing,否,FROZEN_V1.2.2
STA-00984,ADM-CONTENT-001,ADMIN,统一内容列表,PARTIAL_ERROR,非首屏请求或单模块失败,保留现有内容并在对应区域提示,局部重试,与当前状态、权限或服务端version冲突的所有写操作,成功后回到CONTENT,page_state_adm_content_001_partial_error,否,FROZEN_V1.2.2
STA-00985,ADM-CONTENT-001,ADMIN,统一内容列表,NO_PERMISSION,后台角色或数据范围不足,隐藏敏感内容并记录访问拒绝,返回/申请权限,与当前状态、权限或服务端version冲突的所有写操作,禁止仅靠前端绕过,page_state_adm_content_001_no_permission,是,FROZEN_V1.2.2
STA-00986,ADM-CONTENT-001,ADMIN,统一内容列表,ERROR,请求失败且无法展示可靠内容,展示稳定错误码、requestId、重试和返回,重试/返回,与当前状态、权限或服务端version冲突的所有写操作,按错误码恢复,page_state_adm_content_001_error,否,FROZEN_V1.2.2
STA-00987,ADM-CONTENT-001,ADMIN,统一内容列表,OFFLINE,网络不可用,只读页面可展示标记为缓存的数据；写操作禁用,重试网络,与当前状态、权限或服务端version冲突的所有写操作,恢复网络后主动刷新,page_state_adm_content_001_offline,否,FROZEN_V1.2.2
STA-00988,ADM-CONTENT-002,ADMIN,内容详情,LOADING,首屏数据请求进行中,显示与最终布局一致的骨架屏,返回,与当前状态、权限或服务端version冲突的所有写操作,失败后显示重试,page_state_adm_content_002_loading,否,FROZEN_V1.2.2
STA-00989,ADM-CONTENT-002,ADMIN,内容详情,CONTENT,核心数据完整且可交互,展示内容并按权限/状态机计算操作入口,页面定义的读写动作,与当前状态、权限或服务端version冲突的所有写操作,刷新或执行操作,page_state_adm_content_002_content,否,FROZEN_V1.2.2
STA-00990,ADM-CONTENT-002,ADMIN,内容详情,STALE,后台详情版本已过期,保留只读快照并提示刷新,重新加载,与当前状态、权限或服务端version冲突的所有写操作,不得覆盖服务端新版本,page_state_adm_content_002_stale,否,FROZEN_V1.2.2
STA-00991,ADM-CONTENT-002,ADMIN,内容详情,NOT_FOUND,资源不存在、已删除或不再可访问,显示资源状态，移除无效入口,返回来源列表,与当前状态、权限或服务端version冲突的所有写操作,来源列表同步更新,page_state_adm_content_002_not_found,是,FROZEN_V1.2.2
STA-00992,ADM-CONTENT-002,ADMIN,内容详情,NO_PERMISSION,后台角色或数据范围不足,隐藏敏感内容并记录访问拒绝,返回/申请权限,与当前状态、权限或服务端version冲突的所有写操作,禁止仅靠前端绕过,page_state_adm_content_002_no_permission,是,FROZEN_V1.2.2
STA-00993,ADM-CONTENT-002,ADMIN,内容详情,CONFLICT,expectedVersion或状态机冲突,展示数据已变化和差异摘要,重新加载/放弃本地变更,与当前状态、权限或服务端version冲突的所有写操作,禁止盲目覆盖,page_state_adm_content_002_conflict,否,FROZEN_V1.2.2
STA-00994,ADM-CONTENT-002,ADMIN,内容详情,ERROR,请求失败且无法展示可靠内容,展示稳定错误码、requestId、重试和返回,重试/返回,与当前状态、权限或服务端version冲突的所有写操作,按错误码恢复,page_state_adm_content_002_error,否,FROZEN_V1.2.2
STA-00995,ADM-CONTENT-002,ADMIN,内容详情,OFFLINE,网络不可用,只读页面可展示标记为缓存的数据；写操作禁用,重试网络,与当前状态、权限或服务端version冲突的所有写操作,恢复网络后主动刷新,page_state_adm_content_002_offline,否,FROZEN_V1.2.2
STA-00996,ADM-CONTENT-003,ADMIN,字典与属性,LOADING,首屏数据请求进行中,显示与最终布局一致的骨架屏,返回,与当前状态、权限或服务端version冲突的所有写操作,失败后显示重试,page_state_adm_content_003_loading,否,FROZEN_V1.2.2
STA-00997,ADM-CONTENT-003,ADMIN,字典与属性,CONTENT,核心数据完整且可交互,展示内容并按权限/状态机计算操作入口,页面定义的读写动作,与当前状态、权限或服务端version冲突的所有写操作,刷新或执行操作,page_state_adm_content_003_content,否,FROZEN_V1.2.2
STA-00998,ADM-CONTENT-003,ADMIN,字典与属性,EMPTY,查询成功但无符合条件的数据,展示业务化空状态、当前筛选和明确下一步,清除筛选/创建/返回,与当前状态、权限或服务端version冲突的所有写操作,修改筛选或执行主行动,page_state_adm_content_003_empty,否,FROZEN_V1.2.2
STA-00999,ADM-CONTENT-003,ADMIN,字典与属性,REFRESHING,已有内容上执行刷新,保留内容并显示轻量刷新指示,取消刷新,与当前状态、权限或服务端version冲突的所有写操作,失败保留旧数据,page_state_adm_content_003_refreshing,否,FROZEN_V1.2.2
STA-01000,ADM-CONTENT-003,ADMIN,字典与属性,PARTIAL_ERROR,非首屏请求或单模块失败,保留现有内容并在对应区域提示,局部重试,与当前状态、权限或服务端version冲突的所有写操作,成功后回到CONTENT,page_state_adm_content_003_partial_error,否,FROZEN_V1.2.2
STA-01001,ADM-CONTENT-003,ADMIN,字典与属性,NO_PERMISSION,后台角色或数据范围不足,隐藏敏感内容并记录访问拒绝,返回/申请权限,与当前状态、权限或服务端version冲突的所有写操作,禁止仅靠前端绕过,page_state_adm_content_003_no_permission,是,FROZEN_V1.2.2
STA-01002,ADM-CONTENT-003,ADMIN,字典与属性,ERROR,请求失败且无法展示可靠内容,展示稳定错误码、requestId、重试和返回,重试/返回,与当前状态、权限或服务端version冲突的所有写操作,按错误码恢复,page_state_adm_content_003_error,否,FROZEN_V1.2.2
STA-01003,ADM-CONTENT-003,ADMIN,字典与属性,OFFLINE,网络不可用,只读页面可展示标记为缓存的数据；写操作禁用,重试网络,与当前状态、权限或服务端version冲突的所有写操作,恢复网络后主动刷新,page_state_adm_content_003_offline,否,FROZEN_V1.2.2
STA-01004,ADM-REVIEW-001,ADMIN,审核队列,QUEUE,审核/工单队列加载完成,展示筛选、优先级和分配状态,领取/分配/查看,与当前状态、权限或服务端version冲突的所有写操作,并发分配使用版本锁,page_state_adm_review_001_queue,否,FROZEN_V1.2.2
STA-01005,ADM-REVIEW-001,ADMIN,审核队列,ASSIGNED,任务已分配给当前或其他处理人,展示处理人和SLA,开始处理/转派,与当前状态、权限或服务端version冲突的所有写操作,无权限者只读,page_state_adm_review_001_assigned,否,FROZEN_V1.2.2
STA-01006,ADM-REVIEW-001,ADMIN,审核队列,REVIEWING,处理人正在查看证据和规则,展示证据、历史和决定表单,决定/保存备注,与当前状态、权限或服务端version冲突的所有写操作,原图访问有时效,page_state_adm_review_001_reviewing,否,FROZEN_V1.2.2
STA-01007,ADM-REVIEW-001,ADMIN,审核队列,SUBMITTING,写请求已提交，结果未确定,锁定同资源写操作，保留输入，展示进度,查询结果/取消（业务允许时）,与当前状态、权限或服务端version冲突的所有写操作,不得重复生成新业务意图,page_state_adm_review_001_submitting,否,FROZEN_V1.2.2
STA-01008,ADM-REVIEW-001,ADMIN,审核队列,DECIDED,审核决定已提交,显示结果、通知和审计时间线,下一条/查看详情,与当前状态、权限或服务端version冲突的所有写操作,决定不可直接修改,page_state_adm_review_001_decided,是,FROZEN_V1.2.2
STA-01009,ADM-REVIEW-001,ADMIN,审核队列,CONFLICT,expectedVersion或状态机冲突,展示数据已变化和差异摘要,重新加载/放弃本地变更,与当前状态、权限或服务端version冲突的所有写操作,禁止盲目覆盖,page_state_adm_review_001_conflict,否,FROZEN_V1.2.2
STA-01010,ADM-REVIEW-001,ADMIN,审核队列,ERROR,请求失败且无法展示可靠内容,展示稳定错误码、requestId、重试和返回,重试/返回,与当前状态、权限或服务端version冲突的所有写操作,按错误码恢复,page_state_adm_review_001_error,否,FROZEN_V1.2.2
STA-01011,ADM-REVIEW-001,ADMIN,审核队列,REJECTED,审核或审批被拒绝,展示结构化原因和可编辑范围,修改/申诉/返回,与当前状态、权限或服务端version冲突的所有写操作,原版本保持不可用,page_state_adm_review_001_rejected,是,FROZEN_V1.2.2
STA-01012,ADM-REVIEW-001,ADMIN,审核队列,OFFLINE,网络不可用,只读页面可展示标记为缓存的数据；写操作禁用,重试网络,与当前状态、权限或服务端version冲突的所有写操作,恢复网络后主动刷新,page_state_adm_review_001_offline,否,FROZEN_V1.2.2
STA-01013,ADM-REVIEW-001,ADMIN,审核队列,NO_PERMISSION,后台角色或数据范围不足,隐藏敏感内容并记录访问拒绝,返回/申请权限,与当前状态、权限或服务端version冲突的所有写操作,禁止仅靠前端绕过,page_state_adm_review_001_no_permission,是,FROZEN_V1.2.2
STA-01014,ADM-RP-001,ADMIN,红包活动列表,LOADING,首屏数据请求进行中,显示与最终布局一致的骨架屏,返回,与当前状态、权限或服务端version冲突的所有写操作,失败后显示重试,page_state_adm_rp_001_loading,否,FROZEN_V1.2.2
STA-01015,ADM-RP-001,ADMIN,红包活动列表,CONTENT,核心数据完整且可交互,展示内容并按权限/状态机计算操作入口,页面定义的读写动作,与当前状态、权限或服务端version冲突的所有写操作,刷新或执行操作,page_state_adm_rp_001_content,否,FROZEN_V1.2.2
STA-01016,ADM-RP-001,ADMIN,红包活动列表,EMPTY,查询成功但无符合条件的数据,展示业务化空状态、当前筛选和明确下一步,清除筛选/创建/返回,与当前状态、权限或服务端version冲突的所有写操作,修改筛选或执行主行动,page_state_adm_rp_001_empty,否,FROZEN_V1.2.2
STA-01017,ADM-RP-001,ADMIN,红包活动列表,REFRESHING,已有内容上执行刷新,保留内容并显示轻量刷新指示,取消刷新,与当前状态、权限或服务端version冲突的所有写操作,失败保留旧数据,page_state_adm_rp_001_refreshing,否,FROZEN_V1.2.2
STA-01018,ADM-RP-001,ADMIN,红包活动列表,PARTIAL_ERROR,非首屏请求或单模块失败,保留现有内容并在对应区域提示,局部重试,与当前状态、权限或服务端version冲突的所有写操作,成功后回到CONTENT,page_state_adm_rp_001_partial_error,否,FROZEN_V1.2.2
STA-01019,ADM-RP-001,ADMIN,红包活动列表,NO_PERMISSION,后台角色或数据范围不足,隐藏敏感内容并记录访问拒绝,返回/申请权限,与当前状态、权限或服务端version冲突的所有写操作,禁止仅靠前端绕过,page_state_adm_rp_001_no_permission,是,FROZEN_V1.2.2
STA-01020,ADM-RP-001,ADMIN,红包活动列表,INELIGIBLE,不满足任务或红包资格,展示具体原因和可改善条件,返回/查看规则,与当前状态、权限或服务端version冲突的所有写操作,不创建浏览会话,page_state_adm_rp_001_ineligible,是,FROZEN_V1.2.2
STA-01021,ADM-RP-001,ADMIN,红包活动列表,READY,资格检查通过，可开始任务,展示任务规则和开始确认,开始/返回,与当前状态、权限或服务端version冲突的所有写操作,开始后由服务端创建会话,page_state_adm_rp_001_ready,否,FROZEN_V1.2.2
STA-01022,ADM-RP-001,ADMIN,红包活动列表,RUNNING,任务有效进行中,展示服务端进度、心跳和可见性,继续/取消,与当前状态、权限或服务端version冲突的所有写操作,本地计时不决定奖励,page_state_adm_rp_001_running,否,FROZEN_V1.2.2
STA-01023,ADM-RP-001,ADMIN,红包活动列表,RESERVED,奖励名额已短期预留,显示剩余预留时间并完成领取条件,领取/取消,与当前状态、权限或服务端version冲突的所有写操作,超时进入EXPIRED,page_state_adm_rp_001_reserved,否,FROZEN_V1.2.2
STA-01024,ADM-RP-001,ADMIN,红包活动列表,COMPLETED,任务条件满足或奖励已领取,展示结果和账本入口,查看记录/返回,与当前状态、权限或服务端version冲突的所有写操作,重复进入查询已有结果,page_state_adm_rp_001_completed,是,FROZEN_V1.2.2
STA-01025,ADM-RP-001,ADMIN,红包活动列表,EXPIRED,资格、报价、验证码或预留过期,说明过期原因,重新开始/返回,与当前状态、权限或服务端version冲突的所有写操作,生成新的会话/报价/挑战,page_state_adm_rp_001_expired,是,FROZEN_V1.2.2
STA-01026,ADM-RP-001,ADMIN,红包活动列表,RISK_BLOCKED,风控拒绝继续任务,展示通用原因和申诉入口，不泄露规则细节,申诉/返回,与当前状态、权限或服务端version冲突的所有写操作,记录风险事件,page_state_adm_rp_001_risk_blocked,是,FROZEN_V1.2.2
STA-01027,ADM-RP-001,ADMIN,红包活动列表,ERROR,请求失败且无法展示可靠内容,展示稳定错误码、requestId、重试和返回,重试/返回,与当前状态、权限或服务端version冲突的所有写操作,按错误码恢复,page_state_adm_rp_001_error,否,FROZEN_V1.2.2
STA-01028,ADM-RP-001,ADMIN,红包活动列表,OFFLINE,网络不可用,只读页面可展示标记为缓存的数据；写操作禁用,重试网络,与当前状态、权限或服务端version冲突的所有写操作,恢复网络后主动刷新,page_state_adm_rp_001_offline,否,FROZEN_V1.2.2
STA-01029,ADM-RP-002,ADMIN,红包活动详情,LOADING,首屏数据请求进行中,显示与最终布局一致的骨架屏,返回,与当前状态、权限或服务端version冲突的所有写操作,失败后显示重试,page_state_adm_rp_002_loading,否,FROZEN_V1.2.2
STA-01030,ADM-RP-002,ADMIN,红包活动详情,CONTENT,核心数据完整且可交互,展示内容并按权限/状态机计算操作入口,页面定义的读写动作,与当前状态、权限或服务端version冲突的所有写操作,刷新或执行操作,page_state_adm_rp_002_content,否,FROZEN_V1.2.2
STA-01031,ADM-RP-002,ADMIN,红包活动详情,STALE,后台详情版本已过期,保留只读快照并提示刷新,重新加载,与当前状态、权限或服务端version冲突的所有写操作,不得覆盖服务端新版本,page_state_adm_rp_002_stale,否,FROZEN_V1.2.2
STA-01032,ADM-RP-002,ADMIN,红包活动详情,NOT_FOUND,资源不存在、已删除或不再可访问,显示资源状态，移除无效入口,返回来源列表,与当前状态、权限或服务端version冲突的所有写操作,来源列表同步更新,page_state_adm_rp_002_not_found,是,FROZEN_V1.2.2
STA-01033,ADM-RP-002,ADMIN,红包活动详情,NO_PERMISSION,后台角色或数据范围不足,隐藏敏感内容并记录访问拒绝,返回/申请权限,与当前状态、权限或服务端version冲突的所有写操作,禁止仅靠前端绕过,page_state_adm_rp_002_no_permission,是,FROZEN_V1.2.2
STA-01034,ADM-RP-002,ADMIN,红包活动详情,CONFLICT,expectedVersion或状态机冲突,展示数据已变化和差异摘要,重新加载/放弃本地变更,与当前状态、权限或服务端version冲突的所有写操作,禁止盲目覆盖,page_state_adm_rp_002_conflict,否,FROZEN_V1.2.2
STA-01035,ADM-RP-002,ADMIN,红包活动详情,ERROR,请求失败且无法展示可靠内容,展示稳定错误码、requestId、重试和返回,重试/返回,与当前状态、权限或服务端version冲突的所有写操作,按错误码恢复,page_state_adm_rp_002_error,否,FROZEN_V1.2.2
STA-01036,ADM-RP-002,ADMIN,红包活动详情,INELIGIBLE,不满足任务或红包资格,展示具体原因和可改善条件,返回/查看规则,与当前状态、权限或服务端version冲突的所有写操作,不创建浏览会话,page_state_adm_rp_002_ineligible,是,FROZEN_V1.2.2
STA-01037,ADM-RP-002,ADMIN,红包活动详情,READY,资格检查通过，可开始任务,展示任务规则和开始确认,开始/返回,与当前状态、权限或服务端version冲突的所有写操作,开始后由服务端创建会话,page_state_adm_rp_002_ready,否,FROZEN_V1.2.2
STA-01038,ADM-RP-002,ADMIN,红包活动详情,RUNNING,任务有效进行中,展示服务端进度、心跳和可见性,继续/取消,与当前状态、权限或服务端version冲突的所有写操作,本地计时不决定奖励,page_state_adm_rp_002_running,否,FROZEN_V1.2.2
STA-01039,ADM-RP-002,ADMIN,红包活动详情,RESERVED,奖励名额已短期预留,显示剩余预留时间并完成领取条件,领取/取消,与当前状态、权限或服务端version冲突的所有写操作,超时进入EXPIRED,page_state_adm_rp_002_reserved,否,FROZEN_V1.2.2
STA-01040,ADM-RP-002,ADMIN,红包活动详情,COMPLETED,任务条件满足或奖励已领取,展示结果和账本入口,查看记录/返回,与当前状态、权限或服务端version冲突的所有写操作,重复进入查询已有结果,page_state_adm_rp_002_completed,是,FROZEN_V1.2.2
STA-01041,ADM-RP-002,ADMIN,红包活动详情,EXPIRED,资格、报价、验证码或预留过期,说明过期原因,重新开始/返回,与当前状态、权限或服务端version冲突的所有写操作,生成新的会话/报价/挑战,page_state_adm_rp_002_expired,是,FROZEN_V1.2.2
STA-01042,ADM-RP-002,ADMIN,红包活动详情,RISK_BLOCKED,风控拒绝继续任务,展示通用原因和申诉入口，不泄露规则细节,申诉/返回,与当前状态、权限或服务端version冲突的所有写操作,记录风险事件,page_state_adm_rp_002_risk_blocked,是,FROZEN_V1.2.2
STA-01043,ADM-RP-002,ADMIN,红包活动详情,OFFLINE,网络不可用,只读页面可展示标记为缓存的数据；写操作禁用,重试网络,与当前状态、权限或服务端version冲突的所有写操作,恢复网络后主动刷新,page_state_adm_rp_002_offline,否,FROZEN_V1.2.2
STA-01044,ADM-RP-003,ADMIN,红包预审核,QUEUE,审核/工单队列加载完成,展示筛选、优先级和分配状态,领取/分配/查看,与当前状态、权限或服务端version冲突的所有写操作,并发分配使用版本锁,page_state_adm_rp_003_queue,否,FROZEN_V1.2.2
STA-01045,ADM-RP-003,ADMIN,红包预审核,ASSIGNED,任务已分配给当前或其他处理人,展示处理人和SLA,开始处理/转派,与当前状态、权限或服务端version冲突的所有写操作,无权限者只读,page_state_adm_rp_003_assigned,否,FROZEN_V1.2.2
STA-01046,ADM-RP-003,ADMIN,红包预审核,REVIEWING,处理人正在查看证据和规则,展示证据、历史和决定表单,决定/保存备注,与当前状态、权限或服务端version冲突的所有写操作,原图访问有时效,page_state_adm_rp_003_reviewing,否,FROZEN_V1.2.2
STA-01047,ADM-RP-003,ADMIN,红包预审核,SUBMITTING,写请求已提交，结果未确定,锁定同资源写操作，保留输入，展示进度,查询结果/取消（业务允许时）,与当前状态、权限或服务端version冲突的所有写操作,不得重复生成新业务意图,page_state_adm_rp_003_submitting,否,FROZEN_V1.2.2
STA-01048,ADM-RP-003,ADMIN,红包预审核,DECIDED,审核决定已提交,显示结果、通知和审计时间线,下一条/查看详情,与当前状态、权限或服务端version冲突的所有写操作,决定不可直接修改,page_state_adm_rp_003_decided,是,FROZEN_V1.2.2
STA-01049,ADM-RP-003,ADMIN,红包预审核,CONFLICT,expectedVersion或状态机冲突,展示数据已变化和差异摘要,重新加载/放弃本地变更,与当前状态、权限或服务端version冲突的所有写操作,禁止盲目覆盖,page_state_adm_rp_003_conflict,否,FROZEN_V1.2.2
STA-01050,ADM-RP-003,ADMIN,红包预审核,ERROR,请求失败且无法展示可靠内容,展示稳定错误码、requestId、重试和返回,重试/返回,与当前状态、权限或服务端version冲突的所有写操作,按错误码恢复,page_state_adm_rp_003_error,否,FROZEN_V1.2.2
STA-01051,ADM-RP-003,ADMIN,红包预审核,INELIGIBLE,不满足任务或红包资格,展示具体原因和可改善条件,返回/查看规则,与当前状态、权限或服务端version冲突的所有写操作,不创建浏览会话,page_state_adm_rp_003_ineligible,是,FROZEN_V1.2.2
STA-01052,ADM-RP-003,ADMIN,红包预审核,READY,资格检查通过，可开始任务,展示任务规则和开始确认,开始/返回,与当前状态、权限或服务端version冲突的所有写操作,开始后由服务端创建会话,page_state_adm_rp_003_ready,否,FROZEN_V1.2.2
STA-01053,ADM-RP-003,ADMIN,红包预审核,RUNNING,任务有效进行中,展示服务端进度、心跳和可见性,继续/取消,与当前状态、权限或服务端version冲突的所有写操作,本地计时不决定奖励,page_state_adm_rp_003_running,否,FROZEN_V1.2.2
STA-01054,ADM-RP-003,ADMIN,红包预审核,RESERVED,奖励名额已短期预留,显示剩余预留时间并完成领取条件,领取/取消,与当前状态、权限或服务端version冲突的所有写操作,超时进入EXPIRED,page_state_adm_rp_003_reserved,否,FROZEN_V1.2.2
STA-01055,ADM-RP-003,ADMIN,红包预审核,COMPLETED,任务条件满足或奖励已领取,展示结果和账本入口,查看记录/返回,与当前状态、权限或服务端version冲突的所有写操作,重复进入查询已有结果,page_state_adm_rp_003_completed,是,FROZEN_V1.2.2
STA-01056,ADM-RP-003,ADMIN,红包预审核,EXPIRED,资格、报价、验证码或预留过期,说明过期原因,重新开始/返回,与当前状态、权限或服务端version冲突的所有写操作,生成新的会话/报价/挑战,page_state_adm_rp_003_expired,是,FROZEN_V1.2.2
STA-01057,ADM-RP-003,ADMIN,红包预审核,RISK_BLOCKED,风控拒绝继续任务,展示通用原因和申诉入口，不泄露规则细节,申诉/返回,与当前状态、权限或服务端version冲突的所有写操作,记录风险事件,page_state_adm_rp_003_risk_blocked,是,FROZEN_V1.2.2
STA-01058,ADM-RP-003,ADMIN,红包预审核,REJECTED,审核或审批被拒绝,展示结构化原因和可编辑范围,修改/申诉/返回,与当前状态、权限或服务端version冲突的所有写操作,原版本保持不可用,page_state_adm_rp_003_rejected,是,FROZEN_V1.2.2
STA-01059,ADM-RP-003,ADMIN,红包预审核,OFFLINE,网络不可用,只读页面可展示标记为缓存的数据；写操作禁用,重试网络,与当前状态、权限或服务端version冲突的所有写操作,恢复网络后主动刷新,page_state_adm_rp_003_offline,否,FROZEN_V1.2.2
STA-01060,ADM-RP-003,ADMIN,红包预审核,NO_PERMISSION,后台角色或数据范围不足,隐藏敏感内容并记录访问拒绝,返回/申请权限,与当前状态、权限或服务端version冲突的所有写操作,禁止仅靠前端绕过,page_state_adm_rp_003_no_permission,是,FROZEN_V1.2.2
STA-01061,ADM-RP-004,ADMIN,红包风险事件,LOADING,首屏数据请求进行中,显示与最终布局一致的骨架屏,返回,与当前状态、权限或服务端version冲突的所有写操作,失败后显示重试,page_state_adm_rp_004_loading,否,FROZEN_V1.2.2
STA-01062,ADM-RP-004,ADMIN,红包风险事件,CONTENT,核心数据完整且可交互,展示内容并按权限/状态机计算操作入口,页面定义的读写动作,与当前状态、权限或服务端version冲突的所有写操作,刷新或执行操作,page_state_adm_rp_004_content,否,FROZEN_V1.2.2
STA-01063,ADM-RP-004,ADMIN,红包风险事件,NO_PERMISSION,后台角色或数据范围不足,隐藏敏感内容并记录访问拒绝,返回/申请权限,与当前状态、权限或服务端version冲突的所有写操作,禁止仅靠前端绕过,page_state_adm_rp_004_no_permission,是,FROZEN_V1.2.2
STA-01064,ADM-RP-004,ADMIN,红包风险事件,PENDING_APPROVAL,敏感变更等待双人复核,锁定关键字段，展示审批进度,撤回（允许时）/查看审批,与当前状态、权限或服务端version冲突的所有写操作,申请人不得自审,page_state_adm_rp_004_pending_approval,否,FROZEN_V1.2.2
STA-01065,ADM-RP-004,ADMIN,红包风险事件,ERROR,请求失败且无法展示可靠内容,展示稳定错误码、requestId、重试和返回,重试/返回,与当前状态、权限或服务端version冲突的所有写操作,按错误码恢复,page_state_adm_rp_004_error,否,FROZEN_V1.2.2
STA-01066,ADM-RP-004,ADMIN,红包风险事件,INELIGIBLE,不满足任务或红包资格,展示具体原因和可改善条件,返回/查看规则,与当前状态、权限或服务端version冲突的所有写操作,不创建浏览会话,page_state_adm_rp_004_ineligible,是,FROZEN_V1.2.2
STA-01067,ADM-RP-004,ADMIN,红包风险事件,READY,资格检查通过，可开始任务,展示任务规则和开始确认,开始/返回,与当前状态、权限或服务端version冲突的所有写操作,开始后由服务端创建会话,page_state_adm_rp_004_ready,否,FROZEN_V1.2.2
STA-01068,ADM-RP-004,ADMIN,红包风险事件,RUNNING,任务有效进行中,展示服务端进度、心跳和可见性,继续/取消,与当前状态、权限或服务端version冲突的所有写操作,本地计时不决定奖励,page_state_adm_rp_004_running,否,FROZEN_V1.2.2
STA-01069,ADM-RP-004,ADMIN,红包风险事件,RESERVED,奖励名额已短期预留,显示剩余预留时间并完成领取条件,领取/取消,与当前状态、权限或服务端version冲突的所有写操作,超时进入EXPIRED,page_state_adm_rp_004_reserved,否,FROZEN_V1.2.2
STA-01070,ADM-RP-004,ADMIN,红包风险事件,COMPLETED,任务条件满足或奖励已领取,展示结果和账本入口,查看记录/返回,与当前状态、权限或服务端version冲突的所有写操作,重复进入查询已有结果,page_state_adm_rp_004_completed,是,FROZEN_V1.2.2
STA-01071,ADM-RP-004,ADMIN,红包风险事件,EXPIRED,资格、报价、验证码或预留过期,说明过期原因,重新开始/返回,与当前状态、权限或服务端version冲突的所有写操作,生成新的会话/报价/挑战,page_state_adm_rp_004_expired,是,FROZEN_V1.2.2
STA-01072,ADM-RP-004,ADMIN,红包风险事件,RISK_BLOCKED,风控拒绝继续任务,展示通用原因和申诉入口，不泄露规则细节,申诉/返回,与当前状态、权限或服务端version冲突的所有写操作,记录风险事件,page_state_adm_rp_004_risk_blocked,是,FROZEN_V1.2.2
STA-01073,ADM-RP-004,ADMIN,红包风险事件,OFFLINE,网络不可用,只读页面可展示标记为缓存的数据；写操作禁用,重试网络,与当前状态、权限或服务端version冲突的所有写操作,恢复网络后主动刷新,page_state_adm_rp_004_offline,否,FROZEN_V1.2.2
STA-01074,ADM-PROD-001,ADMIN,商品与SKU,LOADING,首屏数据请求进行中,显示与最终布局一致的骨架屏,返回,与当前状态、权限或服务端version冲突的所有写操作,失败后显示重试,page_state_adm_prod_001_loading,否,FROZEN_V1.2.2
STA-01075,ADM-PROD-001,ADMIN,商品与SKU,CONTENT,核心数据完整且可交互,展示内容并按权限/状态机计算操作入口,页面定义的读写动作,与当前状态、权限或服务端version冲突的所有写操作,刷新或执行操作,page_state_adm_prod_001_content,否,FROZEN_V1.2.2
STA-01076,ADM-PROD-001,ADMIN,商品与SKU,EMPTY,查询成功但无符合条件的数据,展示业务化空状态、当前筛选和明确下一步,清除筛选/创建/返回,与当前状态、权限或服务端version冲突的所有写操作,修改筛选或执行主行动,page_state_adm_prod_001_empty,否,FROZEN_V1.2.2
STA-01077,ADM-PROD-001,ADMIN,商品与SKU,REFRESHING,已有内容上执行刷新,保留内容并显示轻量刷新指示,取消刷新,与当前状态、权限或服务端version冲突的所有写操作,失败保留旧数据,page_state_adm_prod_001_refreshing,否,FROZEN_V1.2.2
STA-01078,ADM-PROD-001,ADMIN,商品与SKU,PARTIAL_ERROR,非首屏请求或单模块失败,保留现有内容并在对应区域提示,局部重试,与当前状态、权限或服务端version冲突的所有写操作,成功后回到CONTENT,page_state_adm_prod_001_partial_error,否,FROZEN_V1.2.2
STA-01079,ADM-PROD-001,ADMIN,商品与SKU,NO_PERMISSION,后台角色或数据范围不足,隐藏敏感内容并记录访问拒绝,返回/申请权限,与当前状态、权限或服务端version冲突的所有写操作,禁止仅靠前端绕过,page_state_adm_prod_001_no_permission,是,FROZEN_V1.2.2
STA-01080,ADM-PROD-001,ADMIN,商品与SKU,ERROR,请求失败且无法展示可靠内容,展示稳定错误码、requestId、重试和返回,重试/返回,与当前状态、权限或服务端version冲突的所有写操作,按错误码恢复,page_state_adm_prod_001_error,否,FROZEN_V1.2.2
STA-01081,ADM-PROD-001,ADMIN,商品与SKU,OFFLINE,网络不可用,只读页面可展示标记为缓存的数据；写操作禁用,重试网络,与当前状态、权限或服务端version冲突的所有写操作,恢复网络后主动刷新,page_state_adm_prod_001_offline,否,FROZEN_V1.2.2
STA-01082,ADM-ORDER-001,ADMIN,订单列表,LOADING,首屏数据请求进行中,显示与最终布局一致的骨架屏,返回,与当前状态、权限或服务端version冲突的所有写操作,失败后显示重试,page_state_adm_order_001_loading,否,FROZEN_V1.2.2
STA-01083,ADM-ORDER-001,ADMIN,订单列表,CONTENT,核心数据完整且可交互,展示内容并按权限/状态机计算操作入口,页面定义的读写动作,与当前状态、权限或服务端version冲突的所有写操作,刷新或执行操作,page_state_adm_order_001_content,否,FROZEN_V1.2.2
STA-01084,ADM-ORDER-001,ADMIN,订单列表,EMPTY,查询成功但无符合条件的数据,展示当前筛选、暂无订单说明和返回路径；不得出现创建订单或联系客服,清除筛选/返回,与当前状态、权限或服务端version冲突的所有写操作,修改筛选或执行主行动,page_state_adm_order_001_empty,否,FROZEN_R16_CR0440
STA-01085,ADM-ORDER-001,ADMIN,订单列表,REFRESHING,已有内容上执行刷新,保留内容并显示轻量刷新指示,取消刷新,与当前状态、权限或服务端version冲突的所有写操作,失败保留旧数据,page_state_adm_order_001_refreshing,否,FROZEN_V1.2.2
STA-01086,ADM-ORDER-001,ADMIN,订单列表,PARTIAL_ERROR,非首屏请求或单模块失败,保留现有内容并在对应区域提示,局部重试,与当前状态、权限或服务端version冲突的所有写操作,成功后回到CONTENT,page_state_adm_order_001_partial_error,否,FROZEN_V1.2.2
STA-01087,ADM-ORDER-001,ADMIN,订单列表,NO_PERMISSION,后台角色或数据范围不足,隐藏敏感内容并记录访问拒绝,返回/申请权限,与当前状态、权限或服务端version冲突的所有写操作,禁止仅靠前端绕过,page_state_adm_order_001_no_permission,是,FROZEN_V1.2.2
STA-01088,ADM-ORDER-001,ADMIN,订单列表,ERROR,请求失败且无法展示可靠内容,展示稳定错误码、requestId、重试和返回,重试/返回,与当前状态、权限或服务端version冲突的所有写操作,按错误码恢复,page_state_adm_order_001_error,否,FROZEN_V1.2.2
STA-01089,ADM-ORDER-001,ADMIN,订单列表,OFFLINE,网络不可用,只读页面可展示标记为缓存的数据；写操作禁用,重试网络,与当前状态、权限或服务端version冲突的所有写操作,恢复网络后主动刷新,page_state_adm_order_001_offline,否,FROZEN_V1.2.2
STA-01090,ADM-PAY-001,ADMIN,支付交易,LOADING,首屏数据请求进行中,显示与最终布局一致的骨架屏,返回,与当前状态、权限或服务端version冲突的所有写操作,失败后显示重试,page_state_adm_pay_001_loading,否,FROZEN_V1.2.2
STA-01091,ADM-PAY-001,ADMIN,支付交易,CONTENT,核心数据完整且可交互,展示内容并按权限/状态机计算操作入口,页面定义的读写动作,与当前状态、权限或服务端version冲突的所有写操作,刷新或执行操作,page_state_adm_pay_001_content,否,FROZEN_V1.2.2
STA-01092,ADM-PAY-001,ADMIN,支付交易,EMPTY,查询成功但无符合条件的数据,展示业务化空状态、当前筛选和明确下一步,清除筛选/创建/返回,与当前状态、权限或服务端version冲突的所有写操作,修改筛选或执行主行动,page_state_adm_pay_001_empty,否,FROZEN_V1.2.2
STA-01093,ADM-PAY-001,ADMIN,支付交易,RECONCILING,对账任务执行中,展示渠道、账期和进度,查询/取消（允许时）,与当前状态、权限或服务端version冲突的所有写操作,重复触发应幂等,page_state_adm_pay_001_reconciling,否,FROZEN_V1.2.2
STA-01094,ADM-PAY-001,ADMIN,支付交易,PENDING_APPROVAL,敏感变更等待双人复核,锁定关键字段，展示审批进度,撤回（允许时）/查看审批,与当前状态、权限或服务端version冲突的所有写操作,申请人不得自审,page_state_adm_pay_001_pending_approval,否,FROZEN_V1.2.2
STA-01095,ADM-PAY-001,ADMIN,支付交易,CONFLICT,expectedVersion或状态机冲突,展示数据已变化和差异摘要,重新加载/放弃本地变更,与当前状态、权限或服务端version冲突的所有写操作,禁止盲目覆盖,page_state_adm_pay_001_conflict,否,FROZEN_V1.2.2
STA-01096,ADM-PAY-001,ADMIN,支付交易,ERROR,请求失败且无法展示可靠内容,展示稳定错误码、requestId、重试和返回,重试/返回,与当前状态、权限或服务端version冲突的所有写操作,按错误码恢复,page_state_adm_pay_001_error,否,FROZEN_V1.2.2
STA-01097,ADM-PAY-001,ADMIN,支付交易,QUOTE_READY,服务端报价有效,展示最终金额、费用、权益和过期时间,确认下单/返回,与当前状态、权限或服务端version冲突的所有写操作,过期后必须重新报价,page_state_adm_pay_001_quote_ready,否,FROZEN_V1.2.2
STA-01098,ADM-PAY-001,ADMIN,支付交易,PAYMENT_PENDING,支付已创建但未确认最终结果,轮询/订阅服务端订单状态,查询/返回,与当前状态、权限或服务端version冲突的所有写操作,不得重复创建订单,page_state_adm_pay_001_payment_pending,否,FROZEN_V1.2.2
STA-01099,ADM-PAY-001,ADMIN,支付交易,UNKNOWN,客户端无法确认服务端最终结果,显示处理中并调用查单/查询接口,继续查询/返回,与当前状态、权限或服务端version冲突的所有写操作,禁止直接判定失败并重复扣款,page_state_adm_pay_001_unknown,否,FROZEN_V1.2.2
STA-01100,ADM-PAY-001,ADMIN,支付交易,OFFLINE,网络不可用,只读页面可展示标记为缓存的数据；写操作禁用,重试网络,与当前状态、权限或服务端version冲突的所有写操作,恢复网络后主动刷新,page_state_adm_pay_001_offline,否,FROZEN_V1.2.2
STA-01101,ADM-PAY-001,ADMIN,支付交易,NO_PERMISSION,后台角色或数据范围不足,隐藏敏感内容并记录访问拒绝,返回/申请权限,与当前状态、权限或服务端version冲突的所有写操作,禁止仅靠前端绕过,page_state_adm_pay_001_no_permission,是,FROZEN_V1.2.2
STA-01102,ADM-RECON-001,ADMIN,支付对账,LOADING,首屏数据请求进行中,显示与最终布局一致的骨架屏,返回,与当前状态、权限或服务端version冲突的所有写操作,失败后显示重试,page_state_adm_recon_001_loading,否,FROZEN_V1.2.2
STA-01103,ADM-RECON-001,ADMIN,支付对账,CONTENT,核心数据完整且可交互,展示内容并按权限/状态机计算操作入口,页面定义的读写动作,与当前状态、权限或服务端version冲突的所有写操作,刷新或执行操作,page_state_adm_recon_001_content,否,FROZEN_V1.2.2
STA-01104,ADM-RECON-001,ADMIN,支付对账,EMPTY,查询成功但无符合条件的数据,展示业务化空状态、当前筛选和明确下一步,清除筛选/创建/返回,与当前状态、权限或服务端version冲突的所有写操作,修改筛选或执行主行动,page_state_adm_recon_001_empty,否,FROZEN_V1.2.2
STA-01105,ADM-RECON-001,ADMIN,支付对账,RECONCILING,对账任务执行中,展示渠道、账期和进度,查询/取消（允许时）,与当前状态、权限或服务端version冲突的所有写操作,重复触发应幂等,page_state_adm_recon_001_reconciling,否,FROZEN_V1.2.2
STA-01106,ADM-RECON-001,ADMIN,支付对账,PENDING_APPROVAL,敏感变更等待双人复核,锁定关键字段，展示审批进度,撤回（允许时）/查看审批,与当前状态、权限或服务端version冲突的所有写操作,申请人不得自审,page_state_adm_recon_001_pending_approval,否,FROZEN_V1.2.2
STA-01107,ADM-RECON-001,ADMIN,支付对账,CONFLICT,expectedVersion或状态机冲突,展示数据已变化和差异摘要,重新加载/放弃本地变更,与当前状态、权限或服务端version冲突的所有写操作,禁止盲目覆盖,page_state_adm_recon_001_conflict,否,FROZEN_V1.2.2
STA-01108,ADM-RECON-001,ADMIN,支付对账,ERROR,请求失败且无法展示可靠内容,展示稳定错误码、requestId、重试和返回,重试/返回,与当前状态、权限或服务端version冲突的所有写操作,按错误码恢复,page_state_adm_recon_001_error,否,FROZEN_V1.2.2
STA-01109,ADM-RECON-001,ADMIN,支付对账,QUOTE_READY,服务端报价有效,展示最终金额、费用、权益和过期时间,确认下单/返回,与当前状态、权限或服务端version冲突的所有写操作,过期后必须重新报价,page_state_adm_recon_001_quote_ready,否,FROZEN_V1.2.2
STA-01110,ADM-RECON-001,ADMIN,支付对账,PAYMENT_PENDING,支付已创建但未确认最终结果,轮询/订阅服务端订单状态,查询/返回,与当前状态、权限或服务端version冲突的所有写操作,不得重复创建订单,page_state_adm_recon_001_payment_pending,否,FROZEN_V1.2.2
STA-01111,ADM-RECON-001,ADMIN,支付对账,UNKNOWN,客户端无法确认服务端最终结果,显示处理中并调用查单/查询接口,继续查询/返回,与当前状态、权限或服务端version冲突的所有写操作,禁止直接判定失败并重复扣款,page_state_adm_recon_001_unknown,否,FROZEN_V1.2.2
STA-01112,ADM-RECON-001,ADMIN,支付对账,OFFLINE,网络不可用,只读页面可展示标记为缓存的数据；写操作禁用,重试网络,与当前状态、权限或服务端version冲突的所有写操作,恢复网络后主动刷新,page_state_adm_recon_001_offline,否,FROZEN_V1.2.2
STA-01113,ADM-RECON-001,ADMIN,支付对账,NO_PERMISSION,后台角色或数据范围不足,隐藏敏感内容并记录访问拒绝,返回/申请权限,与当前状态、权限或服务端version冲突的所有写操作,禁止仅靠前端绕过,page_state_adm_recon_001_no_permission,是,FROZEN_V1.2.2
STA-01114,ADM-REWARD-001,ADMIN,奖励账户,LOADING,首屏数据请求进行中,显示与最终布局一致的骨架屏,返回,与当前状态、权限或服务端version冲突的所有写操作,失败后显示重试,page_state_adm_reward_001_loading,否,FROZEN_V1.2.2
STA-01115,ADM-REWARD-001,ADMIN,奖励账户,CONTENT,核心数据完整且可交互,展示内容并按权限/状态机计算操作入口,页面定义的读写动作,与当前状态、权限或服务端version冲突的所有写操作,刷新或执行操作,page_state_adm_reward_001_content,否,FROZEN_V1.2.2
STA-01116,ADM-REWARD-001,ADMIN,奖励账户,EMPTY,查询成功但无符合条件的数据,展示业务化空状态、当前筛选和明确下一步,清除筛选/创建/返回,与当前状态、权限或服务端version冲突的所有写操作,修改筛选或执行主行动,page_state_adm_reward_001_empty,否,FROZEN_V1.2.2
STA-01117,ADM-REWARD-001,ADMIN,奖励账户,RECONCILING,对账任务执行中,展示渠道、账期和进度,查询/取消（允许时）,与当前状态、权限或服务端version冲突的所有写操作,重复触发应幂等,page_state_adm_reward_001_reconciling,否,FROZEN_V1.2.2
STA-01118,ADM-REWARD-001,ADMIN,奖励账户,PENDING_APPROVAL,敏感变更等待双人复核,锁定关键字段，展示审批进度,撤回（允许时）/查看审批,与当前状态、权限或服务端version冲突的所有写操作,申请人不得自审,page_state_adm_reward_001_pending_approval,否,FROZEN_V1.2.2
STA-01119,ADM-REWARD-001,ADMIN,奖励账户,CONFLICT,expectedVersion或状态机冲突,展示数据已变化和差异摘要,重新加载/放弃本地变更,与当前状态、权限或服务端version冲突的所有写操作,禁止盲目覆盖,page_state_adm_reward_001_conflict,否,FROZEN_V1.2.2
STA-01120,ADM-REWARD-001,ADMIN,奖励账户,ERROR,请求失败且无法展示可靠内容,展示稳定错误码、requestId、重试和返回,重试/返回,与当前状态、权限或服务端version冲突的所有写操作,按错误码恢复,page_state_adm_reward_001_error,否,FROZEN_V1.2.2
STA-01121,ADM-REWARD-001,ADMIN,奖励账户,OFFLINE,网络不可用,只读页面可展示标记为缓存的数据；写操作禁用,重试网络,与当前状态、权限或服务端version冲突的所有写操作,恢复网络后主动刷新,page_state_adm_reward_001_offline,否,FROZEN_V1.2.2
STA-01122,ADM-REWARD-001,ADMIN,奖励账户,NO_PERMISSION,后台角色或数据范围不足,隐藏敏感内容并记录访问拒绝,返回/申请权限,与当前状态、权限或服务端version冲突的所有写操作,禁止仅靠前端绕过,page_state_adm_reward_001_no_permission,是,FROZEN_V1.2.2
STA-01123,ADM-REWARD-002,ADMIN,奖励流水,LOADING,首屏数据请求进行中,显示与最终布局一致的骨架屏,返回,与当前状态、权限或服务端version冲突的所有写操作,失败后显示重试,page_state_adm_reward_002_loading,否,FROZEN_V1.2.2
STA-01124,ADM-REWARD-002,ADMIN,奖励流水,CONTENT,核心数据完整且可交互,展示内容并按权限/状态机计算操作入口,页面定义的读写动作,与当前状态、权限或服务端version冲突的所有写操作,刷新或执行操作,page_state_adm_reward_002_content,否,FROZEN_V1.2.2
STA-01125,ADM-REWARD-002,ADMIN,奖励流水,EMPTY,查询成功但无符合条件的数据,展示业务化空状态、当前筛选和明确下一步,清除筛选/创建/返回,与当前状态、权限或服务端version冲突的所有写操作,修改筛选或执行主行动,page_state_adm_reward_002_empty,否,FROZEN_V1.2.2
STA-01126,ADM-REWARD-002,ADMIN,奖励流水,RECONCILING,对账任务执行中,展示渠道、账期和进度,查询/取消（允许时）,与当前状态、权限或服务端version冲突的所有写操作,重复触发应幂等,page_state_adm_reward_002_reconciling,否,FROZEN_V1.2.2
STA-01127,ADM-REWARD-002,ADMIN,奖励流水,PENDING_APPROVAL,敏感变更等待双人复核,锁定关键字段，展示审批进度,撤回（允许时）/查看审批,与当前状态、权限或服务端version冲突的所有写操作,申请人不得自审,page_state_adm_reward_002_pending_approval,否,FROZEN_V1.2.2
STA-01128,ADM-REWARD-002,ADMIN,奖励流水,CONFLICT,expectedVersion或状态机冲突,展示数据已变化和差异摘要,重新加载/放弃本地变更,与当前状态、权限或服务端version冲突的所有写操作,禁止盲目覆盖,page_state_adm_reward_002_conflict,否,FROZEN_V1.2.2
STA-01129,ADM-REWARD-002,ADMIN,奖励流水,ERROR,请求失败且无法展示可靠内容,展示稳定错误码、requestId、重试和返回,重试/返回,与当前状态、权限或服务端version冲突的所有写操作,按错误码恢复,page_state_adm_reward_002_error,否,FROZEN_V1.2.2
STA-01130,ADM-REWARD-002,ADMIN,奖励流水,OFFLINE,网络不可用,只读页面可展示标记为缓存的数据；写操作禁用,重试网络,与当前状态、权限或服务端version冲突的所有写操作,恢复网络后主动刷新,page_state_adm_reward_002_offline,否,FROZEN_V1.2.2
STA-01131,ADM-REWARD-002,ADMIN,奖励流水,NO_PERMISSION,后台角色或数据范围不足,隐藏敏感内容并记录访问拒绝,返回/申请权限,与当前状态、权限或服务端version冲突的所有写操作,禁止仅靠前端绕过,page_state_adm_reward_002_no_permission,是,FROZEN_V1.2.2
STA-01132,ADM-WD-001,ADMIN,提现列表,LOADING,首屏数据请求进行中,显示与最终布局一致的骨架屏,返回,与当前状态、权限或服务端version冲突的所有写操作,失败后显示重试,page_state_adm_wd_001_loading,否,FROZEN_V1.2.2
STA-01133,ADM-WD-001,ADMIN,提现列表,CONTENT,核心数据完整且可交互,展示内容并按权限/状态机计算操作入口,页面定义的读写动作,与当前状态、权限或服务端version冲突的所有写操作,刷新或执行操作,page_state_adm_wd_001_content,否,FROZEN_V1.2.2
STA-01134,ADM-WD-001,ADMIN,提现列表,EMPTY,查询成功但无符合条件的数据,展示业务化空状态、当前筛选和明确下一步,清除筛选/创建/返回,与当前状态、权限或服务端version冲突的所有写操作,修改筛选或执行主行动,page_state_adm_wd_001_empty,否,FROZEN_V1.2.2
STA-01135,ADM-WD-001,ADMIN,提现列表,RECONCILING,对账任务执行中,展示渠道、账期和进度,查询/取消（允许时）,与当前状态、权限或服务端version冲突的所有写操作,重复触发应幂等,page_state_adm_wd_001_reconciling,否,FROZEN_V1.2.2
STA-01136,ADM-WD-001,ADMIN,提现列表,PENDING_APPROVAL,敏感变更等待双人复核,锁定关键字段，展示审批进度,撤回（允许时）/查看审批,与当前状态、权限或服务端version冲突的所有写操作,申请人不得自审,page_state_adm_wd_001_pending_approval,否,FROZEN_V1.2.2
STA-01137,ADM-WD-001,ADMIN,提现列表,CONFLICT,expectedVersion或状态机冲突,展示数据已变化和差异摘要,重新加载/放弃本地变更,与当前状态、权限或服务端version冲突的所有写操作,禁止盲目覆盖,page_state_adm_wd_001_conflict,否,FROZEN_V1.2.2
STA-01138,ADM-WD-001,ADMIN,提现列表,ERROR,请求失败且无法展示可靠内容,展示稳定错误码、requestId、重试和返回,重试/返回,与当前状态、权限或服务端version冲突的所有写操作,按错误码恢复,page_state_adm_wd_001_error,否,FROZEN_V1.2.2
STA-01139,ADM-WD-001,ADMIN,提现列表,OFFLINE,网络不可用,只读页面可展示标记为缓存的数据；写操作禁用,重试网络,与当前状态、权限或服务端version冲突的所有写操作,恢复网络后主动刷新,page_state_adm_wd_001_offline,否,FROZEN_V1.2.2
STA-01140,ADM-WD-001,ADMIN,提现列表,NO_PERMISSION,后台角色或数据范围不足,隐藏敏感内容并记录访问拒绝,返回/申请权限,与当前状态、权限或服务端version冲突的所有写操作,禁止仅靠前端绕过,page_state_adm_wd_001_no_permission,是,FROZEN_V1.2.2
STA-01141,ADM-WD-002,ADMIN,提现详情,LOADING,首屏数据请求进行中,显示与最终布局一致的骨架屏,返回,与当前状态、权限或服务端version冲突的所有写操作,失败后显示重试,page_state_adm_wd_002_loading,否,FROZEN_V1.2.2
STA-01142,ADM-WD-002,ADMIN,提现详情,CONTENT,核心数据完整且可交互,展示内容并按权限/状态机计算操作入口,页面定义的读写动作,与当前状态、权限或服务端version冲突的所有写操作,刷新或执行操作,page_state_adm_wd_002_content,否,FROZEN_V1.2.2
STA-01143,ADM-WD-002,ADMIN,提现详情,EMPTY,查询成功但无符合条件的数据,展示业务化空状态、当前筛选和明确下一步,清除筛选/创建/返回,与当前状态、权限或服务端version冲突的所有写操作,修改筛选或执行主行动,page_state_adm_wd_002_empty,否,FROZEN_V1.2.2
STA-01144,ADM-WD-002,ADMIN,提现详情,RECONCILING,对账任务执行中,展示渠道、账期和进度,查询/取消（允许时）,与当前状态、权限或服务端version冲突的所有写操作,重复触发应幂等,page_state_adm_wd_002_reconciling,否,FROZEN_V1.2.2
STA-01145,ADM-WD-002,ADMIN,提现详情,PENDING_APPROVAL,敏感变更等待双人复核,锁定关键字段，展示审批进度,撤回（允许时）/查看审批,与当前状态、权限或服务端version冲突的所有写操作,申请人不得自审,page_state_adm_wd_002_pending_approval,否,FROZEN_V1.2.2
STA-01146,ADM-WD-002,ADMIN,提现详情,CONFLICT,expectedVersion或状态机冲突,展示数据已变化和差异摘要,重新加载/放弃本地变更,与当前状态、权限或服务端version冲突的所有写操作,禁止盲目覆盖,page_state_adm_wd_002_conflict,否,FROZEN_V1.2.2
STA-01147,ADM-WD-002,ADMIN,提现详情,ERROR,请求失败且无法展示可靠内容,展示稳定错误码、requestId、重试和返回,重试/返回,与当前状态、权限或服务端version冲突的所有写操作,按错误码恢复,page_state_adm_wd_002_error,否,FROZEN_V1.2.2
STA-01148,ADM-WD-002,ADMIN,提现详情,OFFLINE,网络不可用,只读页面可展示标记为缓存的数据；写操作禁用,重试网络,与当前状态、权限或服务端version冲突的所有写操作,恢复网络后主动刷新,page_state_adm_wd_002_offline,否,FROZEN_V1.2.2
STA-01149,ADM-WD-002,ADMIN,提现详情,NO_PERMISSION,后台角色或数据范围不足,隐藏敏感内容并记录访问拒绝,返回/申请权限,与当前状态、权限或服务端version冲突的所有写操作,禁止仅靠前端绕过,page_state_adm_wd_002_no_permission,是,FROZEN_V1.2.2
STA-01150,ADM-MEMBER-001,ADMIN,会员SKU,LOADING,首屏数据请求进行中,显示与最终布局一致的骨架屏,返回,与当前状态、权限或服务端version冲突的所有写操作,失败后显示重试,page_state_adm_member_001_loading,否,FROZEN_V1.2.2
STA-01151,ADM-MEMBER-001,ADMIN,会员SKU,CONTENT,核心数据完整且可交互,展示内容并按权限/状态机计算操作入口,页面定义的读写动作,与当前状态、权限或服务端version冲突的所有写操作,刷新或执行操作,page_state_adm_member_001_content,否,FROZEN_V1.2.2
STA-01152,ADM-MEMBER-001,ADMIN,会员SKU,EMPTY,查询成功但无符合条件的数据,展示业务化空状态、当前筛选和明确下一步,清除筛选/创建/返回,与当前状态、权限或服务端version冲突的所有写操作,修改筛选或执行主行动,page_state_adm_member_001_empty,否,FROZEN_V1.2.2
STA-01153,ADM-MEMBER-001,ADMIN,会员SKU,REFRESHING,已有内容上执行刷新,保留内容并显示轻量刷新指示,取消刷新,与当前状态、权限或服务端version冲突的所有写操作,失败保留旧数据,page_state_adm_member_001_refreshing,否,FROZEN_V1.2.2
STA-01154,ADM-MEMBER-001,ADMIN,会员SKU,PARTIAL_ERROR,非首屏请求或单模块失败,保留现有内容并在对应区域提示,局部重试,与当前状态、权限或服务端version冲突的所有写操作,成功后回到CONTENT,page_state_adm_member_001_partial_error,否,FROZEN_V1.2.2
STA-01155,ADM-MEMBER-001,ADMIN,会员SKU,NO_PERMISSION,后台角色或数据范围不足,隐藏敏感内容并记录访问拒绝,返回/申请权限,与当前状态、权限或服务端version冲突的所有写操作,禁止仅靠前端绕过,page_state_adm_member_001_no_permission,是,FROZEN_V1.2.2
STA-01156,ADM-MEMBER-001,ADMIN,会员SKU,ERROR,请求失败且无法展示可靠内容,展示稳定错误码、requestId、重试和返回,重试/返回,与当前状态、权限或服务端version冲突的所有写操作,按错误码恢复,page_state_adm_member_001_error,否,FROZEN_V1.2.2
STA-01157,ADM-MEMBER-001,ADMIN,会员SKU,OFFLINE,网络不可用,只读页面可展示标记为缓存的数据；写操作禁用,重试网络,与当前状态、权限或服务端version冲突的所有写操作,恢复网络后主动刷新,page_state_adm_member_001_offline,否,FROZEN_V1.2.2
STA-01158,ADM-MEMBER-002,ADMIN,用户会员,LOADING,首屏数据请求进行中,显示与最终布局一致的骨架屏,返回,与当前状态、权限或服务端version冲突的所有写操作,失败后显示重试,page_state_adm_member_002_loading,否,FROZEN_V1.2.2
STA-01159,ADM-MEMBER-002,ADMIN,用户会员,CONTENT,核心数据完整且可交互,展示内容并按权限/状态机计算操作入口,页面定义的读写动作,与当前状态、权限或服务端version冲突的所有写操作,刷新或执行操作,page_state_adm_member_002_content,否,FROZEN_V1.2.2
STA-01160,ADM-MEMBER-002,ADMIN,用户会员,EMPTY,查询成功但无符合条件的数据,展示业务化空状态、当前筛选和明确下一步,清除筛选/创建/返回,与当前状态、权限或服务端version冲突的所有写操作,修改筛选或执行主行动,page_state_adm_member_002_empty,否,FROZEN_V1.2.2
STA-01161,ADM-MEMBER-002,ADMIN,用户会员,REFRESHING,已有内容上执行刷新,保留内容并显示轻量刷新指示,取消刷新,与当前状态、权限或服务端version冲突的所有写操作,失败保留旧数据,page_state_adm_member_002_refreshing,否,FROZEN_V1.2.2
STA-01162,ADM-MEMBER-002,ADMIN,用户会员,PARTIAL_ERROR,非首屏请求或单模块失败,保留现有内容并在对应区域提示,局部重试,与当前状态、权限或服务端version冲突的所有写操作,成功后回到CONTENT,page_state_adm_member_002_partial_error,否,FROZEN_V1.2.2
STA-01163,ADM-MEMBER-002,ADMIN,用户会员,NO_PERMISSION,后台角色或数据范围不足,隐藏敏感内容并记录访问拒绝,返回/申请权限,与当前状态、权限或服务端version冲突的所有写操作,禁止仅靠前端绕过,page_state_adm_member_002_no_permission,是,FROZEN_V1.2.2
STA-01164,ADM-MEMBER-002,ADMIN,用户会员,ERROR,请求失败且无法展示可靠内容,展示稳定错误码、requestId、重试和返回,重试/返回,与当前状态、权限或服务端version冲突的所有写操作,按错误码恢复,page_state_adm_member_002_error,否,FROZEN_V1.2.2
STA-01165,ADM-MEMBER-002,ADMIN,用户会员,OFFLINE,网络不可用,只读页面可展示标记为缓存的数据；写操作禁用,重试网络,与当前状态、权限或服务端version冲突的所有写操作,恢复网络后主动刷新,page_state_adm_member_002_offline,否,FROZEN_V1.2.2
STA-01166,ADM-PROP-001,ADMIN,道具商品,LOADING,首屏数据请求进行中,显示与最终布局一致的骨架屏,返回,与当前状态、权限或服务端version冲突的所有写操作,失败后显示重试,page_state_adm_prop_001_loading,否,FROZEN_V1.2.2
STA-01167,ADM-PROP-001,ADMIN,道具商品,CONTENT,核心数据完整且可交互,展示内容并按权限/状态机计算操作入口,页面定义的读写动作,与当前状态、权限或服务端version冲突的所有写操作,刷新或执行操作,page_state_adm_prop_001_content,否,FROZEN_V1.2.2
STA-01168,ADM-PROP-001,ADMIN,道具商品,EMPTY,查询成功但无符合条件的数据,展示业务化空状态、当前筛选和明确下一步,清除筛选/创建/返回,与当前状态、权限或服务端version冲突的所有写操作,修改筛选或执行主行动,page_state_adm_prop_001_empty,否,FROZEN_V1.2.2
STA-01169,ADM-PROP-001,ADMIN,道具商品,REFRESHING,已有内容上执行刷新,保留内容并显示轻量刷新指示,取消刷新,与当前状态、权限或服务端version冲突的所有写操作,失败保留旧数据,page_state_adm_prop_001_refreshing,否,FROZEN_V1.2.2
STA-01170,ADM-PROP-001,ADMIN,道具商品,PARTIAL_ERROR,非首屏请求或单模块失败,保留现有内容并在对应区域提示,局部重试,与当前状态、权限或服务端version冲突的所有写操作,成功后回到CONTENT,page_state_adm_prop_001_partial_error,否,FROZEN_V1.2.2
STA-01171,ADM-PROP-001,ADMIN,道具商品,NO_PERMISSION,后台角色或数据范围不足,隐藏敏感内容并记录访问拒绝,返回/申请权限,与当前状态、权限或服务端version冲突的所有写操作,禁止仅靠前端绕过,page_state_adm_prop_001_no_permission,是,FROZEN_V1.2.2
STA-01172,ADM-PROP-001,ADMIN,道具商品,ERROR,请求失败且无法展示可靠内容,展示稳定错误码、requestId、重试和返回,重试/返回,与当前状态、权限或服务端version冲突的所有写操作,按错误码恢复,page_state_adm_prop_001_error,否,FROZEN_V1.2.2
STA-01173,ADM-PROP-001,ADMIN,道具商品,OFFLINE,网络不可用,只读页面可展示标记为缓存的数据；写操作禁用,重试网络,与当前状态、权限或服务端version冲突的所有写操作,恢复网络后主动刷新,page_state_adm_prop_001_offline,否,FROZEN_V1.2.2
STA-01174,ADM-PROP-002,ADMIN,资源位与排期,LOADING,首屏数据请求进行中,显示与最终布局一致的骨架屏,返回,与当前状态、权限或服务端version冲突的所有写操作,失败后显示重试,page_state_adm_prop_002_loading,否,FROZEN_V1.2.2
STA-01175,ADM-PROP-002,ADMIN,资源位与排期,CONTENT,核心数据完整且可交互,展示内容并按权限/状态机计算操作入口,页面定义的读写动作,与当前状态、权限或服务端version冲突的所有写操作,刷新或执行操作,page_state_adm_prop_002_content,否,FROZEN_V1.2.2
STA-01176,ADM-PROP-002,ADMIN,资源位与排期,EMPTY,查询成功但无符合条件的数据,展示业务化空状态、当前筛选和明确下一步,清除筛选/创建/返回,与当前状态、权限或服务端version冲突的所有写操作,修改筛选或执行主行动,page_state_adm_prop_002_empty,否,FROZEN_V1.2.2
STA-01177,ADM-PROP-002,ADMIN,资源位与排期,REFRESHING,已有内容上执行刷新,保留内容并显示轻量刷新指示,取消刷新,与当前状态、权限或服务端version冲突的所有写操作,失败保留旧数据,page_state_adm_prop_002_refreshing,否,FROZEN_V1.2.2
STA-01178,ADM-PROP-002,ADMIN,资源位与排期,PARTIAL_ERROR,非首屏请求或单模块失败,保留现有内容并在对应区域提示,局部重试,与当前状态、权限或服务端version冲突的所有写操作,成功后回到CONTENT,page_state_adm_prop_002_partial_error,否,FROZEN_V1.2.2
STA-01179,ADM-PROP-002,ADMIN,资源位与排期,NO_PERMISSION,后台角色或数据范围不足,隐藏敏感内容并记录访问拒绝,返回/申请权限,与当前状态、权限或服务端version冲突的所有写操作,禁止仅靠前端绕过,page_state_adm_prop_002_no_permission,是,FROZEN_V1.2.2
STA-01180,ADM-PROP-002,ADMIN,资源位与排期,ERROR,请求失败且无法展示可靠内容,展示稳定错误码、requestId、重试和返回,重试/返回,与当前状态、权限或服务端version冲突的所有写操作,按错误码恢复,page_state_adm_prop_002_error,否,FROZEN_V1.2.2
STA-01181,ADM-PROP-002,ADMIN,资源位与排期,OFFLINE,网络不可用,只读页面可展示标记为缓存的数据；写操作禁用,重试网络,与当前状态、权限或服务端version冲突的所有写操作,恢复网络后主动刷新,page_state_adm_prop_002_offline,否,FROZEN_V1.2.2
STA-01182,ADM-PROP-003,ADMIN,执行日志,LOADING,首屏数据请求进行中,显示与最终布局一致的骨架屏,返回,与当前状态、权限或服务端version冲突的所有写操作,失败后显示重试,page_state_adm_prop_003_loading,否,FROZEN_V1.2.2
STA-01183,ADM-PROP-003,ADMIN,执行日志,CONTENT,核心数据完整且可交互,展示内容并按权限/状态机计算操作入口,页面定义的读写动作,与当前状态、权限或服务端version冲突的所有写操作,刷新或执行操作,page_state_adm_prop_003_content,否,FROZEN_V1.2.2
STA-01184,ADM-PROP-003,ADMIN,执行日志,EMPTY,查询成功但无符合条件的数据,展示业务化空状态、当前筛选和明确下一步,清除筛选/创建/返回,与当前状态、权限或服务端version冲突的所有写操作,修改筛选或执行主行动,page_state_adm_prop_003_empty,否,FROZEN_V1.2.2
STA-01185,ADM-PROP-003,ADMIN,执行日志,REFRESHING,已有内容上执行刷新,保留内容并显示轻量刷新指示,取消刷新,与当前状态、权限或服务端version冲突的所有写操作,失败保留旧数据,page_state_adm_prop_003_refreshing,否,FROZEN_V1.2.2
STA-01186,ADM-PROP-003,ADMIN,执行日志,PARTIAL_ERROR,非首屏请求或单模块失败,保留现有内容并在对应区域提示,局部重试,与当前状态、权限或服务端version冲突的所有写操作,成功后回到CONTENT,page_state_adm_prop_003_partial_error,否,FROZEN_V1.2.2
STA-01187,ADM-PROP-003,ADMIN,执行日志,NO_PERMISSION,后台角色或数据范围不足,隐藏敏感内容并记录访问拒绝,返回/申请权限,与当前状态、权限或服务端version冲突的所有写操作,禁止仅靠前端绕过,page_state_adm_prop_003_no_permission,是,FROZEN_V1.2.2
STA-01188,ADM-PROP-003,ADMIN,执行日志,ERROR,请求失败且无法展示可靠内容,展示稳定错误码、requestId、重试和返回,重试/返回,与当前状态、权限或服务端version冲突的所有写操作,按错误码恢复,page_state_adm_prop_003_error,否,FROZEN_V1.2.2
STA-01189,ADM-PROP-003,ADMIN,执行日志,OFFLINE,网络不可用,只读页面可展示标记为缓存的数据；写操作禁用,重试网络,与当前状态、权限或服务端version冲突的所有写操作,恢复网络后主动刷新,page_state_adm_prop_003_offline,否,FROZEN_V1.2.2
STA-01190,ADM-REF-001,ADMIN,邀请关系,LOADING,首屏数据请求进行中,显示与最终布局一致的骨架屏,返回,与当前状态、权限或服务端version冲突的所有写操作,失败后显示重试,page_state_adm_ref_001_loading,否,FROZEN_V1.2.2
STA-01191,ADM-REF-001,ADMIN,邀请关系,CONTENT,核心数据完整且可交互,展示内容并按权限/状态机计算操作入口,页面定义的读写动作,与当前状态、权限或服务端version冲突的所有写操作,刷新或执行操作,page_state_adm_ref_001_content,否,FROZEN_V1.2.2
STA-01192,ADM-REF-001,ADMIN,邀请关系,EMPTY,查询成功但无符合条件的数据,展示业务化空状态、当前筛选和明确下一步,清除筛选/创建/返回,与当前状态、权限或服务端version冲突的所有写操作,修改筛选或执行主行动,page_state_adm_ref_001_empty,否,FROZEN_V1.2.2
STA-01193,ADM-REF-001,ADMIN,邀请关系,REFRESHING,已有内容上执行刷新,保留内容并显示轻量刷新指示,取消刷新,与当前状态、权限或服务端version冲突的所有写操作,失败保留旧数据,page_state_adm_ref_001_refreshing,否,FROZEN_V1.2.2
STA-01194,ADM-REF-001,ADMIN,邀请关系,PARTIAL_ERROR,非首屏请求或单模块失败,保留现有内容并在对应区域提示,局部重试,与当前状态、权限或服务端version冲突的所有写操作,成功后回到CONTENT,page_state_adm_ref_001_partial_error,否,FROZEN_V1.2.2
STA-01195,ADM-REF-001,ADMIN,邀请关系,NO_PERMISSION,后台角色或数据范围不足,隐藏敏感内容并记录访问拒绝,返回/申请权限,与当前状态、权限或服务端version冲突的所有写操作,禁止仅靠前端绕过,page_state_adm_ref_001_no_permission,是,FROZEN_V1.2.2
STA-01196,ADM-REF-001,ADMIN,邀请关系,ERROR,请求失败且无法展示可靠内容,展示稳定错误码、requestId、重试和返回,重试/返回,与当前状态、权限或服务端version冲突的所有写操作,按错误码恢复,page_state_adm_ref_001_error,否,FROZEN_V1.2.2
STA-01197,ADM-REF-001,ADMIN,邀请关系,OFFLINE,网络不可用,只读页面可展示标记为缓存的数据；写操作禁用,重试网络,与当前状态、权限或服务端version冲突的所有写操作,恢复网络后主动刷新,page_state_adm_ref_001_offline,否,FROZEN_V1.2.2
STA-01198,ADM-REF-002,ADMIN,佣金策略,LOADING,首屏数据请求进行中,显示与最终布局一致的骨架屏,返回,与当前状态、权限或服务端version冲突的所有写操作,失败后显示重试,page_state_adm_ref_002_loading,否,FROZEN_V1.2.2
STA-01199,ADM-REF-002,ADMIN,佣金策略,CONTENT,核心数据完整且可交互,展示内容并按权限/状态机计算操作入口,页面定义的读写动作,与当前状态、权限或服务端version冲突的所有写操作,刷新或执行操作,page_state_adm_ref_002_content,否,FROZEN_V1.2.2
STA-01200,ADM-REF-002,ADMIN,佣金策略,EMPTY,查询成功但无符合条件的数据,展示业务化空状态、当前筛选和明确下一步,清除筛选/创建/返回,与当前状态、权限或服务端version冲突的所有写操作,修改筛选或执行主行动,page_state_adm_ref_002_empty,否,FROZEN_V1.2.2
STA-01201,ADM-REF-002,ADMIN,佣金策略,REFRESHING,已有内容上执行刷新,保留内容并显示轻量刷新指示,取消刷新,与当前状态、权限或服务端version冲突的所有写操作,失败保留旧数据,page_state_adm_ref_002_refreshing,否,FROZEN_V1.2.2
STA-01202,ADM-REF-002,ADMIN,佣金策略,PARTIAL_ERROR,非首屏请求或单模块失败,保留现有内容并在对应区域提示,局部重试,与当前状态、权限或服务端version冲突的所有写操作,成功后回到CONTENT,page_state_adm_ref_002_partial_error,否,FROZEN_V1.2.2
STA-01203,ADM-REF-002,ADMIN,佣金策略,NO_PERMISSION,后台角色或数据范围不足,隐藏敏感内容并记录访问拒绝,返回/申请权限,与当前状态、权限或服务端version冲突的所有写操作,禁止仅靠前端绕过,page_state_adm_ref_002_no_permission,是,FROZEN_V1.2.2
STA-01204,ADM-REF-002,ADMIN,佣金策略,ERROR,请求失败且无法展示可靠内容,展示稳定错误码、requestId、重试和返回,重试/返回,与当前状态、权限或服务端version冲突的所有写操作,按错误码恢复,page_state_adm_ref_002_error,否,FROZEN_V1.2.2
STA-01205,ADM-REF-002,ADMIN,佣金策略,OFFLINE,网络不可用,只读页面可展示标记为缓存的数据；写操作禁用,重试网络,与当前状态、权限或服务端version冲突的所有写操作,恢复网络后主动刷新,page_state_adm_ref_002_offline,否,FROZEN_V1.2.2
STA-01206,ADM-REF-003,ADMIN,佣金记录,LOADING,首屏数据请求进行中,显示与最终布局一致的骨架屏,返回,与当前状态、权限或服务端version冲突的所有写操作,失败后显示重试,page_state_adm_ref_003_loading,否,FROZEN_V1.2.2
STA-01207,ADM-REF-003,ADMIN,佣金记录,CONTENT,核心数据完整且可交互,展示内容并按权限/状态机计算操作入口,页面定义的读写动作,与当前状态、权限或服务端version冲突的所有写操作,刷新或执行操作,page_state_adm_ref_003_content,否,FROZEN_V1.2.2
STA-01208,ADM-REF-003,ADMIN,佣金记录,EMPTY,查询成功但无符合条件的数据,展示业务化空状态、当前筛选和明确下一步,清除筛选/创建/返回,与当前状态、权限或服务端version冲突的所有写操作,修改筛选或执行主行动,page_state_adm_ref_003_empty,否,FROZEN_V1.2.2
STA-01209,ADM-REF-003,ADMIN,佣金记录,RECONCILING,对账任务执行中,展示渠道、账期和进度,查询/取消（允许时）,与当前状态、权限或服务端version冲突的所有写操作,重复触发应幂等,page_state_adm_ref_003_reconciling,否,FROZEN_V1.2.2
STA-01210,ADM-REF-003,ADMIN,佣金记录,PENDING_APPROVAL,敏感变更等待双人复核,锁定关键字段，展示审批进度,撤回（允许时）/查看审批,与当前状态、权限或服务端version冲突的所有写操作,申请人不得自审,page_state_adm_ref_003_pending_approval,否,FROZEN_V1.2.2
STA-01211,ADM-REF-003,ADMIN,佣金记录,CONFLICT,expectedVersion或状态机冲突,展示数据已变化和差异摘要,重新加载/放弃本地变更,与当前状态、权限或服务端version冲突的所有写操作,禁止盲目覆盖,page_state_adm_ref_003_conflict,否,FROZEN_V1.2.2
STA-01212,ADM-REF-003,ADMIN,佣金记录,ERROR,请求失败且无法展示可靠内容,展示稳定错误码、requestId、重试和返回,重试/返回,与当前状态、权限或服务端version冲突的所有写操作,按错误码恢复,page_state_adm_ref_003_error,否,FROZEN_V1.2.2
STA-01213,ADM-REF-003,ADMIN,佣金记录,OFFLINE,网络不可用,只读页面可展示标记为缓存的数据；写操作禁用,重试网络,与当前状态、权限或服务端version冲突的所有写操作,恢复网络后主动刷新,page_state_adm_ref_003_offline,否,FROZEN_V1.2.2
STA-01214,ADM-REF-003,ADMIN,佣金记录,NO_PERMISSION,后台角色或数据范围不足,隐藏敏感内容并记录访问拒绝,返回/申请权限,与当前状态、权限或服务端version冲突的所有写操作,禁止仅靠前端绕过,page_state_adm_ref_003_no_permission,是,FROZEN_V1.2.2
STA-01215,ADM-REF-004,ADMIN,直推活跃规则,LOADING,首屏数据请求进行中,显示与最终布局一致的骨架屏,返回,与当前状态、权限或服务端version冲突的所有写操作,失败后显示重试,page_state_adm_ref_004_loading,否,FROZEN_V1.2.2
STA-01216,ADM-REF-004,ADMIN,直推活跃规则,CONTENT,核心数据完整且可交互,展示内容并按权限/状态机计算操作入口,页面定义的读写动作,与当前状态、权限或服务端version冲突的所有写操作,刷新或执行操作,page_state_adm_ref_004_content,否,FROZEN_V1.2.2
STA-01217,ADM-REF-004,ADMIN,直推活跃规则,EMPTY,查询成功但无符合条件的数据,展示业务化空状态、当前筛选和明确下一步,清除筛选/创建/返回,与当前状态、权限或服务端version冲突的所有写操作,修改筛选或执行主行动,page_state_adm_ref_004_empty,否,FROZEN_V1.2.2
STA-01218,ADM-REF-004,ADMIN,直推活跃规则,REFRESHING,已有内容上执行刷新,保留内容并显示轻量刷新指示,取消刷新,与当前状态、权限或服务端version冲突的所有写操作,失败保留旧数据,page_state_adm_ref_004_refreshing,否,FROZEN_V1.2.2
STA-01219,ADM-REF-004,ADMIN,直推活跃规则,PARTIAL_ERROR,非首屏请求或单模块失败,保留现有内容并在对应区域提示,局部重试,与当前状态、权限或服务端version冲突的所有写操作,成功后回到CONTENT,page_state_adm_ref_004_partial_error,否,FROZEN_V1.2.2
STA-01220,ADM-REF-004,ADMIN,直推活跃规则,NO_PERMISSION,后台角色或数据范围不足,隐藏敏感内容并记录访问拒绝,返回/申请权限,与当前状态、权限或服务端version冲突的所有写操作,禁止仅靠前端绕过,page_state_adm_ref_004_no_permission,是,FROZEN_V1.2.2
STA-01221,ADM-REF-004,ADMIN,直推活跃规则,ERROR,请求失败且无法展示可靠内容,展示稳定错误码、requestId、重试和返回,重试/返回,与当前状态、权限或服务端version冲突的所有写操作,按错误码恢复,page_state_adm_ref_004_error,否,FROZEN_V1.2.2
STA-01222,ADM-REF-004,ADMIN,直推活跃规则,OFFLINE,网络不可用,只读页面可展示标记为缓存的数据；写操作禁用,重试网络,与当前状态、权限或服务端version冲突的所有写操作,恢复网络后主动刷新,page_state_adm_ref_004_offline,否,FROZEN_V1.2.2
STA-01223,ADM-REF-005,ADMIN,直推进度,LOADING,首屏数据请求进行中,显示与最终布局一致的骨架屏,返回,与当前状态、权限或服务端version冲突的所有写操作,失败后显示重试,page_state_adm_ref_005_loading,否,FROZEN_V1.2.2
STA-01224,ADM-REF-005,ADMIN,直推进度,CONTENT,核心数据完整且可交互,展示内容并按权限/状态机计算操作入口,页面定义的读写动作,与当前状态、权限或服务端version冲突的所有写操作,刷新或执行操作,page_state_adm_ref_005_content,否,FROZEN_V1.2.2
STA-01225,ADM-REF-005,ADMIN,直推进度,EMPTY,查询成功但无符合条件的数据,展示业务化空状态、当前筛选和明确下一步,清除筛选/创建/返回,与当前状态、权限或服务端version冲突的所有写操作,修改筛选或执行主行动,page_state_adm_ref_005_empty,否,FROZEN_V1.2.2
STA-01226,ADM-REF-005,ADMIN,直推进度,REFRESHING,已有内容上执行刷新,保留内容并显示轻量刷新指示,取消刷新,与当前状态、权限或服务端version冲突的所有写操作,失败保留旧数据,page_state_adm_ref_005_refreshing,否,FROZEN_V1.2.2
STA-01227,ADM-REF-005,ADMIN,直推进度,PARTIAL_ERROR,非首屏请求或单模块失败,保留现有内容并在对应区域提示,局部重试,与当前状态、权限或服务端version冲突的所有写操作,成功后回到CONTENT,page_state_adm_ref_005_partial_error,否,FROZEN_V1.2.2
STA-01228,ADM-REF-005,ADMIN,直推进度,NO_PERMISSION,后台角色或数据范围不足,隐藏敏感内容并记录访问拒绝,返回/申请权限,与当前状态、权限或服务端version冲突的所有写操作,禁止仅靠前端绕过,page_state_adm_ref_005_no_permission,是,FROZEN_V1.2.2
STA-01229,ADM-REF-005,ADMIN,直推进度,ERROR,请求失败且无法展示可靠内容,展示稳定错误码、requestId、重试和返回,重试/返回,与当前状态、权限或服务端version冲突的所有写操作,按错误码恢复,page_state_adm_ref_005_error,否,FROZEN_V1.2.2
STA-01230,ADM-REF-005,ADMIN,直推进度,OFFLINE,网络不可用,只读页面可展示标记为缓存的数据；写操作禁用,重试网络,与当前状态、权限或服务端version冲突的所有写操作,恢复网络后主动刷新,page_state_adm_ref_005_offline,否,FROZEN_V1.2.2
STA-01231,ADM-REF-006,ADMIN,阶梯奖励矩阵,LOADING,首屏数据请求进行中,显示与最终布局一致的骨架屏,返回,与当前状态、权限或服务端version冲突的所有写操作,失败后显示重试,page_state_adm_ref_006_loading,否,FROZEN_V1.2.2
STA-01232,ADM-REF-006,ADMIN,阶梯奖励矩阵,CONTENT,核心数据完整且可交互,展示内容并按权限/状态机计算操作入口,页面定义的读写动作,与当前状态、权限或服务端version冲突的所有写操作,刷新或执行操作,page_state_adm_ref_006_content,否,FROZEN_V1.2.2
STA-01233,ADM-REF-006,ADMIN,阶梯奖励矩阵,EMPTY,查询成功但无符合条件的数据,展示业务化空状态、当前筛选和明确下一步,清除筛选/创建/返回,与当前状态、权限或服务端version冲突的所有写操作,修改筛选或执行主行动,page_state_adm_ref_006_empty,否,FROZEN_V1.2.2
STA-01234,ADM-REF-006,ADMIN,阶梯奖励矩阵,RECONCILING,对账任务执行中,展示渠道、账期和进度,查询/取消（允许时）,与当前状态、权限或服务端version冲突的所有写操作,重复触发应幂等,page_state_adm_ref_006_reconciling,否,FROZEN_V1.2.2
STA-01235,ADM-REF-006,ADMIN,阶梯奖励矩阵,PENDING_APPROVAL,敏感变更等待双人复核,锁定关键字段，展示审批进度,撤回（允许时）/查看审批,与当前状态、权限或服务端version冲突的所有写操作,申请人不得自审,page_state_adm_ref_006_pending_approval,否,FROZEN_V1.2.2
STA-01236,ADM-REF-006,ADMIN,阶梯奖励矩阵,CONFLICT,expectedVersion或状态机冲突,展示数据已变化和差异摘要,重新加载/放弃本地变更,与当前状态、权限或服务端version冲突的所有写操作,禁止盲目覆盖,page_state_adm_ref_006_conflict,否,FROZEN_V1.2.2
STA-01237,ADM-REF-006,ADMIN,阶梯奖励矩阵,ERROR,请求失败且无法展示可靠内容,展示稳定错误码、requestId、重试和返回,重试/返回,与当前状态、权限或服务端version冲突的所有写操作,按错误码恢复,page_state_adm_ref_006_error,否,FROZEN_V1.2.2
STA-01238,ADM-REF-006,ADMIN,阶梯奖励矩阵,OFFLINE,网络不可用,只读页面可展示标记为缓存的数据；写操作禁用,重试网络,与当前状态、权限或服务端version冲突的所有写操作,恢复网络后主动刷新,page_state_adm_ref_006_offline,否,FROZEN_V1.2.2
STA-01239,ADM-REF-006,ADMIN,阶梯奖励矩阵,NO_PERMISSION,后台角色或数据范围不足,隐藏敏感内容并记录访问拒绝,返回/申请权限,与当前状态、权限或服务端version冲突的所有写操作,禁止仅靠前端绕过,page_state_adm_ref_006_no_permission,是,FROZEN_V1.2.2
STA-01240,ADM-TASK-001,ADMIN,任务定义,LOADING,首屏数据请求进行中,显示与最终布局一致的骨架屏,返回,与当前状态、权限或服务端version冲突的所有写操作,失败后显示重试,page_state_adm_task_001_loading,否,FROZEN_V1.2.2
STA-01241,ADM-TASK-001,ADMIN,任务定义,CONTENT,核心数据完整且可交互,展示内容并按权限/状态机计算操作入口,页面定义的读写动作,与当前状态、权限或服务端version冲突的所有写操作,刷新或执行操作,page_state_adm_task_001_content,否,FROZEN_V1.2.2
STA-01242,ADM-TASK-001,ADMIN,任务定义,EMPTY,查询成功但无符合条件的数据,展示业务化空状态、当前筛选和明确下一步,清除筛选/创建/返回,与当前状态、权限或服务端version冲突的所有写操作,修改筛选或执行主行动,page_state_adm_task_001_empty,否,FROZEN_V1.2.2
STA-01243,ADM-TASK-001,ADMIN,任务定义,REFRESHING,已有内容上执行刷新,保留内容并显示轻量刷新指示,取消刷新,与当前状态、权限或服务端version冲突的所有写操作,失败保留旧数据,page_state_adm_task_001_refreshing,否,FROZEN_V1.2.2
STA-01244,ADM-TASK-001,ADMIN,任务定义,PARTIAL_ERROR,非首屏请求或单模块失败,保留现有内容并在对应区域提示,局部重试,与当前状态、权限或服务端version冲突的所有写操作,成功后回到CONTENT,page_state_adm_task_001_partial_error,否,FROZEN_V1.2.2
STA-01245,ADM-TASK-001,ADMIN,任务定义,NO_PERMISSION,后台角色或数据范围不足,隐藏敏感内容并记录访问拒绝,返回/申请权限,与当前状态、权限或服务端version冲突的所有写操作,禁止仅靠前端绕过,page_state_adm_task_001_no_permission,是,FROZEN_V1.2.2
STA-01246,ADM-TASK-001,ADMIN,任务定义,ERROR,请求失败且无法展示可靠内容,展示稳定错误码、requestId、重试和返回,重试/返回,与当前状态、权限或服务端version冲突的所有写操作,按错误码恢复,page_state_adm_task_001_error,否,FROZEN_V1.2.2
STA-01247,ADM-TASK-001,ADMIN,任务定义,OFFLINE,网络不可用,只读页面可展示标记为缓存的数据；写操作禁用,重试网络,与当前状态、权限或服务端version冲突的所有写操作,恢复网络后主动刷新,page_state_adm_task_001_offline,否,FROZEN_V1.2.2
STA-01248,ADM-TASK-002,ADMIN,任务进度与预算,LOADING,首屏数据请求进行中,显示与最终布局一致的骨架屏,返回,与当前状态、权限或服务端version冲突的所有写操作,失败后显示重试,page_state_adm_task_002_loading,否,FROZEN_V1.2.2
STA-01249,ADM-TASK-002,ADMIN,任务进度与预算,CONTENT,核心数据完整且可交互,展示内容并按权限/状态机计算操作入口,页面定义的读写动作,与当前状态、权限或服务端version冲突的所有写操作,刷新或执行操作,page_state_adm_task_002_content,否,FROZEN_V1.2.2
STA-01250,ADM-TASK-002,ADMIN,任务进度与预算,EMPTY,查询成功但无符合条件的数据,展示业务化空状态、当前筛选和明确下一步,清除筛选/创建/返回,与当前状态、权限或服务端version冲突的所有写操作,修改筛选或执行主行动,page_state_adm_task_002_empty,否,FROZEN_V1.2.2
STA-01251,ADM-TASK-002,ADMIN,任务进度与预算,REFRESHING,已有内容上执行刷新,保留内容并显示轻量刷新指示,取消刷新,与当前状态、权限或服务端version冲突的所有写操作,失败保留旧数据,page_state_adm_task_002_refreshing,否,FROZEN_V1.2.2
STA-01252,ADM-TASK-002,ADMIN,任务进度与预算,PARTIAL_ERROR,非首屏请求或单模块失败,保留现有内容并在对应区域提示,局部重试,与当前状态、权限或服务端version冲突的所有写操作,成功后回到CONTENT,page_state_adm_task_002_partial_error,否,FROZEN_V1.2.2
STA-01253,ADM-TASK-002,ADMIN,任务进度与预算,NO_PERMISSION,后台角色或数据范围不足,隐藏敏感内容并记录访问拒绝,返回/申请权限,与当前状态、权限或服务端version冲突的所有写操作,禁止仅靠前端绕过,page_state_adm_task_002_no_permission,是,FROZEN_V1.2.2
STA-01254,ADM-TASK-002,ADMIN,任务进度与预算,ERROR,请求失败且无法展示可靠内容,展示稳定错误码、requestId、重试和返回,重试/返回,与当前状态、权限或服务端version冲突的所有写操作,按错误码恢复,page_state_adm_task_002_error,否,FROZEN_V1.2.2
STA-01255,ADM-TASK-002,ADMIN,任务进度与预算,OFFLINE,网络不可用,只读页面可展示标记为缓存的数据；写操作禁用,重试网络,与当前状态、权限或服务端version冲突的所有写操作,恢复网络后主动刷新,page_state_adm_task_002_offline,否,FROZEN_V1.2.2
STA-01256,ADM-CHAT-001,ADMIN,聊天举报,LOADING,首屏数据请求进行中,显示与最终布局一致的骨架屏,返回,与当前状态、权限或服务端version冲突的所有写操作,失败后显示重试,page_state_adm_chat_001_loading,否,FROZEN_V1.2.2
STA-01257,ADM-CHAT-001,ADMIN,聊天举报,CONTENT,核心数据完整且可交互,展示内容并按权限/状态机计算操作入口,页面定义的读写动作,与当前状态、权限或服务端version冲突的所有写操作,刷新或执行操作,page_state_adm_chat_001_content,否,FROZEN_V1.2.2
STA-01258,ADM-CHAT-001,ADMIN,聊天举报,EMPTY,查询成功但无符合条件的数据,展示业务化空状态、当前筛选和明确下一步,清除筛选/创建/返回,与当前状态、权限或服务端version冲突的所有写操作,修改筛选或执行主行动,page_state_adm_chat_001_empty,否,FROZEN_V1.2.2
STA-01259,ADM-CHAT-001,ADMIN,聊天举报,REFRESHING,已有内容上执行刷新,保留内容并显示轻量刷新指示,取消刷新,与当前状态、权限或服务端version冲突的所有写操作,失败保留旧数据,page_state_adm_chat_001_refreshing,否,FROZEN_V1.2.2
STA-01260,ADM-CHAT-001,ADMIN,聊天举报,PARTIAL_ERROR,非首屏请求或单模块失败,保留现有内容并在对应区域提示,局部重试,与当前状态、权限或服务端version冲突的所有写操作,成功后回到CONTENT,page_state_adm_chat_001_partial_error,否,FROZEN_V1.2.2
STA-01261,ADM-CHAT-001,ADMIN,聊天举报,NO_PERMISSION,后台角色或数据范围不足,隐藏敏感内容并记录访问拒绝,返回/申请权限,与当前状态、权限或服务端version冲突的所有写操作,禁止仅靠前端绕过,page_state_adm_chat_001_no_permission,是,FROZEN_V1.2.2
STA-01262,ADM-CHAT-001,ADMIN,聊天举报,QUEUE,审核/工单队列加载完成,展示筛选、优先级和分配状态,领取/分配/查看,与当前状态、权限或服务端version冲突的所有写操作,并发分配使用版本锁,page_state_adm_chat_001_queue,否,FROZEN_V1.2.2
STA-01263,ADM-CHAT-001,ADMIN,聊天举报,ASSIGNED,任务已分配给当前或其他处理人,展示处理人和SLA,开始处理/转派,与当前状态、权限或服务端version冲突的所有写操作,无权限者只读,page_state_adm_chat_001_assigned,否,FROZEN_V1.2.2
STA-01264,ADM-CHAT-001,ADMIN,聊天举报,REVIEWING,处理人正在查看证据和规则,展示证据、历史和决定表单,决定/保存备注,与当前状态、权限或服务端version冲突的所有写操作,原图访问有时效,page_state_adm_chat_001_reviewing,否,FROZEN_V1.2.2
STA-01265,ADM-CHAT-001,ADMIN,聊天举报,DECIDED,审核决定已提交,显示结果、通知和审计时间线,下一条/查看详情,与当前状态、权限或服务端version冲突的所有写操作,决定不可直接修改,page_state_adm_chat_001_decided,是,FROZEN_V1.2.2
STA-01266,ADM-CHAT-001,ADMIN,聊天举报,REJECTED,审核或审批被拒绝,展示结构化原因和可编辑范围,修改/申诉/返回,与当前状态、权限或服务端version冲突的所有写操作,原版本保持不可用,page_state_adm_chat_001_rejected,是,FROZEN_V1.2.2
STA-01267,ADM-CHAT-001,ADMIN,聊天举报,ERROR,请求失败且无法展示可靠内容,展示稳定错误码、requestId、重试和返回,重试/返回,与当前状态、权限或服务端version冲突的所有写操作,按错误码恢复,page_state_adm_chat_001_error,否,FROZEN_V1.2.2
STA-01268,ADM-CHAT-001,ADMIN,聊天举报,OFFLINE,网络不可用,只读页面可展示标记为缓存的数据；写操作禁用,重试网络,与当前状态、权限或服务端version冲突的所有写操作,恢复网络后主动刷新,page_state_adm_chat_001_offline,否,FROZEN_V1.2.2
STA-01269,ADM-SUPPORT-001,ADMIN,工单列表,LOADING,首屏数据请求进行中,显示与最终布局一致的骨架屏,返回,与当前状态、权限或服务端version冲突的所有写操作,失败后显示重试,page_state_adm_support_001_loading,否,FROZEN_V1.2.2
STA-01270,ADM-SUPPORT-001,ADMIN,工单列表,CONTENT,核心数据完整且可交互,展示内容并按权限/状态机计算操作入口,页面定义的读写动作,与当前状态、权限或服务端version冲突的所有写操作,刷新或执行操作,page_state_adm_support_001_content,否,FROZEN_V1.2.2
STA-01271,ADM-SUPPORT-001,ADMIN,工单列表,EMPTY,查询成功但无符合条件的数据,展示业务化空状态、当前筛选和明确下一步,清除筛选/创建/返回,与当前状态、权限或服务端version冲突的所有写操作,修改筛选或执行主行动,page_state_adm_support_001_empty,否,FROZEN_V1.2.2
STA-01272,ADM-SUPPORT-001,ADMIN,工单列表,REFRESHING,已有内容上执行刷新,保留内容并显示轻量刷新指示,取消刷新,与当前状态、权限或服务端version冲突的所有写操作,失败保留旧数据,page_state_adm_support_001_refreshing,否,FROZEN_V1.2.2
STA-01273,ADM-SUPPORT-001,ADMIN,工单列表,PARTIAL_ERROR,非首屏请求或单模块失败,保留现有内容并在对应区域提示,局部重试,与当前状态、权限或服务端version冲突的所有写操作,成功后回到CONTENT,page_state_adm_support_001_partial_error,否,FROZEN_V1.2.2
STA-01274,ADM-SUPPORT-001,ADMIN,工单列表,NO_PERMISSION,后台角色或数据范围不足,隐藏敏感内容并记录访问拒绝,返回/申请权限,与当前状态、权限或服务端version冲突的所有写操作,禁止仅靠前端绕过,page_state_adm_support_001_no_permission,是,FROZEN_V1.2.2
STA-01275,ADM-SUPPORT-001,ADMIN,工单列表,ERROR,请求失败且无法展示可靠内容,展示稳定错误码、requestId、重试和返回,重试/返回,与当前状态、权限或服务端version冲突的所有写操作,按错误码恢复,page_state_adm_support_001_error,否,FROZEN_V1.2.2
STA-01276,ADM-SUPPORT-001,ADMIN,工单列表,OFFLINE,网络不可用,只读页面可展示标记为缓存的数据；写操作禁用,重试网络,与当前状态、权限或服务端version冲突的所有写操作,恢复网络后主动刷新,page_state_adm_support_001_offline,否,FROZEN_V1.2.2
STA-01277,ADM-CMS-001,ADMIN,首页CMS,LOADING,首屏数据请求进行中,显示与最终布局一致的骨架屏,返回,与当前状态、权限或服务端version冲突的所有写操作,失败后显示重试,page_state_adm_cms_001_loading,否,FROZEN_V1.2.2
STA-01278,ADM-CMS-001,ADMIN,首页CMS,EDITING,用户正在编辑表单,显示字段、帮助、脏状态和保存/提交入口,编辑/保存/提交/取消,与当前状态、权限或服务端version冲突的所有写操作,离开时执行脏表单保护,page_state_adm_cms_001_editing,否,FROZEN_V1.2.2
STA-01279,ADM-CMS-001,ADMIN,首页CMS,DIRTY,存在未保存变更,显示未保存标识和离开确认,保存/放弃,与当前状态、权限或服务端version冲突的所有写操作,禁止静默丢失,page_state_adm_cms_001_dirty,否,FROZEN_V1.2.2
STA-01280,ADM-CMS-001,ADMIN,首页CMS,PREVIEWING,CMS或模板预览中,显示目标端、版本和示例变量,返回编辑/提交审批,与当前状态、权限或服务端version冲突的所有写操作,预览不得写入生产,page_state_adm_cms_001_previewing,否,FROZEN_V1.2.2
STA-01281,ADM-CMS-001,ADMIN,首页CMS,PENDING_APPROVAL,敏感变更等待双人复核,锁定关键字段，展示审批进度,撤回（允许时）/查看审批,与当前状态、权限或服务端version冲突的所有写操作,申请人不得自审,page_state_adm_cms_001_pending_approval,否,FROZEN_V1.2.2
STA-01282,ADM-CMS-001,ADMIN,首页CMS,PUBLISHED,内容/版本已发布,显示渠道、范围、时间和产物哈希,查看/回滚申请,与当前状态、权限或服务端version冲突的所有写操作,不可修改已发布快照,page_state_adm_cms_001_published,是,FROZEN_V1.2.2
STA-01283,ADM-CMS-001,ADMIN,首页CMS,CONFLICT,expectedVersion或状态机冲突,展示数据已变化和差异摘要,重新加载/放弃本地变更,与当前状态、权限或服务端version冲突的所有写操作,禁止盲目覆盖,page_state_adm_cms_001_conflict,否,FROZEN_V1.2.2
STA-01284,ADM-CMS-001,ADMIN,首页CMS,ERROR,请求失败且无法展示可靠内容,展示稳定错误码、requestId、重试和返回,重试/返回,与当前状态、权限或服务端version冲突的所有写操作,按错误码恢复,page_state_adm_cms_001_error,否,FROZEN_V1.2.2
STA-01285,ADM-CMS-001,ADMIN,首页CMS,OFFLINE,网络不可用,只读页面可展示标记为缓存的数据；写操作禁用,重试网络,与当前状态、权限或服务端version冲突的所有写操作,恢复网络后主动刷新,page_state_adm_cms_001_offline,否,FROZEN_V1.2.2
STA-01286,ADM-CMS-001,ADMIN,首页CMS,NO_PERMISSION,后台角色或数据范围不足,隐藏敏感内容并记录访问拒绝,返回/申请权限,与当前状态、权限或服务端version冲突的所有写操作,禁止仅靠前端绕过,page_state_adm_cms_001_no_permission,是,FROZEN_V1.2.2
STA-01287,ADM-CMS-002,ADMIN,H5宣传页CMS,LOADING,首屏数据请求进行中,显示与最终布局一致的骨架屏,返回,与当前状态、权限或服务端version冲突的所有写操作,失败后显示重试,page_state_adm_cms_002_loading,否,FROZEN_V1.2.2
STA-01288,ADM-CMS-002,ADMIN,H5宣传页CMS,EDITING,用户正在编辑表单,显示字段、帮助、脏状态和保存/提交入口,编辑/保存/提交/取消,与当前状态、权限或服务端version冲突的所有写操作,离开时执行脏表单保护,page_state_adm_cms_002_editing,否,FROZEN_V1.2.2
STA-01289,ADM-CMS-002,ADMIN,H5宣传页CMS,DIRTY,存在未保存变更,显示未保存标识和离开确认,保存/放弃,与当前状态、权限或服务端version冲突的所有写操作,禁止静默丢失,page_state_adm_cms_002_dirty,否,FROZEN_V1.2.2
STA-01290,ADM-CMS-002,ADMIN,H5宣传页CMS,PREVIEWING,CMS或模板预览中,显示目标端、版本和示例变量,返回编辑/提交审批,与当前状态、权限或服务端version冲突的所有写操作,预览不得写入生产,page_state_adm_cms_002_previewing,否,FROZEN_V1.2.2
STA-01291,ADM-CMS-002,ADMIN,H5宣传页CMS,PENDING_APPROVAL,敏感变更等待双人复核,锁定关键字段，展示审批进度,撤回（允许时）/查看审批,与当前状态、权限或服务端version冲突的所有写操作,申请人不得自审,page_state_adm_cms_002_pending_approval,否,FROZEN_V1.2.2
STA-01292,ADM-CMS-002,ADMIN,H5宣传页CMS,PUBLISHED,内容/版本已发布,显示渠道、范围、时间和产物哈希,查看/回滚申请,与当前状态、权限或服务端version冲突的所有写操作,不可修改已发布快照,page_state_adm_cms_002_published,是,FROZEN_V1.2.2
STA-01293,ADM-CMS-002,ADMIN,H5宣传页CMS,CONFLICT,expectedVersion或状态机冲突,展示数据已变化和差异摘要,重新加载/放弃本地变更,与当前状态、权限或服务端version冲突的所有写操作,禁止盲目覆盖,page_state_adm_cms_002_conflict,否,FROZEN_V1.2.2
STA-01294,ADM-CMS-002,ADMIN,H5宣传页CMS,ERROR,请求失败且无法展示可靠内容,展示稳定错误码、requestId、重试和返回,重试/返回,与当前状态、权限或服务端version冲突的所有写操作,按错误码恢复,page_state_adm_cms_002_error,否,FROZEN_V1.2.2
STA-01295,ADM-CMS-002,ADMIN,H5宣传页CMS,OFFLINE,网络不可用,只读页面可展示标记为缓存的数据；写操作禁用,重试网络,与当前状态、权限或服务端version冲突的所有写操作,恢复网络后主动刷新,page_state_adm_cms_002_offline,否,FROZEN_V1.2.2
STA-01296,ADM-CMS-002,ADMIN,H5宣传页CMS,NO_PERMISSION,后台角色或数据范围不足,隐藏敏感内容并记录访问拒绝,返回/申请权限,与当前状态、权限或服务端version冲突的所有写操作,禁止仅靠前端绕过,page_state_adm_cms_002_no_permission,是,FROZEN_V1.2.2
STA-01297,ADM-CMS-003,ADMIN,公告帮助协议,LOADING,首屏数据请求进行中,显示与最终布局一致的骨架屏,返回,与当前状态、权限或服务端version冲突的所有写操作,失败后显示重试,page_state_adm_cms_003_loading,否,FROZEN_V1.2.2
STA-01298,ADM-CMS-003,ADMIN,公告帮助协议,EDITING,用户正在编辑表单,显示字段、帮助、脏状态和保存/提交入口,编辑/保存/提交/取消,与当前状态、权限或服务端version冲突的所有写操作,离开时执行脏表单保护,page_state_adm_cms_003_editing,否,FROZEN_V1.2.2
STA-01299,ADM-CMS-003,ADMIN,公告帮助协议,DIRTY,存在未保存变更,显示未保存标识和离开确认,保存/放弃,与当前状态、权限或服务端version冲突的所有写操作,禁止静默丢失,page_state_adm_cms_003_dirty,否,FROZEN_V1.2.2
STA-01300,ADM-CMS-003,ADMIN,公告帮助协议,PREVIEWING,CMS或模板预览中,显示目标端、版本和示例变量,返回编辑/提交审批,与当前状态、权限或服务端version冲突的所有写操作,预览不得写入生产,page_state_adm_cms_003_previewing,否,FROZEN_V1.2.2
STA-01301,ADM-CMS-003,ADMIN,公告帮助协议,PENDING_APPROVAL,敏感变更等待双人复核,锁定关键字段，展示审批进度,撤回（允许时）/查看审批,与当前状态、权限或服务端version冲突的所有写操作,申请人不得自审,page_state_adm_cms_003_pending_approval,否,FROZEN_V1.2.2
STA-01302,ADM-CMS-003,ADMIN,公告帮助协议,PUBLISHED,内容/版本已发布,显示渠道、范围、时间和产物哈希,查看/回滚申请,与当前状态、权限或服务端version冲突的所有写操作,不可修改已发布快照,page_state_adm_cms_003_published,是,FROZEN_V1.2.2
STA-01303,ADM-CMS-003,ADMIN,公告帮助协议,CONFLICT,expectedVersion或状态机冲突,展示数据已变化和差异摘要,重新加载/放弃本地变更,与当前状态、权限或服务端version冲突的所有写操作,禁止盲目覆盖,page_state_adm_cms_003_conflict,否,FROZEN_V1.2.2
STA-01304,ADM-CMS-003,ADMIN,公告帮助协议,ERROR,请求失败且无法展示可靠内容,展示稳定错误码、requestId、重试和返回,重试/返回,与当前状态、权限或服务端version冲突的所有写操作,按错误码恢复,page_state_adm_cms_003_error,否,FROZEN_V1.2.2
STA-01305,ADM-CMS-003,ADMIN,公告帮助协议,OFFLINE,网络不可用,只读页面可展示标记为缓存的数据；写操作禁用,重试网络,与当前状态、权限或服务端version冲突的所有写操作,恢复网络后主动刷新,page_state_adm_cms_003_offline,否,FROZEN_V1.2.2
STA-01306,ADM-CMS-003,ADMIN,公告帮助协议,NO_PERMISSION,后台角色或数据范围不足,隐藏敏感内容并记录访问拒绝,返回/申请权限,与当前状态、权限或服务端version冲突的所有写操作,禁止仅靠前端绕过,page_state_adm_cms_003_no_permission,是,FROZEN_V1.2.2
STA-01307,ADM-APP-001,ADMIN,App版本,DRAFT,存在未生效配置/规则/模板草稿,显示与当前版本差异,编辑/校验/提交审批,与当前状态、权限或服务端version冲突的所有写操作,不得影响运行时,page_state_adm_app_001_draft,否,FROZEN_V1.2.2
STA-01308,ADM-APP-001,ADMIN,App版本,QUEUED,构建、导出或异步任务排队,显示队列位置和提交快照,取消（允许时）/查看,与当前状态、权限或服务端version冲突的所有写操作,同一快照避免重复任务,page_state_adm_app_001_queued,否,FROZEN_V1.2.2
STA-01309,ADM-APP-001,ADMIN,App版本,RUNNING,任务有效进行中,展示服务端进度、心跳和可见性,继续/取消,与当前状态、权限或服务端version冲突的所有写操作,本地计时不决定奖励,page_state_adm_app_001_running,否,FROZEN_V1.2.2
STA-01310,ADM-APP-001,ADMIN,App版本,SUCCEEDED,异步任务成功,显示产物、校验和、过期时间,下载/发布/查看,与当前状态、权限或服务端version冲突的所有写操作,下载使用短时令牌,page_state_adm_app_001_succeeded,是,FROZEN_V1.2.2
STA-01311,ADM-APP-001,ADMIN,App版本,FAILED,业务操作明确失败,展示业务原因和可执行下一步,修改后重试/返回,与当前状态、权限或服务端version冲突的所有写操作,保留非敏感上下文,page_state_adm_app_001_failed,是,FROZEN_V1.2.2
STA-01312,ADM-APP-001,ADMIN,App版本,PENDING_APPROVAL,敏感变更等待双人复核,锁定关键字段，展示审批进度,撤回（允许时）/查看审批,与当前状态、权限或服务端version冲突的所有写操作,申请人不得自审,page_state_adm_app_001_pending_approval,否,FROZEN_V1.2.2
STA-01313,ADM-APP-001,ADMIN,App版本,PUBLISHED,内容/版本已发布,显示渠道、范围、时间和产物哈希,查看/回滚申请,与当前状态、权限或服务端version冲突的所有写操作,不可修改已发布快照,page_state_adm_app_001_published,是,FROZEN_V1.2.2
STA-01314,ADM-APP-001,ADMIN,App版本,ROLLED_BACK,版本已回滚,显示来源版本、目标版本和原因,查看历史,与当前状态、权限或服务端version冲突的所有写操作,回滚本身形成新记录,page_state_adm_app_001_rolled_back,是,FROZEN_V1.2.2
STA-01315,ADM-APP-001,ADMIN,App版本,ERROR,请求失败且无法展示可靠内容,展示稳定错误码、requestId、重试和返回,重试/返回,与当前状态、权限或服务端version冲突的所有写操作,按错误码恢复,page_state_adm_app_001_error,否,FROZEN_V1.2.2
STA-01316,ADM-APP-001,ADMIN,App版本,OFFLINE,网络不可用,只读页面可展示标记为缓存的数据；写操作禁用,重试网络,与当前状态、权限或服务端version冲突的所有写操作,恢复网络后主动刷新,page_state_adm_app_001_offline,否,FROZEN_V1.2.2
STA-01317,ADM-APP-001,ADMIN,App版本,NO_PERMISSION,后台角色或数据范围不足,隐藏敏感内容并记录访问拒绝,返回/申请权限,与当前状态、权限或服务端version冲突的所有写操作,禁止仅靠前端绕过,page_state_adm_app_001_no_permission,是,FROZEN_V1.2.2
STA-01318,ADM-RISK-001,ADMIN,风险事件,LOADING,首屏数据请求进行中,显示与最终布局一致的骨架屏,返回,与当前状态、权限或服务端version冲突的所有写操作,失败后显示重试,page_state_adm_risk_001_loading,否,FROZEN_V1.2.2
STA-01319,ADM-RISK-001,ADMIN,风险事件,CONTENT,核心数据完整且可交互,展示内容并按权限/状态机计算操作入口,页面定义的读写动作,与当前状态、权限或服务端version冲突的所有写操作,刷新或执行操作,page_state_adm_risk_001_content,否,FROZEN_V1.2.2
STA-01320,ADM-RISK-001,ADMIN,风险事件,NO_PERMISSION,后台角色或数据范围不足,隐藏敏感内容并记录访问拒绝,返回/申请权限,与当前状态、权限或服务端version冲突的所有写操作,禁止仅靠前端绕过,page_state_adm_risk_001_no_permission,是,FROZEN_V1.2.2
STA-01321,ADM-RISK-001,ADMIN,风险事件,PENDING_APPROVAL,敏感变更等待双人复核,锁定关键字段，展示审批进度,撤回（允许时）/查看审批,与当前状态、权限或服务端version冲突的所有写操作,申请人不得自审,page_state_adm_risk_001_pending_approval,否,FROZEN_V1.2.2
STA-01322,ADM-RISK-001,ADMIN,风险事件,ERROR,请求失败且无法展示可靠内容,展示稳定错误码、requestId、重试和返回,重试/返回,与当前状态、权限或服务端version冲突的所有写操作,按错误码恢复,page_state_adm_risk_001_error,否,FROZEN_V1.2.2
STA-01323,ADM-RISK-001,ADMIN,风险事件,OFFLINE,网络不可用,只读页面可展示标记为缓存的数据；写操作禁用,重试网络,与当前状态、权限或服务端version冲突的所有写操作,恢复网络后主动刷新,page_state_adm_risk_001_offline,否,FROZEN_V1.2.2
STA-01324,ADM-RISK-002,ADMIN,黑白名单,LOADING,首屏数据请求进行中,显示与最终布局一致的骨架屏,返回,与当前状态、权限或服务端version冲突的所有写操作,失败后显示重试,page_state_adm_risk_002_loading,否,FROZEN_V1.2.2
STA-01325,ADM-RISK-002,ADMIN,黑白名单,CONTENT,核心数据完整且可交互,展示内容并按权限/状态机计算操作入口,页面定义的读写动作,与当前状态、权限或服务端version冲突的所有写操作,刷新或执行操作,page_state_adm_risk_002_content,否,FROZEN_V1.2.2
STA-01326,ADM-RISK-002,ADMIN,黑白名单,NO_PERMISSION,后台角色或数据范围不足,隐藏敏感内容并记录访问拒绝,返回/申请权限,与当前状态、权限或服务端version冲突的所有写操作,禁止仅靠前端绕过,page_state_adm_risk_002_no_permission,是,FROZEN_V1.2.2
STA-01327,ADM-RISK-002,ADMIN,黑白名单,PENDING_APPROVAL,敏感变更等待双人复核,锁定关键字段，展示审批进度,撤回（允许时）/查看审批,与当前状态、权限或服务端version冲突的所有写操作,申请人不得自审,page_state_adm_risk_002_pending_approval,否,FROZEN_V1.2.2
STA-01328,ADM-RISK-002,ADMIN,黑白名单,ERROR,请求失败且无法展示可靠内容,展示稳定错误码、requestId、重试和返回,重试/返回,与当前状态、权限或服务端version冲突的所有写操作,按错误码恢复,page_state_adm_risk_002_error,否,FROZEN_V1.2.2
STA-01329,ADM-RISK-002,ADMIN,黑白名单,OFFLINE,网络不可用,只读页面可展示标记为缓存的数据；写操作禁用,重试网络,与当前状态、权限或服务端version冲突的所有写操作,恢复网络后主动刷新,page_state_adm_risk_002_offline,否,FROZEN_V1.2.2
STA-01330,ADM-CONFIG-001,ADMIN,系统配置,LOADING,首屏数据请求进行中,显示与最终布局一致的骨架屏,返回,与当前状态、权限或服务端version冲突的所有写操作,失败后显示重试,page_state_adm_config_001_loading,否,FROZEN_V1.2.2
STA-01331,ADM-CONFIG-001,ADMIN,系统配置,ACTIVE_VERSION,配置当前生效版本,只读展示值、来源、生效时间和审计,创建草稿/回滚申请,与当前状态、权限或服务端version冲突的所有写操作,秘密仅显示配置状态,page_state_adm_config_001_active_version,否,FROZEN_V1.2.2
STA-01332,ADM-CONFIG-001,ADMIN,系统配置,DRAFT,存在未生效配置/规则/模板草稿,显示与当前版本差异,编辑/校验/提交审批,与当前状态、权限或服务端version冲突的所有写操作,不得影响运行时,page_state_adm_config_001_draft,否,FROZEN_V1.2.2
STA-01333,ADM-CONFIG-001,ADMIN,系统配置,VALIDATING,正在验证一次性state或输入,显示处理中，不暴露敏感参数,返回（允许时）,与当前状态、权限或服务端version冲突的所有写操作,参数立即从URL清理,page_state_adm_config_001_validating,否,FROZEN_V1.2.2
STA-01334,ADM-CONFIG-001,ADMIN,系统配置,PENDING_APPROVAL,敏感变更等待双人复核,锁定关键字段，展示审批进度,撤回（允许时）/查看审批,与当前状态、权限或服务端version冲突的所有写操作,申请人不得自审,page_state_adm_config_001_pending_approval,否,FROZEN_V1.2.2
STA-01335,ADM-CONFIG-001,ADMIN,系统配置,ACTIVATING,配置版本原子激活中,显示步骤和回滚点,查询状态,与当前状态、权限或服务端version冲突的所有写操作,不得并行激活,page_state_adm_config_001_activating,否,FROZEN_V1.2.2
STA-01336,ADM-CONFIG-001,ADMIN,系统配置,ERROR,请求失败且无法展示可靠内容,展示稳定错误码、requestId、重试和返回,重试/返回,与当前状态、权限或服务端version冲突的所有写操作,按错误码恢复,page_state_adm_config_001_error,否,FROZEN_V1.2.2
STA-01337,ADM-CONFIG-001,ADMIN,系统配置,CONFLICT,expectedVersion或状态机冲突,展示数据已变化和差异摘要,重新加载/放弃本地变更,与当前状态、权限或服务端version冲突的所有写操作,禁止盲目覆盖,page_state_adm_config_001_conflict,否,FROZEN_V1.2.2
STA-01338,ADM-CONFIG-001,ADMIN,系统配置,OFFLINE,网络不可用,只读页面可展示标记为缓存的数据；写操作禁用,重试网络,与当前状态、权限或服务端version冲突的所有写操作,恢复网络后主动刷新,page_state_adm_config_001_offline,否,FROZEN_V1.2.2
STA-01339,ADM-CONFIG-001,ADMIN,系统配置,NO_PERMISSION,后台角色或数据范围不足,隐藏敏感内容并记录访问拒绝,返回/申请权限,与当前状态、权限或服务端version冲突的所有写操作,禁止仅靠前端绕过,page_state_adm_config_001_no_permission,是,FROZEN_V1.2.2
STA-01340,ADM-RBAC-001,ADMIN,员工角色权限,LOADING,首屏数据请求进行中,显示与最终布局一致的骨架屏,返回,与当前状态、权限或服务端version冲突的所有写操作,失败后显示重试,page_state_adm_rbac_001_loading,否,FROZEN_V1.2.2
STA-01341,ADM-RBAC-001,ADMIN,员工角色权限,CONTENT,核心数据完整且可交互,展示内容并按权限/状态机计算操作入口,页面定义的读写动作,与当前状态、权限或服务端version冲突的所有写操作,刷新或执行操作,page_state_adm_rbac_001_content,否,FROZEN_V1.2.2
STA-01342,ADM-RBAC-001,ADMIN,员工角色权限,NO_PERMISSION,后台角色或数据范围不足,隐藏敏感内容并记录访问拒绝,返回/申请权限,与当前状态、权限或服务端version冲突的所有写操作,禁止仅靠前端绕过,page_state_adm_rbac_001_no_permission,是,FROZEN_V1.2.2
STA-01343,ADM-RBAC-001,ADMIN,员工角色权限,PENDING_APPROVAL,敏感变更等待双人复核,锁定关键字段，展示审批进度,撤回（允许时）/查看审批,与当前状态、权限或服务端version冲突的所有写操作,申请人不得自审,page_state_adm_rbac_001_pending_approval,否,FROZEN_V1.2.2
STA-01344,ADM-RBAC-001,ADMIN,员工角色权限,ERROR,请求失败且无法展示可靠内容,展示稳定错误码、requestId、重试和返回,重试/返回,与当前状态、权限或服务端version冲突的所有写操作,按错误码恢复,page_state_adm_rbac_001_error,否,FROZEN_V1.2.2
STA-01345,ADM-RBAC-001,ADMIN,员工角色权限,OFFLINE,网络不可用,只读页面可展示标记为缓存的数据；写操作禁用,重试网络,与当前状态、权限或服务端version冲突的所有写操作,恢复网络后主动刷新,page_state_adm_rbac_001_offline,否,FROZEN_V1.2.2
STA-01346,ADM-AUDIT-001,ADMIN,审计日志,LOADING,首屏数据请求进行中,显示与最终布局一致的骨架屏,返回,与当前状态、权限或服务端version冲突的所有写操作,失败后显示重试,page_state_adm_audit_001_loading,否,FROZEN_V1.2.2
STA-01347,ADM-AUDIT-001,ADMIN,审计日志,CONTENT,核心数据完整且可交互,展示内容并按权限/状态机计算操作入口,页面定义的读写动作,与当前状态、权限或服务端version冲突的所有写操作,刷新或执行操作,page_state_adm_audit_001_content,否,FROZEN_V1.2.2
STA-01348,ADM-AUDIT-001,ADMIN,审计日志,NO_PERMISSION,后台角色或数据范围不足,隐藏敏感内容并记录访问拒绝,返回/申请权限,与当前状态、权限或服务端version冲突的所有写操作,禁止仅靠前端绕过,page_state_adm_audit_001_no_permission,是,FROZEN_V1.2.2
STA-01349,ADM-AUDIT-001,ADMIN,审计日志,PENDING_APPROVAL,敏感变更等待双人复核,锁定关键字段，展示审批进度,撤回（允许时）/查看审批,与当前状态、权限或服务端version冲突的所有写操作,申请人不得自审,page_state_adm_audit_001_pending_approval,否,FROZEN_V1.2.2
STA-01350,ADM-AUDIT-001,ADMIN,审计日志,ERROR,请求失败且无法展示可靠内容,展示稳定错误码、requestId、重试和返回,重试/返回,与当前状态、权限或服务端version冲突的所有写操作,按错误码恢复,page_state_adm_audit_001_error,否,FROZEN_V1.2.2
STA-01351,ADM-AUDIT-001,ADMIN,审计日志,OFFLINE,网络不可用,只读页面可展示标记为缓存的数据；写操作禁用,重试网络,与当前状态、权限或服务端version冲突的所有写操作,恢复网络后主动刷新,page_state_adm_audit_001_offline,否,FROZEN_V1.2.2
STA-01352,ADM-JOB-001,ADMIN,定时任务,LOADING,首屏数据请求进行中,显示与最终布局一致的骨架屏,返回,与当前状态、权限或服务端version冲突的所有写操作,失败后显示重试,page_state_adm_job_001_loading,否,FROZEN_V1.2.2
STA-01353,ADM-JOB-001,ADMIN,定时任务,ACTIVE_VERSION,配置当前生效版本,只读展示值、来源、生效时间和审计,创建草稿/回滚申请,与当前状态、权限或服务端version冲突的所有写操作,秘密仅显示配置状态,page_state_adm_job_001_active_version,否,FROZEN_V1.2.2
STA-01354,ADM-JOB-001,ADMIN,定时任务,DRAFT,存在未生效配置/规则/模板草稿,显示与当前版本差异,编辑/校验/提交审批,与当前状态、权限或服务端version冲突的所有写操作,不得影响运行时,page_state_adm_job_001_draft,否,FROZEN_V1.2.2
STA-01355,ADM-JOB-001,ADMIN,定时任务,VALIDATING,正在验证一次性state或输入,显示处理中，不暴露敏感参数,返回（允许时）,与当前状态、权限或服务端version冲突的所有写操作,参数立即从URL清理,page_state_adm_job_001_validating,否,FROZEN_V1.2.2
STA-01356,ADM-JOB-001,ADMIN,定时任务,PENDING_APPROVAL,敏感变更等待双人复核,锁定关键字段，展示审批进度,撤回（允许时）/查看审批,与当前状态、权限或服务端version冲突的所有写操作,申请人不得自审,page_state_adm_job_001_pending_approval,否,FROZEN_V1.2.2
STA-01357,ADM-JOB-001,ADMIN,定时任务,ACTIVATING,配置版本原子激活中,显示步骤和回滚点,查询状态,与当前状态、权限或服务端version冲突的所有写操作,不得并行激活,page_state_adm_job_001_activating,否,FROZEN_V1.2.2
STA-01358,ADM-JOB-001,ADMIN,定时任务,ERROR,请求失败且无法展示可靠内容,展示稳定错误码、requestId、重试和返回,重试/返回,与当前状态、权限或服务端version冲突的所有写操作,按错误码恢复,page_state_adm_job_001_error,否,FROZEN_V1.2.2
STA-01359,ADM-JOB-001,ADMIN,定时任务,CONFLICT,expectedVersion或状态机冲突,展示数据已变化和差异摘要,重新加载/放弃本地变更,与当前状态、权限或服务端version冲突的所有写操作,禁止盲目覆盖,page_state_adm_job_001_conflict,否,FROZEN_V1.2.2
STA-01360,ADM-JOB-001,ADMIN,定时任务,OFFLINE,网络不可用,只读页面可展示标记为缓存的数据；写操作禁用,重试网络,与当前状态、权限或服务端version冲突的所有写操作,恢复网络后主动刷新,page_state_adm_job_001_offline,否,FROZEN_V1.2.2
STA-01361,ADM-JOB-001,ADMIN,定时任务,NO_PERMISSION,后台角色或数据范围不足,隐藏敏感内容并记录访问拒绝,返回/申请权限,与当前状态、权限或服务端version冲突的所有写操作,禁止仅靠前端绕过,page_state_adm_job_001_no_permission,是,FROZEN_V1.2.2
STA-01362,ADM-CONFIG-002,ADMIN,供应商配置中心,LOADING,首屏数据请求进行中,显示与最终布局一致的骨架屏,返回,与当前状态、权限或服务端version冲突的所有写操作,失败后显示重试,page_state_adm_config_002_loading,否,FROZEN_V1.2.2
STA-01363,ADM-CONFIG-002,ADMIN,供应商配置中心,ACTIVE_VERSION,配置当前生效版本,只读展示值、来源、生效时间和审计,创建草稿/回滚申请,与当前状态、权限或服务端version冲突的所有写操作,秘密仅显示配置状态,page_state_adm_config_002_active_version,否,FROZEN_V1.2.2
STA-01364,ADM-CONFIG-002,ADMIN,供应商配置中心,DRAFT,存在未生效配置/规则/模板草稿,显示与当前版本差异,编辑/校验/提交审批,与当前状态、权限或服务端version冲突的所有写操作,不得影响运行时,page_state_adm_config_002_draft,否,FROZEN_V1.2.2
STA-01365,ADM-CONFIG-002,ADMIN,供应商配置中心,VALIDATING,正在验证一次性state或输入,显示处理中，不暴露敏感参数,返回（允许时）,与当前状态、权限或服务端version冲突的所有写操作,参数立即从URL清理,page_state_adm_config_002_validating,否,FROZEN_V1.2.2
STA-01366,ADM-CONFIG-002,ADMIN,供应商配置中心,PENDING_APPROVAL,敏感变更等待双人复核,锁定关键字段，展示审批进度,撤回（允许时）/查看审批,与当前状态、权限或服务端version冲突的所有写操作,申请人不得自审,page_state_adm_config_002_pending_approval,否,FROZEN_V1.2.2
STA-01367,ADM-CONFIG-002,ADMIN,供应商配置中心,ACTIVATING,配置版本原子激活中,显示步骤和回滚点,查询状态,与当前状态、权限或服务端version冲突的所有写操作,不得并行激活,page_state_adm_config_002_activating,否,FROZEN_V1.2.2
STA-01368,ADM-CONFIG-002,ADMIN,供应商配置中心,ERROR,请求失败且无法展示可靠内容,展示稳定错误码、requestId、重试和返回,重试/返回,与当前状态、权限或服务端version冲突的所有写操作,按错误码恢复,page_state_adm_config_002_error,否,FROZEN_V1.2.2
STA-01369,ADM-CONFIG-002,ADMIN,供应商配置中心,CONFLICT,expectedVersion或状态机冲突,展示数据已变化和差异摘要,重新加载/放弃本地变更,与当前状态、权限或服务端version冲突的所有写操作,禁止盲目覆盖,page_state_adm_config_002_conflict,否,FROZEN_V1.2.2
STA-01370,ADM-CONFIG-002,ADMIN,供应商配置中心,OFFLINE,网络不可用,只读页面可展示标记为缓存的数据；写操作禁用,重试网络,与当前状态、权限或服务端version冲突的所有写操作,恢复网络后主动刷新,page_state_adm_config_002_offline,否,FROZEN_V1.2.2
STA-01371,ADM-CONFIG-002,ADMIN,供应商配置中心,NO_PERMISSION,后台角色或数据范围不足,隐藏敏感内容并记录访问拒绝,返回/申请权限,与当前状态、权限或服务端version冲突的所有写操作,禁止仅靠前端绕过,page_state_adm_config_002_no_permission,是,FROZEN_V1.2.2
STA-01372,ADM-CONFIG-003,ADMIN,阿里云短信配置,LOADING,首屏数据请求进行中,显示与最终布局一致的骨架屏,返回,与当前状态、权限或服务端version冲突的所有写操作,失败后显示重试,page_state_adm_config_003_loading,否,FROZEN_V1.2.2
STA-01373,ADM-CONFIG-003,ADMIN,阿里云短信配置,ACTIVE_VERSION,配置当前生效版本,只读展示值、来源、生效时间和审计,创建草稿/回滚申请,与当前状态、权限或服务端version冲突的所有写操作,秘密仅显示配置状态,page_state_adm_config_003_active_version,否,FROZEN_V1.2.2
STA-01374,ADM-CONFIG-003,ADMIN,阿里云短信配置,DRAFT,存在未生效配置/规则/模板草稿,显示与当前版本差异,编辑/校验/提交审批,与当前状态、权限或服务端version冲突的所有写操作,不得影响运行时,page_state_adm_config_003_draft,否,FROZEN_V1.2.2
STA-01375,ADM-CONFIG-003,ADMIN,阿里云短信配置,VALIDATING,正在验证一次性state或输入,显示处理中，不暴露敏感参数,返回（允许时）,与当前状态、权限或服务端version冲突的所有写操作,参数立即从URL清理,page_state_adm_config_003_validating,否,FROZEN_V1.2.2
STA-01376,ADM-CONFIG-003,ADMIN,阿里云短信配置,PENDING_APPROVAL,敏感变更等待双人复核,锁定关键字段，展示审批进度,撤回（允许时）/查看审批,与当前状态、权限或服务端version冲突的所有写操作,申请人不得自审,page_state_adm_config_003_pending_approval,否,FROZEN_V1.2.2
STA-01377,ADM-CONFIG-003,ADMIN,阿里云短信配置,ACTIVATING,配置版本原子激活中,显示步骤和回滚点,查询状态,与当前状态、权限或服务端version冲突的所有写操作,不得并行激活,page_state_adm_config_003_activating,否,FROZEN_V1.2.2
STA-01378,ADM-CONFIG-003,ADMIN,阿里云短信配置,ERROR,请求失败且无法展示可靠内容,展示稳定错误码、requestId、重试和返回,重试/返回,与当前状态、权限或服务端version冲突的所有写操作,按错误码恢复,page_state_adm_config_003_error,否,FROZEN_V1.2.2
STA-01379,ADM-CONFIG-003,ADMIN,阿里云短信配置,CONFLICT,expectedVersion或状态机冲突,展示数据已变化和差异摘要,重新加载/放弃本地变更,与当前状态、权限或服务端version冲突的所有写操作,禁止盲目覆盖,page_state_adm_config_003_conflict,否,FROZEN_V1.2.2
STA-01380,ADM-CONFIG-003,ADMIN,阿里云短信配置,OFFLINE,网络不可用,只读页面可展示标记为缓存的数据；写操作禁用,重试网络,与当前状态、权限或服务端version冲突的所有写操作,恢复网络后主动刷新,page_state_adm_config_003_offline,否,FROZEN_V1.2.2
STA-01381,ADM-CONFIG-003,ADMIN,阿里云短信配置,NO_PERMISSION,后台角色或数据范围不足,隐藏敏感内容并记录访问拒绝,返回/申请权限,与当前状态、权限或服务端version冲突的所有写操作,禁止仅靠前端绕过,page_state_adm_config_003_no_permission,是,FROZEN_V1.2.2
STA-01382,ADM-CONFIG-004,ADMIN,对象存储配置,LOADING,首屏数据请求进行中,显示与最终布局一致的骨架屏,返回,与当前状态、权限或服务端version冲突的所有写操作,失败后显示重试,page_state_adm_config_004_loading,否,FROZEN_V1.2.2
STA-01383,ADM-CONFIG-004,ADMIN,对象存储配置,ACTIVE_VERSION,配置当前生效版本,只读展示值、来源、生效时间和审计,创建草稿/回滚申请,与当前状态、权限或服务端version冲突的所有写操作,秘密仅显示配置状态,page_state_adm_config_004_active_version,否,FROZEN_V1.2.2
STA-01384,ADM-CONFIG-004,ADMIN,对象存储配置,DRAFT,存在未生效配置/规则/模板草稿,显示与当前版本差异,编辑/校验/提交审批,与当前状态、权限或服务端version冲突的所有写操作,不得影响运行时,page_state_adm_config_004_draft,否,FROZEN_V1.2.2
STA-01385,ADM-CONFIG-004,ADMIN,对象存储配置,VALIDATING,正在验证一次性state或输入,显示处理中，不暴露敏感参数,返回（允许时）,与当前状态、权限或服务端version冲突的所有写操作,参数立即从URL清理,page_state_adm_config_004_validating,否,FROZEN_V1.2.2
STA-01386,ADM-CONFIG-004,ADMIN,对象存储配置,PENDING_APPROVAL,敏感变更等待双人复核,锁定关键字段，展示审批进度,撤回（允许时）/查看审批,与当前状态、权限或服务端version冲突的所有写操作,申请人不得自审,page_state_adm_config_004_pending_approval,否,FROZEN_V1.2.2
STA-01387,ADM-CONFIG-004,ADMIN,对象存储配置,ACTIVATING,配置版本原子激活中,显示步骤和回滚点,查询状态,与当前状态、权限或服务端version冲突的所有写操作,不得并行激活,page_state_adm_config_004_activating,否,FROZEN_V1.2.2
STA-01388,ADM-CONFIG-004,ADMIN,对象存储配置,ERROR,请求失败且无法展示可靠内容,展示稳定错误码、requestId、重试和返回,重试/返回,与当前状态、权限或服务端version冲突的所有写操作,按错误码恢复,page_state_adm_config_004_error,否,FROZEN_V1.2.2
STA-01389,ADM-CONFIG-004,ADMIN,对象存储配置,CONFLICT,expectedVersion或状态机冲突,展示数据已变化和差异摘要,重新加载/放弃本地变更,与当前状态、权限或服务端version冲突的所有写操作,禁止盲目覆盖,page_state_adm_config_004_conflict,否,FROZEN_V1.2.2
STA-01390,ADM-CONFIG-004,ADMIN,对象存储配置,OFFLINE,网络不可用,只读页面可展示标记为缓存的数据；写操作禁用,重试网络,与当前状态、权限或服务端version冲突的所有写操作,恢复网络后主动刷新,page_state_adm_config_004_offline,否,FROZEN_V1.2.2
STA-01391,ADM-CONFIG-004,ADMIN,对象存储配置,NO_PERMISSION,后台角色或数据范围不足,隐藏敏感内容并记录访问拒绝,返回/申请权限,与当前状态、权限或服务端version冲突的所有写操作,禁止仅靠前端绕过,page_state_adm_config_004_no_permission,是,FROZEN_V1.2.2
STA-01392,ADM-CONFIG-005,ADMIN,支付网关配置,LOADING,首屏数据请求进行中,显示与最终布局一致的骨架屏,返回,与当前状态、权限或服务端version冲突的所有写操作,失败后显示重试,page_state_adm_config_005_loading,否,FROZEN_V1.2.2
STA-01393,ADM-CONFIG-005,ADMIN,支付网关配置,CONTENT,核心数据完整且可交互,展示内容并按权限/状态机计算操作入口,页面定义的读写动作,与当前状态、权限或服务端version冲突的所有写操作,刷新或执行操作,page_state_adm_config_005_content,否,FROZEN_V1.2.2
STA-01394,ADM-CONFIG-005,ADMIN,支付网关配置,EMPTY,查询成功但无符合条件的数据,展示业务化空状态、当前筛选和明确下一步,清除筛选/创建/返回,与当前状态、权限或服务端version冲突的所有写操作,修改筛选或执行主行动,page_state_adm_config_005_empty,否,FROZEN_V1.2.2
STA-01395,ADM-CONFIG-005,ADMIN,支付网关配置,RECONCILING,对账任务执行中,展示渠道、账期和进度,查询/取消（允许时）,与当前状态、权限或服务端version冲突的所有写操作,重复触发应幂等,page_state_adm_config_005_reconciling,否,FROZEN_V1.2.2
STA-01396,ADM-CONFIG-005,ADMIN,支付网关配置,PENDING_APPROVAL,敏感变更等待双人复核,锁定关键字段，展示审批进度,撤回（允许时）/查看审批,与当前状态、权限或服务端version冲突的所有写操作,申请人不得自审,page_state_adm_config_005_pending_approval,否,FROZEN_V1.2.2
STA-01397,ADM-CONFIG-005,ADMIN,支付网关配置,CONFLICT,expectedVersion或状态机冲突,展示数据已变化和差异摘要,重新加载/放弃本地变更,与当前状态、权限或服务端version冲突的所有写操作,禁止盲目覆盖,page_state_adm_config_005_conflict,否,FROZEN_V1.2.2
STA-01398,ADM-CONFIG-005,ADMIN,支付网关配置,ERROR,请求失败且无法展示可靠内容,展示稳定错误码、requestId、重试和返回,重试/返回,与当前状态、权限或服务端version冲突的所有写操作,按错误码恢复,page_state_adm_config_005_error,否,FROZEN_V1.2.2
STA-01399,ADM-CONFIG-005,ADMIN,支付网关配置,QUOTE_READY,服务端报价有效,展示最终金额、费用、权益和过期时间,确认下单/返回,与当前状态、权限或服务端version冲突的所有写操作,过期后必须重新报价,page_state_adm_config_005_quote_ready,否,FROZEN_V1.2.2
STA-01400,ADM-CONFIG-005,ADMIN,支付网关配置,PAYMENT_PENDING,支付已创建但未确认最终结果,轮询/订阅服务端订单状态,查询/返回,与当前状态、权限或服务端version冲突的所有写操作,不得重复创建订单,page_state_adm_config_005_payment_pending,否,FROZEN_V1.2.2
STA-01401,ADM-CONFIG-005,ADMIN,支付网关配置,UNKNOWN,客户端无法确认服务端最终结果,显示处理中并调用查单/查询接口,继续查询/返回,与当前状态、权限或服务端version冲突的所有写操作,禁止直接判定失败并重复扣款,page_state_adm_config_005_unknown,否,FROZEN_V1.2.2
STA-01402,ADM-CONFIG-005,ADMIN,支付网关配置,OFFLINE,网络不可用,只读页面可展示标记为缓存的数据；写操作禁用,重试网络,与当前状态、权限或服务端version冲突的所有写操作,恢复网络后主动刷新,page_state_adm_config_005_offline,否,FROZEN_V1.2.2
STA-01403,ADM-CONFIG-005,ADMIN,支付网关配置,NO_PERMISSION,后台角色或数据范围不足,隐藏敏感内容并记录访问拒绝,返回/申请权限,与当前状态、权限或服务端version冲突的所有写操作,禁止仅靠前端绕过,page_state_adm_config_005_no_permission,是,FROZEN_V1.2.2
STA-01404,ADM-CONFIG-006,ADMIN,支付宝企业付款配置,LOADING,首屏数据请求进行中,显示与最终布局一致的骨架屏,返回,与当前状态、权限或服务端version冲突的所有写操作,失败后显示重试,page_state_adm_config_006_loading,否,FROZEN_V1.2.2
STA-01405,ADM-CONFIG-006,ADMIN,支付宝企业付款配置,CONTENT,核心数据完整且可交互,展示内容并按权限/状态机计算操作入口,页面定义的读写动作,与当前状态、权限或服务端version冲突的所有写操作,刷新或执行操作,page_state_adm_config_006_content,否,FROZEN_V1.2.2
STA-01406,ADM-CONFIG-006,ADMIN,支付宝企业付款配置,EMPTY,查询成功但无符合条件的数据,展示业务化空状态、当前筛选和明确下一步,清除筛选/创建/返回,与当前状态、权限或服务端version冲突的所有写操作,修改筛选或执行主行动,page_state_adm_config_006_empty,否,FROZEN_V1.2.2
STA-01407,ADM-CONFIG-006,ADMIN,支付宝企业付款配置,RECONCILING,对账任务执行中,展示渠道、账期和进度,查询/取消（允许时）,与当前状态、权限或服务端version冲突的所有写操作,重复触发应幂等,page_state_adm_config_006_reconciling,否,FROZEN_V1.2.2
STA-01408,ADM-CONFIG-006,ADMIN,支付宝企业付款配置,PENDING_APPROVAL,敏感变更等待双人复核,锁定关键字段，展示审批进度,撤回（允许时）/查看审批,与当前状态、权限或服务端version冲突的所有写操作,申请人不得自审,page_state_adm_config_006_pending_approval,否,FROZEN_V1.2.2
STA-01409,ADM-CONFIG-006,ADMIN,支付宝企业付款配置,CONFLICT,expectedVersion或状态机冲突,展示数据已变化和差异摘要,重新加载/放弃本地变更,与当前状态、权限或服务端version冲突的所有写操作,禁止盲目覆盖,page_state_adm_config_006_conflict,否,FROZEN_V1.2.2
STA-01410,ADM-CONFIG-006,ADMIN,支付宝企业付款配置,ERROR,请求失败且无法展示可靠内容,展示稳定错误码、requestId、重试和返回,重试/返回,与当前状态、权限或服务端version冲突的所有写操作,按错误码恢复,page_state_adm_config_006_error,否,FROZEN_V1.2.2
STA-01411,ADM-CONFIG-006,ADMIN,支付宝企业付款配置,QUOTE_READY,服务端报价有效,展示最终金额、费用、权益和过期时间,确认下单/返回,与当前状态、权限或服务端version冲突的所有写操作,过期后必须重新报价,page_state_adm_config_006_quote_ready,否,FROZEN_V1.2.2
STA-01412,ADM-CONFIG-006,ADMIN,支付宝企业付款配置,PAYMENT_PENDING,支付已创建但未确认最终结果,轮询/订阅服务端订单状态,查询/返回,与当前状态、权限或服务端version冲突的所有写操作,不得重复创建订单,page_state_adm_config_006_payment_pending,否,FROZEN_V1.2.2
STA-01413,ADM-CONFIG-006,ADMIN,支付宝企业付款配置,UNKNOWN,客户端无法确认服务端最终结果,显示处理中并调用查单/查询接口,继续查询/返回,与当前状态、权限或服务端version冲突的所有写操作,禁止直接判定失败并重复扣款,page_state_adm_config_006_unknown,否,FROZEN_V1.2.2
STA-01414,ADM-CONFIG-006,ADMIN,支付宝企业付款配置,OFFLINE,网络不可用,只读页面可展示标记为缓存的数据；写操作禁用,重试网络,与当前状态、权限或服务端version冲突的所有写操作,恢复网络后主动刷新,page_state_adm_config_006_offline,否,FROZEN_V1.2.2
STA-01415,ADM-CONFIG-006,ADMIN,支付宝企业付款配置,NO_PERMISSION,后台角色或数据范围不足,隐藏敏感内容并记录访问拒绝,返回/申请权限,与当前状态、权限或服务端version冲突的所有写操作,禁止仅靠前端绕过,page_state_adm_config_006_no_permission,是,FROZEN_V1.2.2
STA-01416,ADM-CONFIG-007,ADMIN,实名认证配置,LOADING,首屏数据请求进行中,显示与最终布局一致的骨架屏,返回,与当前状态、权限或服务端version冲突的所有写操作,失败后显示重试,page_state_adm_config_007_loading,否,FROZEN_V1.2.2
STA-01417,ADM-CONFIG-007,ADMIN,实名认证配置,ACTIVE_VERSION,配置当前生效版本,只读展示值、来源、生效时间和审计,创建草稿/回滚申请,与当前状态、权限或服务端version冲突的所有写操作,秘密仅显示配置状态,page_state_adm_config_007_active_version,否,FROZEN_V1.2.2
STA-01418,ADM-CONFIG-007,ADMIN,实名认证配置,DRAFT,存在未生效配置/规则/模板草稿,显示与当前版本差异,编辑/校验/提交审批,与当前状态、权限或服务端version冲突的所有写操作,不得影响运行时,page_state_adm_config_007_draft,否,FROZEN_V1.2.2
STA-01419,ADM-CONFIG-007,ADMIN,实名认证配置,VALIDATING,正在验证一次性state或输入,显示处理中，不暴露敏感参数,返回（允许时）,与当前状态、权限或服务端version冲突的所有写操作,参数立即从URL清理,page_state_adm_config_007_validating,否,FROZEN_V1.2.2
STA-01420,ADM-CONFIG-007,ADMIN,实名认证配置,PENDING_APPROVAL,敏感变更等待双人复核,锁定关键字段，展示审批进度,撤回（允许时）/查看审批,与当前状态、权限或服务端version冲突的所有写操作,申请人不得自审,page_state_adm_config_007_pending_approval,否,FROZEN_V1.2.2
STA-01421,ADM-CONFIG-007,ADMIN,实名认证配置,ACTIVATING,配置版本原子激活中,显示步骤和回滚点,查询状态,与当前状态、权限或服务端version冲突的所有写操作,不得并行激活,page_state_adm_config_007_activating,否,FROZEN_V1.2.2
STA-01422,ADM-CONFIG-007,ADMIN,实名认证配置,ERROR,请求失败且无法展示可靠内容,展示稳定错误码、requestId、重试和返回,重试/返回,与当前状态、权限或服务端version冲突的所有写操作,按错误码恢复,page_state_adm_config_007_error,否,FROZEN_V1.2.2
STA-01423,ADM-CONFIG-007,ADMIN,实名认证配置,PENDING,结果等待审核、支付或异步处理,展示当前阶段、预计动作和刷新入口,刷新/返回,与当前状态、权限或服务端version冲突的所有写操作,通过查询更新,page_state_adm_config_007_pending,否,FROZEN_V1.2.2
STA-01424,ADM-CONFIG-007,ADMIN,实名认证配置,REJECTED,审核或审批被拒绝,展示结构化原因和可编辑范围,修改/申诉/返回,与当前状态、权限或服务端version冲突的所有写操作,原版本保持不可用,page_state_adm_config_007_rejected,是,FROZEN_V1.2.2
STA-01425,ADM-CONFIG-007,ADMIN,实名认证配置,COMPLETED,任务条件满足或奖励已领取,展示结果和账本入口,查看记录/返回,与当前状态、权限或服务端version冲突的所有写操作,重复进入查询已有结果,page_state_adm_config_007_completed,是,FROZEN_V1.2.2
STA-01426,ADM-CONFIG-007,ADMIN,实名认证配置,CONFLICT,expectedVersion或状态机冲突,展示数据已变化和差异摘要,重新加载/放弃本地变更,与当前状态、权限或服务端version冲突的所有写操作,禁止盲目覆盖,page_state_adm_config_007_conflict,否,FROZEN_V1.2.2
STA-01427,ADM-CONFIG-007,ADMIN,实名认证配置,OFFLINE,网络不可用,只读页面可展示标记为缓存的数据；写操作禁用,重试网络,与当前状态、权限或服务端version冲突的所有写操作,恢复网络后主动刷新,page_state_adm_config_007_offline,否,FROZEN_V1.2.2
STA-01428,ADM-CONFIG-007,ADMIN,实名认证配置,NO_PERMISSION,后台角色或数据范围不足,隐藏敏感内容并记录访问拒绝,返回/申请权限,与当前状态、权限或服务端version冲突的所有写操作,禁止仅靠前端绕过,page_state_adm_config_007_no_permission,是,FROZEN_V1.2.2
STA-01429,ADM-CONFIG-008,ADMIN,域名与环境配置,LOADING,首屏数据请求进行中,显示与最终布局一致的骨架屏,返回,与当前状态、权限或服务端version冲突的所有写操作,失败后显示重试,page_state_adm_config_008_loading,否,FROZEN_V1.2.2
STA-01430,ADM-CONFIG-008,ADMIN,域名与环境配置,ACTIVE_VERSION,配置当前生效版本,只读展示值、来源、生效时间和审计,创建草稿/回滚申请,与当前状态、权限或服务端version冲突的所有写操作,秘密仅显示配置状态,page_state_adm_config_008_active_version,否,FROZEN_V1.2.2
STA-01431,ADM-CONFIG-008,ADMIN,域名与环境配置,DRAFT,存在未生效配置/规则/模板草稿,显示与当前版本差异,编辑/校验/提交审批,与当前状态、权限或服务端version冲突的所有写操作,不得影响运行时,page_state_adm_config_008_draft,否,FROZEN_V1.2.2
STA-01432,ADM-CONFIG-008,ADMIN,域名与环境配置,VALIDATING,正在验证一次性state或输入,显示处理中，不暴露敏感参数,返回（允许时）,与当前状态、权限或服务端version冲突的所有写操作,参数立即从URL清理,page_state_adm_config_008_validating,否,FROZEN_V1.2.2
STA-01433,ADM-CONFIG-008,ADMIN,域名与环境配置,PENDING_APPROVAL,敏感变更等待双人复核,锁定关键字段，展示审批进度,撤回（允许时）/查看审批,与当前状态、权限或服务端version冲突的所有写操作,申请人不得自审,page_state_adm_config_008_pending_approval,否,FROZEN_V1.2.2
STA-01434,ADM-CONFIG-008,ADMIN,域名与环境配置,ACTIVATING,配置版本原子激活中,显示步骤和回滚点,查询状态,与当前状态、权限或服务端version冲突的所有写操作,不得并行激活,page_state_adm_config_008_activating,否,FROZEN_V1.2.2
STA-01435,ADM-CONFIG-008,ADMIN,域名与环境配置,ERROR,请求失败且无法展示可靠内容,展示稳定错误码、requestId、重试和返回,重试/返回,与当前状态、权限或服务端version冲突的所有写操作,按错误码恢复,page_state_adm_config_008_error,否,FROZEN_V1.2.2
STA-01436,ADM-CONFIG-008,ADMIN,域名与环境配置,CONFLICT,expectedVersion或状态机冲突,展示数据已变化和差异摘要,重新加载/放弃本地变更,与当前状态、权限或服务端version冲突的所有写操作,禁止盲目覆盖,page_state_adm_config_008_conflict,否,FROZEN_V1.2.2
STA-01437,ADM-CONFIG-008,ADMIN,域名与环境配置,OFFLINE,网络不可用,只读页面可展示标记为缓存的数据；写操作禁用,重试网络,与当前状态、权限或服务端version冲突的所有写操作,恢复网络后主动刷新,page_state_adm_config_008_offline,否,FROZEN_V1.2.2
STA-01438,ADM-CONFIG-008,ADMIN,域名与环境配置,NO_PERMISSION,后台角色或数据范围不足,隐藏敏感内容并记录访问拒绝,返回/申请权限,与当前状态、权限或服务端version冲突的所有写操作,禁止仅靠前端绕过,page_state_adm_config_008_no_permission,是,FROZEN_V1.2.2
STA-01439,ADM-BUILD-001,ADMIN,构建中心首页,LOADING,首屏数据请求进行中,显示与最终布局一致的骨架屏,返回,与当前状态、权限或服务端version冲突的所有写操作,失败后显示重试,page_state_adm_build_001_loading,否,FROZEN_V1.2.2
STA-01440,ADM-BUILD-001,ADMIN,构建中心首页,CONTENT,核心数据完整且可交互,展示内容并按权限/状态机计算操作入口,页面定义的读写动作,与当前状态、权限或服务端version冲突的所有写操作,刷新或执行操作,page_state_adm_build_001_content,否,FROZEN_V1.2.2
STA-01441,ADM-BUILD-001,ADMIN,构建中心首页,PARTIAL_CONTENT,部分模块成功、部分模块失败,保留成功模块，失败模块显示局部重试,重试失败模块,与当前状态、权限或服务端version冲突的所有写操作,不得将局部失败升级为全页失败,page_state_adm_build_001_partial_content,否,FROZEN_V1.2.2
STA-01442,ADM-BUILD-001,ADMIN,构建中心首页,NO_PERMISSION,后台角色或数据范围不足,隐藏敏感内容并记录访问拒绝,返回/申请权限,与当前状态、权限或服务端version冲突的所有写操作,禁止仅靠前端绕过,page_state_adm_build_001_no_permission,是,FROZEN_V1.2.2
STA-01443,ADM-BUILD-001,ADMIN,构建中心首页,ERROR,请求失败且无法展示可靠内容,展示稳定错误码、requestId、重试和返回,重试/返回,与当前状态、权限或服务端version冲突的所有写操作,按错误码恢复,page_state_adm_build_001_error,否,FROZEN_V1.2.2
STA-01444,ADM-BUILD-001,ADMIN,构建中心首页,OFFLINE,网络不可用,只读页面可展示标记为缓存的数据；写操作禁用,重试网络,与当前状态、权限或服务端version冲突的所有写操作,恢复网络后主动刷新,page_state_adm_build_001_offline,否,FROZEN_V1.2.2
STA-01445,ADM-BUILD-002,ADMIN,构建配置,DRAFT,存在未生效配置/规则/模板草稿,显示与当前版本差异,编辑/校验/提交审批,与当前状态、权限或服务端version冲突的所有写操作,不得影响运行时,page_state_adm_build_002_draft,否,FROZEN_V1.2.2
STA-01446,ADM-BUILD-002,ADMIN,构建配置,QUEUED,构建、导出或异步任务排队,显示队列位置和提交快照,取消（允许时）/查看,与当前状态、权限或服务端version冲突的所有写操作,同一快照避免重复任务,page_state_adm_build_002_queued,否,FROZEN_V1.2.2
STA-01447,ADM-BUILD-002,ADMIN,构建配置,RUNNING,任务有效进行中,展示服务端进度、心跳和可见性,继续/取消,与当前状态、权限或服务端version冲突的所有写操作,本地计时不决定奖励,page_state_adm_build_002_running,否,FROZEN_V1.2.2
STA-01448,ADM-BUILD-002,ADMIN,构建配置,SUCCEEDED,异步任务成功,显示产物、校验和、过期时间,下载/发布/查看,与当前状态、权限或服务端version冲突的所有写操作,下载使用短时令牌,page_state_adm_build_002_succeeded,是,FROZEN_V1.2.2
STA-01449,ADM-BUILD-002,ADMIN,构建配置,FAILED,业务操作明确失败,展示业务原因和可执行下一步,修改后重试/返回,与当前状态、权限或服务端version冲突的所有写操作,保留非敏感上下文,page_state_adm_build_002_failed,是,FROZEN_V1.2.2
STA-01450,ADM-BUILD-002,ADMIN,构建配置,PENDING_APPROVAL,敏感变更等待双人复核,锁定关键字段，展示审批进度,撤回（允许时）/查看审批,与当前状态、权限或服务端version冲突的所有写操作,申请人不得自审,page_state_adm_build_002_pending_approval,否,FROZEN_V1.2.2
STA-01451,ADM-BUILD-002,ADMIN,构建配置,PUBLISHED,内容/版本已发布,显示渠道、范围、时间和产物哈希,查看/回滚申请,与当前状态、权限或服务端version冲突的所有写操作,不可修改已发布快照,page_state_adm_build_002_published,是,FROZEN_V1.2.2
STA-01452,ADM-BUILD-002,ADMIN,构建配置,ROLLED_BACK,版本已回滚,显示来源版本、目标版本和原因,查看历史,与当前状态、权限或服务端version冲突的所有写操作,回滚本身形成新记录,page_state_adm_build_002_rolled_back,是,FROZEN_V1.2.2
STA-01453,ADM-BUILD-002,ADMIN,构建配置,ERROR,请求失败且无法展示可靠内容,展示稳定错误码、requestId、重试和返回,重试/返回,与当前状态、权限或服务端version冲突的所有写操作,按错误码恢复,page_state_adm_build_002_error,否,FROZEN_V1.2.2
STA-01454,ADM-BUILD-002,ADMIN,构建配置,OFFLINE,网络不可用,只读页面可展示标记为缓存的数据；写操作禁用,重试网络,与当前状态、权限或服务端version冲突的所有写操作,恢复网络后主动刷新,page_state_adm_build_002_offline,否,FROZEN_V1.2.2
STA-01455,ADM-BUILD-002,ADMIN,构建配置,NO_PERMISSION,后台角色或数据范围不足,隐藏敏感内容并记录访问拒绝,返回/申请权限,与当前状态、权限或服务端version冲突的所有写操作,禁止仅靠前端绕过,page_state_adm_build_002_no_permission,是,FROZEN_V1.2.2
STA-01456,ADM-BUILD-003,ADMIN,签名配置,DRAFT,存在未生效配置/规则/模板草稿,显示与当前版本差异,编辑/校验/提交审批,与当前状态、权限或服务端version冲突的所有写操作,不得影响运行时,page_state_adm_build_003_draft,否,FROZEN_V1.2.2
STA-01457,ADM-BUILD-003,ADMIN,签名配置,QUEUED,构建、导出或异步任务排队,显示队列位置和提交快照,取消（允许时）/查看,与当前状态、权限或服务端version冲突的所有写操作,同一快照避免重复任务,page_state_adm_build_003_queued,否,FROZEN_V1.2.2
STA-01458,ADM-BUILD-003,ADMIN,签名配置,RUNNING,任务有效进行中,展示服务端进度、心跳和可见性,继续/取消,与当前状态、权限或服务端version冲突的所有写操作,本地计时不决定奖励,page_state_adm_build_003_running,否,FROZEN_V1.2.2
STA-01459,ADM-BUILD-003,ADMIN,签名配置,SUCCEEDED,异步任务成功,显示产物、校验和、过期时间,下载/发布/查看,与当前状态、权限或服务端version冲突的所有写操作,下载使用短时令牌,page_state_adm_build_003_succeeded,是,FROZEN_V1.2.2
STA-01460,ADM-BUILD-003,ADMIN,签名配置,FAILED,业务操作明确失败,展示业务原因和可执行下一步,修改后重试/返回,与当前状态、权限或服务端version冲突的所有写操作,保留非敏感上下文,page_state_adm_build_003_failed,是,FROZEN_V1.2.2
STA-01461,ADM-BUILD-003,ADMIN,签名配置,PENDING_APPROVAL,敏感变更等待双人复核,锁定关键字段，展示审批进度,撤回（允许时）/查看审批,与当前状态、权限或服务端version冲突的所有写操作,申请人不得自审,page_state_adm_build_003_pending_approval,否,FROZEN_V1.2.2
STA-01462,ADM-BUILD-003,ADMIN,签名配置,PUBLISHED,内容/版本已发布,显示渠道、范围、时间和产物哈希,查看/回滚申请,与当前状态、权限或服务端version冲突的所有写操作,不可修改已发布快照,page_state_adm_build_003_published,是,FROZEN_V1.2.2
STA-01463,ADM-BUILD-003,ADMIN,签名配置,ROLLED_BACK,版本已回滚,显示来源版本、目标版本和原因,查看历史,与当前状态、权限或服务端version冲突的所有写操作,回滚本身形成新记录,page_state_adm_build_003_rolled_back,是,FROZEN_V1.2.2
STA-01464,ADM-BUILD-003,ADMIN,签名配置,ERROR,请求失败且无法展示可靠内容,展示稳定错误码、requestId、重试和返回,重试/返回,与当前状态、权限或服务端version冲突的所有写操作,按错误码恢复,page_state_adm_build_003_error,否,FROZEN_V1.2.2
STA-01465,ADM-BUILD-003,ADMIN,签名配置,OFFLINE,网络不可用,只读页面可展示标记为缓存的数据；写操作禁用,重试网络,与当前状态、权限或服务端version冲突的所有写操作,恢复网络后主动刷新,page_state_adm_build_003_offline,否,FROZEN_V1.2.2
STA-01466,ADM-BUILD-003,ADMIN,签名配置,NO_PERMISSION,后台角色或数据范围不足,隐藏敏感内容并记录访问拒绝,返回/申请权限,与当前状态、权限或服务端version冲突的所有写操作,禁止仅靠前端绕过,page_state_adm_build_003_no_permission,是,FROZEN_V1.2.2
STA-01467,ADM-BUILD-004,ADMIN,构建任务列表,DRAFT,存在未生效配置/规则/模板草稿,显示与当前版本差异,编辑/校验/提交审批,与当前状态、权限或服务端version冲突的所有写操作,不得影响运行时,page_state_adm_build_004_draft,否,FROZEN_V1.2.2
STA-01468,ADM-BUILD-004,ADMIN,构建任务列表,QUEUED,构建、导出或异步任务排队,显示队列位置和提交快照,取消（允许时）/查看,与当前状态、权限或服务端version冲突的所有写操作,同一快照避免重复任务,page_state_adm_build_004_queued,否,FROZEN_V1.2.2
STA-01469,ADM-BUILD-004,ADMIN,构建任务列表,RUNNING,任务有效进行中,展示服务端进度、心跳和可见性,继续/取消,与当前状态、权限或服务端version冲突的所有写操作,本地计时不决定奖励,page_state_adm_build_004_running,否,FROZEN_V1.2.2
STA-01470,ADM-BUILD-004,ADMIN,构建任务列表,SUCCEEDED,异步任务成功,显示产物、校验和、过期时间,下载/发布/查看,与当前状态、权限或服务端version冲突的所有写操作,下载使用短时令牌,page_state_adm_build_004_succeeded,是,FROZEN_V1.2.2
STA-01471,ADM-BUILD-004,ADMIN,构建任务列表,FAILED,业务操作明确失败,展示业务原因和可执行下一步,修改后重试/返回,与当前状态、权限或服务端version冲突的所有写操作,保留非敏感上下文,page_state_adm_build_004_failed,是,FROZEN_V1.2.2
STA-01472,ADM-BUILD-004,ADMIN,构建任务列表,PENDING_APPROVAL,敏感变更等待双人复核,锁定关键字段，展示审批进度,撤回（允许时）/查看审批,与当前状态、权限或服务端version冲突的所有写操作,申请人不得自审,page_state_adm_build_004_pending_approval,否,FROZEN_V1.2.2
STA-01473,ADM-BUILD-004,ADMIN,构建任务列表,PUBLISHED,内容/版本已发布,显示渠道、范围、时间和产物哈希,查看/回滚申请,与当前状态、权限或服务端version冲突的所有写操作,不可修改已发布快照,page_state_adm_build_004_published,是,FROZEN_V1.2.2
STA-01474,ADM-BUILD-004,ADMIN,构建任务列表,ROLLED_BACK,版本已回滚,显示来源版本、目标版本和原因,查看历史,与当前状态、权限或服务端version冲突的所有写操作,回滚本身形成新记录,page_state_adm_build_004_rolled_back,是,FROZEN_V1.2.2
STA-01475,ADM-BUILD-004,ADMIN,构建任务列表,ERROR,请求失败且无法展示可靠内容,展示稳定错误码、requestId、重试和返回,重试/返回,与当前状态、权限或服务端version冲突的所有写操作,按错误码恢复,page_state_adm_build_004_error,否,FROZEN_V1.2.2
STA-01476,ADM-BUILD-004,ADMIN,构建任务列表,OFFLINE,网络不可用,只读页面可展示标记为缓存的数据；写操作禁用,重试网络,与当前状态、权限或服务端version冲突的所有写操作,恢复网络后主动刷新,page_state_adm_build_004_offline,否,FROZEN_V1.2.2
STA-01477,ADM-BUILD-004,ADMIN,构建任务列表,NO_PERMISSION,后台角色或数据范围不足,隐藏敏感内容并记录访问拒绝,返回/申请权限,与当前状态、权限或服务端version冲突的所有写操作,禁止仅靠前端绕过,page_state_adm_build_004_no_permission,是,FROZEN_V1.2.2
STA-01478,ADM-BUILD-005,ADMIN,构建任务详情,DRAFT,存在未生效配置/规则/模板草稿,显示与当前版本差异,编辑/校验/提交审批,与当前状态、权限或服务端version冲突的所有写操作,不得影响运行时,page_state_adm_build_005_draft,否,FROZEN_V1.2.2
STA-01479,ADM-BUILD-005,ADMIN,构建任务详情,QUEUED,构建、导出或异步任务排队,显示队列位置和提交快照,取消（允许时）/查看,与当前状态、权限或服务端version冲突的所有写操作,同一快照避免重复任务,page_state_adm_build_005_queued,否,FROZEN_V1.2.2
STA-01480,ADM-BUILD-005,ADMIN,构建任务详情,RUNNING,任务有效进行中,展示服务端进度、心跳和可见性,继续/取消,与当前状态、权限或服务端version冲突的所有写操作,本地计时不决定奖励,page_state_adm_build_005_running,否,FROZEN_V1.2.2
STA-01481,ADM-BUILD-005,ADMIN,构建任务详情,SUCCEEDED,异步任务成功,显示产物、校验和、过期时间,下载/发布/查看,与当前状态、权限或服务端version冲突的所有写操作,下载使用短时令牌,page_state_adm_build_005_succeeded,是,FROZEN_V1.2.2
STA-01482,ADM-BUILD-005,ADMIN,构建任务详情,FAILED,业务操作明确失败,展示业务原因和可执行下一步,修改后重试/返回,与当前状态、权限或服务端version冲突的所有写操作,保留非敏感上下文,page_state_adm_build_005_failed,是,FROZEN_V1.2.2
STA-01483,ADM-BUILD-005,ADMIN,构建任务详情,PENDING_APPROVAL,敏感变更等待双人复核,锁定关键字段，展示审批进度,撤回（允许时）/查看审批,与当前状态、权限或服务端version冲突的所有写操作,申请人不得自审,page_state_adm_build_005_pending_approval,否,FROZEN_V1.2.2
STA-01484,ADM-BUILD-005,ADMIN,构建任务详情,PUBLISHED,内容/版本已发布,显示渠道、范围、时间和产物哈希,查看/回滚申请,与当前状态、权限或服务端version冲突的所有写操作,不可修改已发布快照,page_state_adm_build_005_published,是,FROZEN_V1.2.2
STA-01485,ADM-BUILD-005,ADMIN,构建任务详情,ROLLED_BACK,版本已回滚,显示来源版本、目标版本和原因,查看历史,与当前状态、权限或服务端version冲突的所有写操作,回滚本身形成新记录,page_state_adm_build_005_rolled_back,是,FROZEN_V1.2.2
STA-01486,ADM-BUILD-005,ADMIN,构建任务详情,ERROR,请求失败且无法展示可靠内容,展示稳定错误码、requestId、重试和返回,重试/返回,与当前状态、权限或服务端version冲突的所有写操作,按错误码恢复,page_state_adm_build_005_error,否,FROZEN_V1.2.2
STA-01487,ADM-BUILD-005,ADMIN,构建任务详情,OFFLINE,网络不可用,只读页面可展示标记为缓存的数据；写操作禁用,重试网络,与当前状态、权限或服务端version冲突的所有写操作,恢复网络后主动刷新,page_state_adm_build_005_offline,否,FROZEN_V1.2.2
STA-01488,ADM-BUILD-005,ADMIN,构建任务详情,NO_PERMISSION,后台角色或数据范围不足,隐藏敏感内容并记录访问拒绝,返回/申请权限,与当前状态、权限或服务端version冲突的所有写操作,禁止仅靠前端绕过,page_state_adm_build_005_no_permission,是,FROZEN_V1.2.2
STA-01489,ADM-BUILD-006,ADMIN,构建产物与下载,DRAFT,存在未生效配置/规则/模板草稿,显示与当前版本差异,编辑/校验/提交审批,与当前状态、权限或服务端version冲突的所有写操作,不得影响运行时,page_state_adm_build_006_draft,否,FROZEN_V1.2.2
STA-01490,ADM-BUILD-006,ADMIN,构建产物与下载,QUEUED,构建、导出或异步任务排队,显示队列位置和提交快照,取消（允许时）/查看,与当前状态、权限或服务端version冲突的所有写操作,同一快照避免重复任务,page_state_adm_build_006_queued,否,FROZEN_V1.2.2
STA-01491,ADM-BUILD-006,ADMIN,构建产物与下载,RUNNING,任务有效进行中,展示服务端进度、心跳和可见性,继续/取消,与当前状态、权限或服务端version冲突的所有写操作,本地计时不决定奖励,page_state_adm_build_006_running,否,FROZEN_V1.2.2
STA-01492,ADM-BUILD-006,ADMIN,构建产物与下载,SUCCEEDED,异步任务成功,显示产物、校验和、过期时间,下载/发布/查看,与当前状态、权限或服务端version冲突的所有写操作,下载使用短时令牌,page_state_adm_build_006_succeeded,是,FROZEN_V1.2.2
STA-01493,ADM-BUILD-006,ADMIN,构建产物与下载,FAILED,业务操作明确失败,展示业务原因和可执行下一步,修改后重试/返回,与当前状态、权限或服务端version冲突的所有写操作,保留非敏感上下文,page_state_adm_build_006_failed,是,FROZEN_V1.2.2
STA-01494,ADM-BUILD-006,ADMIN,构建产物与下载,PENDING_APPROVAL,敏感变更等待双人复核,锁定关键字段，展示审批进度,撤回（允许时）/查看审批,与当前状态、权限或服务端version冲突的所有写操作,申请人不得自审,page_state_adm_build_006_pending_approval,否,FROZEN_V1.2.2
STA-01495,ADM-BUILD-006,ADMIN,构建产物与下载,PUBLISHED,内容/版本已发布,显示渠道、范围、时间和产物哈希,查看/回滚申请,与当前状态、权限或服务端version冲突的所有写操作,不可修改已发布快照,page_state_adm_build_006_published,是,FROZEN_V1.2.2
STA-01496,ADM-BUILD-006,ADMIN,构建产物与下载,ROLLED_BACK,版本已回滚,显示来源版本、目标版本和原因,查看历史,与当前状态、权限或服务端version冲突的所有写操作,回滚本身形成新记录,page_state_adm_build_006_rolled_back,是,FROZEN_V1.2.2
STA-01497,ADM-BUILD-006,ADMIN,构建产物与下载,ERROR,请求失败且无法展示可靠内容,展示稳定错误码、requestId、重试和返回,重试/返回,与当前状态、权限或服务端version冲突的所有写操作,按错误码恢复,page_state_adm_build_006_error,否,FROZEN_V1.2.2
STA-01498,ADM-BUILD-006,ADMIN,构建产物与下载,OFFLINE,网络不可用,只读页面可展示标记为缓存的数据；写操作禁用,重试网络,与当前状态、权限或服务端version冲突的所有写操作,恢复网络后主动刷新,page_state_adm_build_006_offline,否,FROZEN_V1.2.2
STA-01499,ADM-BUILD-006,ADMIN,构建产物与下载,NO_PERMISSION,后台角色或数据范围不足,隐藏敏感内容并记录访问拒绝,返回/申请权限,与当前状态、权限或服务端version冲突的所有写操作,禁止仅靠前端绕过,page_state_adm_build_006_no_permission,是,FROZEN_V1.2.2
STA-01500,ADM-BUILD-007,ADMIN,发布与回滚,DRAFT,存在未生效配置/规则/模板草稿,显示与当前版本差异,编辑/校验/提交审批,与当前状态、权限或服务端version冲突的所有写操作,不得影响运行时,page_state_adm_build_007_draft,否,FROZEN_V1.2.2
STA-01501,ADM-BUILD-007,ADMIN,发布与回滚,QUEUED,构建、导出或异步任务排队,显示队列位置和提交快照,取消（允许时）/查看,与当前状态、权限或服务端version冲突的所有写操作,同一快照避免重复任务,page_state_adm_build_007_queued,否,FROZEN_V1.2.2
STA-01502,ADM-BUILD-007,ADMIN,发布与回滚,RUNNING,任务有效进行中,展示服务端进度、心跳和可见性,继续/取消,与当前状态、权限或服务端version冲突的所有写操作,本地计时不决定奖励,page_state_adm_build_007_running,否,FROZEN_V1.2.2
STA-01503,ADM-BUILD-007,ADMIN,发布与回滚,SUCCEEDED,异步任务成功,显示产物、校验和、过期时间,下载/发布/查看,与当前状态、权限或服务端version冲突的所有写操作,下载使用短时令牌,page_state_adm_build_007_succeeded,是,FROZEN_V1.2.2
STA-01504,ADM-BUILD-007,ADMIN,发布与回滚,FAILED,业务操作明确失败,展示业务原因和可执行下一步,修改后重试/返回,与当前状态、权限或服务端version冲突的所有写操作,保留非敏感上下文,page_state_adm_build_007_failed,是,FROZEN_V1.2.2
STA-01505,ADM-BUILD-007,ADMIN,发布与回滚,PENDING_APPROVAL,敏感变更等待双人复核,锁定关键字段，展示审批进度,撤回（允许时）/查看审批,与当前状态、权限或服务端version冲突的所有写操作,申请人不得自审,page_state_adm_build_007_pending_approval,否,FROZEN_V1.2.2
STA-01506,ADM-BUILD-007,ADMIN,发布与回滚,PUBLISHED,内容/版本已发布,显示渠道、范围、时间和产物哈希,查看/回滚申请,与当前状态、权限或服务端version冲突的所有写操作,不可修改已发布快照,page_state_adm_build_007_published,是,FROZEN_V1.2.2
STA-01507,ADM-BUILD-007,ADMIN,发布与回滚,ROLLED_BACK,版本已回滚,显示来源版本、目标版本和原因,查看历史,与当前状态、权限或服务端version冲突的所有写操作,回滚本身形成新记录,page_state_adm_build_007_rolled_back,是,FROZEN_V1.2.2
STA-01508,ADM-BUILD-007,ADMIN,发布与回滚,ERROR,请求失败且无法展示可靠内容,展示稳定错误码、requestId、重试和返回,重试/返回,与当前状态、权限或服务端version冲突的所有写操作,按错误码恢复,page_state_adm_build_007_error,否,FROZEN_V1.2.2
STA-01509,ADM-BUILD-007,ADMIN,发布与回滚,OFFLINE,网络不可用,只读页面可展示标记为缓存的数据；写操作禁用,重试网络,与当前状态、权限或服务端version冲突的所有写操作,恢复网络后主动刷新,page_state_adm_build_007_offline,否,FROZEN_V1.2.2
STA-01510,ADM-BUILD-007,ADMIN,发布与回滚,NO_PERMISSION,后台角色或数据范围不足,隐藏敏感内容并记录访问拒绝,返回/申请权限,与当前状态、权限或服务端version冲突的所有写操作,禁止仅靠前端绕过,page_state_adm_build_007_no_permission,是,FROZEN_V1.2.2
STA-01511,ADM-AUTH-001,ADMIN,后台登录,EDITING,用户正在编辑表单,显示字段、帮助、脏状态和保存/提交入口,编辑/保存/提交/取消,与当前状态、权限或服务端version冲突的所有写操作,离开时执行脏表单保护,page_state_adm_auth_001_editing,否,FROZEN_V1.2.2
STA-01512,ADM-AUTH-001,ADMIN,后台登录,SUBMITTING,写请求已提交，结果未确定,锁定同资源写操作，保留输入，展示进度,查询结果/取消（业务允许时）,与当前状态、权限或服务端version冲突的所有写操作,不得重复生成新业务意图,page_state_adm_auth_001_submitting,否,FROZEN_V1.2.2
STA-01513,ADM-AUTH-001,ADMIN,后台登录,MFA_REQUIRED,由页面业务状态机进入,按“MFA_REQUIRED”状态展示标准状态区,按页面动作矩阵,与当前状态、权限或服务端version冲突的所有写操作,重新查询服务端事实,page_state_adm_auth_001_mfa_required,否,FROZEN_V1.2.2
STA-01514,ADM-AUTH-001,ADMIN,后台登录,LOCKED,账号、验证码或安全流程被锁定,展示锁定原因、期限和申诉/客服入口,返回/申诉,与当前状态、权限或服务端version冲突的所有写操作,禁止继续提交,page_state_adm_auth_001_locked,是,FROZEN_V1.2.2
STA-01515,ADM-AUTH-001,ADMIN,后台登录,ERROR,请求失败且无法展示可靠内容,展示稳定错误码、requestId、重试和返回,重试/返回,与当前状态、权限或服务端version冲突的所有写操作,按错误码恢复,page_state_adm_auth_001_error,否,FROZEN_V1.2.2
STA-01516,ADM-AUTH-001,ADMIN,后台登录,SUCCESS,操作成功且服务端已返回事实,展示明确结果并刷新关联数据,继续/返回/查看详情,与当前状态、权限或服务端version冲突的所有写操作,一次性敏感输入立即清除,page_state_adm_auth_001_success,是,FROZEN_V1.2.2
STA-01517,ADM-AUTH-001,ADMIN,后台登录,RATE_LIMITED,触发频率限制,显示剩余等待时间和限制原因,等待/返回,与当前状态、权限或服务端version冲突的所有写操作,倒计时结束后重新获取前置条件,page_state_adm_auth_001_rate_limited,否,FROZEN_V1.2.2
STA-01518,ADM-AUTH-001,ADMIN,后台登录,OFFLINE,网络不可用,只读页面可展示标记为缓存的数据；写操作禁用,重试网络,与当前状态、权限或服务端version冲突的所有写操作,恢复网络后主动刷新,page_state_adm_auth_001_offline,否,FROZEN_V1.2.2
STA-01519,ADM-AUTH-001,ADMIN,后台登录,NO_PERMISSION,后台角色或数据范围不足,隐藏敏感内容并记录访问拒绝,返回/申请权限,与当前状态、权限或服务端version冲突的所有写操作,禁止仅靠前端绕过,page_state_adm_auth_001_no_permission,是,FROZEN_V1.2.2
STA-01520,ADM-AUTH-002,ADMIN,二次验证,EDITING,用户正在编辑表单,显示字段、帮助、脏状态和保存/提交入口,编辑/保存/提交/取消,与当前状态、权限或服务端version冲突的所有写操作,离开时执行脏表单保护,page_state_adm_auth_002_editing,否,FROZEN_V1.2.2
STA-01521,ADM-AUTH-002,ADMIN,二次验证,SUBMITTING,写请求已提交，结果未确定,锁定同资源写操作，保留输入，展示进度,查询结果/取消（业务允许时）,与当前状态、权限或服务端version冲突的所有写操作,不得重复生成新业务意图,page_state_adm_auth_002_submitting,否,FROZEN_V1.2.2
STA-01522,ADM-AUTH-002,ADMIN,二次验证,MFA_REQUIRED,由页面业务状态机进入,按“MFA_REQUIRED”状态展示标准状态区,按页面动作矩阵,与当前状态、权限或服务端version冲突的所有写操作,重新查询服务端事实,page_state_adm_auth_002_mfa_required,否,FROZEN_V1.2.2
STA-01523,ADM-AUTH-002,ADMIN,二次验证,LOCKED,账号、验证码或安全流程被锁定,展示锁定原因、期限和申诉/客服入口,返回/申诉,与当前状态、权限或服务端version冲突的所有写操作,禁止继续提交,page_state_adm_auth_002_locked,是,FROZEN_V1.2.2
STA-01524,ADM-AUTH-002,ADMIN,二次验证,ERROR,请求失败且无法展示可靠内容,展示稳定错误码、requestId、重试和返回,重试/返回,与当前状态、权限或服务端version冲突的所有写操作,按错误码恢复,page_state_adm_auth_002_error,否,FROZEN_V1.2.2
STA-01525,ADM-AUTH-002,ADMIN,二次验证,SUCCESS,操作成功且服务端已返回事实,展示明确结果并刷新关联数据,继续/返回/查看详情,与当前状态、权限或服务端version冲突的所有写操作,一次性敏感输入立即清除,page_state_adm_auth_002_success,是,FROZEN_V1.2.2
STA-01526,ADM-AUTH-002,ADMIN,二次验证,RATE_LIMITED,触发频率限制,显示剩余等待时间和限制原因,等待/返回,与当前状态、权限或服务端version冲突的所有写操作,倒计时结束后重新获取前置条件,page_state_adm_auth_002_rate_limited,否,FROZEN_V1.2.2
STA-01527,ADM-AUTH-002,ADMIN,二次验证,OFFLINE,网络不可用,只读页面可展示标记为缓存的数据；写操作禁用,重试网络,与当前状态、权限或服务端version冲突的所有写操作,恢复网络后主动刷新,page_state_adm_auth_002_offline,否,FROZEN_V1.2.2
STA-01528,ADM-AUTH-002,ADMIN,二次验证,NO_PERMISSION,后台角色或数据范围不足,隐藏敏感内容并记录访问拒绝,返回/申请权限,与当前状态、权限或服务端version冲突的所有写操作,禁止仅靠前端绕过,page_state_adm_auth_002_no_permission,是,FROZEN_V1.2.2
STA-01529,ADM-REPORT-001,ADMIN,内容举报处理,QUEUE,审核/工单队列加载完成,展示筛选、优先级和分配状态,领取/分配/查看,与当前状态、权限或服务端version冲突的所有写操作,并发分配使用版本锁,page_state_adm_report_001_queue,否,FROZEN_V1.2.2
STA-01530,ADM-REPORT-001,ADMIN,内容举报处理,ASSIGNED,任务已分配给当前或其他处理人,展示处理人和SLA,开始处理/转派,与当前状态、权限或服务端version冲突的所有写操作,无权限者只读,page_state_adm_report_001_assigned,否,FROZEN_V1.2.2
STA-01531,ADM-REPORT-001,ADMIN,内容举报处理,REVIEWING,处理人正在查看证据和规则,展示证据、历史和决定表单,决定/保存备注,与当前状态、权限或服务端version冲突的所有写操作,原图访问有时效,page_state_adm_report_001_reviewing,否,FROZEN_V1.2.2
STA-01532,ADM-REPORT-001,ADMIN,内容举报处理,SUBMITTING,写请求已提交，结果未确定,锁定同资源写操作，保留输入，展示进度,查询结果/取消（业务允许时）,与当前状态、权限或服务端version冲突的所有写操作,不得重复生成新业务意图,page_state_adm_report_001_submitting,否,FROZEN_V1.2.2
STA-01533,ADM-REPORT-001,ADMIN,内容举报处理,DECIDED,审核决定已提交,显示结果、通知和审计时间线,下一条/查看详情,与当前状态、权限或服务端version冲突的所有写操作,决定不可直接修改,page_state_adm_report_001_decided,是,FROZEN_V1.2.2
STA-01534,ADM-REPORT-001,ADMIN,内容举报处理,CONFLICT,expectedVersion或状态机冲突,展示数据已变化和差异摘要,重新加载/放弃本地变更,与当前状态、权限或服务端version冲突的所有写操作,禁止盲目覆盖,page_state_adm_report_001_conflict,否,FROZEN_V1.2.2
STA-01535,ADM-REPORT-001,ADMIN,内容举报处理,ERROR,请求失败且无法展示可靠内容,展示稳定错误码、requestId、重试和返回,重试/返回,与当前状态、权限或服务端version冲突的所有写操作,按错误码恢复,page_state_adm_report_001_error,否,FROZEN_V1.2.2
STA-01536,ADM-REPORT-001,ADMIN,内容举报处理,REJECTED,审核或审批被拒绝,展示结构化原因和可编辑范围,修改/申诉/返回,与当前状态、权限或服务端version冲突的所有写操作,原版本保持不可用,page_state_adm_report_001_rejected,是,FROZEN_V1.2.2
STA-01537,ADM-REPORT-001,ADMIN,内容举报处理,OFFLINE,网络不可用,只读页面可展示标记为缓存的数据；写操作禁用,重试网络,与当前状态、权限或服务端version冲突的所有写操作,恢复网络后主动刷新,page_state_adm_report_001_offline,否,FROZEN_V1.2.2
STA-01538,ADM-REPORT-001,ADMIN,内容举报处理,NO_PERMISSION,后台角色或数据范围不足,隐藏敏感内容并记录访问拒绝,返回/申请权限,与当前状态、权限或服务端version冲突的所有写操作,禁止仅靠前端绕过,page_state_adm_report_001_no_permission,是,FROZEN_V1.2.2
STA-01539,ADM-APPEAL-001,ADMIN,申诉处理,QUEUE,审核/工单队列加载完成,展示筛选、优先级和分配状态,领取/分配/查看,与当前状态、权限或服务端version冲突的所有写操作,并发分配使用版本锁,page_state_adm_appeal_001_queue,否,FROZEN_V1.2.2
STA-01540,ADM-APPEAL-001,ADMIN,申诉处理,ASSIGNED,任务已分配给当前或其他处理人,展示处理人和SLA,开始处理/转派,与当前状态、权限或服务端version冲突的所有写操作,无权限者只读,page_state_adm_appeal_001_assigned,否,FROZEN_V1.2.2
STA-01541,ADM-APPEAL-001,ADMIN,申诉处理,REVIEWING,处理人正在查看证据和规则,展示证据、历史和决定表单,决定/保存备注,与当前状态、权限或服务端version冲突的所有写操作,原图访问有时效,page_state_adm_appeal_001_reviewing,否,FROZEN_V1.2.2
STA-01542,ADM-APPEAL-001,ADMIN,申诉处理,SUBMITTING,写请求已提交，结果未确定,锁定同资源写操作，保留输入，展示进度,查询结果/取消（业务允许时）,与当前状态、权限或服务端version冲突的所有写操作,不得重复生成新业务意图,page_state_adm_appeal_001_submitting,否,FROZEN_V1.2.2
STA-01543,ADM-APPEAL-001,ADMIN,申诉处理,DECIDED,审核决定已提交,显示结果、通知和审计时间线,下一条/查看详情,与当前状态、权限或服务端version冲突的所有写操作,决定不可直接修改,page_state_adm_appeal_001_decided,是,FROZEN_V1.2.2
STA-01544,ADM-APPEAL-001,ADMIN,申诉处理,CONFLICT,expectedVersion或状态机冲突,展示数据已变化和差异摘要,重新加载/放弃本地变更,与当前状态、权限或服务端version冲突的所有写操作,禁止盲目覆盖,page_state_adm_appeal_001_conflict,否,FROZEN_V1.2.2
STA-01545,ADM-APPEAL-001,ADMIN,申诉处理,ERROR,请求失败且无法展示可靠内容,展示稳定错误码、requestId、重试和返回,重试/返回,与当前状态、权限或服务端version冲突的所有写操作,按错误码恢复,page_state_adm_appeal_001_error,否,FROZEN_V1.2.2
STA-01546,ADM-APPEAL-001,ADMIN,申诉处理,REJECTED,审核或审批被拒绝,展示结构化原因和可编辑范围,修改/申诉/返回,与当前状态、权限或服务端version冲突的所有写操作,原版本保持不可用,page_state_adm_appeal_001_rejected,是,FROZEN_V1.2.2
STA-01547,ADM-APPEAL-001,ADMIN,申诉处理,OFFLINE,网络不可用,只读页面可展示标记为缓存的数据；写操作禁用,重试网络,与当前状态、权限或服务端version冲突的所有写操作,恢复网络后主动刷新,page_state_adm_appeal_001_offline,否,FROZEN_V1.2.2
STA-01548,ADM-APPEAL-001,ADMIN,申诉处理,NO_PERMISSION,后台角色或数据范围不足,隐藏敏感内容并记录访问拒绝,返回/申请权限,与当前状态、权限或服务端version冲突的所有写操作,禁止仅靠前端绕过,page_state_adm_appeal_001_no_permission,是,FROZEN_V1.2.2
STA-01549,ADM-SUPPORT-002,ADMIN,工单详情,LOADING,首屏数据请求进行中,显示与最终布局一致的骨架屏,返回,与当前状态、权限或服务端version冲突的所有写操作,失败后显示重试,page_state_adm_support_002_loading,否,FROZEN_V1.2.2
STA-01550,ADM-SUPPORT-002,ADMIN,工单详情,CONTENT,核心数据完整且可交互,展示内容并按权限/状态机计算操作入口,页面定义的读写动作,与当前状态、权限或服务端version冲突的所有写操作,刷新或执行操作,page_state_adm_support_002_content,否,FROZEN_V1.2.2
STA-01551,ADM-SUPPORT-002,ADMIN,工单详情,STALE,后台详情版本已过期,保留只读快照并提示刷新,重新加载,与当前状态、权限或服务端version冲突的所有写操作,不得覆盖服务端新版本,page_state_adm_support_002_stale,否,FROZEN_V1.2.2
STA-01552,ADM-SUPPORT-002,ADMIN,工单详情,NOT_FOUND,资源不存在、已删除或不再可访问,显示资源状态，移除无效入口,返回来源列表,与当前状态、权限或服务端version冲突的所有写操作,来源列表同步更新,page_state_adm_support_002_not_found,是,FROZEN_V1.2.2
STA-01553,ADM-SUPPORT-002,ADMIN,工单详情,NO_PERMISSION,后台角色或数据范围不足,隐藏敏感内容并记录访问拒绝,返回/申请权限,与当前状态、权限或服务端version冲突的所有写操作,禁止仅靠前端绕过,page_state_adm_support_002_no_permission,是,FROZEN_V1.2.2
STA-01554,ADM-SUPPORT-002,ADMIN,工单详情,CONFLICT,expectedVersion或状态机冲突,展示数据已变化和差异摘要,重新加载/放弃本地变更,与当前状态、权限或服务端version冲突的所有写操作,禁止盲目覆盖,page_state_adm_support_002_conflict,否,FROZEN_V1.2.2
STA-01555,ADM-SUPPORT-002,ADMIN,工单详情,ERROR,请求失败且无法展示可靠内容,展示稳定错误码、requestId、重试和返回,重试/返回,与当前状态、权限或服务端version冲突的所有写操作,按错误码恢复,page_state_adm_support_002_error,否,FROZEN_V1.2.2
STA-01556,ADM-SUPPORT-002,ADMIN,工单详情,OFFLINE,网络不可用,只读页面可展示标记为缓存的数据；写操作禁用,重试网络,与当前状态、权限或服务端version冲突的所有写操作,恢复网络后主动刷新,page_state_adm_support_002_offline,否,FROZEN_V1.2.2
STA-01557,ADM-APPROVAL-001,ADMIN,双人审批中心,LOADING,首屏数据请求进行中,显示与最终布局一致的骨架屏,返回,与当前状态、权限或服务端version冲突的所有写操作,失败后显示重试,page_state_adm_approval_001_loading,否,FROZEN_V1.2.2
STA-01558,ADM-APPROVAL-001,ADMIN,双人审批中心,PENDING,结果等待审核、支付或异步处理,展示当前阶段、预计动作和刷新入口,刷新/返回,与当前状态、权限或服务端version冲突的所有写操作,通过查询更新,page_state_adm_approval_001_pending,否,FROZEN_V1.2.2
STA-01559,ADM-APPROVAL-001,ADMIN,双人审批中心,DECIDING,由页面业务状态机进入,按“DECIDING”状态展示标准状态区,按页面动作矩阵,与当前状态、权限或服务端version冲突的所有写操作,重新查询服务端事实,page_state_adm_approval_001_deciding,否,FROZEN_V1.2.2
STA-01560,ADM-APPROVAL-001,ADMIN,双人审批中心,APPROVED,审批通过,显示审批人、时间和绑定请求哈希,执行/查看,与当前状态、权限或服务端version冲突的所有写操作,审批只能用于绑定操作,page_state_adm_approval_001_approved,是,FROZEN_V1.2.2
STA-01561,ADM-APPROVAL-001,ADMIN,双人审批中心,REJECTED,审核或审批被拒绝,展示结构化原因和可编辑范围,修改/申诉/返回,与当前状态、权限或服务端version冲突的所有写操作,原版本保持不可用,page_state_adm_approval_001_rejected,是,FROZEN_V1.2.2
STA-01562,ADM-APPROVAL-001,ADMIN,双人审批中心,EXPIRED,资格、报价、验证码或预留过期,说明过期原因,重新开始/返回,与当前状态、权限或服务端version冲突的所有写操作,生成新的会话/报价/挑战,page_state_adm_approval_001_expired,是,FROZEN_V1.2.2
STA-01563,ADM-APPROVAL-001,ADMIN,双人审批中心,CONFLICT,expectedVersion或状态机冲突,展示数据已变化和差异摘要,重新加载/放弃本地变更,与当前状态、权限或服务端version冲突的所有写操作,禁止盲目覆盖,page_state_adm_approval_001_conflict,否,FROZEN_V1.2.2
STA-01564,ADM-APPROVAL-001,ADMIN,双人审批中心,EXPIRED_APPROVAL,审批单过期,禁止继续使用,重新申请,与当前状态、权限或服务端version冲突的所有写操作,不得延长原审批,page_state_adm_approval_001_expired_approval,是,FROZEN_V1.2.2
STA-01565,ADM-APPROVAL-001,ADMIN,双人审批中心,ERROR,请求失败且无法展示可靠内容,展示稳定错误码、requestId、重试和返回,重试/返回,与当前状态、权限或服务端version冲突的所有写操作,按错误码恢复,page_state_adm_approval_001_error,否,FROZEN_V1.2.2
STA-01566,ADM-APPROVAL-001,ADMIN,双人审批中心,OFFLINE,网络不可用,只读页面可展示标记为缓存的数据；写操作禁用,重试网络,与当前状态、权限或服务端version冲突的所有写操作,恢复网络后主动刷新,page_state_adm_approval_001_offline,否,FROZEN_V1.2.2
STA-01567,ADM-APPROVAL-001,ADMIN,双人审批中心,NO_PERMISSION,后台角色或数据范围不足,隐藏敏感内容并记录访问拒绝,返回/申请权限,与当前状态、权限或服务端version冲突的所有写操作,禁止仅靠前端绕过,page_state_adm_approval_001_no_permission,是,FROZEN_V1.2.2
STA-01568,ADM-ACCOUNTING-001,ADMIN,统一会计交易,LOADING,首屏数据请求进行中,显示与最终布局一致的骨架屏,返回,与当前状态、权限或服务端version冲突的所有写操作,失败后显示重试,page_state_adm_accounting_001_loading,否,FROZEN_V1.2.2
STA-01569,ADM-ACCOUNTING-001,ADMIN,统一会计交易,CONTENT,核心数据完整且可交互,展示内容并按权限/状态机计算操作入口,页面定义的读写动作,与当前状态、权限或服务端version冲突的所有写操作,刷新或执行操作,page_state_adm_accounting_001_content,否,FROZEN_V1.2.2
STA-01570,ADM-ACCOUNTING-001,ADMIN,统一会计交易,EMPTY,查询成功但无符合条件的数据,展示业务化空状态、当前筛选和明确下一步,清除筛选/创建/返回,与当前状态、权限或服务端version冲突的所有写操作,修改筛选或执行主行动,page_state_adm_accounting_001_empty,否,FROZEN_V1.2.2
STA-01571,ADM-ACCOUNTING-001,ADMIN,统一会计交易,RECONCILING,对账任务执行中,展示渠道、账期和进度,查询/取消（允许时）,与当前状态、权限或服务端version冲突的所有写操作,重复触发应幂等,page_state_adm_accounting_001_reconciling,否,FROZEN_V1.2.2
STA-01572,ADM-ACCOUNTING-001,ADMIN,统一会计交易,PENDING_APPROVAL,敏感变更等待双人复核,锁定关键字段，展示审批进度,撤回（允许时）/查看审批,与当前状态、权限或服务端version冲突的所有写操作,申请人不得自审,page_state_adm_accounting_001_pending_approval,否,FROZEN_V1.2.2
STA-01573,ADM-ACCOUNTING-001,ADMIN,统一会计交易,CONFLICT,expectedVersion或状态机冲突,展示数据已变化和差异摘要,重新加载/放弃本地变更,与当前状态、权限或服务端version冲突的所有写操作,禁止盲目覆盖,page_state_adm_accounting_001_conflict,否,FROZEN_V1.2.2
STA-01574,ADM-ACCOUNTING-001,ADMIN,统一会计交易,ERROR,请求失败且无法展示可靠内容,展示稳定错误码、requestId、重试和返回,重试/返回,与当前状态、权限或服务端version冲突的所有写操作,按错误码恢复,page_state_adm_accounting_001_error,否,FROZEN_V1.2.2
STA-01575,ADM-ACCOUNTING-001,ADMIN,统一会计交易,OFFLINE,网络不可用,只读页面可展示标记为缓存的数据；写操作禁用,重试网络,与当前状态、权限或服务端version冲突的所有写操作,恢复网络后主动刷新,page_state_adm_accounting_001_offline,否,FROZEN_V1.2.2
STA-01576,ADM-ACCOUNTING-001,ADMIN,统一会计交易,NO_PERMISSION,后台角色或数据范围不足,隐藏敏感内容并记录访问拒绝,返回/申请权限,与当前状态、权限或服务端version冲突的所有写操作,禁止仅靠前端绕过,page_state_adm_accounting_001_no_permission,是,FROZEN_V1.2.2
STA-01577,ADM-ACCOUNTING-002,ADMIN,会计交易详情与冲正,LOADING,首屏数据请求进行中,显示与最终布局一致的骨架屏,返回,与当前状态、权限或服务端version冲突的所有写操作,失败后显示重试,page_state_adm_accounting_002_loading,否,FROZEN_V1.2.2
STA-01578,ADM-ACCOUNTING-002,ADMIN,会计交易详情与冲正,CONTENT,核心数据完整且可交互,展示内容并按权限/状态机计算操作入口,页面定义的读写动作,与当前状态、权限或服务端version冲突的所有写操作,刷新或执行操作,page_state_adm_accounting_002_content,否,FROZEN_V1.2.2
STA-01579,ADM-ACCOUNTING-002,ADMIN,会计交易详情与冲正,EMPTY,查询成功但无符合条件的数据,展示业务化空状态、当前筛选和明确下一步,清除筛选/创建/返回,与当前状态、权限或服务端version冲突的所有写操作,修改筛选或执行主行动,page_state_adm_accounting_002_empty,否,FROZEN_V1.2.2
STA-01580,ADM-ACCOUNTING-002,ADMIN,会计交易详情与冲正,RECONCILING,对账任务执行中,展示渠道、账期和进度,查询/取消（允许时）,与当前状态、权限或服务端version冲突的所有写操作,重复触发应幂等,page_state_adm_accounting_002_reconciling,否,FROZEN_V1.2.2
STA-01581,ADM-ACCOUNTING-002,ADMIN,会计交易详情与冲正,PENDING_APPROVAL,敏感变更等待双人复核,锁定关键字段，展示审批进度,撤回（允许时）/查看审批,与当前状态、权限或服务端version冲突的所有写操作,申请人不得自审,page_state_adm_accounting_002_pending_approval,否,FROZEN_V1.2.2
STA-01582,ADM-ACCOUNTING-002,ADMIN,会计交易详情与冲正,CONFLICT,expectedVersion或状态机冲突,展示数据已变化和差异摘要,重新加载/放弃本地变更,与当前状态、权限或服务端version冲突的所有写操作,禁止盲目覆盖,page_state_adm_accounting_002_conflict,否,FROZEN_V1.2.2
STA-01583,ADM-ACCOUNTING-002,ADMIN,会计交易详情与冲正,ERROR,请求失败且无法展示可靠内容,展示稳定错误码、requestId、重试和返回,重试/返回,与当前状态、权限或服务端version冲突的所有写操作,按错误码恢复,page_state_adm_accounting_002_error,否,FROZEN_V1.2.2
STA-01584,ADM-ACCOUNTING-002,ADMIN,会计交易详情与冲正,OFFLINE,网络不可用,只读页面可展示标记为缓存的数据；写操作禁用,重试网络,与当前状态、权限或服务端version冲突的所有写操作,恢复网络后主动刷新,page_state_adm_accounting_002_offline,否,FROZEN_V1.2.2
STA-01585,ADM-ACCOUNTING-002,ADMIN,会计交易详情与冲正,NO_PERMISSION,后台角色或数据范围不足,隐藏敏感内容并记录访问拒绝,返回/申请权限,与当前状态、权限或服务端version冲突的所有写操作,禁止仅靠前端绕过,page_state_adm_accounting_002_no_permission,是,FROZEN_V1.2.2
STA-01586,ADM-RISK-003,ADMIN,风控规则版本,LOADING,首屏数据请求进行中,显示与最终布局一致的骨架屏,返回,与当前状态、权限或服务端version冲突的所有写操作,失败后显示重试,page_state_adm_risk_003_loading,否,FROZEN_V1.2.2
STA-01587,ADM-RISK-003,ADMIN,风控规则版本,ACTIVE_VERSION,配置当前生效版本,只读展示值、来源、生效时间和审计,创建草稿/回滚申请,与当前状态、权限或服务端version冲突的所有写操作,秘密仅显示配置状态,page_state_adm_risk_003_active_version,否,FROZEN_V1.2.2
STA-01588,ADM-RISK-003,ADMIN,风控规则版本,DRAFT,存在未生效配置/规则/模板草稿,显示与当前版本差异,编辑/校验/提交审批,与当前状态、权限或服务端version冲突的所有写操作,不得影响运行时,page_state_adm_risk_003_draft,否,FROZEN_V1.2.2
STA-01589,ADM-RISK-003,ADMIN,风控规则版本,VALIDATING,正在验证一次性state或输入,显示处理中，不暴露敏感参数,返回（允许时）,与当前状态、权限或服务端version冲突的所有写操作,参数立即从URL清理,page_state_adm_risk_003_validating,否,FROZEN_V1.2.2
STA-01590,ADM-RISK-003,ADMIN,风控规则版本,PENDING_APPROVAL,敏感变更等待双人复核,锁定关键字段，展示审批进度,撤回（允许时）/查看审批,与当前状态、权限或服务端version冲突的所有写操作,申请人不得自审,page_state_adm_risk_003_pending_approval,否,FROZEN_V1.2.2
STA-01591,ADM-RISK-003,ADMIN,风控规则版本,ACTIVATING,配置版本原子激活中,显示步骤和回滚点,查询状态,与当前状态、权限或服务端version冲突的所有写操作,不得并行激活,page_state_adm_risk_003_activating,否,FROZEN_V1.2.2
STA-01592,ADM-RISK-003,ADMIN,风控规则版本,ERROR,请求失败且无法展示可靠内容,展示稳定错误码、requestId、重试和返回,重试/返回,与当前状态、权限或服务端version冲突的所有写操作,按错误码恢复,page_state_adm_risk_003_error,否,FROZEN_V1.2.2
STA-01593,ADM-RISK-003,ADMIN,风控规则版本,CONFLICT,expectedVersion或状态机冲突,展示数据已变化和差异摘要,重新加载/放弃本地变更,与当前状态、权限或服务端version冲突的所有写操作,禁止盲目覆盖,page_state_adm_risk_003_conflict,否,FROZEN_V1.2.2
STA-01594,ADM-RISK-003,ADMIN,风控规则版本,OFFLINE,网络不可用,只读页面可展示标记为缓存的数据；写操作禁用,重试网络,与当前状态、权限或服务端version冲突的所有写操作,恢复网络后主动刷新,page_state_adm_risk_003_offline,否,FROZEN_V1.2.2
STA-01595,ADM-RISK-003,ADMIN,风控规则版本,NO_PERMISSION,后台角色或数据范围不足,隐藏敏感内容并记录访问拒绝,返回/申请权限,与当前状态、权限或服务端version冲突的所有写操作,禁止仅靠前端绕过,page_state_adm_risk_003_no_permission,是,FROZEN_V1.2.2
STA-01596,ADM-RISK-004,ADMIN,风控规则模拟器,LOADING,首屏数据请求进行中,显示与最终布局一致的骨架屏,返回,与当前状态、权限或服务端version冲突的所有写操作,失败后显示重试,page_state_adm_risk_004_loading,否,FROZEN_V1.2.2
STA-01597,ADM-RISK-004,ADMIN,风控规则模拟器,CONTENT,核心数据完整且可交互,展示内容并按权限/状态机计算操作入口,页面定义的读写动作,与当前状态、权限或服务端version冲突的所有写操作,刷新或执行操作,page_state_adm_risk_004_content,否,FROZEN_V1.2.2
STA-01598,ADM-RISK-004,ADMIN,风控规则模拟器,EMPTY,查询成功但无符合条件的数据,展示业务化空状态、当前筛选和明确下一步,清除筛选/创建/返回,与当前状态、权限或服务端version冲突的所有写操作,修改筛选或执行主行动,page_state_adm_risk_004_empty,否,FROZEN_V1.2.2
STA-01599,ADM-RISK-004,ADMIN,风控规则模拟器,REFRESHING,已有内容上执行刷新,保留内容并显示轻量刷新指示,取消刷新,与当前状态、权限或服务端version冲突的所有写操作,失败保留旧数据,page_state_adm_risk_004_refreshing,否,FROZEN_V1.2.2
STA-01600,ADM-RISK-004,ADMIN,风控规则模拟器,PARTIAL_ERROR,非首屏请求或单模块失败,保留现有内容并在对应区域提示,局部重试,与当前状态、权限或服务端version冲突的所有写操作,成功后回到CONTENT,page_state_adm_risk_004_partial_error,否,FROZEN_V1.2.2
STA-01601,ADM-RISK-004,ADMIN,风控规则模拟器,NO_PERMISSION,后台角色或数据范围不足,隐藏敏感内容并记录访问拒绝,返回/申请权限,与当前状态、权限或服务端version冲突的所有写操作,禁止仅靠前端绕过,page_state_adm_risk_004_no_permission,是,FROZEN_V1.2.2
STA-01602,ADM-RISK-004,ADMIN,风控规则模拟器,ERROR,请求失败且无法展示可靠内容,展示稳定错误码、requestId、重试和返回,重试/返回,与当前状态、权限或服务端version冲突的所有写操作,按错误码恢复,page_state_adm_risk_004_error,否,FROZEN_V1.2.2
STA-01603,ADM-RISK-004,ADMIN,风控规则模拟器,OFFLINE,网络不可用,只读页面可展示标记为缓存的数据；写操作禁用,重试网络,与当前状态、权限或服务端version冲突的所有写操作,恢复网络后主动刷新,page_state_adm_risk_004_offline,否,FROZEN_V1.2.2
STA-01604,ADM-NOTIFY-001,ADMIN,通知模板,LOADING,首屏数据请求进行中,显示与最终布局一致的骨架屏,返回,与当前状态、权限或服务端version冲突的所有写操作,失败后显示重试,page_state_adm_notify_001_loading,否,FROZEN_V1.2.2
STA-01605,ADM-NOTIFY-001,ADMIN,通知模板,ACTIVE_VERSION,配置当前生效版本,只读展示值、来源、生效时间和审计,创建草稿/回滚申请,与当前状态、权限或服务端version冲突的所有写操作,秘密仅显示配置状态,page_state_adm_notify_001_active_version,否,FROZEN_V1.2.2
STA-01606,ADM-NOTIFY-001,ADMIN,通知模板,DRAFT,存在未生效配置/规则/模板草稿,显示与当前版本差异,编辑/校验/提交审批,与当前状态、权限或服务端version冲突的所有写操作,不得影响运行时,page_state_adm_notify_001_draft,否,FROZEN_V1.2.2
STA-01607,ADM-NOTIFY-001,ADMIN,通知模板,VALIDATING,正在验证一次性state或输入,显示处理中，不暴露敏感参数,返回（允许时）,与当前状态、权限或服务端version冲突的所有写操作,参数立即从URL清理,page_state_adm_notify_001_validating,否,FROZEN_V1.2.2
STA-01608,ADM-NOTIFY-001,ADMIN,通知模板,PENDING_APPROVAL,敏感变更等待双人复核,锁定关键字段，展示审批进度,撤回（允许时）/查看审批,与当前状态、权限或服务端version冲突的所有写操作,申请人不得自审,page_state_adm_notify_001_pending_approval,否,FROZEN_V1.2.2
STA-01609,ADM-NOTIFY-001,ADMIN,通知模板,ACTIVATING,配置版本原子激活中,显示步骤和回滚点,查询状态,与当前状态、权限或服务端version冲突的所有写操作,不得并行激活,page_state_adm_notify_001_activating,否,FROZEN_V1.2.2
STA-01610,ADM-NOTIFY-001,ADMIN,通知模板,ERROR,请求失败且无法展示可靠内容,展示稳定错误码、requestId、重试和返回,重试/返回,与当前状态、权限或服务端version冲突的所有写操作,按错误码恢复,page_state_adm_notify_001_error,否,FROZEN_V1.2.2
STA-01611,ADM-NOTIFY-001,ADMIN,通知模板,CONFLICT,expectedVersion或状态机冲突,展示数据已变化和差异摘要,重新加载/放弃本地变更,与当前状态、权限或服务端version冲突的所有写操作,禁止盲目覆盖,page_state_adm_notify_001_conflict,否,FROZEN_V1.2.2
STA-01612,ADM-NOTIFY-001,ADMIN,通知模板,OFFLINE,网络不可用,只读页面可展示标记为缓存的数据；写操作禁用,重试网络,与当前状态、权限或服务端version冲突的所有写操作,恢复网络后主动刷新,page_state_adm_notify_001_offline,否,FROZEN_V1.2.2
STA-01613,ADM-NOTIFY-001,ADMIN,通知模板,NO_PERMISSION,后台角色或数据范围不足,隐藏敏感内容并记录访问拒绝,返回/申请权限,与当前状态、权限或服务端version冲突的所有写操作,禁止仅靠前端绕过,page_state_adm_notify_001_no_permission,是,FROZEN_V1.2.2
STA-01614,ADM-NOTIFY-002,ADMIN,通知发送记录,LOADING,首屏数据请求进行中,显示与最终布局一致的骨架屏,返回,与当前状态、权限或服务端version冲突的所有写操作,失败后显示重试,page_state_adm_notify_002_loading,否,FROZEN_V1.2.2
STA-01615,ADM-NOTIFY-002,ADMIN,通知发送记录,CONTENT,核心数据完整且可交互,展示内容并按权限/状态机计算操作入口,页面定义的读写动作,与当前状态、权限或服务端version冲突的所有写操作,刷新或执行操作,page_state_adm_notify_002_content,否,FROZEN_V1.2.2
STA-01616,ADM-NOTIFY-002,ADMIN,通知发送记录,EMPTY,查询成功但无符合条件的数据,展示业务化空状态、当前筛选和明确下一步,清除筛选/创建/返回,与当前状态、权限或服务端version冲突的所有写操作,修改筛选或执行主行动,page_state_adm_notify_002_empty,否,FROZEN_V1.2.2
STA-01617,ADM-NOTIFY-002,ADMIN,通知发送记录,REFRESHING,已有内容上执行刷新,保留内容并显示轻量刷新指示,取消刷新,与当前状态、权限或服务端version冲突的所有写操作,失败保留旧数据,page_state_adm_notify_002_refreshing,否,FROZEN_V1.2.2
STA-01618,ADM-NOTIFY-002,ADMIN,通知发送记录,PARTIAL_ERROR,非首屏请求或单模块失败,保留现有内容并在对应区域提示,局部重试,与当前状态、权限或服务端version冲突的所有写操作,成功后回到CONTENT,page_state_adm_notify_002_partial_error,否,FROZEN_V1.2.2
STA-01619,ADM-NOTIFY-002,ADMIN,通知发送记录,NO_PERMISSION,后台角色或数据范围不足,隐藏敏感内容并记录访问拒绝,返回/申请权限,与当前状态、权限或服务端version冲突的所有写操作,禁止仅靠前端绕过,page_state_adm_notify_002_no_permission,是,FROZEN_V1.2.2
STA-01620,ADM-NOTIFY-002,ADMIN,通知发送记录,ERROR,请求失败且无法展示可靠内容,展示稳定错误码、requestId、重试和返回,重试/返回,与当前状态、权限或服务端version冲突的所有写操作,按错误码恢复,page_state_adm_notify_002_error,否,FROZEN_V1.2.2
STA-01621,ADM-NOTIFY-002,ADMIN,通知发送记录,OFFLINE,网络不可用,只读页面可展示标记为缓存的数据；写操作禁用,重试网络,与当前状态、权限或服务端version冲突的所有写操作,恢复网络后主动刷新,page_state_adm_notify_002_offline,否,FROZEN_V1.2.2
STA-01622,ADM-EXPORT-001,ADMIN,数据导出中心,LOADING,首屏数据请求进行中,显示与最终布局一致的骨架屏,返回,与当前状态、权限或服务端version冲突的所有写操作,失败后显示重试,page_state_adm_export_001_loading,否,FROZEN_V1.2.2
STA-01623,ADM-EXPORT-001,ADMIN,数据导出中心,CONTENT,核心数据完整且可交互,展示内容并按权限/状态机计算操作入口,页面定义的读写动作,与当前状态、权限或服务端version冲突的所有写操作,刷新或执行操作,page_state_adm_export_001_content,否,FROZEN_V1.2.2
STA-01624,ADM-EXPORT-001,ADMIN,数据导出中心,NO_PERMISSION,后台角色或数据范围不足,隐藏敏感内容并记录访问拒绝,返回/申请权限,与当前状态、权限或服务端version冲突的所有写操作,禁止仅靠前端绕过,page_state_adm_export_001_no_permission,是,FROZEN_V1.2.2
STA-01625,ADM-EXPORT-001,ADMIN,数据导出中心,PENDING_APPROVAL,敏感变更等待双人复核,锁定关键字段，展示审批进度,撤回（允许时）/查看审批,与当前状态、权限或服务端version冲突的所有写操作,申请人不得自审,page_state_adm_export_001_pending_approval,否,FROZEN_V1.2.2
STA-01626,ADM-EXPORT-001,ADMIN,数据导出中心,ERROR,请求失败且无法展示可靠内容,展示稳定错误码、requestId、重试和返回,重试/返回,与当前状态、权限或服务端version冲突的所有写操作,按错误码恢复,page_state_adm_export_001_error,否,FROZEN_V1.2.2
STA-01627,ADM-EXPORT-001,ADMIN,数据导出中心,OFFLINE,网络不可用,只读页面可展示标记为缓存的数据；写操作禁用,重试网络,与当前状态、权限或服务端version冲突的所有写操作,恢复网络后主动刷新,page_state_adm_export_001_offline,否,FROZEN_V1.2.2
STA-01628,ADM-SECURITY-001,ADMIN,管理员安全设置,LOADING,首屏数据请求进行中,显示与最终布局一致的骨架屏,返回,与当前状态、权限或服务端version冲突的所有写操作,失败后显示重试,page_state_adm_security_001_loading,否,FROZEN_V1.2.2
STA-01629,ADM-SECURITY-001,ADMIN,管理员安全设置,CONTENT,核心数据完整且可交互,展示内容并按权限/状态机计算操作入口,页面定义的读写动作,与当前状态、权限或服务端version冲突的所有写操作,刷新或执行操作,page_state_adm_security_001_content,否,FROZEN_V1.2.2
STA-01630,ADM-SECURITY-001,ADMIN,管理员安全设置,NO_PERMISSION,后台角色或数据范围不足,隐藏敏感内容并记录访问拒绝,返回/申请权限,与当前状态、权限或服务端version冲突的所有写操作,禁止仅靠前端绕过,page_state_adm_security_001_no_permission,是,FROZEN_V1.2.2
STA-01631,ADM-SECURITY-001,ADMIN,管理员安全设置,PENDING_APPROVAL,敏感变更等待双人复核,锁定关键字段，展示审批进度,撤回（允许时）/查看审批,与当前状态、权限或服务端version冲突的所有写操作,申请人不得自审,page_state_adm_security_001_pending_approval,否,FROZEN_V1.2.2
STA-01632,ADM-SECURITY-001,ADMIN,管理员安全设置,ERROR,请求失败且无法展示可靠内容,展示稳定错误码、requestId、重试和返回,重试/返回,与当前状态、权限或服务端version冲突的所有写操作,按错误码恢复,page_state_adm_security_001_error,否,FROZEN_V1.2.2
STA-01633,ADM-SECURITY-001,ADMIN,管理员安全设置,OFFLINE,网络不可用,只读页面可展示标记为缓存的数据；写操作禁用,重试网络,与当前状态、权限或服务端version冲突的所有写操作,恢复网络后主动刷新,page_state_adm_security_001_offline,否,FROZEN_V1.2.2
