页面ID,平台,模块,页面名称,路由,页面形态,模板ID,业务目标,主要角色,访问规则,数据分级,入口路径,退出与返回,页面区域,字段规格,状态规格,动作规格,导航规则,刷新策略,分页策略,离线策略,关联需求,关联API,operationId,配置组,关键配置项,测试ID,UI参考,计划版本,DoR状态,成熟度
SCR-APP-001,ANDROID,启动,启动页,/splash,PAGE,MOB-GATE,品牌展示、版本/维护/Token并行检查,已登录用户；公开能力仅限文档明确的H5页面,否,NORMAL,从上级页面、导航入口、通知或业务流程进入,按导航栈返回；成功流程按动作规格进入结果或详情,品牌区|状态说明|主操作|次操作|诊断信息,catalogs/ui_page_fields.csv#SCR-APP-001,catalogs/ui_page_states.csv#SCR-APP-001,catalogs/ui_action_matrix.csv#SCR-APP-001,仅允许已登记App Link/内部路由；登录前保存原目标；路由参数校验失败返回模块首页,初始化按需加载；写操作后仅刷新受影响数据；禁止无差别全局缓存清空,不适用；若子区块为列表，遵循所属平台标准分页模板,不支持离线写入；网络不可用时保留安全可保留输入并提供重试,REQ-AUTH-001;REQ-APP-RELEASE-001;REQ-APK-001;REQ-PAGE-SPEC-001,GET /public-api/v1/platform/status;POST /public-api/v1/app/version-check;POST /api/v1/auth/refresh;GET /api/v1/app/version-check,publicGetPlatformStatus;appReleasePostAppVersionCheck;authPostAuthRefresh;appReleaseGetAppVersionCheck,platform;app_build;auth,platform.brand.name;platform.brand.slogan;platform.brand.logo_media_id;platform.customer_service.name;platform.customer_service.contact;app.android.application_id;app.android.staging_application_id;app.android.display_name;app.android.signing.staging_profile;app.android.signing.production_profile;app.build.runner;app.build.allowed_ref_patterns;app.build.artifact_storage_scope;auth.default_login_method;auth.security_challenge.provider;auth.security_challenge.mode;auth.password.min_length;auth.password.max_length;auth.password.max_failures;auth.password.lock_seconds;auth.invite.app_required,TST-AUTH_001-HAPPY;TST-APP_RELEASE_001-HAPPY;TST-APK_001-HAPPY;TST-AUTH_001-IDEMPOTENT;TST-APP_RELEASE_001-IDEMPOTENT;TST-APK_001-IDEMPOTENT;TST-V122-011,B01/P01/P08,R02,READY,FROZEN_CONSTRUCTION_V1.2.2
SCR-APP-002,ANDROID,启动,系统维护页,/maintenance,PAGE,MOB-GATE,维护说明、预计恢复、重试,已登录用户；公开能力仅限文档明确的H5页面,否,NORMAL,从上级页面、导航入口、通知或业务流程进入,按导航栈返回；成功流程按动作规格进入结果或详情,品牌区|状态说明|主操作|次操作|诊断信息,catalogs/ui_page_fields.csv#SCR-APP-002,catalogs/ui_page_states.csv#SCR-APP-002,catalogs/ui_action_matrix.csv#SCR-APP-002,仅允许已登记App Link/内部路由；登录前保存原目标；路由参数校验失败返回模块首页,初始化按需加载；写操作后仅刷新受影响数据；禁止无差别全局缓存清空,不适用；若子区块为列表，遵循所属平台标准分页模板,不支持离线写入；网络不可用时保留安全可保留输入并提供重试,REQ-AUTH-001;REQ-APP-RELEASE-001;REQ-APK-001,GET /public-api/v1/platform/status,publicGetPlatformStatus,platform,platform.brand.name;platform.brand.slogan;platform.brand.logo_media_id;platform.customer_service.name;platform.customer_service.contact,TST-AUTH_001-HAPPY;TST-APP_RELEASE_001-HAPPY;TST-APK_001-HAPPY,B01/P01/P08,R02,READY,FROZEN_CONSTRUCTION_V1.2.2
SCR-APP-003,ANDROID,启动,更新提示,/update,PAGE,MOB-GATE,可选/推荐/强制更新,已登录用户；公开能力仅限文档明确的H5页面,否,NORMAL,从上级页面、导航入口、通知或业务流程进入,按导航栈返回；成功流程按动作规格进入结果或详情,品牌区|状态说明|主操作|次操作|诊断信息,catalogs/ui_page_fields.csv#SCR-APP-003,catalogs/ui_page_states.csv#SCR-APP-003,catalogs/ui_action_matrix.csv#SCR-APP-003,仅允许已登记App Link/内部路由；登录前保存原目标；路由参数校验失败返回模块首页,初始化按需加载；写操作后仅刷新受影响数据；禁止无差别全局缓存清空,不适用；若子区块为列表，遵循所属平台标准分页模板,不支持离线写入；网络不可用时保留安全可保留输入并提供重试,REQ-AUTH-001;REQ-APP-RELEASE-001;REQ-APK-001,POST /public-api/v1/app/version-check;GET /public-api/v1/app/latest,appReleasePostAppVersionCheck;publicGetAppLatest,app_build;platform,app.android.application_id;app.android.staging_application_id;app.android.display_name;app.android.signing.staging_profile;app.android.signing.production_profile;app.build.runner;app.build.allowed_ref_patterns;app.build.artifact_storage_scope;platform.brand.name;platform.brand.slogan;platform.brand.logo_media_id;platform.customer_service.name;platform.customer_service.contact,TST-AUTH_001-HAPPY;TST-APP_RELEASE_001-HAPPY;TST-APK_001-HAPPY,B01/P01/P08,R02,READY,FROZEN_CONSTRUCTION_V1.2.2
SCR-AUTH-001,ANDROID,账号,密码登录,/login,PAGE,MOB-AUTH-FORM,默认手机号+密码、安全验证、协议,已登录用户；公开能力仅限文档明确的H5页面,否,CRITICAL,从上级页面、导航入口、通知或业务流程进入,按导航栈返回；成功流程按动作规格进入结果或详情,品牌/标题|表单|安全挑战|协议|主操作|辅助入口,catalogs/ui_page_fields.csv#SCR-AUTH-001,catalogs/ui_page_states.csv#SCR-AUTH-001,catalogs/ui_action_matrix.csv#SCR-AUTH-001,仅允许已登记App Link/内部路由；登录前保存原目标；路由参数校验失败返回模块首页,初始化按需加载；写操作后仅刷新受影响数据；禁止无差别全局缓存清空,不适用；若子区块为列表，遵循所属平台标准分页模板,不支持离线写入；网络不可用时保留安全可保留输入并提供重试,REQ-AUTH-001;REQ-AUTH-002;REQ-AUTH-003;REQ-AUTH-004,POST /api/v1/auth/security-challenges;POST /api/v1/auth/password/login,authPostAuthSecurityChallenges;authPostAuthPasswordLogin,auth,auth.default_login_method;auth.security_challenge.provider;auth.security_challenge.mode;auth.password.min_length;auth.password.max_length;auth.password.max_failures;auth.password.lock_seconds;auth.invite.app_required,TST-AUTH_001-HAPPY;TST-AUTH_002-HAPPY;TST-AUTH_003-HAPPY;TST-AUTH_004-HAPPY;TST-AUTH_001-IDEMPOTENT;TST-AUTH_002-IDEMPOTENT;TST-AUTH_003-IDEMPOTENT;TST-AUTH_004-IDEMPOTENT,B01/P02-P07,R02,READY,FROZEN_CONSTRUCTION_V1.2.2
SCR-AUTH-002,ANDROID,账号,短信验证码登录,/login/sms,PAGE,MOB-AUTH-FORM,安全验证后发送阿里云短信验证码,已登录用户；公开能力仅限文档明确的H5页面,否,NORMAL,从上级页面、导航入口、通知或业务流程进入,按导航栈返回；成功流程按动作规格进入结果或详情,品牌/标题|表单|安全挑战|协议|主操作|辅助入口,catalogs/ui_page_fields.csv#SCR-AUTH-002,catalogs/ui_page_states.csv#SCR-AUTH-002,catalogs/ui_action_matrix.csv#SCR-AUTH-002,仅允许已登记App Link/内部路由；登录前保存原目标；路由参数校验失败返回模块首页,初始化按需加载；写操作后仅刷新受影响数据；禁止无差别全局缓存清空,不适用；若子区块为列表，遵循所属平台标准分页模板,不支持离线写入；网络不可用时保留安全可保留输入并提供重试,REQ-AUTH-001;REQ-AUTH-002;REQ-AUTH-003;REQ-AUTH-004,POST /api/v1/auth/security-challenges;POST /api/v1/auth/sms/send;POST /api/v1/auth/sms/login,authPostAuthSecurityChallenges;authPostAuthSmsSend;authPostAuthSmsLogin,auth,auth.default_login_method;auth.security_challenge.provider;auth.security_challenge.mode;auth.password.min_length;auth.password.max_length;auth.password.max_failures;auth.password.lock_seconds;auth.invite.app_required,TST-AUTH_001-HAPPY;TST-AUTH_002-HAPPY;TST-AUTH_003-HAPPY;TST-AUTH_004-HAPPY;TST-AUTH_001-IDEMPOTENT;TST-AUTH_002-IDEMPOTENT;TST-AUTH_003-IDEMPOTENT;TST-AUTH_004-IDEMPOTENT,B01/P02-P07,R02,READY,FROZEN_CONSTRUCTION_V1.2.2
SCR-AUTH-003,ANDROID,账号,注册账号,/register,PAGE,MOB-AUTH-FORM,手机号、密码、确认密码、邀请码、安全验证、短信校验,已登录用户；公开能力仅限文档明确的H5页面,否,NORMAL,从上级页面、导航入口、通知或业务流程进入,按导航栈返回；成功流程按动作规格进入结果或详情,品牌/标题|表单|安全挑战|协议|主操作|辅助入口,catalogs/ui_page_fields.csv#SCR-AUTH-003,catalogs/ui_page_states.csv#SCR-AUTH-003,catalogs/ui_action_matrix.csv#SCR-AUTH-003,仅允许已登记App Link/内部路由；登录前保存原目标；路由参数校验失败返回模块首页,初始化按需加载；写操作后仅刷新受影响数据；禁止无差别全局缓存清空,不适用；若子区块为列表，遵循所属平台标准分页模板,不支持离线写入；网络不可用时保留安全可保留输入并提供重试,REQ-AUTH-001;REQ-AUTH-002;REQ-AUTH-003;REQ-AUTH-004;REQ-AUTH-005,POST /api/v1/auth/security-challenges;POST /api/v1/auth/sms/send;POST /api/v1/auth/invite-codes/validate;POST /api/v1/auth/register,authPostAuthSecurityChallenges;authPostAuthSmsSend;authPostAuthInviteCodesValidate;authPostAuthRegister,auth,auth.default_login_method;auth.security_challenge.provider;auth.security_challenge.mode;auth.password.min_length;auth.password.max_length;auth.password.max_failures;auth.password.lock_seconds;auth.invite.app_required,TST-AUTH_001-HAPPY;TST-AUTH_002-HAPPY;TST-AUTH_003-HAPPY;TST-AUTH_004-HAPPY;TST-AUTH_005-HAPPY;TST-AUTH_001-IDEMPOTENT;TST-AUTH_002-IDEMPOTENT;TST-AUTH_003-IDEMPOTENT;TST-AUTH_004-IDEMPOTENT;TST-AUTH_005-IDEMPOTENT,B01/P02-P07,R02,READY,FROZEN_CONSTRUCTION_V1.2.2
SCR-AUTH-004,ANDROID,账号,忘记密码,/password/reset,PAGE,MOB-AUTH-FORM,安全验证、短信验证码和新密码,已登录用户；公开能力仅限文档明确的H5页面,否,CRITICAL,从上级页面、导航入口、通知或业务流程进入,按导航栈返回；成功流程按动作规格进入结果或详情,品牌/标题|表单|安全挑战|协议|主操作|辅助入口,catalogs/ui_page_fields.csv#SCR-AUTH-004,catalogs/ui_page_states.csv#SCR-AUTH-004,catalogs/ui_action_matrix.csv#SCR-AUTH-004,仅允许已登记App Link/内部路由；登录前保存原目标；路由参数校验失败返回模块首页,初始化按需加载；写操作后仅刷新受影响数据；禁止无差别全局缓存清空,不适用；若子区块为列表，遵循所属平台标准分页模板,不支持离线写入；网络不可用时保留安全可保留输入并提供重试,REQ-AUTH-001;REQ-AUTH-002;REQ-AUTH-003;REQ-AUTH-004,POST /api/v1/auth/security-challenges;POST /api/v1/auth/sms/send;POST /api/v1/auth/password/reset,authPostAuthSecurityChallenges;authPostAuthSmsSend;authPostAuthPasswordReset,auth,auth.default_login_method;auth.security_challenge.provider;auth.security_challenge.mode;auth.password.min_length;auth.password.max_length;auth.password.max_failures;auth.password.lock_seconds;auth.invite.app_required,TST-AUTH_001-HAPPY;TST-AUTH_002-HAPPY;TST-AUTH_003-HAPPY;TST-AUTH_004-HAPPY;TST-AUTH_001-IDEMPOTENT;TST-AUTH_002-IDEMPOTENT;TST-AUTH_003-IDEMPOTENT;TST-AUTH_004-IDEMPOTENT,B01/P02-P07,R02,READY,FROZEN_CONSTRUCTION_V1.2.2
SCR-AUTH-005,ANDROID,账号,账号冻结,/account-blocked,PAGE,MOB-GATE,原因、期限、申诉,已登录用户；公开能力仅限文档明确的H5页面,是,NORMAL,从上级页面、导航入口、通知或业务流程进入,按导航栈返回；成功流程按动作规格进入结果或详情,品牌区|状态说明|主操作|次操作|诊断信息,catalogs/ui_page_fields.csv#SCR-AUTH-005,catalogs/ui_page_states.csv#SCR-AUTH-005,catalogs/ui_action_matrix.csv#SCR-AUTH-005,仅允许已登记App Link/内部路由；登录前保存原目标；路由参数校验失败返回模块首页,初始化按需加载；写操作后仅刷新受影响数据；禁止无差别全局缓存清空,不适用；若子区块为列表，遵循所属平台标准分页模板,不支持离线写入；网络不可用时保留安全可保留输入并提供重试,REQ-AUTH-001;REQ-AUTH-002;REQ-AUTH-003;REQ-AUTH-004,GET /api/v1/me;POST /api/v1/support/tickets,userGetMe;supportPostSupportTickets,auth;system,auth.default_login_method;auth.security_challenge.provider;auth.security_challenge.mode;auth.password.min_length;auth.password.max_length;auth.password.max_failures;auth.password.lock_seconds;auth.invite.app_required;system.maintenance.enabled;system.maintenance.message;system.registration.enabled;system.publish.enabled;system.red_packet.enabled;system.withdrawal.enabled,TST-AUTH_001-HAPPY;TST-AUTH_002-HAPPY;TST-AUTH_003-HAPPY;TST-AUTH_004-HAPPY;TST-AUTH_001-IDEMPOTENT;TST-AUTH_002-IDEMPOTENT;TST-AUTH_003-IDEMPOTENT;TST-AUTH_004-IDEMPOTENT,B01/P02-P07,R02,READY,FROZEN_CONSTRUCTION_V1.2.2
SCR-AUTH-006,ANDROID,账号,登录设备,/me/security/devices,PAGE,MOB-AUTH-FORM,设备列表与下线,已登录用户；公开能力仅限文档明确的H5页面,是,HIGH,从上级页面、导航入口、通知或业务流程进入,按导航栈返回；成功流程按动作规格进入结果或详情,品牌/标题|表单|安全挑战|协议|主操作|辅助入口,catalogs/ui_page_fields.csv#SCR-AUTH-006,catalogs/ui_page_states.csv#SCR-AUTH-006,catalogs/ui_action_matrix.csv#SCR-AUTH-006,仅允许已登记App Link/内部路由；登录前保存原目标；路由参数校验失败返回模块首页,初始化按需加载；写操作后仅刷新受影响数据；禁止无差别全局缓存清空,不适用；若子区块为列表，遵循所属平台标准分页模板,不支持离线写入；网络不可用时保留安全可保留输入并提供重试,REQ-AUTH-001;REQ-AUTH-002;REQ-AUTH-003;REQ-AUTH-004,GET /api/v1/auth/sessions;DELETE /api/v1/auth/sessions/{id},authGetAuthSessions;authDeleteAuthSessionsById,auth,auth.default_login_method;auth.security_challenge.provider;auth.security_challenge.mode;auth.password.min_length;auth.password.max_length;auth.password.max_failures;auth.password.lock_seconds;auth.invite.app_required,TST-AUTH_001-HAPPY;TST-AUTH_002-HAPPY;TST-AUTH_003-HAPPY;TST-AUTH_004-HAPPY;TST-AUTH_001-IDEMPOTENT;TST-AUTH_002-IDEMPOTENT;TST-AUTH_003-IDEMPOTENT;TST-AUTH_004-IDEMPOTENT,B01/P02-P07,R02,READY,FROZEN_CONSTRUCTION_V1.2.2
SCR-AUTH-007,ANDROID,账号,修改登录密码,/me/security/password,PAGE,MOB-AUTH-FORM,原密码、新密码、高风险安全验证,已登录用户；公开能力仅限文档明确的H5页面,是,CRITICAL,从上级页面、导航入口、通知或业务流程进入,按导航栈返回；成功流程按动作规格进入结果或详情,品牌/标题|表单|安全挑战|协议|主操作|辅助入口,catalogs/ui_page_fields.csv#SCR-AUTH-007,catalogs/ui_page_states.csv#SCR-AUTH-007,catalogs/ui_action_matrix.csv#SCR-AUTH-007,仅允许已登记App Link/内部路由；登录前保存原目标；路由参数校验失败返回模块首页,初始化按需加载；写操作后仅刷新受影响数据；禁止无差别全局缓存清空,不适用；若子区块为列表，遵循所属平台标准分页模板,不支持离线写入；网络不可用时保留安全可保留输入并提供重试,REQ-AUTH-001;REQ-AUTH-002;REQ-AUTH-003;REQ-AUTH-004,POST /api/v1/me/security/password/change,authPostMeSecurityPasswordChange,auth,auth.default_login_method;auth.security_challenge.provider;auth.security_challenge.mode;auth.password.min_length;auth.password.max_length;auth.password.max_failures;auth.password.lock_seconds;auth.invite.app_required,TST-AUTH_001-HAPPY;TST-AUTH_002-HAPPY;TST-AUTH_003-HAPPY;TST-AUTH_004-HAPPY;TST-AUTH_001-IDEMPOTENT;TST-AUTH_002-IDEMPOTENT;TST-AUTH_003-IDEMPOTENT;TST-AUTH_004-IDEMPOTENT,B12/P03,R02,READY,FROZEN_CONSTRUCTION_V1.2.2
SCR-AUTH-008,ANDROID,账号,注销账号,/me/security/cancel,PAGE,MOB-SETTINGS,校验、申请与状态,已登录用户；公开能力仅限文档明确的H5页面,是,NORMAL,从上级页面、导航入口、通知或业务流程进入,按导航栈返回；成功流程按动作规格进入结果或详情,账号摘要|设置分组|状态/风险|操作入口,catalogs/ui_page_fields.csv#SCR-AUTH-008,catalogs/ui_page_states.csv#SCR-AUTH-008,catalogs/ui_action_matrix.csv#SCR-AUTH-008,仅允许已登记App Link/内部路由；登录前保存原目标；路由参数校验失败返回模块首页,初始化按需加载；写操作后仅刷新受影响数据；禁止无差别全局缓存清空,不适用；若子区块为列表，遵循所属平台标准分页模板,不支持离线写入；网络不可用时保留安全可保留输入并提供重试,REQ-AUTH-001;REQ-AUTH-002;REQ-AUTH-003;REQ-AUTH-004,POST /api/v1/me/cancellation,userPostMeCancellation,auth,auth.default_login_method;auth.security_challenge.provider;auth.security_challenge.mode;auth.password.min_length;auth.password.max_length;auth.password.max_failures;auth.password.lock_seconds;auth.invite.app_required,TST-AUTH_001-HAPPY;TST-AUTH_002-HAPPY;TST-AUTH_003-HAPPY;TST-AUTH_004-HAPPY;TST-AUTH_001-IDEMPOTENT;TST-AUTH_002-IDEMPOTENT;TST-AUTH_003-IDEMPOTENT;TST-AUTH_004-IDEMPOTENT,B01/P02-P07,R02,READY,FROZEN_CONSTRUCTION_V1.2.2
SCR-HOME-001,ANDROID,首页,首页,/home,PAGE,MOB-HOME,运营模块、四类入口、头条/置顶,已登录用户；公开能力仅限文档明确的H5页面,是,NORMAL,登录后由底部导航、业务通知或深链进入,切换底部导航；返回键按应用根导航策略处理,顶栏|状态/资产摘要|模块化内容区|底部导航,catalogs/ui_page_fields.csv#SCR-HOME-001,catalogs/ui_page_states.csv#SCR-HOME-001,catalogs/ui_action_matrix.csv#SCR-HOME-001,仅允许已登记App Link/内部路由；登录前保存原目标；路由参数校验失败返回模块首页,模块独立加载和刷新；局部失败不清空成功模块；展示数据更新时间,不适用；若子区块为列表，遵循所属平台标准分页模板,允许展示明确标记的只读缓存；所有写操作离线禁用；恢复网络后主动校验version,REQ-HOME-001;REQ-CONTENT-001,GET /api/v1/home,homeGetHome,content,content.limit.normal.online;content.limit.month.online;content.limit.quarter.online;content.limit.year.online;content.team_leader_per_account;content.limit.normal.pending;content.limit.normal.drafts;content.limit.normal.daily_submissions,TST-HOME_001-HAPPY;TST-CONTENT_001-HAPPY,B02/P01-P08,R06,READY,FROZEN_CONSTRUCTION_V1.2.2
SCR-SEARCH-001,ANDROID,搜索,全局搜索,/search,PAGE,MOB-SEARCH,关键词、历史、热搜,已登录用户；公开能力仅限文档明确的H5页面,是,NORMAL,从上级页面、导航入口、通知或业务流程进入,按导航栈返回；成功流程按动作规格进入结果或详情,搜索框|历史/热词|筛选条|结果列表|空状态,catalogs/ui_page_fields.csv#SCR-SEARCH-001,catalogs/ui_page_states.csv#SCR-SEARCH-001,catalogs/ui_action_matrix.csv#SCR-SEARCH-001,仅允许已登记App Link/内部路由；登录前保存原目标；路由参数校验失败返回模块首页,首屏加载+显式刷新；筛选/排序变化重置分页；翻页去重追加；领域事件仅刷新受影响行,移动端优先cursor；每页20，最大100；下拉刷新重置cursor；item id去重,不支持离线写入；网络不可用时保留安全可保留输入并提供重试,REQ-SEARCH-001,GET /api/v1/search/hot;GET /api/v1/search/history;GET /api/v1/search,searchGetSearchHot;searchGetSearchHistory;searchGetSearch,search,search.default_page_size;search.hot_keywords.max_count,TST-SEARCH_001-HAPPY,B02/P01-P08,R07,READY,FROZEN_CONSTRUCTION_V1.2.2
SCR-SEARCH-002,ANDROID,搜索,搜索结果,/search/result,PAGE,MOB-SEARCH,筛选、排序、分页,已登录用户；公开能力仅限文档明确的H5页面,是,NORMAL,从上级页面、导航入口、通知或业务流程进入,按导航栈返回；成功流程按动作规格进入结果或详情,搜索框|历史/热词|筛选条|结果列表|空状态,catalogs/ui_page_fields.csv#SCR-SEARCH-002,catalogs/ui_page_states.csv#SCR-SEARCH-002,catalogs/ui_action_matrix.csv#SCR-SEARCH-002,仅允许已登记App Link/内部路由；登录前保存原目标；路由参数校验失败返回模块首页,首屏加载+显式刷新；筛选/排序变化重置分页；翻页去重追加；领域事件仅刷新受影响行,移动端优先cursor；每页20，最大100；下拉刷新重置cursor；item id去重,不支持离线写入；网络不可用时保留安全可保留输入并提供重试,REQ-SEARCH-001,GET /api/v1/search,searchGetSearch,search,search.default_page_size;search.hot_keywords.max_count,TST-SEARCH_001-HAPPY,B02/P01-P08,R07,READY,FROZEN_CONSTRUCTION_V1.2.2
SCR-LIST-001,ANDROID,内容,项目列表,/content/projects,PAGE,MOB-LIST,项目卡片列表,已登录用户；公开能力仅限文档明确的H5页面,是,NORMAL,从上级页面、导航入口、通知或业务流程进入,按导航栈返回；成功流程按动作规格进入结果或详情,标题/统计|筛选/排序|列表|分页/加载|空状态,catalogs/ui_page_fields.csv#SCR-LIST-001,catalogs/ui_page_states.csv#SCR-LIST-001,catalogs/ui_action_matrix.csv#SCR-LIST-001,仅允许已登记App Link/内部路由；登录前保存原目标；路由参数校验失败返回模块首页,首屏加载+显式刷新；筛选/排序变化重置分页；翻页去重追加；领域事件仅刷新受影响行,移动端优先cursor；每页20，最大100；下拉刷新重置cursor；item id去重,允许展示明确标记的只读缓存；所有写操作离线禁用；恢复网络后主动校验version,REQ-CONTENT-001;REQ-PROJECT-001,GET /api/v1/contents,contentGetContents,content,content.limit.normal.online;content.limit.month.online;content.limit.quarter.online;content.limit.year.online;content.team_leader_per_account;content.limit.normal.pending;content.limit.normal.drafts;content.limit.normal.daily_submissions,TST-CONTENT_001-HAPPY;TST-PROJECT_001-HAPPY,B02/P01-P08,R08,READY,FROZEN_CONSTRUCTION_V1.2.2
SCR-LIST-002,ANDROID,内容,App列表,/content/apps,PAGE,MOB-LIST,App卡片列表,已登录用户；公开能力仅限文档明确的H5页面,是,NORMAL,从上级页面、导航入口、通知或业务流程进入,按导航栈返回；成功流程按动作规格进入结果或详情,标题/统计|筛选/排序|列表|分页/加载|空状态,catalogs/ui_page_fields.csv#SCR-LIST-002,catalogs/ui_page_states.csv#SCR-LIST-002,catalogs/ui_action_matrix.csv#SCR-LIST-002,仅允许已登记App Link/内部路由；登录前保存原目标；路由参数校验失败返回模块首页,首屏加载+显式刷新；筛选/排序变化重置分页；翻页去重追加；领域事件仅刷新受影响行,移动端优先cursor；每页20，最大100；下拉刷新重置cursor；item id去重,允许展示明确标记的只读缓存；所有写操作离线禁用；恢复网络后主动校验version,REQ-CONTENT-001;REQ-APP-PROMO-001,GET /api/v1/contents,contentGetContents,content,content.limit.normal.online;content.limit.month.online;content.limit.quarter.online;content.limit.year.online;content.team_leader_per_account;content.limit.normal.pending;content.limit.normal.drafts;content.limit.normal.daily_submissions,TST-CONTENT_001-HAPPY;TST-APP_PROMO_001-HAPPY,B02/P01-P08,R09,READY,FROZEN_CONSTRUCTION_V1.2.2
SCR-LIST-003,ANDROID,内容,群聊列表,/content/groups,PAGE,MOB-LIST,群聊卡片列表,已登录用户；公开能力仅限文档明确的H5页面,是,NORMAL,从上级页面、导航入口、通知或业务流程进入,按导航栈返回；成功流程按动作规格进入结果或详情,标题/统计|筛选/排序|列表|分页/加载|空状态,catalogs/ui_page_fields.csv#SCR-LIST-003,catalogs/ui_page_states.csv#SCR-LIST-003,catalogs/ui_action_matrix.csv#SCR-LIST-003,仅允许已登记App Link/内部路由；登录前保存原目标；路由参数校验失败返回模块首页,首屏加载+显式刷新；筛选/排序变化重置分页；翻页去重追加；领域事件仅刷新受影响行,移动端优先cursor；每页20，最大100；下拉刷新重置cursor；item id去重,允许展示明确标记的只读缓存；所有写操作离线禁用；恢复网络后主动校验version,REQ-CONTENT-001;REQ-GROUP-001,GET /api/v1/contents,contentGetContents,content,content.limit.normal.online;content.limit.month.online;content.limit.quarter.online;content.limit.year.online;content.team_leader_per_account;content.limit.normal.pending;content.limit.normal.drafts;content.limit.normal.daily_submissions,TST-CONTENT_001-HAPPY;TST-GROUP_001-HAPPY,B02/P01-P08,R10,READY,FROZEN_CONSTRUCTION_V1.2.2
SCR-LIST-004,ANDROID,内容,团队长列表,/content/team-leaders,PAGE,MOB-LIST,团队长卡片列表,已登录用户；公开能力仅限文档明确的H5页面,是,NORMAL,从上级页面、导航入口、通知或业务流程进入,按导航栈返回；成功流程按动作规格进入结果或详情,标题/统计|筛选/排序|列表|分页/加载|空状态,catalogs/ui_page_fields.csv#SCR-LIST-004,catalogs/ui_page_states.csv#SCR-LIST-004,catalogs/ui_action_matrix.csv#SCR-LIST-004,仅允许已登记App Link/内部路由；登录前保存原目标；路由参数校验失败返回模块首页,首屏加载+显式刷新；筛选/排序变化重置分页；翻页去重追加；领域事件仅刷新受影响行,移动端优先cursor；每页20，最大100；下拉刷新重置cursor；item id去重,允许展示明确标记的只读缓存；所有写操作离线禁用；恢复网络后主动校验version,REQ-CONTENT-001;REQ-TEAM-001,GET /api/v1/contents,contentGetContents,content,content.limit.normal.online;content.limit.month.online;content.limit.quarter.online;content.limit.year.online;content.team_leader_per_account;content.limit.normal.pending;content.limit.normal.drafts;content.limit.normal.daily_submissions,TST-CONTENT_001-HAPPY;TST-TEAM_001-HAPPY,B02/P01-P08,R11,READY,FROZEN_CONSTRUCTION_V1.2.2
SCR-DETAIL-001,ANDROID,内容,项目详情,/content/project/{id},PAGE,MOB-DETAIL,项目详情、联系、私聊、红包,已登录用户；公开能力仅限文档明确的H5页面,是,NORMAL,从列表、通知、分享深链或关联业务入口进入，路由参数必须完整,返回来源页并同步资源最新状态；来源失效时回到所属模块首页,媒体/标题|主体信息|状态与统计|分区详情|固定操作区,catalogs/ui_page_fields.csv#SCR-DETAIL-001,catalogs/ui_page_states.csv#SCR-DETAIL-001,catalogs/ui_action_matrix.csv#SCR-DETAIL-001,仅允许已登记App Link/内部路由；登录前保存原目标；路由参数校验失败返回模块首页,页面进入加载；缓存过期/前台恢复/领域事件触发轻量刷新；写操作成功按资源局部刷新,不适用；若子区块为列表，遵循所属平台标准分页模板,允许展示明确标记的只读缓存；所有写操作离线禁用；恢复网络后主动校验version,REQ-CONTENT-001;REQ-CONTACT-001;REQ-PROJECT-001,GET /api/v1/contents/{id};POST /api/v1/contents/{id}/contacts/{channel}/access;POST /api/v1/conversations/direct;POST /api/v1/contents/{id}/favorite;POST /api/v1/contents/{id}/share,contentGetContentsById;contentPostContentsByIdContactsByChannelAccess;chatPostConversationsDirect;contentPostContentsByIdFavorite;contentPostContentsByIdShare,content;chat,content.limit.normal.online;content.limit.month.online;content.limit.quarter.online;content.limit.year.online;content.team_leader_per_account;content.limit.normal.pending;content.limit.normal.drafts;content.limit.normal.daily_submissions;chat.stranger.daily_conversation_limit;chat.message.per_minute_limit;chat.image.max_mb;chat.history.retention_days,TST-CONTENT_001-HAPPY;TST-CONTACT_001-HAPPY;TST-PROJECT_001-HAPPY;TST-CONTENT_001-IDEMPOTENT;TST-CONTACT_001-IDEMPOTENT;TST-PROJECT_001-IDEMPOTENT,B03/P01-P07,R08,READY,FROZEN_CONSTRUCTION_V1.2.2
SCR-DETAIL-002,ANDROID,内容,App详情,/content/app/{id},PAGE,MOB-DETAIL,App详情、外链、联系,已登录用户；公开能力仅限文档明确的H5页面,是,NORMAL,从列表、通知、分享深链或关联业务入口进入，路由参数必须完整,返回来源页并同步资源最新状态；来源失效时回到所属模块首页,媒体/标题|主体信息|状态与统计|分区详情|固定操作区,catalogs/ui_page_fields.csv#SCR-DETAIL-002,catalogs/ui_page_states.csv#SCR-DETAIL-002,catalogs/ui_action_matrix.csv#SCR-DETAIL-002,仅允许已登记App Link/内部路由；登录前保存原目标；路由参数校验失败返回模块首页,页面进入加载；缓存过期/前台恢复/领域事件触发轻量刷新；写操作成功按资源局部刷新,不适用；若子区块为列表，遵循所属平台标准分页模板,允许展示明确标记的只读缓存；所有写操作离线禁用；恢复网络后主动校验version,REQ-CONTENT-001;REQ-CONTACT-001;REQ-APP-PROMO-001,GET /api/v1/contents/{id};POST /api/v1/contents/{id}/contacts/{channel}/access;POST /api/v1/conversations/direct;POST /api/v1/contents/{id}/favorite;POST /api/v1/contents/{id}/share,contentGetContentsById;contentPostContentsByIdContactsByChannelAccess;chatPostConversationsDirect;contentPostContentsByIdFavorite;contentPostContentsByIdShare,content;chat,content.limit.normal.online;content.limit.month.online;content.limit.quarter.online;content.limit.year.online;content.team_leader_per_account;content.limit.normal.pending;content.limit.normal.drafts;content.limit.normal.daily_submissions;chat.stranger.daily_conversation_limit;chat.message.per_minute_limit;chat.image.max_mb;chat.history.retention_days,TST-CONTENT_001-HAPPY;TST-CONTACT_001-HAPPY;TST-APP_PROMO_001-HAPPY;TST-CONTENT_001-IDEMPOTENT;TST-CONTACT_001-IDEMPOTENT;TST-APP_PROMO_001-IDEMPOTENT,B03/P01-P07,R09,READY,FROZEN_CONSTRUCTION_V1.2.2
SCR-DETAIL-003,ANDROID,内容,群聊详情,/content/group/{id},PAGE,MOB-DETAIL,二维码/群号/失效反馈,已登录用户；公开能力仅限文档明确的H5页面,是,NORMAL,从列表、通知、分享深链或关联业务入口进入，路由参数必须完整,返回来源页并同步资源最新状态；来源失效时回到所属模块首页,媒体/标题|主体信息|状态与统计|分区详情|固定操作区,catalogs/ui_page_fields.csv#SCR-DETAIL-003,catalogs/ui_page_states.csv#SCR-DETAIL-003,catalogs/ui_action_matrix.csv#SCR-DETAIL-003,仅允许已登记App Link/内部路由；登录前保存原目标；路由参数校验失败返回模块首页,页面进入加载；缓存过期/前台恢复/领域事件触发轻量刷新；写操作成功按资源局部刷新,不适用；若子区块为列表，遵循所属平台标准分页模板,允许展示明确标记的只读缓存；所有写操作离线禁用；恢复网络后主动校验version,REQ-CONTENT-001;REQ-CONTACT-001;REQ-GROUP-001,GET /api/v1/contents/{id};POST /api/v1/contents/{id}/contacts/{channel}/access;POST /api/v1/conversations/direct;POST /api/v1/contents/{id}/favorite;POST /api/v1/contents/{id}/share,contentGetContentsById;contentPostContentsByIdContactsByChannelAccess;chatPostConversationsDirect;contentPostContentsByIdFavorite;contentPostContentsByIdShare,content;chat,content.limit.normal.online;content.limit.month.online;content.limit.quarter.online;content.limit.year.online;content.team_leader_per_account;content.limit.normal.pending;content.limit.normal.drafts;content.limit.normal.daily_submissions;chat.stranger.daily_conversation_limit;chat.message.per_minute_limit;chat.image.max_mb;chat.history.retention_days,TST-CONTENT_001-HAPPY;TST-CONTACT_001-HAPPY;TST-GROUP_001-HAPPY;TST-CONTENT_001-IDEMPOTENT;TST-CONTACT_001-IDEMPOTENT;TST-GROUP_001-IDEMPOTENT,B03/P01-P07,R10,READY,FROZEN_CONSTRUCTION_V1.2.2
SCR-DETAIL-004,ANDROID,内容,团队长详情,/content/team-leader/{id},PAGE,MOB-DETAIL,团队资料、案例、联系,已登录用户；公开能力仅限文档明确的H5页面,是,NORMAL,从列表、通知、分享深链或关联业务入口进入，路由参数必须完整,返回来源页并同步资源最新状态；来源失效时回到所属模块首页,媒体/标题|主体信息|状态与统计|分区详情|固定操作区,catalogs/ui_page_fields.csv#SCR-DETAIL-004,catalogs/ui_page_states.csv#SCR-DETAIL-004,catalogs/ui_action_matrix.csv#SCR-DETAIL-004,仅允许已登记App Link/内部路由；登录前保存原目标；路由参数校验失败返回模块首页,页面进入加载；缓存过期/前台恢复/领域事件触发轻量刷新；写操作成功按资源局部刷新,不适用；若子区块为列表，遵循所属平台标准分页模板,允许展示明确标记的只读缓存；所有写操作离线禁用；恢复网络后主动校验version,REQ-CONTENT-001;REQ-CONTACT-001;REQ-TEAM-001,GET /api/v1/contents/{id};POST /api/v1/contents/{id}/contacts/{channel}/access;POST /api/v1/conversations/direct;POST /api/v1/contents/{id}/favorite;POST /api/v1/contents/{id}/share,contentGetContentsById;contentPostContentsByIdContactsByChannelAccess;chatPostConversationsDirect;contentPostContentsByIdFavorite;contentPostContentsByIdShare,content;chat,content.limit.normal.online;content.limit.month.online;content.limit.quarter.online;content.limit.year.online;content.team_leader_per_account;content.limit.normal.pending;content.limit.normal.drafts;content.limit.normal.daily_submissions;chat.stranger.daily_conversation_limit;chat.message.per_minute_limit;chat.image.max_mb;chat.history.retention_days,TST-CONTENT_001-HAPPY;TST-CONTACT_001-HAPPY;TST-TEAM_001-HAPPY;TST-CONTENT_001-IDEMPOTENT;TST-CONTACT_001-IDEMPOTENT;TST-TEAM_001-IDEMPOTENT,B03/P01-P07,R11,READY,FROZEN_CONSTRUCTION_V1.2.2
SCR-PUBLISHER-001,ANDROID,内容,发布者主页,/publisher/{userId},PAGE,MOB-DETAIL,公开资料和已发布内容,已登录用户；公开能力仅限文档明确的H5页面,是,NORMAL,从列表、通知、分享深链或关联业务入口进入，路由参数必须完整,返回来源页并同步资源最新状态；来源失效时回到所属模块首页,媒体/标题|主体信息|状态与统计|分区详情|固定操作区,catalogs/ui_page_fields.csv#SCR-PUBLISHER-001,catalogs/ui_page_states.csv#SCR-PUBLISHER-001,catalogs/ui_action_matrix.csv#SCR-PUBLISHER-001,仅允许已登记App Link/内部路由；登录前保存原目标；路由参数校验失败返回模块首页,页面进入加载；缓存过期/前台恢复/领域事件触发轻量刷新；写操作成功按资源局部刷新,不适用；若子区块为列表，遵循所属平台标准分页模板,允许展示明确标记的只读缓存；所有写操作离线禁用；恢复网络后主动校验version,REQ-PUBLISHER-001,GET /api/v1/publishers/{id};GET /api/v1/contents,userGetPublishersById;contentGetContents,auth;content,auth.default_login_method;auth.security_challenge.provider;auth.security_challenge.mode;auth.password.min_length;auth.password.max_length;auth.password.max_failures;auth.password.lock_seconds;auth.invite.app_required;content.limit.normal.online;content.limit.month.online;content.limit.quarter.online;content.limit.year.online;content.team_leader_per_account;content.limit.normal.pending;content.limit.normal.drafts;content.limit.normal.daily_submissions,TST-PUBLISHER_001-HAPPY,B03/P01-P07,R07,READY,FROZEN_CONSTRUCTION_V1.2.2
SHEET-CONTACT-001,ANDROID,内容,联系方式面板,sheet://contact,SHEET,MOB-SHEET,查看/复制联系方式,已登录用户；公开能力仅限文档明确的H5页面,是,HIGH,由拥有该动作的页面显式打开，携带不可变目标快照,成功后向调用页回传结果并关闭；取消恢复触发控件焦点,拖拽柄/标题|说明|字段/选项|主次操作,catalogs/ui_page_fields.csv#SHEET-CONTACT-001,catalogs/ui_page_states.csv#SHEET-CONTACT-001,catalogs/ui_action_matrix.csv#SHEET-CONTACT-001,禁止外部深链直接打开；必须由受信任调用页创建上下文,初始化按需加载；写操作后仅刷新受影响数据；禁止无差别全局缓存清空,不适用；若子区块为列表，遵循所属平台标准分页模板,不支持离线写入；网络不可用时保留安全可保留输入并提供重试,REQ-CONTACT-001;REQ-ACTIVITY-001,POST /api/v1/contents/{id}/contacts/{channel}/access,contentPostContentsByIdContactsByChannelAccess,content,content.limit.normal.online;content.limit.month.online;content.limit.quarter.online;content.limit.year.online;content.team_leader_per_account;content.limit.normal.pending;content.limit.normal.drafts;content.limit.normal.daily_submissions,TST-CONTACT_001-HAPPY;TST-ACTIVITY_001-HAPPY;TST-CONTACT_001-IDEMPOTENT;TST-ACTIVITY_001-IDEMPOTENT,B03/P01-P07,R07,READY,FROZEN_CONSTRUCTION_V1.2.2
SHEET-REPORT-001,ANDROID,内容,举报面板,sheet://report,SHEET,MOB-SHEET,举报类型和证据,已登录用户；公开能力仅限文档明确的H5页面,是,NORMAL,由拥有该动作的页面显式打开，携带不可变目标快照,成功后向调用页回传结果并关闭；取消恢复触发控件焦点,拖拽柄/标题|说明|字段/选项|主次操作,catalogs/ui_page_fields.csv#SHEET-REPORT-001,catalogs/ui_page_states.csv#SHEET-REPORT-001,catalogs/ui_action_matrix.csv#SHEET-REPORT-001,禁止外部深链直接打开；必须由受信任调用页创建上下文,初始化按需加载；写操作后仅刷新受影响数据；禁止无差别全局缓存清空,不适用；若子区块为列表，遵循所属平台标准分页模板,不支持离线写入；网络不可用时保留安全可保留输入并提供重试,REQ-SUPPORT-001,POST /api/v1/contents/{id}/report,contentPostContentsByIdReport,content,content.limit.normal.online;content.limit.month.online;content.limit.quarter.online;content.limit.year.online;content.team_leader_per_account;content.limit.normal.pending;content.limit.normal.drafts;content.limit.normal.daily_submissions,TST-SUPPORT_001-HAPPY;TST-SUPPORT_001-IDEMPOTENT,TOKENS_ONLY/-,R15,READY,FROZEN_CONSTRUCTION_V1.2.2
SHEET-SHARE-001,ANDROID,内容,分享面板,sheet://share,SHEET,MOB-SHEET,链接、海报、渠道,已登录用户；公开能力仅限文档明确的H5页面,是,NORMAL,由拥有该动作的页面显式打开，携带不可变目标快照,成功后向调用页回传结果并关闭；取消恢复触发控件焦点,拖拽柄/标题|说明|字段/选项|主次操作,catalogs/ui_page_fields.csv#SHEET-SHARE-001,catalogs/ui_page_states.csv#SHEET-SHARE-001,catalogs/ui_action_matrix.csv#SHEET-SHARE-001,禁止外部深链直接打开；必须由受信任调用页创建上下文,初始化按需加载；写操作后仅刷新受影响数据；禁止无差别全局缓存清空,不适用；若子区块为列表，遵循所属平台标准分页模板,不支持离线写入；网络不可用时保留安全可保留输入并提供重试,REQ-ACTIVITY-001;REQ-H5-001,POST /api/v1/contents/{id}/share,contentPostContentsByIdShare,content,content.limit.normal.online;content.limit.month.online;content.limit.quarter.online;content.limit.year.online;content.team_leader_per_account;content.limit.normal.pending;content.limit.normal.drafts;content.limit.normal.daily_submissions,TST-ACTIVITY_001-HAPPY;TST-H5_001-HAPPY;TST-ACTIVITY_001-IDEMPOTENT;TST-H5_001-IDEMPOTENT,TOKENS_ONLY/-,R13,READY,FROZEN_CONSTRUCTION_V1.2.2
SCR-RP-001,ANDROID,红包,红包首页,/red-packet,PAGE,MOB-HOME,四类红包聚合,已登录用户；公开能力仅限文档明确的H5页面,是,NORMAL,登录后由底部导航、业务通知或深链进入,切换底部导航；返回键按应用根导航策略处理,顶栏|状态/资产摘要|模块化内容区|底部导航,catalogs/ui_page_fields.csv#SCR-RP-001,catalogs/ui_page_states.csv#SCR-RP-001,catalogs/ui_action_matrix.csv#SCR-RP-001,仅允许已登记App Link/内部路由；登录前保存原目标；路由参数校验失败返回模块首页,模块独立加载和刷新；局部失败不清空成功模块；展示数据更新时间,不适用；若子区块为列表，遵循所属平台标准分页模板,允许展示明确标记的只读缓存；所有写操作离线禁用；恢复网络后主动校验version,REQ-RP-003;REQ-RP-006,GET /api/v1/red-packet-campaigns,redPacketGetRedPacketCampaigns,red_packet,red_packet.default_view_seconds;red_packet.reservation_min_seconds;red_packet.unit_amount_min_cent;red_packet.unit_amount_max_cent;red_packet.min_count;red_packet.service_fee_bps;red_packet.one_active_per_content;red_packet.allow_raise_unit_amount,TST-RP_003-HAPPY;TST-RP_006-HAPPY,B03/B09/P01/P08,R22,READY,FROZEN_CONSTRUCTION_V1.2.2
SCR-RP-002,ANDROID,红包,红包任务资格,/red-packet/{id}/eligibility,PAGE,MOB-TIMED-TASK,实名、重复、库存校验,已登录用户；公开能力仅限文档明确的H5页面,是,NORMAL,从列表、通知、分享深链或关联业务入口进入，路由参数必须完整,返回来源页并同步资源最新状态；来源失效时回到所属模块首页,任务说明|资格/进度|主内容|心跳状态|完成/失败结果,catalogs/ui_page_fields.csv#SCR-RP-002,catalogs/ui_page_states.csv#SCR-RP-002,catalogs/ui_action_matrix.csv#SCR-RP-002,仅允许已登记App Link/内部路由；登录前保存原目标；路由参数校验失败返回模块首页,初始化按需加载；写操作后仅刷新受影响数据；禁止无差别全局缓存清空,不适用；若子区块为列表，遵循所属平台标准分页模板,不支持离线写入；网络不可用时保留安全可保留输入并提供重试,REQ-RP-003;REQ-RP-006,GET /api/v1/red-packet-campaigns/{id};POST /api/v1/red-packet-campaigns/{id}/view-sessions,redPacketGetRedPacketCampaignsById;redPacketPostRedPacketCampaignsByIdViewSessions,red_packet,red_packet.default_view_seconds;red_packet.reservation_min_seconds;red_packet.unit_amount_min_cent;red_packet.unit_amount_max_cent;red_packet.min_count;red_packet.service_fee_bps;red_packet.one_active_per_content;red_packet.allow_raise_unit_amount,TST-RP_003-HAPPY;TST-RP_006-HAPPY;TST-RP_003-IDEMPOTENT;TST-RP_006-IDEMPOTENT,B03/B09/P01/P08,R22,READY,FROZEN_CONSTRUCTION_V1.2.2
SCR-RP-003,ANDROID,红包,红包浏览任务,/red-packet/{id}/view,PAGE,MOB-TIMED-TASK,详情页计时浮球,已登录用户；公开能力仅限文档明确的H5页面,是,NORMAL,从列表、通知、分享深链或关联业务入口进入，路由参数必须完整,返回来源页并同步资源最新状态；来源失效时回到所属模块首页,任务说明|资格/进度|主内容|心跳状态|完成/失败结果,catalogs/ui_page_fields.csv#SCR-RP-003,catalogs/ui_page_states.csv#SCR-RP-003,catalogs/ui_action_matrix.csv#SCR-RP-003,仅允许已登记App Link/内部路由；登录前保存原目标；路由参数校验失败返回模块首页,初始化按需加载；写操作后仅刷新受影响数据；禁止无差别全局缓存清空,不适用；若子区块为列表，遵循所属平台标准分页模板,不支持离线写入；网络不可用时保留安全可保留输入并提供重试,REQ-RP-003;REQ-RP-006,POST /api/v1/red-packet-campaigns/{id}/view-sessions;POST /api/v1/red-packet-view-sessions/{id}/heartbeat;POST /api/v1/red-packet-view-sessions/{id}/claim;POST /api/v1/red-packet-view-sessions/{id}/cancel,redPacketPostRedPacketCampaignsByIdViewSessions;redPacketPostRedPacketViewSessionsByIdHeartbeat;redPacketPostRedPacketViewSessionsByIdClaim;redPacketPostRedPacketViewSessionsByIdCancel,red_packet,red_packet.default_view_seconds;red_packet.reservation_min_seconds;red_packet.unit_amount_min_cent;red_packet.unit_amount_max_cent;red_packet.min_count;red_packet.service_fee_bps;red_packet.one_active_per_content;red_packet.allow_raise_unit_amount,TST-RP_003-HAPPY;TST-RP_006-HAPPY;TST-RP_003-IDEMPOTENT;TST-RP_006-IDEMPOTENT,B03/B09/P01/P08,R22,READY,FROZEN_CONSTRUCTION_V1.2.2
SHEET-RP-001,ANDROID,红包,红包领取面板,sheet://red-packet-claim,SHEET,MOB-SHEET,领取成功/失败/待审核,已登录用户；公开能力仅限文档明确的H5页面,是,NORMAL,由拥有该动作的页面显式打开，携带不可变目标快照,成功后向调用页回传结果并关闭；取消恢复触发控件焦点,拖拽柄/标题|说明|字段/选项|主次操作,catalogs/ui_page_fields.csv#SHEET-RP-001,catalogs/ui_page_states.csv#SHEET-RP-001,catalogs/ui_action_matrix.csv#SHEET-RP-001,禁止外部深链直接打开；必须由受信任调用页创建上下文,初始化按需加载；写操作后仅刷新受影响数据；禁止无差别全局缓存清空,不适用；若子区块为列表，遵循所属平台标准分页模板,不支持离线写入；网络不可用时保留安全可保留输入并提供重试,REQ-RP-003;REQ-REWARD-001,POST /api/v1/red-packet-view-sessions/{id}/claim;GET /api/v1/me/reward-account,redPacketPostRedPacketViewSessionsByIdClaim;rewardGetMeRewardAccount,red_packet;withdrawal,red_packet.default_view_seconds;red_packet.reservation_min_seconds;red_packet.unit_amount_min_cent;red_packet.unit_amount_max_cent;red_packet.min_count;red_packet.service_fee_bps;red_packet.one_active_per_content;red_packet.allow_raise_unit_amount;withdrawal.min_amount_cent.normal;withdrawal.fee.fixed_cent.normal;withdrawal.fee.bps.normal;withdrawal.daily_count.normal;withdrawal.min_amount_cent.month;withdrawal.fee.fixed_cent.month;withdrawal.fee.bps.month;withdrawal.daily_count.month,TST-RP_003-HAPPY;TST-REWARD_001-HAPPY;TST-RP_003-IDEMPOTENT;TST-REWARD_001-IDEMPOTENT,TOKENS_ONLY/-,R22,READY,FROZEN_CONSTRUCTION_V1.2.2
SCR-RP-004,ANDROID,红包,我的红包,/me/rewards/red-packets,PAGE,MOB-WALLET,待结算/可提现/历史,已登录用户；公开能力仅限文档明确的H5页面,是,NORMAL,从上级页面、导航入口、通知或业务流程进入,按导航栈返回；成功流程按动作规格进入结果或详情,余额/指标摘要|状态说明|筛选|流水列表|规则入口,catalogs/ui_page_fields.csv#SCR-RP-004,catalogs/ui_page_states.csv#SCR-RP-004,catalogs/ui_action_matrix.csv#SCR-RP-004,仅允许已登记App Link/内部路由；登录前保存原目标；路由参数校验失败返回模块首页,页面进入加载；缓存过期/前台恢复/领域事件触发轻量刷新；写操作成功按资源局部刷新,不适用；若子区块为列表，遵循所属平台标准分页模板,允许展示明确标记的只读缓存；所有写操作离线禁用；恢复网络后主动校验version,REQ-RP-003;REQ-RP-006,GET /api/v1/me/red-packet-claims;GET /api/v1/me/reward-account,redPacketGetMeRedPacketClaims;rewardGetMeRewardAccount,red_packet;withdrawal,red_packet.default_view_seconds;red_packet.reservation_min_seconds;red_packet.unit_amount_min_cent;red_packet.unit_amount_max_cent;red_packet.min_count;red_packet.service_fee_bps;red_packet.one_active_per_content;red_packet.allow_raise_unit_amount;withdrawal.min_amount_cent.normal;withdrawal.fee.fixed_cent.normal;withdrawal.fee.bps.normal;withdrawal.daily_count.normal;withdrawal.min_amount_cent.month;withdrawal.fee.fixed_cent.month;withdrawal.fee.bps.month;withdrawal.daily_count.month,TST-RP_003-HAPPY;TST-RP_006-HAPPY,B03/B09/P01/P08,R23,READY,FROZEN_CONSTRUCTION_V1.2.2
SCR-RP-ADV-001,ANDROID,红包广告,红包活动列表,/me/red-packet-campaigns,PAGE,MOB-LIST,广告主活动管理,已登录且满足实名/发布能力的广告主,是+实名,NORMAL,从上级页面、导航入口、通知或业务流程进入,按导航栈返回；成功流程按动作规格进入结果或详情,标题/统计|筛选/排序|列表|分页/加载|空状态,catalogs/ui_page_fields.csv#SCR-RP-ADV-001,catalogs/ui_page_states.csv#SCR-RP-ADV-001,catalogs/ui_action_matrix.csv#SCR-RP-ADV-001,仅允许已登记App Link/内部路由；登录前保存原目标；路由参数校验失败返回模块首页,首屏加载+显式刷新；筛选/排序变化重置分页；翻页去重追加；领域事件仅刷新受影响行,移动端优先cursor；每页20，最大100；下拉刷新重置cursor；item id去重,允许展示明确标记的只读缓存；所有写操作离线禁用；恢复网络后主动校验version,REQ-RP-001;REQ-RP-004;REQ-RP-005,GET /api/v1/me/red-packet-campaigns,redPacketGetMeRedPacketCampaigns,red_packet,red_packet.default_view_seconds;red_packet.reservation_min_seconds;red_packet.unit_amount_min_cent;red_packet.unit_amount_max_cent;red_packet.min_count;red_packet.service_fee_bps;red_packet.one_active_per_content;red_packet.allow_raise_unit_amount,TST-RP_001-HAPPY;TST-RP_004-HAPPY;TST-RP_005-HAPPY,B08/P05,R20,READY,FROZEN_CONSTRUCTION_V1.2.2
SCR-RP-ADV-002,ANDROID,红包广告,创建红包,/me/red-packet-campaigns/create,PAGE,MOB-FORM,内容、金额、数量、浏览秒数,已登录且满足实名/发布能力的广告主,是+实名,NORMAL,从上级页面、导航入口、通知或业务流程进入,按导航栈返回；成功流程按动作规格进入结果或详情,步骤/标题|字段分组|媒体上传|预览|底部保存/提交,catalogs/ui_page_fields.csv#SCR-RP-ADV-002,catalogs/ui_page_states.csv#SCR-RP-ADV-002,catalogs/ui_action_matrix.csv#SCR-RP-ADV-002,仅允许已登记App Link/内部路由；登录前保存原目标；路由参数校验失败返回模块首页,初始化按需加载；写操作后仅刷新受影响数据；禁止无差别全局缓存清空,不适用；若子区块为列表，遵循所属平台标准分页模板,不支持离线写入；网络不可用时保留安全可保留输入并提供重试,REQ-RP-001;REQ-RP-004;REQ-RP-005;REQ-PAGE-SPEC-001,POST /api/v1/red-packet-campaigns;PATCH /api/v1/red-packet-campaigns/{id},redPacketPostRedPacketCampaigns;redPacketPatchRedPacketCampaignsById,red_packet,red_packet.default_view_seconds;red_packet.reservation_min_seconds;red_packet.unit_amount_min_cent;red_packet.unit_amount_max_cent;red_packet.min_count;red_packet.service_fee_bps;red_packet.one_active_per_content;red_packet.allow_raise_unit_amount,TST-RP_001-HAPPY;TST-RP_004-HAPPY;TST-RP_005-HAPPY;TST-RP_001-IDEMPOTENT;TST-RP_004-IDEMPOTENT;TST-RP_005-IDEMPOTENT;TST-V122-009,B03/B09/P01/P08,R20,READY,FROZEN_CONSTRUCTION_V1.2.2
SCR-RP-ADV-003,ANDROID,红包广告,预审核结果,/me/red-packet-campaigns/{id}/review,PAGE,MOB-STATUS,审核状态和原因,已登录且满足实名/发布能力的广告主,是+实名,NORMAL,从列表、通知、分享深链或关联业务入口进入，路由参数必须完整,返回来源页并同步资源最新状态；来源失效时回到所属模块首页,状态图标|主结论|原因/下一步|主操作|辅助信息,catalogs/ui_page_fields.csv#SCR-RP-ADV-003,catalogs/ui_page_states.csv#SCR-RP-ADV-003,catalogs/ui_action_matrix.csv#SCR-RP-ADV-003,仅允许已登记App Link/内部路由；登录前保存原目标；路由参数校验失败返回模块首页,初始化按需加载；写操作后仅刷新受影响数据；禁止无差别全局缓存清空,不适用；若子区块为列表，遵循所属平台标准分页模板,不支持离线写入；网络不可用时保留安全可保留输入并提供重试,REQ-RP-001;REQ-RP-004;REQ-RP-005,GET /api/v1/red-packet-campaigns/{id};POST /api/v1/red-packet-campaigns/{id}/submit-review,redPacketGetRedPacketCampaignsById;redPacketPostRedPacketCampaignsByIdSubmitReview,red_packet,red_packet.default_view_seconds;red_packet.reservation_min_seconds;red_packet.unit_amount_min_cent;red_packet.unit_amount_max_cent;red_packet.min_count;red_packet.service_fee_bps;red_packet.one_active_per_content;red_packet.allow_raise_unit_amount,TST-RP_001-HAPPY;TST-RP_004-HAPPY;TST-RP_005-HAPPY;TST-RP_001-IDEMPOTENT;TST-RP_004-IDEMPOTENT;TST-RP_005-IDEMPOTENT,B03/B09/P01/P08,R20,READY,FROZEN_CONSTRUCTION_V1.2.2
SCR-RP-ADV-004,ANDROID,红包广告,红包报价确认,/me/red-packet-campaigns/{id}/quote,PAGE,MOB-CHECKOUT,本金、服务费、不可退款,已登录且满足实名/发布能力的广告主,是+实名,NORMAL,从列表、通知、分享深链或关联业务入口进入，路由参数必须完整,返回来源页并同步资源最新状态；来源失效时回到所属模块首页,商品/金额摘要|权益/费用|协议确认|支付方式|主操作|结果查询,catalogs/ui_page_fields.csv#SCR-RP-ADV-004,catalogs/ui_page_states.csv#SCR-RP-ADV-004,catalogs/ui_action_matrix.csv#SCR-RP-ADV-004,仅允许已登记App Link/内部路由；登录前保存原目标；路由参数校验失败返回模块首页,初始化按需加载；写操作后仅刷新受影响数据；禁止无差别全局缓存清空,不适用；若子区块为列表，遵循所属平台标准分页模板,不支持离线写入；网络不可用时保留安全可保留输入并提供重试,REQ-RP-001;REQ-RP-004;REQ-RP-005,POST /api/v1/red-packet-campaigns/{id}/quote;POST /api/v1/red-packet-campaigns/{id}/orders,redPacketPostRedPacketCampaignsByIdQuote;redPacketPostRedPacketCampaignsByIdOrders,red_packet,red_packet.default_view_seconds;red_packet.reservation_min_seconds;red_packet.unit_amount_min_cent;red_packet.unit_amount_max_cent;red_packet.min_count;red_packet.service_fee_bps;red_packet.one_active_per_content;red_packet.allow_raise_unit_amount,TST-RP_001-HAPPY;TST-RP_004-HAPPY;TST-RP_005-HAPPY;TST-RP_001-IDEMPOTENT;TST-RP_004-IDEMPOTENT;TST-RP_005-IDEMPOTENT,B03/B09/P01/P08,R20,READY,FROZEN_CONSTRUCTION_V1.2.2
SCR-RP-ADV-005,ANDROID,红包广告,红包活动详情,/me/red-packet-campaigns/{id},PAGE,MOB-DETAIL,数据、暂停、恢复、关闭,已登录且满足实名/发布能力的广告主,是+实名,NORMAL,从列表、通知、分享深链或关联业务入口进入，路由参数必须完整,返回来源页并同步资源最新状态；来源失效时回到所属模块首页,媒体/标题|主体信息|状态与统计|分区详情|固定操作区,catalogs/ui_page_fields.csv#SCR-RP-ADV-005,catalogs/ui_page_states.csv#SCR-RP-ADV-005,catalogs/ui_action_matrix.csv#SCR-RP-ADV-005,仅允许已登记App Link/内部路由；登录前保存原目标；路由参数校验失败返回模块首页,页面进入加载；缓存过期/前台恢复/领域事件触发轻量刷新；写操作成功按资源局部刷新,不适用；若子区块为列表，遵循所属平台标准分页模板,允许展示明确标记的只读缓存；所有写操作离线禁用；恢复网络后主动校验version,REQ-RP-001;REQ-RP-004;REQ-RP-005,GET /api/v1/me/red-packet-campaigns/{id}/analytics;POST /api/v1/red-packet-campaigns/{id}/pause;POST /api/v1/red-packet-campaigns/{id}/resume;POST /api/v1/red-packet-campaigns/{id}/close,redPacketGetMeRedPacketCampaignsByIdAnalytics;redPacketPostRedPacketCampaignsByIdPause;redPacketPostRedPacketCampaignsByIdResume;redPacketPostRedPacketCampaignsByIdClose,red_packet,red_packet.default_view_seconds;red_packet.reservation_min_seconds;red_packet.unit_amount_min_cent;red_packet.unit_amount_max_cent;red_packet.min_count;red_packet.service_fee_bps;red_packet.one_active_per_content;red_packet.allow_raise_unit_amount,TST-RP_001-HAPPY;TST-RP_004-HAPPY;TST-RP_005-HAPPY;TST-RP_001-IDEMPOTENT;TST-RP_004-IDEMPOTENT;TST-RP_005-IDEMPOTENT,B08/P05,R21,READY,FROZEN_CONSTRUCTION_V1.2.2
SCR-RP-ADV-006,ANDROID,红包广告,提高红包金额,/me/red-packet-campaigns/{id}/increase,PAGE,MOB-CHECKOUT,新金额、差额报价和付款,已登录且满足实名/发布能力的广告主,是+实名,NORMAL,从列表、通知、分享深链或关联业务入口进入，路由参数必须完整,返回来源页并同步资源最新状态；来源失效时回到所属模块首页,商品/金额摘要|权益/费用|协议确认|支付方式|主操作|结果查询,catalogs/ui_page_fields.csv#SCR-RP-ADV-006,catalogs/ui_page_states.csv#SCR-RP-ADV-006,catalogs/ui_action_matrix.csv#SCR-RP-ADV-006,仅允许已登记App Link/内部路由；登录前保存原目标；路由参数校验失败返回模块首页,初始化按需加载；写操作后仅刷新受影响数据；禁止无差别全局缓存清空,不适用；若子区块为列表，遵循所属平台标准分页模板,不支持离线写入；网络不可用时保留安全可保留输入并提供重试,REQ-RP-001;REQ-RP-004;REQ-RP-005,POST /api/v1/red-packet-campaigns/{id}/increase-quotes;POST /api/v1/red-packet-campaigns/{id}/increase-orders,redPacketPostRedPacketCampaignsByIdIncreaseQuotes;redPacketPostRedPacketCampaignsByIdIncreaseOrders,red_packet,red_packet.default_view_seconds;red_packet.reservation_min_seconds;red_packet.unit_amount_min_cent;red_packet.unit_amount_max_cent;red_packet.min_count;red_packet.service_fee_bps;red_packet.one_active_per_content;red_packet.allow_raise_unit_amount,TST-RP_001-HAPPY;TST-RP_004-HAPPY;TST-RP_005-HAPPY;TST-RP_001-IDEMPOTENT;TST-RP_004-IDEMPOTENT;TST-RP_005-IDEMPOTENT,B03/B09/P01/P08,R21,READY,FROZEN_CONSTRUCTION_V1.2.2
SCR-PUB-001,ANDROID,发布,发布入口,/publish,PAGE,MOB-FORM,四类入口,已登录且满足对应发布能力的内容发布者,是+实名,NORMAL,从上级页面、导航入口、通知或业务流程进入,按导航栈返回；成功流程按动作规格进入结果或详情,步骤/标题|字段分组|媒体上传|预览|底部保存/提交,catalogs/ui_page_fields.csv#SCR-PUB-001,catalogs/ui_page_states.csv#SCR-PUB-001,catalogs/ui_action_matrix.csv#SCR-PUB-001,仅允许已登记App Link/内部路由；登录前保存原目标；路由参数校验失败返回模块首页,初始化按需加载；写操作后仅刷新受影响数据；禁止无差别全局缓存清空,不适用；若子区块为列表，遵循所属平台标准分页模板,不支持离线写入；网络不可用时保留安全可保留输入并提供重试,REQ-PUBLISH-001,GET /api/v1/me;GET /api/v1/me/contents,userGetMe;contentGetMeContents,auth;content,auth.default_login_method;auth.security_challenge.provider;auth.security_challenge.mode;auth.password.min_length;auth.password.max_length;auth.password.max_failures;auth.password.lock_seconds;auth.invite.app_required;content.limit.normal.online;content.limit.month.online;content.limit.quarter.online;content.limit.year.online;content.team_leader_per_account;content.limit.normal.pending;content.limit.normal.drafts;content.limit.normal.daily_submissions,TST-PUBLISH_001-HAPPY,TOKENS_ONLY/-,R12,READY,FROZEN_CONSTRUCTION_V1.2.2
SCR-PUB-002,ANDROID,发布,项目发布/编辑,/publish/project/{id?},PAGE,MOB-FORM,项目表单,已登录且满足对应发布能力的内容发布者,是+实名,NORMAL,从列表、通知、分享深链或关联业务入口进入，路由参数必须完整,返回来源页并同步资源最新状态；来源失效时回到所属模块首页,步骤/标题|字段分组|媒体上传|预览|底部保存/提交,catalogs/ui_page_fields.csv#SCR-PUB-002,catalogs/ui_page_states.csv#SCR-PUB-002,catalogs/ui_action_matrix.csv#SCR-PUB-002,仅允许已登记App Link/内部路由；登录前保存原目标；路由参数校验失败返回模块首页,初始化按需加载；写操作后仅刷新受影响数据；禁止无差别全局缓存清空,不适用；若子区块为列表，遵循所属平台标准分页模板,不支持离线写入；网络不可用时保留安全可保留输入并提供重试,REQ-PUBLISH-001;REQ-PROJECT-001,POST /api/v1/contents;PATCH /api/v1/contents/{id},contentPostContents;contentPatchContentsById,content,content.limit.normal.online;content.limit.month.online;content.limit.quarter.online;content.limit.year.online;content.team_leader_per_account;content.limit.normal.pending;content.limit.normal.drafts;content.limit.normal.daily_submissions,TST-PUBLISH_001-HAPPY;TST-PROJECT_001-HAPPY;TST-PUBLISH_001-IDEMPOTENT;TST-PROJECT_001-IDEMPOTENT,TOKENS_ONLY/-,R08,READY,FROZEN_CONSTRUCTION_V1.2.2
SCR-PUB-003,ANDROID,发布,App发布/编辑,/publish/app/{id?},PAGE,MOB-FORM,App表单，无APK上传,已登录且满足对应发布能力的内容发布者,是+实名,NORMAL,从列表、通知、分享深链或关联业务入口进入，路由参数必须完整,返回来源页并同步资源最新状态；来源失效时回到所属模块首页,步骤/标题|字段分组|媒体上传|预览|底部保存/提交,catalogs/ui_page_fields.csv#SCR-PUB-003,catalogs/ui_page_states.csv#SCR-PUB-003,catalogs/ui_action_matrix.csv#SCR-PUB-003,仅允许已登记App Link/内部路由；登录前保存原目标；路由参数校验失败返回模块首页,初始化按需加载；写操作后仅刷新受影响数据；禁止无差别全局缓存清空,不适用；若子区块为列表，遵循所属平台标准分页模板,不支持离线写入；网络不可用时保留安全可保留输入并提供重试,REQ-PUBLISH-001;REQ-APP-PROMO-001,POST /api/v1/contents;PATCH /api/v1/contents/{id},contentPostContents;contentPatchContentsById,content,content.limit.normal.online;content.limit.month.online;content.limit.quarter.online;content.limit.year.online;content.team_leader_per_account;content.limit.normal.pending;content.limit.normal.drafts;content.limit.normal.daily_submissions,TST-PUBLISH_001-HAPPY;TST-APP_PROMO_001-HAPPY;TST-PUBLISH_001-IDEMPOTENT;TST-APP_PROMO_001-IDEMPOTENT,TOKENS_ONLY/-,R09,READY,FROZEN_CONSTRUCTION_V1.2.2
SCR-PUB-004,ANDROID,发布,群聊发布/编辑,/publish/group/{id?},PAGE,MOB-FORM,群聊表单,已登录且满足对应发布能力的内容发布者,是+实名,NORMAL,从列表、通知、分享深链或关联业务入口进入，路由参数必须完整,返回来源页并同步资源最新状态；来源失效时回到所属模块首页,步骤/标题|字段分组|媒体上传|预览|底部保存/提交,catalogs/ui_page_fields.csv#SCR-PUB-004,catalogs/ui_page_states.csv#SCR-PUB-004,catalogs/ui_action_matrix.csv#SCR-PUB-004,仅允许已登记App Link/内部路由；登录前保存原目标；路由参数校验失败返回模块首页,初始化按需加载；写操作后仅刷新受影响数据；禁止无差别全局缓存清空,不适用；若子区块为列表，遵循所属平台标准分页模板,不支持离线写入；网络不可用时保留安全可保留输入并提供重试,REQ-PUBLISH-001;REQ-GROUP-001,POST /api/v1/contents;PATCH /api/v1/contents/{id},contentPostContents;contentPatchContentsById,content,content.limit.normal.online;content.limit.month.online;content.limit.quarter.online;content.limit.year.online;content.team_leader_per_account;content.limit.normal.pending;content.limit.normal.drafts;content.limit.normal.daily_submissions,TST-PUBLISH_001-HAPPY;TST-GROUP_001-HAPPY;TST-PUBLISH_001-IDEMPOTENT;TST-GROUP_001-IDEMPOTENT,TOKENS_ONLY/-,R10,READY,FROZEN_CONSTRUCTION_V1.2.2
SCR-PUB-005,ANDROID,发布,团队长资料编辑,/publish/team-leader,PAGE,MOB-FORM,一账号一份,已登录且满足对应发布能力的内容发布者,是+实名,NORMAL,从上级页面、导航入口、通知或业务流程进入,按导航栈返回；成功流程按动作规格进入结果或详情,步骤/标题|字段分组|媒体上传|预览|底部保存/提交,catalogs/ui_page_fields.csv#SCR-PUB-005,catalogs/ui_page_states.csv#SCR-PUB-005,catalogs/ui_action_matrix.csv#SCR-PUB-005,仅允许已登记App Link/内部路由；登录前保存原目标；路由参数校验失败返回模块首页,初始化按需加载；写操作后仅刷新受影响数据；禁止无差别全局缓存清空,不适用；若子区块为列表，遵循所属平台标准分页模板,不支持离线写入；网络不可用时保留安全可保留输入并提供重试,REQ-PUBLISH-001;REQ-TEAM-001,POST /api/v1/contents;PATCH /api/v1/contents/{id},contentPostContents;contentPatchContentsById,content,content.limit.normal.online;content.limit.month.online;content.limit.quarter.online;content.limit.year.online;content.team_leader_per_account;content.limit.normal.pending;content.limit.normal.drafts;content.limit.normal.daily_submissions,TST-PUBLISH_001-HAPPY;TST-TEAM_001-HAPPY;TST-PUBLISH_001-IDEMPOTENT;TST-TEAM_001-IDEMPOTENT,TOKENS_ONLY/-,R11,READY,FROZEN_CONSTRUCTION_V1.2.2
SCR-PUB-006,ANDROID,发布,发布预览,/publish/preview,PAGE,MOB-FORM,按详情组件预览,已登录且满足对应发布能力的内容发布者,是+实名,NORMAL,从上级页面、导航入口、通知或业务流程进入,按导航栈返回；成功流程按动作规格进入结果或详情,步骤/标题|字段分组|媒体上传|预览|底部保存/提交,catalogs/ui_page_fields.csv#SCR-PUB-006,catalogs/ui_page_states.csv#SCR-PUB-006,catalogs/ui_action_matrix.csv#SCR-PUB-006,仅允许已登记App Link/内部路由；登录前保存原目标；路由参数校验失败返回模块首页,初始化按需加载；写操作后仅刷新受影响数据；禁止无差别全局缓存清空,不适用；若子区块为列表，遵循所属平台标准分页模板,不支持离线写入；网络不可用时保留安全可保留输入并提供重试,REQ-PUBLISH-001,GET /api/v1/contents/{id},contentGetContentsById,content,content.limit.normal.online;content.limit.month.online;content.limit.quarter.online;content.limit.year.online;content.team_leader_per_account;content.limit.normal.pending;content.limit.normal.drafts;content.limit.normal.daily_submissions,TST-PUBLISH_001-HAPPY,TOKENS_ONLY/-,R12,READY,FROZEN_CONSTRUCTION_V1.2.2
SCR-PUB-007,ANDROID,发布,提交结果,/publish/result,PAGE,MOB-STATUS,成功/失败/待审,已登录且满足对应发布能力的内容发布者,是+实名,NORMAL,从上级页面、导航入口、通知或业务流程进入,按导航栈返回；成功流程按动作规格进入结果或详情,状态图标|主结论|原因/下一步|主操作|辅助信息,catalogs/ui_page_fields.csv#SCR-PUB-007,catalogs/ui_page_states.csv#SCR-PUB-007,catalogs/ui_action_matrix.csv#SCR-PUB-007,仅允许已登记App Link/内部路由；登录前保存原目标；路由参数校验失败返回模块首页,初始化按需加载；写操作后仅刷新受影响数据；禁止无差别全局缓存清空,不适用；若子区块为列表，遵循所属平台标准分页模板,不支持离线写入；网络不可用时保留安全可保留输入并提供重试,REQ-PUBLISH-001,POST /api/v1/contents/{id}/submit,contentPostContentsByIdSubmit,content,content.limit.normal.online;content.limit.month.online;content.limit.quarter.online;content.limit.year.online;content.team_leader_per_account;content.limit.normal.pending;content.limit.normal.drafts;content.limit.normal.daily_submissions,TST-PUBLISH_001-HAPPY;TST-PUBLISH_001-IDEMPOTENT,TOKENS_ONLY/-,R12,READY,FROZEN_CONSTRUCTION_V1.2.2
SCR-MYC-001,ANDROID,内容管理,我的发布,/me/contents,PAGE,MOB-LIST,状态筛选和管理,已登录且满足对应发布能力的内容发布者,是,NORMAL,从上级页面、导航入口、通知或业务流程进入,按导航栈返回；成功流程按动作规格进入结果或详情,标题/统计|筛选/排序|列表|分页/加载|空状态,catalogs/ui_page_fields.csv#SCR-MYC-001,catalogs/ui_page_states.csv#SCR-MYC-001,catalogs/ui_action_matrix.csv#SCR-MYC-001,仅允许已登记App Link/内部路由；登录前保存原目标；路由参数校验失败返回模块首页,首屏加载+显式刷新；筛选/排序变化重置分页；翻页去重追加；领域事件仅刷新受影响行,移动端优先cursor；每页20，最大100；下拉刷新重置cursor；item id去重,允许展示明确标记的只读缓存；所有写操作离线禁用；恢复网络后主动校验version,REQ-PUBLISH-001;REQ-CONTENT-002,GET /api/v1/me/contents;POST /api/v1/contents/{id}/online;POST /api/v1/contents/{id}/offline,contentGetMeContents;contentPostContentsByIdOnline;contentPostContentsByIdOffline,content,content.limit.normal.online;content.limit.month.online;content.limit.quarter.online;content.limit.year.online;content.team_leader_per_account;content.limit.normal.pending;content.limit.normal.drafts;content.limit.normal.daily_submissions,TST-PUBLISH_001-HAPPY;TST-CONTENT_002-HAPPY;TST-PUBLISH_001-IDEMPOTENT;TST-CONTENT_002-IDEMPOTENT,TOKENS_ONLY/-,R12,READY,FROZEN_CONSTRUCTION_V1.2.2
SCR-MYC-002,ANDROID,内容管理,草稿箱,/me/drafts,PAGE,MOB-LIST,草稿恢复删除,已登录且满足对应发布能力的内容发布者,是,NORMAL,从上级页面、导航入口、通知或业务流程进入,按导航栈返回；成功流程按动作规格进入结果或详情,标题/统计|筛选/排序|列表|分页/加载|空状态,catalogs/ui_page_fields.csv#SCR-MYC-002,catalogs/ui_page_states.csv#SCR-MYC-002,catalogs/ui_action_matrix.csv#SCR-MYC-002,仅允许已登记App Link/内部路由；登录前保存原目标；路由参数校验失败返回模块首页,首屏加载+显式刷新；筛选/排序变化重置分页；翻页去重追加；领域事件仅刷新受影响行,移动端优先cursor；每页20，最大100；下拉刷新重置cursor；item id去重,允许展示明确标记的只读缓存；所有写操作离线禁用；恢复网络后主动校验version,REQ-PUBLISH-001;REQ-CONTENT-002,GET /api/v1/me/drafts;DELETE /api/v1/contents/{id},contentGetMeDrafts;contentDeleteContentsById,content,content.limit.normal.online;content.limit.month.online;content.limit.quarter.online;content.limit.year.online;content.team_leader_per_account;content.limit.normal.pending;content.limit.normal.drafts;content.limit.normal.daily_submissions,TST-PUBLISH_001-HAPPY;TST-CONTENT_002-HAPPY;TST-PUBLISH_001-IDEMPOTENT;TST-CONTENT_002-IDEMPOTENT,TOKENS_ONLY/-,R12,READY,FROZEN_CONSTRUCTION_V1.2.2
SCR-MYC-003,ANDROID,内容管理,内容管理详情,/me/contents/{id},PAGE,MOB-DETAIL,状态、审核、数据、道具、红包,已登录且满足对应发布能力的内容发布者,是,NORMAL,从列表、通知、分享深链或关联业务入口进入，路由参数必须完整,返回来源页并同步资源最新状态；来源失效时回到所属模块首页,媒体/标题|主体信息|状态与统计|分区详情|固定操作区,catalogs/ui_page_fields.csv#SCR-MYC-003,catalogs/ui_page_states.csv#SCR-MYC-003,catalogs/ui_action_matrix.csv#SCR-MYC-003,仅允许已登记App Link/内部路由；登录前保存原目标；路由参数校验失败返回模块首页,页面进入加载；缓存过期/前台恢复/领域事件触发轻量刷新；写操作成功按资源局部刷新,不适用；若子区块为列表，遵循所属平台标准分页模板,允许展示明确标记的只读缓存；所有写操作离线禁用；恢复网络后主动校验version,REQ-PUBLISH-001;REQ-CONTENT-002,GET /api/v1/contents/{id};POST /api/v1/contents/{id}/copy;GET /api/v1/contents/{id}/analytics,contentGetContentsById;contentPostContentsByIdCopy;contentGetContentsByIdAnalytics,content,content.limit.normal.online;content.limit.month.online;content.limit.quarter.online;content.limit.year.online;content.team_leader_per_account;content.limit.normal.pending;content.limit.normal.drafts;content.limit.normal.daily_submissions,TST-PUBLISH_001-HAPPY;TST-CONTENT_002-HAPPY;TST-PUBLISH_001-IDEMPOTENT;TST-CONTENT_002-IDEMPOTENT,TOKENS_ONLY/-,R12,READY,FROZEN_CONSTRUCTION_V1.2.2
SCR-MYC-004,ANDROID,内容管理,审核记录,/me/contents/{id}/reviews,PAGE,MOB-LIST,历史和申诉,已登录且满足对应发布能力的内容发布者,是,NORMAL,从列表、通知、分享深链或关联业务入口进入，路由参数必须完整,返回来源页并同步资源最新状态；来源失效时回到所属模块首页,标题/统计|筛选/排序|列表|分页/加载|空状态,catalogs/ui_page_fields.csv#SCR-MYC-004,catalogs/ui_page_states.csv#SCR-MYC-004,catalogs/ui_action_matrix.csv#SCR-MYC-004,仅允许已登记App Link/内部路由；登录前保存原目标；路由参数校验失败返回模块首页,首屏加载+显式刷新；筛选/排序变化重置分页；翻页去重追加；领域事件仅刷新受影响行,移动端优先cursor；每页20，最大100；下拉刷新重置cursor；item id去重,允许展示明确标记的只读缓存；所有写操作离线禁用；恢复网络后主动校验version,REQ-PUBLISH-001;REQ-CONTENT-002,GET /api/v1/contents/{id}/reviews,contentGetContentsByIdReviews,content,content.limit.normal.online;content.limit.month.online;content.limit.quarter.online;content.limit.year.online;content.team_leader_per_account;content.limit.normal.pending;content.limit.normal.drafts;content.limit.normal.daily_submissions,TST-PUBLISH_001-HAPPY;TST-CONTENT_002-HAPPY,TOKENS_ONLY/-,R12,READY,FROZEN_CONSTRUCTION_V1.2.2
SCR-MYC-005,ANDROID,内容管理,内容数据,/me/contents/{id}/analytics,PAGE,MOB-LIST,流量和转化,已登录且满足对应发布能力的内容发布者,是,NORMAL,从列表、通知、分享深链或关联业务入口进入，路由参数必须完整,返回来源页并同步资源最新状态；来源失效时回到所属模块首页,标题/统计|筛选/排序|列表|分页/加载|空状态,catalogs/ui_page_fields.csv#SCR-MYC-005,catalogs/ui_page_states.csv#SCR-MYC-005,catalogs/ui_action_matrix.csv#SCR-MYC-005,仅允许已登记App Link/内部路由；登录前保存原目标；路由参数校验失败返回模块首页,首屏加载+显式刷新；筛选/排序变化重置分页；翻页去重追加；领域事件仅刷新受影响行,移动端优先cursor；每页20，最大100；下拉刷新重置cursor；item id去重,允许展示明确标记的只读缓存；所有写操作离线禁用；恢复网络后主动校验version,REQ-PUBLISH-001;REQ-CONTENT-002,GET /api/v1/contents/{id}/analytics,contentGetContentsByIdAnalytics,content,content.limit.normal.online;content.limit.month.online;content.limit.quarter.online;content.limit.year.online;content.team_leader_per_account;content.limit.normal.pending;content.limit.normal.drafts;content.limit.normal.daily_submissions,TST-PUBLISH_001-HAPPY;TST-CONTENT_002-HAPPY,TOKENS_ONLY/-,R12,READY,FROZEN_CONSTRUCTION_V1.2.2
SCR-MSG-001,ANDROID,消息,消息中心,/messages,PAGE,MOB-HOME,聊天/通知/公告,已登录用户；公开能力仅限文档明确的H5页面,是,NORMAL,登录后由底部导航、业务通知或深链进入,切换底部导航；返回键按应用根导航策略处理,顶栏|状态/资产摘要|模块化内容区|底部导航,catalogs/ui_page_fields.csv#SCR-MSG-001,catalogs/ui_page_states.csv#SCR-MSG-001,catalogs/ui_action_matrix.csv#SCR-MSG-001,仅允许已登记App Link/内部路由；登录前保存原目标；路由参数校验失败返回模块首页,模块独立加载和刷新；局部失败不清空成功模块；展示数据更新时间,不适用；若子区块为列表，遵循所属平台标准分页模板,允许展示明确标记的只读缓存；所有写操作离线禁用；恢复网络后主动校验version,REQ-CHAT-001;REQ-NOTIFY-001,GET /api/v1/conversations;GET /api/v1/notifications;GET /api/v1/announcements,chatGetConversations;notificationGetNotifications;notificationGetAnnouncements,chat;notification,chat.stranger.daily_conversation_limit;chat.message.per_minute_limit;chat.image.max_mb;chat.history.retention_days;notification.marketing.default_enabled;notification.quiet_hours.start;notification.quiet_hours.end,TST-CHAT_001-HAPPY;TST-NOTIFY_001-HAPPY,TOKENS_ONLY/-,R15,READY,FROZEN_CONSTRUCTION_V1.2.2
SCR-CHAT-001,ANDROID,消息,会话列表,/messages/chats,PAGE,MOB-CHAT-LIST,未读和最后消息,已登录用户；公开能力仅限文档明确的H5页面,是,NORMAL,从上级页面、导航入口、通知或业务流程进入,按导航栈返回；成功流程按动作规格进入结果或详情,标题|搜索/筛选|会话列表|未读与状态|更多操作,catalogs/ui_page_fields.csv#SCR-CHAT-001,catalogs/ui_page_states.csv#SCR-CHAT-001,catalogs/ui_action_matrix.csv#SCR-CHAT-001,仅允许已登记App Link/内部路由；登录前保存原目标；路由参数校验失败返回模块首页,初始化按需加载；写操作后仅刷新受影响数据；禁止无差别全局缓存清空,不适用；若子区块为列表，遵循所属平台标准分页模板,不支持离线写入；网络不可用时保留安全可保留输入并提供重试,REQ-CHAT-001;REQ-CHAT-002,GET /api/v1/conversations,chatGetConversations,chat,chat.stranger.daily_conversation_limit;chat.message.per_minute_limit;chat.image.max_mb;chat.history.retention_days,TST-CHAT_001-HAPPY;TST-CHAT_002-HAPPY,B07/P01-P08,R14,READY,FROZEN_CONSTRUCTION_V1.2.2
SCR-CHAT-002,ANDROID,消息,私聊页,/messages/chat/{conversationId},PAGE,MOB-CHAT-DETAIL,文本、图片、卡片,已登录用户；公开能力仅限文档明确的H5页面,是,HIGH,从列表、通知、分享深链或关联业务入口进入，路由参数必须完整,返回来源页并同步资源最新状态；来源失效时回到所属模块首页,会话头|消息流|状态提示|输入区|附件/联系卡片,catalogs/ui_page_fields.csv#SCR-CHAT-002,catalogs/ui_page_states.csv#SCR-CHAT-002,catalogs/ui_action_matrix.csv#SCR-CHAT-002,仅允许已登记App Link/内部路由；登录前保存原目标；路由参数校验失败返回模块首页,初始化按需加载；写操作后仅刷新受影响数据；禁止无差别全局缓存清空,不适用；若子区块为列表，遵循所属平台标准分页模板,不支持离线写入；网络不可用时保留安全可保留输入并提供重试,REQ-CHAT-001;REQ-CHAT-002,GET /api/v1/conversations/{id}/messages;POST /api/v1/conversations/{id}/messages;POST /api/v1/conversations/{id}/read,chatGetConversationsByIdMessages;chatPostConversationsByIdMessages;chatPostConversationsByIdRead,chat,chat.stranger.daily_conversation_limit;chat.message.per_minute_limit;chat.image.max_mb;chat.history.retention_days,TST-CHAT_001-HAPPY;TST-CHAT_002-HAPPY;TST-CHAT_001-IDEMPOTENT;TST-CHAT_002-IDEMPOTENT,B07/P01-P08,R14,READY,FROZEN_CONSTRUCTION_V1.2.2
SHEET-CHAT-001,ANDROID,消息,发送联系方式,sheet://chat-contact,SHEET,MOB-SHEET,选择字段和备注,已登录用户；公开能力仅限文档明确的H5页面,是,HIGH,由拥有该动作的页面显式打开，携带不可变目标快照,成功后向调用页回传结果并关闭；取消恢复触发控件焦点,拖拽柄/标题|说明|字段/选项|主次操作,catalogs/ui_page_fields.csv#SHEET-CHAT-001,catalogs/ui_page_states.csv#SHEET-CHAT-001,catalogs/ui_action_matrix.csv#SHEET-CHAT-001,禁止外部深链直接打开；必须由受信任调用页创建上下文,初始化按需加载；写操作后仅刷新受影响数据；禁止无差别全局缓存清空,不适用；若子区块为列表，遵循所属平台标准分页模板,不支持离线写入；网络不可用时保留安全可保留输入并提供重试,REQ-CHAT-001;REQ-CHAT-002,POST /api/v1/conversations/{id}/messages,chatPostConversationsByIdMessages,chat,chat.stranger.daily_conversation_limit;chat.message.per_minute_limit;chat.image.max_mb;chat.history.retention_days,TST-CHAT_001-HAPPY;TST-CHAT_002-HAPPY;TST-CHAT_001-IDEMPOTENT;TST-CHAT_002-IDEMPOTENT,B07/P01-P08,R14,READY,FROZEN_CONSTRUCTION_V1.2.2
SHEET-CHAT-002,ANDROID,消息,聊天举报,sheet://chat-report,SHEET,MOB-SHEET,消息证据,已登录用户；公开能力仅限文档明确的H5页面,是,NORMAL,由拥有该动作的页面显式打开，携带不可变目标快照,成功后向调用页回传结果并关闭；取消恢复触发控件焦点,拖拽柄/标题|说明|字段/选项|主次操作,catalogs/ui_page_fields.csv#SHEET-CHAT-002,catalogs/ui_page_states.csv#SHEET-CHAT-002,catalogs/ui_action_matrix.csv#SHEET-CHAT-002,禁止外部深链直接打开；必须由受信任调用页创建上下文,初始化按需加载；写操作后仅刷新受影响数据；禁止无差别全局缓存清空,不适用；若子区块为列表，遵循所属平台标准分页模板,不支持离线写入；网络不可用时保留安全可保留输入并提供重试,REQ-CHAT-001;REQ-CHAT-002,POST /api/v1/conversations/{id}/report,chatPostConversationsByIdReport,chat,chat.stranger.daily_conversation_limit;chat.message.per_minute_limit;chat.image.max_mb;chat.history.retention_days,TST-CHAT_001-HAPPY;TST-CHAT_002-HAPPY;TST-CHAT_001-IDEMPOTENT;TST-CHAT_002-IDEMPOTENT,B07/P01-P08,R14,READY,FROZEN_CONSTRUCTION_V1.2.2
SCR-NOTICE-001,ANDROID,消息,通知列表,/messages/notifications,PAGE,MOB-LIST,系统通知,已登录用户；公开能力仅限文档明确的H5页面,是,NORMAL,从上级页面、导航入口、通知或业务流程进入,按导航栈返回；成功流程按动作规格进入结果或详情,标题/统计|筛选/排序|列表|分页/加载|空状态,catalogs/ui_page_fields.csv#SCR-NOTICE-001,catalogs/ui_page_states.csv#SCR-NOTICE-001,catalogs/ui_action_matrix.csv#SCR-NOTICE-001,仅允许已登记App Link/内部路由；登录前保存原目标；路由参数校验失败返回模块首页,首屏加载+显式刷新；筛选/排序变化重置分页；翻页去重追加；领域事件仅刷新受影响行,移动端优先cursor；每页20，最大100；下拉刷新重置cursor；item id去重,允许展示明确标记的只读缓存；所有写操作离线禁用；恢复网络后主动校验version,REQ-NOTIFY-001,GET /api/v1/notifications;POST /api/v1/notifications/read-all,notificationGetNotifications;notificationPostNotificationsReadAll,notification,notification.marketing.default_enabled;notification.quiet_hours.start;notification.quiet_hours.end,TST-NOTIFY_001-HAPPY;TST-NOTIFY_001-IDEMPOTENT,TOKENS_ONLY/-,R15,READY,FROZEN_CONSTRUCTION_V1.2.2
SCR-NOTICE-002,ANDROID,消息,通知详情,/messages/notifications/{id},PAGE,MOB-DETAIL,业务跳转,已登录用户；公开能力仅限文档明确的H5页面,是,NORMAL,从列表、通知、分享深链或关联业务入口进入，路由参数必须完整,返回来源页并同步资源最新状态；来源失效时回到所属模块首页,媒体/标题|主体信息|状态与统计|分区详情|固定操作区,catalogs/ui_page_fields.csv#SCR-NOTICE-002,catalogs/ui_page_states.csv#SCR-NOTICE-002,catalogs/ui_action_matrix.csv#SCR-NOTICE-002,仅允许已登记App Link/内部路由；登录前保存原目标；路由参数校验失败返回模块首页,页面进入加载；缓存过期/前台恢复/领域事件触发轻量刷新；写操作成功按资源局部刷新,不适用；若子区块为列表，遵循所属平台标准分页模板,允许展示明确标记的只读缓存；所有写操作离线禁用；恢复网络后主动校验version,REQ-NOTIFY-001,GET /api/v1/notifications;POST /api/v1/notifications/{id}/read,notificationGetNotifications;notificationPostNotificationsByIdRead,notification,notification.marketing.default_enabled;notification.quiet_hours.start;notification.quiet_hours.end,TST-NOTIFY_001-HAPPY;TST-NOTIFY_001-IDEMPOTENT,TOKENS_ONLY/-,R15,READY,FROZEN_CONSTRUCTION_V1.2.2
SCR-ANN-001,ANDROID,消息,公告列表,/messages/announcements,PAGE,MOB-LIST,平台公告,已登录用户；公开能力仅限文档明确的H5页面,是,NORMAL,从上级页面、导航入口、通知或业务流程进入,按导航栈返回；成功流程按动作规格进入结果或详情,标题/统计|筛选/排序|列表|分页/加载|空状态,catalogs/ui_page_fields.csv#SCR-ANN-001,catalogs/ui_page_states.csv#SCR-ANN-001,catalogs/ui_action_matrix.csv#SCR-ANN-001,仅允许已登记App Link/内部路由；登录前保存原目标；路由参数校验失败返回模块首页,首屏加载+显式刷新；筛选/排序变化重置分页；翻页去重追加；领域事件仅刷新受影响行,移动端优先cursor；每页20，最大100；下拉刷新重置cursor；item id去重,允许展示明确标记的只读缓存；所有写操作离线禁用；恢复网络后主动校验version,REQ-NOTIFY-001,GET /api/v1/announcements,notificationGetAnnouncements,notification,notification.marketing.default_enabled;notification.quiet_hours.start;notification.quiet_hours.end,TST-NOTIFY_001-HAPPY,B07/P01-P08,R15,READY,FROZEN_CONSTRUCTION_V1.2.2
SCR-ANN-002,ANDROID,消息,公告详情,/messages/announcements/{id},PAGE,MOB-DETAIL,富文本公告,已登录用户；公开能力仅限文档明确的H5页面,是,NORMAL,从列表、通知、分享深链或关联业务入口进入，路由参数必须完整,返回来源页并同步资源最新状态；来源失效时回到所属模块首页,媒体/标题|主体信息|状态与统计|分区详情|固定操作区,catalogs/ui_page_fields.csv#SCR-ANN-002,catalogs/ui_page_states.csv#SCR-ANN-002,catalogs/ui_action_matrix.csv#SCR-ANN-002,仅允许已登记App Link/内部路由；登录前保存原目标；路由参数校验失败返回模块首页,页面进入加载；缓存过期/前台恢复/领域事件触发轻量刷新；写操作成功按资源局部刷新,不适用；若子区块为列表，遵循所属平台标准分页模板,允许展示明确标记的只读缓存；所有写操作离线禁用；恢复网络后主动校验version,REQ-NOTIFY-001,GET /api/v1/announcements/{id},notificationGetAnnouncementsById,notification,notification.marketing.default_enabled;notification.quiet_hours.start;notification.quiet_hours.end,TST-NOTIFY_001-HAPPY,B07/P01-P08,R15,READY,FROZEN_CONSTRUCTION_V1.2.2
SCR-ME-001,ANDROID,我的,我的首页,/me,PAGE,MOB-HOME,账号、会员、收益、功能入口,已登录用户；公开能力仅限文档明确的H5页面,是,NORMAL,登录后由底部导航、业务通知或深链进入,切换底部导航；返回键按应用根导航策略处理,顶栏|状态/资产摘要|模块化内容区|底部导航,catalogs/ui_page_fields.csv#SCR-ME-001,catalogs/ui_page_states.csv#SCR-ME-001,catalogs/ui_action_matrix.csv#SCR-ME-001,仅允许已登记App Link/内部路由；登录前保存原目标；路由参数校验失败返回模块首页,模块独立加载和刷新；局部失败不清空成功模块；展示数据更新时间,不适用；若子区块为列表，遵循所属平台标准分页模板,允许展示明确标记的只读缓存；所有写操作离线禁用；恢复网络后主动校验version,REQ-PUBLISHER-001,GET /api/v1/me;GET /api/v1/me/membership;GET /api/v1/me/reward-account,userGetMe;membershipGetMeMembership;rewardGetMeRewardAccount,auth;membership;withdrawal,auth.default_login_method;auth.security_challenge.provider;auth.security_challenge.mode;auth.password.min_length;auth.password.max_length;auth.password.max_failures;auth.password.lock_seconds;auth.invite.app_required;membership.upgrade.time_precision;membership.upgrade.rounding;membership.upgrade.preserve_gift_days;membership.public_badge.text;membership.public_badge.enabled;withdrawal.min_amount_cent.normal;withdrawal.fee.fixed_cent.normal;withdrawal.fee.bps.normal;withdrawal.daily_count.normal;withdrawal.min_amount_cent.month;withdrawal.fee.fixed_cent.month;withdrawal.fee.bps.month;withdrawal.daily_count.month,TST-PUBLISHER_001-HAPPY,B08/P01-P08,R12,READY,FROZEN_CONSTRUCTION_V1.2.2
SCR-ME-002,ANDROID,我的,个人资料,/me/profile,PAGE,MOB-FORM,头像昵称简介,已登录用户；公开能力仅限文档明确的H5页面,是,HIGH,从上级页面、导航入口、通知或业务流程进入,按导航栈返回；成功流程按动作规格进入结果或详情,步骤/标题|字段分组|媒体上传|预览|底部保存/提交,catalogs/ui_page_fields.csv#SCR-ME-002,catalogs/ui_page_states.csv#SCR-ME-002,catalogs/ui_action_matrix.csv#SCR-ME-002,仅允许已登记App Link/内部路由；登录前保存原目标；路由参数校验失败返回模块首页,初始化按需加载；写操作后仅刷新受影响数据；禁止无差别全局缓存清空,不适用；若子区块为列表，遵循所属平台标准分页模板,不支持离线写入；网络不可用时保留安全可保留输入并提供重试,REQ-PUBLISHER-001,GET /api/v1/me;PATCH /api/v1/me/profile,userGetMe;userPatchMeProfile,auth,auth.default_login_method;auth.security_challenge.provider;auth.security_challenge.mode;auth.password.min_length;auth.password.max_length;auth.password.max_failures;auth.password.lock_seconds;auth.invite.app_required,TST-PUBLISHER_001-HAPPY;TST-PUBLISHER_001-IDEMPOTENT,B08/P01-P08,R12,READY,FROZEN_CONSTRUCTION_V1.2.2
SCR-FAV-001,ANDROID,我的,我的收藏,/me/favorites,PAGE,MOB-LIST,收藏列表,已登录用户；公开能力仅限文档明确的H5页面,是,NORMAL,从上级页面、导航入口、通知或业务流程进入,按导航栈返回；成功流程按动作规格进入结果或详情,标题/统计|筛选/排序|列表|分页/加载|空状态,catalogs/ui_page_fields.csv#SCR-FAV-001,catalogs/ui_page_states.csv#SCR-FAV-001,catalogs/ui_action_matrix.csv#SCR-FAV-001,仅允许已登记App Link/内部路由；登录前保存原目标；路由参数校验失败返回模块首页,首屏加载+显式刷新；筛选/排序变化重置分页；翻页去重追加；领域事件仅刷新受影响行,移动端优先cursor；每页20，最大100；下拉刷新重置cursor；item id去重,允许展示明确标记的只读缓存；所有写操作离线禁用；恢复网络后主动校验version,REQ-ACTIVITY-001,GET /api/v1/me/favorites;DELETE /api/v1/contents/{id}/favorite,contentGetMeFavorites;contentDeleteContentsByIdFavorite,content,content.limit.normal.online;content.limit.month.online;content.limit.quarter.online;content.limit.year.online;content.team_leader_per_account;content.limit.normal.pending;content.limit.normal.drafts;content.limit.normal.daily_submissions,TST-ACTIVITY_001-HAPPY;TST-ACTIVITY_001-IDEMPOTENT,B08/P01-P08,R13,READY,FROZEN_CONSTRUCTION_V1.2.2
SCR-HIS-001,ANDROID,我的,浏览记录,/me/history,PAGE,MOB-LIST,历史与清空,已登录用户；公开能力仅限文档明确的H5页面,是,NORMAL,从上级页面、导航入口、通知或业务流程进入,按导航栈返回；成功流程按动作规格进入结果或详情,标题/统计|筛选/排序|列表|分页/加载|空状态,catalogs/ui_page_fields.csv#SCR-HIS-001,catalogs/ui_page_states.csv#SCR-HIS-001,catalogs/ui_action_matrix.csv#SCR-HIS-001,仅允许已登记App Link/内部路由；登录前保存原目标；路由参数校验失败返回模块首页,首屏加载+显式刷新；筛选/排序变化重置分页；翻页去重追加；领域事件仅刷新受影响行,移动端优先cursor；每页20，最大100；下拉刷新重置cursor；item id去重,允许展示明确标记的只读缓存；所有写操作离线禁用；恢复网络后主动校验version,REQ-ACTIVITY-001,GET /api/v1/me/history,contentGetMeHistory,content,content.limit.normal.online;content.limit.month.online;content.limit.quarter.online;content.limit.year.online;content.team_leader_per_account;content.limit.normal.pending;content.limit.normal.drafts;content.limit.normal.daily_submissions,TST-ACTIVITY_001-HAPPY,TOKENS_ONLY/-,R13,READY,FROZEN_CONSTRUCTION_V1.2.2
SCR-ORDER-001,ANDROID,订单,订单列表,/me/orders,PAGE,MOB-LIST,全部商品订单,已登录用户；公开能力仅限文档明确的H5页面,是,NORMAL,从上级页面、导航入口、通知或业务流程进入,按导航栈返回；成功流程按动作规格进入结果或详情,标题/统计|筛选/排序|列表|分页/加载|空状态,catalogs/ui_page_fields.csv#SCR-ORDER-001,catalogs/ui_page_states.csv#SCR-ORDER-001,catalogs/ui_action_matrix.csv#SCR-ORDER-001,仅允许已登记App Link/内部路由；登录前保存原目标；路由参数校验失败返回模块首页,首屏加载+显式刷新；筛选/排序变化重置分页；翻页去重追加；领域事件仅刷新受影响行,移动端优先cursor；每页20，最大100；下拉刷新重置cursor；item id去重,允许展示明确标记的只读缓存；所有写操作离线禁用；恢复网络后主动校验version,REQ-ORDER-001;REQ-NOREFUND-001,GET /api/v1/me/orders,orderGetMeOrders,payment,payment.active_gateway;payment.caihong.base_url;payment.caihong.merchant_id;payment.caihong.merchant_key;payment.caihong.sign_type;payment.caihong.enabled_channels;payment.notify_url;payment.return_url,TST-ORDER_001-HAPPY;TST-NOREFUND_001-HAPPY,B08/P01-P08,R16,READY,FROZEN_CONSTRUCTION_V1.2.2
SCR-ORDER-002,ANDROID,订单,订单详情,/me/orders/{id},PAGE,MOB-DETAIL,价格快照和状态,已登录用户；公开能力仅限文档明确的H5页面,是,NORMAL,从列表、通知、分享深链或关联业务入口进入，路由参数必须完整,返回来源页并同步资源最新状态；来源失效时回到所属模块首页,媒体/标题|主体信息|状态与统计|分区详情|固定操作区,catalogs/ui_page_fields.csv#SCR-ORDER-002,catalogs/ui_page_states.csv#SCR-ORDER-002,catalogs/ui_action_matrix.csv#SCR-ORDER-002,仅允许已登记App Link/内部路由；登录前保存原目标；路由参数校验失败返回模块首页,页面进入加载；缓存过期/前台恢复/领域事件触发轻量刷新；写操作成功按资源局部刷新,不适用；若子区块为列表，遵循所属平台标准分页模板,允许展示明确标记的只读缓存；所有写操作离线禁用；恢复网络后主动校验version,REQ-ORDER-001;REQ-NOREFUND-001,GET /api/v1/me/orders/{orderNo},orderGetMeOrdersByOrderno,payment,payment.active_gateway;payment.caihong.base_url;payment.caihong.merchant_id;payment.caihong.merchant_key;payment.caihong.sign_type;payment.caihong.enabled_channels;payment.notify_url;payment.return_url,TST-ORDER_001-HAPPY;TST-NOREFUND_001-HAPPY,B08/P01-P08,R16,READY,FROZEN_CONSTRUCTION_V1.2.2
SCR-MEMBER-001,ANDROID,会员,会员中心,/me/membership,PAGE,MOB-DETAIL,月季年SKU和权益,已登录用户；公开能力仅限文档明确的H5页面,是,NORMAL,从上级页面、导航入口、通知或业务流程进入,按导航栈返回；成功流程按动作规格进入结果或详情,媒体/标题|主体信息|状态与统计|分区详情|固定操作区,catalogs/ui_page_fields.csv#SCR-MEMBER-001,catalogs/ui_page_states.csv#SCR-MEMBER-001,catalogs/ui_action_matrix.csv#SCR-MEMBER-001,仅允许已登记App Link/内部路由；登录前保存原目标；路由参数校验失败返回模块首页,页面进入加载；缓存过期/前台恢复/领域事件触发轻量刷新；写操作成功按资源局部刷新,不适用；若子区块为列表，遵循所属平台标准分页模板,允许展示明确标记的只读缓存；所有写操作离线禁用；恢复网络后主动校验version,REQ-MEMBER-001;REQ-MEMBER-002;REQ-MEMBER-003,GET /api/v1/membership/skus;GET /api/v1/me/membership,membershipGetMembershipSkus;membershipGetMeMembership,membership,membership.upgrade.time_precision;membership.upgrade.rounding;membership.upgrade.preserve_gift_days;membership.public_badge.text;membership.public_badge.enabled,TST-MEMBER_001-HAPPY;TST-MEMBER_002-HAPPY;TST-MEMBER_003-HAPPY,B11/P01-P08,R18,READY,FROZEN_CONSTRUCTION_V1.2.2
SCR-MEMBER-002,ANDROID,会员,会员购买确认,/me/membership/buy/{skuId},PAGE,MOB-CHECKOUT,价格和协议,已登录用户；公开能力仅限文档明确的H5页面,是,NORMAL,从列表、通知、分享深链或关联业务入口进入，路由参数必须完整,返回来源页并同步资源最新状态；来源失效时回到所属模块首页,商品/金额摘要|权益/费用|协议确认|支付方式|主操作|结果查询,catalogs/ui_page_fields.csv#SCR-MEMBER-002,catalogs/ui_page_states.csv#SCR-MEMBER-002,catalogs/ui_action_matrix.csv#SCR-MEMBER-002,仅允许已登记App Link/内部路由；登录前保存原目标；路由参数校验失败返回模块首页,初始化按需加载；写操作后仅刷新受影响数据；禁止无差别全局缓存清空,不适用；若子区块为列表，遵循所属平台标准分页模板,不支持离线写入；网络不可用时保留安全可保留输入并提供重试,REQ-MEMBER-001;REQ-MEMBER-002;REQ-MEMBER-003,GET /api/v1/membership/skus;POST /api/v1/membership/orders,membershipGetMembershipSkus;membershipPostMembershipOrders,membership,membership.upgrade.time_precision;membership.upgrade.rounding;membership.upgrade.preserve_gift_days;membership.public_badge.text;membership.public_badge.enabled,TST-MEMBER_001-HAPPY;TST-MEMBER_002-HAPPY;TST-MEMBER_003-HAPPY;TST-MEMBER_001-IDEMPOTENT;TST-MEMBER_002-IDEMPOTENT;TST-MEMBER_003-IDEMPOTENT,B11/P01-P08,R18,READY,FROZEN_CONSTRUCTION_V1.2.2
SCR-MEMBER-003,ANDROID,会员,会员升级,/me/membership/upgrade,PAGE,MOB-CHECKOUT,剩余价值补差,已登录用户；公开能力仅限文档明确的H5页面,是,NORMAL,从上级页面、导航入口、通知或业务流程进入,按导航栈返回；成功流程按动作规格进入结果或详情,商品/金额摘要|权益/费用|协议确认|支付方式|主操作|结果查询,catalogs/ui_page_fields.csv#SCR-MEMBER-003,catalogs/ui_page_states.csv#SCR-MEMBER-003,catalogs/ui_action_matrix.csv#SCR-MEMBER-003,仅允许已登记App Link/内部路由；登录前保存原目标；路由参数校验失败返回模块首页,初始化按需加载；写操作后仅刷新受影响数据；禁止无差别全局缓存清空,不适用；若子区块为列表，遵循所属平台标准分页模板,不支持离线写入；网络不可用时保留安全可保留输入并提供重试,REQ-MEMBER-001;REQ-MEMBER-002;REQ-MEMBER-003,POST /api/v1/membership/upgrade-quotes;POST /api/v1/membership/upgrade-orders,membershipPostMembershipUpgradeQuotes;membershipPostMembershipUpgradeOrders,membership,membership.upgrade.time_precision;membership.upgrade.rounding;membership.upgrade.preserve_gift_days;membership.public_badge.text;membership.public_badge.enabled,TST-MEMBER_001-HAPPY;TST-MEMBER_002-HAPPY;TST-MEMBER_003-HAPPY;TST-MEMBER_001-IDEMPOTENT;TST-MEMBER_002-IDEMPOTENT;TST-MEMBER_003-IDEMPOTENT,B11/P01-P08,R18,READY,FROZEN_CONSTRUCTION_V1.2.2
SCR-MEMBER-004,ANDROID,会员,会员权益明细,/me/membership/benefits,PAGE,MOB-DETAIL,当前权益和使用量,已登录用户；公开能力仅限文档明确的H5页面,是,NORMAL,从上级页面、导航入口、通知或业务流程进入,按导航栈返回；成功流程按动作规格进入结果或详情,媒体/标题|主体信息|状态与统计|分区详情|固定操作区,catalogs/ui_page_fields.csv#SCR-MEMBER-004,catalogs/ui_page_states.csv#SCR-MEMBER-004,catalogs/ui_action_matrix.csv#SCR-MEMBER-004,仅允许已登记App Link/内部路由；登录前保存原目标；路由参数校验失败返回模块首页,页面进入加载；缓存过期/前台恢复/领域事件触发轻量刷新；写操作成功按资源局部刷新,不适用；若子区块为列表，遵循所属平台标准分页模板,允许展示明确标记的只读缓存；所有写操作离线禁用；恢复网络后主动校验version,REQ-MEMBER-001;REQ-MEMBER-002;REQ-MEMBER-003,GET /api/v1/me/membership,membershipGetMeMembership,membership,membership.upgrade.time_precision;membership.upgrade.rounding;membership.upgrade.preserve_gift_days;membership.public_badge.text;membership.public_badge.enabled,TST-MEMBER_001-HAPPY;TST-MEMBER_002-HAPPY;TST-MEMBER_003-HAPPY,B11/P01-P08,R18,READY,FROZEN_CONSTRUCTION_V1.2.2
SCR-PROP-001,ANDROID,道具,道具商城,/me/props/store,PAGE,MOB-LIST,四类道具,已登录用户；公开能力仅限文档明确的H5页面,是,NORMAL,从上级页面、导航入口、通知或业务流程进入,按导航栈返回；成功流程按动作规格进入结果或详情,标题/统计|筛选/排序|列表|分页/加载|空状态,catalogs/ui_page_fields.csv#SCR-PROP-001,catalogs/ui_page_states.csv#SCR-PROP-001,catalogs/ui_action_matrix.csv#SCR-PROP-001,仅允许已登记App Link/内部路由；登录前保存原目标；路由参数校验失败返回模块首页,首屏加载+显式刷新；筛选/排序变化重置分页；翻页去重追加；领域事件仅刷新受影响行,移动端优先cursor；每页20，最大100；下拉刷新重置cursor；item id去重,允许展示明确标记的只读缓存；所有写操作离线禁用；恢复网络后主动校验version,REQ-PROP-001;REQ-PROP-002,GET /api/v1/props/store;POST /api/v1/props/orders,propGetPropsStore;propPostPropsOrders,props,props.top_duration_seconds;props.headline_duration_seconds;props.color_duration_seconds;props.refresh_cooldown_seconds;props.same_type.stack_duration;props.same_page.deduplicate_content;props.refresh.daily_limit.normal;props.refresh.daily_limit.month,TST-PROP_001-HAPPY;TST-PROP_002-HAPPY;TST-PROP_001-IDEMPOTENT;TST-PROP_002-IDEMPOTENT,B11/P01-P08,R19,READY,FROZEN_CONSTRUCTION_V1.2.2
SCR-PROP-002,ANDROID,道具,我的道具,/me/props,PAGE,MOB-LIST,库存和状态,已登录用户；公开能力仅限文档明确的H5页面,是,NORMAL,从上级页面、导航入口、通知或业务流程进入,按导航栈返回；成功流程按动作规格进入结果或详情,标题/统计|筛选/排序|列表|分页/加载|空状态,catalogs/ui_page_fields.csv#SCR-PROP-002,catalogs/ui_page_states.csv#SCR-PROP-002,catalogs/ui_action_matrix.csv#SCR-PROP-002,仅允许已登记App Link/内部路由；登录前保存原目标；路由参数校验失败返回模块首页,首屏加载+显式刷新；筛选/排序变化重置分页；翻页去重追加；领域事件仅刷新受影响行,移动端优先cursor；每页20，最大100；下拉刷新重置cursor；item id去重,允许展示明确标记的只读缓存；所有写操作离线禁用；恢复网络后主动校验version,REQ-PROP-001;REQ-PROP-002,GET /api/v1/me/props,propGetMeProps,props,props.top_duration_seconds;props.headline_duration_seconds;props.color_duration_seconds;props.refresh_cooldown_seconds;props.same_type.stack_duration;props.same_page.deduplicate_content;props.refresh.daily_limit.normal;props.refresh.daily_limit.month,TST-PROP_001-HAPPY;TST-PROP_002-HAPPY,B11/P01-P08,R19,READY,FROZEN_CONSTRUCTION_V1.2.2
SCR-PROP-003,ANDROID,道具,使用道具,/me/props/use/{id},PAGE,MOB-FORM,选择内容和确认,已登录用户；公开能力仅限文档明确的H5页面,是,NORMAL,从列表、通知、分享深链或关联业务入口进入，路由参数必须完整,返回来源页并同步资源最新状态；来源失效时回到所属模块首页,步骤/标题|字段分组|媒体上传|预览|底部保存/提交,catalogs/ui_page_fields.csv#SCR-PROP-003,catalogs/ui_page_states.csv#SCR-PROP-003,catalogs/ui_action_matrix.csv#SCR-PROP-003,仅允许已登记App Link/内部路由；登录前保存原目标；路由参数校验失败返回模块首页,初始化按需加载；写操作后仅刷新受影响数据；禁止无差别全局缓存清空,不适用；若子区块为列表，遵循所属平台标准分页模板,不支持离线写入；网络不可用时保留安全可保留输入并提供重试,REQ-PROP-001;REQ-PROP-002,GET /api/v1/me/props;POST /api/v1/me/props/{id}/use,propGetMeProps;propPostMePropsByIdUse,props,props.top_duration_seconds;props.headline_duration_seconds;props.color_duration_seconds;props.refresh_cooldown_seconds;props.same_type.stack_duration;props.same_page.deduplicate_content;props.refresh.daily_limit.normal;props.refresh.daily_limit.month,TST-PROP_001-HAPPY;TST-PROP_002-HAPPY;TST-PROP_001-IDEMPOTENT;TST-PROP_002-IDEMPOTENT,B11/P01-P08,R19,READY,FROZEN_CONSTRUCTION_V1.2.2
SCR-REF-001,ANDROID,推广,推广中心,/me/referral,PAGE,MOB-HOME,邀请和收益总览,已登录用户；公开能力仅限文档明确的H5页面,是+实名,NORMAL,从上级页面、导航入口、通知或业务流程进入,按导航栈返回；成功流程按动作规格进入结果或详情,顶栏|状态/资产摘要|模块化内容区|底部导航,catalogs/ui_page_fields.csv#SCR-REF-001,catalogs/ui_page_states.csv#SCR-REF-001,catalogs/ui_action_matrix.csv#SCR-REF-001,仅允许已登记App Link/内部路由；登录前保存原目标；路由参数校验失败返回模块首页,模块独立加载和刷新；局部失败不清空成功模块；展示数据更新时间,不适用；若子区块为列表，遵循所属平台标准分页模板,允许展示明确标记的只读缓存；所有写操作离线禁用；恢复网络后主动校验version,REQ-REF-001;REQ-REF-002;REQ-REF-ACT-001;REQ-REF-ACT-002,GET /api/v1/me/referral/overview,referralGetMeReferralOverview,referral,commission.settlement_delay_hours;referral.max_commission_level;referral.binding_mode;referral.relation_change_allowed;referral.attribution_days;referral.block_self_invite;referral.block_same_device;referral.red_packet_principal_commissionable,TST-REF_001-HAPPY;TST-REF_002-HAPPY;TST-REF_ACT_001-HAPPY;TST-REF_ACT_002-HAPPY,B10/B08/P06-P07/P01,R25,READY,FROZEN_CONSTRUCTION_V1.2.2
SCR-REF-002,ANDROID,推广,邀请好友,/me/referral/invite,PAGE,MOB-DETAIL,链接、二维码、分享,已登录用户；公开能力仅限文档明确的H5页面,是+实名,NORMAL,从上级页面、导航入口、通知或业务流程进入,按导航栈返回；成功流程按动作规格进入结果或详情,媒体/标题|主体信息|状态与统计|分区详情|固定操作区,catalogs/ui_page_fields.csv#SCR-REF-002,catalogs/ui_page_states.csv#SCR-REF-002,catalogs/ui_action_matrix.csv#SCR-REF-002,仅允许已登记App Link/内部路由；登录前保存原目标；路由参数校验失败返回模块首页,页面进入加载；缓存过期/前台恢复/领域事件触发轻量刷新；写操作成功按资源局部刷新,不适用；若子区块为列表，遵循所属平台标准分页模板,允许展示明确标记的只读缓存；所有写操作离线禁用；恢复网络后主动校验version,REQ-REF-001;REQ-REF-002;REQ-REF-ACT-001;REQ-REF-ACT-002,GET /api/v1/me/referral/invite-assets,referralGetMeReferralInviteAssets,referral,commission.settlement_delay_hours;referral.max_commission_level;referral.binding_mode;referral.relation_change_allowed;referral.attribution_days;referral.block_self_invite;referral.block_same_device;referral.red_packet_principal_commissionable,TST-REF_001-HAPPY;TST-REF_002-HAPPY;TST-REF_ACT_001-HAPPY;TST-REF_ACT_002-HAPPY,B10/B08/P06-P07/P01,R25,READY,FROZEN_CONSTRUCTION_V1.2.2
SCR-REF-003,ANDROID,推广,邀请海报,/me/referral/posters,PAGE,MOB-DETAIL,海报生成保存,已登录用户；公开能力仅限文档明确的H5页面,是+实名,NORMAL,从上级页面、导航入口、通知或业务流程进入,按导航栈返回；成功流程按动作规格进入结果或详情,媒体/标题|主体信息|状态与统计|分区详情|固定操作区,catalogs/ui_page_fields.csv#SCR-REF-003,catalogs/ui_page_states.csv#SCR-REF-003,catalogs/ui_action_matrix.csv#SCR-REF-003,仅允许已登记App Link/内部路由；登录前保存原目标；路由参数校验失败返回模块首页,页面进入加载；缓存过期/前台恢复/领域事件触发轻量刷新；写操作成功按资源局部刷新,不适用；若子区块为列表，遵循所属平台标准分页模板,允许展示明确标记的只读缓存；所有写操作离线禁用；恢复网络后主动校验version,REQ-REF-001;REQ-REF-002;REQ-REF-ACT-001;REQ-REF-ACT-002,GET /api/v1/me/referral/posters,referralGetMeReferralPosters,referral,commission.settlement_delay_hours;referral.max_commission_level;referral.binding_mode;referral.relation_change_allowed;referral.attribution_days;referral.block_self_invite;referral.block_same_device;referral.red_packet_principal_commissionable,TST-REF_001-HAPPY;TST-REF_002-HAPPY;TST-REF_ACT_001-HAPPY;TST-REF_ACT_002-HAPPY,B10/B08/P06-P07/P01,R25,READY,FROZEN_CONSTRUCTION_V1.2.2
SCR-REF-004,ANDROID,推广,直推用户,/me/referral/direct,PAGE,MOB-LIST,每人独立活跃进度,已登录用户；公开能力仅限文档明确的H5页面,是+实名,NORMAL,从上级页面、导航入口、通知或业务流程进入,按导航栈返回；成功流程按动作规格进入结果或详情,标题/统计|筛选/排序|列表|分页/加载|空状态,catalogs/ui_page_fields.csv#SCR-REF-004,catalogs/ui_page_states.csv#SCR-REF-004,catalogs/ui_action_matrix.csv#SCR-REF-004,仅允许已登记App Link/内部路由；登录前保存原目标；路由参数校验失败返回模块首页,首屏加载+显式刷新；筛选/排序变化重置分页；翻页去重追加；领域事件仅刷新受影响行,移动端优先cursor；每页20，最大100；下拉刷新重置cursor；item id去重,允许展示明确标记的只读缓存；所有写操作离线禁用；恢复网络后主动校验version,REQ-REF-001;REQ-REF-002;REQ-REF-ACT-001;REQ-REF-ACT-002,GET /api/v1/me/referral/direct-users,referralGetMeReferralDirectUsers,referral,commission.settlement_delay_hours;referral.max_commission_level;referral.binding_mode;referral.relation_change_allowed;referral.attribution_days;referral.block_self_invite;referral.block_same_device;referral.red_packet_principal_commissionable,TST-REF_001-HAPPY;TST-REF_002-HAPPY;TST-REF_ACT_001-HAPPY;TST-REF_ACT_002-HAPPY,B10/B08/P06-P07/P01,R26,READY,FROZEN_CONSTRUCTION_V1.2.2
SCR-REF-005,ANDROID,推广,二级用户,/me/referral/level2,PAGE,MOB-LIST,消费关系统计,已登录用户；公开能力仅限文档明确的H5页面,是+实名,NORMAL,从上级页面、导航入口、通知或业务流程进入,按导航栈返回；成功流程按动作规格进入结果或详情,标题/统计|筛选/排序|列表|分页/加载|空状态,catalogs/ui_page_fields.csv#SCR-REF-005,catalogs/ui_page_states.csv#SCR-REF-005,catalogs/ui_action_matrix.csv#SCR-REF-005,仅允许已登记App Link/内部路由；登录前保存原目标；路由参数校验失败返回模块首页,首屏加载+显式刷新；筛选/排序变化重置分页；翻页去重追加；领域事件仅刷新受影响行,移动端优先cursor；每页20，最大100；下拉刷新重置cursor；item id去重,允许展示明确标记的只读缓存；所有写操作离线禁用；恢复网络后主动校验version,REQ-REF-001;REQ-REF-002;REQ-REF-ACT-001;REQ-REF-ACT-002,GET /api/v1/me/referral/level2-users,referralGetMeReferralLevel2Users,referral,commission.settlement_delay_hours;referral.max_commission_level;referral.binding_mode;referral.relation_change_allowed;referral.attribution_days;referral.block_self_invite;referral.block_same_device;referral.red_packet_principal_commissionable,TST-REF_001-HAPPY;TST-REF_002-HAPPY;TST-REF_ACT_001-HAPPY;TST-REF_ACT_002-HAPPY,B10/B08/P06-P07/P01,R25,READY,FROZEN_CONSTRUCTION_V1.2.2
SCR-REF-006,ANDROID,推广,消费佣金,/me/referral/commissions,PAGE,MOB-WALLET,一级二级明细,已登录用户；公开能力仅限文档明确的H5页面,是+实名,HIGH,从上级页面、导航入口、通知或业务流程进入,按导航栈返回；成功流程按动作规格进入结果或详情,余额/指标摘要|状态说明|筛选|流水列表|规则入口,catalogs/ui_page_fields.csv#SCR-REF-006,catalogs/ui_page_states.csv#SCR-REF-006,catalogs/ui_action_matrix.csv#SCR-REF-006,仅允许已登记App Link/内部路由；登录前保存原目标；路由参数校验失败返回模块首页,页面进入加载；缓存过期/前台恢复/领域事件触发轻量刷新；写操作成功按资源局部刷新,不适用；若子区块为列表，遵循所属平台标准分页模板,允许展示明确标记的只读缓存；所有写操作离线禁用；恢复网络后主动校验version,REQ-REF-001;REQ-REF-002;REQ-REF-ACT-001;REQ-REF-ACT-002,GET /api/v1/me/referral/commissions,referralGetMeReferralCommissions,referral,commission.settlement_delay_hours;referral.max_commission_level;referral.binding_mode;referral.relation_change_allowed;referral.attribution_days;referral.block_self_invite;referral.block_same_device;referral.red_packet_principal_commissionable,TST-REF_001-HAPPY;TST-REF_002-HAPPY;TST-REF_ACT_001-HAPPY;TST-REF_ACT_002-HAPPY,B10/B08/P06-P07/P01,R25,READY,FROZEN_CONSTRUCTION_V1.2.2
SCR-REF-007,ANDROID,推广,直推活跃奖励,/me/referral/activity-rewards,PAGE,MOB-WALLET,档位矩阵和奖励,已登录用户；公开能力仅限文档明确的H5页面,是+实名,HIGH,从上级页面、导航入口、通知或业务流程进入,按导航栈返回；成功流程按动作规格进入结果或详情,余额/指标摘要|状态说明|筛选|流水列表|规则入口,catalogs/ui_page_fields.csv#SCR-REF-007,catalogs/ui_page_states.csv#SCR-REF-007,catalogs/ui_action_matrix.csv#SCR-REF-007,仅允许已登记App Link/内部路由；登录前保存原目标；路由参数校验失败返回模块首页,页面进入加载；缓存过期/前台恢复/领域事件触发轻量刷新；写操作成功按资源局部刷新,不适用；若子区块为列表，遵循所属平台标准分页模板,允许展示明确标记的只读缓存；所有写操作离线禁用；恢复网络后主动校验version,REQ-REF-001;REQ-REF-002;REQ-REF-ACT-001;REQ-REF-ACT-002,GET /api/v1/me/referral/activity-rewards,referralGetMeReferralActivityRewards,referral,commission.settlement_delay_hours;referral.max_commission_level;referral.binding_mode;referral.relation_change_allowed;referral.attribution_days;referral.block_self_invite;referral.block_same_device;referral.red_packet_principal_commissionable,TST-REF_001-HAPPY;TST-REF_002-HAPPY;TST-REF_ACT_001-HAPPY;TST-REF_ACT_002-HAPPY,B10/B08/P06-P07/P01,R26,READY,FROZEN_CONSTRUCTION_V1.2.2
SCR-REF-008,ANDROID,推广,推广规则/教程,/me/referral/rules,PAGE,MOB-DETAIL,规则和违规公告,已登录用户；公开能力仅限文档明确的H5页面,是,NORMAL,从上级页面、导航入口、通知或业务流程进入,按导航栈返回；成功流程按动作规格进入结果或详情,媒体/标题|主体信息|状态与统计|分区详情|固定操作区,catalogs/ui_page_fields.csv#SCR-REF-008,catalogs/ui_page_states.csv#SCR-REF-008,catalogs/ui_action_matrix.csv#SCR-REF-008,仅允许已登记App Link/内部路由；登录前保存原目标；路由参数校验失败返回模块首页,页面进入加载；缓存过期/前台恢复/领域事件触发轻量刷新；写操作成功按资源局部刷新,不适用；若子区块为列表，遵循所属平台标准分页模板,允许展示明确标记的只读缓存；所有写操作离线禁用；恢复网络后主动校验version,REQ-REF-001;REQ-REF-002;REQ-REF-ACT-001;REQ-REF-ACT-002,GET /public-api/v1/agreements/{code},publicGetAgreementsByCode,platform,platform.brand.name;platform.brand.slogan;platform.brand.logo_media_id;platform.customer_service.name;platform.customer_service.contact,TST-REF_001-HAPPY;TST-REF_002-HAPPY;TST-REF_ACT_001-HAPPY;TST-REF_ACT_002-HAPPY,B10/B08/P06-P07/P01,R25,READY,FROZEN_CONSTRUCTION_V1.2.2
SCR-TASK-001,ANDROID,任务,任务中心,/me/tasks,PAGE,MOB-LIST,七日/每日/连续任务,已登录用户；公开能力仅限文档明确的H5页面,是,NORMAL,从上级页面、导航入口、通知或业务流程进入,按导航栈返回；成功流程按动作规格进入结果或详情,标题/统计|筛选/排序|列表|分页/加载|空状态,catalogs/ui_page_fields.csv#SCR-TASK-001,catalogs/ui_page_states.csv#SCR-TASK-001,catalogs/ui_action_matrix.csv#SCR-TASK-001,仅允许已登记App Link/内部路由；登录前保存原目标；路由参数校验失败返回模块首页,首屏加载+显式刷新；筛选/排序变化重置分页；翻页去重追加；领域事件仅刷新受影响行,移动端优先cursor；每页20，最大100；下拉刷新重置cursor；item id去重,允许展示明确标记的只读缓存；所有写操作离线禁用；恢复网络后主动校验version,REQ-TASK-001;REQ-TASK-002,GET /api/v1/tasks;POST /api/v1/tasks/{id}/claim,taskGetTasks;taskPostTasksByIdClaim,task,feature.personal_task_cash_reward;task.enabled;task.daily_point_cap;task.monthly_cash_reward_cap_cent;task.platform_daily_budget_cent;task.platform_monthly_budget_cent;task.incentivized_traffic_excluded_from_organic_rank,TST-TASK_001-HAPPY;TST-TASK_002-HAPPY;TST-TASK_001-IDEMPOTENT;TST-TASK_002-IDEMPOTENT,B10/B08/P06-P07/P01,R27,READY,FROZEN_CONSTRUCTION_V1.2.2
SCR-TASK-002,ANDROID,任务,个人任务积分,/me/tasks/points,PAGE,MOB-WALLET,积分和里程碑,已登录用户；公开能力仅限文档明确的H5页面,是,NORMAL,从上级页面、导航入口、通知或业务流程进入,按导航栈返回；成功流程按动作规格进入结果或详情,余额/指标摘要|状态说明|筛选|流水列表|规则入口,catalogs/ui_page_fields.csv#SCR-TASK-002,catalogs/ui_page_states.csv#SCR-TASK-002,catalogs/ui_action_matrix.csv#SCR-TASK-002,仅允许已登记App Link/内部路由；登录前保存原目标；路由参数校验失败返回模块首页,页面进入加载；缓存过期/前台恢复/领域事件触发轻量刷新；写操作成功按资源局部刷新,不适用；若子区块为列表，遵循所属平台标准分页模板,允许展示明确标记的只读缓存；所有写操作离线禁用；恢复网络后主动校验version,REQ-TASK-001;REQ-TASK-002,GET /api/v1/me/points;GET /api/v1/me/point-ledger,taskGetMePoints;taskGetMePointLedger,task,feature.personal_task_cash_reward;task.enabled;task.daily_point_cap;task.monthly_cash_reward_cap_cent;task.platform_daily_budget_cent;task.platform_monthly_budget_cent;task.incentivized_traffic_excluded_from_organic_rank,TST-TASK_001-HAPPY;TST-TASK_002-HAPPY,B10/B08/P06-P07/P01,R27,READY,FROZEN_CONSTRUCTION_V1.2.2
SCR-REWARD-001,ANDROID,收益,奖励账户,/me/rewards,PAGE,MOB-WALLET,余额分类和来源,已登录、完成实名且资金能力未被冻结的用户,是+实名,HIGH,从上级页面、导航入口、通知或业务流程进入,按导航栈返回；成功流程按动作规格进入结果或详情,余额/指标摘要|状态说明|筛选|流水列表|规则入口,catalogs/ui_page_fields.csv#SCR-REWARD-001,catalogs/ui_page_states.csv#SCR-REWARD-001,catalogs/ui_action_matrix.csv#SCR-REWARD-001,仅允许已登记App Link/内部路由；登录前保存原目标；路由参数校验失败返回模块首页,页面进入加载；缓存过期/前台恢复/领域事件触发轻量刷新；写操作成功按资源局部刷新,不适用；若子区块为列表，遵循所属平台标准分页模板,允许展示明确标记的只读缓存；所有写操作离线禁用；恢复网络后主动校验version,REQ-REWARD-001;REQ-LEDGER-001,GET /api/v1/me/reward-account,rewardGetMeRewardAccount,withdrawal,withdrawal.min_amount_cent.normal;withdrawal.fee.fixed_cent.normal;withdrawal.fee.bps.normal;withdrawal.daily_count.normal;withdrawal.min_amount_cent.month;withdrawal.fee.fixed_cent.month;withdrawal.fee.bps.month;withdrawal.daily_count.month,TST-REWARD_001-HAPPY;TST-LEDGER_001-HAPPY,B09/P01/P03-P08,R24,READY,FROZEN_CONSTRUCTION_V1.2.2
SCR-REWARD-002,ANDROID,收益,奖励明细,/me/rewards/ledger,PAGE,MOB-WALLET,流水筛选,已登录、完成实名且资金能力未被冻结的用户,是+实名,HIGH,从上级页面、导航入口、通知或业务流程进入,按导航栈返回；成功流程按动作规格进入结果或详情,余额/指标摘要|状态说明|筛选|流水列表|规则入口,catalogs/ui_page_fields.csv#SCR-REWARD-002,catalogs/ui_page_states.csv#SCR-REWARD-002,catalogs/ui_action_matrix.csv#SCR-REWARD-002,仅允许已登记App Link/内部路由；登录前保存原目标；路由参数校验失败返回模块首页,页面进入加载；缓存过期/前台恢复/领域事件触发轻量刷新；写操作成功按资源局部刷新,不适用；若子区块为列表，遵循所属平台标准分页模板,允许展示明确标记的只读缓存；所有写操作离线禁用；恢复网络后主动校验version,REQ-REWARD-001;REQ-LEDGER-001,GET /api/v1/me/reward-ledger,rewardGetMeRewardLedger,withdrawal,withdrawal.min_amount_cent.normal;withdrawal.fee.fixed_cent.normal;withdrawal.fee.bps.normal;withdrawal.daily_count.normal;withdrawal.min_amount_cent.month;withdrawal.fee.fixed_cent.month;withdrawal.fee.bps.month;withdrawal.daily_count.month,TST-REWARD_001-HAPPY;TST-LEDGER_001-HAPPY,B09/P01/P03-P08,R24,READY,FROZEN_CONSTRUCTION_V1.2.2
SCR-WD-001,ANDROID,提现,绑定支付宝,/me/withdrawal/account,PAGE,MOB-FORM,账户和姓名校验,已登录、完成实名且资金能力未被冻结的用户,是+实名,CRITICAL,从上级页面、导航入口、通知或业务流程进入,按导航栈返回；成功流程按动作规格进入结果或详情,步骤/标题|字段分组|媒体上传|预览|底部保存/提交,catalogs/ui_page_fields.csv#SCR-WD-001,catalogs/ui_page_states.csv#SCR-WD-001,catalogs/ui_action_matrix.csv#SCR-WD-001,仅允许已登记App Link/内部路由；登录前保存原目标；路由参数校验失败返回模块首页,初始化按需加载；写操作后仅刷新受影响数据；禁止无差别全局缓存清空,不适用；若子区块为列表，遵循所属平台标准分页模板,不支持离线写入；网络不可用时保留安全可保留输入并提供重试,REQ-WD-001;REQ-LEDGER-001,GET /api/v1/me/payout-account;PUT /api/v1/me/payout-account,withdrawalGetMePayoutAccount;withdrawalPutMePayoutAccount,withdrawal,withdrawal.min_amount_cent.normal;withdrawal.fee.fixed_cent.normal;withdrawal.fee.bps.normal;withdrawal.daily_count.normal;withdrawal.min_amount_cent.month;withdrawal.fee.fixed_cent.month;withdrawal.fee.bps.month;withdrawal.daily_count.month,TST-WD_001-HAPPY;TST-LEDGER_001-HAPPY;TST-WD_001-IDEMPOTENT;TST-LEDGER_001-IDEMPOTENT,B09/P01/P03-P08,R24,READY,FROZEN_CONSTRUCTION_V1.2.2
SCR-WD-002,ANDROID,提现,申请提现,/me/withdrawal/create,PAGE,MOB-CHECKOUT,金额、手续费、到账,已登录、完成实名且资金能力未被冻结的用户,是+实名,CRITICAL,从上级页面、导航入口、通知或业务流程进入,按导航栈返回；成功流程按动作规格进入结果或详情,商品/金额摘要|权益/费用|协议确认|支付方式|主操作|结果查询,catalogs/ui_page_fields.csv#SCR-WD-002,catalogs/ui_page_states.csv#SCR-WD-002,catalogs/ui_action_matrix.csv#SCR-WD-002,仅允许已登记App Link/内部路由；登录前保存原目标；路由参数校验失败返回模块首页,初始化按需加载；写操作后仅刷新受影响数据；禁止无差别全局缓存清空,不适用；若子区块为列表，遵循所属平台标准分页模板,不支持离线写入；网络不可用时保留安全可保留输入并提供重试,REQ-WD-001;REQ-LEDGER-001,POST /api/v1/withdrawals/quote;POST /api/v1/withdrawals,withdrawalPostWithdrawalsQuote;withdrawalPostWithdrawals,withdrawal,withdrawal.min_amount_cent.normal;withdrawal.fee.fixed_cent.normal;withdrawal.fee.bps.normal;withdrawal.daily_count.normal;withdrawal.min_amount_cent.month;withdrawal.fee.fixed_cent.month;withdrawal.fee.bps.month;withdrawal.daily_count.month,TST-WD_001-HAPPY;TST-LEDGER_001-HAPPY;TST-WD_001-IDEMPOTENT;TST-LEDGER_001-IDEMPOTENT,B09/P01/P03-P08,R24,READY,FROZEN_CONSTRUCTION_V1.2.2
SCR-WD-003,ANDROID,提现,提现记录,/me/withdrawal/history,PAGE,MOB-WALLET,状态和详情,已登录、完成实名且资金能力未被冻结的用户,是+实名,HIGH,从上级页面、导航入口、通知或业务流程进入,按导航栈返回；成功流程按动作规格进入结果或详情,余额/指标摘要|状态说明|筛选|流水列表|规则入口,catalogs/ui_page_fields.csv#SCR-WD-003,catalogs/ui_page_states.csv#SCR-WD-003,catalogs/ui_action_matrix.csv#SCR-WD-003,仅允许已登记App Link/内部路由；登录前保存原目标；路由参数校验失败返回模块首页,页面进入加载；缓存过期/前台恢复/领域事件触发轻量刷新；写操作成功按资源局部刷新,不适用；若子区块为列表，遵循所属平台标准分页模板,允许展示明确标记的只读缓存；所有写操作离线禁用；恢复网络后主动校验version,REQ-WD-001;REQ-LEDGER-001,GET /api/v1/me/withdrawals,withdrawalGetMeWithdrawals,withdrawal,withdrawal.min_amount_cent.normal;withdrawal.fee.fixed_cent.normal;withdrawal.fee.bps.normal;withdrawal.daily_count.normal;withdrawal.min_amount_cent.month;withdrawal.fee.fixed_cent.month;withdrawal.fee.bps.month;withdrawal.daily_count.month,TST-WD_001-HAPPY;TST-LEDGER_001-HAPPY,B09/P01/P03-P08,R24,READY,FROZEN_CONSTRUCTION_V1.2.2
SCR-ID-001,ANDROID,实名,实名认证首页,/me/identity,PAGE,MOB-HOME,状态和开始,已登录用户；公开能力仅限文档明确的H5页面,是,NORMAL,从上级页面、导航入口、通知或业务流程进入,按导航栈返回；成功流程按动作规格进入结果或详情,顶栏|状态/资产摘要|模块化内容区|底部导航,catalogs/ui_page_fields.csv#SCR-ID-001,catalogs/ui_page_states.csv#SCR-ID-001,catalogs/ui_action_matrix.csv#SCR-ID-001,仅允许已登记App Link/内部路由；登录前保存原目标；路由参数校验失败返回模块首页,模块独立加载和刷新；局部失败不清空成功模块；展示数据更新时间,不适用；若子区块为列表，遵循所属平台标准分页模板,允许展示明确标记的只读缓存；所有写操作离线禁用；恢复网络后主动校验version,REQ-ID-001;REQ-ID-002,POST /api/v1/identity/sessions;GET /api/v1/me,identityPostIdentitySessions;userGetMe,identity;auth,identity.active_provider;identity.provider.appcode;identity.liveness.token_url;identity.liveness.result_url;identity.face_compare.url;identity.max_daily_attempts;identity.one_id_one_account;identity.liveness.poll_interval_ms;auth.default_login_method;auth.security_challenge.provider;auth.security_challenge.mode;auth.password.min_length;auth.password.max_length;auth.password.max_failures;auth.password.lock_seconds;auth.invite.app_required,TST-ID_001-HAPPY;TST-ID_002-HAPPY;TST-ID_001-IDEMPOTENT;TST-ID_002-IDEMPOTENT,B12/P01-P08,R05,READY,FROZEN_CONSTRUCTION_V1.2.2
SCR-ID-002,ANDROID,实名,实名信息输入,/me/identity/form,PAGE,MOB-FORM,姓名身份证,已登录用户；公开能力仅限文档明确的H5页面,是,CRITICAL,从上级页面、导航入口、通知或业务流程进入,按导航栈返回；成功流程按动作规格进入结果或详情,步骤/标题|字段分组|媒体上传|预览|底部保存/提交,catalogs/ui_page_fields.csv#SCR-ID-002,catalogs/ui_page_states.csv#SCR-ID-002,catalogs/ui_action_matrix.csv#SCR-ID-002,仅允许已登记App Link/内部路由；登录前保存原目标；路由参数校验失败返回模块首页,初始化按需加载；写操作后仅刷新受影响数据；禁止无差别全局缓存清空,不适用；若子区块为列表，遵循所属平台标准分页模板,不支持离线写入；网络不可用时保留安全可保留输入并提供重试,REQ-ID-001;REQ-ID-002,POST /api/v1/identity/sessions,identityPostIdentitySessions,identity,identity.active_provider;identity.provider.appcode;identity.liveness.token_url;identity.liveness.result_url;identity.face_compare.url;identity.max_daily_attempts;identity.one_id_one_account;identity.liveness.poll_interval_ms,TST-ID_001-HAPPY;TST-ID_002-HAPPY;TST-ID_001-IDEMPOTENT;TST-ID_002-IDEMPOTENT,B12/P01-P08,R05,READY,FROZEN_CONSTRUCTION_V1.2.2
SCR-ID-003,ANDROID,实名,活体检测容器,/me/identity/liveness,PAGE,MOB-TIMED-TASK,H5相机权限,已登录用户；公开能力仅限文档明确的H5页面,是,NORMAL,从上级页面、导航入口、通知或业务流程进入,按导航栈返回；成功流程按动作规格进入结果或详情,任务说明|资格/进度|主内容|心跳状态|完成/失败结果,catalogs/ui_page_fields.csv#SCR-ID-003,catalogs/ui_page_states.csv#SCR-ID-003,catalogs/ui_action_matrix.csv#SCR-ID-003,仅允许已登记App Link/内部路由；登录前保存原目标；路由参数校验失败返回模块首页,初始化按需加载；写操作后仅刷新受影响数据；禁止无差别全局缓存清空,不适用；若子区块为列表，遵循所属平台标准分页模板,不支持离线写入；网络不可用时保留安全可保留输入并提供重试,REQ-ID-001;REQ-ID-002,POST /api/v1/identity/sessions/{id}/liveness-token;GET /api/v1/identity/sessions/{id},identityPostIdentitySessionsByIdLivenessToken;identityGetIdentitySessionsById,identity,identity.active_provider;identity.provider.appcode;identity.liveness.token_url;identity.liveness.result_url;identity.face_compare.url;identity.max_daily_attempts;identity.one_id_one_account;identity.liveness.poll_interval_ms,TST-ID_001-HAPPY;TST-ID_002-HAPPY;TST-ID_001-IDEMPOTENT;TST-ID_002-IDEMPOTENT,B12/P01-P08,R05,READY,FROZEN_CONSTRUCTION_V1.2.2
SCR-ID-004,ANDROID,实名,实名结果,/me/identity/result,PAGE,MOB-STATUS,成功/失败/人工,已登录用户；公开能力仅限文档明确的H5页面,是,NORMAL,从上级页面、导航入口、通知或业务流程进入,按导航栈返回；成功流程按动作规格进入结果或详情,状态图标|主结论|原因/下一步|主操作|辅助信息,catalogs/ui_page_fields.csv#SCR-ID-004,catalogs/ui_page_states.csv#SCR-ID-004,catalogs/ui_action_matrix.csv#SCR-ID-004,仅允许已登记App Link/内部路由；登录前保存原目标；路由参数校验失败返回模块首页,初始化按需加载；写操作后仅刷新受影响数据；禁止无差别全局缓存清空,不适用；若子区块为列表，遵循所属平台标准分页模板,不支持离线写入；网络不可用时保留安全可保留输入并提供重试,REQ-ID-001;REQ-ID-002,GET /api/v1/identity/sessions/{id};POST /api/v1/identity/sessions/{id}/retry,identityGetIdentitySessionsById;identityPostIdentitySessionsByIdRetry,identity,identity.active_provider;identity.provider.appcode;identity.liveness.token_url;identity.liveness.result_url;identity.face_compare.url;identity.max_daily_attempts;identity.one_id_one_account;identity.liveness.poll_interval_ms,TST-ID_001-HAPPY;TST-ID_002-HAPPY;TST-ID_001-IDEMPOTENT;TST-ID_002-IDEMPOTENT,B12/P01-P08,R05,READY,FROZEN_CONSTRUCTION_V1.2.2
SCR-SUPPORT-001,ANDROID,客服,帮助中心,/support/help,PAGE,MOB-LIST,分类和搜索,已登录用户；公开能力仅限文档明确的H5页面,是,NORMAL,从上级页面、导航入口、通知或业务流程进入,按导航栈返回；成功流程按动作规格进入结果或详情,标题/统计|筛选/排序|列表|分页/加载|空状态,catalogs/ui_page_fields.csv#SCR-SUPPORT-001,catalogs/ui_page_states.csv#SCR-SUPPORT-001,catalogs/ui_action_matrix.csv#SCR-SUPPORT-001,仅允许已登记App Link/内部路由；登录前保存原目标；路由参数校验失败返回模块首页,首屏加载+显式刷新；筛选/排序变化重置分页；翻页去重追加；领域事件仅刷新受影响行,移动端优先cursor；每页20，最大100；下拉刷新重置cursor；item id去重,允许展示明确标记的只读缓存；所有写操作离线禁用；恢复网络后主动校验version,REQ-SUPPORT-001,GET /api/v1/help/articles,supportGetHelpArticles,system,system.maintenance.enabled;system.maintenance.message;system.registration.enabled;system.publish.enabled;system.red_packet.enabled;system.withdrawal.enabled,TST-SUPPORT_001-HAPPY,B12/P01-P08,R15,READY,FROZEN_CONSTRUCTION_V1.2.2
SCR-SUPPORT-002,ANDROID,客服,创建工单,/support/tickets/create,PAGE,MOB-FORM,类型、关联单、附件,已登录用户；公开能力仅限文档明确的H5页面,是,NORMAL,从上级页面、导航入口、通知或业务流程进入,按导航栈返回；成功流程按动作规格进入结果或详情,步骤/标题|字段分组|媒体上传|预览|底部保存/提交,catalogs/ui_page_fields.csv#SCR-SUPPORT-002,catalogs/ui_page_states.csv#SCR-SUPPORT-002,catalogs/ui_action_matrix.csv#SCR-SUPPORT-002,仅允许已登记App Link/内部路由；登录前保存原目标；路由参数校验失败返回模块首页,初始化按需加载；写操作后仅刷新受影响数据；禁止无差别全局缓存清空,不适用；若子区块为列表，遵循所属平台标准分页模板,不支持离线写入；网络不可用时保留安全可保留输入并提供重试,REQ-SUPPORT-001,POST /api/v1/support/tickets,supportPostSupportTickets,system,system.maintenance.enabled;system.maintenance.message;system.registration.enabled;system.publish.enabled;system.red_packet.enabled;system.withdrawal.enabled,TST-SUPPORT_001-HAPPY;TST-SUPPORT_001-IDEMPOTENT,B12/P01-P08,R15,READY,FROZEN_CONSTRUCTION_V1.2.2
SCR-SUPPORT-003,ANDROID,客服,工单列表,/support/tickets,PAGE,MOB-LIST,状态筛选,已登录用户；公开能力仅限文档明确的H5页面,是,NORMAL,从上级页面、导航入口、通知或业务流程进入,按导航栈返回；成功流程按动作规格进入结果或详情,标题/统计|筛选/排序|列表|分页/加载|空状态,catalogs/ui_page_fields.csv#SCR-SUPPORT-003,catalogs/ui_page_states.csv#SCR-SUPPORT-003,catalogs/ui_action_matrix.csv#SCR-SUPPORT-003,仅允许已登记App Link/内部路由；登录前保存原目标；路由参数校验失败返回模块首页,首屏加载+显式刷新；筛选/排序变化重置分页；翻页去重追加；领域事件仅刷新受影响行,移动端优先cursor；每页20，最大100；下拉刷新重置cursor；item id去重,允许展示明确标记的只读缓存；所有写操作离线禁用；恢复网络后主动校验version,REQ-SUPPORT-001,GET /api/v1/support/tickets,supportGetSupportTickets,system,system.maintenance.enabled;system.maintenance.message;system.registration.enabled;system.publish.enabled;system.red_packet.enabled;system.withdrawal.enabled,TST-SUPPORT_001-HAPPY,B12/P01-P08,R15,READY,FROZEN_CONSTRUCTION_V1.2.2
SCR-SUPPORT-004,ANDROID,客服,工单详情,/support/tickets/{id},PAGE,MOB-DETAIL,回复和补充材料,已登录用户；公开能力仅限文档明确的H5页面,是,HIGH,从列表、通知、分享深链或关联业务入口进入，路由参数必须完整,返回来源页并同步资源最新状态；来源失效时回到所属模块首页,媒体/标题|主体信息|状态与统计|分区详情|固定操作区,catalogs/ui_page_fields.csv#SCR-SUPPORT-004,catalogs/ui_page_states.csv#SCR-SUPPORT-004,catalogs/ui_action_matrix.csv#SCR-SUPPORT-004,仅允许已登记App Link/内部路由；登录前保存原目标；路由参数校验失败返回模块首页,页面进入加载；缓存过期/前台恢复/领域事件触发轻量刷新；写操作成功按资源局部刷新,不适用；若子区块为列表，遵循所属平台标准分页模板,允许展示明确标记的只读缓存；所有写操作离线禁用；恢复网络后主动校验version,REQ-SUPPORT-001,GET /api/v1/support/tickets/{id};POST /api/v1/support/tickets/{id}/messages,supportGetSupportTicketsById;supportPostSupportTicketsByIdMessages,system,system.maintenance.enabled;system.maintenance.message;system.registration.enabled;system.publish.enabled;system.red_packet.enabled;system.withdrawal.enabled,TST-SUPPORT_001-HAPPY;TST-SUPPORT_001-IDEMPOTENT,B12/P01-P08,R15,READY,FROZEN_CONSTRUCTION_V1.2.2
SCR-SET-001,ANDROID,设置,设置,/me/settings,PAGE,MOB-SETTINGS,通知、缓存、关于、退出,已登录用户；公开能力仅限文档明确的H5页面,是,NORMAL,从上级页面、导航入口、通知或业务流程进入,按导航栈返回；成功流程按动作规格进入结果或详情,账号摘要|设置分组|状态/风险|操作入口,catalogs/ui_page_fields.csv#SCR-SET-001,catalogs/ui_page_states.csv#SCR-SET-001,catalogs/ui_action_matrix.csv#SCR-SET-001,仅允许已登记App Link/内部路由；登录前保存原目标；路由参数校验失败返回模块首页,初始化按需加载；写操作后仅刷新受影响数据；禁止无差别全局缓存清空,不适用；若子区块为列表，遵循所属平台标准分页模板,不支持离线写入；网络不可用时保留安全可保留输入并提供重试,REQ-NOTIFY-001,POST /api/v1/auth/logout;PATCH /api/v1/me/profile,authPostAuthLogout;userPatchMeProfile,auth,auth.default_login_method;auth.security_challenge.provider;auth.security_challenge.mode;auth.password.min_length;auth.password.max_length;auth.password.max_failures;auth.password.lock_seconds;auth.invite.app_required,TST-NOTIFY_001-HAPPY;TST-NOTIFY_001-IDEMPOTENT,B12/P01-P08,R15,READY,FROZEN_CONSTRUCTION_V1.2.2
SCR-ABOUT-001,ANDROID,设置,关于与检查更新,/me/about,PAGE,MOB-SETTINGS,版本、协议、下载页,已登录用户；公开能力仅限文档明确的H5页面,是,NORMAL,从上级页面、导航入口、通知或业务流程进入,按导航栈返回；成功流程按动作规格进入结果或详情,账号摘要|设置分组|状态/风险|操作入口,catalogs/ui_page_fields.csv#SCR-ABOUT-001,catalogs/ui_page_states.csv#SCR-ABOUT-001,catalogs/ui_action_matrix.csv#SCR-ABOUT-001,仅允许已登记App Link/内部路由；登录前保存原目标；路由参数校验失败返回模块首页,初始化按需加载；写操作后仅刷新受影响数据；禁止无差别全局缓存清空,不适用；若子区块为列表，遵循所属平台标准分页模板,不支持离线写入；网络不可用时保留安全可保留输入并提供重试,REQ-APP-RELEASE-001,POST /public-api/v1/app/version-check;GET /public-api/v1/agreements/{code},appReleasePostAppVersionCheck;publicGetAgreementsByCode,app_build;platform,app.android.application_id;app.android.staging_application_id;app.android.display_name;app.android.signing.staging_profile;app.android.signing.production_profile;app.build.runner;app.build.allowed_ref_patterns;app.build.artifact_storage_scope;platform.brand.name;platform.brand.slogan;platform.brand.logo_media_id;platform.customer_service.name;platform.customer_service.contact,TST-APP_RELEASE_001-HAPPY,B12/P01-P08,R06,READY,FROZEN_CONSTRUCTION_V1.2.2
SHEET-MEDIA-001,ANDROID,通用组件,媒体上传管理器,sheet://media-upload,SHEET,MOB-SHEET,创建上传会话、分片/直传进度、失败重试、完成确认、删除未绑定媒体；被发布、资料、工单等页面复用,已登录用户；公开能力仅限文档明确的H5页面,登录后,NORMAL,由拥有该动作的页面显式打开，携带不可变目标快照,成功后向调用页回传结果并关闭；取消恢复触发控件焦点,拖拽柄/标题|说明|字段/选项|主次操作,catalogs/ui_page_fields.csv#SHEET-MEDIA-001,catalogs/ui_page_states.csv#SHEET-MEDIA-001,catalogs/ui_action_matrix.csv#SHEET-MEDIA-001,禁止外部深链直接打开；必须由受信任调用页创建上下文,初始化按需加载；写操作后仅刷新受影响数据；禁止无差别全局缓存清空,不适用；若子区块为列表，遵循所属平台标准分页模板,不支持离线写入；网络不可用时保留安全可保留输入并提供重试,REQ-MEDIA-001;REQ-PAGE-SPEC-001,POST /api/v1/media/upload-sessions;POST /api/v1/media/upload-sessions/{id}/complete;DELETE /api/v1/media/{id},mediaPostMediaUploadSessions;mediaPostMediaUploadSessionsByIdComplete;mediaDeleteMediaById,storage;content,storage.default_provider;storage.scope.public_media.provider;storage.scope.private_kyc.provider;storage.scope.private_chat.provider;storage.scope.audit_evidence.provider;storage.scope.apk_release.provider;storage.scope.backup.provider;storage.r2.account_id;content.limit.normal.online;content.limit.month.online;content.limit.quarter.online;content.limit.year.online;content.team_leader_per_account;content.limit.normal.pending;content.limit.normal.drafts;content.limit.normal.daily_submissions,TST-V122-001;TST-V122-002;TST-V122-003,,R04,READY,FROZEN_CONSTRUCTION_V1.2.2
DIALOG-SEARCH-001,ANDROID,搜索,清空搜索历史确认,dialog://search-history-clear,DIALOG,MOB-SHEET,展示不可恢复提示并二次确认清空当前账号搜索历史,已登录用户；公开能力仅限文档明确的H5页面,登录后,NORMAL,由拥有该动作的页面显式打开，携带不可变目标快照,成功后向调用页回传结果并关闭；取消恢复触发控件焦点,拖拽柄/标题|说明|字段/选项|主次操作,catalogs/ui_page_fields.csv#DIALOG-SEARCH-001,catalogs/ui_page_states.csv#DIALOG-SEARCH-001,catalogs/ui_action_matrix.csv#DIALOG-SEARCH-001,禁止外部深链直接打开；必须由受信任调用页创建上下文,初始化按需加载；写操作后仅刷新受影响数据；禁止无差别全局缓存清空,不适用；若子区块为列表，遵循所属平台标准分页模板,不支持离线写入；网络不可用时保留安全可保留输入并提供重试,REQ-SEARCH-001;REQ-PAGE-SPEC-001,DELETE /api/v1/search/history,searchDeleteSearchHistory,search;content;analytics,search.default_page_size;search.hot_keywords.max_count;content.limit.normal.online;content.limit.month.online;content.limit.quarter.online;content.limit.year.online;content.team_leader_per_account;content.limit.normal.pending;content.limit.normal.drafts;content.limit.normal.daily_submissions;analytics.event.retention_days;analytics.traffic_types,TST-V122-004,,R07,READY,FROZEN_CONSTRUCTION_V1.2.2
SHEET-CONTENT-INVALID-001,ANDROID,内容,联系方式失效反馈,sheet://content-invalid-feedback,SHEET,MOB-SHEET,选择二维码、链接或联系方式失效原因，补充说明并提交反馈,已登录用户；公开能力仅限文档明确的H5页面,登录后,HIGH,由拥有该动作的页面显式打开，携带不可变目标快照,成功后向调用页回传结果并关闭；取消恢复触发控件焦点,拖拽柄/标题|说明|字段/选项|主次操作,catalogs/ui_page_fields.csv#SHEET-CONTENT-INVALID-001,catalogs/ui_page_states.csv#SHEET-CONTENT-INVALID-001,catalogs/ui_action_matrix.csv#SHEET-CONTENT-INVALID-001,禁止外部深链直接打开；必须由受信任调用页创建上下文,初始化按需加载；写操作后仅刷新受影响数据；禁止无差别全局缓存清空,不适用；若子区块为列表，遵循所属平台标准分页模板,不支持离线写入；网络不可用时保留安全可保留输入并提供重试,REQ-ACTIVITY-001;REQ-CONTACT-001,POST /api/v1/contents/{id}/invalid-feedback,contentPostContentsByIdInvalidFeedback,content;storage;analytics,content.limit.normal.online;content.limit.month.online;content.limit.quarter.online;content.limit.year.online;content.team_leader_per_account;content.limit.normal.pending;content.limit.normal.drafts;content.limit.normal.daily_submissions;storage.default_provider;storage.scope.public_media.provider;storage.scope.private_kyc.provider;storage.scope.private_chat.provider;storage.scope.audit_evidence.provider;storage.scope.apk_release.provider;storage.scope.backup.provider;storage.r2.account_id;analytics.event.retention_days;analytics.traffic_types,TST-V122-005,,R13,READY,FROZEN_CONSTRUCTION_V1.2.2
DIALOG-CHAT-BLOCK-001,ANDROID,消息,拉黑与解除拉黑确认,dialog://chat-block,DIALOG,MOB-SHEET,展示影响范围、原因输入和二次确认；支持拉黑与解除拉黑,已登录用户；公开能力仅限文档明确的H5页面,登录后,NORMAL,由拥有该动作的页面显式打开，携带不可变目标快照,成功后向调用页回传结果并关闭；取消恢复触发控件焦点,拖拽柄/标题|说明|字段/选项|主次操作,catalogs/ui_page_fields.csv#DIALOG-CHAT-BLOCK-001,catalogs/ui_page_states.csv#DIALOG-CHAT-BLOCK-001,catalogs/ui_action_matrix.csv#DIALOG-CHAT-BLOCK-001,禁止外部深链直接打开；必须由受信任调用页创建上下文,初始化按需加载；写操作后仅刷新受影响数据；禁止无差别全局缓存清空,不适用；若子区块为列表，遵循所属平台标准分页模板,不支持离线写入；网络不可用时保留安全可保留输入并提供重试,REQ-CHAT-002,POST /api/v1/users/{id}/block;DELETE /api/v1/users/{id}/block,chatPostUsersByIdBlock;chatDeleteUsersByIdBlock,chat;notification,chat.stranger.daily_conversation_limit;chat.message.per_minute_limit;chat.image.max_mb;chat.history.retention_days;notification.marketing.default_enabled;notification.quiet_hours.start;notification.quiet_hours.end,TST-V122-007;TST-V122-008,,R14,READY,FROZEN_CONSTRUCTION_V1.2.2
DIALOG-CHAT-DELETE-001,ANDROID,消息,删除会话确认,dialog://chat-delete,DIALOG,MOB-SHEET,明确仅删除当前用户会话视图，不删除对方消息记录；二次确认,已登录用户；公开能力仅限文档明确的H5页面,登录后,NORMAL,由拥有该动作的页面显式打开，携带不可变目标快照,成功后向调用页回传结果并关闭；取消恢复触发控件焦点,拖拽柄/标题|说明|字段/选项|主次操作,catalogs/ui_page_fields.csv#DIALOG-CHAT-DELETE-001,catalogs/ui_page_states.csv#DIALOG-CHAT-DELETE-001,catalogs/ui_action_matrix.csv#DIALOG-CHAT-DELETE-001,禁止外部深链直接打开；必须由受信任调用页创建上下文,初始化按需加载；写操作后仅刷新受影响数据；禁止无差别全局缓存清空,不适用；若子区块为列表，遵循所属平台标准分页模板,不支持离线写入；网络不可用时保留安全可保留输入并提供重试,REQ-CHAT-002,DELETE /api/v1/conversations/{id},chatDeleteConversationsById,chat;notification,chat.stranger.daily_conversation_limit;chat.message.per_minute_limit;chat.image.max_mb;chat.history.retention_days;notification.marketing.default_enabled;notification.quiet_hours.start;notification.quiet_hours.end,TST-V122-006,,R14,READY,FROZEN_CONSTRUCTION_V1.2.2
SCR-SUPPORT-005,ANDROID,客服,帮助文章详情,/support/help/{id},PAGE,MOB-DETAIL,文章正文、目录锚点、更新时间、相关问题和创建工单入口,已登录用户；公开能力仅限文档明确的H5页面,登录后,NORMAL,从列表、通知、分享深链或关联业务入口进入，路由参数必须完整,返回来源页并同步资源最新状态；来源失效时回到所属模块首页,媒体/标题|主体信息|状态与统计|分区详情|固定操作区,catalogs/ui_page_fields.csv#SCR-SUPPORT-005,catalogs/ui_page_states.csv#SCR-SUPPORT-005,catalogs/ui_action_matrix.csv#SCR-SUPPORT-005,仅允许已登记App Link/内部路由；登录前保存原目标；路由参数校验失败返回模块首页,页面进入加载；缓存过期/前台恢复/领域事件触发轻量刷新；写操作成功按资源局部刷新,不适用；若子区块为列表，遵循所属平台标准分页模板,允许展示明确标记的只读缓存；所有写操作离线禁用；恢复网络后主动校验version,REQ-SUPPORT-001,GET /api/v1/help/articles/{id},supportGetHelpArticlesById,operations;notification;storage,ops.backup.rpo_minutes;ops.recovery.rto_minutes;ops.audit_log.retention_days;ops.security_event.retention_days;ops.alert.error_rate_percent;ops.alert.api_p95_ms;notification.marketing.default_enabled;notification.quiet_hours.start;notification.quiet_hours.end;storage.default_provider;storage.scope.public_media.provider;storage.scope.private_kyc.provider;storage.scope.private_chat.provider;storage.scope.audit_evidence.provider;storage.scope.apk_release.provider;storage.scope.backup.provider;storage.r2.account_id,TST-V122-010,,R15,READY,FROZEN_CONSTRUCTION_V1.2.2
H5-001,H5,H5,品牌宣传下载页,/,PAGE,H5-LANDING,品牌官网式页面、下载APK,公开访客或从分享/邀请/支付/实名流程进入的用户,公开,NORMAL,外部链接、搜索引擎、分享卡片、邀请链接、支付/实名回跳或App内WebView,优先返回App或来源页；无App环境时进入下载/帮助；禁止回到含敏感参数的URL,SEO头|Hero|信任信息|功能区|下载CTA|页脚,catalogs/ui_page_fields.csv#H5-001,catalogs/ui_page_states.csv#H5-001,catalogs/ui_action_matrix.csv#H5-001,允许HTTPS外链；查询参数白名单；邀请/归因/state使用一次性或签名校验,初始化按需加载；写操作后仅刷新受影响数据；禁止无差别全局缓存清空,不适用；若子区块为列表，遵循所属平台标准分页模板,公开正文可使用SSR缓存；支付、实名回跳和动态状态不得用缓存替代服务端查询,REQ-H5-001;REQ-APP-RELEASE-001,GET /public-api/v1/home-page;GET /public-api/v1/app/latest,publicGetHomePage;publicGetAppLatest,platform,platform.brand.name;platform.brand.slogan;platform.brand.logo_media_id;platform.customer_service.name;platform.customer_service.contact,TST-H5_001-HAPPY;TST-APP_RELEASE_001-HAPPY,B02/B11/B12/-,R28,READY,FROZEN_CONSTRUCTION_V1.2.2
H5-002,H5,H5,安装教程,/install-guide,PAGE,H5-LANDING,未知来源安装和常见问题,公开访客或从分享/邀请/支付/实名流程进入的用户,公开,NORMAL,外部链接、搜索引擎、分享卡片、邀请链接、支付/实名回跳或App内WebView,优先返回App或来源页；无App环境时进入下载/帮助；禁止回到含敏感参数的URL,SEO头|Hero|信任信息|功能区|下载CTA|页脚,catalogs/ui_page_fields.csv#H5-002,catalogs/ui_page_states.csv#H5-002,catalogs/ui_action_matrix.csv#H5-002,允许HTTPS外链；查询参数白名单；邀请/归因/state使用一次性或签名校验,初始化按需加载；写操作后仅刷新受影响数据；禁止无差别全局缓存清空,不适用；若子区块为列表，遵循所属平台标准分页模板,公开正文可使用SSR缓存；支付、实名回跳和动态状态不得用缓存替代服务端查询,REQ-H5-001,GET /public-api/v1/app/latest;GET /public-api/v1/help/articles/{id},publicGetAppLatest;publicGetHelpArticlesById,platform,platform.brand.name;platform.brand.slogan;platform.brand.logo_media_id;platform.customer_service.name;platform.customer_service.contact,TST-H5_001-HAPPY,B02/B11/B12/-,R28,READY,FROZEN_CONSTRUCTION_V1.2.2
H5-003,H5,H5,邀请落地页,/invite/{code},PAGE,H5-LANDING,邀请信息、下载归因,公开访客或从分享/邀请/支付/实名流程进入的用户,公开,NORMAL,外部链接、搜索引擎、分享卡片、邀请链接、支付/实名回跳或App内WebView,优先返回App或来源页；无App环境时进入下载/帮助；禁止回到含敏感参数的URL,SEO头|Hero|信任信息|功能区|下载CTA|页脚,catalogs/ui_page_fields.csv#H5-003,catalogs/ui_page_states.csv#H5-003,catalogs/ui_action_matrix.csv#H5-003,允许HTTPS外链；查询参数白名单；邀请/归因/state使用一次性或签名校验,初始化按需加载；写操作后仅刷新受影响数据；禁止无差别全局缓存清空,不适用；若子区块为列表，遵循所属平台标准分页模板,公开正文可使用SSR缓存；支付、实名回跳和动态状态不得用缓存替代服务端查询,REQ-REF-002;REQ-H5-001,GET /public-api/v1/invite/{code};GET /public-api/v1/app/latest,publicGetInviteByCode;publicGetAppLatest,platform,platform.brand.name;platform.brand.slogan;platform.brand.logo_media_id;platform.customer_service.name;platform.customer_service.contact,TST-REF_002-HAPPY;TST-H5_001-HAPPY,TOKENS_ONLY/-,R28,READY,FROZEN_CONSTRUCTION_V1.2.2
H5-013,H5,H5,H5邀请注册页,/invite/{code}/register,PAGE,MOB-AUTH-FORM,邀请码必填，密码注册+安全验证+阿里云短信，成功跳下载页,公开访客或从分享/邀请/支付/实名流程进入的用户,公开,NORMAL,外部链接、搜索引擎、分享卡片、邀请链接、支付/实名回跳或App内WebView,优先返回App或来源页；无App环境时进入下载/帮助；禁止回到含敏感参数的URL,品牌/标题|表单|安全挑战|协议|主操作|辅助入口,catalogs/ui_page_fields.csv#H5-013,catalogs/ui_page_states.csv#H5-013,catalogs/ui_action_matrix.csv#H5-013,允许HTTPS外链；查询参数白名单；邀请/归因/state使用一次性或签名校验,初始化按需加载；写操作后仅刷新受影响数据；禁止无差别全局缓存清空,不适用；若子区块为列表，遵循所属平台标准分页模板,公开正文可使用SSR缓存；支付、实名回跳和动态状态不得用缓存替代服务端查询,REQ-AUTH-005,GET /public-api/v1/invite/{code}/registration-config;POST /api/v1/auth/security-challenges;POST /api/v1/auth/sms/send;POST /api/v1/auth/register,publicGetInviteByCodeRegistrationConfig;authPostAuthSecurityChallenges;authPostAuthSmsSend;authPostAuthRegister,platform;auth,platform.brand.name;platform.brand.slogan;platform.brand.logo_media_id;platform.customer_service.name;platform.customer_service.contact;auth.default_login_method;auth.security_challenge.provider;auth.security_challenge.mode;auth.password.min_length;auth.password.max_length;auth.password.max_failures;auth.password.lock_seconds;auth.invite.app_required,TST-AUTH_005-HAPPY;TST-AUTH_005-IDEMPOTENT,TOKENS_ONLY/-,R02,READY,FROZEN_CONSTRUCTION_V1.2.2
H5-004,H5,H5,项目分享页,/share/project/{id},PAGE,H5-SHARE,项目预览和下载引导,公开访客或从分享/邀请/支付/实名流程进入的用户,公开,NORMAL,外部链接、搜索引擎、分享卡片、邀请链接、支付/实名回跳或App内WebView,优先返回App或来源页；无App环境时进入下载/帮助；禁止回到含敏感参数的URL,SEO预览|内容摘要|发布者|安全遮罩|下载/打开App CTA,catalogs/ui_page_fields.csv#H5-004,catalogs/ui_page_states.csv#H5-004,catalogs/ui_action_matrix.csv#H5-004,允许HTTPS外链；查询参数白名单；邀请/归因/state使用一次性或签名校验,初始化按需加载；写操作后仅刷新受影响数据；禁止无差别全局缓存清空,不适用；若子区块为列表，遵循所属平台标准分页模板,公开正文可使用SSR缓存；支付、实名回跳和动态状态不得用缓存替代服务端查询,REQ-PROJECT-001;REQ-H5-001,GET /public-api/v1/share/contents/{id},publicGetShareContentsById,platform,platform.brand.name;platform.brand.slogan;platform.brand.logo_media_id;platform.customer_service.name;platform.customer_service.contact,TST-PROJECT_001-HAPPY;TST-H5_001-HAPPY,TOKENS_ONLY/-,R28,READY,FROZEN_CONSTRUCTION_V1.2.2
H5-005,H5,H5,App分享页,/share/app/{id},PAGE,H5-SHARE,App预览和下载引导,公开访客或从分享/邀请/支付/实名流程进入的用户,公开,NORMAL,外部链接、搜索引擎、分享卡片、邀请链接、支付/实名回跳或App内WebView,优先返回App或来源页；无App环境时进入下载/帮助；禁止回到含敏感参数的URL,SEO预览|内容摘要|发布者|安全遮罩|下载/打开App CTA,catalogs/ui_page_fields.csv#H5-005,catalogs/ui_page_states.csv#H5-005,catalogs/ui_action_matrix.csv#H5-005,允许HTTPS外链；查询参数白名单；邀请/归因/state使用一次性或签名校验,初始化按需加载；写操作后仅刷新受影响数据；禁止无差别全局缓存清空,不适用；若子区块为列表，遵循所属平台标准分页模板,公开正文可使用SSR缓存；支付、实名回跳和动态状态不得用缓存替代服务端查询,REQ-APP-PROMO-001;REQ-H5-001,GET /public-api/v1/share/contents/{id},publicGetShareContentsById,platform,platform.brand.name;platform.brand.slogan;platform.brand.logo_media_id;platform.customer_service.name;platform.customer_service.contact,TST-APP_PROMO_001-HAPPY;TST-H5_001-HAPPY,TOKENS_ONLY/-,R28,READY,FROZEN_CONSTRUCTION_V1.2.2
H5-006,H5,H5,群聊分享页,/share/group/{id},PAGE,H5-SHARE,群预览，不公开完整联系,公开访客或从分享/邀请/支付/实名流程进入的用户,公开,NORMAL,外部链接、搜索引擎、分享卡片、邀请链接、支付/实名回跳或App内WebView,优先返回App或来源页；无App环境时进入下载/帮助；禁止回到含敏感参数的URL,SEO预览|内容摘要|发布者|安全遮罩|下载/打开App CTA,catalogs/ui_page_fields.csv#H5-006,catalogs/ui_page_states.csv#H5-006,catalogs/ui_action_matrix.csv#H5-006,允许HTTPS外链；查询参数白名单；邀请/归因/state使用一次性或签名校验,初始化按需加载；写操作后仅刷新受影响数据；禁止无差别全局缓存清空,不适用；若子区块为列表，遵循所属平台标准分页模板,公开正文可使用SSR缓存；支付、实名回跳和动态状态不得用缓存替代服务端查询,REQ-GROUP-001;REQ-H5-001,GET /public-api/v1/share/contents/{id},publicGetShareContentsById,platform,platform.brand.name;platform.brand.slogan;platform.brand.logo_media_id;platform.customer_service.name;platform.customer_service.contact,TST-GROUP_001-HAPPY;TST-H5_001-HAPPY,TOKENS_ONLY/-,R28,READY,FROZEN_CONSTRUCTION_V1.2.2
H5-007,H5,H5,团队长分享页,/share/team-leader/{id},PAGE,H5-SHARE,团队长预览,公开访客或从分享/邀请/支付/实名流程进入的用户,公开,NORMAL,外部链接、搜索引擎、分享卡片、邀请链接、支付/实名回跳或App内WebView,优先返回App或来源页；无App环境时进入下载/帮助；禁止回到含敏感参数的URL,SEO预览|内容摘要|发布者|安全遮罩|下载/打开App CTA,catalogs/ui_page_fields.csv#H5-007,catalogs/ui_page_states.csv#H5-007,catalogs/ui_action_matrix.csv#H5-007,允许HTTPS外链；查询参数白名单；邀请/归因/state使用一次性或签名校验,初始化按需加载；写操作后仅刷新受影响数据；禁止无差别全局缓存清空,不适用；若子区块为列表，遵循所属平台标准分页模板,公开正文可使用SSR缓存；支付、实名回跳和动态状态不得用缓存替代服务端查询,REQ-TEAM-001;REQ-H5-001,GET /public-api/v1/share/contents/{id},publicGetShareContentsById,platform,platform.brand.name;platform.brand.slogan;platform.brand.logo_media_id;platform.customer_service.name;platform.customer_service.contact,TST-TEAM_001-HAPPY;TST-H5_001-HAPPY,TOKENS_ONLY/-,R28,READY,FROZEN_CONSTRUCTION_V1.2.2
H5-008,H5,H5,统一收银台,/cashier/{orderNo},PAGE,MOB-CHECKOUT,商品、渠道、协议,公开访客或从分享/邀请/支付/实名流程进入的用户,登录态/一次性令牌,NORMAL,外部链接、搜索引擎、分享卡片、邀请链接、支付/实名回跳或App内WebView,优先返回App或来源页；无App环境时进入下载/帮助；禁止回到含敏感参数的URL,商品/金额摘要|权益/费用|协议确认|支付方式|主操作|结果查询,catalogs/ui_page_fields.csv#H5-008,catalogs/ui_page_states.csv#H5-008,catalogs/ui_action_matrix.csv#H5-008,允许HTTPS外链；查询参数白名单；邀请/归因/state使用一次性或签名校验,初始化按需加载；写操作后仅刷新受影响数据；禁止无差别全局缓存清空,不适用；若子区块为列表，遵循所属平台标准分页模板,公开正文可使用SSR缓存；支付、实名回跳和动态状态不得用缓存替代服务端查询,REQ-PAY-001;REQ-PAY-002,GET /api/v1/orders/{orderNo}/cashier;POST /api/v1/orders/{orderNo}/payments,paymentGetOrdersByOrdernoCashier;paymentPostOrdersByOrdernoPayments,payment,payment.active_gateway;payment.caihong.base_url;payment.caihong.merchant_id;payment.caihong.merchant_key;payment.caihong.sign_type;payment.caihong.enabled_channels;payment.notify_url;payment.return_url,TST-PAY_001-HAPPY;TST-PAY_002-HAPPY;TST-PAY_001-IDEMPOTENT;TST-PAY_002-IDEMPOTENT,TOKENS_ONLY/-,R17,READY,FROZEN_CONSTRUCTION_V1.2.2
H5-009,H5,H5,支付结果,/payment/result,PAGE,H5-CALLBACK,展示平台查单结果,公开访客或从分享/邀请/支付/实名流程进入的用户,公开回跳+查单,NORMAL,外部链接、搜索引擎、分享卡片、邀请链接、支付/实名回跳或App内WebView,优先返回App或来源页；无App环境时进入下载/帮助；禁止回到含敏感参数的URL,处理中状态|服务端查询|结果|返回App,catalogs/ui_page_fields.csv#H5-009,catalogs/ui_page_states.csv#H5-009,catalogs/ui_action_matrix.csv#H5-009,允许HTTPS外链；查询参数白名单；邀请/归因/state使用一次性或签名校验,初始化按需加载；写操作后仅刷新受影响数据；禁止无差别全局缓存清空,不适用；若子区块为列表，遵循所属平台标准分页模板,公开正文可使用SSR缓存；支付、实名回跳和动态状态不得用缓存替代服务端查询,REQ-PAY-001;REQ-PAY-002,GET /api/v1/orders/{orderNo}/payment-status,paymentGetOrdersByOrdernoPaymentStatus,payment,payment.active_gateway;payment.caihong.base_url;payment.caihong.merchant_id;payment.caihong.merchant_key;payment.caihong.sign_type;payment.caihong.enabled_channels;payment.notify_url;payment.return_url,TST-PAY_001-HAPPY;TST-PAY_002-HAPPY,TOKENS_ONLY/-,R17,READY,FROZEN_CONSTRUCTION_V1.2.2
H5-010,H5,H5,协议与规则,/agreement/{code},PAGE,H5-DOCUMENT,版本化协议,公开访客或从分享/邀请/支付/实名流程进入的用户,公开,NORMAL,外部链接、搜索引擎、分享卡片、邀请链接、支付/实名回跳或App内WebView,优先返回App或来源页；无App环境时进入下载/帮助；禁止回到含敏感参数的URL,标题/版本|目录|正文|更新时间|相关入口,catalogs/ui_page_fields.csv#H5-010,catalogs/ui_page_states.csv#H5-010,catalogs/ui_action_matrix.csv#H5-010,允许HTTPS外链；查询参数白名单；邀请/归因/state使用一次性或签名校验,初始化按需加载；写操作后仅刷新受影响数据；禁止无差别全局缓存清空,不适用；若子区块为列表，遵循所属平台标准分页模板,公开正文可使用SSR缓存；支付、实名回跳和动态状态不得用缓存替代服务端查询,REQ-CMS-001,GET /public-api/v1/agreements/{code},publicGetAgreementsByCode,platform,platform.brand.name;platform.brand.slogan;platform.brand.logo_media_id;platform.customer_service.name;platform.customer_service.contact,TST-CMS_001-HAPPY,TOKENS_ONLY/-,R15,READY,FROZEN_CONSTRUCTION_V1.2.2
H5-011,H5,H5,帮助文章,/help/{id},PAGE,H5-DOCUMENT,帮助内容,公开访客或从分享/邀请/支付/实名流程进入的用户,公开,NORMAL,外部链接、搜索引擎、分享卡片、邀请链接、支付/实名回跳或App内WebView,优先返回App或来源页；无App环境时进入下载/帮助；禁止回到含敏感参数的URL,标题/版本|目录|正文|更新时间|相关入口,catalogs/ui_page_fields.csv#H5-011,catalogs/ui_page_states.csv#H5-011,catalogs/ui_action_matrix.csv#H5-011,允许HTTPS外链；查询参数白名单；邀请/归因/state使用一次性或签名校验,初始化按需加载；写操作后仅刷新受影响数据；禁止无差别全局缓存清空,不适用；若子区块为列表，遵循所属平台标准分页模板,公开正文可使用SSR缓存；支付、实名回跳和动态状态不得用缓存替代服务端查询,REQ-SUPPORT-001,GET /public-api/v1/help/articles/{id},publicGetHelpArticlesById,platform,platform.brand.name;platform.brand.slogan;platform.brand.logo_media_id;platform.customer_service.name;platform.customer_service.contact,TST-SUPPORT_001-HAPPY,TOKENS_ONLY/-,R15,READY,FROZEN_CONSTRUCTION_V1.2.2
H5-012,H5,H5,活体回跳,/identity/callback,PAGE,H5-LANDING,通知App轮询状态,公开访客或从分享/邀请/支付/实名流程进入的用户,一次性state,NORMAL,外部链接、搜索引擎、分享卡片、邀请链接、支付/实名回跳或App内WebView,优先返回App或来源页；无App环境时进入下载/帮助；禁止回到含敏感参数的URL,SEO头|Hero|信任信息|功能区|下载CTA|页脚,catalogs/ui_page_fields.csv#H5-012,catalogs/ui_page_states.csv#H5-012,catalogs/ui_action_matrix.csv#H5-012,允许HTTPS外链；查询参数白名单；邀请/归因/state使用一次性或签名校验,初始化按需加载；写操作后仅刷新受影响数据；禁止无差别全局缓存清空,不适用；若子区块为列表，遵循所属平台标准分页模板,公开正文可使用SSR缓存；支付、实名回跳和动态状态不得用缓存替代服务端查询,REQ-ID-001,POST /public-api/v1/identity/callback/consume,publicPostIdentityCallbackConsume,identity,identity.active_provider;identity.provider.appcode;identity.liveness.token_url;identity.liveness.result_url;identity.face_compare.url;identity.max_daily_attempts;identity.one_id_one_account;identity.liveness.poll_interval_ms,TST-ID_001-HAPPY,TOKENS_ONLY/-,R05,READY,FROZEN_CONSTRUCTION_V1.2.2
ADM-DASH-001,ADMIN,总览,数据驾驶舱,/dashboard,PAGE,ADM-DASHBOARD,用户、内容、商业、奖励、风险和待办,具备 dashboard.read 的后台员工；写操作另需 dashboard.manage,dashboard.read,NORMAL,从左侧菜单、数据驾驶舱待办、全局搜索或关联详情跳转进入,按面包屑返回；跨模块跳转必须保留来源上下文,全局时间筛选|指标卡|趋势|分布|待办|异常,catalogs/ui_page_fields.csv#ADM-DASH-001,catalogs/ui_page_states.csv#ADM-DASH-001,catalogs/ui_action_matrix.csv#ADM-DASH-001,仅允许后台同源授权链接；未认证先登录并保存原目标；无权限不泄露资源存在性,模块独立加载和刷新；局部失败不清空成功模块；展示数据更新时间,不适用；若子区块为列表，遵循所属平台标准分页模板,不支持离线写入；网络不可用时保留安全可保留输入并提供重试,REQ-ANALYTICS-001;REQ-ADMIN-001,GET /admin-api/v1/dashboard/summary;GET /admin-api/v1/dashboard/todos,adminDashboardGetDashboardSummary;adminDashboardGetDashboardTodos,platform,platform.brand.name;platform.brand.slogan;platform.brand.logo_media_id;platform.customer_service.name;platform.customer_service.contact,TST-ANALYTICS_001-HAPPY;TST-ADMIN_001-HAPPY,TOKENS_ONLY,R30,READY,FROZEN_CONSTRUCTION_V1.2.2
ADM-USER-001,ADMIN,用户,用户列表,/users,PAGE,ADM-LIST,筛选、导出、状态和风险,具备 user.read 的后台员工；写操作另需 user.manage,user.read,NORMAL,从左侧菜单、数据驾驶舱待办、全局搜索或关联详情跳转进入,按面包屑返回；跨模块跳转必须保留来源上下文,页标题/说明|筛选区|统计/批量操作|表格|分页,catalogs/ui_page_fields.csv#ADM-USER-001,catalogs/ui_page_states.csv#ADM-USER-001,catalogs/ui_action_matrix.csv#ADM-USER-001,仅允许后台同源授权链接；未认证先登录并保存原目标；无权限不泄露资源存在性,首屏加载+显式刷新；筛选/排序变化重置分页；翻页去重追加；领域事件仅刷新受影响行,后台页码或cursor二选一；默认20，最大100；筛选写入URL；默认排序由页面运营规格冻结,不支持离线写入；网络不可用时保留安全可保留输入并提供重试,REQ-AUTH-001;REQ-ADMIN-001,GET /admin-api/v1/users;GET /admin-api/v1/users/{id},adminUsersGetUsers;adminUsersGetUsersById,platform,platform.brand.name;platform.brand.slogan;platform.brand.logo_media_id;platform.customer_service.name;platform.customer_service.contact,TST-AUTH_001-HAPPY;TST-ADMIN_001-HAPPY,TOKENS_ONLY,R02,READY,FROZEN_CONSTRUCTION_V1.2.2
ADM-USER-002,ADMIN,用户,用户详情,/users/:id,PAGE,ADM-DETAIL,全景业务和操作,具备 user.read 的后台员工；写操作另需 user.manage,user.read,NORMAL,从对应列表行、待办、审计记录或直接授权链接进入,返回来源列表并保持筛选、排序、页码和滚动位置,摘要头|状态/主操作|Tab详情|时间线|关联对象|审计,catalogs/ui_page_fields.csv#ADM-USER-002,catalogs/ui_page_states.csv#ADM-USER-002,catalogs/ui_action_matrix.csv#ADM-USER-002,仅允许后台同源授权链接；未认证先登录并保存原目标；无权限不泄露资源存在性,页面进入加载；缓存过期/前台恢复/领域事件触发轻量刷新；写操作成功按资源局部刷新,不适用；若子区块为列表，遵循所属平台标准分页模板,不支持离线写入；网络不可用时保留安全可保留输入并提供重试,REQ-AUTH-001;REQ-ADMIN-001,GET /admin-api/v1/users;GET /admin-api/v1/users/{id};POST /admin-api/v1/users/{id}/restrictions;DELETE /admin-api/v1/users/{id}/restrictions/{type};POST /admin-api/v1/users/{id}/freeze;POST /admin-api/v1/users/{id}/unfreeze;POST /admin-api/v1/users/{id}/force-logout,adminUsersGetUsers;adminUsersGetUsersById;adminUsersPostUsersByIdRestrictions;adminUsersDeleteUsersByIdRestrictionsByType;adminUsersPostUsersByIdFreeze;adminUsersPostUsersByIdUnfreeze;adminUsersPostUsersByIdForceLogout,platform,platform.brand.name;platform.brand.slogan;platform.brand.logo_media_id;platform.customer_service.name;platform.customer_service.contact,TST-AUTH_001-HAPPY;TST-ADMIN_001-HAPPY;TST-AUTH_001-IDEMPOTENT;TST-ADMIN_001-IDEMPOTENT,TOKENS_ONLY,R02,READY,FROZEN_CONSTRUCTION_V1.2.2
ADM-ID-001,ADMIN,实名,实名列表,/identity,PAGE,ADM-LIST,状态与风险,具备 identity.read 的后台员工；写操作另需 identity.manage,identity.read,HIGH,从左侧菜单、数据驾驶舱待办、全局搜索或关联详情跳转进入,按面包屑返回；跨模块跳转必须保留来源上下文,页标题/说明|筛选区|统计/批量操作|表格|分页,catalogs/ui_page_fields.csv#ADM-ID-001,catalogs/ui_page_states.csv#ADM-ID-001,catalogs/ui_action_matrix.csv#ADM-ID-001,仅允许后台同源授权链接；未认证先登录并保存原目标；无权限不泄露资源存在性,首屏加载+显式刷新；筛选/排序变化重置分页；翻页去重追加；领域事件仅刷新受影响行,后台页码或cursor二选一；默认20，最大100；筛选写入URL；默认排序由页面运营规格冻结,不支持离线写入；网络不可用时保留安全可保留输入并提供重试,REQ-ID-001;REQ-ID-002,GET /admin-api/v1/identities;GET /admin-api/v1/identities/{userId},adminIdentityGetIdentities;adminIdentityGetIdentitiesByUserid,identity,identity.active_provider;identity.provider.appcode;identity.liveness.token_url;identity.liveness.result_url;identity.face_compare.url;identity.max_daily_attempts;identity.one_id_one_account;identity.liveness.poll_interval_ms,TST-ID_001-HAPPY;TST-ID_002-HAPPY,TOKENS_ONLY,R05,READY,FROZEN_CONSTRUCTION_V1.2.2
ADM-ID-002,ADMIN,实名,实名详情与复核,/identity/:id,PAGE,ADM-REVIEW,原图、结果、审计,具备 identity.read 的后台员工；写操作另需 identity.manage,identity.read,HIGH,从对应列表行、待办、审计记录或直接授权链接进入,返回来源列表并保持筛选、排序、页码和滚动位置,队列|任务上下文|证据预览|规则/历史|决定面板,catalogs/ui_page_fields.csv#ADM-ID-002,catalogs/ui_page_states.csv#ADM-ID-002,catalogs/ui_action_matrix.csv#ADM-ID-002,仅允许后台同源授权链接；未认证先登录并保存原目标；无权限不泄露资源存在性,首屏加载+显式刷新；筛选/排序变化重置分页；翻页去重追加；领域事件仅刷新受影响行,后台页码或cursor二选一；默认20，最大100；筛选写入URL；默认排序由页面运营规格冻结,不支持离线写入；网络不可用时保留安全可保留输入并提供重试,REQ-ID-001;REQ-ID-002;REQ-PAGE-SPEC-001;REQ-ADMIN-OPS-001,GET /admin-api/v1/identities;GET /admin-api/v1/identities/{userId};POST /admin-api/v1/identity-sessions/{id}/review;POST /admin-api/v1/identities/{userId}/media-access;POST /admin-api/v1/identities/{userId}/freeze,adminIdentityGetIdentities;adminIdentityGetIdentitiesByUserid;adminIdentityPostIdentitySessionsByIdReview;adminIdentityPostIdentitiesByUseridMediaAccess;adminIdentityPostIdentitiesByUseridFreeze,identity,identity.active_provider;identity.provider.appcode;identity.liveness.token_url;identity.liveness.result_url;identity.face_compare.url;identity.max_daily_attempts;identity.one_id_one_account;identity.liveness.poll_interval_ms,TST-ID_001-HAPPY;TST-ID_002-HAPPY;TST-ID_001-IDEMPOTENT;TST-ID_002-IDEMPOTENT;TST-V122-015;TST-V122-016,TOKENS_ONLY,R05,READY,FROZEN_CONSTRUCTION_V1.2.2
ADM-CONTENT-001,ADMIN,内容,统一内容列表,/contents,PAGE,ADM-LIST,四类内容,具备 content.read 的后台员工；写操作另需 content.manage,content.read,NORMAL,从左侧菜单、数据驾驶舱待办、全局搜索或关联详情跳转进入,按面包屑返回；跨模块跳转必须保留来源上下文,页标题/说明|筛选区|统计/批量操作|表格|分页,catalogs/ui_page_fields.csv#ADM-CONTENT-001,catalogs/ui_page_states.csv#ADM-CONTENT-001,catalogs/ui_action_matrix.csv#ADM-CONTENT-001,仅允许后台同源授权链接；未认证先登录并保存原目标；无权限不泄露资源存在性,首屏加载+显式刷新；筛选/排序变化重置分页；翻页去重追加；领域事件仅刷新受影响行,后台页码或cursor二选一；默认20，最大100；筛选写入URL；默认排序由页面运营规格冻结,不支持离线写入；网络不可用时保留安全可保留输入并提供重试,REQ-CONTENT-001;REQ-PUBLISH-001,GET /admin-api/v1/contents;GET /admin-api/v1/contents/{id};GET /admin-api/v1/content-dictionaries,adminContentGetContents;adminContentGetContentsById;adminContentGetContentDictionaries,content,content.limit.normal.online;content.limit.month.online;content.limit.quarter.online;content.limit.year.online;content.team_leader_per_account;content.limit.normal.pending;content.limit.normal.drafts;content.limit.normal.daily_submissions,TST-CONTENT_001-HAPPY;TST-PUBLISH_001-HAPPY,TOKENS_ONLY,R06,READY,FROZEN_CONSTRUCTION_V1.2.2
ADM-CONTENT-002,ADMIN,内容,内容详情,/contents/:id,PAGE,ADM-DETAIL,版本、媒体、链接、数据,具备 content.read 的后台员工；写操作另需 content.manage,content.read,NORMAL,从对应列表行、待办、审计记录或直接授权链接进入,返回来源列表并保持筛选、排序、页码和滚动位置,摘要头|状态/主操作|Tab详情|时间线|关联对象|审计,catalogs/ui_page_fields.csv#ADM-CONTENT-002,catalogs/ui_page_states.csv#ADM-CONTENT-002,catalogs/ui_action_matrix.csv#ADM-CONTENT-002,仅允许后台同源授权链接；未认证先登录并保存原目标；无权限不泄露资源存在性,页面进入加载；缓存过期/前台恢复/领域事件触发轻量刷新；写操作成功按资源局部刷新,不适用；若子区块为列表，遵循所属平台标准分页模板,不支持离线写入；网络不可用时保留安全可保留输入并提供重试,REQ-CONTENT-001;REQ-PUBLISH-001,GET /admin-api/v1/contents;GET /admin-api/v1/contents/{id};POST /admin-api/v1/contents/{id}/online;POST /admin-api/v1/contents/{id}/offline;POST /admin-api/v1/contents/{id}/ban;POST /admin-api/v1/contents/{id}/recommend;POST /admin-api/v1/contents/{id}/official-mark;GET /admin-api/v1/content-dictionaries,adminContentGetContents;adminContentGetContentsById;adminContentPostContentsByIdOnline;adminContentPostContentsByIdOffline;adminContentPostContentsByIdBan;adminContentPostContentsByIdRecommend;adminContentPostContentsByIdOfficialMark;adminContentGetContentDictionaries,content,content.limit.normal.online;content.limit.month.online;content.limit.quarter.online;content.limit.year.online;content.team_leader_per_account;content.limit.normal.pending;content.limit.normal.drafts;content.limit.normal.daily_submissions,TST-CONTENT_001-HAPPY;TST-PUBLISH_001-HAPPY;TST-CONTENT_001-IDEMPOTENT;TST-PUBLISH_001-IDEMPOTENT,TOKENS_ONLY,R06,READY,FROZEN_CONSTRUCTION_V1.2.2
ADM-CONTENT-003,ADMIN,内容,字典与属性,/contents/dictionaries,PAGE,ADM-LIST,地区、平台、人数、标签,具备 content.read 的后台员工；写操作另需 content.manage,content.read,NORMAL,从左侧菜单、数据驾驶舱待办、全局搜索或关联详情跳转进入,按面包屑返回；跨模块跳转必须保留来源上下文,页标题/说明|筛选区|统计/批量操作|表格|分页,catalogs/ui_page_fields.csv#ADM-CONTENT-003,catalogs/ui_page_states.csv#ADM-CONTENT-003,catalogs/ui_action_matrix.csv#ADM-CONTENT-003,仅允许后台同源授权链接；未认证先登录并保存原目标；无权限不泄露资源存在性,首屏加载+显式刷新；筛选/排序变化重置分页；翻页去重追加；领域事件仅刷新受影响行,后台页码或cursor二选一；默认20，最大100；筛选写入URL；默认排序由页面运营规格冻结,不支持离线写入；网络不可用时保留安全可保留输入并提供重试,REQ-CONTENT-001;REQ-PUBLISH-001;REQ-PAGE-SPEC-001;REQ-ADMIN-OPS-001,GET /admin-api/v1/contents;GET /admin-api/v1/contents/{id};POST /admin-api/v1/contents/{id}/online;POST /admin-api/v1/contents/{id}/offline;POST /admin-api/v1/contents/{id}/ban;POST /admin-api/v1/contents/{id}/recommend;POST /admin-api/v1/contents/{id}/official-mark;GET /admin-api/v1/content-dictionaries;PUT /admin-api/v1/content-dictionaries/{code},adminContentGetContents;adminContentGetContentsById;adminContentPostContentsByIdOnline;adminContentPostContentsByIdOffline;adminContentPostContentsByIdBan;adminContentPostContentsByIdRecommend;adminContentPostContentsByIdOfficialMark;adminContentGetContentDictionaries;adminContentPutContentDictionariesByCode,content,content.limit.normal.online;content.limit.month.online;content.limit.quarter.online;content.limit.year.online;content.team_leader_per_account;content.limit.normal.pending;content.limit.normal.drafts;content.limit.normal.daily_submissions,TST-CONTENT_001-HAPPY;TST-PUBLISH_001-HAPPY;TST-CONTENT_001-IDEMPOTENT;TST-PUBLISH_001-IDEMPOTENT;TST-V122-017,TOKENS_ONLY,R06,READY,FROZEN_CONSTRUCTION_V1.2.2
ADM-REVIEW-001,ADMIN,审核,审核队列,/reviews,PAGE,ADM-REVIEW,内容/红包/实名/申诉,具备 review.manage 的后台员工；写操作另需 review.manage,review.manage,NORMAL,从左侧菜单、数据驾驶舱待办、全局搜索或关联详情跳转进入,按面包屑返回；跨模块跳转必须保留来源上下文,队列|任务上下文|证据预览|规则/历史|决定面板,catalogs/ui_page_fields.csv#ADM-REVIEW-001,catalogs/ui_page_states.csv#ADM-REVIEW-001,catalogs/ui_action_matrix.csv#ADM-REVIEW-001,仅允许后台同源授权链接；未认证先登录并保存原目标；无权限不泄露资源存在性,首屏加载+显式刷新；筛选/排序变化重置分页；翻页去重追加；领域事件仅刷新受影响行,后台页码或cursor二选一；默认20，最大100；筛选写入URL；默认排序由页面运营规格冻结,不支持离线写入；网络不可用时保留安全可保留输入并提供重试,REQ-PUBLISH-001;REQ-PAGE-SPEC-001;REQ-ADMIN-OPS-001,GET /admin-api/v1/reviews/queue;GET /admin-api/v1/reviews/{id};GET /admin-api/v1/content-reports;GET /admin-api/v1/appeals;POST /admin-api/v1/reviews/{id}/decide;POST /admin-api/v1/reviews/{id}/assign,adminReviewGetReviewsQueue;adminReviewGetReviewsById;adminReportsGetContentReports;adminAppealsGetAppeals;adminReviewPostReviewsByIdDecide;adminReviewPostReviewsByIdAssign,platform,platform.brand.name;platform.brand.slogan;platform.brand.logo_media_id;platform.customer_service.name;platform.customer_service.contact,TST-PUBLISH_001-HAPPY;TST-V122-018;TST-V122-019,TOKENS_ONLY,R12,READY,FROZEN_CONSTRUCTION_V1.2.2
ADM-RP-001,ADMIN,红包,红包活动列表,/red-packets,PAGE,ADM-LIST,活动状态和金额,具备 redpacket.read 的后台员工；写操作另需 redpacket.manage,redpacket.read,NORMAL,从左侧菜单、数据驾驶舱待办、全局搜索或关联详情跳转进入,按面包屑返回；跨模块跳转必须保留来源上下文,页标题/说明|筛选区|统计/批量操作|表格|分页,catalogs/ui_page_fields.csv#ADM-RP-001,catalogs/ui_page_states.csv#ADM-RP-001,catalogs/ui_action_matrix.csv#ADM-RP-001,仅允许后台同源授权链接；未认证先登录并保存原目标；无权限不泄露资源存在性,首屏加载+显式刷新；筛选/排序变化重置分页；翻页去重追加；领域事件仅刷新受影响行,后台页码或cursor二选一；默认20，最大100；筛选写入URL；默认排序由页面运营规格冻结,不支持离线写入；网络不可用时保留安全可保留输入并提供重试,REQ-RP-004;REQ-RP-006,GET /admin-api/v1/red-packet-campaigns;GET /admin-api/v1/red-packet-campaigns/{id};GET /admin-api/v1/red-packet-campaigns/{id}/sessions;GET /admin-api/v1/red-packet-campaigns/{id}/claims;GET /admin-api/v1/red-packet-campaigns/{id}/ledger,adminRedPacketGetRedPacketCampaigns;adminRedPacketGetRedPacketCampaignsById;adminRedPacketGetRedPacketCampaignsByIdSessions;adminRedPacketGetRedPacketCampaignsByIdClaims;adminRedPacketGetRedPacketCampaignsByIdLedger,red_packet,red_packet.default_view_seconds;red_packet.reservation_min_seconds;red_packet.unit_amount_min_cent;red_packet.unit_amount_max_cent;red_packet.min_count;red_packet.service_fee_bps;red_packet.one_active_per_content;red_packet.allow_raise_unit_amount,TST-RP_004-HAPPY;TST-RP_006-HAPPY,TOKENS_ONLY,R20,READY,FROZEN_CONSTRUCTION_V1.2.2
ADM-RP-002,ADMIN,红包,红包活动详情,/red-packets/:id,PAGE,ADM-DETAIL,库存、会话、领取、账本,具备 redpacket.read 的后台员工；写操作另需 redpacket.manage,redpacket.read,NORMAL,从对应列表行、待办、审计记录或直接授权链接进入,返回来源列表并保持筛选、排序、页码和滚动位置,摘要头|状态/主操作|Tab详情|时间线|关联对象|审计,catalogs/ui_page_fields.csv#ADM-RP-002,catalogs/ui_page_states.csv#ADM-RP-002,catalogs/ui_action_matrix.csv#ADM-RP-002,仅允许后台同源授权链接；未认证先登录并保存原目标；无权限不泄露资源存在性,页面进入加载；缓存过期/前台恢复/领域事件触发轻量刷新；写操作成功按资源局部刷新,不适用；若子区块为列表，遵循所属平台标准分页模板,不支持离线写入；网络不可用时保留安全可保留输入并提供重试,REQ-RP-004;REQ-RP-006,GET /admin-api/v1/red-packet-campaigns;GET /admin-api/v1/red-packet-campaigns/{id};POST /admin-api/v1/red-packet-campaigns/{id}/review;POST /admin-api/v1/red-packet-campaigns/{id}/pause;POST /admin-api/v1/red-packet-campaigns/{id}/resume;POST /admin-api/v1/red-packet-campaigns/{id}/terminate;GET /admin-api/v1/red-packet-campaigns/{id}/sessions;GET /admin-api/v1/red-packet-campaigns/{id}/claims,adminRedPacketGetRedPacketCampaigns;adminRedPacketGetRedPacketCampaignsById;adminRedPacketPostRedPacketCampaignsByIdReview;adminRedPacketPostRedPacketCampaignsByIdPause;adminRedPacketPostRedPacketCampaignsByIdResume;adminRedPacketPostRedPacketCampaignsByIdTerminate;adminRedPacketGetRedPacketCampaignsByIdSessions;adminRedPacketGetRedPacketCampaignsByIdClaims,red_packet,red_packet.default_view_seconds;red_packet.reservation_min_seconds;red_packet.unit_amount_min_cent;red_packet.unit_amount_max_cent;red_packet.min_count;red_packet.service_fee_bps;red_packet.one_active_per_content;red_packet.allow_raise_unit_amount,TST-RP_004-HAPPY;TST-RP_006-HAPPY;TST-RP_004-IDEMPOTENT;TST-RP_006-IDEMPOTENT,TOKENS_ONLY,R23,READY,FROZEN_CONSTRUCTION_V1.2.2
ADM-RP-003,ADMIN,红包,红包预审核,/red-packets/review,PAGE,ADM-REVIEW,规则和内容联查,具备 redpacket.read 的后台员工；写操作另需 redpacket.manage,redpacket.read,NORMAL,从左侧菜单、数据驾驶舱待办、全局搜索或关联详情跳转进入,按面包屑返回；跨模块跳转必须保留来源上下文,队列|任务上下文|证据预览|规则/历史|决定面板,catalogs/ui_page_fields.csv#ADM-RP-003,catalogs/ui_page_states.csv#ADM-RP-003,catalogs/ui_action_matrix.csv#ADM-RP-003,仅允许后台同源授权链接；未认证先登录并保存原目标；无权限不泄露资源存在性,首屏加载+显式刷新；筛选/排序变化重置分页；翻页去重追加；领域事件仅刷新受影响行,后台页码或cursor二选一；默认20，最大100；筛选写入URL；默认排序由页面运营规格冻结,不支持离线写入；网络不可用时保留安全可保留输入并提供重试,REQ-RP-004;REQ-RP-006,GET /admin-api/v1/red-packet-campaigns;GET /admin-api/v1/red-packet-campaigns/{id};POST /admin-api/v1/red-packet-campaigns/{id}/review;POST /admin-api/v1/red-packet-campaigns/{id}/pause;POST /admin-api/v1/red-packet-campaigns/{id}/resume;POST /admin-api/v1/red-packet-campaigns/{id}/terminate;GET /admin-api/v1/red-packet-campaigns/{id}/sessions;GET /admin-api/v1/red-packet-campaigns/{id}/claims,adminRedPacketGetRedPacketCampaigns;adminRedPacketGetRedPacketCampaignsById;adminRedPacketPostRedPacketCampaignsByIdReview;adminRedPacketPostRedPacketCampaignsByIdPause;adminRedPacketPostRedPacketCampaignsByIdResume;adminRedPacketPostRedPacketCampaignsByIdTerminate;adminRedPacketGetRedPacketCampaignsByIdSessions;adminRedPacketGetRedPacketCampaignsByIdClaims,red_packet,red_packet.default_view_seconds;red_packet.reservation_min_seconds;red_packet.unit_amount_min_cent;red_packet.unit_amount_max_cent;red_packet.min_count;red_packet.service_fee_bps;red_packet.one_active_per_content;red_packet.allow_raise_unit_amount,TST-RP_004-HAPPY;TST-RP_006-HAPPY;TST-RP_004-IDEMPOTENT;TST-RP_006-IDEMPOTENT,TOKENS_ONLY,R20,READY,FROZEN_CONSTRUCTION_V1.2.2
ADM-RP-004,ADMIN,红包,红包风险事件,/red-packets/risk,PAGE,ADM-SECURITY,冻结和复核,具备 redpacket.read 的后台员工；写操作另需 redpacket.manage,redpacket.read,NORMAL,从左侧菜单、数据驾驶舱待办、全局搜索或关联详情跳转进入,按面包屑返回；跨模块跳转必须保留来源上下文,风险摘要|筛选/配置|敏感操作|证据/日志|审批,catalogs/ui_page_fields.csv#ADM-RP-004,catalogs/ui_page_states.csv#ADM-RP-004,catalogs/ui_action_matrix.csv#ADM-RP-004,仅允许后台同源授权链接；未认证先登录并保存原目标；无权限不泄露资源存在性,首屏加载+显式刷新；筛选/排序变化重置分页；翻页去重追加；领域事件仅刷新受影响行,后台页码或cursor二选一；默认20，最大100；筛选写入URL；默认排序由页面运营规格冻结,不支持离线写入；网络不可用时保留安全可保留输入并提供重试,REQ-RP-004;REQ-RP-006,GET /admin-api/v1/red-packet-campaigns;GET /admin-api/v1/red-packet-campaigns/{id};POST /admin-api/v1/red-packet-campaigns/{id}/review;POST /admin-api/v1/red-packet-campaigns/{id}/pause;POST /admin-api/v1/red-packet-campaigns/{id}/resume;POST /admin-api/v1/red-packet-campaigns/{id}/terminate;GET /admin-api/v1/red-packet-campaigns/{id}/sessions;GET /admin-api/v1/red-packet-campaigns/{id}/claims,adminRedPacketGetRedPacketCampaigns;adminRedPacketGetRedPacketCampaignsById;adminRedPacketPostRedPacketCampaignsByIdReview;adminRedPacketPostRedPacketCampaignsByIdPause;adminRedPacketPostRedPacketCampaignsByIdResume;adminRedPacketPostRedPacketCampaignsByIdTerminate;adminRedPacketGetRedPacketCampaignsByIdSessions;adminRedPacketGetRedPacketCampaignsByIdClaims,red_packet,red_packet.default_view_seconds;red_packet.reservation_min_seconds;red_packet.unit_amount_min_cent;red_packet.unit_amount_max_cent;red_packet.min_count;red_packet.service_fee_bps;red_packet.one_active_per_content;red_packet.allow_raise_unit_amount,TST-RP_004-HAPPY;TST-RP_006-HAPPY;TST-RP_004-IDEMPOTENT;TST-RP_006-IDEMPOTENT,TOKENS_ONLY,R23,READY,FROZEN_CONSTRUCTION_V1.2.2
ADM-PROD-001,ADMIN,商品,商品与SKU,/commerce/products,PAGE,ADM-LIST,价格、权益、分佣,具备 product.manage 的后台员工；写操作另需 product.manage,product.manage,NORMAL,从左侧菜单、数据驾驶舱待办、全局搜索或关联详情跳转进入,按面包屑返回；跨模块跳转必须保留来源上下文,页标题/说明|筛选区|统计/批量操作|表格|分页,catalogs/ui_page_fields.csv#ADM-PROD-001,catalogs/ui_page_states.csv#ADM-PROD-001,catalogs/ui_action_matrix.csv#ADM-PROD-001,仅允许后台同源授权链接；未认证先登录并保存原目标；无权限不泄露资源存在性,首屏加载+显式刷新；筛选/排序变化重置分页；翻页去重追加；领域事件仅刷新受影响行,后台页码或cursor二选一；默认20，最大100；筛选写入URL；默认排序由页面运营规格冻结,不支持离线写入；网络不可用时保留安全可保留输入并提供重试,REQ-PRODUCT-001,GET /admin-api/v1/products;POST /admin-api/v1/products;PATCH /admin-api/v1/products/{id};GET /admin-api/v1/skus;POST /admin-api/v1/skus;PATCH /admin-api/v1/skus/{id},adminProductsGetProducts;adminProductsPostProducts;adminProductsPatchProductsById;adminProductsGetSkus;adminProductsPostSkus;adminProductsPatchSkusById,platform,platform.brand.name;platform.brand.slogan;platform.brand.logo_media_id;platform.customer_service.name;platform.customer_service.contact,TST-PRODUCT_001-HAPPY;TST-PRODUCT_001-IDEMPOTENT,TOKENS_ONLY,R30,READY,FROZEN_CONSTRUCTION_V1.2.2
ADM-ORDER-001,ADMIN,订单,订单列表,/commerce/orders,PAGE,ADM-LIST,全商品订单,具备 order.read 的后台员工；写操作另需 order.manage,order.read,NORMAL,从左侧菜单、数据驾驶舱待办、全局搜索或关联详情跳转进入,按面包屑返回；跨模块跳转必须保留来源上下文,页标题/说明|筛选区|统计/批量操作|表格|分页,catalogs/ui_page_fields.csv#ADM-ORDER-001,catalogs/ui_page_states.csv#ADM-ORDER-001,catalogs/ui_action_matrix.csv#ADM-ORDER-001,仅允许后台同源授权链接；未认证先登录并保存原目标；无权限不泄露资源存在性,首屏加载+显式刷新；筛选/排序变化重置分页；翻页去重追加；领域事件仅刷新受影响行,后台页码或cursor二选一；默认20，最大100；筛选写入URL；默认排序由页面运营规格冻结,不支持离线写入；网络不可用时保留安全可保留输入并提供重试,REQ-ORDER-001,GET /admin-api/v1/orders;GET /admin-api/v1/orders/{orderNo},adminOrdersGetOrders;adminOrdersGetOrdersByOrderno,platform,platform.brand.name;platform.brand.slogan;platform.brand.logo_media_id;platform.customer_service.name;platform.customer_service.contact,TST-ORDER_001-HAPPY,TOKENS_ONLY,R16,READY,FROZEN_CONSTRUCTION_V1.2.2
ADM-PAY-001,ADMIN,支付,支付交易,/commerce/payments,PAGE,ADM-FINANCE,回调、查单、异常,具备 payment.read 的后台员工；写操作另需 payment.manage,payment.read,HIGH,从左侧菜单、数据驾驶舱待办、全局搜索或关联详情跳转进入,按面包屑返回；跨模块跳转必须保留来源上下文,指标/告警|筛选|流水表|对账/分录|受控操作|审计,catalogs/ui_page_fields.csv#ADM-PAY-001,catalogs/ui_page_states.csv#ADM-PAY-001,catalogs/ui_action_matrix.csv#ADM-PAY-001,仅允许后台同源授权链接；未认证先登录并保存原目标；无权限不泄露资源存在性,首屏加载+显式刷新；筛选/排序变化重置分页；翻页去重追加；领域事件仅刷新受影响行,后台页码或cursor二选一；默认20，最大100；筛选写入URL；默认排序由页面运营规格冻结,不支持离线写入；网络不可用时保留安全可保留输入并提供重试,REQ-PAY-002;REQ-LEDGER-001,GET /admin-api/v1/payments;GET /admin-api/v1/payment-callbacks;POST /admin-api/v1/payments/{id}/query;GET /admin-api/v1/payment-exceptions;POST /admin-api/v1/payment-exceptions/{id}/resolve;POST /admin-api/v1/payment-reconciliation/run,adminPaymentsGetPayments;adminPaymentsGetPaymentCallbacks;adminPaymentsPostPaymentsByIdQuery;adminPaymentsGetPaymentExceptions;adminPaymentsPostPaymentExceptionsByIdResolve;adminPaymentsPostPaymentReconciliationRun,platform,platform.brand.name;platform.brand.slogan;platform.brand.logo_media_id;platform.customer_service.name;platform.customer_service.contact,TST-PAY_002-HAPPY;TST-LEDGER_001-HAPPY;TST-PAY_002-IDEMPOTENT;TST-LEDGER_001-IDEMPOTENT,TOKENS_ONLY,R17,READY,FROZEN_CONSTRUCTION_V1.2.2
ADM-RECON-001,ADMIN,支付,支付对账,/commerce/reconciliation,PAGE,ADM-FINANCE,差异和处理,具备 payment.reconcile 的后台员工；写操作另需 payment.reconcile,payment.reconcile,HIGH,从左侧菜单、数据驾驶舱待办、全局搜索或关联详情跳转进入,按面包屑返回；跨模块跳转必须保留来源上下文,指标/告警|筛选|流水表|对账/分录|受控操作|审计,catalogs/ui_page_fields.csv#ADM-RECON-001,catalogs/ui_page_states.csv#ADM-RECON-001,catalogs/ui_action_matrix.csv#ADM-RECON-001,仅允许后台同源授权链接；未认证先登录并保存原目标；无权限不泄露资源存在性,首屏加载+显式刷新；筛选/排序变化重置分页；翻页去重追加；领域事件仅刷新受影响行,后台页码或cursor二选一；默认20，最大100；筛选写入URL；默认排序由页面运营规格冻结,不支持离线写入；网络不可用时保留安全可保留输入并提供重试,REQ-PAY-002;REQ-LEDGER-001,GET /admin-api/v1/payments;GET /admin-api/v1/payment-callbacks;POST /admin-api/v1/payments/{id}/query;GET /admin-api/v1/payment-exceptions;POST /admin-api/v1/payment-exceptions/{id}/resolve;POST /admin-api/v1/payment-reconciliation/run,adminPaymentsGetPayments;adminPaymentsGetPaymentCallbacks;adminPaymentsPostPaymentsByIdQuery;adminPaymentsGetPaymentExceptions;adminPaymentsPostPaymentExceptionsByIdResolve;adminPaymentsPostPaymentReconciliationRun,platform,platform.brand.name;platform.brand.slogan;platform.brand.logo_media_id;platform.customer_service.name;platform.customer_service.contact,TST-PAY_002-HAPPY;TST-LEDGER_001-HAPPY;TST-PAY_002-IDEMPOTENT;TST-LEDGER_001-IDEMPOTENT,TOKENS_ONLY,R17,READY,FROZEN_CONSTRUCTION_V1.2.2
ADM-REWARD-001,ADMIN,奖励,奖励账户,/finance/reward-accounts,PAGE,ADM-FINANCE,余额和来源,具备 reward.read 的后台员工；写操作另需 reward.manage,reward.read,HIGH,从左侧菜单、数据驾驶舱待办、全局搜索或关联详情跳转进入,按面包屑返回；跨模块跳转必须保留来源上下文,指标/告警|筛选|流水表|对账/分录|受控操作|审计,catalogs/ui_page_fields.csv#ADM-REWARD-001,catalogs/ui_page_states.csv#ADM-REWARD-001,catalogs/ui_action_matrix.csv#ADM-REWARD-001,仅允许后台同源授权链接；未认证先登录并保存原目标；无权限不泄露资源存在性,首屏加载+显式刷新；筛选/排序变化重置分页；翻页去重追加；领域事件仅刷新受影响行,后台页码或cursor二选一；默认20，最大100；筛选写入URL；默认排序由页面运营规格冻结,不支持离线写入；网络不可用时保留安全可保留输入并提供重试,REQ-REWARD-001;REQ-LEDGER-001,GET /admin-api/v1/reward-accounts;GET /admin-api/v1/reward-accounts/{userId}/ledger;POST /admin-api/v1/reward-adjustments,adminRewardsGetRewardAccounts;adminRewardsGetRewardAccountsByUseridLedger;adminRewardsPostRewardAdjustments,platform,platform.brand.name;platform.brand.slogan;platform.brand.logo_media_id;platform.customer_service.name;platform.customer_service.contact,TST-REWARD_001-HAPPY;TST-LEDGER_001-HAPPY;TST-REWARD_001-IDEMPOTENT;TST-LEDGER_001-IDEMPOTENT,TOKENS_ONLY,R24,READY,FROZEN_CONSTRUCTION_V1.2.2
ADM-REWARD-002,ADMIN,奖励,奖励流水,/finance/reward-ledger,PAGE,ADM-FINANCE,结算、冻结、冲正,具备 reward.read 的后台员工；写操作另需 reward.manage,reward.read,HIGH,从左侧菜单、数据驾驶舱待办、全局搜索或关联详情跳转进入,按面包屑返回；跨模块跳转必须保留来源上下文,指标/告警|筛选|流水表|对账/分录|受控操作|审计,catalogs/ui_page_fields.csv#ADM-REWARD-002,catalogs/ui_page_states.csv#ADM-REWARD-002,catalogs/ui_action_matrix.csv#ADM-REWARD-002,仅允许后台同源授权链接；未认证先登录并保存原目标；无权限不泄露资源存在性,首屏加载+显式刷新；筛选/排序变化重置分页；翻页去重追加；领域事件仅刷新受影响行,后台页码或cursor二选一；默认20，最大100；筛选写入URL；默认排序由页面运营规格冻结,不支持离线写入；网络不可用时保留安全可保留输入并提供重试,REQ-REWARD-001;REQ-LEDGER-001,GET /admin-api/v1/reward-accounts;GET /admin-api/v1/reward-accounts/{userId}/ledger,adminRewardsGetRewardAccounts;adminRewardsGetRewardAccountsByUseridLedger,platform,platform.brand.name;platform.brand.slogan;platform.brand.logo_media_id;platform.customer_service.name;platform.customer_service.contact,TST-REWARD_001-HAPPY;TST-LEDGER_001-HAPPY,TOKENS_ONLY,R24,READY,FROZEN_CONSTRUCTION_V1.2.2
ADM-WD-001,ADMIN,提现,提现列表,/finance/withdrawals,PAGE,ADM-FINANCE,风控、财务、出款,具备 withdrawal.read 的后台员工；写操作另需 withdrawal.manage,withdrawal.read,HIGH,从左侧菜单、数据驾驶舱待办、全局搜索或关联详情跳转进入,按面包屑返回；跨模块跳转必须保留来源上下文,指标/告警|筛选|流水表|对账/分录|受控操作|审计,catalogs/ui_page_fields.csv#ADM-WD-001,catalogs/ui_page_states.csv#ADM-WD-001,catalogs/ui_action_matrix.csv#ADM-WD-001,仅允许后台同源授权链接；未认证先登录并保存原目标；无权限不泄露资源存在性,首屏加载+显式刷新；筛选/排序变化重置分页；翻页去重追加；领域事件仅刷新受影响行,后台页码或cursor二选一；默认20，最大100；筛选写入URL；默认排序由页面运营规格冻结,不支持离线写入；网络不可用时保留安全可保留输入并提供重试,REQ-WD-001;REQ-LEDGER-001,GET /admin-api/v1/withdrawals;GET /admin-api/v1/withdrawals/{id},adminWithdrawalsGetWithdrawals;adminWithdrawalsGetWithdrawalsById,platform,platform.brand.name;platform.brand.slogan;platform.brand.logo_media_id;platform.customer_service.name;platform.customer_service.contact,TST-WD_001-HAPPY;TST-LEDGER_001-HAPPY,TOKENS_ONLY,R24,READY,FROZEN_CONSTRUCTION_V1.2.2
ADM-WD-002,ADMIN,提现,提现详情,/finance/withdrawals/:id,PAGE,ADM-FINANCE,手续费、支付宝、出款,具备 withdrawal.read 的后台员工；写操作另需 withdrawal.manage,withdrawal.read,HIGH,从对应列表行、待办、审计记录或直接授权链接进入,返回来源列表并保持筛选、排序、页码和滚动位置,指标/告警|筛选|流水表|对账/分录|受控操作|审计,catalogs/ui_page_fields.csv#ADM-WD-002,catalogs/ui_page_states.csv#ADM-WD-002,catalogs/ui_action_matrix.csv#ADM-WD-002,仅允许后台同源授权链接；未认证先登录并保存原目标；无权限不泄露资源存在性,首屏加载+显式刷新；筛选/排序变化重置分页；翻页去重追加；领域事件仅刷新受影响行,后台页码或cursor二选一；默认20，最大100；筛选写入URL；默认排序由页面运营规格冻结,不支持离线写入；网络不可用时保留安全可保留输入并提供重试,REQ-WD-001;REQ-LEDGER-001,GET /admin-api/v1/withdrawals;GET /admin-api/v1/withdrawals/{id};POST /admin-api/v1/withdrawals/{id}/risk-review;POST /admin-api/v1/withdrawals/{id}/finance-review;POST /admin-api/v1/withdrawals/{id}/payout;POST /admin-api/v1/withdrawals/{id}/query,adminWithdrawalsGetWithdrawals;adminWithdrawalsGetWithdrawalsById;adminWithdrawalsPostWithdrawalsByIdRiskReview;adminWithdrawalsPostWithdrawalsByIdFinanceReview;adminWithdrawalsPostWithdrawalsByIdPayout;adminWithdrawalsPostWithdrawalsByIdQuery,platform,platform.brand.name;platform.brand.slogan;platform.brand.logo_media_id;platform.customer_service.name;platform.customer_service.contact,TST-WD_001-HAPPY;TST-LEDGER_001-HAPPY;TST-WD_001-IDEMPOTENT;TST-LEDGER_001-IDEMPOTENT,TOKENS_ONLY,R24,READY,FROZEN_CONSTRUCTION_V1.2.2
ADM-MEMBER-001,ADMIN,会员,会员SKU,/commerce/membership/skus,PAGE,ADM-LIST,月季年和权益,具备 membership.manage 的后台员工；写操作另需 membership.manage,membership.manage,NORMAL,从左侧菜单、数据驾驶舱待办、全局搜索或关联详情跳转进入,按面包屑返回；跨模块跳转必须保留来源上下文,页标题/说明|筛选区|统计/批量操作|表格|分页,catalogs/ui_page_fields.csv#ADM-MEMBER-001,catalogs/ui_page_states.csv#ADM-MEMBER-001,catalogs/ui_action_matrix.csv#ADM-MEMBER-001,仅允许后台同源授权链接；未认证先登录并保存原目标；无权限不泄露资源存在性,首屏加载+显式刷新；筛选/排序变化重置分页；翻页去重追加；领域事件仅刷新受影响行,后台页码或cursor二选一；默认20，最大100；筛选写入URL；默认排序由页面运营规格冻结,不支持离线写入；网络不可用时保留安全可保留输入并提供重试,REQ-MEMBER-003,GET /admin-api/v1/membership/skus;PATCH /admin-api/v1/membership/skus/{id};PUT /admin-api/v1/membership/skus/{id}/benefits;GET /admin-api/v1/user-memberships;POST /admin-api/v1/user-memberships/grants,adminMembershipGetMembershipSkus;adminMembershipPatchMembershipSkusById;adminMembershipPutMembershipSkusByIdBenefits;adminMembershipGetUserMemberships;adminMembershipPostUserMembershipsGrants,membership,membership.upgrade.time_precision;membership.upgrade.rounding;membership.upgrade.preserve_gift_days;membership.public_badge.text;membership.public_badge.enabled,TST-MEMBER_003-HAPPY;TST-MEMBER_003-IDEMPOTENT,TOKENS_ONLY,R18,READY,FROZEN_CONSTRUCTION_V1.2.2
ADM-MEMBER-002,ADMIN,会员,用户会员,/commerce/membership/users,PAGE,ADM-LIST,分段、升级、快照,具备 membership.manage 的后台员工；写操作另需 membership.manage,membership.manage,NORMAL,从左侧菜单、数据驾驶舱待办、全局搜索或关联详情跳转进入,按面包屑返回；跨模块跳转必须保留来源上下文,页标题/说明|筛选区|统计/批量操作|表格|分页,catalogs/ui_page_fields.csv#ADM-MEMBER-002,catalogs/ui_page_states.csv#ADM-MEMBER-002,catalogs/ui_action_matrix.csv#ADM-MEMBER-002,仅允许后台同源授权链接；未认证先登录并保存原目标；无权限不泄露资源存在性,首屏加载+显式刷新；筛选/排序变化重置分页；翻页去重追加；领域事件仅刷新受影响行,后台页码或cursor二选一；默认20，最大100；筛选写入URL；默认排序由页面运营规格冻结,不支持离线写入；网络不可用时保留安全可保留输入并提供重试,REQ-MEMBER-003,GET /admin-api/v1/membership/skus;PATCH /admin-api/v1/membership/skus/{id};PUT /admin-api/v1/membership/skus/{id}/benefits;GET /admin-api/v1/user-memberships,adminMembershipGetMembershipSkus;adminMembershipPatchMembershipSkusById;adminMembershipPutMembershipSkusByIdBenefits;adminMembershipGetUserMemberships,membership,membership.upgrade.time_precision;membership.upgrade.rounding;membership.upgrade.preserve_gift_days;membership.public_badge.text;membership.public_badge.enabled,TST-MEMBER_003-HAPPY;TST-MEMBER_003-IDEMPOTENT,TOKENS_ONLY,R18,READY,FROZEN_CONSTRUCTION_V1.2.2
ADM-PROP-001,ADMIN,道具,道具商品,/commerce/props/products,PAGE,ADM-LIST,四种道具,具备 prop.manage 的后台员工；写操作另需 prop.manage,prop.manage,NORMAL,从左侧菜单、数据驾驶舱待办、全局搜索或关联详情跳转进入,按面包屑返回；跨模块跳转必须保留来源上下文,页标题/说明|筛选区|统计/批量操作|表格|分页,catalogs/ui_page_fields.csv#ADM-PROP-001,catalogs/ui_page_states.csv#ADM-PROP-001,catalogs/ui_action_matrix.csv#ADM-PROP-001,仅允许后台同源授权链接；未认证先登录并保存原目标；无权限不泄露资源存在性,首屏加载+显式刷新；筛选/排序变化重置分页；翻页去重追加；领域事件仅刷新受影响行,后台页码或cursor二选一；默认20，最大100；筛选写入URL；默认排序由页面运营规格冻结,不支持离线写入；网络不可用时保留安全可保留输入并提供重试,REQ-PROP-002,GET /admin-api/v1/props;PATCH /admin-api/v1/props/{id};GET /admin-api/v1/headline-slots;POST /admin-api/v1/headline-slots;GET /admin-api/v1/prop-executions,adminPropsGetProps;adminPropsPatchPropsById;adminPropsGetHeadlineSlots;adminPropsPostHeadlineSlots;adminPropsGetPropExecutions,props,props.top_duration_seconds;props.headline_duration_seconds;props.color_duration_seconds;props.refresh_cooldown_seconds;props.same_type.stack_duration;props.same_page.deduplicate_content;props.refresh.daily_limit.normal;props.refresh.daily_limit.month,TST-PROP_002-HAPPY;TST-PROP_002-IDEMPOTENT,TOKENS_ONLY,R19,READY,FROZEN_CONSTRUCTION_V1.2.2
ADM-PROP-002,ADMIN,道具,资源位与排期,/commerce/props/slots,PAGE,ADM-LIST,头条/置顶库存,具备 prop.manage 的后台员工；写操作另需 prop.manage,prop.manage,NORMAL,从左侧菜单、数据驾驶舱待办、全局搜索或关联详情跳转进入,按面包屑返回；跨模块跳转必须保留来源上下文,页标题/说明|筛选区|统计/批量操作|表格|分页,catalogs/ui_page_fields.csv#ADM-PROP-002,catalogs/ui_page_states.csv#ADM-PROP-002,catalogs/ui_action_matrix.csv#ADM-PROP-002,仅允许后台同源授权链接；未认证先登录并保存原目标；无权限不泄露资源存在性,首屏加载+显式刷新；筛选/排序变化重置分页；翻页去重追加；领域事件仅刷新受影响行,后台页码或cursor二选一；默认20，最大100；筛选写入URL；默认排序由页面运营规格冻结,不支持离线写入；网络不可用时保留安全可保留输入并提供重试,REQ-PROP-002,GET /admin-api/v1/props;PATCH /admin-api/v1/props/{id};GET /admin-api/v1/headline-slots;GET /admin-api/v1/prop-executions,adminPropsGetProps;adminPropsPatchPropsById;adminPropsGetHeadlineSlots;adminPropsGetPropExecutions,props,props.top_duration_seconds;props.headline_duration_seconds;props.color_duration_seconds;props.refresh_cooldown_seconds;props.same_type.stack_duration;props.same_page.deduplicate_content;props.refresh.daily_limit.normal;props.refresh.daily_limit.month,TST-PROP_002-HAPPY;TST-PROP_002-IDEMPOTENT,TOKENS_ONLY,R19,READY,FROZEN_CONSTRUCTION_V1.2.2
ADM-PROP-003,ADMIN,道具,执行日志,/commerce/props/executions,PAGE,ADM-LIST,刷新和持续权益,具备 prop.manage 的后台员工；写操作另需 prop.manage,prop.manage,NORMAL,从左侧菜单、数据驾驶舱待办、全局搜索或关联详情跳转进入,按面包屑返回；跨模块跳转必须保留来源上下文,页标题/说明|筛选区|统计/批量操作|表格|分页,catalogs/ui_page_fields.csv#ADM-PROP-003,catalogs/ui_page_states.csv#ADM-PROP-003,catalogs/ui_action_matrix.csv#ADM-PROP-003,仅允许后台同源授权链接；未认证先登录并保存原目标；无权限不泄露资源存在性,首屏加载+显式刷新；筛选/排序变化重置分页；翻页去重追加；领域事件仅刷新受影响行,后台页码或cursor二选一；默认20，最大100；筛选写入URL；默认排序由页面运营规格冻结,不支持离线写入；网络不可用时保留安全可保留输入并提供重试,REQ-PROP-002,GET /admin-api/v1/props;PATCH /admin-api/v1/props/{id};GET /admin-api/v1/headline-slots;POST /admin-api/v1/headline-slots;GET /admin-api/v1/prop-executions,adminPropsGetProps;adminPropsPatchPropsById;adminPropsGetHeadlineSlots;adminPropsPostHeadlineSlots;adminPropsGetPropExecutions,props,props.top_duration_seconds;props.headline_duration_seconds;props.color_duration_seconds;props.refresh_cooldown_seconds;props.same_type.stack_duration;props.same_page.deduplicate_content;props.refresh.daily_limit.normal;props.refresh.daily_limit.month,TST-PROP_002-HAPPY;TST-PROP_002-IDEMPOTENT,TOKENS_ONLY,R19,READY,FROZEN_CONSTRUCTION_V1.2.2
ADM-REF-001,ADMIN,推广,邀请关系,/growth/referrals,PAGE,ADM-LIST,一级二级,具备 referral.read 的后台员工；写操作另需 referral.manage,referral.read,NORMAL,从左侧菜单、数据驾驶舱待办、全局搜索或关联详情跳转进入,按面包屑返回；跨模块跳转必须保留来源上下文,页标题/说明|筛选区|统计/批量操作|表格|分页,catalogs/ui_page_fields.csv#ADM-REF-001,catalogs/ui_page_states.csv#ADM-REF-001,catalogs/ui_action_matrix.csv#ADM-REF-001,仅允许后台同源授权链接；未认证先登录并保存原目标；无权限不泄露资源存在性,首屏加载+显式刷新；筛选/排序变化重置分页；翻页去重追加；领域事件仅刷新受影响行,后台页码或cursor二选一；默认20，最大100；筛选写入URL；默认排序由页面运营规格冻结,不支持离线写入；网络不可用时保留安全可保留输入并提供重试,REQ-REF-001;REQ-REF-ACT-002,GET /admin-api/v1/referral-relations;POST /admin-api/v1/referral-relations/{inviteeId}/adjust;GET /admin-api/v1/commission-policies;POST /admin-api/v1/commission-policies;GET /admin-api/v1/commissions;GET /admin-api/v1/referral-activity/rules;POST /admin-api/v1/referral-activity/rule-versions;GET /admin-api/v1/referral-activity/progress,adminReferralGetReferralRelations;adminReferralPostReferralRelationsByInviteeidAdjust;adminReferralGetCommissionPolicies;adminReferralPostCommissionPolicies;adminReferralGetCommissions;adminReferralActivityGetReferralActivityRules;adminReferralActivityPostReferralActivityRuleVersions;adminReferralActivityGetReferralActivityProgress,referral,commission.settlement_delay_hours;referral.max_commission_level;referral.binding_mode;referral.relation_change_allowed;referral.attribution_days;referral.block_self_invite;referral.block_same_device;referral.red_packet_principal_commissionable,TST-REF_001-HAPPY;TST-REF_ACT_002-HAPPY;TST-REF_001-IDEMPOTENT;TST-REF_ACT_002-IDEMPOTENT,TOKENS_ONLY,R25,READY,FROZEN_CONSTRUCTION_V1.2.2
ADM-REF-002,ADMIN,推广,佣金策略,/growth/commissions/policies,PAGE,ADM-LIST,按SKU比例,具备 referral.read 的后台员工；写操作另需 referral.manage,referral.read,NORMAL,从左侧菜单、数据驾驶舱待办、全局搜索或关联详情跳转进入,按面包屑返回；跨模块跳转必须保留来源上下文,页标题/说明|筛选区|统计/批量操作|表格|分页,catalogs/ui_page_fields.csv#ADM-REF-002,catalogs/ui_page_states.csv#ADM-REF-002,catalogs/ui_action_matrix.csv#ADM-REF-002,仅允许后台同源授权链接；未认证先登录并保存原目标；无权限不泄露资源存在性,首屏加载+显式刷新；筛选/排序变化重置分页；翻页去重追加；领域事件仅刷新受影响行,后台页码或cursor二选一；默认20，最大100；筛选写入URL；默认排序由页面运营规格冻结,不支持离线写入；网络不可用时保留安全可保留输入并提供重试,REQ-REF-001;REQ-REF-ACT-002,GET /admin-api/v1/referral-relations;POST /admin-api/v1/referral-relations/{inviteeId}/adjust;GET /admin-api/v1/commission-policies;POST /admin-api/v1/commission-policies;GET /admin-api/v1/commissions;GET /admin-api/v1/referral-activity/rules;POST /admin-api/v1/referral-activity/rule-versions;GET /admin-api/v1/referral-activity/progress,adminReferralGetReferralRelations;adminReferralPostReferralRelationsByInviteeidAdjust;adminReferralGetCommissionPolicies;adminReferralPostCommissionPolicies;adminReferralGetCommissions;adminReferralActivityGetReferralActivityRules;adminReferralActivityPostReferralActivityRuleVersions;adminReferralActivityGetReferralActivityProgress,referral,commission.settlement_delay_hours;referral.max_commission_level;referral.binding_mode;referral.relation_change_allowed;referral.attribution_days;referral.block_self_invite;referral.block_same_device;referral.red_packet_principal_commissionable,TST-REF_001-HAPPY;TST-REF_ACT_002-HAPPY;TST-REF_001-IDEMPOTENT;TST-REF_ACT_002-IDEMPOTENT,TOKENS_ONLY,R25,READY,FROZEN_CONSTRUCTION_V1.2.2
ADM-REF-003,ADMIN,推广,佣金记录,/growth/commissions/records,PAGE,ADM-FINANCE,结算和风险,具备 referral.read 的后台员工；写操作另需 referral.manage,referral.read,NORMAL,从左侧菜单、数据驾驶舱待办、全局搜索或关联详情跳转进入,按面包屑返回；跨模块跳转必须保留来源上下文,指标/告警|筛选|流水表|对账/分录|受控操作|审计,catalogs/ui_page_fields.csv#ADM-REF-003,catalogs/ui_page_states.csv#ADM-REF-003,catalogs/ui_action_matrix.csv#ADM-REF-003,仅允许后台同源授权链接；未认证先登录并保存原目标；无权限不泄露资源存在性,首屏加载+显式刷新；筛选/排序变化重置分页；翻页去重追加；领域事件仅刷新受影响行,后台页码或cursor二选一；默认20，最大100；筛选写入URL；默认排序由页面运营规格冻结,不支持离线写入；网络不可用时保留安全可保留输入并提供重试,REQ-REF-001;REQ-REF-ACT-002,GET /admin-api/v1/referral-relations;GET /admin-api/v1/commission-policies;GET /admin-api/v1/commissions;GET /admin-api/v1/referral-activity/rules;GET /admin-api/v1/referral-activity/progress;GET /admin-api/v1/referral-activity/milestones;GET /admin-api/v1/referral-activity/rewards,adminReferralGetReferralRelations;adminReferralGetCommissionPolicies;adminReferralGetCommissions;adminReferralActivityGetReferralActivityRules;adminReferralActivityGetReferralActivityProgress;adminReferralActivityGetReferralActivityMilestones;adminReferralActivityGetReferralActivityRewards,referral,commission.settlement_delay_hours;referral.max_commission_level;referral.binding_mode;referral.relation_change_allowed;referral.attribution_days;referral.block_self_invite;referral.block_same_device;referral.red_packet_principal_commissionable,TST-REF_001-HAPPY;TST-REF_ACT_002-HAPPY,TOKENS_ONLY,R25,READY,FROZEN_CONSTRUCTION_V1.2.2
ADM-REF-004,ADMIN,推广,直推活跃规则,/growth/referral-activity/rules,PAGE,ADM-LIST,事件和分值,具备 referral.read 的后台员工；写操作另需 referral.manage,referral.read,NORMAL,从左侧菜单、数据驾驶舱待办、全局搜索或关联详情跳转进入,按面包屑返回；跨模块跳转必须保留来源上下文,页标题/说明|筛选区|统计/批量操作|表格|分页,catalogs/ui_page_fields.csv#ADM-REF-004,catalogs/ui_page_states.csv#ADM-REF-004,catalogs/ui_action_matrix.csv#ADM-REF-004,仅允许后台同源授权链接；未认证先登录并保存原目标；无权限不泄露资源存在性,首屏加载+显式刷新；筛选/排序变化重置分页；翻页去重追加；领域事件仅刷新受影响行,后台页码或cursor二选一；默认20，最大100；筛选写入URL；默认排序由页面运营规格冻结,不支持离线写入；网络不可用时保留安全可保留输入并提供重试,REQ-REF-001;REQ-REF-ACT-002,GET /admin-api/v1/referral-relations;POST /admin-api/v1/referral-relations/{inviteeId}/adjust;GET /admin-api/v1/commission-policies;POST /admin-api/v1/commission-policies;GET /admin-api/v1/commissions;GET /admin-api/v1/referral-activity/rules;POST /admin-api/v1/referral-activity/rule-versions;GET /admin-api/v1/referral-activity/progress,adminReferralGetReferralRelations;adminReferralPostReferralRelationsByInviteeidAdjust;adminReferralGetCommissionPolicies;adminReferralPostCommissionPolicies;adminReferralGetCommissions;adminReferralActivityGetReferralActivityRules;adminReferralActivityPostReferralActivityRuleVersions;adminReferralActivityGetReferralActivityProgress,referral,commission.settlement_delay_hours;referral.max_commission_level;referral.binding_mode;referral.relation_change_allowed;referral.attribution_days;referral.block_self_invite;referral.block_same_device;referral.red_packet_principal_commissionable,TST-REF_001-HAPPY;TST-REF_ACT_002-HAPPY;TST-REF_001-IDEMPOTENT;TST-REF_ACT_002-IDEMPOTENT,TOKENS_ONLY,R26,READY,FROZEN_CONSTRUCTION_V1.2.2
ADM-REF-005,ADMIN,推广,直推进度,/growth/referral-activity/progress,PAGE,ADM-LIST,每条关系独立,具备 referral.read 的后台员工；写操作另需 referral.manage,referral.read,NORMAL,从左侧菜单、数据驾驶舱待办、全局搜索或关联详情跳转进入,按面包屑返回；跨模块跳转必须保留来源上下文,页标题/说明|筛选区|统计/批量操作|表格|分页,catalogs/ui_page_fields.csv#ADM-REF-005,catalogs/ui_page_states.csv#ADM-REF-005,catalogs/ui_action_matrix.csv#ADM-REF-005,仅允许后台同源授权链接；未认证先登录并保存原目标；无权限不泄露资源存在性,首屏加载+显式刷新；筛选/排序变化重置分页；翻页去重追加；领域事件仅刷新受影响行,后台页码或cursor二选一；默认20，最大100；筛选写入URL；默认排序由页面运营规格冻结,不支持离线写入；网络不可用时保留安全可保留输入并提供重试,REQ-REF-001;REQ-REF-ACT-002,GET /admin-api/v1/referral-relations;POST /admin-api/v1/referral-relations/{inviteeId}/adjust;GET /admin-api/v1/commission-policies;POST /admin-api/v1/commission-policies;GET /admin-api/v1/commissions;GET /admin-api/v1/referral-activity/rules;POST /admin-api/v1/referral-activity/rule-versions;GET /admin-api/v1/referral-activity/progress,adminReferralGetReferralRelations;adminReferralPostReferralRelationsByInviteeidAdjust;adminReferralGetCommissionPolicies;adminReferralPostCommissionPolicies;adminReferralGetCommissions;adminReferralActivityGetReferralActivityRules;adminReferralActivityPostReferralActivityRuleVersions;adminReferralActivityGetReferralActivityProgress,referral,commission.settlement_delay_hours;referral.max_commission_level;referral.binding_mode;referral.relation_change_allowed;referral.attribution_days;referral.block_self_invite;referral.block_same_device;referral.red_packet_principal_commissionable,TST-REF_001-HAPPY;TST-REF_ACT_002-HAPPY;TST-REF_001-IDEMPOTENT;TST-REF_ACT_002-IDEMPOTENT,TOKENS_ONLY,R26,READY,FROZEN_CONSTRUCTION_V1.2.2
ADM-REF-006,ADMIN,推广,阶梯奖励矩阵,/growth/referral-activity/matrix,PAGE,ADM-FINANCE,档位×会员,具备 referral.read 的后台员工；写操作另需 referral.manage,referral.read,NORMAL,从左侧菜单、数据驾驶舱待办、全局搜索或关联详情跳转进入,按面包屑返回；跨模块跳转必须保留来源上下文,指标/告警|筛选|流水表|对账/分录|受控操作|审计,catalogs/ui_page_fields.csv#ADM-REF-006,catalogs/ui_page_states.csv#ADM-REF-006,catalogs/ui_action_matrix.csv#ADM-REF-006,仅允许后台同源授权链接；未认证先登录并保存原目标；无权限不泄露资源存在性,首屏加载+显式刷新；筛选/排序变化重置分页；翻页去重追加；领域事件仅刷新受影响行,后台页码或cursor二选一；默认20，最大100；筛选写入URL；默认排序由页面运营规格冻结,不支持离线写入；网络不可用时保留安全可保留输入并提供重试,REQ-REF-001;REQ-REF-ACT-002;REQ-PAGE-SPEC-001;REQ-ADMIN-OPS-001,GET /admin-api/v1/referral-relations;POST /admin-api/v1/referral-relations/{inviteeId}/adjust;GET /admin-api/v1/commission-policies;POST /admin-api/v1/commission-policies;GET /admin-api/v1/commissions;GET /admin-api/v1/referral-activity/rules;POST /admin-api/v1/referral-activity/rule-versions;GET /admin-api/v1/referral-activity/progress;PUT /admin-api/v1/referral-activity/milestones,adminReferralGetReferralRelations;adminReferralPostReferralRelationsByInviteeidAdjust;adminReferralGetCommissionPolicies;adminReferralPostCommissionPolicies;adminReferralGetCommissions;adminReferralActivityGetReferralActivityRules;adminReferralActivityPostReferralActivityRuleVersions;adminReferralActivityGetReferralActivityProgress;adminReferralActivityPutReferralActivityMilestones,referral,commission.settlement_delay_hours;referral.max_commission_level;referral.binding_mode;referral.relation_change_allowed;referral.attribution_days;referral.block_self_invite;referral.block_same_device;referral.red_packet_principal_commissionable,TST-REF_001-HAPPY;TST-REF_ACT_002-HAPPY;TST-REF_001-IDEMPOTENT;TST-REF_ACT_002-IDEMPOTENT;TST-V122-022,TOKENS_ONLY,R26,READY,FROZEN_CONSTRUCTION_V1.2.2
ADM-TASK-001,ADMIN,任务,任务定义,/growth/tasks/definitions,PAGE,ADM-LIST,个人任务和奖励,具备 task.manage 的后台员工；写操作另需 task.manage,task.manage,NORMAL,从左侧菜单、数据驾驶舱待办、全局搜索或关联详情跳转进入,按面包屑返回；跨模块跳转必须保留来源上下文,页标题/说明|筛选区|统计/批量操作|表格|分页,catalogs/ui_page_fields.csv#ADM-TASK-001,catalogs/ui_page_states.csv#ADM-TASK-001,catalogs/ui_action_matrix.csv#ADM-TASK-001,仅允许后台同源授权链接；未认证先登录并保存原目标；无权限不泄露资源存在性,首屏加载+显式刷新；筛选/排序变化重置分页；翻页去重追加；领域事件仅刷新受影响行,后台页码或cursor二选一；默认20，最大100；筛选写入URL；默认排序由页面运营规格冻结,不支持离线写入；网络不可用时保留安全可保留输入并提供重试,REQ-TASK-002,GET /admin-api/v1/tasks;POST /admin-api/v1/tasks;PATCH /admin-api/v1/tasks/{id};GET /admin-api/v1/task-progress;GET /admin-api/v1/growth-budgets;PUT /admin-api/v1/growth-budgets/{id},adminTasksGetTasks;adminTasksPostTasks;adminTasksPatchTasksById;adminTasksGetTaskProgress;adminTasksGetGrowthBudgets;adminTasksPutGrowthBudgetsById,platform,platform.brand.name;platform.brand.slogan;platform.brand.logo_media_id;platform.customer_service.name;platform.customer_service.contact,TST-TASK_002-HAPPY;TST-TASK_002-IDEMPOTENT,TOKENS_ONLY,R27,READY,FROZEN_CONSTRUCTION_V1.2.2
ADM-TASK-002,ADMIN,任务,任务进度与预算,/growth/tasks/progress,PAGE,ADM-LIST,用户和平台成本,具备 task.manage 的后台员工；写操作另需 task.manage,task.manage,NORMAL,从左侧菜单、数据驾驶舱待办、全局搜索或关联详情跳转进入,按面包屑返回；跨模块跳转必须保留来源上下文,页标题/说明|筛选区|统计/批量操作|表格|分页,catalogs/ui_page_fields.csv#ADM-TASK-002,catalogs/ui_page_states.csv#ADM-TASK-002,catalogs/ui_action_matrix.csv#ADM-TASK-002,仅允许后台同源授权链接；未认证先登录并保存原目标；无权限不泄露资源存在性,首屏加载+显式刷新；筛选/排序变化重置分页；翻页去重追加；领域事件仅刷新受影响行,后台页码或cursor二选一；默认20，最大100；筛选写入URL；默认排序由页面运营规格冻结,不支持离线写入；网络不可用时保留安全可保留输入并提供重试,REQ-TASK-002,GET /admin-api/v1/tasks;PATCH /admin-api/v1/tasks/{id};GET /admin-api/v1/task-progress;GET /admin-api/v1/growth-budgets;PUT /admin-api/v1/growth-budgets/{id},adminTasksGetTasks;adminTasksPatchTasksById;adminTasksGetTaskProgress;adminTasksGetGrowthBudgets;adminTasksPutGrowthBudgetsById,platform,platform.brand.name;platform.brand.slogan;platform.brand.logo_media_id;platform.customer_service.name;platform.customer_service.contact,TST-TASK_002-HAPPY;TST-TASK_002-IDEMPOTENT,TOKENS_ONLY,R27,READY,FROZEN_CONSTRUCTION_V1.2.2
ADM-CHAT-001,ADMIN,聊天,聊天举报,/governance/chat-reports,PAGE,ADM-LIST,消息证据,具备 chat.report.read 的后台员工；写操作另需 chat.report.manage,chat.report.read,NORMAL,从左侧菜单、数据驾驶舱待办、全局搜索或关联详情跳转进入,按面包屑返回；跨模块跳转必须保留来源上下文,页标题/说明|筛选区|统计/批量操作|表格|分页,catalogs/ui_page_fields.csv#ADM-CHAT-001,catalogs/ui_page_states.csv#ADM-CHAT-001,catalogs/ui_action_matrix.csv#ADM-CHAT-001,仅允许后台同源授权链接；未认证先登录并保存原目标；无权限不泄露资源存在性,首屏加载+显式刷新；筛选/排序变化重置分页；翻页去重追加；领域事件仅刷新受影响行,后台页码或cursor二选一；默认20，最大100；筛选写入URL；默认排序由页面运营规格冻结,不支持离线写入；网络不可用时保留安全可保留输入并提供重试,REQ-CHAT-002,GET /admin-api/v1/chat-reports;POST /admin-api/v1/chat-reports/{id}/decide,adminChatGetChatReports;adminChatPostChatReportsByIdDecide,chat,chat.stranger.daily_conversation_limit;chat.message.per_minute_limit;chat.image.max_mb;chat.history.retention_days,TST-CHAT_002-HAPPY;TST-CHAT_002-IDEMPOTENT,TOKENS_ONLY,R15,READY,FROZEN_CONSTRUCTION_V1.2.2
ADM-SUPPORT-001,ADMIN,客服,工单列表,/support/tickets,PAGE,ADM-LIST,分配、SLA、回复,具备 support.manage 的后台员工；写操作另需 support.manage,support.manage,NORMAL,从左侧菜单、数据驾驶舱待办、全局搜索或关联详情跳转进入,按面包屑返回；跨模块跳转必须保留来源上下文,页标题/说明|筛选区|统计/批量操作|表格|分页,catalogs/ui_page_fields.csv#ADM-SUPPORT-001,catalogs/ui_page_states.csv#ADM-SUPPORT-001,catalogs/ui_action_matrix.csv#ADM-SUPPORT-001,仅允许后台同源授权链接；未认证先登录并保存原目标；无权限不泄露资源存在性,首屏加载+显式刷新；筛选/排序变化重置分页；翻页去重追加；领域事件仅刷新受影响行,后台页码或cursor二选一；默认20，最大100；筛选写入URL；默认排序由页面运营规格冻结,不支持离线写入；网络不可用时保留安全可保留输入并提供重试,REQ-SUPPORT-001,GET /admin-api/v1/support/tickets;GET /admin-api/v1/support/tickets/{id},adminSupportGetSupportTickets;adminSupportGetSupportTicketsById,system,system.maintenance.enabled;system.maintenance.message;system.registration.enabled;system.publish.enabled;system.red_packet.enabled;system.withdrawal.enabled,TST-SUPPORT_001-HAPPY,TOKENS_ONLY,R15,READY,FROZEN_CONSTRUCTION_V1.2.2
ADM-CMS-001,ADMIN,运营,首页CMS,/operations/cms/home,PAGE,ADM-CMS,模块、轮播、专题,具备 cms.manage 的后台员工；写操作另需 cms.manage,cms.manage,NORMAL,从左侧菜单、数据驾驶舱待办、全局搜索或关联详情跳转进入,按面包屑返回；跨模块跳转必须保留来源上下文,内容树/列表|编辑器|多端预览|版本|发布计划,catalogs/ui_page_fields.csv#ADM-CMS-001,catalogs/ui_page_states.csv#ADM-CMS-001,catalogs/ui_action_matrix.csv#ADM-CMS-001,仅允许后台同源授权链接；未认证先登录并保存原目标；无权限不泄露资源存在性,初始化按需加载；写操作后仅刷新受影响数据；禁止无差别全局缓存清空,不适用；若子区块为列表，遵循所属平台标准分页模板,不支持离线写入；网络不可用时保留安全可保留输入并提供重试,REQ-CMS-001,GET /admin-api/v1/cms/home-modules;PUT /admin-api/v1/cms/home-modules;GET /admin-api/v1/cms/banners;POST /admin-api/v1/cms/banners;GET /admin-api/v1/cms/articles;POST /admin-api/v1/cms/articles;GET /admin-api/v1/cms/h5-pages;PUT /admin-api/v1/cms/h5-pages/{code},adminCMSGetCmsHomeModules;adminCMSPutCmsHomeModules;adminCMSGetCmsBanners;adminCMSPostCmsBanners;adminCMSGetCmsArticles;adminCMSPostCmsArticles;adminCMSGetCmsH5Pages;adminCMSPutCmsH5PagesByCode,platform,platform.brand.name;platform.brand.slogan;platform.brand.logo_media_id;platform.customer_service.name;platform.customer_service.contact,TST-CMS_001-HAPPY;TST-CMS_001-IDEMPOTENT,TOKENS_ONLY,R28,READY,FROZEN_CONSTRUCTION_V1.2.2
ADM-CMS-002,ADMIN,运营,H5宣传页CMS,/operations/cms/h5,PAGE,ADM-CMS,口号、截图、下载,具备 cms.manage 的后台员工；写操作另需 cms.manage,cms.manage,NORMAL,从左侧菜单、数据驾驶舱待办、全局搜索或关联详情跳转进入,按面包屑返回；跨模块跳转必须保留来源上下文,内容树/列表|编辑器|多端预览|版本|发布计划,catalogs/ui_page_fields.csv#ADM-CMS-002,catalogs/ui_page_states.csv#ADM-CMS-002,catalogs/ui_action_matrix.csv#ADM-CMS-002,仅允许后台同源授权链接；未认证先登录并保存原目标；无权限不泄露资源存在性,初始化按需加载；写操作后仅刷新受影响数据；禁止无差别全局缓存清空,不适用；若子区块为列表，遵循所属平台标准分页模板,不支持离线写入；网络不可用时保留安全可保留输入并提供重试,REQ-CMS-001,GET /admin-api/v1/cms/home-modules;PUT /admin-api/v1/cms/home-modules;GET /admin-api/v1/cms/banners;POST /admin-api/v1/cms/banners;GET /admin-api/v1/cms/articles;POST /admin-api/v1/cms/articles;GET /admin-api/v1/cms/h5-pages;PUT /admin-api/v1/cms/h5-pages/{code},adminCMSGetCmsHomeModules;adminCMSPutCmsHomeModules;adminCMSGetCmsBanners;adminCMSPostCmsBanners;adminCMSGetCmsArticles;adminCMSPostCmsArticles;adminCMSGetCmsH5Pages;adminCMSPutCmsH5PagesByCode,platform,platform.brand.name;platform.brand.slogan;platform.brand.logo_media_id;platform.customer_service.name;platform.customer_service.contact,TST-CMS_001-HAPPY;TST-CMS_001-IDEMPOTENT,TOKENS_ONLY,R28,READY,FROZEN_CONSTRUCTION_V1.2.2
ADM-CMS-003,ADMIN,运营,公告帮助协议,/operations/cms/content,PAGE,ADM-CMS,版本化内容,具备 cms.manage 的后台员工；写操作另需 cms.manage,cms.manage,NORMAL,从左侧菜单、数据驾驶舱待办、全局搜索或关联详情跳转进入,按面包屑返回；跨模块跳转必须保留来源上下文,内容树/列表|编辑器|多端预览|版本|发布计划,catalogs/ui_page_fields.csv#ADM-CMS-003,catalogs/ui_page_states.csv#ADM-CMS-003,catalogs/ui_action_matrix.csv#ADM-CMS-003,仅允许后台同源授权链接；未认证先登录并保存原目标；无权限不泄露资源存在性,初始化按需加载；写操作后仅刷新受影响数据；禁止无差别全局缓存清空,不适用；若子区块为列表，遵循所属平台标准分页模板,不支持离线写入；网络不可用时保留安全可保留输入并提供重试,REQ-CMS-001;REQ-PAGE-SPEC-001;REQ-ADMIN-OPS-001,GET /admin-api/v1/cms/home-modules;PUT /admin-api/v1/cms/home-modules;GET /admin-api/v1/cms/banners;POST /admin-api/v1/cms/banners;GET /admin-api/v1/cms/articles;POST /admin-api/v1/cms/articles;GET /admin-api/v1/cms/h5-pages;PUT /admin-api/v1/cms/h5-pages/{code};GET /admin-api/v1/agreements;POST /admin-api/v1/agreements/{code}/versions,adminCMSGetCmsHomeModules;adminCMSPutCmsHomeModules;adminCMSGetCmsBanners;adminCMSPostCmsBanners;adminCMSGetCmsArticles;adminCMSPostCmsArticles;adminCMSGetCmsH5Pages;adminCMSPutCmsH5PagesByCode;adminAgreementsGetAgreements;adminAgreementsPostAgreementsByCodeVersions,platform,platform.brand.name;platform.brand.slogan;platform.brand.logo_media_id;platform.customer_service.name;platform.customer_service.contact,TST-CMS_001-HAPPY;TST-CMS_001-IDEMPOTENT;TST-V122-026;TST-V122-027,TOKENS_ONLY,R28,READY,FROZEN_CONSTRUCTION_V1.2.2
ADM-APP-001,ADMIN,版本,App版本,/delivery/app-versions,PAGE,ADM-BUILD,APK、强制更新、灰度,具备 app.release.read 的后台员工；写操作另需 app.release.manage,app.release.read,NORMAL,从左侧菜单、数据驾驶舱待办、全局搜索或关联详情跳转进入,按面包屑返回；跨模块跳转必须保留来源上下文,环境/配置|任务步骤|日志|产物校验|发布/回滚|审批,catalogs/ui_page_fields.csv#ADM-APP-001,catalogs/ui_page_states.csv#ADM-APP-001,catalogs/ui_action_matrix.csv#ADM-APP-001,仅允许后台同源授权链接；未认证先登录并保存原目标；无权限不泄露资源存在性,初始化按需加载；写操作后仅刷新受影响数据；禁止无差别全局缓存清空,不适用；若子区块为列表，遵循所属平台标准分页模板,不支持离线写入；网络不可用时保留安全可保留输入并提供重试,REQ-APP-RELEASE-001,GET /admin-api/v1/app-versions;POST /admin-api/v1/app-versions;POST /admin-api/v1/app-versions/{id}/publish,adminAppReleaseGetAppVersions;adminAppReleasePostAppVersions;adminAppReleasePostAppVersionsByIdPublish,app_build,app.android.application_id;app.android.staging_application_id;app.android.display_name;app.android.signing.staging_profile;app.android.signing.production_profile;app.build.runner;app.build.allowed_ref_patterns;app.build.artifact_storage_scope,TST-APP_RELEASE_001-HAPPY;TST-APP_RELEASE_001-IDEMPOTENT,TOKENS_ONLY,R29,READY,FROZEN_CONSTRUCTION_V1.2.2
ADM-RISK-001,ADMIN,风控,风险事件,/governance/risk/events,PAGE,ADM-SECURITY,规则命中和处置,具备 risk.manage 的后台员工；写操作另需 risk.manage,risk.manage,NORMAL,从左侧菜单、数据驾驶舱待办、全局搜索或关联详情跳转进入,按面包屑返回；跨模块跳转必须保留来源上下文,风险摘要|筛选/配置|敏感操作|证据/日志|审批,catalogs/ui_page_fields.csv#ADM-RISK-001,catalogs/ui_page_states.csv#ADM-RISK-001,catalogs/ui_action_matrix.csv#ADM-RISK-001,仅允许后台同源授权链接；未认证先登录并保存原目标；无权限不泄露资源存在性,首屏加载+显式刷新；筛选/排序变化重置分页；翻页去重追加；领域事件仅刷新受影响行,后台页码或cursor二选一；默认20，最大100；筛选写入URL；默认排序由页面运营规格冻结,不支持离线写入；网络不可用时保留安全可保留输入并提供重试,REQ-SEC-001,GET /admin-api/v1/risk/events;POST /admin-api/v1/risk/events/{id}/decide;GET /admin-api/v1/risk/rule-versions;POST /admin-api/v1/risk/rule-versions;GET /admin-api/v1/risk/blacklists;POST /admin-api/v1/risk/blacklists;DELETE /admin-api/v1/risk/blacklists/{id},adminRiskGetRiskEvents;adminRiskPostRiskEventsByIdDecide;adminRiskGetRiskRuleVersions;adminRiskPostRiskRuleVersions;adminRiskGetRiskBlacklists;adminRiskPostRiskBlacklists;adminRiskDeleteRiskBlacklistsById,system,system.maintenance.enabled;system.maintenance.message;system.registration.enabled;system.publish.enabled;system.red_packet.enabled;system.withdrawal.enabled,TST-SEC_001-HAPPY;TST-SEC_001-IDEMPOTENT,TOKENS_ONLY,R31,READY,FROZEN_CONSTRUCTION_V1.2.2
ADM-RISK-002,ADMIN,风控,黑白名单,/governance/risk/lists,PAGE,ADM-SECURITY,设备/IP/实名/账户,具备 risk.manage 的后台员工；写操作另需 risk.manage,risk.manage,NORMAL,从左侧菜单、数据驾驶舱待办、全局搜索或关联详情跳转进入,按面包屑返回；跨模块跳转必须保留来源上下文,风险摘要|筛选/配置|敏感操作|证据/日志|审批,catalogs/ui_page_fields.csv#ADM-RISK-002,catalogs/ui_page_states.csv#ADM-RISK-002,catalogs/ui_action_matrix.csv#ADM-RISK-002,仅允许后台同源授权链接；未认证先登录并保存原目标；无权限不泄露资源存在性,首屏加载+显式刷新；筛选/排序变化重置分页；翻页去重追加；领域事件仅刷新受影响行,后台页码或cursor二选一；默认20，最大100；筛选写入URL；默认排序由页面运营规格冻结,不支持离线写入；网络不可用时保留安全可保留输入并提供重试,REQ-SEC-001,GET /admin-api/v1/risk/events;POST /admin-api/v1/risk/events/{id}/decide;GET /admin-api/v1/risk/rule-versions;GET /admin-api/v1/risk/blacklists;DELETE /admin-api/v1/risk/blacklists/{id},adminRiskGetRiskEvents;adminRiskPostRiskEventsByIdDecide;adminRiskGetRiskRuleVersions;adminRiskGetRiskBlacklists;adminRiskDeleteRiskBlacklistsById,system,system.maintenance.enabled;system.maintenance.message;system.registration.enabled;system.publish.enabled;system.red_packet.enabled;system.withdrawal.enabled,TST-SEC_001-HAPPY;TST-SEC_001-IDEMPOTENT,TOKENS_ONLY,R31,READY,FROZEN_CONSTRUCTION_V1.2.2
ADM-CONFIG-001,ADMIN,系统,系统配置,/system/config,PAGE,ADM-CONFIG,参数、版本、开关,具备 config.manage 的后台员工；写操作另需 config.manage,config.manage,HIGH,从左侧菜单、数据驾驶舱待办、全局搜索或关联详情跳转进入,按面包屑返回；跨模块跳转必须保留来源上下文,环境/版本选择|配置表单|差异|校验/测试|审批/激活|历史,catalogs/ui_page_fields.csv#ADM-CONFIG-001,catalogs/ui_page_states.csv#ADM-CONFIG-001,catalogs/ui_action_matrix.csv#ADM-CONFIG-001,仅允许后台同源授权链接；未认证先登录并保存原目标；无权限不泄露资源存在性,初始化按需加载；写操作后仅刷新受影响数据；禁止无差别全局缓存清空,不适用；若子区块为列表，遵循所属平台标准分页模板,不支持离线写入；网络不可用时保留安全可保留输入并提供重试,REQ-CONFIG-001;REQ-SECRET-001,GET /admin-api/v1/configs;PUT /admin-api/v1/configs/{key};GET /admin-api/v1/feature-flags;PUT /admin-api/v1/feature-flags/{key};GET /admin-api/v1/provider-configs;GET /admin-api/v1/provider-configs/{provider};POST /admin-api/v1/provider-configs/{provider}/versions;POST /admin-api/v1/provider-configs/{provider}/test,adminConfigGetConfigs;adminConfigPutConfigsByKey;adminConfigGetFeatureFlags;adminConfigPutFeatureFlagsByKey;adminProviderConfigGetProviderConfigs;adminProviderConfigGetProviderConfigsByProvider;adminProviderConfigPostProviderConfigsByProviderVersions;adminProviderConfigPostProviderConfigsByProviderTest,system,system.maintenance.enabled;system.maintenance.message;system.registration.enabled;system.publish.enabled;system.red_packet.enabled;system.withdrawal.enabled,TST-CONFIG_001-HAPPY;TST-SECRET_001-HAPPY;TST-CONFIG_001-IDEMPOTENT;TST-SECRET_001-IDEMPOTENT,TOKENS_ONLY,R30,READY,FROZEN_CONSTRUCTION_V1.2.2
ADM-RBAC-001,ADMIN,系统,员工角色权限,/system/rbac,PAGE,ADM-SECURITY,RBAC和数据权限,具备 rbac.manage 的后台员工；写操作另需 rbac.manage,rbac.manage,HIGH,从左侧菜单、数据驾驶舱待办、全局搜索或关联详情跳转进入,按面包屑返回；跨模块跳转必须保留来源上下文,风险摘要|筛选/配置|敏感操作|证据/日志|审批,catalogs/ui_page_fields.csv#ADM-RBAC-001,catalogs/ui_page_states.csv#ADM-RBAC-001,catalogs/ui_action_matrix.csv#ADM-RBAC-001,仅允许后台同源授权链接；未认证先登录并保存原目标；无权限不泄露资源存在性,首屏加载+显式刷新；筛选/排序变化重置分页；翻页去重追加；领域事件仅刷新受影响行,后台页码或cursor二选一；默认20，最大100；筛选写入URL；默认排序由页面运营规格冻结,不支持离线写入；网络不可用时保留安全可保留输入并提供重试,REQ-RBAC-001;REQ-ADMIN-BASE-001,GET /admin-api/v1/admin-users;POST /admin-api/v1/admin-users;GET /admin-api/v1/roles;PUT /admin-api/v1/roles/{id}/permissions,adminRBACGetAdminUsers;adminRBACPostAdminUsers;adminRBACGetRoles;adminRBACPutRolesByIdPermissions,platform,platform.brand.name;platform.brand.slogan;platform.brand.logo_media_id;platform.customer_service.name;platform.customer_service.contact,TST-RBAC_001-HAPPY;TST-ADMIN_BASE_001-HAPPY;TST-RBAC_001-IDEMPOTENT;TST-ADMIN_BASE_001-IDEMPOTENT,TOKENS_ONLY,R30,READY,FROZEN_CONSTRUCTION_V1.2.2
ADM-AUDIT-001,ADMIN,系统,审计日志,/system/audit,PAGE,ADM-SECURITY,登录、操作、敏感查看、导出,具备 audit.read 的后台员工；写操作另需 audit.manage,audit.read,HIGH,从左侧菜单、数据驾驶舱待办、全局搜索或关联详情跳转进入,按面包屑返回；跨模块跳转必须保留来源上下文,风险摘要|筛选/配置|敏感操作|证据/日志|审批,catalogs/ui_page_fields.csv#ADM-AUDIT-001,catalogs/ui_page_states.csv#ADM-AUDIT-001,catalogs/ui_action_matrix.csv#ADM-AUDIT-001,仅允许后台同源授权链接；未认证先登录并保存原目标；无权限不泄露资源存在性,首屏加载+显式刷新；筛选/排序变化重置分页；翻页去重追加；领域事件仅刷新受影响行,后台页码或cursor二选一；默认20，最大100；筛选写入URL；默认排序由页面运营规格冻结,不支持离线写入；网络不可用时保留安全可保留输入并提供重试,REQ-RBAC-001;REQ-ID-002,GET /admin-api/v1/audit/logs,adminAuditGetAuditLogs,platform,platform.brand.name;platform.brand.slogan;platform.brand.logo_media_id;platform.customer_service.name;platform.customer_service.contact,TST-RBAC_001-HAPPY;TST-ID_002-HAPPY,TOKENS_ONLY,R30,READY,FROZEN_CONSTRUCTION_V1.2.2
ADM-JOB-001,ADMIN,系统,定时任务,/system/jobs,PAGE,ADM-CONFIG,任务状态和重跑,具备 job.manage 的后台员工；写操作另需 job.manage,job.manage,NORMAL,从左侧菜单、数据驾驶舱待办、全局搜索或关联详情跳转进入,按面包屑返回；跨模块跳转必须保留来源上下文,环境/版本选择|配置表单|差异|校验/测试|审批/激活|历史,catalogs/ui_page_fields.csv#ADM-JOB-001,catalogs/ui_page_states.csv#ADM-JOB-001,catalogs/ui_action_matrix.csv#ADM-JOB-001,仅允许后台同源授权链接；未认证先登录并保存原目标；无权限不泄露资源存在性,初始化按需加载；写操作后仅刷新受影响数据；禁止无差别全局缓存清空,不适用；若子区块为列表，遵循所属平台标准分页模板,不支持离线写入；网络不可用时保留安全可保留输入并提供重试,REQ-OPS-001,GET /admin-api/v1/jobs;POST /admin-api/v1/jobs/{code}/run,adminJobsGetJobs;adminJobsPostJobsByCodeRun,platform,platform.brand.name;platform.brand.slogan;platform.brand.logo_media_id;platform.customer_service.name;platform.customer_service.contact,TST-OPS_001-HAPPY;TST-OPS_001-IDEMPOTENT,TOKENS_ONLY,R30,READY,FROZEN_CONSTRUCTION_V1.2.2
ADM-CONFIG-002,ADMIN,配置中心,供应商配置中心,/system/providers,PAGE,ADM-CONFIG,按短信、对象存储、实名、支付、出款分组管理，密钥脱敏、版本、测试、激活、回滚,具备 config.manage 的后台员工；写操作另需 config.manage,config.manage,HIGH,从左侧菜单、数据驾驶舱待办、全局搜索或关联详情跳转进入,按面包屑返回；跨模块跳转必须保留来源上下文,环境/版本选择|配置表单|差异|校验/测试|审批/激活|历史,catalogs/ui_page_fields.csv#ADM-CONFIG-002,catalogs/ui_page_states.csv#ADM-CONFIG-002,catalogs/ui_action_matrix.csv#ADM-CONFIG-002,仅允许后台同源授权链接；未认证先登录并保存原目标；无权限不泄露资源存在性,初始化按需加载；写操作后仅刷新受影响数据；禁止无差别全局缓存清空,不适用；若子区块为列表，遵循所属平台标准分页模板,不支持离线写入；网络不可用时保留安全可保留输入并提供重试,REQ-CONFIG-001;REQ-SECRET-001;REQ-PAGE-SPEC-001;REQ-ADMIN-OPS-001,GET /admin-api/v1/configs;GET /admin-api/v1/feature-flags;GET /admin-api/v1/provider-configs;GET /admin-api/v1/provider-configs/{provider};GET /admin-api/v1/provider-certificates;POST /admin-api/v1/provider-certificates/{id}/rotate;GET /admin-api/v1/domains;GET /admin-api/v1/domains/dns-actions;POST /admin-api/v1/provider-configs/{provider}/activate;POST /admin-api/v1/provider-configs/{provider}/rollback;POST /admin-api/v1/provider-certificates,adminConfigGetConfigs;adminConfigGetFeatureFlags;adminProviderConfigGetProviderConfigs;adminProviderConfigGetProviderConfigsByProvider;adminProviderCertificateGetProviderCertificates;adminProviderCertificatePostProviderCertificatesByIdRotate;adminDomainConfigGetDomains;adminDomainConfigGetDomainsDnsActions;adminProviderConfigPostProviderConfigsByProviderActivate;adminProviderConfigPostProviderConfigsByProviderRollback;adminProviderCertificatePostProviderCertificates,system;domain,system.maintenance.enabled;system.maintenance.message;system.registration.enabled;system.publish.enabled;system.red_packet.enabled;system.withdrawal.enabled;platform.base_domain;domain.www.host;domain.api.host;domain.ws.host;domain.admin.host;domain.h5.host;domain.download.host;domain.assets.host,TST-CONFIG_001-HAPPY;TST-SECRET_001-HAPPY;TST-CONFIG_001-IDEMPOTENT;TST-SECRET_001-IDEMPOTENT;TST-V122-030;TST-V122-031;TST-V122-032,TOKENS_ONLY,R03,READY,FROZEN_CONSTRUCTION_V1.2.2
ADM-CONFIG-003,ADMIN,配置中心,阿里云短信配置,/system/providers/sms,PAGE,ADM-CONFIG,AccessKey、Region、签名、模板、限流、连接测试和发送测试,具备 config.manage 的后台员工；写操作另需 config.manage,config.manage,HIGH,从左侧菜单、数据驾驶舱待办、全局搜索或关联详情跳转进入,按面包屑返回；跨模块跳转必须保留来源上下文,环境/版本选择|配置表单|差异|校验/测试|审批/激活|历史,catalogs/ui_page_fields.csv#ADM-CONFIG-003,catalogs/ui_page_states.csv#ADM-CONFIG-003,catalogs/ui_action_matrix.csv#ADM-CONFIG-003,仅允许后台同源授权链接；未认证先登录并保存原目标；无权限不泄露资源存在性,初始化按需加载；写操作后仅刷新受影响数据；禁止无差别全局缓存清空,不适用；若子区块为列表，遵循所属平台标准分页模板,不支持离线写入；网络不可用时保留安全可保留输入并提供重试,REQ-CONFIG-001;REQ-SECRET-001,GET /admin-api/v1/configs;PUT /admin-api/v1/configs/{key};GET /admin-api/v1/feature-flags;PUT /admin-api/v1/feature-flags/{key};GET /admin-api/v1/provider-configs;GET /admin-api/v1/provider-configs/{provider};POST /admin-api/v1/provider-configs/{provider}/versions;POST /admin-api/v1/provider-configs/{provider}/test,adminConfigGetConfigs;adminConfigPutConfigsByKey;adminConfigGetFeatureFlags;adminConfigPutFeatureFlagsByKey;adminProviderConfigGetProviderConfigs;adminProviderConfigGetProviderConfigsByProvider;adminProviderConfigPostProviderConfigsByProviderVersions;adminProviderConfigPostProviderConfigsByProviderTest,system,system.maintenance.enabled;system.maintenance.message;system.registration.enabled;system.publish.enabled;system.red_packet.enabled;system.withdrawal.enabled,TST-CONFIG_001-HAPPY;TST-SECRET_001-HAPPY;TST-CONFIG_001-IDEMPOTENT;TST-SECRET_001-IDEMPOTENT,TOKENS_ONLY,R03,READY,FROZEN_CONSTRUCTION_V1.2.2
ADM-CONFIG-004,ADMIN,配置中心,对象存储配置,/system/providers/storage,PAGE,ADM-CONFIG,Cloudflare R2与阿里云OSS配置、Scope绑定、连接测试和迁移任务,具备 config.manage 的后台员工；写操作另需 config.manage,config.manage,HIGH,从左侧菜单、数据驾驶舱待办、全局搜索或关联详情跳转进入,按面包屑返回；跨模块跳转必须保留来源上下文,环境/版本选择|配置表单|差异|校验/测试|审批/激活|历史,catalogs/ui_page_fields.csv#ADM-CONFIG-004,catalogs/ui_page_states.csv#ADM-CONFIG-004,catalogs/ui_action_matrix.csv#ADM-CONFIG-004,仅允许后台同源授权链接；未认证先登录并保存原目标；无权限不泄露资源存在性,初始化按需加载；写操作后仅刷新受影响数据；禁止无差别全局缓存清空,不适用；若子区块为列表，遵循所属平台标准分页模板,不支持离线写入；网络不可用时保留安全可保留输入并提供重试,REQ-CONFIG-001;REQ-SECRET-001,GET /admin-api/v1/configs;PUT /admin-api/v1/configs/{key};GET /admin-api/v1/feature-flags;PUT /admin-api/v1/feature-flags/{key};GET /admin-api/v1/provider-configs;GET /admin-api/v1/provider-configs/{provider};POST /admin-api/v1/provider-configs/{provider}/versions;POST /admin-api/v1/provider-configs/{provider}/test,adminConfigGetConfigs;adminConfigPutConfigsByKey;adminConfigGetFeatureFlags;adminConfigPutFeatureFlagsByKey;adminProviderConfigGetProviderConfigs;adminProviderConfigGetProviderConfigsByProvider;adminProviderConfigPostProviderConfigsByProviderVersions;adminProviderConfigPostProviderConfigsByProviderTest,system,system.maintenance.enabled;system.maintenance.message;system.registration.enabled;system.publish.enabled;system.red_packet.enabled;system.withdrawal.enabled,TST-CONFIG_001-HAPPY;TST-SECRET_001-HAPPY;TST-CONFIG_001-IDEMPOTENT;TST-SECRET_001-IDEMPOTENT,TOKENS_ONLY,R03,READY,FROZEN_CONSTRUCTION_V1.2.2
ADM-CONFIG-005,ADMIN,配置中心,支付网关配置,/system/providers/payment,PAGE,ADM-FINANCE,彩虹易支付网关、商户、签名、渠道、回调和连接测试,具备 config.manage 的后台员工；写操作另需 config.manage,config.manage,HIGH,从左侧菜单、数据驾驶舱待办、全局搜索或关联详情跳转进入,按面包屑返回；跨模块跳转必须保留来源上下文,指标/告警|筛选|流水表|对账/分录|受控操作|审计,catalogs/ui_page_fields.csv#ADM-CONFIG-005,catalogs/ui_page_states.csv#ADM-CONFIG-005,catalogs/ui_action_matrix.csv#ADM-CONFIG-005,仅允许后台同源授权链接；未认证先登录并保存原目标；无权限不泄露资源存在性,首屏加载+显式刷新；筛选/排序变化重置分页；翻页去重追加；领域事件仅刷新受影响行,后台页码或cursor二选一；默认20，最大100；筛选写入URL；默认排序由页面运营规格冻结,不支持离线写入；网络不可用时保留安全可保留输入并提供重试,REQ-CONFIG-001;REQ-SECRET-001,GET /admin-api/v1/configs;PUT /admin-api/v1/configs/{key};GET /admin-api/v1/feature-flags;PUT /admin-api/v1/feature-flags/{key};GET /admin-api/v1/provider-configs;GET /admin-api/v1/provider-configs/{provider};POST /admin-api/v1/provider-configs/{provider}/versions;POST /admin-api/v1/provider-configs/{provider}/test,adminConfigGetConfigs;adminConfigPutConfigsByKey;adminConfigGetFeatureFlags;adminConfigPutFeatureFlagsByKey;adminProviderConfigGetProviderConfigs;adminProviderConfigGetProviderConfigsByProvider;adminProviderConfigPostProviderConfigsByProviderVersions;adminProviderConfigPostProviderConfigsByProviderTest,system,system.maintenance.enabled;system.maintenance.message;system.registration.enabled;system.publish.enabled;system.red_packet.enabled;system.withdrawal.enabled,TST-CONFIG_001-HAPPY;TST-SECRET_001-HAPPY;TST-CONFIG_001-IDEMPOTENT;TST-SECRET_001-IDEMPOTENT,TOKENS_ONLY,R03,READY,FROZEN_CONSTRUCTION_V1.2.2
ADM-CONFIG-006,ADMIN,配置中心,支付宝企业付款配置,/system/providers/payout,PAGE,ADM-FINANCE,AppID、商家ID、私钥/证书上传、网关、回调、连接测试,具备 config.manage 的后台员工；写操作另需 config.manage,config.manage,HIGH,从左侧菜单、数据驾驶舱待办、全局搜索或关联详情跳转进入,按面包屑返回；跨模块跳转必须保留来源上下文,指标/告警|筛选|流水表|对账/分录|受控操作|审计,catalogs/ui_page_fields.csv#ADM-CONFIG-006,catalogs/ui_page_states.csv#ADM-CONFIG-006,catalogs/ui_action_matrix.csv#ADM-CONFIG-006,仅允许后台同源授权链接；未认证先登录并保存原目标；无权限不泄露资源存在性,首屏加载+显式刷新；筛选/排序变化重置分页；翻页去重追加；领域事件仅刷新受影响行,后台页码或cursor二选一；默认20，最大100；筛选写入URL；默认排序由页面运营规格冻结,不支持离线写入；网络不可用时保留安全可保留输入并提供重试,REQ-CONFIG-001;REQ-SECRET-001,GET /admin-api/v1/configs;PUT /admin-api/v1/configs/{key};GET /admin-api/v1/feature-flags;PUT /admin-api/v1/feature-flags/{key};GET /admin-api/v1/provider-configs;GET /admin-api/v1/provider-configs/{provider};POST /admin-api/v1/provider-configs/{provider}/versions;POST /admin-api/v1/provider-configs/{provider}/test,adminConfigGetConfigs;adminConfigPutConfigsByKey;adminConfigGetFeatureFlags;adminConfigPutFeatureFlagsByKey;adminProviderConfigGetProviderConfigs;adminProviderConfigGetProviderConfigsByProvider;adminProviderConfigPostProviderConfigsByProviderVersions;adminProviderConfigPostProviderConfigsByProviderTest,system,system.maintenance.enabled;system.maintenance.message;system.registration.enabled;system.publish.enabled;system.red_packet.enabled;system.withdrawal.enabled,TST-CONFIG_001-HAPPY;TST-SECRET_001-HAPPY;TST-CONFIG_001-IDEMPOTENT;TST-SECRET_001-IDEMPOTENT,TOKENS_ONLY,R03,READY,FROZEN_CONSTRUCTION_V1.2.2
ADM-CONFIG-007,ADMIN,配置中心,实名认证配置,/system/providers/identity,PAGE,ADM-CONFIG,APPCODE、活体/比对地址、超时、重试和结果映射,具备 config.manage 的后台员工；写操作另需 config.manage,config.manage,HIGH,从左侧菜单、数据驾驶舱待办、全局搜索或关联详情跳转进入,按面包屑返回；跨模块跳转必须保留来源上下文,环境/版本选择|配置表单|差异|校验/测试|审批/激活|历史,catalogs/ui_page_fields.csv#ADM-CONFIG-007,catalogs/ui_page_states.csv#ADM-CONFIG-007,catalogs/ui_action_matrix.csv#ADM-CONFIG-007,仅允许后台同源授权链接；未认证先登录并保存原目标；无权限不泄露资源存在性,初始化按需加载；写操作后仅刷新受影响数据；禁止无差别全局缓存清空,不适用；若子区块为列表，遵循所属平台标准分页模板,不支持离线写入；网络不可用时保留安全可保留输入并提供重试,REQ-CONFIG-001;REQ-SECRET-001,GET /admin-api/v1/configs;PUT /admin-api/v1/configs/{key};GET /admin-api/v1/feature-flags;PUT /admin-api/v1/feature-flags/{key};GET /admin-api/v1/provider-configs;GET /admin-api/v1/provider-configs/{provider};POST /admin-api/v1/provider-configs/{provider}/versions;POST /admin-api/v1/provider-configs/{provider}/test,adminConfigGetConfigs;adminConfigPutConfigsByKey;adminConfigGetFeatureFlags;adminConfigPutFeatureFlagsByKey;adminProviderConfigGetProviderConfigs;adminProviderConfigGetProviderConfigsByProvider;adminProviderConfigPostProviderConfigsByProviderVersions;adminProviderConfigPostProviderConfigsByProviderTest,system,system.maintenance.enabled;system.maintenance.message;system.registration.enabled;system.publish.enabled;system.red_packet.enabled;system.withdrawal.enabled,TST-CONFIG_001-HAPPY;TST-SECRET_001-HAPPY;TST-CONFIG_001-IDEMPOTENT;TST-SECRET_001-IDEMPOTENT,TOKENS_ONLY,R03,READY,FROZEN_CONSTRUCTION_V1.2.2
ADM-CONFIG-008,ADMIN,配置中心,域名与环境配置,/system/domains,PAGE,ADM-CONFIG,orbexa.cc二级域名、环境映射、DNS待办和验证状态,具备 config.manage 的后台员工；写操作另需 config.manage,config.manage,HIGH,从左侧菜单、数据驾驶舱待办、全局搜索或关联详情跳转进入,按面包屑返回；跨模块跳转必须保留来源上下文,环境/版本选择|配置表单|差异|校验/测试|审批/激活|历史,catalogs/ui_page_fields.csv#ADM-CONFIG-008,catalogs/ui_page_states.csv#ADM-CONFIG-008,catalogs/ui_action_matrix.csv#ADM-CONFIG-008,仅允许后台同源授权链接；未认证先登录并保存原目标；无权限不泄露资源存在性,初始化按需加载；写操作后仅刷新受影响数据；禁止无差别全局缓存清空,不适用；若子区块为列表，遵循所属平台标准分页模板,不支持离线写入；网络不可用时保留安全可保留输入并提供重试,REQ-CONFIG-001;REQ-SECRET-001;REQ-PAGE-SPEC-001;REQ-ADMIN-OPS-001,GET /admin-api/v1/configs;PUT /admin-api/v1/configs/{key};GET /admin-api/v1/feature-flags;PUT /admin-api/v1/feature-flags/{key};GET /admin-api/v1/provider-configs;GET /admin-api/v1/provider-configs/{provider};POST /admin-api/v1/provider-configs/{provider}/versions;POST /admin-api/v1/provider-configs/{provider}/test;PUT /admin-api/v1/domains/{code};POST /admin-api/v1/domains/{code}/verify,adminConfigGetConfigs;adminConfigPutConfigsByKey;adminConfigGetFeatureFlags;adminConfigPutFeatureFlagsByKey;adminProviderConfigGetProviderConfigs;adminProviderConfigGetProviderConfigsByProvider;adminProviderConfigPostProviderConfigsByProviderVersions;adminProviderConfigPostProviderConfigsByProviderTest;adminDomainConfigPutDomainsByCode;adminDomainConfigPostDomainsByCodeVerify,system,system.maintenance.enabled;system.maintenance.message;system.registration.enabled;system.publish.enabled;system.red_packet.enabled;system.withdrawal.enabled,TST-CONFIG_001-HAPPY;TST-SECRET_001-HAPPY;TST-CONFIG_001-IDEMPOTENT;TST-SECRET_001-IDEMPOTENT;TST-V122-033;TST-V122-034,TOKENS_ONLY,R03,READY,FROZEN_CONSTRUCTION_V1.2.2
ADM-BUILD-001,ADMIN,App构建,构建中心首页,/delivery/builds,PAGE,ADM-DASHBOARD,官方App构建概览、队列、最近结果、失败告警和快捷创建,具备 app.build.manage 的后台员工；写操作另需 app.build.manage,app.build.manage,HIGH,从左侧菜单、数据驾驶舱待办、全局搜索或关联详情跳转进入,按面包屑返回；跨模块跳转必须保留来源上下文,全局时间筛选|指标卡|趋势|分布|待办|异常,catalogs/ui_page_fields.csv#ADM-BUILD-001,catalogs/ui_page_states.csv#ADM-BUILD-001,catalogs/ui_action_matrix.csv#ADM-BUILD-001,仅允许后台同源授权链接；未认证先登录并保存原目标；无权限不泄露资源存在性,模块独立加载和刷新；局部失败不清空成功模块；展示数据更新时间,不适用；若子区块为列表，遵循所属平台标准分页模板,不支持离线写入；网络不可用时保留安全可保留输入并提供重试,REQ-BUILD-001;REQ-APK-001,GET /admin-api/v1/app-build/profiles;POST /admin-api/v1/app-build/profiles;PUT /admin-api/v1/app-build/profiles/{id};GET /admin-api/v1/app-build/jobs;POST /admin-api/v1/app-build/jobs;GET /admin-api/v1/app-build/jobs/{id};GET /admin-api/v1/app-build/jobs/{id}/logs;POST /admin-api/v1/app-build/jobs/{id}/cancel,adminAppBuildProfileGetAppBuildProfiles;adminAppBuildProfilePostAppBuildProfiles;adminAppBuildProfilePutAppBuildProfilesById;adminAppBuildJobGetAppBuildJobs;adminAppBuildJobPostAppBuildJobs;adminAppBuildJobGetAppBuildJobsById;adminAppBuildJobGetAppBuildJobsByIdLogs;adminAppBuildJobPostAppBuildJobsByIdCancel,platform,platform.brand.name;platform.brand.slogan;platform.brand.logo_media_id;platform.customer_service.name;platform.customer_service.contact,TST-BUILD_001-HAPPY;TST-APK_001-HAPPY;TST-BUILD_001-IDEMPOTENT;TST-APK_001-IDEMPOTENT,TOKENS_ONLY,R29,READY,FROZEN_CONSTRUCTION_V1.2.2
ADM-BUILD-002,ADMIN,App构建,构建配置,/delivery/builds/profiles,PAGE,ADM-BUILD,包名、显示名、环境、版本策略、Gradle参数和允许的Git Ref,具备 app.build.manage 的后台员工；写操作另需 app.build.manage,app.build.manage,HIGH,从左侧菜单、数据驾驶舱待办、全局搜索或关联详情跳转进入,按面包屑返回；跨模块跳转必须保留来源上下文,环境/配置|任务步骤|日志|产物校验|发布/回滚|审批,catalogs/ui_page_fields.csv#ADM-BUILD-002,catalogs/ui_page_states.csv#ADM-BUILD-002,catalogs/ui_action_matrix.csv#ADM-BUILD-002,仅允许后台同源授权链接；未认证先登录并保存原目标；无权限不泄露资源存在性,初始化按需加载；写操作后仅刷新受影响数据；禁止无差别全局缓存清空,不适用；若子区块为列表，遵循所属平台标准分页模板,不支持离线写入；网络不可用时保留安全可保留输入并提供重试,REQ-BUILD-001;REQ-APK-001,GET /admin-api/v1/app-build/profiles;PUT /admin-api/v1/app-build/profiles/{id};GET /admin-api/v1/app-build/jobs;GET /admin-api/v1/app-build/jobs/{id};GET /admin-api/v1/app-build/jobs/{id}/logs;POST /admin-api/v1/app-build/jobs/{id}/cancel;POST /admin-api/v1/app-build/jobs/{id}/retry;GET /admin-api/v1/app-build/artifacts,adminAppBuildProfileGetAppBuildProfiles;adminAppBuildProfilePutAppBuildProfilesById;adminAppBuildJobGetAppBuildJobs;adminAppBuildJobGetAppBuildJobsById;adminAppBuildJobGetAppBuildJobsByIdLogs;adminAppBuildJobPostAppBuildJobsByIdCancel;adminAppBuildJobPostAppBuildJobsByIdRetry;adminAppBuildArtifactGetAppBuildArtifacts,platform,platform.brand.name;platform.brand.slogan;platform.brand.logo_media_id;platform.customer_service.name;platform.customer_service.contact,TST-BUILD_001-HAPPY;TST-APK_001-HAPPY;TST-BUILD_001-IDEMPOTENT;TST-APK_001-IDEMPOTENT,TOKENS_ONLY,R29,READY,FROZEN_CONSTRUCTION_V1.2.2
ADM-BUILD-003,ADMIN,App构建,签名配置,/delivery/builds/signing,PAGE,ADM-BUILD,测试/生产签名Profile、证书指纹、访问权限、连接测试和轮换,具备 app.build.manage 的后台员工；写操作另需 app.build.manage,app.build.manage,HIGH,从左侧菜单、数据驾驶舱待办、全局搜索或关联详情跳转进入,按面包屑返回；跨模块跳转必须保留来源上下文,环境/配置|任务步骤|日志|产物校验|发布/回滚|审批,catalogs/ui_page_fields.csv#ADM-BUILD-003,catalogs/ui_page_states.csv#ADM-BUILD-003,catalogs/ui_action_matrix.csv#ADM-BUILD-003,仅允许后台同源授权链接；未认证先登录并保存原目标；无权限不泄露资源存在性,初始化按需加载；写操作后仅刷新受影响数据；禁止无差别全局缓存清空,不适用；若子区块为列表，遵循所属平台标准分页模板,不支持离线写入；网络不可用时保留安全可保留输入并提供重试,REQ-BUILD-001;REQ-APK-001;REQ-PAGE-SPEC-001;REQ-ADMIN-OPS-001,GET /admin-api/v1/app-build/profiles;POST /admin-api/v1/app-build/profiles;PUT /admin-api/v1/app-build/profiles/{id};GET /admin-api/v1/app-build/jobs;POST /admin-api/v1/app-build/jobs;GET /admin-api/v1/app-build/jobs/{id};GET /admin-api/v1/app-build/jobs/{id}/logs;POST /admin-api/v1/app-build/jobs/{id}/cancel;POST /admin-api/v1/app-build/signing-profiles;POST /admin-api/v1/app-build/signing-profiles/{id}/test,adminAppBuildProfileGetAppBuildProfiles;adminAppBuildProfilePostAppBuildProfiles;adminAppBuildProfilePutAppBuildProfilesById;adminAppBuildJobGetAppBuildJobs;adminAppBuildJobPostAppBuildJobs;adminAppBuildJobGetAppBuildJobsById;adminAppBuildJobGetAppBuildJobsByIdLogs;adminAppBuildJobPostAppBuildJobsByIdCancel;adminAppSigningPostAppBuildSigningProfiles;adminAppSigningPostAppBuildSigningProfilesByIdTest,platform,platform.brand.name;platform.brand.slogan;platform.brand.logo_media_id;platform.customer_service.name;platform.customer_service.contact,TST-BUILD_001-HAPPY;TST-APK_001-HAPPY;TST-BUILD_001-IDEMPOTENT;TST-APK_001-IDEMPOTENT;TST-V122-037;TST-V122-038,TOKENS_ONLY,R29,READY,FROZEN_CONSTRUCTION_V1.2.2
ADM-BUILD-004,ADMIN,App构建,构建任务列表,/delivery/builds/jobs,PAGE,ADM-BUILD,任务状态、Commit、版本、环境、发起人、耗时和产物,具备 app.build.manage 的后台员工；写操作另需 app.build.manage,app.build.manage,HIGH,从左侧菜单、数据驾驶舱待办、全局搜索或关联详情跳转进入,按面包屑返回；跨模块跳转必须保留来源上下文,环境/配置|任务步骤|日志|产物校验|发布/回滚|审批,catalogs/ui_page_fields.csv#ADM-BUILD-004,catalogs/ui_page_states.csv#ADM-BUILD-004,catalogs/ui_action_matrix.csv#ADM-BUILD-004,仅允许后台同源授权链接；未认证先登录并保存原目标；无权限不泄露资源存在性,初始化按需加载；写操作后仅刷新受影响数据；禁止无差别全局缓存清空,不适用；若子区块为列表，遵循所属平台标准分页模板,不支持离线写入；网络不可用时保留安全可保留输入并提供重试,REQ-BUILD-001;REQ-APK-001,GET /admin-api/v1/app-build/profiles;GET /admin-api/v1/app-build/jobs;GET /admin-api/v1/app-build/jobs/{id};GET /admin-api/v1/app-build/jobs/{id}/logs;GET /admin-api/v1/app-build/artifacts;GET /admin-api/v1/app-build/artifacts/{id}/download;GET /admin-api/v1/app-build/signing-profiles,adminAppBuildProfileGetAppBuildProfiles;adminAppBuildJobGetAppBuildJobs;adminAppBuildJobGetAppBuildJobsById;adminAppBuildJobGetAppBuildJobsByIdLogs;adminAppBuildArtifactGetAppBuildArtifacts;adminAppBuildArtifactGetAppBuildArtifactsByIdDownload;adminAppSigningGetAppBuildSigningProfiles,platform,platform.brand.name;platform.brand.slogan;platform.brand.logo_media_id;platform.customer_service.name;platform.customer_service.contact,TST-BUILD_001-HAPPY;TST-APK_001-HAPPY,TOKENS_ONLY,R29,READY,FROZEN_CONSTRUCTION_V1.2.2
ADM-BUILD-005,ADMIN,App构建,构建任务详情,/delivery/builds/jobs/:id,PAGE,ADM-BUILD,步骤日志、测试结果、APK、SHA256、失败重试和取消,具备 app.build.manage 的后台员工；写操作另需 app.build.manage,app.build.manage,HIGH,从对应列表行、待办、审计记录或直接授权链接进入,返回来源列表并保持筛选、排序、页码和滚动位置,环境/配置|任务步骤|日志|产物校验|发布/回滚|审批,catalogs/ui_page_fields.csv#ADM-BUILD-005,catalogs/ui_page_states.csv#ADM-BUILD-005,catalogs/ui_action_matrix.csv#ADM-BUILD-005,仅允许后台同源授权链接；未认证先登录并保存原目标；无权限不泄露资源存在性,初始化按需加载；写操作后仅刷新受影响数据；禁止无差别全局缓存清空,不适用；若子区块为列表，遵循所属平台标准分页模板,不支持离线写入；网络不可用时保留安全可保留输入并提供重试,REQ-BUILD-001;REQ-APK-001,GET /admin-api/v1/app-build/profiles;POST /admin-api/v1/app-build/profiles;PUT /admin-api/v1/app-build/profiles/{id};GET /admin-api/v1/app-build/jobs;POST /admin-api/v1/app-build/jobs;GET /admin-api/v1/app-build/jobs/{id};GET /admin-api/v1/app-build/jobs/{id}/logs;POST /admin-api/v1/app-build/jobs/{id}/cancel,adminAppBuildProfileGetAppBuildProfiles;adminAppBuildProfilePostAppBuildProfiles;adminAppBuildProfilePutAppBuildProfilesById;adminAppBuildJobGetAppBuildJobs;adminAppBuildJobPostAppBuildJobs;adminAppBuildJobGetAppBuildJobsById;adminAppBuildJobGetAppBuildJobsByIdLogs;adminAppBuildJobPostAppBuildJobsByIdCancel,platform,platform.brand.name;platform.brand.slogan;platform.brand.logo_media_id;platform.customer_service.name;platform.customer_service.contact,TST-BUILD_001-HAPPY;TST-APK_001-HAPPY;TST-BUILD_001-IDEMPOTENT;TST-APK_001-IDEMPOTENT,TOKENS_ONLY,R29,READY,FROZEN_CONSTRUCTION_V1.2.2
ADM-BUILD-006,ADMIN,App构建,构建产物与下载,/delivery/builds/artifacts,PAGE,ADM-BUILD,测试APK、正式APK、保留期、下载、二维码和Commit追溯,具备 app.build.manage 的后台员工；写操作另需 app.build.manage,app.build.manage,HIGH,从左侧菜单、数据驾驶舱待办、全局搜索或关联详情跳转进入,按面包屑返回；跨模块跳转必须保留来源上下文,环境/配置|任务步骤|日志|产物校验|发布/回滚|审批,catalogs/ui_page_fields.csv#ADM-BUILD-006,catalogs/ui_page_states.csv#ADM-BUILD-006,catalogs/ui_action_matrix.csv#ADM-BUILD-006,仅允许后台同源授权链接；未认证先登录并保存原目标；无权限不泄露资源存在性,初始化按需加载；写操作后仅刷新受影响数据；禁止无差别全局缓存清空,不适用；若子区块为列表，遵循所属平台标准分页模板,不支持离线写入；网络不可用时保留安全可保留输入并提供重试,REQ-BUILD-001;REQ-APK-001,GET /admin-api/v1/app-build/profiles;POST /admin-api/v1/app-build/profiles;PUT /admin-api/v1/app-build/profiles/{id};GET /admin-api/v1/app-build/jobs;POST /admin-api/v1/app-build/jobs;GET /admin-api/v1/app-build/jobs/{id};GET /admin-api/v1/app-build/jobs/{id}/logs;POST /admin-api/v1/app-build/jobs/{id}/cancel,adminAppBuildProfileGetAppBuildProfiles;adminAppBuildProfilePostAppBuildProfiles;adminAppBuildProfilePutAppBuildProfilesById;adminAppBuildJobGetAppBuildJobs;adminAppBuildJobPostAppBuildJobs;adminAppBuildJobGetAppBuildJobsById;adminAppBuildJobGetAppBuildJobsByIdLogs;adminAppBuildJobPostAppBuildJobsByIdCancel,platform,platform.brand.name;platform.brand.slogan;platform.brand.logo_media_id;platform.customer_service.name;platform.customer_service.contact,TST-BUILD_001-HAPPY;TST-APK_001-HAPPY;TST-BUILD_001-IDEMPOTENT;TST-APK_001-IDEMPOTENT,TOKENS_ONLY,R29,READY,FROZEN_CONSTRUCTION_V1.2.2
ADM-BUILD-007,ADMIN,App构建,发布与回滚,/delivery/releases,PAGE,ADM-BUILD,预发布、生产发布、双人复核、灰度、强制更新和版本回滚,具备 app.build.manage 的后台员工；写操作另需 app.build.manage,app.build.manage,HIGH,从左侧菜单、数据驾驶舱待办、全局搜索或关联详情跳转进入,按面包屑返回；跨模块跳转必须保留来源上下文,环境/配置|任务步骤|日志|产物校验|发布/回滚|审批,catalogs/ui_page_fields.csv#ADM-BUILD-007,catalogs/ui_page_states.csv#ADM-BUILD-007,catalogs/ui_action_matrix.csv#ADM-BUILD-007,仅允许后台同源授权链接；未认证先登录并保存原目标；无权限不泄露资源存在性,初始化按需加载；写操作后仅刷新受影响数据；禁止无差别全局缓存清空,不适用；若子区块为列表，遵循所属平台标准分页模板,不支持离线写入；网络不可用时保留安全可保留输入并提供重试,REQ-BUILD-001;REQ-APK-001;REQ-PAGE-SPEC-001;REQ-ADMIN-OPS-001,GET /admin-api/v1/app-build/profiles;POST /admin-api/v1/app-build/profiles;PUT /admin-api/v1/app-build/profiles/{id};GET /admin-api/v1/app-build/jobs;POST /admin-api/v1/app-build/jobs;GET /admin-api/v1/app-build/jobs/{id};GET /admin-api/v1/app-build/jobs/{id}/logs;POST /admin-api/v1/app-build/jobs/{id}/cancel;POST /admin-api/v1/app-build/jobs/{id}/publish-staging;POST /admin-api/v1/app-build/jobs/{id}/promote,adminAppBuildProfileGetAppBuildProfiles;adminAppBuildProfilePostAppBuildProfiles;adminAppBuildProfilePutAppBuildProfilesById;adminAppBuildJobGetAppBuildJobs;adminAppBuildJobPostAppBuildJobs;adminAppBuildJobGetAppBuildJobsById;adminAppBuildJobGetAppBuildJobsByIdLogs;adminAppBuildJobPostAppBuildJobsByIdCancel;adminAppBuildReleasePostAppBuildJobsByIdPublishStaging;adminAppBuildReleasePostAppBuildJobsByIdPromote,platform,platform.brand.name;platform.brand.slogan;platform.brand.logo_media_id;platform.customer_service.name;platform.customer_service.contact,TST-BUILD_001-HAPPY;TST-APK_001-HAPPY;TST-BUILD_001-IDEMPOTENT;TST-APK_001-IDEMPOTENT;TST-V122-035;TST-V122-036,TOKENS_ONLY,R29,READY,FROZEN_CONSTRUCTION_V1.2.2
ADM-AUTH-001,ADMIN,后台认证,后台登录,/auth/login,PAGE,ADM-AUTH,账号密码、验证码、登录风险提示和登录失败锁定策略,具备 public 的后台员工；写操作另需 admin.auth.login,public,HIGH,未认证访问后台或会话过期时由路由守卫进入,认证成功进入原目标或数据驾驶舱；失败留在当前页；取消返回登录,品牌|安全说明|认证表单|风险/锁定提示,catalogs/ui_page_fields.csv#ADM-AUTH-001,catalogs/ui_page_states.csv#ADM-AUTH-001,catalogs/ui_action_matrix.csv#ADM-AUTH-001,仅允许后台同源授权链接；未认证先登录并保存原目标；无权限不泄露资源存在性,初始化按需加载；写操作后仅刷新受影响数据；禁止无差别全局缓存清空,不适用；若子区块为列表，遵循所属平台标准分页模板,不支持离线写入；网络不可用时保留安全可保留输入并提供重试,REQ-ADMIN-BASE-001;REQ-ADMIN-SECURITY-001,POST /admin-api/v1/auth/login,adminAdminAuthPostAuthLogin,auth;system,auth.default_login_method;auth.security_challenge.provider;auth.security_challenge.mode;auth.password.min_length;auth.password.max_length;auth.password.max_failures;auth.password.lock_seconds;auth.invite.app_required;system.maintenance.enabled;system.maintenance.message;system.registration.enabled;system.publish.enabled;system.red_packet.enabled;system.withdrawal.enabled,TST-V122-012,TOKENS_ONLY,R01,READY,FROZEN_CONSTRUCTION_V1.2.2
ADM-AUTH-002,ADMIN,后台认证,二次验证,/auth/mfa,PAGE,ADM-AUTH,TOTP/短信二次验证、恢复码、失败次数和会话升级,具备 admin.auth.pending 的后台员工；写操作另需 admin.auth.mfa,admin.auth.pending,HIGH,未认证访问后台或会话过期时由路由守卫进入,认证成功进入原目标或数据驾驶舱；失败留在当前页；取消返回登录,品牌|安全说明|认证表单|风险/锁定提示,catalogs/ui_page_fields.csv#ADM-AUTH-002,catalogs/ui_page_states.csv#ADM-AUTH-002,catalogs/ui_action_matrix.csv#ADM-AUTH-002,仅允许后台同源授权链接；未认证先登录并保存原目标；无权限不泄露资源存在性,初始化按需加载；写操作后仅刷新受影响数据；禁止无差别全局缓存清空,不适用；若子区块为列表，遵循所属平台标准分页模板,不支持离线写入；网络不可用时保留安全可保留输入并提供重试,REQ-ADMIN-BASE-001;REQ-ADMIN-SECURITY-001,POST /admin-api/v1/auth/mfa/verify,adminAdminAuthPostAuthMfaVerify,auth;system,auth.default_login_method;auth.security_challenge.provider;auth.security_challenge.mode;auth.password.min_length;auth.password.max_length;auth.password.max_failures;auth.password.lock_seconds;auth.invite.app_required;system.maintenance.enabled;system.maintenance.message;system.registration.enabled;system.publish.enabled;system.red_packet.enabled;system.withdrawal.enabled,TST-V122-013,TOKENS_ONLY,R01,READY,FROZEN_CONSTRUCTION_V1.2.2
ADM-REPORT-001,ADMIN,治理,内容举报处理,/governance/content-reports,PAGE,ADM-REVIEW,举报筛选、证据预览、内容与用户上下文、处理决定和通知结果,具备 report.read 的后台员工；写操作另需 report.decide,report.read,HIGH,从左侧菜单、数据驾驶舱待办、全局搜索或关联详情跳转进入,按面包屑返回；跨模块跳转必须保留来源上下文,队列|任务上下文|证据预览|规则/历史|决定面板,catalogs/ui_page_fields.csv#ADM-REPORT-001,catalogs/ui_page_states.csv#ADM-REPORT-001,catalogs/ui_action_matrix.csv#ADM-REPORT-001,仅允许后台同源授权链接；未认证先登录并保存原目标；无权限不泄露资源存在性,首屏加载+显式刷新；筛选/排序变化重置分页；翻页去重追加；领域事件仅刷新受影响行,后台页码或cursor二选一；默认20，最大100；筛选写入URL；默认排序由页面运营规格冻结,不支持离线写入；网络不可用时保留安全可保留输入并提供重试,REQ-SUPPORT-001;REQ-ADMIN-OPS-001,POST /admin-api/v1/content-reports/{id}/decide,adminReportsPostContentReportsByIdDecide,content;chat;notification;system,content.limit.normal.online;content.limit.month.online;content.limit.quarter.online;content.limit.year.online;content.team_leader_per_account;content.limit.normal.pending;content.limit.normal.drafts;content.limit.normal.daily_submissions;chat.stranger.daily_conversation_limit;chat.message.per_minute_limit;chat.image.max_mb;chat.history.retention_days;notification.marketing.default_enabled;notification.quiet_hours.start;notification.quiet_hours.end;system.maintenance.enabled;system.maintenance.message;system.registration.enabled;system.publish.enabled;system.red_packet.enabled;system.withdrawal.enabled,TST-V122-020,TOKENS_ONLY,R15,READY,FROZEN_CONSTRUCTION_V1.2.2
ADM-APPEAL-001,ADMIN,治理,申诉处理,/governance/appeals,PAGE,ADM-REVIEW,申诉队列、原处罚与证据、补充材料、复核决定和状态历史,具备 appeal.read 的后台员工；写操作另需 appeal.decide,appeal.read,HIGH,从左侧菜单、数据驾驶舱待办、全局搜索或关联详情跳转进入,按面包屑返回；跨模块跳转必须保留来源上下文,队列|任务上下文|证据预览|规则/历史|决定面板,catalogs/ui_page_fields.csv#ADM-APPEAL-001,catalogs/ui_page_states.csv#ADM-APPEAL-001,catalogs/ui_action_matrix.csv#ADM-APPEAL-001,仅允许后台同源授权链接；未认证先登录并保存原目标；无权限不泄露资源存在性,首屏加载+显式刷新；筛选/排序变化重置分页；翻页去重追加；领域事件仅刷新受影响行,后台页码或cursor二选一；默认20，最大100；筛选写入URL；默认排序由页面运营规格冻结,不支持离线写入；网络不可用时保留安全可保留输入并提供重试,REQ-SUPPORT-001;REQ-ADMIN-OPS-001,POST /admin-api/v1/appeals/{id}/decide,adminAppealsPostAppealsByIdDecide,content;chat;notification;system,content.limit.normal.online;content.limit.month.online;content.limit.quarter.online;content.limit.year.online;content.team_leader_per_account;content.limit.normal.pending;content.limit.normal.drafts;content.limit.normal.daily_submissions;chat.stranger.daily_conversation_limit;chat.message.per_minute_limit;chat.image.max_mb;chat.history.retention_days;notification.marketing.default_enabled;notification.quiet_hours.start;notification.quiet_hours.end;system.maintenance.enabled;system.maintenance.message;system.registration.enabled;system.publish.enabled;system.red_packet.enabled;system.withdrawal.enabled,TST-V122-021,TOKENS_ONLY,R15,READY,FROZEN_CONSTRUCTION_V1.2.2
ADM-SUPPORT-002,ADMIN,客服,工单详情,/support/tickets/:id,PAGE,ADM-DETAIL,会话式工单详情、附件、分配、内部备注、回复、关闭与重开记录,具备 support.read 的后台员工；写操作另需 support.manage,support.read,HIGH,从对应列表行、待办、审计记录或直接授权链接进入,返回来源列表并保持筛选、排序、页码和滚动位置,摘要头|状态/主操作|Tab详情|时间线|关联对象|审计,catalogs/ui_page_fields.csv#ADM-SUPPORT-002,catalogs/ui_page_states.csv#ADM-SUPPORT-002,catalogs/ui_action_matrix.csv#ADM-SUPPORT-002,仅允许后台同源授权链接；未认证先登录并保存原目标；无权限不泄露资源存在性,页面进入加载；缓存过期/前台恢复/领域事件触发轻量刷新；写操作成功按资源局部刷新,不适用；若子区块为列表，遵循所属平台标准分页模板,不支持离线写入；网络不可用时保留安全可保留输入并提供重试,REQ-SUPPORT-001;REQ-ADMIN-OPS-001,POST /admin-api/v1/support/tickets/{id}/assign;POST /admin-api/v1/support/tickets/{id}/messages;POST /admin-api/v1/support/tickets/{id}/close,adminSupportPostSupportTicketsByIdAssign;adminSupportPostSupportTicketsByIdMessages;adminSupportPostSupportTicketsByIdClose,operations;notification;storage,ops.backup.rpo_minutes;ops.recovery.rto_minutes;ops.audit_log.retention_days;ops.security_event.retention_days;ops.alert.error_rate_percent;ops.alert.api_p95_ms;notification.marketing.default_enabled;notification.quiet_hours.start;notification.quiet_hours.end;storage.default_provider;storage.scope.public_media.provider;storage.scope.private_kyc.provider;storage.scope.private_chat.provider;storage.scope.audit_evidence.provider;storage.scope.apk_release.provider;storage.scope.backup.provider;storage.r2.account_id,TST-V122-023;TST-V122-024;TST-V122-025,TOKENS_ONLY,R15,READY,FROZEN_CONSTRUCTION_V1.2.2
ADM-APPROVAL-001,ADMIN,系统,双人审批中心,/system/approvals,PAGE,ADM-APPROVAL,集中处理资金、配置、发布、签名和敏感操作的双人复核，禁止申请人自审,具备 approval.read 的后台员工；写操作另需 approval.decide,approval.read,CRITICAL,从左侧菜单、数据驾驶舱待办、全局搜索或关联详情跳转进入,按面包屑返回；跨模块跳转必须保留来源上下文,筛选|申请摘要|影响差异|证据|决定|时间线,catalogs/ui_page_fields.csv#ADM-APPROVAL-001,catalogs/ui_page_states.csv#ADM-APPROVAL-001,catalogs/ui_action_matrix.csv#ADM-APPROVAL-001,仅允许后台同源授权链接；未认证先登录并保存原目标；无权限不泄露资源存在性,初始化按需加载；写操作后仅刷新受影响数据；禁止无差别全局缓存清空,不适用；若子区块为列表，遵循所属平台标准分页模板,不支持离线写入；网络不可用时保留安全可保留输入并提供重试,REQ-RBAC-001;REQ-ADMIN-OPS-001,GET /admin-api/v1/approvals;POST /admin-api/v1/approvals/{id}/decide,adminApprovalsGetApprovals;adminApprovalsPostApprovalsByIdDecide,system;auth;analytics,system.maintenance.enabled;system.maintenance.message;system.registration.enabled;system.publish.enabled;system.red_packet.enabled;system.withdrawal.enabled;auth.default_login_method;auth.security_challenge.provider;auth.security_challenge.mode;auth.password.min_length;auth.password.max_length;auth.password.max_failures;auth.password.lock_seconds;auth.invite.app_required;analytics.event.retention_days;analytics.traffic_types,TST-V122-028;TST-V122-029,TOKENS_ONLY,R30,READY,FROZEN_CONSTRUCTION_V1.2.2
ADM-ACCOUNTING-001,ADMIN,财务,统一会计交易,/finance/accounting/transactions,PAGE,ADM-FINANCE,按业务来源、账户、日期和状态查询复式记账交易，核对借贷平衡与业务幂等键,具备 accounting.read 的后台员工；写操作另需 accounting.reversal.request,accounting.read,CRITICAL,从左侧菜单、数据驾驶舱待办、全局搜索或关联详情跳转进入,按面包屑返回；跨模块跳转必须保留来源上下文,指标/告警|筛选|流水表|对账/分录|受控操作|审计,catalogs/ui_page_fields.csv#ADM-ACCOUNTING-001,catalogs/ui_page_states.csv#ADM-ACCOUNTING-001,catalogs/ui_action_matrix.csv#ADM-ACCOUNTING-001,仅允许后台同源授权链接；未认证先登录并保存原目标；无权限不泄露资源存在性,首屏加载+显式刷新；筛选/排序变化重置分页；翻页去重追加；领域事件仅刷新受影响行,后台页码或cursor二选一；默认20，最大100；筛选写入URL；默认排序由页面运营规格冻结,不支持离线写入；网络不可用时保留安全可保留输入并提供重试,REQ-ACCOUNTING-OPS-001;REQ-LEDGER-001,GET /admin-api/v1/accounting/transactions;GET /admin-api/v1/accounting/entries,adminAccountingGetTransactions;adminAccountingGetEntries,payment;withdrawal;payout;system,payment.active_gateway;payment.caihong.base_url;payment.caihong.merchant_id;payment.caihong.merchant_key;payment.caihong.sign_type;payment.caihong.enabled_channels;payment.notify_url;payment.return_url;withdrawal.min_amount_cent.normal;withdrawal.fee.fixed_cent.normal;withdrawal.fee.bps.normal;withdrawal.daily_count.normal;withdrawal.min_amount_cent.month;withdrawal.fee.fixed_cent.month;withdrawal.fee.bps.month;withdrawal.daily_count.month;payout.active_gateway;payout.alipay.app_id;payout.alipay.merchant_id;payout.alipay.private_key_certificate_id;payout.alipay.app_public_certificate_id;payout.alipay.alipay_public_certificate_id;payout.alipay.root_certificate_id;payout.alipay.gateway_url;system.maintenance.enabled;system.maintenance.message;system.registration.enabled;system.publish.enabled;system.red_packet.enabled;system.withdrawal.enabled,TST-V122-039;TST-V122-041,TOKENS_ONLY,R24,READY,FROZEN_CONSTRUCTION_V1.2.2
ADM-ACCOUNTING-002,ADMIN,财务,会计交易详情与冲正,/finance/accounting/transactions/:id,PAGE,ADM-FINANCE,交易头、借贷分录、业务凭证、关联订单/红包/奖励/提现、冲正申请与审批进度,具备 accounting.read 的后台员工；写操作另需 accounting.reversal.request,accounting.read,CRITICAL,从对应列表行、待办、审计记录或直接授权链接进入,返回来源列表并保持筛选、排序、页码和滚动位置,指标/告警|筛选|流水表|对账/分录|受控操作|审计,catalogs/ui_page_fields.csv#ADM-ACCOUNTING-002,catalogs/ui_page_states.csv#ADM-ACCOUNTING-002,catalogs/ui_action_matrix.csv#ADM-ACCOUNTING-002,仅允许后台同源授权链接；未认证先登录并保存原目标；无权限不泄露资源存在性,首屏加载+显式刷新；筛选/排序变化重置分页；翻页去重追加；领域事件仅刷新受影响行,后台页码或cursor二选一；默认20，最大100；筛选写入URL；默认排序由页面运营规格冻结,不支持离线写入；网络不可用时保留安全可保留输入并提供重试,REQ-ACCOUNTING-OPS-001;REQ-LEDGER-001,GET /admin-api/v1/accounting/transactions/{id};POST /admin-api/v1/accounting/transactions/{id}/reversals,adminAccountingGetTransactionById;adminAccountingPostReversal,payment;withdrawal;payout;system,payment.active_gateway;payment.caihong.base_url;payment.caihong.merchant_id;payment.caihong.merchant_key;payment.caihong.sign_type;payment.caihong.enabled_channels;payment.notify_url;payment.return_url;withdrawal.min_amount_cent.normal;withdrawal.fee.fixed_cent.normal;withdrawal.fee.bps.normal;withdrawal.daily_count.normal;withdrawal.min_amount_cent.month;withdrawal.fee.fixed_cent.month;withdrawal.fee.bps.month;withdrawal.daily_count.month;payout.active_gateway;payout.alipay.app_id;payout.alipay.merchant_id;payout.alipay.private_key_certificate_id;payout.alipay.app_public_certificate_id;payout.alipay.alipay_public_certificate_id;payout.alipay.root_certificate_id;payout.alipay.gateway_url;system.maintenance.enabled;system.maintenance.message;system.registration.enabled;system.publish.enabled;system.red_packet.enabled;system.withdrawal.enabled,TST-V122-040;TST-V122-042,TOKENS_ONLY,R24,READY,FROZEN_CONSTRUCTION_V1.2.2
ADM-RISK-003,ADMIN,风控,风控规则版本,/governance/risk/rules,PAGE,ADM-CONFIG,规则草稿、版本差异、测试样本、审批、激活、回滚和命中统计,具备 risk.rule.read 的后台员工；写操作另需 risk.rule.manage,risk.rule.read,CRITICAL,从左侧菜单、数据驾驶舱待办、全局搜索或关联详情跳转进入,按面包屑返回；跨模块跳转必须保留来源上下文,环境/版本选择|配置表单|差异|校验/测试|审批/激活|历史,catalogs/ui_page_fields.csv#ADM-RISK-003,catalogs/ui_page_states.csv#ADM-RISK-003,catalogs/ui_action_matrix.csv#ADM-RISK-003,仅允许后台同源授权链接；未认证先登录并保存原目标；无权限不泄露资源存在性,初始化按需加载；写操作后仅刷新受影响数据；禁止无差别全局缓存清空,不适用；若子区块为列表，遵循所属平台标准分页模板,不支持离线写入；网络不可用时保留安全可保留输入并提供重试,REQ-RISK-RULE-001;REQ-SEC-001,GET /admin-api/v1/risk-rule-versions;POST /admin-api/v1/risk-rule-versions;POST /admin-api/v1/risk-rule-versions/{id}/activate,adminRiskRulesGetVersions;adminRiskRulesPostVersion;adminRiskRulesPostActivate,system;auth;red_packet;withdrawal,system.maintenance.enabled;system.maintenance.message;system.registration.enabled;system.publish.enabled;system.red_packet.enabled;system.withdrawal.enabled;auth.default_login_method;auth.security_challenge.provider;auth.security_challenge.mode;auth.password.min_length;auth.password.max_length;auth.password.max_failures;auth.password.lock_seconds;auth.invite.app_required;red_packet.default_view_seconds;red_packet.reservation_min_seconds;red_packet.unit_amount_min_cent;red_packet.unit_amount_max_cent;red_packet.min_count;red_packet.service_fee_bps;red_packet.one_active_per_content;red_packet.allow_raise_unit_amount;withdrawal.min_amount_cent.normal;withdrawal.fee.fixed_cent.normal;withdrawal.fee.bps.normal;withdrawal.daily_count.normal;withdrawal.min_amount_cent.month;withdrawal.fee.fixed_cent.month;withdrawal.fee.bps.month;withdrawal.daily_count.month,TST-V122-043;TST-V122-044;TST-V122-046,TOKENS_ONLY,R31,READY,FROZEN_CONSTRUCTION_V1.2.2
ADM-RISK-004,ADMIN,风控,风控规则模拟器,/governance/risk/simulator,PAGE,ADM-LIST,使用脱敏样本或手工输入模拟规则命中、动作和解释，不产生真实业务副作用,具备 risk.rule.simulate 的后台员工；写操作另需 risk.rule.simulate,risk.rule.simulate,HIGH,从左侧菜单、数据驾驶舱待办、全局搜索或关联详情跳转进入,按面包屑返回；跨模块跳转必须保留来源上下文,页标题/说明|筛选区|统计/批量操作|表格|分页,catalogs/ui_page_fields.csv#ADM-RISK-004,catalogs/ui_page_states.csv#ADM-RISK-004,catalogs/ui_action_matrix.csv#ADM-RISK-004,仅允许后台同源授权链接；未认证先登录并保存原目标；无权限不泄露资源存在性,首屏加载+显式刷新；筛选/排序变化重置分页；翻页去重追加；领域事件仅刷新受影响行,后台页码或cursor二选一；默认20，最大100；筛选写入URL；默认排序由页面运营规格冻结,不支持离线写入；网络不可用时保留安全可保留输入并提供重试,REQ-RISK-RULE-001;REQ-SEC-001,POST /admin-api/v1/risk-rule-versions/{id}/simulate,adminRiskRulesPostSimulation,system;auth;red_packet;withdrawal,system.maintenance.enabled;system.maintenance.message;system.registration.enabled;system.publish.enabled;system.red_packet.enabled;system.withdrawal.enabled;auth.default_login_method;auth.security_challenge.provider;auth.security_challenge.mode;auth.password.min_length;auth.password.max_length;auth.password.max_failures;auth.password.lock_seconds;auth.invite.app_required;red_packet.default_view_seconds;red_packet.reservation_min_seconds;red_packet.unit_amount_min_cent;red_packet.unit_amount_max_cent;red_packet.min_count;red_packet.service_fee_bps;red_packet.one_active_per_content;red_packet.allow_raise_unit_amount;withdrawal.min_amount_cent.normal;withdrawal.fee.fixed_cent.normal;withdrawal.fee.bps.normal;withdrawal.daily_count.normal;withdrawal.min_amount_cent.month;withdrawal.fee.fixed_cent.month;withdrawal.fee.bps.month;withdrawal.daily_count.month,TST-V122-045,TOKENS_ONLY,R31,READY,FROZEN_CONSTRUCTION_V1.2.2
ADM-NOTIFY-001,ADMIN,运营,通知模板,/operations/notifications/templates,PAGE,ADM-CONFIG,站内信、推送、短信模板版本、变量白名单、预览、审批和灰度,具备 notification.template.read 的后台员工；写操作另需 notification.template.manage,notification.template.read,HIGH,从左侧菜单、数据驾驶舱待办、全局搜索或关联详情跳转进入,按面包屑返回；跨模块跳转必须保留来源上下文,环境/版本选择|配置表单|差异|校验/测试|审批/激活|历史,catalogs/ui_page_fields.csv#ADM-NOTIFY-001,catalogs/ui_page_states.csv#ADM-NOTIFY-001,catalogs/ui_action_matrix.csv#ADM-NOTIFY-001,仅允许后台同源授权链接；未认证先登录并保存原目标；无权限不泄露资源存在性,初始化按需加载；写操作后仅刷新受影响数据；禁止无差别全局缓存清空,不适用；若子区块为列表，遵循所属平台标准分页模板,不支持离线写入；网络不可用时保留安全可保留输入并提供重试,REQ-NOTIFICATION-OPS-001;REQ-NOTIFY-001,GET /admin-api/v1/notification-templates;POST /admin-api/v1/notification-templates;PATCH /admin-api/v1/notification-templates/{id},adminNotificationGetTemplates;adminNotificationPostTemplate;adminNotificationPatchTemplate,operations;notification;platform,ops.backup.rpo_minutes;ops.recovery.rto_minutes;ops.audit_log.retention_days;ops.security_event.retention_days;ops.alert.error_rate_percent;ops.alert.api_p95_ms;notification.marketing.default_enabled;notification.quiet_hours.start;notification.quiet_hours.end;platform.brand.name;platform.brand.slogan;platform.brand.logo_media_id;platform.customer_service.name;platform.customer_service.contact,TST-V122-047;TST-V122-048;TST-V122-049,TOKENS_ONLY,R30,READY,FROZEN_CONSTRUCTION_V1.2.2
ADM-NOTIFY-002,ADMIN,运营,通知发送记录,/operations/notifications/deliveries,PAGE,ADM-LIST,按渠道、模板、业务、状态查询发送记录，查看脱敏载荷、失败原因和受控重试,具备 notification.delivery.read 的后台员工；写操作另需 notification.delivery.retry,notification.delivery.read,HIGH,从左侧菜单、数据驾驶舱待办、全局搜索或关联详情跳转进入,按面包屑返回；跨模块跳转必须保留来源上下文,页标题/说明|筛选区|统计/批量操作|表格|分页,catalogs/ui_page_fields.csv#ADM-NOTIFY-002,catalogs/ui_page_states.csv#ADM-NOTIFY-002,catalogs/ui_action_matrix.csv#ADM-NOTIFY-002,仅允许后台同源授权链接；未认证先登录并保存原目标；无权限不泄露资源存在性,首屏加载+显式刷新；筛选/排序变化重置分页；翻页去重追加；领域事件仅刷新受影响行,后台页码或cursor二选一；默认20，最大100；筛选写入URL；默认排序由页面运营规格冻结,不支持离线写入；网络不可用时保留安全可保留输入并提供重试,REQ-NOTIFICATION-OPS-001;REQ-NOTIFY-001,GET /admin-api/v1/notification-deliveries;POST /admin-api/v1/notification-deliveries/{id}/retry,adminNotificationGetDeliveries;adminNotificationPostDeliveryRetry,operations;notification;platform,ops.backup.rpo_minutes;ops.recovery.rto_minutes;ops.audit_log.retention_days;ops.security_event.retention_days;ops.alert.error_rate_percent;ops.alert.api_p95_ms;notification.marketing.default_enabled;notification.quiet_hours.start;notification.quiet_hours.end;platform.brand.name;platform.brand.slogan;platform.brand.logo_media_id;platform.customer_service.name;platform.customer_service.contact,TST-V122-050;TST-V122-051,TOKENS_ONLY,R30,READY,FROZEN_CONSTRUCTION_V1.2.2
ADM-EXPORT-001,ADMIN,系统,数据导出中心,/system/exports,PAGE,ADM-SECURITY,异步导出任务、字段范围、脱敏策略、审批、短时下载令牌、过期销毁和下载审计,具备 export.read 的后台员工；写操作另需 export.create,export.read,CRITICAL,从左侧菜单、数据驾驶舱待办、全局搜索或关联详情跳转进入,按面包屑返回；跨模块跳转必须保留来源上下文,风险摘要|筛选/配置|敏感操作|证据/日志|审批,catalogs/ui_page_fields.csv#ADM-EXPORT-001,catalogs/ui_page_states.csv#ADM-EXPORT-001,catalogs/ui_action_matrix.csv#ADM-EXPORT-001,仅允许后台同源授权链接；未认证先登录并保存原目标；无权限不泄露资源存在性,首屏加载+显式刷新；筛选/排序变化重置分页；翻页去重追加；领域事件仅刷新受影响行,后台页码或cursor二选一；默认20，最大100；筛选写入URL；默认排序由页面运营规格冻结,不支持离线写入；网络不可用时保留安全可保留输入并提供重试,REQ-EXPORT-001;REQ-RBAC-001,GET /admin-api/v1/export-jobs;POST /admin-api/v1/export-jobs;GET /admin-api/v1/export-jobs/{id};POST /admin-api/v1/export-jobs/{id}/download-token,adminExportsGetJobs;adminExportsPostJob;adminExportsGetJobById;adminExportsPostDownloadToken,system;auth;analytics,system.maintenance.enabled;system.maintenance.message;system.registration.enabled;system.publish.enabled;system.red_packet.enabled;system.withdrawal.enabled;auth.default_login_method;auth.security_challenge.provider;auth.security_challenge.mode;auth.password.min_length;auth.password.max_length;auth.password.max_failures;auth.password.lock_seconds;auth.invite.app_required;analytics.event.retention_days;analytics.traffic_types,TST-V122-052;TST-V122-053;TST-V122-054;TST-V122-055,TOKENS_ONLY,R30,READY,FROZEN_CONSTRUCTION_V1.2.2
ADM-SECURITY-001,ADMIN,个人安全,管理员安全设置,/me/security,PAGE,ADM-SECURITY,修改密码、MFA绑定/解绑、恢复码、活跃会话、登录历史和安全提醒,具备 admin.self.read 的后台员工；写操作另需 admin.self.security,admin.self.read,CRITICAL,从左侧菜单、数据驾驶舱待办、全局搜索或关联详情跳转进入,按面包屑返回；跨模块跳转必须保留来源上下文,风险摘要|筛选/配置|敏感操作|证据/日志|审批,catalogs/ui_page_fields.csv#ADM-SECURITY-001,catalogs/ui_page_states.csv#ADM-SECURITY-001,catalogs/ui_action_matrix.csv#ADM-SECURITY-001,仅允许后台同源授权链接；未认证先登录并保存原目标；无权限不泄露资源存在性,首屏加载+显式刷新；筛选/排序变化重置分页；翻页去重追加；领域事件仅刷新受影响行,后台页码或cursor二选一；默认20，最大100；筛选写入URL；默认排序由页面运营规格冻结,不支持离线写入；网络不可用时保留安全可保留输入并提供重试,REQ-ADMIN-SECURITY-001;REQ-RBAC-001,POST /admin-api/v1/auth/logout;GET /admin-api/v1/me/security;POST /admin-api/v1/me/security/password/change;POST /admin-api/v1/me/security/mfa/enroll;POST /admin-api/v1/me/security/mfa/confirm;POST /admin-api/v1/me/security/mfa/disable,adminAdminAuthPostAuthLogout;adminSelfGetSecurity;adminSelfPostPasswordChange;adminSelfPostMfaEnroll;adminSelfPostMfaConfirm;adminSelfPostMfaDisable,auth;system,auth.default_login_method;auth.security_challenge.provider;auth.security_challenge.mode;auth.password.min_length;auth.password.max_length;auth.password.max_failures;auth.password.lock_seconds;auth.invite.app_required;system.maintenance.enabled;system.maintenance.message;system.registration.enabled;system.publish.enabled;system.red_packet.enabled;system.withdrawal.enabled,TST-V122-014;TST-V122-056;TST-V122-057;TST-V122-058;TST-V122-059;TST-V122-060,TOKENS_ONLY,R01,READY,FROZEN_CONSTRUCTION_V1.2.2
