契约类型,契约标识,operationId,计划版本,成熟度,安全模型,请求Schema,响应Schema,幂等,UI/系统所有者,事实源,事实源SHA256,冻结日期,变更策略
CLIENT_API,POST /api/v1/auth/security-challenges,authPostAuthSecurityChallenges,R02,FROZEN_V1.2.2,[],AuthPostAuthSecurityChallengesRequest,AuthPostAuthSecurityChallengesResponse,是,H5-013;SCR-AUTH-001;SCR-AUTH-002;SCR-AUTH-003;SCR-AUTH-004,contracts/openapi.yaml,cb2defe41fb579379f683661e6b79322e0f62a1c9afe542c027ec2003acd08cc,2026-07-16,非破坏性扩展；破坏性变更必须CR、新API版本、迁移及消费者兼容窗口
CLIENT_API,POST /api/v1/auth/password/login,authPostAuthPasswordLogin,R02,FROZEN_V1.2.2,[],AuthPostAuthPasswordLoginRequest,AuthPostAuthPasswordLoginResponse,是,SCR-AUTH-001,contracts/openapi.yaml,cb2defe41fb579379f683661e6b79322e0f62a1c9afe542c027ec2003acd08cc,2026-07-16,非破坏性扩展；破坏性变更必须CR、新API版本、迁移及消费者兼容窗口
CLIENT_API,POST /api/v1/auth/sms/send,authPostAuthSmsSend,R02,FROZEN_V1.2.2,[],AuthPostAuthSmsSendRequest,AuthPostAuthSmsSendResponse,是,H5-013;SCR-AUTH-002;SCR-AUTH-003;SCR-AUTH-004,contracts/openapi.yaml,cb2defe41fb579379f683661e6b79322e0f62a1c9afe542c027ec2003acd08cc,2026-07-16,非破坏性扩展；破坏性变更必须CR、新API版本、迁移及消费者兼容窗口
CLIENT_API,POST /api/v1/auth/sms/login,authPostAuthSmsLogin,R02,FROZEN_V1.2.2,[],AuthPostAuthSmsLoginRequest,AuthPostAuthSmsLoginResponse,是,SCR-AUTH-002,contracts/openapi.yaml,cb2defe41fb579379f683661e6b79322e0f62a1c9afe542c027ec2003acd08cc,2026-07-16,非破坏性扩展；破坏性变更必须CR、新API版本、迁移及消费者兼容窗口
CLIENT_API,POST /api/v1/auth/invite-codes/validate,authPostAuthInviteCodesValidate,R02,FROZEN_V1.2.2,[],AuthPostAuthInviteCodesValidateRequest,AuthPostAuthInviteCodesValidateResponse,否,SCR-AUTH-003,contracts/openapi.yaml,cb2defe41fb579379f683661e6b79322e0f62a1c9afe542c027ec2003acd08cc,2026-07-16,非破坏性扩展；破坏性变更必须CR、新API版本、迁移及消费者兼容窗口
CLIENT_API,GET /api/v1/auth/registration-config,authGetAuthRegistrationConfig,R02,FROZEN_V1.2.2,[],AuthGetAuthRegistrationConfigParameters,AuthGetAuthRegistrationConfigResponse,否,SCR-AUTH-003,contracts/openapi.yaml,cb2defe41fb579379f683661e6b79322e0f62a1c9afe542c027ec2003acd08cc,2026-07-18,非破坏性扩展；破坏性变更必须CR、新API版本、迁移及消费者兼容窗口
CLIENT_API,POST /api/v1/auth/register,authPostAuthRegister,R02,FROZEN_V1.2.2,[],AuthPostAuthRegisterRequest,AuthPostAuthRegisterResponse,是,H5-013;SCR-AUTH-003,contracts/openapi.yaml,cb2defe41fb579379f683661e6b79322e0f62a1c9afe542c027ec2003acd08cc,2026-07-16,非破坏性扩展；破坏性变更必须CR、新API版本、迁移及消费者兼容窗口
CLIENT_API,POST /api/v1/auth/password/reset,authPostAuthPasswordReset,R02,FROZEN_V1.2.2,[],AuthPostAuthPasswordResetRequest,AuthPostAuthPasswordResetResponse,是,SCR-AUTH-004,contracts/openapi.yaml,cb2defe41fb579379f683661e6b79322e0f62a1c9afe542c027ec2003acd08cc,2026-07-16,非破坏性扩展；破坏性变更必须CR、新API版本、迁移及消费者兼容窗口
CLIENT_API,POST /api/v1/me/security/password/change,authPostMeSecurityPasswordChange,R02,FROZEN_V1.2.2,"[{""BearerAuth"":[]}]",AuthPostMeSecurityPasswordChangeRequest,AuthPostMeSecurityPasswordChangeResponse,是,SCR-AUTH-007,contracts/openapi.yaml,cb2defe41fb579379f683661e6b79322e0f62a1c9afe542c027ec2003acd08cc,2026-07-16,非破坏性扩展；破坏性变更必须CR、新API版本、迁移及消费者兼容窗口
CLIENT_API,POST /api/v1/auth/refresh,authPostAuthRefresh,R02,FROZEN_V1.2.2,"[{""RefreshTokenAuth"":[]}]",AuthPostAuthRefreshRequest,AuthPostAuthRefreshResponse,是,SCR-APP-001,contracts/openapi.yaml,cb2defe41fb579379f683661e6b79322e0f62a1c9afe542c027ec2003acd08cc,2026-07-16,非破坏性扩展；破坏性变更必须CR、新API版本、迁移及消费者兼容窗口
CLIENT_API,POST /api/v1/auth/logout,authPostAuthLogout,R02,FROZEN_V1.2.2,"[{""BearerAuth"":[]}]",AuthPostAuthLogoutRequest,AuthPostAuthLogoutResponse,是,SCR-SET-001,contracts/openapi.yaml,cb2defe41fb579379f683661e6b79322e0f62a1c9afe542c027ec2003acd08cc,2026-07-16,非破坏性扩展；破坏性变更必须CR、新API版本、迁移及消费者兼容窗口
CLIENT_API,GET /api/v1/auth/sessions,authGetAuthSessions,R02,FROZEN_V1.2.2,"[{""BearerAuth"":[]}]",AuthGetAuthSessionsParameters,AuthGetAuthSessionsResponse,否,SCR-AUTH-006,contracts/openapi.yaml,cb2defe41fb579379f683661e6b79322e0f62a1c9afe542c027ec2003acd08cc,2026-07-16,非破坏性扩展；破坏性变更必须CR、新API版本、迁移及消费者兼容窗口
CLIENT_API,DELETE /api/v1/auth/sessions/{id},authDeleteAuthSessionsById,R02,FROZEN_V1.2.2,"[{""BearerAuth"":[]}]",AuthDeleteAuthSessionsByIdParameters,AuthDeleteAuthSessionsByIdResponse,是,SCR-AUTH-006,contracts/openapi.yaml,cb2defe41fb579379f683661e6b79322e0f62a1c9afe542c027ec2003acd08cc,2026-07-16,非破坏性扩展；破坏性变更必须CR、新API版本、迁移及消费者兼容窗口
CLIENT_API,GET /api/v1/me,userGetMe,R02/R07/R12,FROZEN_V1.2.2,"[{""BearerAuth"":[]}]",UserGetMeParameters,UserGetMeResponse,否,SCR-AUTH-005;SCR-ID-001;SCR-ME-001;SCR-ME-002;SCR-PUB-001,contracts/openapi.yaml,cb2defe41fb579379f683661e6b79322e0f62a1c9afe542c027ec2003acd08cc,2026-07-16,非破坏性扩展；破坏性变更必须CR、新API版本、迁移及消费者兼容窗口
CLIENT_API,PATCH /api/v1/me/profile,userPatchMeProfile,R02/R07/R12,FROZEN_V1.2.2,"[{""BearerAuth"":[]}]",UserPatchMeProfileRequest,UserPatchMeProfileResponse,是,SCR-ME-002;SCR-SET-001,contracts/openapi.yaml,cb2defe41fb579379f683661e6b79322e0f62a1c9afe542c027ec2003acd08cc,2026-07-16,非破坏性扩展；破坏性变更必须CR、新API版本、迁移及消费者兼容窗口
CLIENT_API,GET /api/v1/publishers/{id},userGetPublishersById,R02/R07/R12,FROZEN_V1.2.2,"[{""BearerAuth"":[]}]",UserGetPublishersByIdParameters,UserGetPublishersByIdResponse,否,SCR-PUBLISHER-001,contracts/openapi.yaml,cb2defe41fb579379f683661e6b79322e0f62a1c9afe542c027ec2003acd08cc,2026-07-16,非破坏性扩展；破坏性变更必须CR、新API版本、迁移及消费者兼容窗口
CLIENT_API,POST /api/v1/me/cancellation,userPostMeCancellation,R02/R07/R12,FROZEN_V1.2.2,"[{""BearerAuth"":[]}]",UserPostMeCancellationRequest,UserPostMeCancellationResponse,是,SCR-AUTH-008,contracts/openapi.yaml,cb2defe41fb579379f683661e6b79322e0f62a1c9afe542c027ec2003acd08cc,2026-07-16,非破坏性扩展；破坏性变更必须CR、新API版本、迁移及消费者兼容窗口
CLIENT_API,POST /api/v1/identity/sessions,identityPostIdentitySessions,R05,FROZEN_V1.2.2,"[{""BearerAuth"":[]}]",IdentityPostIdentitySessionsRequest,IdentityPostIdentitySessionsResponse,是,SCR-ID-001;SCR-ID-002,contracts/openapi.yaml,cb2defe41fb579379f683661e6b79322e0f62a1c9afe542c027ec2003acd08cc,2026-07-16,非破坏性扩展；破坏性变更必须CR、新API版本、迁移及消费者兼容窗口
CLIENT_API,POST /api/v1/identity/sessions/{id}/liveness-token,identityPostIdentitySessionsByIdLivenessToken,R05,FROZEN_V1.2.2,"[{""BearerAuth"":[]}]",IdentityPostIdentitySessionsByIdLivenessTokenRequest,IdentityPostIdentitySessionsByIdLivenessTokenResponse,是,SCR-ID-003,contracts/openapi.yaml,cb2defe41fb579379f683661e6b79322e0f62a1c9afe542c027ec2003acd08cc,2026-07-16,非破坏性扩展；破坏性变更必须CR、新API版本、迁移及消费者兼容窗口
CLIENT_API,GET /api/v1/identity/sessions/{id},identityGetIdentitySessionsById,R05,FROZEN_V1.2.2,"[{""BearerAuth"":[]}]",IdentityGetIdentitySessionsByIdParameters,IdentityGetIdentitySessionsByIdResponse,否,H5-012;SCR-ID-003;SCR-ID-004,contracts/openapi.yaml,cb2defe41fb579379f683661e6b79322e0f62a1c9afe542c027ec2003acd08cc,2026-07-16,非破坏性扩展；破坏性变更必须CR、新API版本、迁移及消费者兼容窗口
CLIENT_API,POST /api/v1/identity/sessions/{id}/retry,identityPostIdentitySessionsByIdRetry,R05,FROZEN_V1.2.2,"[{""BearerAuth"":[]}]",IdentityPostIdentitySessionsByIdRetryRequest,IdentityPostIdentitySessionsByIdRetryResponse,是,SCR-ID-004,contracts/openapi.yaml,cb2defe41fb579379f683661e6b79322e0f62a1c9afe542c027ec2003acd08cc,2026-07-16,非破坏性扩展；破坏性变更必须CR、新API版本、迁移及消费者兼容窗口
CLIENT_API,POST /api/v1/media/upload-sessions,mediaPostMediaUploadSessions,R04,FROZEN_V1.2.2,"[{""BearerAuth"":[]}]",MediaPostMediaUploadSessionsRequest,MediaPostMediaUploadSessionsResponse,是,SHEET-MEDIA-001,contracts/openapi.yaml,cb2defe41fb579379f683661e6b79322e0f62a1c9afe542c027ec2003acd08cc,2026-07-16,非破坏性扩展；破坏性变更必须CR、新API版本、迁移及消费者兼容窗口
CLIENT_API,POST /api/v1/media/upload-sessions/{id}/complete,mediaPostMediaUploadSessionsByIdComplete,R04,FROZEN_V1.2.2,"[{""BearerAuth"":[]}]",MediaPostMediaUploadSessionsByIdCompleteRequest,MediaPostMediaUploadSessionsByIdCompleteResponse,是,SHEET-MEDIA-001,contracts/openapi.yaml,cb2defe41fb579379f683661e6b79322e0f62a1c9afe542c027ec2003acd08cc,2026-07-16,非破坏性扩展；破坏性变更必须CR、新API版本、迁移及消费者兼容窗口
CLIENT_API,DELETE /api/v1/media/{id},mediaDeleteMediaById,R04,FROZEN_V1.2.2,"[{""BearerAuth"":[]}]",MediaDeleteMediaByIdParameters,MediaDeleteMediaByIdResponse,是,SHEET-MEDIA-001,contracts/openapi.yaml,cb2defe41fb579379f683661e6b79322e0f62a1c9afe542c027ec2003acd08cc,2026-07-16,非破坏性扩展；破坏性变更必须CR、新API版本、迁移及消费者兼容窗口
CLIENT_API,GET /api/v1/home,homeGetHome,R06,FROZEN_V1.2.2,"[{""BearerAuth"":[]}]",HomeGetHomeParameters,HomeGetHomeResponse,否,SCR-HOME-001,contracts/openapi.yaml,cb2defe41fb579379f683661e6b79322e0f62a1c9afe542c027ec2003acd08cc,2026-07-16,非破坏性扩展；破坏性变更必须CR、新API版本、迁移及消费者兼容窗口
CLIENT_API,GET /api/v1/search,searchGetSearch,R07,FROZEN_V1.2.2,"[{""BearerAuth"":[]}]",SearchGetSearchParameters,SearchGetSearchResponse,否,SCR-SEARCH-001;SCR-SEARCH-002,contracts/openapi.yaml,cb2defe41fb579379f683661e6b79322e0f62a1c9afe542c027ec2003acd08cc,2026-07-16,非破坏性扩展；破坏性变更必须CR、新API版本、迁移及消费者兼容窗口
CLIENT_API,GET /api/v1/search/hot,searchGetSearchHot,R07,FROZEN_V1.2.2,"[{""BearerAuth"":[]}]",SearchGetSearchHotParameters,SearchGetSearchHotResponse,否,SCR-SEARCH-001,contracts/openapi.yaml,cb2defe41fb579379f683661e6b79322e0f62a1c9afe542c027ec2003acd08cc,2026-07-16,非破坏性扩展；破坏性变更必须CR、新API版本、迁移及消费者兼容窗口
CLIENT_API,GET /api/v1/search/history,searchGetSearchHistory,R07,FROZEN_V1.2.2,"[{""BearerAuth"":[]}]",SearchGetSearchHistoryParameters,SearchGetSearchHistoryResponse,否,SCR-SEARCH-001,contracts/openapi.yaml,cb2defe41fb579379f683661e6b79322e0f62a1c9afe542c027ec2003acd08cc,2026-07-16,非破坏性扩展；破坏性变更必须CR、新API版本、迁移及消费者兼容窗口
CLIENT_API,DELETE /api/v1/search/history,searchDeleteSearchHistory,R07,FROZEN_V1.2.2,"[{""BearerAuth"":[]}]",SearchDeleteSearchHistoryParameters,SearchDeleteSearchHistoryResponse,是,DIALOG-SEARCH-001,contracts/openapi.yaml,cb2defe41fb579379f683661e6b79322e0f62a1c9afe542c027ec2003acd08cc,2026-07-16,非破坏性扩展；破坏性变更必须CR、新API版本、迁移及消费者兼容窗口
CLIENT_API,GET /api/v1/contents,contentGetContents,R06/R08/R09/R10/R11,FROZEN_V1.2.2,"[{""BearerAuth"":[]}]",ContentGetContentsParameters,ContentGetContentsResponse,否,SCR-LIST-001;SCR-LIST-002;SCR-LIST-003;SCR-LIST-004;SCR-PUBLISHER-001,contracts/openapi.yaml,cb2defe41fb579379f683661e6b79322e0f62a1c9afe542c027ec2003acd08cc,2026-07-16,非破坏性扩展；破坏性变更必须CR、新API版本、迁移及消费者兼容窗口
CLIENT_API,POST /api/v1/contents,contentPostContents,R08/R09/R10/R11/R12,FROZEN_V1.2.2,"[{""BearerAuth"":[]}]",ContentPostContentsRequest,ContentPostContentsResponse,是,SCR-PUB-002;SCR-PUB-003;SCR-PUB-004;SCR-PUB-005,contracts/openapi.yaml,cb2defe41fb579379f683661e6b79322e0f62a1c9afe542c027ec2003acd08cc,2026-07-16,非破坏性扩展；破坏性变更必须CR、新API版本、迁移及消费者兼容窗口
CLIENT_API,GET /api/v1/contents/{id},contentGetContentsById,R06/R08/R09/R10/R11,FROZEN_V1.2.2,"[{""BearerAuth"":[]}]",ContentGetContentsByIdParameters,ContentGetContentsByIdResponse,否,SCR-DETAIL-001;SCR-DETAIL-002;SCR-DETAIL-003;SCR-DETAIL-004;SCR-MYC-003;SCR-PUB-006,contracts/openapi.yaml,cb2defe41fb579379f683661e6b79322e0f62a1c9afe542c027ec2003acd08cc,2026-07-16,非破坏性扩展；破坏性变更必须CR、新API版本、迁移及消费者兼容窗口
CLIENT_API,PATCH /api/v1/contents/{id},contentPatchContentsById,R08/R09/R10/R11/R12,FROZEN_V1.2.2,"[{""BearerAuth"":[]}]",ContentPatchContentsByIdRequest,ContentPatchContentsByIdResponse,是,SCR-PUB-002;SCR-PUB-003;SCR-PUB-004;SCR-PUB-005,contracts/openapi.yaml,cb2defe41fb579379f683661e6b79322e0f62a1c9afe542c027ec2003acd08cc,2026-07-16,非破坏性扩展；破坏性变更必须CR、新API版本、迁移及消费者兼容窗口
CLIENT_API,DELETE /api/v1/contents/{id},contentDeleteContentsById,R08/R09/R10/R11/R12,FROZEN_V1.2.2,"[{""BearerAuth"":[]}]",ContentDeleteContentsByIdParameters,ContentDeleteContentsByIdResponse,是,SCR-MYC-002,contracts/openapi.yaml,cb2defe41fb579379f683661e6b79322e0f62a1c9afe542c027ec2003acd08cc,2026-07-16,非破坏性扩展；破坏性变更必须CR、新API版本、迁移及消费者兼容窗口
CLIENT_API,POST /api/v1/contents/{id}/submit,contentPostContentsByIdSubmit,R08/R09/R10/R11/R12,FROZEN_V1.2.2,"[{""BearerAuth"":[]}]",ContentPostContentsByIdSubmitRequest,ContentPostContentsByIdSubmitResponse,是,SCR-PUB-007,contracts/openapi.yaml,cb2defe41fb579379f683661e6b79322e0f62a1c9afe542c027ec2003acd08cc,2026-07-16,非破坏性扩展；破坏性变更必须CR、新API版本、迁移及消费者兼容窗口
CLIENT_API,POST /api/v1/contents/{id}/online,contentPostContentsByIdOnline,R08/R09/R10/R11/R12,FROZEN_V1.2.2,"[{""BearerAuth"":[]}]",ContentPostContentsByIdOnlineRequest,ContentPostContentsByIdOnlineResponse,是,SCR-MYC-001,contracts/openapi.yaml,cb2defe41fb579379f683661e6b79322e0f62a1c9afe542c027ec2003acd08cc,2026-07-16,非破坏性扩展；破坏性变更必须CR、新API版本、迁移及消费者兼容窗口
CLIENT_API,POST /api/v1/contents/{id}/offline,contentPostContentsByIdOffline,R08/R09/R10/R11/R12,FROZEN_V1.2.2,"[{""BearerAuth"":[]}]",ContentPostContentsByIdOfflineRequest,ContentPostContentsByIdOfflineResponse,是,SCR-MYC-001,contracts/openapi.yaml,cb2defe41fb579379f683661e6b79322e0f62a1c9afe542c027ec2003acd08cc,2026-07-16,非破坏性扩展；破坏性变更必须CR、新API版本、迁移及消费者兼容窗口
CLIENT_API,POST /api/v1/contents/{id}/copy,contentPostContentsByIdCopy,R08/R09/R10/R11/R12,FROZEN_V1.2.2,"[{""BearerAuth"":[]}]",ContentPostContentsByIdCopyRequest,ContentPostContentsByIdCopyResponse,是,SCR-MYC-003,contracts/openapi.yaml,cb2defe41fb579379f683661e6b79322e0f62a1c9afe542c027ec2003acd08cc,2026-07-16,非破坏性扩展；破坏性变更必须CR、新API版本、迁移及消费者兼容窗口
CLIENT_API,GET /api/v1/me/contents,contentGetMeContents,R12,FROZEN_V1.2.2,"[{""BearerAuth"":[]}]",ContentGetMeContentsParameters,ContentGetMeContentsResponse,否,SCR-MYC-001;SCR-PUB-001,contracts/openapi.yaml,cb2defe41fb579379f683661e6b79322e0f62a1c9afe542c027ec2003acd08cc,2026-07-16,非破坏性扩展；破坏性变更必须CR、新API版本、迁移及消费者兼容窗口
CLIENT_API,GET /api/v1/me/drafts,contentGetMeDrafts,R12,FROZEN_V1.2.2,"[{""BearerAuth"":[]}]",ContentGetMeDraftsParameters,ContentGetMeDraftsResponse,否,SCR-MYC-002,contracts/openapi.yaml,cb2defe41fb579379f683661e6b79322e0f62a1c9afe542c027ec2003acd08cc,2026-07-16,非破坏性扩展；破坏性变更必须CR、新API版本、迁移及消费者兼容窗口
CLIENT_API,GET /api/v1/contents/{id}/reviews,contentGetContentsByIdReviews,R12,FROZEN_V1.2.2,"[{""BearerAuth"":[]}]",ContentGetContentsByIdReviewsParameters,ContentGetContentsByIdReviewsResponse,否,SCR-MYC-004,contracts/openapi.yaml,cb2defe41fb579379f683661e6b79322e0f62a1c9afe542c027ec2003acd08cc,2026-07-16,非破坏性扩展；破坏性变更必须CR、新API版本、迁移及消费者兼容窗口
CLIENT_API,GET /api/v1/contents/{id}/analytics,contentGetContentsByIdAnalytics,R12/R23,FROZEN_V1.2.2,"[{""BearerAuth"":[]}]",ContentGetContentsByIdAnalyticsParameters,ContentGetContentsByIdAnalyticsResponse,否,SCR-MYC-003;SCR-MYC-005,contracts/openapi.yaml,cb2defe41fb579379f683661e6b79322e0f62a1c9afe542c027ec2003acd08cc,2026-07-16,非破坏性扩展；破坏性变更必须CR、新API版本、迁移及消费者兼容窗口
CLIENT_API,POST /api/v1/contents/{id}/favorite,contentPostContentsByIdFavorite,R13,FROZEN_V1.2.2,"[{""BearerAuth"":[]}]",ContentPostContentsByIdFavoriteRequest,ContentPostContentsByIdFavoriteResponse,是,SCR-DETAIL-001;SCR-DETAIL-002;SCR-DETAIL-003;SCR-DETAIL-004,contracts/openapi.yaml,cb2defe41fb579379f683661e6b79322e0f62a1c9afe542c027ec2003acd08cc,2026-07-16,非破坏性扩展；破坏性变更必须CR、新API版本、迁移及消费者兼容窗口
CLIENT_API,DELETE /api/v1/contents/{id}/favorite,contentDeleteContentsByIdFavorite,R13,FROZEN_V1.2.2,"[{""BearerAuth"":[]}]",ContentDeleteContentsByIdFavoriteParameters,ContentDeleteContentsByIdFavoriteResponse,是,SCR-FAV-001,contracts/openapi.yaml,cb2defe41fb579379f683661e6b79322e0f62a1c9afe542c027ec2003acd08cc,2026-07-16,非破坏性扩展；破坏性变更必须CR、新API版本、迁移及消费者兼容窗口
CLIENT_API,GET /api/v1/me/favorites,contentGetMeFavorites,R13,FROZEN_V1.2.2,"[{""BearerAuth"":[]}]",ContentGetMeFavoritesParameters,ContentGetMeFavoritesResponse,否,SCR-FAV-001,contracts/openapi.yaml,cb2defe41fb579379f683661e6b79322e0f62a1c9afe542c027ec2003acd08cc,2026-07-16,非破坏性扩展；破坏性变更必须CR、新API版本、迁移及消费者兼容窗口
CLIENT_API,GET /api/v1/me/history,contentGetMeHistory,R13,FROZEN_V1.2.2,"[{""BearerAuth"":[]}]",ContentGetMeHistoryParameters,ContentGetMeHistoryResponse,否,SCR-HIS-001,contracts/openapi.yaml,cb2defe41fb579379f683661e6b79322e0f62a1c9afe542c027ec2003acd08cc,2026-07-16,非破坏性扩展；破坏性变更必须CR、新API版本、迁移及消费者兼容窗口
CLIENT_API,POST /api/v1/contents/{id}/contacts/{channel}/access,contentPostContentsByIdContactsByChannelAccess,R07/R13,FROZEN_V1.2.2,"[{""BearerAuth"":[]}]",ContentPostContentsByIdContactsByChannelAccessRequest,ContentPostContentsByIdContactsByChannelAccessResponse,是,SCR-DETAIL-001;SCR-DETAIL-002;SCR-DETAIL-003;SCR-DETAIL-004;SHEET-CONTACT-001,contracts/openapi.yaml,cb2defe41fb579379f683661e6b79322e0f62a1c9afe542c027ec2003acd08cc,2026-07-16,非破坏性扩展；破坏性变更必须CR、新API版本、迁移及消费者兼容窗口
CLIENT_API,POST /api/v1/contents/{id}/report,contentPostContentsByIdReport,R15,FROZEN_V1.2.2,"[{""BearerAuth"":[]}]",ContentPostContentsByIdReportRequest,ContentPostContentsByIdReportResponse,是,SHEET-REPORT-001,contracts/openapi.yaml,cb2defe41fb579379f683661e6b79322e0f62a1c9afe542c027ec2003acd08cc,2026-07-16,非破坏性扩展；破坏性变更必须CR、新API版本、迁移及消费者兼容窗口
CLIENT_API,POST /api/v1/contents/{id}/invalid-feedback,contentPostContentsByIdInvalidFeedback,R10/R15,FROZEN_V1.2.2,"[{""BearerAuth"":[]}]",ContentPostContentsByIdInvalidFeedbackRequest,ContentPostContentsByIdInvalidFeedbackResponse,是,SHEET-CONTENT-INVALID-001,contracts/openapi.yaml,cb2defe41fb579379f683661e6b79322e0f62a1c9afe542c027ec2003acd08cc,2026-07-16,非破坏性扩展；破坏性变更必须CR、新API版本、迁移及消费者兼容窗口
CLIENT_API,POST /api/v1/contents/{id}/share,contentPostContentsByIdShare,R13,FROZEN_V1.2.2,"[{""BearerAuth"":[]}]",ContentPostContentsByIdShareRequest,ContentPostContentsByIdShareResponse,是,SCR-DETAIL-001;SCR-DETAIL-002;SCR-DETAIL-003;SCR-DETAIL-004;SHEET-SHARE-001,contracts/openapi.yaml,cb2defe41fb579379f683661e6b79322e0f62a1c9afe542c027ec2003acd08cc,2026-07-16,非破坏性扩展；破坏性变更必须CR、新API版本、迁移及消费者兼容窗口
CLIENT_API,GET /api/v1/conversations,chatGetConversations,R14,FROZEN_V1.2.2,"[{""BearerAuth"":[]}]",ChatGetConversationsParameters,ChatGetConversationsResponse,否,SCR-CHAT-001;SCR-MSG-001,contracts/openapi.yaml,cb2defe41fb579379f683661e6b79322e0f62a1c9afe542c027ec2003acd08cc,2026-07-16,非破坏性扩展；破坏性变更必须CR、新API版本、迁移及消费者兼容窗口
CLIENT_API,POST /api/v1/conversations/direct,chatPostConversationsDirect,R14,FROZEN_V1.2.2,"[{""BearerAuth"":[]}]",ChatPostConversationsDirectRequest,ChatPostConversationsDirectResponse,是,SCR-DETAIL-001;SCR-DETAIL-002;SCR-DETAIL-003;SCR-DETAIL-004,contracts/openapi.yaml,cb2defe41fb579379f683661e6b79322e0f62a1c9afe542c027ec2003acd08cc,2026-07-16,非破坏性扩展；破坏性变更必须CR、新API版本、迁移及消费者兼容窗口
CLIENT_API,GET /api/v1/conversations/{id}/messages,chatGetConversationsByIdMessages,R14,FROZEN_V1.2.2,"[{""BearerAuth"":[]}]",ChatGetConversationsByIdMessagesParameters,ChatGetConversationsByIdMessagesResponse,否,SCR-CHAT-002,contracts/openapi.yaml,cb2defe41fb579379f683661e6b79322e0f62a1c9afe542c027ec2003acd08cc,2026-07-16,非破坏性扩展；破坏性变更必须CR、新API版本、迁移及消费者兼容窗口
CLIENT_API,POST /api/v1/conversations/{id}/messages,chatPostConversationsByIdMessages,R14,FROZEN_V1.2.2,"[{""BearerAuth"":[]}]",ChatPostConversationsByIdMessagesRequest,ChatPostConversationsByIdMessagesResponse,是,SCR-CHAT-002;SHEET-CHAT-001,contracts/openapi.yaml,cb2defe41fb579379f683661e6b79322e0f62a1c9afe542c027ec2003acd08cc,2026-07-16,非破坏性扩展；破坏性变更必须CR、新API版本、迁移及消费者兼容窗口
CLIENT_API,POST /api/v1/conversations/{id}/read,chatPostConversationsByIdRead,R14,FROZEN_V1.2.2,"[{""BearerAuth"":[]}]",ChatPostConversationsByIdReadRequest,ChatPostConversationsByIdReadResponse,是,SCR-CHAT-002,contracts/openapi.yaml,cb2defe41fb579379f683661e6b79322e0f62a1c9afe542c027ec2003acd08cc,2026-07-16,非破坏性扩展；破坏性变更必须CR、新API版本、迁移及消费者兼容窗口
CLIENT_API,DELETE /api/v1/conversations/{id},chatDeleteConversationsById,R14,FROZEN_V1.2.2,"[{""BearerAuth"":[]}]",ChatDeleteConversationsByIdParameters,ChatDeleteConversationsByIdResponse,是,DIALOG-CHAT-DELETE-001,contracts/openapi.yaml,cb2defe41fb579379f683661e6b79322e0f62a1c9afe542c027ec2003acd08cc,2026-07-16,非破坏性扩展；破坏性变更必须CR、新API版本、迁移及消费者兼容窗口
CLIENT_API,POST /api/v1/users/{id}/block,chatPostUsersByIdBlock,R14,FROZEN_V1.2.2,"[{""BearerAuth"":[]}]",ChatPostUsersByIdBlockRequest,ChatPostUsersByIdBlockResponse,是,DIALOG-CHAT-BLOCK-001,contracts/openapi.yaml,cb2defe41fb579379f683661e6b79322e0f62a1c9afe542c027ec2003acd08cc,2026-07-16,非破坏性扩展；破坏性变更必须CR、新API版本、迁移及消费者兼容窗口
CLIENT_API,DELETE /api/v1/users/{id}/block,chatDeleteUsersByIdBlock,R14,FROZEN_V1.2.2,"[{""BearerAuth"":[]}]",ChatDeleteUsersByIdBlockParameters,ChatDeleteUsersByIdBlockResponse,是,DIALOG-CHAT-BLOCK-001,contracts/openapi.yaml,cb2defe41fb579379f683661e6b79322e0f62a1c9afe542c027ec2003acd08cc,2026-07-16,非破坏性扩展；破坏性变更必须CR、新API版本、迁移及消费者兼容窗口
CLIENT_API,POST /api/v1/conversations/{id}/report,chatPostConversationsByIdReport,R14,FROZEN_V1.2.2,"[{""BearerAuth"":[]}]",ChatPostConversationsByIdReportRequest,ChatPostConversationsByIdReportResponse,是,SHEET-CHAT-002,contracts/openapi.yaml,cb2defe41fb579379f683661e6b79322e0f62a1c9afe542c027ec2003acd08cc,2026-07-16,非破坏性扩展；破坏性变更必须CR、新API版本、迁移及消费者兼容窗口
CLIENT_API,GET /api/v1/notifications,notificationGetNotifications,R15,FROZEN_V1.2.2,"[{""BearerAuth"":[]}]",NotificationGetNotificationsParameters,NotificationGetNotificationsResponse,否,SCR-MSG-001;SCR-NOTICE-001;SCR-NOTICE-002,contracts/openapi.yaml,cb2defe41fb579379f683661e6b79322e0f62a1c9afe542c027ec2003acd08cc,2026-07-16,非破坏性扩展；破坏性变更必须CR、新API版本、迁移及消费者兼容窗口
CLIENT_API,POST /api/v1/notifications/{id}/read,notificationPostNotificationsByIdRead,R15,FROZEN_V1.2.2,"[{""BearerAuth"":[]}]",NotificationPostNotificationsByIdReadRequest,NotificationPostNotificationsByIdReadResponse,是,SCR-NOTICE-002,contracts/openapi.yaml,cb2defe41fb579379f683661e6b79322e0f62a1c9afe542c027ec2003acd08cc,2026-07-16,非破坏性扩展；破坏性变更必须CR、新API版本、迁移及消费者兼容窗口
CLIENT_API,POST /api/v1/notifications/read-all,notificationPostNotificationsReadAll,R15,FROZEN_V1.2.2,"[{""BearerAuth"":[]}]",NotificationPostNotificationsReadAllRequest,NotificationPostNotificationsReadAllResponse,是,SCR-NOTICE-001,contracts/openapi.yaml,cb2defe41fb579379f683661e6b79322e0f62a1c9afe542c027ec2003acd08cc,2026-07-16,非破坏性扩展；破坏性变更必须CR、新API版本、迁移及消费者兼容窗口
CLIENT_API,GET /api/v1/announcements,notificationGetAnnouncements,R15,FROZEN_V1.2.2,"[{""BearerAuth"":[]}]",NotificationGetAnnouncementsParameters,NotificationGetAnnouncementsResponse,否,SCR-ANN-001;SCR-MSG-001,contracts/openapi.yaml,cb2defe41fb579379f683661e6b79322e0f62a1c9afe542c027ec2003acd08cc,2026-07-16,非破坏性扩展；破坏性变更必须CR、新API版本、迁移及消费者兼容窗口
CLIENT_API,GET /api/v1/announcements/{id},notificationGetAnnouncementsById,R15,FROZEN_V1.2.2,"[{""BearerAuth"":[]}]",NotificationGetAnnouncementsByIdParameters,NotificationGetAnnouncementsByIdResponse,否,SCR-ANN-002,contracts/openapi.yaml,cb2defe41fb579379f683661e6b79322e0f62a1c9afe542c027ec2003acd08cc,2026-07-16,非破坏性扩展；破坏性变更必须CR、新API版本、迁移及消费者兼容窗口
CLIENT_API,GET /api/v1/membership/skus,membershipGetMembershipSkus,R18,FROZEN_V1.2.2,"[{""BearerAuth"":[]}]",MembershipGetMembershipSkusParameters,MembershipGetMembershipSkusResponse,否,SCR-MEMBER-001;SCR-MEMBER-002,contracts/openapi.yaml,cb2defe41fb579379f683661e6b79322e0f62a1c9afe542c027ec2003acd08cc,2026-07-16,非破坏性扩展；破坏性变更必须CR、新API版本、迁移及消费者兼容窗口
CLIENT_API,GET /api/v1/me/membership,membershipGetMeMembership,R18,FROZEN_V1.2.2,"[{""BearerAuth"":[]}]",MembershipGetMeMembershipParameters,MembershipGetMeMembershipResponse,否,SCR-ME-001;SCR-MEMBER-001;SCR-MEMBER-004,contracts/openapi.yaml,cb2defe41fb579379f683661e6b79322e0f62a1c9afe542c027ec2003acd08cc,2026-07-16,非破坏性扩展；破坏性变更必须CR、新API版本、迁移及消费者兼容窗口
CLIENT_API,POST /api/v1/membership/orders,membershipPostMembershipOrders,R18,FROZEN_V1.2.2,"[{""BearerAuth"":[]}]",MembershipPostMembershipOrdersRequest,MembershipPostMembershipOrdersResponse,是,SCR-MEMBER-002,contracts/openapi.yaml,cb2defe41fb579379f683661e6b79322e0f62a1c9afe542c027ec2003acd08cc,2026-07-16,非破坏性扩展；破坏性变更必须CR、新API版本、迁移及消费者兼容窗口
CLIENT_API,POST /api/v1/membership/upgrade-quotes,membershipPostMembershipUpgradeQuotes,R18,FROZEN_V1.2.2,"[{""BearerAuth"":[]}]",MembershipPostMembershipUpgradeQuotesRequest,MembershipPostMembershipUpgradeQuotesResponse,是,SCR-MEMBER-003,contracts/openapi.yaml,cb2defe41fb579379f683661e6b79322e0f62a1c9afe542c027ec2003acd08cc,2026-07-16,非破坏性扩展；破坏性变更必须CR、新API版本、迁移及消费者兼容窗口
CLIENT_API,POST /api/v1/membership/upgrade-orders,membershipPostMembershipUpgradeOrders,R18,FROZEN_V1.2.2,"[{""BearerAuth"":[]}]",MembershipPostMembershipUpgradeOrdersRequest,MembershipPostMembershipUpgradeOrdersResponse,是,SCR-MEMBER-003,contracts/openapi.yaml,cb2defe41fb579379f683661e6b79322e0f62a1c9afe542c027ec2003acd08cc,2026-07-16,非破坏性扩展；破坏性变更必须CR、新API版本、迁移及消费者兼容窗口
CLIENT_API,GET /api/v1/props/store,propGetPropsStore,R19,FROZEN_V1.2.2,"[{""BearerAuth"":[]}]",PropGetPropsStoreParameters,PropGetPropsStoreResponse,否,SCR-PROP-001,contracts/openapi.yaml,cb2defe41fb579379f683661e6b79322e0f62a1c9afe542c027ec2003acd08cc,2026-07-16,非破坏性扩展；破坏性变更必须CR、新API版本、迁移及消费者兼容窗口
CLIENT_API,GET /api/v1/me/props,propGetMeProps,R19,FROZEN_V1.2.2,"[{""BearerAuth"":[]}]",PropGetMePropsParameters,PropGetMePropsResponse,否,SCR-PROP-002;SCR-PROP-003,contracts/openapi.yaml,cb2defe41fb579379f683661e6b79322e0f62a1c9afe542c027ec2003acd08cc,2026-07-16,非破坏性扩展；破坏性变更必须CR、新API版本、迁移及消费者兼容窗口
CLIENT_API,POST /api/v1/props/orders,propPostPropsOrders,R19,FROZEN_V1.2.2,"[{""BearerAuth"":[]}]",PropPostPropsOrdersRequest,PropPostPropsOrdersResponse,是,SCR-PROP-001,contracts/openapi.yaml,cb2defe41fb579379f683661e6b79322e0f62a1c9afe542c027ec2003acd08cc,2026-07-16,非破坏性扩展；破坏性变更必须CR、新API版本、迁移及消费者兼容窗口
CLIENT_API,POST /api/v1/me/props/{id}/use,propPostMePropsByIdUse,R19,FROZEN_V1.2.2,"[{""BearerAuth"":[]}]",PropPostMePropsByIdUseRequest,PropPostMePropsByIdUseResponse,是,SCR-PROP-003,contracts/openapi.yaml,cb2defe41fb579379f683661e6b79322e0f62a1c9afe542c027ec2003acd08cc,2026-07-16,非破坏性扩展；破坏性变更必须CR、新API版本、迁移及消费者兼容窗口
CLIENT_API,GET /api/v1/red-packet-campaigns,redPacketGetRedPacketCampaigns,R20-R23,FROZEN_V1.2.2,"[{""BearerAuth"":[]}]",RedPacketGetRedPacketCampaignsParameters,RedPacketGetRedPacketCampaignsResponse,否,SCR-RP-001,contracts/openapi.yaml,cb2defe41fb579379f683661e6b79322e0f62a1c9afe542c027ec2003acd08cc,2026-07-16,非破坏性扩展；破坏性变更必须CR、新API版本、迁移及消费者兼容窗口
CLIENT_API,POST /api/v1/red-packet-campaigns,redPacketPostRedPacketCampaigns,R20-R23,FROZEN_V1.2.2,"[{""BearerAuth"":[]}]",RedPacketPostRedPacketCampaignsRequest,RedPacketPostRedPacketCampaignsResponse,是,SCR-RP-ADV-002,contracts/openapi.yaml,cb2defe41fb579379f683661e6b79322e0f62a1c9afe542c027ec2003acd08cc,2026-07-16,非破坏性扩展；破坏性变更必须CR、新API版本、迁移及消费者兼容窗口
CLIENT_API,GET /api/v1/red-packet-campaigns/{id},redPacketGetRedPacketCampaignsById,R20-R23,FROZEN_V1.2.2,"[{""BearerAuth"":[]}]",RedPacketGetRedPacketCampaignsByIdParameters,RedPacketGetRedPacketCampaignsByIdResponse,否,SCR-RP-002;SCR-RP-ADV-003,contracts/openapi.yaml,cb2defe41fb579379f683661e6b79322e0f62a1c9afe542c027ec2003acd08cc,2026-07-16,非破坏性扩展；破坏性变更必须CR、新API版本、迁移及消费者兼容窗口
CLIENT_API,PATCH /api/v1/red-packet-campaigns/{id},redPacketPatchRedPacketCampaignsById,R20-R23,FROZEN_V1.2.2,"[{""BearerAuth"":[]}]",RedPacketPatchRedPacketCampaignsByIdRequest,RedPacketPatchRedPacketCampaignsByIdResponse,是,SCR-RP-ADV-002,contracts/openapi.yaml,cb2defe41fb579379f683661e6b79322e0f62a1c9afe542c027ec2003acd08cc,2026-07-16,非破坏性扩展；破坏性变更必须CR、新API版本、迁移及消费者兼容窗口
CLIENT_API,POST /api/v1/red-packet-campaigns/{id}/submit-review,redPacketPostRedPacketCampaignsByIdSubmitReview,R20-R23,FROZEN_V1.2.2,"[{""BearerAuth"":[]}]",RedPacketPostRedPacketCampaignsByIdSubmitReviewRequest,RedPacketPostRedPacketCampaignsByIdSubmitReviewResponse,是,SCR-RP-ADV-003,contracts/openapi.yaml,cb2defe41fb579379f683661e6b79322e0f62a1c9afe542c027ec2003acd08cc,2026-07-16,非破坏性扩展；破坏性变更必须CR、新API版本、迁移及消费者兼容窗口
CLIENT_API,POST /api/v1/red-packet-campaigns/{id}/quote,redPacketPostRedPacketCampaignsByIdQuote,R20-R23,FROZEN_V1.2.2,"[{""BearerAuth"":[]}]",RedPacketPostRedPacketCampaignsByIdQuoteRequest,RedPacketPostRedPacketCampaignsByIdQuoteResponse,是,SCR-RP-ADV-004,contracts/openapi.yaml,cb2defe41fb579379f683661e6b79322e0f62a1c9afe542c027ec2003acd08cc,2026-07-16,非破坏性扩展；破坏性变更必须CR、新API版本、迁移及消费者兼容窗口
CLIENT_API,POST /api/v1/red-packet-campaigns/{id}/orders,redPacketPostRedPacketCampaignsByIdOrders,R20-R23,FROZEN_V1.2.2,"[{""BearerAuth"":[]}]",RedPacketPostRedPacketCampaignsByIdOrdersRequest,RedPacketPostRedPacketCampaignsByIdOrdersResponse,是,SCR-RP-ADV-004,contracts/openapi.yaml,cb2defe41fb579379f683661e6b79322e0f62a1c9afe542c027ec2003acd08cc,2026-07-16,非破坏性扩展；破坏性变更必须CR、新API版本、迁移及消费者兼容窗口
CLIENT_API,POST /api/v1/red-packet-campaigns/{id}/pause,redPacketPostRedPacketCampaignsByIdPause,R20-R23,FROZEN_V1.2.2,"[{""BearerAuth"":[]}]",RedPacketPostRedPacketCampaignsByIdPauseRequest,RedPacketPostRedPacketCampaignsByIdPauseResponse,是,SCR-RP-ADV-005,contracts/openapi.yaml,cb2defe41fb579379f683661e6b79322e0f62a1c9afe542c027ec2003acd08cc,2026-07-16,非破坏性扩展；破坏性变更必须CR、新API版本、迁移及消费者兼容窗口
CLIENT_API,POST /api/v1/red-packet-campaigns/{id}/resume,redPacketPostRedPacketCampaignsByIdResume,R20-R23,FROZEN_V1.2.2,"[{""BearerAuth"":[]}]",RedPacketPostRedPacketCampaignsByIdResumeRequest,RedPacketPostRedPacketCampaignsByIdResumeResponse,是,SCR-RP-ADV-005,contracts/openapi.yaml,cb2defe41fb579379f683661e6b79322e0f62a1c9afe542c027ec2003acd08cc,2026-07-16,非破坏性扩展；破坏性变更必须CR、新API版本、迁移及消费者兼容窗口
CLIENT_API,POST /api/v1/red-packet-campaigns/{id}/close,redPacketPostRedPacketCampaignsByIdClose,R20-R23,FROZEN_V1.2.2,"[{""BearerAuth"":[]}]",RedPacketPostRedPacketCampaignsByIdCloseRequest,RedPacketPostRedPacketCampaignsByIdCloseResponse,是,SCR-RP-ADV-005,contracts/openapi.yaml,cb2defe41fb579379f683661e6b79322e0f62a1c9afe542c027ec2003acd08cc,2026-07-16,非破坏性扩展；破坏性变更必须CR、新API版本、迁移及消费者兼容窗口
CLIENT_API,POST /api/v1/red-packet-campaigns/{id}/increase-quotes,redPacketPostRedPacketCampaignsByIdIncreaseQuotes,R20-R23,FROZEN_V1.2.2,"[{""BearerAuth"":[]}]",RedPacketPostRedPacketCampaignsByIdIncreaseQuotesRequest,RedPacketPostRedPacketCampaignsByIdIncreaseQuotesResponse,是,SCR-RP-ADV-006,contracts/openapi.yaml,cb2defe41fb579379f683661e6b79322e0f62a1c9afe542c027ec2003acd08cc,2026-07-16,非破坏性扩展；破坏性变更必须CR、新API版本、迁移及消费者兼容窗口
CLIENT_API,POST /api/v1/red-packet-campaigns/{id}/increase-orders,redPacketPostRedPacketCampaignsByIdIncreaseOrders,R20-R23,FROZEN_V1.2.2,"[{""BearerAuth"":[]}]",RedPacketPostRedPacketCampaignsByIdIncreaseOrdersRequest,RedPacketPostRedPacketCampaignsByIdIncreaseOrdersResponse,是,SCR-RP-ADV-006,contracts/openapi.yaml,cb2defe41fb579379f683661e6b79322e0f62a1c9afe542c027ec2003acd08cc,2026-07-16,非破坏性扩展；破坏性变更必须CR、新API版本、迁移及消费者兼容窗口
CLIENT_API,GET /api/v1/me/red-packet-campaigns,redPacketGetMeRedPacketCampaigns,R20-R23,FROZEN_V1.2.2,"[{""BearerAuth"":[]}]",RedPacketGetMeRedPacketCampaignsParameters,RedPacketGetMeRedPacketCampaignsResponse,否,SCR-RP-ADV-001,contracts/openapi.yaml,cb2defe41fb579379f683661e6b79322e0f62a1c9afe542c027ec2003acd08cc,2026-07-16,非破坏性扩展；破坏性变更必须CR、新API版本、迁移及消费者兼容窗口
CLIENT_API,GET /api/v1/me/red-packet-campaigns/{id}/analytics,redPacketGetMeRedPacketCampaignsByIdAnalytics,R20-R23,FROZEN_V1.2.2,"[{""BearerAuth"":[]}]",RedPacketGetMeRedPacketCampaignsByIdAnalyticsParameters,RedPacketGetMeRedPacketCampaignsByIdAnalyticsResponse,否,SCR-RP-ADV-005,contracts/openapi.yaml,cb2defe41fb579379f683661e6b79322e0f62a1c9afe542c027ec2003acd08cc,2026-07-16,非破坏性扩展；破坏性变更必须CR、新API版本、迁移及消费者兼容窗口
CLIENT_API,POST /api/v1/red-packet-campaigns/{id}/view-sessions,redPacketPostRedPacketCampaignsByIdViewSessions,R20-R23,FROZEN_V1.2.2,"[{""BearerAuth"":[]}]",RedPacketPostRedPacketCampaignsByIdViewSessionsRequest,RedPacketPostRedPacketCampaignsByIdViewSessionsResponse,是,SCR-RP-002;SCR-RP-003,contracts/openapi.yaml,cb2defe41fb579379f683661e6b79322e0f62a1c9afe542c027ec2003acd08cc,2026-07-16,非破坏性扩展；破坏性变更必须CR、新API版本、迁移及消费者兼容窗口
CLIENT_API,POST /api/v1/red-packet-view-sessions/{id}/heartbeat,redPacketPostRedPacketViewSessionsByIdHeartbeat,R20-R23,FROZEN_V1.2.2,"[{""BearerAuth"":[]}]",RedPacketPostRedPacketViewSessionsByIdHeartbeatRequest,RedPacketPostRedPacketViewSessionsByIdHeartbeatResponse,是,SCR-RP-003,contracts/openapi.yaml,cb2defe41fb579379f683661e6b79322e0f62a1c9afe542c027ec2003acd08cc,2026-07-16,非破坏性扩展；破坏性变更必须CR、新API版本、迁移及消费者兼容窗口
CLIENT_API,POST /api/v1/red-packet-view-sessions/{id}/claim,redPacketPostRedPacketViewSessionsByIdClaim,R20-R23,FROZEN_V1.2.2,"[{""BearerAuth"":[]}]",RedPacketPostRedPacketViewSessionsByIdClaimRequest,RedPacketPostRedPacketViewSessionsByIdClaimResponse,是,SCR-RP-003;SHEET-RP-001,contracts/openapi.yaml,cb2defe41fb579379f683661e6b79322e0f62a1c9afe542c027ec2003acd08cc,2026-07-16,非破坏性扩展；破坏性变更必须CR、新API版本、迁移及消费者兼容窗口
CLIENT_API,POST /api/v1/red-packet-view-sessions/{id}/cancel,redPacketPostRedPacketViewSessionsByIdCancel,R20-R23,FROZEN_V1.2.2,"[{""BearerAuth"":[]}]",RedPacketPostRedPacketViewSessionsByIdCancelRequest,RedPacketPostRedPacketViewSessionsByIdCancelResponse,是,SCR-RP-003,contracts/openapi.yaml,cb2defe41fb579379f683661e6b79322e0f62a1c9afe542c027ec2003acd08cc,2026-07-16,非破坏性扩展；破坏性变更必须CR、新API版本、迁移及消费者兼容窗口
CLIENT_API,GET /api/v1/me/red-packet-claims,redPacketGetMeRedPacketClaims,R20-R23,FROZEN_V1.2.2,"[{""BearerAuth"":[]}]",RedPacketGetMeRedPacketClaimsParameters,RedPacketGetMeRedPacketClaimsResponse,否,SCR-RP-004,contracts/openapi.yaml,cb2defe41fb579379f683661e6b79322e0f62a1c9afe542c027ec2003acd08cc,2026-07-16,非破坏性扩展；破坏性变更必须CR、新API版本、迁移及消费者兼容窗口
CLIENT_API,GET /api/v1/me/orders,orderGetMeOrders,R16,FROZEN_V1.2.2,"[{""BearerAuth"":[]}]",OrderGetMeOrdersParameters,OrderGetMeOrdersResponse,否,SCR-ORDER-001,contracts/openapi.yaml,cb2defe41fb579379f683661e6b79322e0f62a1c9afe542c027ec2003acd08cc,2026-07-16,非破坏性扩展；破坏性变更必须CR、新API版本、迁移及消费者兼容窗口
CLIENT_API,GET /api/v1/me/orders/{orderNo},orderGetMeOrdersByOrderno,R16,FROZEN_V1.2.2,"[{""BearerAuth"":[]}]",OrderGetMeOrdersByOrdernoParameters,OrderGetMeOrdersByOrdernoResponse,否,SCR-ORDER-002,contracts/openapi.yaml,cb2defe41fb579379f683661e6b79322e0f62a1c9afe542c027ec2003acd08cc,2026-07-16,非破坏性扩展；破坏性变更必须CR、新API版本、迁移及消费者兼容窗口
CLIENT_API,GET /api/v1/orders/{orderNo}/cashier,paymentGetOrdersByOrdernoCashier,R17,FROZEN_V1.2.2,"[{""BearerAuth"":[]}]",PaymentGetOrdersByOrdernoCashierParameters,PaymentGetOrdersByOrdernoCashierResponse,否,H5-008,contracts/openapi.yaml,cb2defe41fb579379f683661e6b79322e0f62a1c9afe542c027ec2003acd08cc,2026-07-16,非破坏性扩展；破坏性变更必须CR、新API版本、迁移及消费者兼容窗口
CLIENT_API,POST /api/v1/orders/{orderNo}/payments,paymentPostOrdersByOrdernoPayments,R17,FROZEN_V1.2.2,"[{""BearerAuth"":[]}]",PaymentPostOrdersByOrdernoPaymentsRequest,PaymentPostOrdersByOrdernoPaymentsResponse,是,H5-008,contracts/openapi.yaml,cb2defe41fb579379f683661e6b79322e0f62a1c9afe542c027ec2003acd08cc,2026-07-16,非破坏性扩展；破坏性变更必须CR、新API版本、迁移及消费者兼容窗口
CLIENT_API,GET /api/v1/orders/{orderNo}/payment-status,paymentGetOrdersByOrdernoPaymentStatus,R17,FROZEN_V1.2.2,"[{""BearerAuth"":[]}]",PaymentGetOrdersByOrdernoPaymentStatusParameters,PaymentGetOrdersByOrdernoPaymentStatusResponse,否,H5-009,contracts/openapi.yaml,cb2defe41fb579379f683661e6b79322e0f62a1c9afe542c027ec2003acd08cc,2026-07-16,非破坏性扩展；破坏性变更必须CR、新API版本、迁移及消费者兼容窗口
CLIENT_API,POST /public-api/v1/payment/{gateway}/notify,paymentPostPaymentByGatewayNotify,R17,FROZEN_V1.2.2,"[{""ProviderSignature"":[]}]",PaymentPostPaymentByGatewayNotifyRequest,PaymentPostPaymentByGatewayNotifyResponse,是,SYSTEM_CALLBACK,contracts/openapi.yaml,cb2defe41fb579379f683661e6b79322e0f62a1c9afe542c027ec2003acd08cc,2026-07-16,非破坏性扩展；破坏性变更必须CR、新API版本、迁移及消费者兼容窗口
CLIENT_API,GET /api/v1/me/reward-account,rewardGetMeRewardAccount,R24,FROZEN_V1.2.2,"[{""BearerAuth"":[]}]",RewardGetMeRewardAccountParameters,RewardGetMeRewardAccountResponse,否,SCR-ME-001;SCR-REWARD-001;SCR-RP-004;SHEET-RP-001,contracts/openapi.yaml,cb2defe41fb579379f683661e6b79322e0f62a1c9afe542c027ec2003acd08cc,2026-07-16,非破坏性扩展；破坏性变更必须CR、新API版本、迁移及消费者兼容窗口
CLIENT_API,GET /api/v1/me/reward-ledger,rewardGetMeRewardLedger,R24,FROZEN_V1.2.2,"[{""BearerAuth"":[]}]",RewardGetMeRewardLedgerParameters,RewardGetMeRewardLedgerResponse,否,SCR-REWARD-002,contracts/openapi.yaml,cb2defe41fb579379f683661e6b79322e0f62a1c9afe542c027ec2003acd08cc,2026-07-16,非破坏性扩展；破坏性变更必须CR、新API版本、迁移及消费者兼容窗口
CLIENT_API,GET /api/v1/me/payout-account,withdrawalGetMePayoutAccount,R24,FROZEN_V1.2.2,"[{""BearerAuth"":[]}]",WithdrawalGetMePayoutAccountParameters,WithdrawalGetMePayoutAccountResponse,否,SCR-WD-001,contracts/openapi.yaml,cb2defe41fb579379f683661e6b79322e0f62a1c9afe542c027ec2003acd08cc,2026-07-16,非破坏性扩展；破坏性变更必须CR、新API版本、迁移及消费者兼容窗口
CLIENT_API,PUT /api/v1/me/payout-account,withdrawalPutMePayoutAccount,R24,FROZEN_V1.2.2,"[{""BearerAuth"":[]}]",WithdrawalPutMePayoutAccountRequest,WithdrawalPutMePayoutAccountResponse,是,SCR-WD-001,contracts/openapi.yaml,cb2defe41fb579379f683661e6b79322e0f62a1c9afe542c027ec2003acd08cc,2026-07-16,非破坏性扩展；破坏性变更必须CR、新API版本、迁移及消费者兼容窗口
CLIENT_API,POST /api/v1/withdrawals/quote,withdrawalPostWithdrawalsQuote,R24,FROZEN_V1.2.2,"[{""BearerAuth"":[]}]",WithdrawalPostWithdrawalsQuoteRequest,WithdrawalPostWithdrawalsQuoteResponse,是,SCR-WD-002,contracts/openapi.yaml,cb2defe41fb579379f683661e6b79322e0f62a1c9afe542c027ec2003acd08cc,2026-07-16,非破坏性扩展；破坏性变更必须CR、新API版本、迁移及消费者兼容窗口
CLIENT_API,POST /api/v1/withdrawals,withdrawalPostWithdrawals,R24,FROZEN_V1.2.2,"[{""BearerAuth"":[]}]",WithdrawalPostWithdrawalsRequest,WithdrawalPostWithdrawalsResponse,是,SCR-WD-002,contracts/openapi.yaml,cb2defe41fb579379f683661e6b79322e0f62a1c9afe542c027ec2003acd08cc,2026-07-16,非破坏性扩展；破坏性变更必须CR、新API版本、迁移及消费者兼容窗口
CLIENT_API,GET /api/v1/me/withdrawals,withdrawalGetMeWithdrawals,R24,FROZEN_V1.2.2,"[{""BearerAuth"":[]}]",WithdrawalGetMeWithdrawalsParameters,WithdrawalGetMeWithdrawalsResponse,否,SCR-WD-003,contracts/openapi.yaml,cb2defe41fb579379f683661e6b79322e0f62a1c9afe542c027ec2003acd08cc,2026-07-16,非破坏性扩展；破坏性变更必须CR、新API版本、迁移及消费者兼容窗口
CLIENT_API,GET /api/v1/me/referral/overview,referralGetMeReferralOverview,R25-R26,FROZEN_V1.2.2,"[{""BearerAuth"":[]}]",ReferralGetMeReferralOverviewParameters,ReferralGetMeReferralOverviewResponse,否,SCR-REF-001,contracts/openapi.yaml,cb2defe41fb579379f683661e6b79322e0f62a1c9afe542c027ec2003acd08cc,2026-07-16,非破坏性扩展；破坏性变更必须CR、新API版本、迁移及消费者兼容窗口
CLIENT_API,GET /api/v1/me/referral/invite-assets,referralGetMeReferralInviteAssets,R25-R26,FROZEN_V1.2.2,"[{""BearerAuth"":[]}]",ReferralGetMeReferralInviteAssetsParameters,ReferralGetMeReferralInviteAssetsResponse,否,SCR-REF-002,contracts/openapi.yaml,cb2defe41fb579379f683661e6b79322e0f62a1c9afe542c027ec2003acd08cc,2026-07-16,非破坏性扩展；破坏性变更必须CR、新API版本、迁移及消费者兼容窗口
CLIENT_API,GET /api/v1/me/referral/posters,referralGetMeReferralPosters,R25-R26,FROZEN_V1.2.2,"[{""BearerAuth"":[]}]",ReferralGetMeReferralPostersParameters,ReferralGetMeReferralPostersResponse,否,SCR-REF-003,contracts/openapi.yaml,cb2defe41fb579379f683661e6b79322e0f62a1c9afe542c027ec2003acd08cc,2026-07-16,非破坏性扩展；破坏性变更必须CR、新API版本、迁移及消费者兼容窗口
CLIENT_API,GET /api/v1/me/referral/direct-users,referralGetMeReferralDirectUsers,R25-R26,FROZEN_V1.2.2,"[{""BearerAuth"":[]}]",ReferralGetMeReferralDirectUsersParameters,ReferralGetMeReferralDirectUsersResponse,否,SCR-REF-004,contracts/openapi.yaml,cb2defe41fb579379f683661e6b79322e0f62a1c9afe542c027ec2003acd08cc,2026-07-16,非破坏性扩展；破坏性变更必须CR、新API版本、迁移及消费者兼容窗口
CLIENT_API,GET /api/v1/me/referral/level2-users,referralGetMeReferralLevel2Users,R25-R26,FROZEN_V1.2.2,"[{""BearerAuth"":[]}]",ReferralGetMeReferralLevel2UsersParameters,ReferralGetMeReferralLevel2UsersResponse,否,SCR-REF-005,contracts/openapi.yaml,cb2defe41fb579379f683661e6b79322e0f62a1c9afe542c027ec2003acd08cc,2026-07-16,非破坏性扩展；破坏性变更必须CR、新API版本、迁移及消费者兼容窗口
CLIENT_API,GET /api/v1/me/referral/commissions,referralGetMeReferralCommissions,R25-R26,FROZEN_V1.2.2,"[{""BearerAuth"":[]}]",ReferralGetMeReferralCommissionsParameters,ReferralGetMeReferralCommissionsResponse,否,SCR-REF-006,contracts/openapi.yaml,cb2defe41fb579379f683661e6b79322e0f62a1c9afe542c027ec2003acd08cc,2026-07-16,非破坏性扩展；破坏性变更必须CR、新API版本、迁移及消费者兼容窗口
CLIENT_API,GET /api/v1/me/referral/activity-rewards,referralGetMeReferralActivityRewards,R25-R26,FROZEN_V1.2.2,"[{""BearerAuth"":[]}]",ReferralGetMeReferralActivityRewardsParameters,ReferralGetMeReferralActivityRewardsResponse,否,SCR-REF-007,contracts/openapi.yaml,cb2defe41fb579379f683661e6b79322e0f62a1c9afe542c027ec2003acd08cc,2026-07-16,非破坏性扩展；破坏性变更必须CR、新API版本、迁移及消费者兼容窗口
CLIENT_API,GET /api/v1/tasks,taskGetTasks,R27,FROZEN_V1.2.2,"[{""BearerAuth"":[]}]",TaskGetTasksParameters,TaskGetTasksResponse,否,SCR-TASK-001,contracts/openapi.yaml,cb2defe41fb579379f683661e6b79322e0f62a1c9afe542c027ec2003acd08cc,2026-07-16,非破坏性扩展；破坏性变更必须CR、新API版本、迁移及消费者兼容窗口
CLIENT_API,POST /api/v1/tasks/{id}/claim,taskPostTasksByIdClaim,R27,FROZEN_V1.2.2,"[{""BearerAuth"":[]}]",TaskPostTasksByIdClaimRequest,TaskPostTasksByIdClaimResponse,是,SCR-TASK-001,contracts/openapi.yaml,cb2defe41fb579379f683661e6b79322e0f62a1c9afe542c027ec2003acd08cc,2026-07-16,非破坏性扩展；破坏性变更必须CR、新API版本、迁移及消费者兼容窗口
CLIENT_API,GET /api/v1/me/points,taskGetMePoints,R27,FROZEN_V1.2.2,"[{""BearerAuth"":[]}]",TaskGetMePointsParameters,TaskGetMePointsResponse,否,SCR-TASK-002,contracts/openapi.yaml,cb2defe41fb579379f683661e6b79322e0f62a1c9afe542c027ec2003acd08cc,2026-07-16,非破坏性扩展；破坏性变更必须CR、新API版本、迁移及消费者兼容窗口
CLIENT_API,GET /api/v1/me/point-ledger,taskGetMePointLedger,R27,FROZEN_V1.2.2,"[{""BearerAuth"":[]}]",TaskGetMePointLedgerParameters,TaskGetMePointLedgerResponse,否,SCR-TASK-002,contracts/openapi.yaml,cb2defe41fb579379f683661e6b79322e0f62a1c9afe542c027ec2003acd08cc,2026-07-16,非破坏性扩展；破坏性变更必须CR、新API版本、迁移及消费者兼容窗口
CLIENT_API,GET /api/v1/help/articles,supportGetHelpArticles,R15,FROZEN_V1.2.2,"[{""BearerAuth"":[]}]",SupportGetHelpArticlesParameters,SupportGetHelpArticlesResponse,否,SCR-SUPPORT-001,contracts/openapi.yaml,cb2defe41fb579379f683661e6b79322e0f62a1c9afe542c027ec2003acd08cc,2026-07-16,非破坏性扩展；破坏性变更必须CR、新API版本、迁移及消费者兼容窗口
CLIENT_API,GET /api/v1/help/articles/{id},supportGetHelpArticlesById,R15,FROZEN_V1.2.2,"[{""BearerAuth"":[]}]",SupportGetHelpArticlesByIdParameters,SupportGetHelpArticlesByIdResponse,否,SCR-SUPPORT-005,contracts/openapi.yaml,cb2defe41fb579379f683661e6b79322e0f62a1c9afe542c027ec2003acd08cc,2026-07-16,非破坏性扩展；破坏性变更必须CR、新API版本、迁移及消费者兼容窗口
CLIENT_API,POST /api/v1/support/tickets,supportPostSupportTickets,R15,FROZEN_V1.2.2,"[{""BearerAuth"":[]}]",SupportPostSupportTicketsRequest,SupportPostSupportTicketsResponse,是,SCR-AUTH-005;SCR-SUPPORT-002,contracts/openapi.yaml,cb2defe41fb579379f683661e6b79322e0f62a1c9afe542c027ec2003acd08cc,2026-07-16,非破坏性扩展；破坏性变更必须CR、新API版本、迁移及消费者兼容窗口
CLIENT_API,GET /api/v1/support/tickets,supportGetSupportTickets,R15,FROZEN_V1.2.2,"[{""BearerAuth"":[]}]",SupportGetSupportTicketsParameters,SupportGetSupportTicketsResponse,否,SCR-SUPPORT-003,contracts/openapi.yaml,cb2defe41fb579379f683661e6b79322e0f62a1c9afe542c027ec2003acd08cc,2026-07-16,非破坏性扩展；破坏性变更必须CR、新API版本、迁移及消费者兼容窗口
CLIENT_API,GET /api/v1/support/tickets/{id},supportGetSupportTicketsById,R15,FROZEN_V1.2.2,"[{""BearerAuth"":[]}]",SupportGetSupportTicketsByIdParameters,SupportGetSupportTicketsByIdResponse,否,SCR-SUPPORT-004,contracts/openapi.yaml,cb2defe41fb579379f683661e6b79322e0f62a1c9afe542c027ec2003acd08cc,2026-07-16,非破坏性扩展；破坏性变更必须CR、新API版本、迁移及消费者兼容窗口
CLIENT_API,POST /api/v1/support/tickets/{id}/messages,supportPostSupportTicketsByIdMessages,R15,FROZEN_V1.2.2,"[{""BearerAuth"":[]}]",SupportPostSupportTicketsByIdMessagesRequest,SupportPostSupportTicketsByIdMessagesResponse,是,SCR-SUPPORT-004,contracts/openapi.yaml,cb2defe41fb579379f683661e6b79322e0f62a1c9afe542c027ec2003acd08cc,2026-07-16,非破坏性扩展；破坏性变更必须CR、新API版本、迁移及消费者兼容窗口
CLIENT_API,GET /api/v1/app/version-check,appReleaseGetAppVersionCheck,P00/R02/R29,FROZEN_V1.2.2,"[{},{""BearerAuth"":[]}]",AppReleaseGetAppVersionCheckParameters,AppReleaseGetAppVersionCheckResponse,否,SCR-APP-001,contracts/openapi.yaml,cb2defe41fb579379f683661e6b79322e0f62a1c9afe542c027ec2003acd08cc,2026-07-16,非破坏性扩展；破坏性变更必须CR、新API版本、迁移及消费者兼容窗口
CLIENT_API,GET /public-api/v1/home-page,publicGetHomePage,R28,FROZEN_V1.2.2,[],PublicGetHomePageParameters,PublicGetHomePageResponse,否,H5-001,contracts/openapi.yaml,cb2defe41fb579379f683661e6b79322e0f62a1c9afe542c027ec2003acd08cc,2026-07-16,非破坏性扩展；破坏性变更必须CR、新API版本、迁移及消费者兼容窗口
CLIENT_API,GET /public-api/v1/app/latest,publicGetAppLatest,R28,FROZEN_V1.2.2,[],PublicGetAppLatestParameters,PublicGetAppLatestResponse,否,H5-001;H5-002;H5-003;SCR-APP-003,contracts/openapi.yaml,cb2defe41fb579379f683661e6b79322e0f62a1c9afe542c027ec2003acd08cc,2026-07-16,非破坏性扩展；破坏性变更必须CR、新API版本、迁移及消费者兼容窗口
CLIENT_API,GET /public-api/v1/share/contents/{id},publicGetShareContentsById,R28,FROZEN_V1.2.2,[],PublicGetShareContentsByIdParameters,PublicGetShareContentsByIdResponse,否,H5-004;H5-005;H5-006;H5-007,contracts/openapi.yaml,cb2defe41fb579379f683661e6b79322e0f62a1c9afe542c027ec2003acd08cc,2026-07-16,非破坏性扩展；破坏性变更必须CR、新API版本、迁移及消费者兼容窗口
CLIENT_API,GET /public-api/v1/invite/{code},publicGetInviteByCode,R28,FROZEN_V1.2.2,[],PublicGetInviteByCodeParameters,PublicGetInviteByCodeResponse,否,H5-003,contracts/openapi.yaml,cb2defe41fb579379f683661e6b79322e0f62a1c9afe542c027ec2003acd08cc,2026-07-16,非破坏性扩展；破坏性变更必须CR、新API版本、迁移及消费者兼容窗口
CLIENT_API,GET /public-api/v1/invite/{code}/registration-config,publicGetInviteByCodeRegistrationConfig,R28,FROZEN_V1.2.2,[],PublicGetInviteByCodeRegistrationConfigParameters,PublicGetInviteByCodeRegistrationConfigResponse,否,H5-013,contracts/openapi.yaml,cb2defe41fb579379f683661e6b79322e0f62a1c9afe542c027ec2003acd08cc,2026-07-16,非破坏性扩展；破坏性变更必须CR、新API版本、迁移及消费者兼容窗口
CLIENT_API,GET /public-api/v1/agreements/{code},publicGetAgreementsByCode,R28,FROZEN_V1.2.2,[],PublicGetAgreementsByCodeParameters,PublicGetAgreementsByCodeResponse,否,H5-010;SCR-ABOUT-001;SCR-REF-008,contracts/openapi.yaml,cb2defe41fb579379f683661e6b79322e0f62a1c9afe542c027ec2003acd08cc,2026-07-16,非破坏性扩展；破坏性变更必须CR、新API版本、迁移及消费者兼容窗口
CLIENT_API,GET /public-api/v1/platform/status,publicGetPlatformStatus,P00/R02,FROZEN_V1.2.2,[],PublicGetPlatformStatusParameters,PublicGetPlatformStatusResponse,否,SCR-APP-001;SCR-APP-002,contracts/openapi.yaml,cb2defe41fb579379f683661e6b79322e0f62a1c9afe542c027ec2003acd08cc,2026-07-16,非破坏性扩展；破坏性变更必须CR、新API版本、迁移及消费者兼容窗口
CLIENT_API,POST /public-api/v1/app/version-check,appReleasePostAppVersionCheck,P00/R02/R29,FROZEN_V1.2.2,[],AppReleasePostAppVersionCheckRequest,AppReleasePostAppVersionCheckResponse,否,SCR-ABOUT-001;SCR-APP-001;SCR-APP-003,contracts/openapi.yaml,cb2defe41fb579379f683661e6b79322e0f62a1c9afe542c027ec2003acd08cc,2026-07-16,非破坏性扩展；破坏性变更必须CR、新API版本、迁移及消费者兼容窗口
CLIENT_API,GET /public-api/v1/help/articles/{id},publicGetHelpArticlesById,R15/R28,FROZEN_V1.2.2,[],PublicGetHelpArticlesByIdParameters,PublicGetHelpArticlesByIdResponse,否,H5-002;H5-011,contracts/openapi.yaml,cb2defe41fb579379f683661e6b79322e0f62a1c9afe542c027ec2003acd08cc,2026-07-16,非破坏性扩展；破坏性变更必须CR、新API版本、迁移及消费者兼容窗口
ADMIN_API,POST /admin-api/v1/auth/login,adminAdminAuthPostAuthLogin,R01,FROZEN_V1.2.2,[],AdminAdminAuthPostAuthLoginRequest,AdminAdminAuthPostAuthLoginResponse,是,ADM-AUTH-001,contracts/admin-openapi.yaml,15901429eb345df1a78295ef5fdcaf5210a982a3e411b0a9a77913706a5014fd,2026-07-16,非破坏性扩展；破坏性变更必须CR、新API版本、迁移及消费者兼容窗口
ADMIN_API,POST /admin-api/v1/auth/mfa/verify,adminAdminAuthPostAuthMfaVerify,R01,FROZEN_V1.2.2,"[{""MfaTicketAuth"":[]}]",AdminAdminAuthPostAuthMfaVerifyRequest,AdminAdminAuthPostAuthMfaVerifyResponse,是,ADM-AUTH-002,contracts/admin-openapi.yaml,15901429eb345df1a78295ef5fdcaf5210a982a3e411b0a9a77913706a5014fd,2026-07-16,非破坏性扩展；破坏性变更必须CR、新API版本、迁移及消费者兼容窗口
ADMIN_API,POST /admin-api/v1/auth/logout,adminAdminAuthPostAuthLogout,R01,FROZEN_V1.2.2,"[{""BearerAuth"":[]}]",AdminAdminAuthPostAuthLogoutRequest,AdminAdminAuthPostAuthLogoutResponse,是,ADM-SECURITY-001,contracts/admin-openapi.yaml,15901429eb345df1a78295ef5fdcaf5210a982a3e411b0a9a77913706a5014fd,2026-07-16,非破坏性扩展；破坏性变更必须CR、新API版本、迁移及消费者兼容窗口
ADMIN_API,GET /admin-api/v1/dashboard/summary,adminDashboardGetDashboardSummary,R30,FROZEN_V1.2.2,"[{""BearerAuth"":[]}]",AdminDashboardGetDashboardSummaryParameters,AdminDashboardGetDashboardSummaryResponse,否,ADM-DASH-001,contracts/admin-openapi.yaml,15901429eb345df1a78295ef5fdcaf5210a982a3e411b0a9a77913706a5014fd,2026-07-16,非破坏性扩展；破坏性变更必须CR、新API版本、迁移及消费者兼容窗口
ADMIN_API,GET /admin-api/v1/dashboard/todos,adminDashboardGetDashboardTodos,R30,FROZEN_V1.2.2,"[{""BearerAuth"":[]}]",AdminDashboardGetDashboardTodosParameters,AdminDashboardGetDashboardTodosResponse,否,ADM-DASH-001,contracts/admin-openapi.yaml,15901429eb345df1a78295ef5fdcaf5210a982a3e411b0a9a77913706a5014fd,2026-07-16,非破坏性扩展；破坏性变更必须CR、新API版本、迁移及消费者兼容窗口
ADMIN_API,GET /admin-api/v1/users,adminUsersGetUsers,R02,FROZEN_V1.2.2,"[{""BearerAuth"":[]}]",AdminUsersGetUsersParameters,AdminUsersGetUsersResponse,否,ADM-USER-001;ADM-USER-002,contracts/admin-openapi.yaml,15901429eb345df1a78295ef5fdcaf5210a982a3e411b0a9a77913706a5014fd,2026-07-16,非破坏性扩展；破坏性变更必须CR、新API版本、迁移及消费者兼容窗口
ADMIN_API,GET /admin-api/v1/users/{id},adminUsersGetUsersById,R02,FROZEN_V1.2.2,"[{""BearerAuth"":[]}]",AdminUsersGetUsersByIdParameters,AdminUsersGetUsersByIdResponse,否,ADM-USER-001;ADM-USER-002,contracts/admin-openapi.yaml,15901429eb345df1a78295ef5fdcaf5210a982a3e411b0a9a77913706a5014fd,2026-07-16,非破坏性扩展；破坏性变更必须CR、新API版本、迁移及消费者兼容窗口
ADMIN_API,POST /admin-api/v1/users/{id}/restrictions,adminUsersPostUsersByIdRestrictions,R02,FROZEN_V1.2.2,"[{""BearerAuth"":[]}]",AdminUsersPostUsersByIdRestrictionsRequest,AdminUsersPostUsersByIdRestrictionsResponse,是,ADM-USER-002,contracts/admin-openapi.yaml,15901429eb345df1a78295ef5fdcaf5210a982a3e411b0a9a77913706a5014fd,2026-07-16,非破坏性扩展；破坏性变更必须CR、新API版本、迁移及消费者兼容窗口
ADMIN_API,DELETE /admin-api/v1/users/{id}/restrictions/{type},adminUsersDeleteUsersByIdRestrictionsByType,R02,FROZEN_V1.2.2,"[{""BearerAuth"":[]}]",AdminUsersDeleteUsersByIdRestrictionsByTypeParameters,AdminUsersDeleteUsersByIdRestrictionsByTypeResponse,是,ADM-USER-002,contracts/admin-openapi.yaml,15901429eb345df1a78295ef5fdcaf5210a982a3e411b0a9a77913706a5014fd,2026-07-16,非破坏性扩展；破坏性变更必须CR、新API版本、迁移及消费者兼容窗口
ADMIN_API,POST /admin-api/v1/users/{id}/freeze,adminUsersPostUsersByIdFreeze,R02,FROZEN_V1.2.2,"[{""BearerAuth"":[]}]",AdminUsersPostUsersByIdFreezeRequest,AdminUsersPostUsersByIdFreezeResponse,是,ADM-USER-002,contracts/admin-openapi.yaml,15901429eb345df1a78295ef5fdcaf5210a982a3e411b0a9a77913706a5014fd,2026-07-16,非破坏性扩展；破坏性变更必须CR、新API版本、迁移及消费者兼容窗口
ADMIN_API,POST /admin-api/v1/users/{id}/unfreeze,adminUsersPostUsersByIdUnfreeze,R02,FROZEN_V1.2.2,"[{""BearerAuth"":[]}]",AdminUsersPostUsersByIdUnfreezeRequest,AdminUsersPostUsersByIdUnfreezeResponse,是,ADM-USER-002,contracts/admin-openapi.yaml,15901429eb345df1a78295ef5fdcaf5210a982a3e411b0a9a77913706a5014fd,2026-07-16,非破坏性扩展；破坏性变更必须CR、新API版本、迁移及消费者兼容窗口
ADMIN_API,POST /admin-api/v1/users/{id}/force-logout,adminUsersPostUsersByIdForceLogout,R02,FROZEN_V1.2.2,"[{""BearerAuth"":[]}]",AdminUsersPostUsersByIdForceLogoutRequest,AdminUsersPostUsersByIdForceLogoutResponse,是,ADM-USER-002,contracts/admin-openapi.yaml,15901429eb345df1a78295ef5fdcaf5210a982a3e411b0a9a77913706a5014fd,2026-07-16,非破坏性扩展；破坏性变更必须CR、新API版本、迁移及消费者兼容窗口
ADMIN_API,GET /admin-api/v1/identities,adminIdentityGetIdentities,R05,FROZEN_V1.2.2,"[{""BearerAuth"":[]}]",AdminIdentityGetIdentitiesParameters,AdminIdentityGetIdentitiesResponse,否,ADM-ID-001;ADM-ID-002,contracts/admin-openapi.yaml,15901429eb345df1a78295ef5fdcaf5210a982a3e411b0a9a77913706a5014fd,2026-07-16,非破坏性扩展；破坏性变更必须CR、新API版本、迁移及消费者兼容窗口
ADMIN_API,GET /admin-api/v1/identities/{userId},adminIdentityGetIdentitiesByUserid,R05,FROZEN_V1.2.2,"[{""BearerAuth"":[]}]",AdminIdentityGetIdentitiesByUseridParameters,AdminIdentityGetIdentitiesByUseridResponse,否,ADM-ID-001;ADM-ID-002,contracts/admin-openapi.yaml,15901429eb345df1a78295ef5fdcaf5210a982a3e411b0a9a77913706a5014fd,2026-07-16,非破坏性扩展；破坏性变更必须CR、新API版本、迁移及消费者兼容窗口
ADMIN_API,POST /admin-api/v1/identities/{userId}/media-access,adminIdentityPostIdentitiesByUseridMediaAccess,R05,FROZEN_V1.2.2,"[{""BearerAuth"":[]}]",AdminIdentityPostIdentitiesByUseridMediaAccessRequest,AdminIdentityPostIdentitiesByUseridMediaAccessResponse,是,ADM-ID-002,contracts/admin-openapi.yaml,15901429eb345df1a78295ef5fdcaf5210a982a3e411b0a9a77913706a5014fd,2026-07-16,非破坏性扩展；破坏性变更必须CR、新API版本、迁移及消费者兼容窗口
ADMIN_API,POST /admin-api/v1/identity-sessions/{id}/review,adminIdentityPostIdentitySessionsByIdReview,R05,FROZEN_V1.2.2,"[{""BearerAuth"":[]}]",AdminIdentityPostIdentitySessionsByIdReviewRequest,AdminIdentityPostIdentitySessionsByIdReviewResponse,是,ADM-ID-002,contracts/admin-openapi.yaml,15901429eb345df1a78295ef5fdcaf5210a982a3e411b0a9a77913706a5014fd,2026-07-16,非破坏性扩展；破坏性变更必须CR、新API版本、迁移及消费者兼容窗口
ADMIN_API,POST /admin-api/v1/identities/{userId}/freeze,adminIdentityPostIdentitiesByUseridFreeze,R05,FROZEN_V1.2.2,"[{""BearerAuth"":[]}]",AdminIdentityPostIdentitiesByUseridFreezeRequest,AdminIdentityPostIdentitiesByUseridFreezeResponse,是,ADM-ID-002,contracts/admin-openapi.yaml,15901429eb345df1a78295ef5fdcaf5210a982a3e411b0a9a77913706a5014fd,2026-07-16,非破坏性扩展；破坏性变更必须CR、新API版本、迁移及消费者兼容窗口
ADMIN_API,GET /admin-api/v1/contents,adminContentGetContents,R06,FROZEN_V1.2.2,"[{""BearerAuth"":[]}]",AdminContentGetContentsParameters,AdminContentGetContentsResponse,否,ADM-CONTENT-001;ADM-CONTENT-002;ADM-CONTENT-003,contracts/admin-openapi.yaml,15901429eb345df1a78295ef5fdcaf5210a982a3e411b0a9a77913706a5014fd,2026-07-16,非破坏性扩展；破坏性变更必须CR、新API版本、迁移及消费者兼容窗口
ADMIN_API,GET /admin-api/v1/contents/{id},adminContentGetContentsById,R06,FROZEN_V1.2.2,"[{""BearerAuth"":[]}]",AdminContentGetContentsByIdParameters,AdminContentGetContentsByIdResponse,否,ADM-CONTENT-001;ADM-CONTENT-002;ADM-CONTENT-003,contracts/admin-openapi.yaml,15901429eb345df1a78295ef5fdcaf5210a982a3e411b0a9a77913706a5014fd,2026-07-16,非破坏性扩展；破坏性变更必须CR、新API版本、迁移及消费者兼容窗口
ADMIN_API,POST /admin-api/v1/contents/{id}/online,adminContentPostContentsByIdOnline,R06,FROZEN_V1.2.2,"[{""BearerAuth"":[]}]",AdminContentPostContentsByIdOnlineRequest,AdminContentPostContentsByIdOnlineResponse,是,ADM-CONTENT-002;ADM-CONTENT-003,contracts/admin-openapi.yaml,15901429eb345df1a78295ef5fdcaf5210a982a3e411b0a9a77913706a5014fd,2026-07-16,非破坏性扩展；破坏性变更必须CR、新API版本、迁移及消费者兼容窗口
ADMIN_API,POST /admin-api/v1/contents/{id}/offline,adminContentPostContentsByIdOffline,R06,FROZEN_V1.2.2,"[{""BearerAuth"":[]}]",AdminContentPostContentsByIdOfflineRequest,AdminContentPostContentsByIdOfflineResponse,是,ADM-CONTENT-002;ADM-CONTENT-003,contracts/admin-openapi.yaml,15901429eb345df1a78295ef5fdcaf5210a982a3e411b0a9a77913706a5014fd,2026-07-16,非破坏性扩展；破坏性变更必须CR、新API版本、迁移及消费者兼容窗口
ADMIN_API,POST /admin-api/v1/contents/{id}/ban,adminContentPostContentsByIdBan,R06,FROZEN_V1.2.2,"[{""BearerAuth"":[]}]",AdminContentPostContentsByIdBanRequest,AdminContentPostContentsByIdBanResponse,是,ADM-CONTENT-002;ADM-CONTENT-003,contracts/admin-openapi.yaml,15901429eb345df1a78295ef5fdcaf5210a982a3e411b0a9a77913706a5014fd,2026-07-16,非破坏性扩展；破坏性变更必须CR、新API版本、迁移及消费者兼容窗口
ADMIN_API,POST /admin-api/v1/contents/{id}/recommend,adminContentPostContentsByIdRecommend,R06,FROZEN_V1.2.2,"[{""BearerAuth"":[]}]",AdminContentPostContentsByIdRecommendRequest,AdminContentPostContentsByIdRecommendResponse,是,ADM-CONTENT-002;ADM-CONTENT-003,contracts/admin-openapi.yaml,15901429eb345df1a78295ef5fdcaf5210a982a3e411b0a9a77913706a5014fd,2026-07-16,非破坏性扩展；破坏性变更必须CR、新API版本、迁移及消费者兼容窗口
ADMIN_API,POST /admin-api/v1/contents/{id}/official-mark,adminContentPostContentsByIdOfficialMark,R06,FROZEN_V1.2.2,"[{""BearerAuth"":[]}]",AdminContentPostContentsByIdOfficialMarkRequest,AdminContentPostContentsByIdOfficialMarkResponse,是,ADM-CONTENT-002;ADM-CONTENT-003,contracts/admin-openapi.yaml,15901429eb345df1a78295ef5fdcaf5210a982a3e411b0a9a77913706a5014fd,2026-07-16,非破坏性扩展；破坏性变更必须CR、新API版本、迁移及消费者兼容窗口
ADMIN_API,GET /admin-api/v1/content-dictionaries,adminContentGetContentDictionaries,R06,FROZEN_V1.2.2,"[{""BearerAuth"":[]}]",AdminContentGetContentDictionariesParameters,AdminContentGetContentDictionariesResponse,否,ADM-CONTENT-001;ADM-CONTENT-002;ADM-CONTENT-003,contracts/admin-openapi.yaml,15901429eb345df1a78295ef5fdcaf5210a982a3e411b0a9a77913706a5014fd,2026-07-16,非破坏性扩展；破坏性变更必须CR、新API版本、迁移及消费者兼容窗口
ADMIN_API,PUT /admin-api/v1/content-dictionaries/{code},adminContentPutContentDictionariesByCode,R06,FROZEN_V1.2.2,"[{""BearerAuth"":[]}]",AdminContentPutContentDictionariesByCodeRequest,AdminContentPutContentDictionariesByCodeResponse,是,ADM-CONTENT-003,contracts/admin-openapi.yaml,15901429eb345df1a78295ef5fdcaf5210a982a3e411b0a9a77913706a5014fd,2026-07-16,非破坏性扩展；破坏性变更必须CR、新API版本、迁移及消费者兼容窗口
ADMIN_API,GET /admin-api/v1/reviews/queue,adminReviewGetReviewsQueue,R12,FROZEN_V1.2.2,"[{""BearerAuth"":[]}]",AdminReviewGetReviewsQueueParameters,AdminReviewGetReviewsQueueResponse,否,ADM-REVIEW-001,contracts/admin-openapi.yaml,15901429eb345df1a78295ef5fdcaf5210a982a3e411b0a9a77913706a5014fd,2026-07-16,非破坏性扩展；破坏性变更必须CR、新API版本、迁移及消费者兼容窗口
ADMIN_API,GET /admin-api/v1/reviews/{id},adminReviewGetReviewsById,R12,FROZEN_V1.2.2,"[{""BearerAuth"":[]}]",AdminReviewGetReviewsByIdParameters,AdminReviewGetReviewsByIdResponse,否,ADM-REVIEW-001,contracts/admin-openapi.yaml,15901429eb345df1a78295ef5fdcaf5210a982a3e411b0a9a77913706a5014fd,2026-07-16,非破坏性扩展；破坏性变更必须CR、新API版本、迁移及消费者兼容窗口
ADMIN_API,POST /admin-api/v1/reviews/{id}/decide,adminReviewPostReviewsByIdDecide,R12,FROZEN_V1.2.2,"[{""BearerAuth"":[]}]",AdminReviewPostReviewsByIdDecideRequest,AdminReviewPostReviewsByIdDecideResponse,是,ADM-REVIEW-001,contracts/admin-openapi.yaml,15901429eb345df1a78295ef5fdcaf5210a982a3e411b0a9a77913706a5014fd,2026-07-16,非破坏性扩展；破坏性变更必须CR、新API版本、迁移及消费者兼容窗口
ADMIN_API,POST /admin-api/v1/reviews/{id}/assign,adminReviewPostReviewsByIdAssign,R12,FROZEN_V1.2.2,"[{""BearerAuth"":[]}]",AdminReviewPostReviewsByIdAssignRequest,AdminReviewPostReviewsByIdAssignResponse,是,ADM-REVIEW-001,contracts/admin-openapi.yaml,15901429eb345df1a78295ef5fdcaf5210a982a3e411b0a9a77913706a5014fd,2026-07-16,非破坏性扩展；破坏性变更必须CR、新API版本、迁移及消费者兼容窗口
ADMIN_API,GET /admin-api/v1/content-reports,adminReportsGetContentReports,R15,FROZEN_V1.2.2,"[{""BearerAuth"":[]}]",AdminReportsGetContentReportsParameters,AdminReportsGetContentReportsResponse,否,ADM-REVIEW-001,contracts/admin-openapi.yaml,15901429eb345df1a78295ef5fdcaf5210a982a3e411b0a9a77913706a5014fd,2026-07-16,非破坏性扩展；破坏性变更必须CR、新API版本、迁移及消费者兼容窗口
ADMIN_API,POST /admin-api/v1/content-reports/{id}/decide,adminReportsPostContentReportsByIdDecide,R15,FROZEN_V1.2.2,"[{""BearerAuth"":[]}]",AdminReportsPostContentReportsByIdDecideRequest,AdminReportsPostContentReportsByIdDecideResponse,是,ADM-REPORT-001,contracts/admin-openapi.yaml,15901429eb345df1a78295ef5fdcaf5210a982a3e411b0a9a77913706a5014fd,2026-07-16,非破坏性扩展；破坏性变更必须CR、新API版本、迁移及消费者兼容窗口
ADMIN_API,GET /admin-api/v1/appeals,adminAppealsGetAppeals,R15,FROZEN_V1.2.2,"[{""BearerAuth"":[]}]",AdminAppealsGetAppealsParameters,AdminAppealsGetAppealsResponse,否,ADM-REVIEW-001,contracts/admin-openapi.yaml,15901429eb345df1a78295ef5fdcaf5210a982a3e411b0a9a77913706a5014fd,2026-07-16,非破坏性扩展；破坏性变更必须CR、新API版本、迁移及消费者兼容窗口
ADMIN_API,POST /admin-api/v1/appeals/{id}/decide,adminAppealsPostAppealsByIdDecide,R15,FROZEN_V1.2.2,"[{""BearerAuth"":[]}]",AdminAppealsPostAppealsByIdDecideRequest,AdminAppealsPostAppealsByIdDecideResponse,是,ADM-APPEAL-001,contracts/admin-openapi.yaml,15901429eb345df1a78295ef5fdcaf5210a982a3e411b0a9a77913706a5014fd,2026-07-16,非破坏性扩展；破坏性变更必须CR、新API版本、迁移及消费者兼容窗口
ADMIN_API,GET /admin-api/v1/red-packet-campaigns,adminRedPacketGetRedPacketCampaigns,R20-R23,FROZEN_V1.2.2,"[{""BearerAuth"":[]}]",AdminRedPacketGetRedPacketCampaignsParameters,AdminRedPacketGetRedPacketCampaignsResponse,否,ADM-RP-001;ADM-RP-002;ADM-RP-003;ADM-RP-004,contracts/admin-openapi.yaml,15901429eb345df1a78295ef5fdcaf5210a982a3e411b0a9a77913706a5014fd,2026-07-16,非破坏性扩展；破坏性变更必须CR、新API版本、迁移及消费者兼容窗口
ADMIN_API,GET /admin-api/v1/red-packet-campaigns/{id},adminRedPacketGetRedPacketCampaignsById,R20-R23,FROZEN_V1.2.2,"[{""BearerAuth"":[]}]",AdminRedPacketGetRedPacketCampaignsByIdParameters,AdminRedPacketGetRedPacketCampaignsByIdResponse,否,ADM-RP-001;ADM-RP-002;ADM-RP-003;ADM-RP-004,contracts/admin-openapi.yaml,15901429eb345df1a78295ef5fdcaf5210a982a3e411b0a9a77913706a5014fd,2026-07-16,非破坏性扩展；破坏性变更必须CR、新API版本、迁移及消费者兼容窗口
ADMIN_API,POST /admin-api/v1/red-packet-campaigns/{id}/review,adminRedPacketPostRedPacketCampaignsByIdReview,R20-R23,FROZEN_V1.2.2,"[{""BearerAuth"":[]}]",AdminRedPacketPostRedPacketCampaignsByIdReviewRequest,AdminRedPacketPostRedPacketCampaignsByIdReviewResponse,是,ADM-RP-002;ADM-RP-003;ADM-RP-004,contracts/admin-openapi.yaml,15901429eb345df1a78295ef5fdcaf5210a982a3e411b0a9a77913706a5014fd,2026-07-16,非破坏性扩展；破坏性变更必须CR、新API版本、迁移及消费者兼容窗口
ADMIN_API,POST /admin-api/v1/red-packet-campaigns/{id}/pause,adminRedPacketPostRedPacketCampaignsByIdPause,R20-R23,FROZEN_V1.2.2,"[{""BearerAuth"":[]}]",AdminRedPacketPostRedPacketCampaignsByIdPauseRequest,AdminRedPacketPostRedPacketCampaignsByIdPauseResponse,是,ADM-RP-002;ADM-RP-003;ADM-RP-004,contracts/admin-openapi.yaml,15901429eb345df1a78295ef5fdcaf5210a982a3e411b0a9a77913706a5014fd,2026-07-16,非破坏性扩展；破坏性变更必须CR、新API版本、迁移及消费者兼容窗口
ADMIN_API,POST /admin-api/v1/red-packet-campaigns/{id}/resume,adminRedPacketPostRedPacketCampaignsByIdResume,R20-R23,FROZEN_V1.2.2,"[{""BearerAuth"":[]}]",AdminRedPacketPostRedPacketCampaignsByIdResumeRequest,AdminRedPacketPostRedPacketCampaignsByIdResumeResponse,是,ADM-RP-002;ADM-RP-003;ADM-RP-004,contracts/admin-openapi.yaml,15901429eb345df1a78295ef5fdcaf5210a982a3e411b0a9a77913706a5014fd,2026-07-16,非破坏性扩展；破坏性变更必须CR、新API版本、迁移及消费者兼容窗口
ADMIN_API,POST /admin-api/v1/red-packet-campaigns/{id}/terminate,adminRedPacketPostRedPacketCampaignsByIdTerminate,R20-R23,FROZEN_V1.2.2,"[{""BearerAuth"":[]}]",AdminRedPacketPostRedPacketCampaignsByIdTerminateRequest,AdminRedPacketPostRedPacketCampaignsByIdTerminateResponse,是,ADM-RP-002;ADM-RP-003;ADM-RP-004,contracts/admin-openapi.yaml,15901429eb345df1a78295ef5fdcaf5210a982a3e411b0a9a77913706a5014fd,2026-07-16,非破坏性扩展；破坏性变更必须CR、新API版本、迁移及消费者兼容窗口
ADMIN_API,GET /admin-api/v1/red-packet-campaigns/{id}/sessions,adminRedPacketGetRedPacketCampaignsByIdSessions,R20-R23,FROZEN_V1.2.2,"[{""BearerAuth"":[]}]",AdminRedPacketGetRedPacketCampaignsByIdSessionsParameters,AdminRedPacketGetRedPacketCampaignsByIdSessionsResponse,否,ADM-RP-001;ADM-RP-002;ADM-RP-003;ADM-RP-004,contracts/admin-openapi.yaml,15901429eb345df1a78295ef5fdcaf5210a982a3e411b0a9a77913706a5014fd,2026-07-16,非破坏性扩展；破坏性变更必须CR、新API版本、迁移及消费者兼容窗口
ADMIN_API,GET /admin-api/v1/red-packet-campaigns/{id}/claims,adminRedPacketGetRedPacketCampaignsByIdClaims,R20-R23,FROZEN_V1.2.2,"[{""BearerAuth"":[]}]",AdminRedPacketGetRedPacketCampaignsByIdClaimsParameters,AdminRedPacketGetRedPacketCampaignsByIdClaimsResponse,否,ADM-RP-001;ADM-RP-002;ADM-RP-003;ADM-RP-004,contracts/admin-openapi.yaml,15901429eb345df1a78295ef5fdcaf5210a982a3e411b0a9a77913706a5014fd,2026-07-16,非破坏性扩展；破坏性变更必须CR、新API版本、迁移及消费者兼容窗口
ADMIN_API,GET /admin-api/v1/red-packet-campaigns/{id}/ledger,adminRedPacketGetRedPacketCampaignsByIdLedger,R20-R23,FROZEN_V1.2.2,"[{""BearerAuth"":[]}]",AdminRedPacketGetRedPacketCampaignsByIdLedgerParameters,AdminRedPacketGetRedPacketCampaignsByIdLedgerResponse,否,ADM-RP-001,contracts/admin-openapi.yaml,15901429eb345df1a78295ef5fdcaf5210a982a3e411b0a9a77913706a5014fd,2026-07-16,非破坏性扩展；破坏性变更必须CR、新API版本、迁移及消费者兼容窗口
ADMIN_API,GET /admin-api/v1/products,adminProductsGetProducts,R16,FROZEN_V1.2.2,"[{""BearerAuth"":[]}]",AdminProductsGetProductsParameters,AdminProductsGetProductsResponse,否,ADM-PROD-001,contracts/admin-openapi.yaml,15901429eb345df1a78295ef5fdcaf5210a982a3e411b0a9a77913706a5014fd,2026-07-16,非破坏性扩展；破坏性变更必须CR、新API版本、迁移及消费者兼容窗口
ADMIN_API,POST /admin-api/v1/products,adminProductsPostProducts,R16,FROZEN_V1.2.2,"[{""BearerAuth"":[]}]",AdminProductsPostProductsRequest,AdminProductsPostProductsResponse,是,ADM-PROD-001,contracts/admin-openapi.yaml,15901429eb345df1a78295ef5fdcaf5210a982a3e411b0a9a77913706a5014fd,2026-07-16,非破坏性扩展；破坏性变更必须CR、新API版本、迁移及消费者兼容窗口
ADMIN_API,PATCH /admin-api/v1/products/{id},adminProductsPatchProductsById,R16,FROZEN_V1.2.2,"[{""BearerAuth"":[]}]",AdminProductsPatchProductsByIdRequest,AdminProductsPatchProductsByIdResponse,是,ADM-PROD-001,contracts/admin-openapi.yaml,15901429eb345df1a78295ef5fdcaf5210a982a3e411b0a9a77913706a5014fd,2026-07-16,非破坏性扩展；破坏性变更必须CR、新API版本、迁移及消费者兼容窗口
ADMIN_API,GET /admin-api/v1/skus,adminProductsGetSkus,R16,FROZEN_V1.2.2,"[{""BearerAuth"":[]}]",AdminProductsGetSkusParameters,AdminProductsGetSkusResponse,否,ADM-PROD-001,contracts/admin-openapi.yaml,15901429eb345df1a78295ef5fdcaf5210a982a3e411b0a9a77913706a5014fd,2026-07-16,非破坏性扩展；破坏性变更必须CR、新API版本、迁移及消费者兼容窗口
ADMIN_API,POST /admin-api/v1/skus,adminProductsPostSkus,R16,FROZEN_V1.2.2,"[{""BearerAuth"":[]}]",AdminProductsPostSkusRequest,AdminProductsPostSkusResponse,是,ADM-PROD-001,contracts/admin-openapi.yaml,15901429eb345df1a78295ef5fdcaf5210a982a3e411b0a9a77913706a5014fd,2026-07-16,非破坏性扩展；破坏性变更必须CR、新API版本、迁移及消费者兼容窗口
ADMIN_API,PATCH /admin-api/v1/skus/{id},adminProductsPatchSkusById,R16,FROZEN_V1.2.2,"[{""BearerAuth"":[]}]",AdminProductsPatchSkusByIdRequest,AdminProductsPatchSkusByIdResponse,是,ADM-PROD-001,contracts/admin-openapi.yaml,15901429eb345df1a78295ef5fdcaf5210a982a3e411b0a9a77913706a5014fd,2026-07-16,非破坏性扩展；破坏性变更必须CR、新API版本、迁移及消费者兼容窗口
ADMIN_API,GET /admin-api/v1/orders,adminOrdersGetOrders,R16,FROZEN_V1.2.2,"[{""BearerAuth"":[]}]",AdminOrdersGetOrdersParameters,AdminOrdersGetOrdersResponse,否,ADM-ORDER-001,contracts/admin-openapi.yaml,15901429eb345df1a78295ef5fdcaf5210a982a3e411b0a9a77913706a5014fd,2026-07-16,非破坏性扩展；破坏性变更必须CR、新API版本、迁移及消费者兼容窗口
ADMIN_API,GET /admin-api/v1/orders/{orderNo},adminOrdersGetOrdersByOrderno,R16,FROZEN_V1.2.2,"[{""BearerAuth"":[]}]",AdminOrdersGetOrdersByOrdernoParameters,AdminOrdersGetOrdersByOrdernoResponse,否,ADM-ORDER-001,contracts/admin-openapi.yaml,15901429eb345df1a78295ef5fdcaf5210a982a3e411b0a9a77913706a5014fd,2026-07-16,非破坏性扩展；破坏性变更必须CR、新API版本、迁移及消费者兼容窗口
ADMIN_API,GET /admin-api/v1/payments,adminPaymentsGetPayments,R17,FROZEN_V1.2.2,"[{""BearerAuth"":[]}]",AdminPaymentsGetPaymentsParameters,AdminPaymentsGetPaymentsResponse,否,ADM-PAY-001;ADM-RECON-001,contracts/admin-openapi.yaml,15901429eb345df1a78295ef5fdcaf5210a982a3e411b0a9a77913706a5014fd,2026-07-16,非破坏性扩展；破坏性变更必须CR、新API版本、迁移及消费者兼容窗口
ADMIN_API,GET /admin-api/v1/payment-callbacks,adminPaymentsGetPaymentCallbacks,R17,FROZEN_V1.2.2,"[{""BearerAuth"":[]}]",AdminPaymentsGetPaymentCallbacksParameters,AdminPaymentsGetPaymentCallbacksResponse,否,ADM-PAY-001;ADM-RECON-001,contracts/admin-openapi.yaml,15901429eb345df1a78295ef5fdcaf5210a982a3e411b0a9a77913706a5014fd,2026-07-16,非破坏性扩展；破坏性变更必须CR、新API版本、迁移及消费者兼容窗口
ADMIN_API,POST /admin-api/v1/payments/{id}/query,adminPaymentsPostPaymentsByIdQuery,R17,FROZEN_V1.2.2,"[{""BearerAuth"":[]}]",AdminPaymentsPostPaymentsByIdQueryRequest,AdminPaymentsPostPaymentsByIdQueryResponse,是,ADM-PAY-001;ADM-RECON-001,contracts/admin-openapi.yaml,15901429eb345df1a78295ef5fdcaf5210a982a3e411b0a9a77913706a5014fd,2026-07-16,非破坏性扩展；破坏性变更必须CR、新API版本、迁移及消费者兼容窗口
ADMIN_API,GET /admin-api/v1/payment-exceptions,adminPaymentsGetPaymentExceptions,R17,FROZEN_V1.2.2,"[{""BearerAuth"":[]}]",AdminPaymentsGetPaymentExceptionsParameters,AdminPaymentsGetPaymentExceptionsResponse,否,ADM-PAY-001;ADM-RECON-001,contracts/admin-openapi.yaml,15901429eb345df1a78295ef5fdcaf5210a982a3e411b0a9a77913706a5014fd,2026-07-16,非破坏性扩展；破坏性变更必须CR、新API版本、迁移及消费者兼容窗口
ADMIN_API,POST /admin-api/v1/payment-exceptions/{id}/resolve,adminPaymentsPostPaymentExceptionsByIdResolve,R17,FROZEN_V1.2.2,"[{""BearerAuth"":[]}]",AdminPaymentsPostPaymentExceptionsByIdResolveRequest,AdminPaymentsPostPaymentExceptionsByIdResolveResponse,是,ADM-PAY-001;ADM-RECON-001,contracts/admin-openapi.yaml,15901429eb345df1a78295ef5fdcaf5210a982a3e411b0a9a77913706a5014fd,2026-07-16,非破坏性扩展；破坏性变更必须CR、新API版本、迁移及消费者兼容窗口
ADMIN_API,POST /admin-api/v1/payment-reconciliation/run,adminPaymentsPostPaymentReconciliationRun,R17,FROZEN_V1.2.2,"[{""BearerAuth"":[]}]",AdminPaymentsPostPaymentReconciliationRunRequest,AdminPaymentsPostPaymentReconciliationRunResponse,是,ADM-PAY-001;ADM-RECON-001,contracts/admin-openapi.yaml,15901429eb345df1a78295ef5fdcaf5210a982a3e411b0a9a77913706a5014fd,2026-07-16,非破坏性扩展；破坏性变更必须CR、新API版本、迁移及消费者兼容窗口
ADMIN_API,GET /admin-api/v1/reward-accounts,adminRewardsGetRewardAccounts,R24,FROZEN_V1.2.2,"[{""BearerAuth"":[]}]",AdminRewardsGetRewardAccountsParameters,AdminRewardsGetRewardAccountsResponse,否,ADM-REWARD-001;ADM-REWARD-002,contracts/admin-openapi.yaml,15901429eb345df1a78295ef5fdcaf5210a982a3e411b0a9a77913706a5014fd,2026-07-16,非破坏性扩展；破坏性变更必须CR、新API版本、迁移及消费者兼容窗口
ADMIN_API,GET /admin-api/v1/reward-accounts/{userId}/ledger,adminRewardsGetRewardAccountsByUseridLedger,R24,FROZEN_V1.2.2,"[{""BearerAuth"":[]}]",AdminRewardsGetRewardAccountsByUseridLedgerParameters,AdminRewardsGetRewardAccountsByUseridLedgerResponse,否,ADM-REWARD-001;ADM-REWARD-002,contracts/admin-openapi.yaml,15901429eb345df1a78295ef5fdcaf5210a982a3e411b0a9a77913706a5014fd,2026-07-16,非破坏性扩展；破坏性变更必须CR、新API版本、迁移及消费者兼容窗口
ADMIN_API,POST /admin-api/v1/reward-adjustments,adminRewardsPostRewardAdjustments,R24,FROZEN_V1.2.2,"[{""BearerAuth"":[]}]",AdminRewardsPostRewardAdjustmentsRequest,AdminRewardsPostRewardAdjustmentsResponse,是,ADM-REWARD-001,contracts/admin-openapi.yaml,15901429eb345df1a78295ef5fdcaf5210a982a3e411b0a9a77913706a5014fd,2026-07-16,非破坏性扩展；破坏性变更必须CR、新API版本、迁移及消费者兼容窗口
ADMIN_API,GET /admin-api/v1/withdrawals,adminWithdrawalsGetWithdrawals,R24,FROZEN_V1.2.2,"[{""BearerAuth"":[]}]",AdminWithdrawalsGetWithdrawalsParameters,AdminWithdrawalsGetWithdrawalsResponse,否,ADM-WD-001;ADM-WD-002,contracts/admin-openapi.yaml,15901429eb345df1a78295ef5fdcaf5210a982a3e411b0a9a77913706a5014fd,2026-07-16,非破坏性扩展；破坏性变更必须CR、新API版本、迁移及消费者兼容窗口
ADMIN_API,GET /admin-api/v1/withdrawals/{id},adminWithdrawalsGetWithdrawalsById,R24,FROZEN_V1.2.2,"[{""BearerAuth"":[]}]",AdminWithdrawalsGetWithdrawalsByIdParameters,AdminWithdrawalsGetWithdrawalsByIdResponse,否,ADM-WD-001;ADM-WD-002,contracts/admin-openapi.yaml,15901429eb345df1a78295ef5fdcaf5210a982a3e411b0a9a77913706a5014fd,2026-07-16,非破坏性扩展；破坏性变更必须CR、新API版本、迁移及消费者兼容窗口
ADMIN_API,POST /admin-api/v1/withdrawals/{id}/risk-review,adminWithdrawalsPostWithdrawalsByIdRiskReview,R24,FROZEN_V1.2.2,"[{""BearerAuth"":[]}]",AdminWithdrawalsPostWithdrawalsByIdRiskReviewRequest,AdminWithdrawalsPostWithdrawalsByIdRiskReviewResponse,是,ADM-WD-002,contracts/admin-openapi.yaml,15901429eb345df1a78295ef5fdcaf5210a982a3e411b0a9a77913706a5014fd,2026-07-16,非破坏性扩展；破坏性变更必须CR、新API版本、迁移及消费者兼容窗口
ADMIN_API,POST /admin-api/v1/withdrawals/{id}/finance-review,adminWithdrawalsPostWithdrawalsByIdFinanceReview,R24,FROZEN_V1.2.2,"[{""BearerAuth"":[]}]",AdminWithdrawalsPostWithdrawalsByIdFinanceReviewRequest,AdminWithdrawalsPostWithdrawalsByIdFinanceReviewResponse,是,ADM-WD-002,contracts/admin-openapi.yaml,15901429eb345df1a78295ef5fdcaf5210a982a3e411b0a9a77913706a5014fd,2026-07-16,非破坏性扩展；破坏性变更必须CR、新API版本、迁移及消费者兼容窗口
ADMIN_API,POST /admin-api/v1/withdrawals/{id}/payout,adminWithdrawalsPostWithdrawalsByIdPayout,R24,FROZEN_V1.2.2,"[{""BearerAuth"":[]}]",AdminWithdrawalsPostWithdrawalsByIdPayoutRequest,AdminWithdrawalsPostWithdrawalsByIdPayoutResponse,是,ADM-WD-002,contracts/admin-openapi.yaml,15901429eb345df1a78295ef5fdcaf5210a982a3e411b0a9a77913706a5014fd,2026-07-16,非破坏性扩展；破坏性变更必须CR、新API版本、迁移及消费者兼容窗口
ADMIN_API,POST /admin-api/v1/withdrawals/{id}/query,adminWithdrawalsPostWithdrawalsByIdQuery,R24,FROZEN_V1.2.2,"[{""BearerAuth"":[]}]",AdminWithdrawalsPostWithdrawalsByIdQueryRequest,AdminWithdrawalsPostWithdrawalsByIdQueryResponse,是,ADM-WD-002,contracts/admin-openapi.yaml,15901429eb345df1a78295ef5fdcaf5210a982a3e411b0a9a77913706a5014fd,2026-07-16,非破坏性扩展；破坏性变更必须CR、新API版本、迁移及消费者兼容窗口
ADMIN_API,GET /admin-api/v1/membership/skus,adminMembershipGetMembershipSkus,R18,FROZEN_V1.2.2,"[{""BearerAuth"":[]}]",AdminMembershipGetMembershipSkusParameters,AdminMembershipGetMembershipSkusResponse,否,ADM-MEMBER-001;ADM-MEMBER-002,contracts/admin-openapi.yaml,15901429eb345df1a78295ef5fdcaf5210a982a3e411b0a9a77913706a5014fd,2026-07-16,非破坏性扩展；破坏性变更必须CR、新API版本、迁移及消费者兼容窗口
ADMIN_API,PATCH /admin-api/v1/membership/skus/{id},adminMembershipPatchMembershipSkusById,R18,FROZEN_V1.2.2,"[{""BearerAuth"":[]}]",AdminMembershipPatchMembershipSkusByIdRequest,AdminMembershipPatchMembershipSkusByIdResponse,是,ADM-MEMBER-001;ADM-MEMBER-002,contracts/admin-openapi.yaml,15901429eb345df1a78295ef5fdcaf5210a982a3e411b0a9a77913706a5014fd,2026-07-16,非破坏性扩展；破坏性变更必须CR、新API版本、迁移及消费者兼容窗口
ADMIN_API,PUT /admin-api/v1/membership/skus/{id}/benefits,adminMembershipPutMembershipSkusByIdBenefits,R18,FROZEN_V1.2.2,"[{""BearerAuth"":[]}]",AdminMembershipPutMembershipSkusByIdBenefitsRequest,AdminMembershipPutMembershipSkusByIdBenefitsResponse,是,ADM-MEMBER-001;ADM-MEMBER-002,contracts/admin-openapi.yaml,15901429eb345df1a78295ef5fdcaf5210a982a3e411b0a9a77913706a5014fd,2026-07-16,非破坏性扩展；破坏性变更必须CR、新API版本、迁移及消费者兼容窗口
ADMIN_API,GET /admin-api/v1/user-memberships,adminMembershipGetUserMemberships,R18,FROZEN_V1.2.2,"[{""BearerAuth"":[]}]",AdminMembershipGetUserMembershipsParameters,AdminMembershipGetUserMembershipsResponse,否,ADM-MEMBER-001;ADM-MEMBER-002,contracts/admin-openapi.yaml,15901429eb345df1a78295ef5fdcaf5210a982a3e411b0a9a77913706a5014fd,2026-07-16,非破坏性扩展；破坏性变更必须CR、新API版本、迁移及消费者兼容窗口
ADMIN_API,POST /admin-api/v1/user-memberships/grants,adminMembershipPostUserMembershipsGrants,R18,FROZEN_V1.2.2,"[{""BearerAuth"":[]}]",AdminMembershipPostUserMembershipsGrantsRequest,AdminMembershipPostUserMembershipsGrantsResponse,是,ADM-MEMBER-001,contracts/admin-openapi.yaml,15901429eb345df1a78295ef5fdcaf5210a982a3e411b0a9a77913706a5014fd,2026-07-16,非破坏性扩展；破坏性变更必须CR、新API版本、迁移及消费者兼容窗口
ADMIN_API,GET /admin-api/v1/props,adminPropsGetProps,R19,FROZEN_V1.2.2,"[{""BearerAuth"":[]}]",AdminPropsGetPropsParameters,AdminPropsGetPropsResponse,否,ADM-PROP-001;ADM-PROP-002;ADM-PROP-003,contracts/admin-openapi.yaml,15901429eb345df1a78295ef5fdcaf5210a982a3e411b0a9a77913706a5014fd,2026-07-16,非破坏性扩展；破坏性变更必须CR、新API版本、迁移及消费者兼容窗口
ADMIN_API,PATCH /admin-api/v1/props/{id},adminPropsPatchPropsById,R19,FROZEN_V1.2.2,"[{""BearerAuth"":[]}]",AdminPropsPatchPropsByIdRequest,AdminPropsPatchPropsByIdResponse,是,ADM-PROP-001;ADM-PROP-002;ADM-PROP-003,contracts/admin-openapi.yaml,15901429eb345df1a78295ef5fdcaf5210a982a3e411b0a9a77913706a5014fd,2026-07-16,非破坏性扩展；破坏性变更必须CR、新API版本、迁移及消费者兼容窗口
ADMIN_API,GET /admin-api/v1/headline-slots,adminPropsGetHeadlineSlots,R19,FROZEN_V1.2.2,"[{""BearerAuth"":[]}]",AdminPropsGetHeadlineSlotsParameters,AdminPropsGetHeadlineSlotsResponse,否,ADM-PROP-001;ADM-PROP-002;ADM-PROP-003,contracts/admin-openapi.yaml,15901429eb345df1a78295ef5fdcaf5210a982a3e411b0a9a77913706a5014fd,2026-07-16,非破坏性扩展；破坏性变更必须CR、新API版本、迁移及消费者兼容窗口
ADMIN_API,POST /admin-api/v1/headline-slots,adminPropsPostHeadlineSlots,R19,FROZEN_V1.2.2,"[{""BearerAuth"":[]}]",AdminPropsPostHeadlineSlotsRequest,AdminPropsPostHeadlineSlotsResponse,是,ADM-PROP-001;ADM-PROP-003,contracts/admin-openapi.yaml,15901429eb345df1a78295ef5fdcaf5210a982a3e411b0a9a77913706a5014fd,2026-07-16,非破坏性扩展；破坏性变更必须CR、新API版本、迁移及消费者兼容窗口
ADMIN_API,GET /admin-api/v1/prop-executions,adminPropsGetPropExecutions,R19,FROZEN_V1.2.2,"[{""BearerAuth"":[]}]",AdminPropsGetPropExecutionsParameters,AdminPropsGetPropExecutionsResponse,否,ADM-PROP-001;ADM-PROP-002;ADM-PROP-003,contracts/admin-openapi.yaml,15901429eb345df1a78295ef5fdcaf5210a982a3e411b0a9a77913706a5014fd,2026-07-16,非破坏性扩展；破坏性变更必须CR、新API版本、迁移及消费者兼容窗口
ADMIN_API,GET /admin-api/v1/referral-relations,adminReferralGetReferralRelations,R25-R26,FROZEN_V1.2.2,"[{""BearerAuth"":[]}]",AdminReferralGetReferralRelationsParameters,AdminReferralGetReferralRelationsResponse,否,ADM-REF-001;ADM-REF-002;ADM-REF-003;ADM-REF-004;ADM-REF-005;ADM-REF-006,contracts/admin-openapi.yaml,15901429eb345df1a78295ef5fdcaf5210a982a3e411b0a9a77913706a5014fd,2026-07-16,非破坏性扩展；破坏性变更必须CR、新API版本、迁移及消费者兼容窗口
ADMIN_API,POST /admin-api/v1/referral-relations/{inviteeId}/adjust,adminReferralPostReferralRelationsByInviteeidAdjust,R25-R26,FROZEN_V1.2.2,"[{""BearerAuth"":[]}]",AdminReferralPostReferralRelationsByInviteeidAdjustRequest,AdminReferralPostReferralRelationsByInviteeidAdjustResponse,是,ADM-REF-001;ADM-REF-002;ADM-REF-004;ADM-REF-005;ADM-REF-006,contracts/admin-openapi.yaml,15901429eb345df1a78295ef5fdcaf5210a982a3e411b0a9a77913706a5014fd,2026-07-16,非破坏性扩展；破坏性变更必须CR、新API版本、迁移及消费者兼容窗口
ADMIN_API,GET /admin-api/v1/commission-policies,adminReferralGetCommissionPolicies,R25-R26,FROZEN_V1.2.2,"[{""BearerAuth"":[]}]",AdminReferralGetCommissionPoliciesParameters,AdminReferralGetCommissionPoliciesResponse,否,ADM-REF-001;ADM-REF-002;ADM-REF-003;ADM-REF-004;ADM-REF-005;ADM-REF-006,contracts/admin-openapi.yaml,15901429eb345df1a78295ef5fdcaf5210a982a3e411b0a9a77913706a5014fd,2026-07-16,非破坏性扩展；破坏性变更必须CR、新API版本、迁移及消费者兼容窗口
ADMIN_API,POST /admin-api/v1/commission-policies,adminReferralPostCommissionPolicies,R25-R26,FROZEN_V1.2.2,"[{""BearerAuth"":[]}]",AdminReferralPostCommissionPoliciesRequest,AdminReferralPostCommissionPoliciesResponse,是,ADM-REF-001;ADM-REF-002;ADM-REF-004;ADM-REF-005;ADM-REF-006,contracts/admin-openapi.yaml,15901429eb345df1a78295ef5fdcaf5210a982a3e411b0a9a77913706a5014fd,2026-07-16,非破坏性扩展；破坏性变更必须CR、新API版本、迁移及消费者兼容窗口
ADMIN_API,GET /admin-api/v1/commissions,adminReferralGetCommissions,R25-R26,FROZEN_V1.2.2,"[{""BearerAuth"":[]}]",AdminReferralGetCommissionsParameters,AdminReferralGetCommissionsResponse,否,ADM-REF-001;ADM-REF-002;ADM-REF-003;ADM-REF-004;ADM-REF-005;ADM-REF-006,contracts/admin-openapi.yaml,15901429eb345df1a78295ef5fdcaf5210a982a3e411b0a9a77913706a5014fd,2026-07-16,非破坏性扩展；破坏性变更必须CR、新API版本、迁移及消费者兼容窗口
ADMIN_API,GET /admin-api/v1/referral-activity/rules,adminReferralActivityGetReferralActivityRules,R30,FROZEN_V1.2.2,"[{""BearerAuth"":[]}]",AdminReferralActivityGetReferralActivityRulesParameters,AdminReferralActivityGetReferralActivityRulesResponse,否,ADM-REF-001;ADM-REF-002;ADM-REF-003;ADM-REF-004;ADM-REF-005;ADM-REF-006,contracts/admin-openapi.yaml,15901429eb345df1a78295ef5fdcaf5210a982a3e411b0a9a77913706a5014fd,2026-07-16,非破坏性扩展；破坏性变更必须CR、新API版本、迁移及消费者兼容窗口
ADMIN_API,POST /admin-api/v1/referral-activity/rule-versions,adminReferralActivityPostReferralActivityRuleVersions,R30,FROZEN_V1.2.2,"[{""BearerAuth"":[]}]",AdminReferralActivityPostReferralActivityRuleVersionsRequest,AdminReferralActivityPostReferralActivityRuleVersionsResponse,是,ADM-REF-001;ADM-REF-002;ADM-REF-004;ADM-REF-005;ADM-REF-006,contracts/admin-openapi.yaml,15901429eb345df1a78295ef5fdcaf5210a982a3e411b0a9a77913706a5014fd,2026-07-16,非破坏性扩展；破坏性变更必须CR、新API版本、迁移及消费者兼容窗口
ADMIN_API,GET /admin-api/v1/referral-activity/progress,adminReferralActivityGetReferralActivityProgress,R30,FROZEN_V1.2.2,"[{""BearerAuth"":[]}]",AdminReferralActivityGetReferralActivityProgressParameters,AdminReferralActivityGetReferralActivityProgressResponse,否,ADM-REF-001;ADM-REF-002;ADM-REF-003;ADM-REF-004;ADM-REF-005;ADM-REF-006,contracts/admin-openapi.yaml,15901429eb345df1a78295ef5fdcaf5210a982a3e411b0a9a77913706a5014fd,2026-07-16,非破坏性扩展；破坏性变更必须CR、新API版本、迁移及消费者兼容窗口
ADMIN_API,GET /admin-api/v1/referral-activity/milestones,adminReferralActivityGetReferralActivityMilestones,R30,FROZEN_V1.2.2,"[{""BearerAuth"":[]}]",AdminReferralActivityGetReferralActivityMilestonesParameters,AdminReferralActivityGetReferralActivityMilestonesResponse,否,ADM-REF-003,contracts/admin-openapi.yaml,15901429eb345df1a78295ef5fdcaf5210a982a3e411b0a9a77913706a5014fd,2026-07-16,非破坏性扩展；破坏性变更必须CR、新API版本、迁移及消费者兼容窗口
ADMIN_API,PUT /admin-api/v1/referral-activity/milestones,adminReferralActivityPutReferralActivityMilestones,R30,FROZEN_V1.2.2,"[{""BearerAuth"":[]}]",AdminReferralActivityPutReferralActivityMilestonesRequest,AdminReferralActivityPutReferralActivityMilestonesResponse,是,ADM-REF-006,contracts/admin-openapi.yaml,15901429eb345df1a78295ef5fdcaf5210a982a3e411b0a9a77913706a5014fd,2026-07-16,非破坏性扩展；破坏性变更必须CR、新API版本、迁移及消费者兼容窗口
ADMIN_API,GET /admin-api/v1/referral-activity/rewards,adminReferralActivityGetReferralActivityRewards,R30,FROZEN_V1.2.2,"[{""BearerAuth"":[]}]",AdminReferralActivityGetReferralActivityRewardsParameters,AdminReferralActivityGetReferralActivityRewardsResponse,否,ADM-REF-003,contracts/admin-openapi.yaml,15901429eb345df1a78295ef5fdcaf5210a982a3e411b0a9a77913706a5014fd,2026-07-16,非破坏性扩展；破坏性变更必须CR、新API版本、迁移及消费者兼容窗口
ADMIN_API,GET /admin-api/v1/tasks,adminTasksGetTasks,R27,FROZEN_V1.2.2,"[{""BearerAuth"":[]}]",AdminTasksGetTasksParameters,AdminTasksGetTasksResponse,否,ADM-TASK-001;ADM-TASK-002,contracts/admin-openapi.yaml,15901429eb345df1a78295ef5fdcaf5210a982a3e411b0a9a77913706a5014fd,2026-07-16,非破坏性扩展；破坏性变更必须CR、新API版本、迁移及消费者兼容窗口
ADMIN_API,POST /admin-api/v1/tasks,adminTasksPostTasks,R27,FROZEN_V1.2.2,"[{""BearerAuth"":[]}]",AdminTasksPostTasksRequest,AdminTasksPostTasksResponse,是,ADM-TASK-001,contracts/admin-openapi.yaml,15901429eb345df1a78295ef5fdcaf5210a982a3e411b0a9a77913706a5014fd,2026-07-16,非破坏性扩展；破坏性变更必须CR、新API版本、迁移及消费者兼容窗口
ADMIN_API,PATCH /admin-api/v1/tasks/{id},adminTasksPatchTasksById,R27,FROZEN_V1.2.2,"[{""BearerAuth"":[]}]",AdminTasksPatchTasksByIdRequest,AdminTasksPatchTasksByIdResponse,是,ADM-TASK-001;ADM-TASK-002,contracts/admin-openapi.yaml,15901429eb345df1a78295ef5fdcaf5210a982a3e411b0a9a77913706a5014fd,2026-07-16,非破坏性扩展；破坏性变更必须CR、新API版本、迁移及消费者兼容窗口
ADMIN_API,GET /admin-api/v1/task-progress,adminTasksGetTaskProgress,R27,FROZEN_V1.2.2,"[{""BearerAuth"":[]}]",AdminTasksGetTaskProgressParameters,AdminTasksGetTaskProgressResponse,否,ADM-TASK-001;ADM-TASK-002,contracts/admin-openapi.yaml,15901429eb345df1a78295ef5fdcaf5210a982a3e411b0a9a77913706a5014fd,2026-07-16,非破坏性扩展；破坏性变更必须CR、新API版本、迁移及消费者兼容窗口
ADMIN_API,GET /admin-api/v1/growth-budgets,adminTasksGetGrowthBudgets,R27,FROZEN_V1.2.2,"[{""BearerAuth"":[]}]",AdminTasksGetGrowthBudgetsParameters,AdminTasksGetGrowthBudgetsResponse,否,ADM-TASK-001;ADM-TASK-002,contracts/admin-openapi.yaml,15901429eb345df1a78295ef5fdcaf5210a982a3e411b0a9a77913706a5014fd,2026-07-16,非破坏性扩展；破坏性变更必须CR、新API版本、迁移及消费者兼容窗口
ADMIN_API,PUT /admin-api/v1/growth-budgets/{id},adminTasksPutGrowthBudgetsById,R27,FROZEN_V1.2.2,"[{""BearerAuth"":[]}]",AdminTasksPutGrowthBudgetsByIdRequest,AdminTasksPutGrowthBudgetsByIdResponse,是,ADM-TASK-001;ADM-TASK-002,contracts/admin-openapi.yaml,15901429eb345df1a78295ef5fdcaf5210a982a3e411b0a9a77913706a5014fd,2026-07-16,非破坏性扩展；破坏性变更必须CR、新API版本、迁移及消费者兼容窗口
ADMIN_API,GET /admin-api/v1/chat-reports,adminChatGetChatReports,R15,FROZEN_V1.2.2,"[{""BearerAuth"":[]}]",AdminChatGetChatReportsParameters,AdminChatGetChatReportsResponse,否,ADM-CHAT-001,contracts/admin-openapi.yaml,15901429eb345df1a78295ef5fdcaf5210a982a3e411b0a9a77913706a5014fd,2026-07-16,非破坏性扩展；破坏性变更必须CR、新API版本、迁移及消费者兼容窗口
ADMIN_API,POST /admin-api/v1/chat-reports/{id}/decide,adminChatPostChatReportsByIdDecide,R15,FROZEN_V1.2.2,"[{""BearerAuth"":[]}]",AdminChatPostChatReportsByIdDecideRequest,AdminChatPostChatReportsByIdDecideResponse,是,ADM-CHAT-001,contracts/admin-openapi.yaml,15901429eb345df1a78295ef5fdcaf5210a982a3e411b0a9a77913706a5014fd,2026-07-16,非破坏性扩展；破坏性变更必须CR、新API版本、迁移及消费者兼容窗口
ADMIN_API,GET /admin-api/v1/support/tickets,adminSupportGetSupportTickets,R15,FROZEN_V1.2.2,"[{""BearerAuth"":[]}]",AdminSupportGetSupportTicketsParameters,AdminSupportGetSupportTicketsResponse,否,ADM-SUPPORT-001,contracts/admin-openapi.yaml,15901429eb345df1a78295ef5fdcaf5210a982a3e411b0a9a77913706a5014fd,2026-07-16,非破坏性扩展；破坏性变更必须CR、新API版本、迁移及消费者兼容窗口
ADMIN_API,GET /admin-api/v1/support/tickets/{id},adminSupportGetSupportTicketsById,R15,FROZEN_V1.2.2,"[{""BearerAuth"":[]}]",AdminSupportGetSupportTicketsByIdParameters,AdminSupportGetSupportTicketsByIdResponse,否,ADM-SUPPORT-001,contracts/admin-openapi.yaml,15901429eb345df1a78295ef5fdcaf5210a982a3e411b0a9a77913706a5014fd,2026-07-16,非破坏性扩展；破坏性变更必须CR、新API版本、迁移及消费者兼容窗口
ADMIN_API,POST /admin-api/v1/support/tickets/{id}/assign,adminSupportPostSupportTicketsByIdAssign,R15,FROZEN_V1.2.2,"[{""BearerAuth"":[]}]",AdminSupportPostSupportTicketsByIdAssignRequest,AdminSupportPostSupportTicketsByIdAssignResponse,是,ADM-SUPPORT-002,contracts/admin-openapi.yaml,15901429eb345df1a78295ef5fdcaf5210a982a3e411b0a9a77913706a5014fd,2026-07-16,非破坏性扩展；破坏性变更必须CR、新API版本、迁移及消费者兼容窗口
ADMIN_API,POST /admin-api/v1/support/tickets/{id}/messages,adminSupportPostSupportTicketsByIdMessages,R15,FROZEN_V1.2.2,"[{""BearerAuth"":[]}]",AdminSupportPostSupportTicketsByIdMessagesRequest,AdminSupportPostSupportTicketsByIdMessagesResponse,是,ADM-SUPPORT-002,contracts/admin-openapi.yaml,15901429eb345df1a78295ef5fdcaf5210a982a3e411b0a9a77913706a5014fd,2026-07-16,非破坏性扩展；破坏性变更必须CR、新API版本、迁移及消费者兼容窗口
ADMIN_API,POST /admin-api/v1/support/tickets/{id}/close,adminSupportPostSupportTicketsByIdClose,R15,FROZEN_V1.2.2,"[{""BearerAuth"":[]}]",AdminSupportPostSupportTicketsByIdCloseRequest,AdminSupportPostSupportTicketsByIdCloseResponse,是,ADM-SUPPORT-002,contracts/admin-openapi.yaml,15901429eb345df1a78295ef5fdcaf5210a982a3e411b0a9a77913706a5014fd,2026-07-16,非破坏性扩展；破坏性变更必须CR、新API版本、迁移及消费者兼容窗口
ADMIN_API,GET /admin-api/v1/cms/home-modules,adminCMSGetCmsHomeModules,R28,FROZEN_V1.2.2,"[{""BearerAuth"":[]}]",AdminCMSGetCmsHomeModulesParameters,AdminCMSGetCmsHomeModulesResponse,否,ADM-CMS-001;ADM-CMS-002;ADM-CMS-003,contracts/admin-openapi.yaml,15901429eb345df1a78295ef5fdcaf5210a982a3e411b0a9a77913706a5014fd,2026-07-16,非破坏性扩展；破坏性变更必须CR、新API版本、迁移及消费者兼容窗口
ADMIN_API,PUT /admin-api/v1/cms/home-modules,adminCMSPutCmsHomeModules,R28,FROZEN_V1.2.2,"[{""BearerAuth"":[]}]",AdminCMSPutCmsHomeModulesRequest,AdminCMSPutCmsHomeModulesResponse,是,ADM-CMS-001;ADM-CMS-002;ADM-CMS-003,contracts/admin-openapi.yaml,15901429eb345df1a78295ef5fdcaf5210a982a3e411b0a9a77913706a5014fd,2026-07-16,非破坏性扩展；破坏性变更必须CR、新API版本、迁移及消费者兼容窗口
ADMIN_API,GET /admin-api/v1/cms/banners,adminCMSGetCmsBanners,R28,FROZEN_V1.2.2,"[{""BearerAuth"":[]}]",AdminCMSGetCmsBannersParameters,AdminCMSGetCmsBannersResponse,否,ADM-CMS-001;ADM-CMS-002;ADM-CMS-003,contracts/admin-openapi.yaml,15901429eb345df1a78295ef5fdcaf5210a982a3e411b0a9a77913706a5014fd,2026-07-16,非破坏性扩展；破坏性变更必须CR、新API版本、迁移及消费者兼容窗口
ADMIN_API,POST /admin-api/v1/cms/banners,adminCMSPostCmsBanners,R28,FROZEN_V1.2.2,"[{""BearerAuth"":[]}]",AdminCMSPostCmsBannersRequest,AdminCMSPostCmsBannersResponse,是,ADM-CMS-001;ADM-CMS-002;ADM-CMS-003,contracts/admin-openapi.yaml,15901429eb345df1a78295ef5fdcaf5210a982a3e411b0a9a77913706a5014fd,2026-07-16,非破坏性扩展；破坏性变更必须CR、新API版本、迁移及消费者兼容窗口
ADMIN_API,GET /admin-api/v1/cms/articles,adminCMSGetCmsArticles,R28,FROZEN_V1.2.2,"[{""BearerAuth"":[]}]",AdminCMSGetCmsArticlesParameters,AdminCMSGetCmsArticlesResponse,否,ADM-CMS-001;ADM-CMS-002;ADM-CMS-003,contracts/admin-openapi.yaml,15901429eb345df1a78295ef5fdcaf5210a982a3e411b0a9a77913706a5014fd,2026-07-16,非破坏性扩展；破坏性变更必须CR、新API版本、迁移及消费者兼容窗口
ADMIN_API,POST /admin-api/v1/cms/articles,adminCMSPostCmsArticles,R28,FROZEN_V1.2.2,"[{""BearerAuth"":[]}]",AdminCMSPostCmsArticlesRequest,AdminCMSPostCmsArticlesResponse,是,ADM-CMS-001;ADM-CMS-002;ADM-CMS-003,contracts/admin-openapi.yaml,15901429eb345df1a78295ef5fdcaf5210a982a3e411b0a9a77913706a5014fd,2026-07-16,非破坏性扩展；破坏性变更必须CR、新API版本、迁移及消费者兼容窗口
ADMIN_API,GET /admin-api/v1/cms/h5-pages,adminCMSGetCmsH5Pages,R28,FROZEN_V1.2.2,"[{""BearerAuth"":[]}]",AdminCMSGetCmsH5PagesParameters,AdminCMSGetCmsH5PagesResponse,否,ADM-CMS-001;ADM-CMS-002;ADM-CMS-003,contracts/admin-openapi.yaml,15901429eb345df1a78295ef5fdcaf5210a982a3e411b0a9a77913706a5014fd,2026-07-16,非破坏性扩展；破坏性变更必须CR、新API版本、迁移及消费者兼容窗口
ADMIN_API,PUT /admin-api/v1/cms/h5-pages/{code},adminCMSPutCmsH5PagesByCode,R28,FROZEN_V1.2.2,"[{""BearerAuth"":[]}]",AdminCMSPutCmsH5PagesByCodeRequest,AdminCMSPutCmsH5PagesByCodeResponse,是,ADM-CMS-001;ADM-CMS-002;ADM-CMS-003,contracts/admin-openapi.yaml,15901429eb345df1a78295ef5fdcaf5210a982a3e411b0a9a77913706a5014fd,2026-07-16,非破坏性扩展；破坏性变更必须CR、新API版本、迁移及消费者兼容窗口
ADMIN_API,GET /admin-api/v1/agreements,adminAgreementsGetAgreements,R28,FROZEN_V1.2.2,"[{""BearerAuth"":[]}]",AdminAgreementsGetAgreementsParameters,AdminAgreementsGetAgreementsResponse,否,ADM-CMS-003,contracts/admin-openapi.yaml,15901429eb345df1a78295ef5fdcaf5210a982a3e411b0a9a77913706a5014fd,2026-07-16,非破坏性扩展；破坏性变更必须CR、新API版本、迁移及消费者兼容窗口
ADMIN_API,POST /admin-api/v1/agreements/{code}/versions,adminAgreementsPostAgreementsByCodeVersions,R28,FROZEN_V1.2.2,"[{""BearerAuth"":[]}]",AdminAgreementsPostAgreementsByCodeVersionsRequest,AdminAgreementsPostAgreementsByCodeVersionsResponse,是,ADM-CMS-003,contracts/admin-openapi.yaml,15901429eb345df1a78295ef5fdcaf5210a982a3e411b0a9a77913706a5014fd,2026-07-16,非破坏性扩展；破坏性变更必须CR、新API版本、迁移及消费者兼容窗口
ADMIN_API,GET /admin-api/v1/app-versions,adminAppReleaseGetAppVersions,R29,FROZEN_V1.2.2,"[{""BearerAuth"":[]}]",AdminAppReleaseGetAppVersionsParameters,AdminAppReleaseGetAppVersionsResponse,否,ADM-APP-001,contracts/admin-openapi.yaml,15901429eb345df1a78295ef5fdcaf5210a982a3e411b0a9a77913706a5014fd,2026-07-16,非破坏性扩展；破坏性变更必须CR、新API版本、迁移及消费者兼容窗口
ADMIN_API,POST /admin-api/v1/app-versions,adminAppReleasePostAppVersions,R29,FROZEN_V1.2.2,"[{""BearerAuth"":[]}]",AdminAppReleasePostAppVersionsRequest,AdminAppReleasePostAppVersionsResponse,是,ADM-APP-001,contracts/admin-openapi.yaml,15901429eb345df1a78295ef5fdcaf5210a982a3e411b0a9a77913706a5014fd,2026-07-16,非破坏性扩展；破坏性变更必须CR、新API版本、迁移及消费者兼容窗口
ADMIN_API,POST /admin-api/v1/app-versions/{id}/publish,adminAppReleasePostAppVersionsByIdPublish,R29,FROZEN_V1.2.2,"[{""BearerAuth"":[]}]",AdminAppReleasePostAppVersionsByIdPublishRequest,AdminAppReleasePostAppVersionsByIdPublishResponse,是,ADM-APP-001,contracts/admin-openapi.yaml,15901429eb345df1a78295ef5fdcaf5210a982a3e411b0a9a77913706a5014fd,2026-07-16,非破坏性扩展；破坏性变更必须CR、新API版本、迁移及消费者兼容窗口
ADMIN_API,GET /admin-api/v1/risk/events,adminRiskGetRiskEvents,R31,FROZEN_V1.2.2,"[{""BearerAuth"":[]}]",AdminRiskGetRiskEventsParameters,AdminRiskGetRiskEventsResponse,否,ADM-RISK-001;ADM-RISK-002,contracts/admin-openapi.yaml,15901429eb345df1a78295ef5fdcaf5210a982a3e411b0a9a77913706a5014fd,2026-07-16,非破坏性扩展；破坏性变更必须CR、新API版本、迁移及消费者兼容窗口
ADMIN_API,POST /admin-api/v1/risk/events/{id}/decide,adminRiskPostRiskEventsByIdDecide,R31,FROZEN_V1.2.2,"[{""BearerAuth"":[]}]",AdminRiskPostRiskEventsByIdDecideRequest,AdminRiskPostRiskEventsByIdDecideResponse,是,ADM-RISK-001;ADM-RISK-002,contracts/admin-openapi.yaml,15901429eb345df1a78295ef5fdcaf5210a982a3e411b0a9a77913706a5014fd,2026-07-16,非破坏性扩展；破坏性变更必须CR、新API版本、迁移及消费者兼容窗口
ADMIN_API,GET /admin-api/v1/risk/rule-versions,adminRiskGetRiskRuleVersions,R31,FROZEN_V1.2.2,"[{""BearerAuth"":[]}]",AdminRiskGetRiskRuleVersionsParameters,AdminRiskGetRiskRuleVersionsResponse,否,ADM-RISK-001;ADM-RISK-002,contracts/admin-openapi.yaml,15901429eb345df1a78295ef5fdcaf5210a982a3e411b0a9a77913706a5014fd,2026-07-16,非破坏性扩展；破坏性变更必须CR、新API版本、迁移及消费者兼容窗口
ADMIN_API,POST /admin-api/v1/risk/rule-versions,adminRiskPostRiskRuleVersions,R31,FROZEN_V1.2.2,"[{""BearerAuth"":[]}]",AdminRiskPostRiskRuleVersionsRequest,AdminRiskPostRiskRuleVersionsResponse,是,ADM-RISK-001,contracts/admin-openapi.yaml,15901429eb345df1a78295ef5fdcaf5210a982a3e411b0a9a77913706a5014fd,2026-07-16,非破坏性扩展；破坏性变更必须CR、新API版本、迁移及消费者兼容窗口
ADMIN_API,GET /admin-api/v1/risk/blacklists,adminRiskGetRiskBlacklists,R31,FROZEN_V1.2.2,"[{""BearerAuth"":[]}]",AdminRiskGetRiskBlacklistsParameters,AdminRiskGetRiskBlacklistsResponse,否,ADM-RISK-001;ADM-RISK-002,contracts/admin-openapi.yaml,15901429eb345df1a78295ef5fdcaf5210a982a3e411b0a9a77913706a5014fd,2026-07-16,非破坏性扩展；破坏性变更必须CR、新API版本、迁移及消费者兼容窗口
ADMIN_API,POST /admin-api/v1/risk/blacklists,adminRiskPostRiskBlacklists,R31,FROZEN_V1.2.2,"[{""BearerAuth"":[]}]",AdminRiskPostRiskBlacklistsRequest,AdminRiskPostRiskBlacklistsResponse,是,ADM-RISK-001,contracts/admin-openapi.yaml,15901429eb345df1a78295ef5fdcaf5210a982a3e411b0a9a77913706a5014fd,2026-07-16,非破坏性扩展；破坏性变更必须CR、新API版本、迁移及消费者兼容窗口
ADMIN_API,DELETE /admin-api/v1/risk/blacklists/{id},adminRiskDeleteRiskBlacklistsById,R31,FROZEN_V1.2.2,"[{""BearerAuth"":[]}]",AdminRiskDeleteRiskBlacklistsByIdParameters,AdminRiskDeleteRiskBlacklistsByIdResponse,是,ADM-RISK-001;ADM-RISK-002,contracts/admin-openapi.yaml,15901429eb345df1a78295ef5fdcaf5210a982a3e411b0a9a77913706a5014fd,2026-07-16,非破坏性扩展；破坏性变更必须CR、新API版本、迁移及消费者兼容窗口
ADMIN_API,GET /admin-api/v1/configs,adminConfigGetConfigs,R30,FROZEN_V1.2.2,"[{""BearerAuth"":[]}]",AdminConfigGetConfigsParameters,AdminConfigGetConfigsResponse,否,ADM-CONFIG-001;ADM-CONFIG-002;ADM-CONFIG-003;ADM-CONFIG-004;ADM-CONFIG-005;ADM-CONFIG-006;ADM-CONFIG-007;ADM-CONFIG-008,contracts/admin-openapi.yaml,15901429eb345df1a78295ef5fdcaf5210a982a3e411b0a9a77913706a5014fd,2026-07-16,非破坏性扩展；破坏性变更必须CR、新API版本、迁移及消费者兼容窗口
ADMIN_API,PUT /admin-api/v1/configs/{key},adminConfigPutConfigsByKey,R30,FROZEN_V1.2.2,"[{""BearerAuth"":[]}]",AdminConfigPutConfigsByKeyRequest,AdminConfigPutConfigsByKeyResponse,是,ADM-CONFIG-001;ADM-CONFIG-003;ADM-CONFIG-004;ADM-CONFIG-005;ADM-CONFIG-006;ADM-CONFIG-007;ADM-CONFIG-008,contracts/admin-openapi.yaml,15901429eb345df1a78295ef5fdcaf5210a982a3e411b0a9a77913706a5014fd,2026-07-16,非破坏性扩展；破坏性变更必须CR、新API版本、迁移及消费者兼容窗口
ADMIN_API,GET /admin-api/v1/feature-flags,adminConfigGetFeatureFlags,R30,FROZEN_V1.2.2,"[{""BearerAuth"":[]}]",AdminConfigGetFeatureFlagsParameters,AdminConfigGetFeatureFlagsResponse,否,ADM-CONFIG-001;ADM-CONFIG-002;ADM-CONFIG-003;ADM-CONFIG-004;ADM-CONFIG-005;ADM-CONFIG-006;ADM-CONFIG-007;ADM-CONFIG-008,contracts/admin-openapi.yaml,15901429eb345df1a78295ef5fdcaf5210a982a3e411b0a9a77913706a5014fd,2026-07-16,非破坏性扩展；破坏性变更必须CR、新API版本、迁移及消费者兼容窗口
ADMIN_API,PUT /admin-api/v1/feature-flags/{key},adminConfigPutFeatureFlagsByKey,R30,FROZEN_V1.2.2,"[{""BearerAuth"":[]}]",AdminConfigPutFeatureFlagsByKeyRequest,AdminConfigPutFeatureFlagsByKeyResponse,是,ADM-CONFIG-001;ADM-CONFIG-003;ADM-CONFIG-004;ADM-CONFIG-005;ADM-CONFIG-006;ADM-CONFIG-007;ADM-CONFIG-008,contracts/admin-openapi.yaml,15901429eb345df1a78295ef5fdcaf5210a982a3e411b0a9a77913706a5014fd,2026-07-16,非破坏性扩展；破坏性变更必须CR、新API版本、迁移及消费者兼容窗口
ADMIN_API,GET /admin-api/v1/admin-users,adminRBACGetAdminUsers,R30,FROZEN_V1.2.2,"[{""BearerAuth"":[]}]",AdminRBACGetAdminUsersParameters,AdminRBACGetAdminUsersResponse,否,ADM-RBAC-001,contracts/admin-openapi.yaml,15901429eb345df1a78295ef5fdcaf5210a982a3e411b0a9a77913706a5014fd,2026-07-16,非破坏性扩展；破坏性变更必须CR、新API版本、迁移及消费者兼容窗口
ADMIN_API,POST /admin-api/v1/admin-users,adminRBACPostAdminUsers,R30,FROZEN_V1.2.2,"[{""BearerAuth"":[]}]",AdminRBACPostAdminUsersRequest,AdminRBACPostAdminUsersResponse,是,ADM-RBAC-001,contracts/admin-openapi.yaml,15901429eb345df1a78295ef5fdcaf5210a982a3e411b0a9a77913706a5014fd,2026-07-16,非破坏性扩展；破坏性变更必须CR、新API版本、迁移及消费者兼容窗口
ADMIN_API,GET /admin-api/v1/roles,adminRBACGetRoles,R30,FROZEN_V1.2.2,"[{""BearerAuth"":[]}]",AdminRBACGetRolesParameters,AdminRBACGetRolesResponse,否,ADM-RBAC-001,contracts/admin-openapi.yaml,15901429eb345df1a78295ef5fdcaf5210a982a3e411b0a9a77913706a5014fd,2026-07-16,非破坏性扩展；破坏性变更必须CR、新API版本、迁移及消费者兼容窗口
ADMIN_API,PUT /admin-api/v1/roles/{id}/permissions,adminRBACPutRolesByIdPermissions,R30,FROZEN_V1.2.2,"[{""BearerAuth"":[]}]",AdminRBACPutRolesByIdPermissionsRequest,AdminRBACPutRolesByIdPermissionsResponse,是,ADM-RBAC-001,contracts/admin-openapi.yaml,15901429eb345df1a78295ef5fdcaf5210a982a3e411b0a9a77913706a5014fd,2026-07-16,非破坏性扩展；破坏性变更必须CR、新API版本、迁移及消费者兼容窗口
ADMIN_API,GET /admin-api/v1/audit/logs,adminAuditGetAuditLogs,R30,FROZEN_V1.2.2,"[{""BearerAuth"":[]}]",AdminAuditGetAuditLogsParameters,AdminAuditGetAuditLogsResponse,否,ADM-AUDIT-001,contracts/admin-openapi.yaml,15901429eb345df1a78295ef5fdcaf5210a982a3e411b0a9a77913706a5014fd,2026-07-16,非破坏性扩展；破坏性变更必须CR、新API版本、迁移及消费者兼容窗口
ADMIN_API,GET /admin-api/v1/approvals,adminApprovalsGetApprovals,R30,FROZEN_V1.2.2,"[{""BearerAuth"":[]}]",AdminApprovalsGetApprovalsParameters,AdminApprovalsGetApprovalsResponse,否,ADM-APPROVAL-001,contracts/admin-openapi.yaml,15901429eb345df1a78295ef5fdcaf5210a982a3e411b0a9a77913706a5014fd,2026-07-16,非破坏性扩展；破坏性变更必须CR、新API版本、迁移及消费者兼容窗口
ADMIN_API,POST /admin-api/v1/approvals/{id}/decide,adminApprovalsPostApprovalsByIdDecide,R30,FROZEN_V1.2.2,"[{""BearerAuth"":[]}]",AdminApprovalsPostApprovalsByIdDecideRequest,AdminApprovalsPostApprovalsByIdDecideResponse,是,ADM-APPROVAL-001,contracts/admin-openapi.yaml,15901429eb345df1a78295ef5fdcaf5210a982a3e411b0a9a77913706a5014fd,2026-07-16,非破坏性扩展；破坏性变更必须CR、新API版本、迁移及消费者兼容窗口
ADMIN_API,GET /admin-api/v1/jobs,adminJobsGetJobs,R30,FROZEN_V1.2.2,"[{""BearerAuth"":[]}]",AdminJobsGetJobsParameters,AdminJobsGetJobsResponse,否,ADM-JOB-001,contracts/admin-openapi.yaml,15901429eb345df1a78295ef5fdcaf5210a982a3e411b0a9a77913706a5014fd,2026-07-16,非破坏性扩展；破坏性变更必须CR、新API版本、迁移及消费者兼容窗口
ADMIN_API,POST /admin-api/v1/jobs/{code}/run,adminJobsPostJobsByCodeRun,R30,FROZEN_V1.2.2,"[{""BearerAuth"":[]}]",AdminJobsPostJobsByCodeRunRequest,AdminJobsPostJobsByCodeRunResponse,是,ADM-JOB-001,contracts/admin-openapi.yaml,15901429eb345df1a78295ef5fdcaf5210a982a3e411b0a9a77913706a5014fd,2026-07-16,非破坏性扩展；破坏性变更必须CR、新API版本、迁移及消费者兼容窗口
ADMIN_API,GET /admin-api/v1/provider-configs,adminProviderConfigGetProviderConfigs,R03,FROZEN_V1.2.2,"[{""BearerAuth"":[]}]",AdminProviderConfigGetProviderConfigsParameters,AdminProviderConfigGetProviderConfigsResponse,否,ADM-CONFIG-001;ADM-CONFIG-002;ADM-CONFIG-003;ADM-CONFIG-004;ADM-CONFIG-005;ADM-CONFIG-006;ADM-CONFIG-007;ADM-CONFIG-008,contracts/admin-openapi.yaml,15901429eb345df1a78295ef5fdcaf5210a982a3e411b0a9a77913706a5014fd,2026-07-16,非破坏性扩展；破坏性变更必须CR、新API版本、迁移及消费者兼容窗口
ADMIN_API,GET /admin-api/v1/provider-configs/{provider},adminProviderConfigGetProviderConfigsByProvider,R03,FROZEN_V1.2.2,"[{""BearerAuth"":[]}]",AdminProviderConfigGetProviderConfigsByProviderParameters,AdminProviderConfigGetProviderConfigsByProviderResponse,否,ADM-CONFIG-001;ADM-CONFIG-002;ADM-CONFIG-003;ADM-CONFIG-004;ADM-CONFIG-005;ADM-CONFIG-006;ADM-CONFIG-007;ADM-CONFIG-008,contracts/admin-openapi.yaml,15901429eb345df1a78295ef5fdcaf5210a982a3e411b0a9a77913706a5014fd,2026-07-16,非破坏性扩展；破坏性变更必须CR、新API版本、迁移及消费者兼容窗口
ADMIN_API,POST /admin-api/v1/provider-configs/{provider}/versions,adminProviderConfigPostProviderConfigsByProviderVersions,R03,FROZEN_V1.2.2,"[{""BearerAuth"":[]}]",AdminProviderConfigPostProviderConfigsByProviderVersionsRequest,AdminProviderConfigPostProviderConfigsByProviderVersionsResponse,是,ADM-CONFIG-001;ADM-CONFIG-003;ADM-CONFIG-004;ADM-CONFIG-005;ADM-CONFIG-006;ADM-CONFIG-007;ADM-CONFIG-008,contracts/admin-openapi.yaml,15901429eb345df1a78295ef5fdcaf5210a982a3e411b0a9a77913706a5014fd,2026-07-16,非破坏性扩展；破坏性变更必须CR、新API版本、迁移及消费者兼容窗口
ADMIN_API,POST /admin-api/v1/provider-configs/{provider}/test,adminProviderConfigPostProviderConfigsByProviderTest,R03,FROZEN_V1.2.2,"[{""BearerAuth"":[]}]",AdminProviderConfigPostProviderConfigsByProviderTestRequest,AdminProviderConfigPostProviderConfigsByProviderTestResponse,是,ADM-CONFIG-001;ADM-CONFIG-003;ADM-CONFIG-004;ADM-CONFIG-005;ADM-CONFIG-006;ADM-CONFIG-007;ADM-CONFIG-008,contracts/admin-openapi.yaml,15901429eb345df1a78295ef5fdcaf5210a982a3e411b0a9a77913706a5014fd,2026-07-16,非破坏性扩展；破坏性变更必须CR、新API版本、迁移及消费者兼容窗口
ADMIN_API,POST /admin-api/v1/provider-configs/{provider}/activate,adminProviderConfigPostProviderConfigsByProviderActivate,R03,FROZEN_V1.2.2,"[{""BearerAuth"":[]}]",AdminProviderConfigPostProviderConfigsByProviderActivateRequest,AdminProviderConfigPostProviderConfigsByProviderActivateResponse,是,ADM-CONFIG-002,contracts/admin-openapi.yaml,15901429eb345df1a78295ef5fdcaf5210a982a3e411b0a9a77913706a5014fd,2026-07-16,非破坏性扩展；破坏性变更必须CR、新API版本、迁移及消费者兼容窗口
ADMIN_API,POST /admin-api/v1/provider-configs/{provider}/rollback,adminProviderConfigPostProviderConfigsByProviderRollback,R03,FROZEN_V1.2.2,"[{""BearerAuth"":[]}]",AdminProviderConfigPostProviderConfigsByProviderRollbackRequest,AdminProviderConfigPostProviderConfigsByProviderRollbackResponse,是,ADM-CONFIG-002,contracts/admin-openapi.yaml,15901429eb345df1a78295ef5fdcaf5210a982a3e411b0a9a77913706a5014fd,2026-07-16,非破坏性扩展；破坏性变更必须CR、新API版本、迁移及消费者兼容窗口
ADMIN_API,POST /admin-api/v1/provider-certificates,adminProviderCertificatePostProviderCertificates,R03,FROZEN_V1.2.2,"[{""BearerAuth"":[]}]",AdminProviderCertificatePostProviderCertificatesRequest,AdminProviderCertificatePostProviderCertificatesResponse,是,ADM-CONFIG-002,contracts/admin-openapi.yaml,15901429eb345df1a78295ef5fdcaf5210a982a3e411b0a9a77913706a5014fd,2026-07-16,非破坏性扩展；破坏性变更必须CR、新API版本、迁移及消费者兼容窗口
ADMIN_API,GET /admin-api/v1/provider-certificates,adminProviderCertificateGetProviderCertificates,R03,FROZEN_V1.2.2,"[{""BearerAuth"":[]}]",AdminProviderCertificateGetProviderCertificatesParameters,AdminProviderCertificateGetProviderCertificatesResponse,否,ADM-CONFIG-002,contracts/admin-openapi.yaml,15901429eb345df1a78295ef5fdcaf5210a982a3e411b0a9a77913706a5014fd,2026-07-16,非破坏性扩展；破坏性变更必须CR、新API版本、迁移及消费者兼容窗口
ADMIN_API,POST /admin-api/v1/provider-certificates/{id}/rotate,adminProviderCertificatePostProviderCertificatesByIdRotate,R03,FROZEN_V1.2.2,"[{""BearerAuth"":[]}]",AdminProviderCertificatePostProviderCertificatesByIdRotateRequest,AdminProviderCertificatePostProviderCertificatesByIdRotateResponse,是,ADM-CONFIG-002,contracts/admin-openapi.yaml,15901429eb345df1a78295ef5fdcaf5210a982a3e411b0a9a77913706a5014fd,2026-07-16,非破坏性扩展；破坏性变更必须CR、新API版本、迁移及消费者兼容窗口
ADMIN_API,GET /admin-api/v1/domains,adminDomainConfigGetDomains,R03,FROZEN_V1.2.2,"[{""BearerAuth"":[]}]",AdminDomainConfigGetDomainsParameters,AdminDomainConfigGetDomainsResponse,否,ADM-CONFIG-002,contracts/admin-openapi.yaml,15901429eb345df1a78295ef5fdcaf5210a982a3e411b0a9a77913706a5014fd,2026-07-16,非破坏性扩展；破坏性变更必须CR、新API版本、迁移及消费者兼容窗口
ADMIN_API,PUT /admin-api/v1/domains/{code},adminDomainConfigPutDomainsByCode,R03,FROZEN_V1.2.2,"[{""BearerAuth"":[]}]",AdminDomainConfigPutDomainsByCodeRequest,AdminDomainConfigPutDomainsByCodeResponse,是,ADM-CONFIG-008,contracts/admin-openapi.yaml,15901429eb345df1a78295ef5fdcaf5210a982a3e411b0a9a77913706a5014fd,2026-07-16,非破坏性扩展；破坏性变更必须CR、新API版本、迁移及消费者兼容窗口
ADMIN_API,GET /admin-api/v1/domains/dns-actions,adminDomainConfigGetDomainsDnsActions,R03,FROZEN_V1.2.2,"[{""BearerAuth"":[]}]",AdminDomainConfigGetDomainsDnsActionsParameters,AdminDomainConfigGetDomainsDnsActionsResponse,否,ADM-CONFIG-002,contracts/admin-openapi.yaml,15901429eb345df1a78295ef5fdcaf5210a982a3e411b0a9a77913706a5014fd,2026-07-16,非破坏性扩展；破坏性变更必须CR、新API版本、迁移及消费者兼容窗口
ADMIN_API,POST /admin-api/v1/domains/{code}/verify,adminDomainConfigPostDomainsByCodeVerify,R03,FROZEN_V1.2.2,"[{""BearerAuth"":[]}]",AdminDomainConfigPostDomainsByCodeVerifyRequest,AdminDomainConfigPostDomainsByCodeVerifyResponse,是,ADM-CONFIG-008,contracts/admin-openapi.yaml,15901429eb345df1a78295ef5fdcaf5210a982a3e411b0a9a77913706a5014fd,2026-07-16,非破坏性扩展；破坏性变更必须CR、新API版本、迁移及消费者兼容窗口
ADMIN_API,GET /admin-api/v1/app-build/profiles,adminAppBuildProfileGetAppBuildProfiles,R29,FROZEN_V1.2.2,"[{""BearerAuth"":[]}]",AdminAppBuildProfileGetAppBuildProfilesParameters,AdminAppBuildProfileGetAppBuildProfilesResponse,否,ADM-BUILD-001;ADM-BUILD-002;ADM-BUILD-003;ADM-BUILD-004;ADM-BUILD-005;ADM-BUILD-006;ADM-BUILD-007,contracts/admin-openapi.yaml,15901429eb345df1a78295ef5fdcaf5210a982a3e411b0a9a77913706a5014fd,2026-07-16,非破坏性扩展；破坏性变更必须CR、新API版本、迁移及消费者兼容窗口
ADMIN_API,POST /admin-api/v1/app-build/profiles,adminAppBuildProfilePostAppBuildProfiles,R29,FROZEN_V1.2.2,"[{""BearerAuth"":[]}]",AdminAppBuildProfilePostAppBuildProfilesRequest,AdminAppBuildProfilePostAppBuildProfilesResponse,是,ADM-BUILD-001;ADM-BUILD-003;ADM-BUILD-005;ADM-BUILD-006;ADM-BUILD-007,contracts/admin-openapi.yaml,15901429eb345df1a78295ef5fdcaf5210a982a3e411b0a9a77913706a5014fd,2026-07-16,非破坏性扩展；破坏性变更必须CR、新API版本、迁移及消费者兼容窗口
ADMIN_API,PUT /admin-api/v1/app-build/profiles/{id},adminAppBuildProfilePutAppBuildProfilesById,R29,FROZEN_V1.2.2,"[{""BearerAuth"":[]}]",AdminAppBuildProfilePutAppBuildProfilesByIdRequest,AdminAppBuildProfilePutAppBuildProfilesByIdResponse,是,ADM-BUILD-001;ADM-BUILD-002;ADM-BUILD-003;ADM-BUILD-005;ADM-BUILD-006;ADM-BUILD-007,contracts/admin-openapi.yaml,15901429eb345df1a78295ef5fdcaf5210a982a3e411b0a9a77913706a5014fd,2026-07-16,非破坏性扩展；破坏性变更必须CR、新API版本、迁移及消费者兼容窗口
ADMIN_API,GET /admin-api/v1/app-build/jobs,adminAppBuildJobGetAppBuildJobs,R29,FROZEN_V1.2.2,"[{""BearerAuth"":[]}]",AdminAppBuildJobGetAppBuildJobsParameters,AdminAppBuildJobGetAppBuildJobsResponse,否,ADM-BUILD-001;ADM-BUILD-002;ADM-BUILD-003;ADM-BUILD-004;ADM-BUILD-005;ADM-BUILD-006;ADM-BUILD-007,contracts/admin-openapi.yaml,15901429eb345df1a78295ef5fdcaf5210a982a3e411b0a9a77913706a5014fd,2026-07-16,非破坏性扩展；破坏性变更必须CR、新API版本、迁移及消费者兼容窗口
ADMIN_API,POST /admin-api/v1/app-build/jobs,adminAppBuildJobPostAppBuildJobs,R29,FROZEN_V1.2.2,"[{""BearerAuth"":[]}]",AdminAppBuildJobPostAppBuildJobsRequest,AdminAppBuildJobPostAppBuildJobsResponse,是,ADM-BUILD-001;ADM-BUILD-003;ADM-BUILD-005;ADM-BUILD-006;ADM-BUILD-007,contracts/admin-openapi.yaml,15901429eb345df1a78295ef5fdcaf5210a982a3e411b0a9a77913706a5014fd,2026-07-16,非破坏性扩展；破坏性变更必须CR、新API版本、迁移及消费者兼容窗口
ADMIN_API,GET /admin-api/v1/app-build/jobs/{id},adminAppBuildJobGetAppBuildJobsById,R29,FROZEN_V1.2.2,"[{""BearerAuth"":[]}]",AdminAppBuildJobGetAppBuildJobsByIdParameters,AdminAppBuildJobGetAppBuildJobsByIdResponse,否,ADM-BUILD-001;ADM-BUILD-002;ADM-BUILD-003;ADM-BUILD-004;ADM-BUILD-005;ADM-BUILD-006;ADM-BUILD-007,contracts/admin-openapi.yaml,15901429eb345df1a78295ef5fdcaf5210a982a3e411b0a9a77913706a5014fd,2026-07-16,非破坏性扩展；破坏性变更必须CR、新API版本、迁移及消费者兼容窗口
ADMIN_API,GET /admin-api/v1/app-build/jobs/{id}/logs,adminAppBuildJobGetAppBuildJobsByIdLogs,R29,FROZEN_V1.2.2,"[{""BearerAuth"":[]}]",AdminAppBuildJobGetAppBuildJobsByIdLogsParameters,AdminAppBuildJobGetAppBuildJobsByIdLogsResponse,否,ADM-BUILD-001;ADM-BUILD-002;ADM-BUILD-003;ADM-BUILD-004;ADM-BUILD-005;ADM-BUILD-006;ADM-BUILD-007,contracts/admin-openapi.yaml,15901429eb345df1a78295ef5fdcaf5210a982a3e411b0a9a77913706a5014fd,2026-07-16,非破坏性扩展；破坏性变更必须CR、新API版本、迁移及消费者兼容窗口
ADMIN_API,POST /admin-api/v1/app-build/jobs/{id}/cancel,adminAppBuildJobPostAppBuildJobsByIdCancel,R29,FROZEN_V1.2.2,"[{""BearerAuth"":[]}]",AdminAppBuildJobPostAppBuildJobsByIdCancelRequest,AdminAppBuildJobPostAppBuildJobsByIdCancelResponse,是,ADM-BUILD-001;ADM-BUILD-002;ADM-BUILD-003;ADM-BUILD-005;ADM-BUILD-006;ADM-BUILD-007,contracts/admin-openapi.yaml,15901429eb345df1a78295ef5fdcaf5210a982a3e411b0a9a77913706a5014fd,2026-07-16,非破坏性扩展；破坏性变更必须CR、新API版本、迁移及消费者兼容窗口
ADMIN_API,POST /admin-api/v1/app-build/jobs/{id}/retry,adminAppBuildJobPostAppBuildJobsByIdRetry,R29,FROZEN_V1.2.2,"[{""BearerAuth"":[]}]",AdminAppBuildJobPostAppBuildJobsByIdRetryRequest,AdminAppBuildJobPostAppBuildJobsByIdRetryResponse,是,ADM-BUILD-002,contracts/admin-openapi.yaml,15901429eb345df1a78295ef5fdcaf5210a982a3e411b0a9a77913706a5014fd,2026-07-16,非破坏性扩展；破坏性变更必须CR、新API版本、迁移及消费者兼容窗口
ADMIN_API,GET /admin-api/v1/app-build/artifacts,adminAppBuildArtifactGetAppBuildArtifacts,R29,FROZEN_V1.2.2,"[{""BearerAuth"":[]}]",AdminAppBuildArtifactGetAppBuildArtifactsParameters,AdminAppBuildArtifactGetAppBuildArtifactsResponse,否,ADM-BUILD-002;ADM-BUILD-004,contracts/admin-openapi.yaml,15901429eb345df1a78295ef5fdcaf5210a982a3e411b0a9a77913706a5014fd,2026-07-16,非破坏性扩展；破坏性变更必须CR、新API版本、迁移及消费者兼容窗口
ADMIN_API,GET /admin-api/v1/app-build/artifacts/{id}/download,adminAppBuildArtifactGetAppBuildArtifactsByIdDownload,R29,FROZEN_V1.2.2,"[{""BearerAuth"":[]}]",AdminAppBuildArtifactGetAppBuildArtifactsByIdDownloadParameters,AdminAppBuildArtifactGetAppBuildArtifactsByIdDownloadResponse,否,ADM-BUILD-004,contracts/admin-openapi.yaml,15901429eb345df1a78295ef5fdcaf5210a982a3e411b0a9a77913706a5014fd,2026-07-16,非破坏性扩展；破坏性变更必须CR、新API版本、迁移及消费者兼容窗口
ADMIN_API,POST /admin-api/v1/app-build/jobs/{id}/publish-staging,adminAppBuildReleasePostAppBuildJobsByIdPublishStaging,R29,FROZEN_V1.2.2,"[{""BearerAuth"":[]}]",AdminAppBuildReleasePostAppBuildJobsByIdPublishStagingRequest,AdminAppBuildReleasePostAppBuildJobsByIdPublishStagingResponse,是,ADM-BUILD-007,contracts/admin-openapi.yaml,15901429eb345df1a78295ef5fdcaf5210a982a3e411b0a9a77913706a5014fd,2026-07-16,非破坏性扩展；破坏性变更必须CR、新API版本、迁移及消费者兼容窗口
ADMIN_API,POST /admin-api/v1/app-build/jobs/{id}/promote,adminAppBuildReleasePostAppBuildJobsByIdPromote,R29,FROZEN_V1.2.2,"[{""BearerAuth"":[]}]",AdminAppBuildReleasePostAppBuildJobsByIdPromoteRequest,AdminAppBuildReleasePostAppBuildJobsByIdPromoteResponse,是,ADM-BUILD-007,contracts/admin-openapi.yaml,15901429eb345df1a78295ef5fdcaf5210a982a3e411b0a9a77913706a5014fd,2026-07-16,非破坏性扩展；破坏性变更必须CR、新API版本、迁移及消费者兼容窗口
ADMIN_API,GET /admin-api/v1/app-build/signing-profiles,adminAppSigningGetAppBuildSigningProfiles,R29,FROZEN_V1.2.2,"[{""BearerAuth"":[]}]",AdminAppSigningGetAppBuildSigningProfilesParameters,AdminAppSigningGetAppBuildSigningProfilesResponse,否,ADM-BUILD-004,contracts/admin-openapi.yaml,15901429eb345df1a78295ef5fdcaf5210a982a3e411b0a9a77913706a5014fd,2026-07-16,非破坏性扩展；破坏性变更必须CR、新API版本、迁移及消费者兼容窗口
ADMIN_API,POST /admin-api/v1/app-build/signing-profiles,adminAppSigningPostAppBuildSigningProfiles,R29,FROZEN_V1.2.2,"[{""BearerAuth"":[]}]",AdminAppSigningPostAppBuildSigningProfilesRequest,AdminAppSigningPostAppBuildSigningProfilesResponse,是,ADM-BUILD-003,contracts/admin-openapi.yaml,15901429eb345df1a78295ef5fdcaf5210a982a3e411b0a9a77913706a5014fd,2026-07-16,非破坏性扩展；破坏性变更必须CR、新API版本、迁移及消费者兼容窗口
ADMIN_API,POST /admin-api/v1/app-build/signing-profiles/{id}/test,adminAppSigningPostAppBuildSigningProfilesByIdTest,R29,FROZEN_V1.2.2,"[{""BearerAuth"":[]}]",AdminAppSigningPostAppBuildSigningProfilesByIdTestRequest,AdminAppSigningPostAppBuildSigningProfilesByIdTestResponse,是,ADM-BUILD-003,contracts/admin-openapi.yaml,15901429eb345df1a78295ef5fdcaf5210a982a3e411b0a9a77913706a5014fd,2026-07-16,非破坏性扩展；破坏性变更必须CR、新API版本、迁移及消费者兼容窗口
ADMIN_API,GET /admin-api/v1/accounting/transactions,adminAccountingGetTransactions,R24,FROZEN_V1.2.2,"[{""BearerAuth"":[]}]",AdminAccountingGetTransactionsParameters,AdminAccountingGetTransactionsResponse,否,ADM-ACCOUNTING-001,contracts/admin-openapi.yaml,15901429eb345df1a78295ef5fdcaf5210a982a3e411b0a9a77913706a5014fd,2026-07-16,非破坏性扩展；破坏性变更必须CR、新API版本、迁移及消费者兼容窗口
ADMIN_API,GET /admin-api/v1/accounting/transactions/{id},adminAccountingGetTransactionById,R24,FROZEN_V1.2.2,"[{""BearerAuth"":[]}]",AdminAccountingGetTransactionByIdParameters,AdminAccountingGetTransactionByIdResponse,否,ADM-ACCOUNTING-002,contracts/admin-openapi.yaml,15901429eb345df1a78295ef5fdcaf5210a982a3e411b0a9a77913706a5014fd,2026-07-16,非破坏性扩展；破坏性变更必须CR、新API版本、迁移及消费者兼容窗口
ADMIN_API,GET /admin-api/v1/accounting/entries,adminAccountingGetEntries,R24,FROZEN_V1.2.2,"[{""BearerAuth"":[]}]",AdminAccountingGetEntriesParameters,AdminAccountingGetEntriesResponse,否,ADM-ACCOUNTING-001,contracts/admin-openapi.yaml,15901429eb345df1a78295ef5fdcaf5210a982a3e411b0a9a77913706a5014fd,2026-07-16,非破坏性扩展；破坏性变更必须CR、新API版本、迁移及消费者兼容窗口
ADMIN_API,POST /admin-api/v1/accounting/transactions/{id}/reversals,adminAccountingPostReversal,R24,FROZEN_V1.2.2,"[{""BearerAuth"":[]}]",AccountingReversalRequest,AdminAccountingPostReversalResponse,是,ADM-ACCOUNTING-002,contracts/admin-openapi.yaml,15901429eb345df1a78295ef5fdcaf5210a982a3e411b0a9a77913706a5014fd,2026-07-16,非破坏性扩展；破坏性变更必须CR、新API版本、迁移及消费者兼容窗口
ADMIN_API,GET /admin-api/v1/risk-rule-versions,adminRiskRulesGetVersions,R31,FROZEN_V1.2.2,"[{""BearerAuth"":[]}]",AdminRiskRulesGetVersionsParameters,AdminRiskRulesGetVersionsResponse,否,ADM-RISK-003,contracts/admin-openapi.yaml,15901429eb345df1a78295ef5fdcaf5210a982a3e411b0a9a77913706a5014fd,2026-07-16,非破坏性扩展；破坏性变更必须CR、新API版本、迁移及消费者兼容窗口
ADMIN_API,POST /admin-api/v1/risk-rule-versions,adminRiskRulesPostVersion,R31,FROZEN_V1.2.2,"[{""BearerAuth"":[]}]",RiskRuleCreateRequest,AdminRiskRulesPostVersionResponse,是,ADM-RISK-003,contracts/admin-openapi.yaml,15901429eb345df1a78295ef5fdcaf5210a982a3e411b0a9a77913706a5014fd,2026-07-16,非破坏性扩展；破坏性变更必须CR、新API版本、迁移及消费者兼容窗口
ADMIN_API,POST /admin-api/v1/risk-rule-versions/{id}/simulate,adminRiskRulesPostSimulation,R31,FROZEN_V1.2.2,"[{""BearerAuth"":[]}]",RiskSimulationRequest,AdminRiskRulesPostSimulationResponse,是,ADM-RISK-004,contracts/admin-openapi.yaml,15901429eb345df1a78295ef5fdcaf5210a982a3e411b0a9a77913706a5014fd,2026-07-16,非破坏性扩展；破坏性变更必须CR、新API版本、迁移及消费者兼容窗口
ADMIN_API,POST /admin-api/v1/risk-rule-versions/{id}/activate,adminRiskRulesPostActivate,R31,FROZEN_V1.2.2,"[{""BearerAuth"":[]}]",RiskRuleActivateRequest,AdminRiskRulesPostActivateResponse,是,ADM-RISK-003,contracts/admin-openapi.yaml,15901429eb345df1a78295ef5fdcaf5210a982a3e411b0a9a77913706a5014fd,2026-07-16,非破坏性扩展；破坏性变更必须CR、新API版本、迁移及消费者兼容窗口
ADMIN_API,GET /admin-api/v1/notification-templates,adminNotificationGetTemplates,R30,FROZEN_V1.2.2,"[{""BearerAuth"":[]}]",AdminNotificationGetTemplatesParameters,AdminNotificationGetTemplatesResponse,否,ADM-NOTIFY-001,contracts/admin-openapi.yaml,15901429eb345df1a78295ef5fdcaf5210a982a3e411b0a9a77913706a5014fd,2026-07-16,非破坏性扩展；破坏性变更必须CR、新API版本、迁移及消费者兼容窗口
ADMIN_API,POST /admin-api/v1/notification-templates,adminNotificationPostTemplate,R30,FROZEN_V1.2.2,"[{""BearerAuth"":[]}]",NotificationTemplateCreateRequest,AdminNotificationPostTemplateResponse,是,ADM-NOTIFY-001,contracts/admin-openapi.yaml,15901429eb345df1a78295ef5fdcaf5210a982a3e411b0a9a77913706a5014fd,2026-07-16,非破坏性扩展；破坏性变更必须CR、新API版本、迁移及消费者兼容窗口
ADMIN_API,PATCH /admin-api/v1/notification-templates/{id},adminNotificationPatchTemplate,R30,FROZEN_V1.2.2,"[{""BearerAuth"":[]}]",NotificationTemplatePatchRequest,AdminNotificationPatchTemplateResponse,是,ADM-NOTIFY-001,contracts/admin-openapi.yaml,15901429eb345df1a78295ef5fdcaf5210a982a3e411b0a9a77913706a5014fd,2026-07-16,非破坏性扩展；破坏性变更必须CR、新API版本、迁移及消费者兼容窗口
ADMIN_API,GET /admin-api/v1/notification-deliveries,adminNotificationGetDeliveries,R30,FROZEN_V1.2.2,"[{""BearerAuth"":[]}]",AdminNotificationGetDeliveriesParameters,AdminNotificationGetDeliveriesResponse,否,ADM-NOTIFY-002,contracts/admin-openapi.yaml,15901429eb345df1a78295ef5fdcaf5210a982a3e411b0a9a77913706a5014fd,2026-07-16,非破坏性扩展；破坏性变更必须CR、新API版本、迁移及消费者兼容窗口
ADMIN_API,POST /admin-api/v1/notification-deliveries/{id}/retry,adminNotificationPostDeliveryRetry,R30,FROZEN_V1.2.2,"[{""BearerAuth"":[]}]",NotificationRetryRequest,AdminNotificationPostDeliveryRetryResponse,是,ADM-NOTIFY-002,contracts/admin-openapi.yaml,15901429eb345df1a78295ef5fdcaf5210a982a3e411b0a9a77913706a5014fd,2026-07-16,非破坏性扩展；破坏性变更必须CR、新API版本、迁移及消费者兼容窗口
ADMIN_API,GET /admin-api/v1/export-jobs,adminExportsGetJobs,R30,FROZEN_V1.2.2,"[{""BearerAuth"":[]}]",AdminExportsGetJobsParameters,AdminExportsGetJobsResponse,否,ADM-EXPORT-001,contracts/admin-openapi.yaml,15901429eb345df1a78295ef5fdcaf5210a982a3e411b0a9a77913706a5014fd,2026-07-16,非破坏性扩展；破坏性变更必须CR、新API版本、迁移及消费者兼容窗口
ADMIN_API,POST /admin-api/v1/export-jobs,adminExportsPostJob,R30,FROZEN_V1.2.2,"[{""BearerAuth"":[]}]",ExportJobCreateRequest,AdminExportsPostJobResponse,是,ADM-EXPORT-001,contracts/admin-openapi.yaml,15901429eb345df1a78295ef5fdcaf5210a982a3e411b0a9a77913706a5014fd,2026-07-16,非破坏性扩展；破坏性变更必须CR、新API版本、迁移及消费者兼容窗口
ADMIN_API,GET /admin-api/v1/export-jobs/{id},adminExportsGetJobById,R30,FROZEN_V1.2.2,"[{""BearerAuth"":[]}]",AdminExportsGetJobByIdParameters,AdminExportsGetJobByIdResponse,否,ADM-EXPORT-001,contracts/admin-openapi.yaml,15901429eb345df1a78295ef5fdcaf5210a982a3e411b0a9a77913706a5014fd,2026-07-16,非破坏性扩展；破坏性变更必须CR、新API版本、迁移及消费者兼容窗口
ADMIN_API,POST /admin-api/v1/export-jobs/{id}/download-token,adminExportsPostDownloadToken,R30,FROZEN_V1.2.2,"[{""BearerAuth"":[]}]",AdminExportsPostDownloadTokenParameters,AdminExportsPostDownloadTokenResponse,是,ADM-EXPORT-001,contracts/admin-openapi.yaml,15901429eb345df1a78295ef5fdcaf5210a982a3e411b0a9a77913706a5014fd,2026-07-16,非破坏性扩展；破坏性变更必须CR、新API版本、迁移及消费者兼容窗口
ADMIN_API,GET /admin-api/v1/me/security,adminSelfGetSecurity,R01,FROZEN_V1.2.2,"[{""BearerAuth"":[]}]",NO_BODY_OR_PARAMETERS_ONLY,AdminSelfGetSecurityResponse,否,ADM-SECURITY-001,contracts/admin-openapi.yaml,15901429eb345df1a78295ef5fdcaf5210a982a3e411b0a9a77913706a5014fd,2026-07-16,非破坏性扩展；破坏性变更必须CR、新API版本、迁移及消费者兼容窗口
ADMIN_API,POST /admin-api/v1/me/security/password/change,adminSelfPostPasswordChange,R01,FROZEN_V1.2.2,"[{""BearerAuth"":[]}]",AdminPasswordChangeRequest,AdminSelfPostPasswordChangeResponse,是,ADM-SECURITY-001,contracts/admin-openapi.yaml,15901429eb345df1a78295ef5fdcaf5210a982a3e411b0a9a77913706a5014fd,2026-07-16,非破坏性扩展；破坏性变更必须CR、新API版本、迁移及消费者兼容窗口
ADMIN_API,POST /admin-api/v1/me/security/mfa/enroll,adminSelfPostMfaEnroll,R01,FROZEN_V1.2.2,"[{""BearerAuth"":[]}]",AdminSelfPostMfaEnrollParameters,AdminSelfPostMfaEnrollResponse,是,ADM-SECURITY-001,contracts/admin-openapi.yaml,15901429eb345df1a78295ef5fdcaf5210a982a3e411b0a9a77913706a5014fd,2026-07-16,非破坏性扩展；破坏性变更必须CR、新API版本、迁移及消费者兼容窗口
ADMIN_API,POST /admin-api/v1/me/security/mfa/confirm,adminSelfPostMfaConfirm,R01,FROZEN_V1.2.2,"[{""BearerAuth"":[]}]",MfaConfirmRequest,AdminSelfPostMfaConfirmResponse,是,ADM-SECURITY-001,contracts/admin-openapi.yaml,15901429eb345df1a78295ef5fdcaf5210a982a3e411b0a9a77913706a5014fd,2026-07-16,非破坏性扩展；破坏性变更必须CR、新API版本、迁移及消费者兼容窗口
ADMIN_API,POST /admin-api/v1/me/security/mfa/disable,adminSelfPostMfaDisable,R01,FROZEN_V1.2.2,"[{""BearerAuth"":[]}]",MfaDisableRequest,AdminSelfPostMfaDisableResponse,是,ADM-SECURITY-001,contracts/admin-openapi.yaml,15901429eb345df1a78295ef5fdcaf5210a982a3e411b0a9a77913706a5014fd,2026-07-16,非破坏性扩展；破坏性变更必须CR、新API版本、迁移及消费者兼容窗口
WEBSOCKET,chat.message.send,chat.message.send,R14/R15,FROZEN_V1.2.2,连接Bearer认证+会话撤销+serverSequence,inline:chat.message.send.payload,inline:chat.message.send.payload,是,SCR-CHAT-002;SCR-CHAT-001,contracts/websocket-events.yaml,62eefb4b4ae53f7ae00f2ef4728e80e2905258d0a220d42ea9959787953879af,2026-07-16,只允许向后兼容新增事件/字段；序列语义和ACK协议不得破坏性变更
WEBSOCKET,chat.message.ack,chat.message.ack,R14/R15,FROZEN_V1.2.2,连接Bearer认证+会话撤销+serverSequence,inline:chat.message.ack.payload,inline:chat.message.ack.payload,是,SCR-CHAT-002;SCR-CHAT-001,contracts/websocket-events.yaml,62eefb4b4ae53f7ae00f2ef4728e80e2905258d0a220d42ea9959787953879af,2026-07-16,只允许向后兼容新增事件/字段；序列语义和ACK协议不得破坏性变更
WEBSOCKET,chat.message.new,chat.message.new,R14/R15,FROZEN_V1.2.2,连接Bearer认证+会话撤销+serverSequence,inline:chat.message.new.payload,inline:chat.message.new.payload,是,SCR-CHAT-002;SCR-CHAT-001,contracts/websocket-events.yaml,62eefb4b4ae53f7ae00f2ef4728e80e2905258d0a220d42ea9959787953879af,2026-07-16,只允许向后兼容新增事件/字段；序列语义和ACK协议不得破坏性变更
WEBSOCKET,chat.message.read,chat.message.read,R14/R15,FROZEN_V1.2.2,连接Bearer认证+会话撤销+serverSequence,inline:chat.message.read.payload,inline:chat.message.read.payload,是,SCR-CHAT-002;SCR-CHAT-001,contracts/websocket-events.yaml,62eefb4b4ae53f7ae00f2ef4728e80e2905258d0a220d42ea9959787953879af,2026-07-16,只允许向后兼容新增事件/字段；序列语义和ACK协议不得破坏性变更
WEBSOCKET,chat.read.updated,chat.read.updated,R14/R15,FROZEN_V1.2.2,连接Bearer认证+会话撤销+serverSequence,inline:chat.read.updated.payload,inline:chat.read.updated.payload,否,SCR-CHAT-002;SCR-CHAT-001,contracts/websocket-events.yaml,62eefb4b4ae53f7ae00f2ef4728e80e2905258d0a220d42ea9959787953879af,2026-07-16,只允许向后兼容新增事件/字段；序列语义和ACK协议不得破坏性变更
WEBSOCKET,chat.typing,chat.typing,R14/R15,FROZEN_V1.2.2,连接Bearer认证+会话撤销+serverSequence,inline:chat.typing.payload,inline:chat.typing.payload,否,SCR-CHAT-002;SCR-CHAT-001,contracts/websocket-events.yaml,62eefb4b4ae53f7ae00f2ef4728e80e2905258d0a220d42ea9959787953879af,2026-07-16,只允许向后兼容新增事件/字段；序列语义和ACK协议不得破坏性变更
WEBSOCKET,notification.new,notification.new,R14/R15,FROZEN_V1.2.2,连接Bearer认证+会话撤销+serverSequence,inline:notification.new.payload,inline:notification.new.payload,是,SCR-MSG-001;SYSTEM_RUNTIME,contracts/websocket-events.yaml,62eefb4b4ae53f7ae00f2ef4728e80e2905258d0a220d42ea9959787953879af,2026-07-16,只允许向后兼容新增事件/字段；序列语义和ACK协议不得破坏性变更
WEBSOCKET,system.kickout,system.kickout,R14/R15,FROZEN_V1.2.2,连接Bearer认证+会话撤销+serverSequence,inline:system.kickout.payload,inline:system.kickout.payload,否,SCR-MSG-001;SYSTEM_RUNTIME,contracts/websocket-events.yaml,62eefb4b4ae53f7ae00f2ef4728e80e2905258d0a220d42ea9959787953879af,2026-07-16,只允许向后兼容新增事件/字段；序列语义和ACK协议不得破坏性变更
WEBSOCKET,system.ping,system.ping,R14/R15,FROZEN_V1.2.2,连接Bearer认证+会话撤销+serverSequence,inline:system.ping.payload,inline:system.ping.payload,否,SCR-MSG-001;SYSTEM_RUNTIME,contracts/websocket-events.yaml,62eefb4b4ae53f7ae00f2ef4728e80e2905258d0a220d42ea9959787953879af,2026-07-16,只允许向后兼容新增事件/字段；序列语义和ACK协议不得破坏性变更
WEBSOCKET,system.pong,system.pong,R14/R15,FROZEN_V1.2.2,连接Bearer认证+会话撤销+serverSequence,inline:system.pong.payload,inline:system.pong.payload,否,SCR-MSG-001;SYSTEM_RUNTIME,contracts/websocket-events.yaml,62eefb4b4ae53f7ae00f2ef4728e80e2905258d0a220d42ea9959787953879af,2026-07-16,只允许向后兼容新增事件/字段；序列语义和ACK协议不得破坏性变更
