operationId,方法,路径,用途,权限,计划版本,错误码,400处理,401处理,403处理,404处理,409处理,422处理,429处理,500处理,成熟度
authPostAuthSecurityChallenges,POST,/api/v1/auth/security-challenges,创建图形/行为安全挑战,公开,R02,COMMON-400-VALIDATION;COMMON-401-UNAUTHENTICATED;COMMON-403-FORBIDDEN;COMMON-404-NOT_FOUND;COMMON-409-VERSION_CONFLICT;COMMON-422-BUSINESS_RULE;COMMON-429-RATE_LIMITED;COMMON-500-INTERNAL;AUTH-401-SESSION_REVOKED;AUTH-423-ACCOUNT_RESTRICTED,逐字段映射，不使用通用失败Toast,刷新/重新认证并恢复安全目标,收回操作入口且不泄露资源存在性,进入资源不存在/失效状态,重新加载version和差异，禁止盲目覆盖,展示业务原因并保留安全输入,显示服务端重试时间,保留上下文和requestId，提供人工重试,FROZEN_V1.2.2
authPostAuthPasswordLogin,POST,/api/v1/auth/password/login,手机号+密码+安全验证登录,公开,R02,COMMON-400-VALIDATION;COMMON-401-UNAUTHENTICATED;COMMON-403-FORBIDDEN;COMMON-404-NOT_FOUND;COMMON-409-VERSION_CONFLICT;COMMON-422-BUSINESS_RULE;COMMON-429-RATE_LIMITED;COMMON-500-INTERNAL;AUTH-401-SESSION_REVOKED;AUTH-422-SECURITY_CHALLENGE_INVALID;AUTH-423-ACCOUNT_RESTRICTED,逐字段映射，不使用通用失败Toast,刷新/重新认证并恢复安全目标,收回操作入口且不泄露资源存在性,进入资源不存在/失效状态,重新加载version和差异，禁止盲目覆盖,仅AUTH-422-SECURITY_CHALLENGE_INVALID刷新安全验证码；其他422展示对应业务原因,显示服务端重试时间,保留上下文并提供用户可理解的重试提示,FROZEN_V1.2.2
authPostAuthSmsSend,POST,/api/v1/auth/sms/send,阿里云短信验证码：LOGIN/RESET_PASSWORD,公开+安全挑战,R02,COMMON-400-VALIDATION;COMMON-401-UNAUTHENTICATED;COMMON-403-FORBIDDEN;COMMON-404-NOT_FOUND;COMMON-409-VERSION_CONFLICT;COMMON-422-BUSINESS_RULE;COMMON-429-RATE_LIMITED;COMMON-500-INTERNAL;AUTH-401-SESSION_REVOKED;AUTH-422-SECURITY_CHALLENGE_INVALID;AUTH-423-ACCOUNT_RESTRICTED,逐字段映射，不使用通用失败Toast,刷新/重新认证并恢复安全目标,收回操作入口且不泄露资源存在性,进入资源不存在/失效状态,重新加载version和差异，禁止盲目覆盖,仅AUTH-422-SECURITY_CHALLENGE_INVALID刷新安全验证码；其他422展示对应业务原因,显示服务端重试时间,短信通道失败显示服务暂不可用且不得误报网络断开,FROZEN_V1.2.2
authPostAuthSmsLogin,POST,/api/v1/auth/sms/login,已注册手机号短信验证码登录,公开,R02,COMMON-400-VALIDATION;COMMON-401-UNAUTHENTICATED;COMMON-403-FORBIDDEN;COMMON-404-NOT_FOUND;COMMON-409-VERSION_CONFLICT;COMMON-422-BUSINESS_RULE;COMMON-429-RATE_LIMITED;COMMON-500-INTERNAL;AUTH-401-SESSION_REVOKED;AUTH-423-ACCOUNT_RESTRICTED,逐字段映射，不使用通用失败Toast,刷新/重新认证并恢复安全目标,收回操作入口且不泄露资源存在性,进入资源不存在/失效状态,重新加载version和差异，禁止盲目覆盖,展示业务原因并保留安全输入,显示服务端重试时间,保留上下文和requestId，提供人工重试,FROZEN_V1.2.2
authPostAuthInviteCodesValidate,POST,/api/v1/auth/invite-codes/validate,校验邀请码和注册必填规则,公开,R02,COMMON-400-VALIDATION;COMMON-401-UNAUTHENTICATED;COMMON-403-FORBIDDEN;COMMON-404-NOT_FOUND;COMMON-409-VERSION_CONFLICT;COMMON-422-BUSINESS_RULE;COMMON-429-RATE_LIMITED;COMMON-500-INTERNAL;AUTH-401-SESSION_REVOKED;AUTH-423-ACCOUNT_RESTRICTED,逐字段映射，不使用通用失败Toast,刷新/重新认证并恢复安全目标,收回操作入口且不泄露资源存在性,进入资源不存在/失效状态,重新加载version和差异，禁止盲目覆盖,展示业务原因并保留安全输入,显示服务端重试时间,保留上下文和requestId，提供人工重试,FROZEN_V1.2.2
authPostAuthRegister,POST,/api/v1/auth/register,密码注册、安全验证、邀请码绑定、随机用户名,公开,R02,COMMON-400-VALIDATION;COMMON-401-UNAUTHENTICATED;COMMON-403-FORBIDDEN;COMMON-404-NOT_FOUND;COMMON-409-VERSION_CONFLICT;COMMON-422-BUSINESS_RULE;COMMON-429-RATE_LIMITED;COMMON-500-INTERNAL;AUTH-401-SESSION_REVOKED;AUTH-422-SECURITY_CHALLENGE_INVALID;AUTH-423-ACCOUNT_RESTRICTED,逐字段映射，不使用通用失败Toast,刷新/重新认证并恢复安全目标,收回操作入口且不泄露资源存在性,进入资源不存在/失效状态,重新加载version和差异，禁止盲目覆盖,仅AUTH-422-SECURITY_CHALLENGE_INVALID刷新安全验证码；注册业务422提示检查手机号、密码和邀请码,显示服务端重试时间,保留上下文并提供用户可理解的重试提示,FROZEN_V1.2.2
authPostAuthPasswordReset,POST,/api/v1/auth/password/reset,短信校验后重置密码,公开,R02,COMMON-400-VALIDATION;COMMON-401-UNAUTHENTICATED;COMMON-403-FORBIDDEN;COMMON-404-NOT_FOUND;COMMON-409-VERSION_CONFLICT;COMMON-422-BUSINESS_RULE;COMMON-429-RATE_LIMITED;COMMON-500-INTERNAL;AUTH-401-SESSION_REVOKED;AUTH-423-ACCOUNT_RESTRICTED,逐字段映射，不使用通用失败Toast,刷新/重新认证并恢复安全目标,收回操作入口且不泄露资源存在性,进入资源不存在/失效状态,重新加载version和差异，禁止盲目覆盖,展示业务原因并保留安全输入,显示服务端重试时间,保留上下文和requestId，提供人工重试,FROZEN_V1.2.2
authPostMeSecurityPasswordChange,POST,/api/v1/me/security/password/change,修改登录密码,登录,R02,COMMON-400-VALIDATION;COMMON-401-UNAUTHENTICATED;COMMON-403-FORBIDDEN;COMMON-404-NOT_FOUND;COMMON-409-VERSION_CONFLICT;COMMON-422-BUSINESS_RULE;COMMON-429-RATE_LIMITED;COMMON-500-INTERNAL;AUTH-401-SESSION_REVOKED;AUTH-423-ACCOUNT_RESTRICTED,逐字段映射，不使用通用失败Toast,刷新/重新认证并恢复安全目标,收回操作入口且不泄露资源存在性,进入资源不存在/失效状态,重新加载version和差异，禁止盲目覆盖,展示业务原因并保留安全输入,显示服务端重试时间,保留上下文和requestId，提供人工重试,FROZEN_V1.2.2
authPostAuthRefresh,POST,/api/v1/auth/refresh,刷新Token,RefreshToken,R02,COMMON-400-VALIDATION;COMMON-401-UNAUTHENTICATED;COMMON-403-FORBIDDEN;COMMON-404-NOT_FOUND;COMMON-409-VERSION_CONFLICT;COMMON-422-BUSINESS_RULE;COMMON-429-RATE_LIMITED;COMMON-500-INTERNAL;AUTH-401-SESSION_REVOKED;AUTH-423-ACCOUNT_RESTRICTED,逐字段映射，不使用通用失败Toast,刷新/重新认证并恢复安全目标,收回操作入口且不泄露资源存在性,进入资源不存在/失效状态,重新加载version和差异，禁止盲目覆盖,展示业务原因并保留安全输入,显示服务端重试时间,保留上下文和requestId，提供人工重试,FROZEN_V1.2.2
authPostAuthLogout,POST,/api/v1/auth/logout,退出当前会话,登录,R02,COMMON-400-VALIDATION;COMMON-401-UNAUTHENTICATED;COMMON-403-FORBIDDEN;COMMON-404-NOT_FOUND;COMMON-409-VERSION_CONFLICT;COMMON-422-BUSINESS_RULE;COMMON-429-RATE_LIMITED;COMMON-500-INTERNAL;AUTH-401-SESSION_REVOKED;AUTH-423-ACCOUNT_RESTRICTED,逐字段映射，不使用通用失败Toast,刷新/重新认证并恢复安全目标,收回操作入口且不泄露资源存在性,进入资源不存在/失效状态,重新加载version和差异，禁止盲目覆盖,展示业务原因并保留安全输入,显示服务端重试时间,保留上下文和requestId，提供人工重试,FROZEN_V1.2.2
authGetAuthSessions,GET,/api/v1/auth/sessions,登录设备列表,登录,R02,COMMON-400-VALIDATION;COMMON-401-UNAUTHENTICATED;COMMON-403-FORBIDDEN;COMMON-404-NOT_FOUND;COMMON-409-VERSION_CONFLICT;COMMON-422-BUSINESS_RULE;COMMON-429-RATE_LIMITED;COMMON-500-INTERNAL;AUTH-401-SESSION_REVOKED;AUTH-423-ACCOUNT_RESTRICTED,逐字段映射，不使用通用失败Toast,刷新/重新认证并恢复安全目标,收回操作入口且不泄露资源存在性,进入资源不存在/失效状态,重新加载version和差异，禁止盲目覆盖,展示业务原因并保留安全输入,显示服务端重试时间,保留上下文和requestId，提供人工重试,FROZEN_V1.2.2
authDeleteAuthSessionsById,DELETE,/api/v1/auth/sessions/{id},下线设备,登录,R02,COMMON-400-VALIDATION;COMMON-401-UNAUTHENTICATED;COMMON-403-FORBIDDEN;COMMON-404-NOT_FOUND;COMMON-409-VERSION_CONFLICT;COMMON-422-BUSINESS_RULE;COMMON-429-RATE_LIMITED;COMMON-500-INTERNAL;AUTH-401-SESSION_REVOKED;AUTH-423-ACCOUNT_RESTRICTED,逐字段映射，不使用通用失败Toast,刷新/重新认证并恢复安全目标,收回操作入口且不泄露资源存在性,进入资源不存在/失效状态,重新加载version和差异，禁止盲目覆盖,展示业务原因并保留安全输入,显示服务端重试时间,保留上下文和requestId，提供人工重试,FROZEN_V1.2.2
userGetMe,GET,/api/v1/me,当前用户资料,登录,R02/R07/R12,COMMON-400-VALIDATION;COMMON-401-UNAUTHENTICATED;COMMON-403-FORBIDDEN;COMMON-404-NOT_FOUND;COMMON-409-VERSION_CONFLICT;COMMON-422-BUSINESS_RULE;COMMON-429-RATE_LIMITED;COMMON-500-INTERNAL,逐字段映射，不使用通用失败Toast,刷新/重新认证并恢复安全目标,收回操作入口且不泄露资源存在性,进入资源不存在/失效状态,重新加载version和差异，禁止盲目覆盖,展示业务原因并保留安全输入,显示服务端重试时间,保留上下文和requestId，提供人工重试,FROZEN_V1.2.2
userPatchMeProfile,PATCH,/api/v1/me/profile,修改头像昵称简介,登录,R02/R07/R12,COMMON-400-VALIDATION;COMMON-401-UNAUTHENTICATED;COMMON-403-FORBIDDEN;COMMON-404-NOT_FOUND;COMMON-409-VERSION_CONFLICT;COMMON-422-BUSINESS_RULE;COMMON-429-RATE_LIMITED;COMMON-500-INTERNAL,逐字段映射，不使用通用失败Toast,刷新/重新认证并恢复安全目标,收回操作入口且不泄露资源存在性,进入资源不存在/失效状态,重新加载version和差异，禁止盲目覆盖,展示业务原因并保留安全输入,显示服务端重试时间,保留上下文和requestId，提供人工重试,FROZEN_V1.2.2
userGetPublishersById,GET,/api/v1/publishers/{id},发布者公开主页,登录,R02/R07/R12,COMMON-400-VALIDATION;COMMON-401-UNAUTHENTICATED;COMMON-403-FORBIDDEN;COMMON-404-NOT_FOUND;COMMON-409-VERSION_CONFLICT;COMMON-422-BUSINESS_RULE;COMMON-429-RATE_LIMITED;COMMON-500-INTERNAL,逐字段映射，不使用通用失败Toast,刷新/重新认证并恢复安全目标,收回操作入口且不泄露资源存在性,进入资源不存在/失效状态,重新加载version和差异，禁止盲目覆盖,展示业务原因并保留安全输入,显示服务端重试时间,保留上下文和requestId，提供人工重试,FROZEN_V1.2.2
userPostMeCancellation,POST,/api/v1/me/cancellation,申请注销,登录,R02/R07/R12,COMMON-400-VALIDATION;COMMON-401-UNAUTHENTICATED;COMMON-403-FORBIDDEN;COMMON-404-NOT_FOUND;COMMON-409-VERSION_CONFLICT;COMMON-422-BUSINESS_RULE;COMMON-429-RATE_LIMITED;COMMON-500-INTERNAL,逐字段映射，不使用通用失败Toast,刷新/重新认证并恢复安全目标,收回操作入口且不泄露资源存在性,进入资源不存在/失效状态,重新加载version和差异，禁止盲目覆盖,展示业务原因并保留安全输入,显示服务端重试时间,保留上下文和requestId，提供人工重试,FROZEN_V1.2.2
identityPostIdentitySessions,POST,/api/v1/identity/sessions,创建实名会话,登录,R05,COMMON-400-VALIDATION;COMMON-401-UNAUTHENTICATED;COMMON-403-FORBIDDEN;COMMON-404-NOT_FOUND;COMMON-409-VERSION_CONFLICT;COMMON-422-BUSINESS_RULE;COMMON-429-RATE_LIMITED;COMMON-500-INTERNAL;IDENTITY-422-NOT_VERIFIED,逐字段映射，不使用通用失败Toast,刷新/重新认证并恢复安全目标,收回操作入口且不泄露资源存在性,进入资源不存在/失效状态,重新加载version和差异，禁止盲目覆盖,展示业务原因并保留安全输入,显示服务端重试时间,保留上下文和requestId，提供人工重试,FROZEN_V1.2.2
identityPostIdentitySessionsByIdLivenessToken,POST,/api/v1/identity/sessions/{id}/liveness-token,获取活体H5,登录,R05,COMMON-400-VALIDATION;COMMON-401-UNAUTHENTICATED;COMMON-403-FORBIDDEN;COMMON-404-NOT_FOUND;COMMON-409-VERSION_CONFLICT;COMMON-422-BUSINESS_RULE;COMMON-429-RATE_LIMITED;COMMON-500-INTERNAL;IDENTITY-422-NOT_VERIFIED,逐字段映射，不使用通用失败Toast,刷新/重新认证并恢复安全目标,收回操作入口且不泄露资源存在性,进入资源不存在/失效状态,重新加载version和差异，禁止盲目覆盖,展示业务原因并保留安全输入,显示服务端重试时间,保留上下文和requestId，提供人工重试,FROZEN_V1.2.2
identityGetIdentitySessionsById,GET,/api/v1/identity/sessions/{id},查询实名状态,登录,R05,COMMON-400-VALIDATION;COMMON-401-UNAUTHENTICATED;COMMON-403-FORBIDDEN;COMMON-404-NOT_FOUND;COMMON-409-VERSION_CONFLICT;COMMON-422-BUSINESS_RULE;COMMON-429-RATE_LIMITED;COMMON-500-INTERNAL;IDENTITY-422-NOT_VERIFIED,逐字段映射，不使用通用失败Toast,刷新/重新认证并恢复安全目标,收回操作入口且不泄露资源存在性,进入资源不存在/失效状态,重新加载version和差异，禁止盲目覆盖,展示业务原因并保留安全输入,显示服务端重试时间,保留上下文和requestId，提供人工重试,FROZEN_V1.2.2
identityPostIdentitySessionsByIdRetry,POST,/api/v1/identity/sessions/{id}/retry,重新认证,登录,R05,COMMON-400-VALIDATION;COMMON-401-UNAUTHENTICATED;COMMON-403-FORBIDDEN;COMMON-404-NOT_FOUND;COMMON-409-VERSION_CONFLICT;COMMON-422-BUSINESS_RULE;COMMON-429-RATE_LIMITED;COMMON-500-INTERNAL;IDENTITY-422-NOT_VERIFIED,逐字段映射，不使用通用失败Toast,刷新/重新认证并恢复安全目标,收回操作入口且不泄露资源存在性,进入资源不存在/失效状态,重新加载version和差异，禁止盲目覆盖,展示业务原因并保留安全输入,显示服务端重试时间,保留上下文和requestId，提供人工重试,FROZEN_V1.2.2
mediaPostMediaUploadSessions,POST,/api/v1/media/upload-sessions,创建上传会话,登录,R04,COMMON-400-VALIDATION;COMMON-401-UNAUTHENTICATED;COMMON-403-FORBIDDEN;COMMON-404-NOT_FOUND;COMMON-409-VERSION_CONFLICT;COMMON-422-BUSINESS_RULE;COMMON-429-RATE_LIMITED;COMMON-500-INTERNAL,逐字段映射，不使用通用失败Toast,刷新/重新认证并恢复安全目标,收回操作入口且不泄露资源存在性,进入资源不存在/失效状态,重新加载version和差异，禁止盲目覆盖,展示业务原因并保留安全输入,显示服务端重试时间,保留上下文和requestId，提供人工重试,FROZEN_V1.2.2
mediaPostMediaUploadSessionsByIdComplete,POST,/api/v1/media/upload-sessions/{id}/complete,完成上传,登录,R04,COMMON-400-VALIDATION;COMMON-401-UNAUTHENTICATED;COMMON-403-FORBIDDEN;COMMON-404-NOT_FOUND;COMMON-409-VERSION_CONFLICT;COMMON-422-BUSINESS_RULE;COMMON-429-RATE_LIMITED;COMMON-500-INTERNAL,逐字段映射，不使用通用失败Toast,刷新/重新认证并恢复安全目标,收回操作入口且不泄露资源存在性,进入资源不存在/失效状态,重新加载version和差异，禁止盲目覆盖,展示业务原因并保留安全输入,显示服务端重试时间,保留上下文和requestId，提供人工重试,FROZEN_V1.2.2
mediaDeleteMediaById,DELETE,/api/v1/media/{id},删除未绑定媒体,登录,R04,COMMON-400-VALIDATION;COMMON-401-UNAUTHENTICATED;COMMON-403-FORBIDDEN;COMMON-404-NOT_FOUND;COMMON-409-VERSION_CONFLICT;COMMON-422-BUSINESS_RULE;COMMON-429-RATE_LIMITED;COMMON-500-INTERNAL,逐字段映射，不使用通用失败Toast,刷新/重新认证并恢复安全目标,收回操作入口且不泄露资源存在性,进入资源不存在/失效状态,重新加载version和差异，禁止盲目覆盖,展示业务原因并保留安全输入,显示服务端重试时间,保留上下文和requestId，提供人工重试,FROZEN_V1.2.2
homeGetHome,GET,/api/v1/home,首页聚合,登录,R06,COMMON-400-VALIDATION;COMMON-401-UNAUTHENTICATED;COMMON-403-FORBIDDEN;COMMON-404-NOT_FOUND;COMMON-409-VERSION_CONFLICT;COMMON-422-BUSINESS_RULE;COMMON-429-RATE_LIMITED;COMMON-500-INTERNAL,逐字段映射，不使用通用失败Toast,刷新/重新认证并恢复安全目标,收回操作入口且不泄露资源存在性,进入资源不存在/失效状态,重新加载version和差异，禁止盲目覆盖,展示业务原因并保留安全输入,显示服务端重试时间,保留上下文和requestId，提供人工重试,FROZEN_V1.2.2
searchGetSearch,GET,/api/v1/search,全局搜索,登录,R07,COMMON-400-VALIDATION;COMMON-401-UNAUTHENTICATED;COMMON-403-FORBIDDEN;COMMON-404-NOT_FOUND;COMMON-409-VERSION_CONFLICT;COMMON-422-BUSINESS_RULE;COMMON-429-RATE_LIMITED;COMMON-500-INTERNAL,逐字段映射，不使用通用失败Toast,刷新/重新认证并恢复安全目标,收回操作入口且不泄露资源存在性,进入资源不存在/失效状态,重新加载version和差异，禁止盲目覆盖,展示业务原因并保留安全输入,显示服务端重试时间,保留上下文和requestId，提供人工重试,FROZEN_V1.2.2
searchGetSearchHot,GET,/api/v1/search/hot,热搜,登录,R07,COMMON-400-VALIDATION;COMMON-401-UNAUTHENTICATED;COMMON-403-FORBIDDEN;COMMON-404-NOT_FOUND;COMMON-409-VERSION_CONFLICT;COMMON-422-BUSINESS_RULE;COMMON-429-RATE_LIMITED;COMMON-500-INTERNAL,逐字段映射，不使用通用失败Toast,刷新/重新认证并恢复安全目标,收回操作入口且不泄露资源存在性,进入资源不存在/失效状态,重新加载version和差异，禁止盲目覆盖,展示业务原因并保留安全输入,显示服务端重试时间,保留上下文和requestId，提供人工重试,FROZEN_V1.2.2
searchGetSearchHistory,GET,/api/v1/search/history,搜索历史,登录,R07,COMMON-400-VALIDATION;COMMON-401-UNAUTHENTICATED;COMMON-403-FORBIDDEN;COMMON-404-NOT_FOUND;COMMON-409-VERSION_CONFLICT;COMMON-422-BUSINESS_RULE;COMMON-429-RATE_LIMITED;COMMON-500-INTERNAL,逐字段映射，不使用通用失败Toast,刷新/重新认证并恢复安全目标,收回操作入口且不泄露资源存在性,进入资源不存在/失效状态,重新加载version和差异，禁止盲目覆盖,展示业务原因并保留安全输入,显示服务端重试时间,保留上下文和requestId，提供人工重试,FROZEN_V1.2.2
searchDeleteSearchHistory,DELETE,/api/v1/search/history,清空历史,登录,R07,COMMON-400-VALIDATION;COMMON-401-UNAUTHENTICATED;COMMON-403-FORBIDDEN;COMMON-404-NOT_FOUND;COMMON-409-VERSION_CONFLICT;COMMON-422-BUSINESS_RULE;COMMON-429-RATE_LIMITED;COMMON-500-INTERNAL,逐字段映射，不使用通用失败Toast,刷新/重新认证并恢复安全目标,收回操作入口且不泄露资源存在性,进入资源不存在/失效状态,重新加载version和差异，禁止盲目覆盖,展示业务原因并保留安全输入,显示服务端重试时间,保留上下文和requestId，提供人工重试,FROZEN_V1.2.2
contentGetContents,GET,/api/v1/contents,统一内容列表,登录,R06/R08/R09/R10/R11,COMMON-400-VALIDATION;COMMON-401-UNAUTHENTICATED;COMMON-403-FORBIDDEN;COMMON-404-NOT_FOUND;COMMON-409-VERSION_CONFLICT;COMMON-422-BUSINESS_RULE;COMMON-429-RATE_LIMITED;COMMON-500-INTERNAL;CONTENT-409-STATUS_TRANSITION,逐字段映射，不使用通用失败Toast,刷新/重新认证并恢复安全目标,收回操作入口且不泄露资源存在性,进入资源不存在/失效状态,重新加载version和差异，禁止盲目覆盖,展示业务原因并保留安全输入,显示服务端重试时间,保留上下文和requestId，提供人工重试,FROZEN_V1.2.2
contentPostContents,POST,/api/v1/contents,创建内容/草稿,登录+实名,R08/R09/R10/R11/R12,COMMON-400-VALIDATION;COMMON-401-UNAUTHENTICATED;COMMON-403-FORBIDDEN;COMMON-404-NOT_FOUND;COMMON-409-VERSION_CONFLICT;COMMON-422-BUSINESS_RULE;COMMON-429-RATE_LIMITED;COMMON-500-INTERNAL;IDENTITY-422-NOT_VERIFIED;CONTENT-409-STATUS_TRANSITION,逐字段映射，不使用通用失败Toast,刷新/重新认证并恢复安全目标,收回操作入口且不泄露资源存在性,进入资源不存在/失效状态,重新加载version和差异，禁止盲目覆盖,展示业务原因并保留安全输入,显示服务端重试时间,保留上下文和requestId，提供人工重试,FROZEN_V1.2.2
contentGetContentsById,GET,/api/v1/contents/{id},内容详情,登录,R06/R08/R09/R10/R11,COMMON-400-VALIDATION;COMMON-401-UNAUTHENTICATED;COMMON-403-FORBIDDEN;COMMON-404-NOT_FOUND;COMMON-409-VERSION_CONFLICT;COMMON-422-BUSINESS_RULE;COMMON-429-RATE_LIMITED;COMMON-500-INTERNAL;CONTENT-409-STATUS_TRANSITION,逐字段映射，不使用通用失败Toast,刷新/重新认证并恢复安全目标,收回操作入口且不泄露资源存在性,进入资源不存在/失效状态,重新加载version和差异，禁止盲目覆盖,展示业务原因并保留安全输入,显示服务端重试时间,保留上下文和requestId，提供人工重试,FROZEN_V1.2.2
contentPatchContentsById,PATCH,/api/v1/contents/{id},编辑内容,登录+实名+所有者,R08/R09/R10/R11/R12,COMMON-400-VALIDATION;COMMON-401-UNAUTHENTICATED;COMMON-403-FORBIDDEN;COMMON-404-NOT_FOUND;COMMON-409-VERSION_CONFLICT;COMMON-422-BUSINESS_RULE;COMMON-429-RATE_LIMITED;COMMON-500-INTERNAL;IDENTITY-422-NOT_VERIFIED;CONTENT-409-STATUS_TRANSITION,逐字段映射，不使用通用失败Toast,刷新/重新认证并恢复安全目标,收回操作入口且不泄露资源存在性,进入资源不存在/失效状态,重新加载version和差异，禁止盲目覆盖,展示业务原因并保留安全输入,显示服务端重试时间,保留上下文和requestId，提供人工重试,FROZEN_V1.2.2
contentDeleteContentsById,DELETE,/api/v1/contents/{id},删除内容,登录+所有者,R08/R09/R10/R11/R12,COMMON-400-VALIDATION;COMMON-401-UNAUTHENTICATED;COMMON-403-FORBIDDEN;COMMON-404-NOT_FOUND;COMMON-409-VERSION_CONFLICT;COMMON-422-BUSINESS_RULE;COMMON-429-RATE_LIMITED;COMMON-500-INTERNAL;CONTENT-409-STATUS_TRANSITION,逐字段映射，不使用通用失败Toast,刷新/重新认证并恢复安全目标,收回操作入口且不泄露资源存在性,进入资源不存在/失效状态,重新加载version和差异，禁止盲目覆盖,展示业务原因并保留安全输入,显示服务端重试时间,保留上下文和requestId，提供人工重试,FROZEN_V1.2.2
contentPostContentsByIdSubmit,POST,/api/v1/contents/{id}/submit,提交审核,登录+实名+所有者,R08/R09/R10/R11/R12,COMMON-400-VALIDATION;COMMON-401-UNAUTHENTICATED;COMMON-403-FORBIDDEN;COMMON-404-NOT_FOUND;COMMON-409-VERSION_CONFLICT;COMMON-422-BUSINESS_RULE;COMMON-429-RATE_LIMITED;COMMON-500-INTERNAL;IDENTITY-422-NOT_VERIFIED;CONTENT-409-STATUS_TRANSITION,逐字段映射，不使用通用失败Toast,刷新/重新认证并恢复安全目标,收回操作入口且不泄露资源存在性,进入资源不存在/失效状态,重新加载version和差异，禁止盲目覆盖,展示业务原因并保留安全输入,显示服务端重试时间,保留上下文和requestId，提供人工重试,FROZEN_V1.2.2
contentPostContentsByIdOnline,POST,/api/v1/contents/{id}/online,上架,登录+实名+所有者,R08/R09/R10/R11/R12,COMMON-400-VALIDATION;COMMON-401-UNAUTHENTICATED;COMMON-403-FORBIDDEN;COMMON-404-NOT_FOUND;COMMON-409-VERSION_CONFLICT;COMMON-422-BUSINESS_RULE;COMMON-429-RATE_LIMITED;COMMON-500-INTERNAL;IDENTITY-422-NOT_VERIFIED;CONTENT-409-STATUS_TRANSITION,逐字段映射，不使用通用失败Toast,刷新/重新认证并恢复安全目标,收回操作入口且不泄露资源存在性,进入资源不存在/失效状态,重新加载version和差异，禁止盲目覆盖,展示业务原因并保留安全输入,显示服务端重试时间,保留上下文和requestId，提供人工重试,FROZEN_V1.2.2
contentPostContentsByIdOffline,POST,/api/v1/contents/{id}/offline,下架,登录+所有者,R08/R09/R10/R11/R12,COMMON-400-VALIDATION;COMMON-401-UNAUTHENTICATED;COMMON-403-FORBIDDEN;COMMON-404-NOT_FOUND;COMMON-409-VERSION_CONFLICT;COMMON-422-BUSINESS_RULE;COMMON-429-RATE_LIMITED;COMMON-500-INTERNAL;CONTENT-409-STATUS_TRANSITION,逐字段映射，不使用通用失败Toast,刷新/重新认证并恢复安全目标,收回操作入口且不泄露资源存在性,进入资源不存在/失效状态,重新加载version和差异，禁止盲目覆盖,展示业务原因并保留安全输入,显示服务端重试时间,保留上下文和requestId，提供人工重试,FROZEN_V1.2.2
contentPostContentsByIdCopy,POST,/api/v1/contents/{id}/copy,复制为草稿,登录+实名+所有者,R08/R09/R10/R11/R12,COMMON-400-VALIDATION;COMMON-401-UNAUTHENTICATED;COMMON-403-FORBIDDEN;COMMON-404-NOT_FOUND;COMMON-409-VERSION_CONFLICT;COMMON-422-BUSINESS_RULE;COMMON-429-RATE_LIMITED;COMMON-500-INTERNAL;IDENTITY-422-NOT_VERIFIED;CONTENT-409-STATUS_TRANSITION,逐字段映射，不使用通用失败Toast,刷新/重新认证并恢复安全目标,收回操作入口且不泄露资源存在性,进入资源不存在/失效状态,重新加载version和差异，禁止盲目覆盖,展示业务原因并保留安全输入,显示服务端重试时间,保留上下文和requestId，提供人工重试,FROZEN_V1.2.2
contentGetMeContents,GET,/api/v1/me/contents,我的发布,登录,R12,COMMON-400-VALIDATION;COMMON-401-UNAUTHENTICATED;COMMON-403-FORBIDDEN;COMMON-404-NOT_FOUND;COMMON-409-VERSION_CONFLICT;COMMON-422-BUSINESS_RULE;COMMON-429-RATE_LIMITED;COMMON-500-INTERNAL;CONTENT-409-STATUS_TRANSITION,逐字段映射，不使用通用失败Toast,刷新/重新认证并恢复安全目标,收回操作入口且不泄露资源存在性,进入资源不存在/失效状态,重新加载version和差异，禁止盲目覆盖,展示业务原因并保留安全输入,显示服务端重试时间,保留上下文和requestId，提供人工重试,FROZEN_V1.2.2
contentGetMeDrafts,GET,/api/v1/me/drafts,草稿列表,登录,R12,COMMON-400-VALIDATION;COMMON-401-UNAUTHENTICATED;COMMON-403-FORBIDDEN;COMMON-404-NOT_FOUND;COMMON-409-VERSION_CONFLICT;COMMON-422-BUSINESS_RULE;COMMON-429-RATE_LIMITED;COMMON-500-INTERNAL;CONTENT-409-STATUS_TRANSITION,逐字段映射，不使用通用失败Toast,刷新/重新认证并恢复安全目标,收回操作入口且不泄露资源存在性,进入资源不存在/失效状态,重新加载version和差异，禁止盲目覆盖,展示业务原因并保留安全输入,显示服务端重试时间,保留上下文和requestId，提供人工重试,FROZEN_V1.2.2
contentGetContentsByIdReviews,GET,/api/v1/contents/{id}/reviews,审核记录,登录+所有者,R12,COMMON-400-VALIDATION;COMMON-401-UNAUTHENTICATED;COMMON-403-FORBIDDEN;COMMON-404-NOT_FOUND;COMMON-409-VERSION_CONFLICT;COMMON-422-BUSINESS_RULE;COMMON-429-RATE_LIMITED;COMMON-500-INTERNAL;CONTENT-409-STATUS_TRANSITION,逐字段映射，不使用通用失败Toast,刷新/重新认证并恢复安全目标,收回操作入口且不泄露资源存在性,进入资源不存在/失效状态,重新加载version和差异，禁止盲目覆盖,展示业务原因并保留安全输入,显示服务端重试时间,保留上下文和requestId，提供人工重试,FROZEN_V1.2.2
contentGetContentsByIdAnalytics,GET,/api/v1/contents/{id}/analytics,内容数据,登录+所有者,R12/R23,COMMON-400-VALIDATION;COMMON-401-UNAUTHENTICATED;COMMON-403-FORBIDDEN;COMMON-404-NOT_FOUND;COMMON-409-VERSION_CONFLICT;COMMON-422-BUSINESS_RULE;COMMON-429-RATE_LIMITED;COMMON-500-INTERNAL;CONTENT-409-STATUS_TRANSITION,逐字段映射，不使用通用失败Toast,刷新/重新认证并恢复安全目标,收回操作入口且不泄露资源存在性,进入资源不存在/失效状态,重新加载version和差异，禁止盲目覆盖,展示业务原因并保留安全输入,显示服务端重试时间,保留上下文和requestId，提供人工重试,FROZEN_V1.2.2
contentPostContentsByIdFavorite,POST,/api/v1/contents/{id}/favorite,收藏,登录,R13,COMMON-400-VALIDATION;COMMON-401-UNAUTHENTICATED;COMMON-403-FORBIDDEN;COMMON-404-NOT_FOUND;COMMON-409-VERSION_CONFLICT;COMMON-422-BUSINESS_RULE;COMMON-429-RATE_LIMITED;COMMON-500-INTERNAL;CONTENT-409-STATUS_TRANSITION,逐字段映射，不使用通用失败Toast,刷新/重新认证并恢复安全目标,收回操作入口且不泄露资源存在性,进入资源不存在/失效状态,重新加载version和差异，禁止盲目覆盖,展示业务原因并保留安全输入,显示服务端重试时间,保留上下文和requestId，提供人工重试,FROZEN_V1.2.2
contentDeleteContentsByIdFavorite,DELETE,/api/v1/contents/{id}/favorite,取消收藏,登录,R13,COMMON-400-VALIDATION;COMMON-401-UNAUTHENTICATED;COMMON-403-FORBIDDEN;COMMON-404-NOT_FOUND;COMMON-409-VERSION_CONFLICT;COMMON-422-BUSINESS_RULE;COMMON-429-RATE_LIMITED;COMMON-500-INTERNAL;CONTENT-409-STATUS_TRANSITION,逐字段映射，不使用通用失败Toast,刷新/重新认证并恢复安全目标,收回操作入口且不泄露资源存在性,进入资源不存在/失效状态,重新加载version和差异，禁止盲目覆盖,展示业务原因并保留安全输入,显示服务端重试时间,保留上下文和requestId，提供人工重试,FROZEN_V1.2.2
contentGetMeFavorites,GET,/api/v1/me/favorites,收藏列表,登录,R13,COMMON-400-VALIDATION;COMMON-401-UNAUTHENTICATED;COMMON-403-FORBIDDEN;COMMON-404-NOT_FOUND;COMMON-409-VERSION_CONFLICT;COMMON-422-BUSINESS_RULE;COMMON-429-RATE_LIMITED;COMMON-500-INTERNAL;CONTENT-409-STATUS_TRANSITION,逐字段映射，不使用通用失败Toast,刷新/重新认证并恢复安全目标,收回操作入口且不泄露资源存在性,进入资源不存在/失效状态,重新加载version和差异，禁止盲目覆盖,展示业务原因并保留安全输入,显示服务端重试时间,保留上下文和requestId，提供人工重试,FROZEN_V1.2.2
contentGetMeHistory,GET,/api/v1/me/history,浏览历史,登录,R13,COMMON-400-VALIDATION;COMMON-401-UNAUTHENTICATED;COMMON-403-FORBIDDEN;COMMON-404-NOT_FOUND;COMMON-409-VERSION_CONFLICT;COMMON-422-BUSINESS_RULE;COMMON-429-RATE_LIMITED;COMMON-500-INTERNAL;CONTENT-409-STATUS_TRANSITION,逐字段映射，不使用通用失败Toast,刷新/重新认证并恢复安全目标,收回操作入口且不泄露资源存在性,进入资源不存在/失效状态,重新加载version和差异，禁止盲目覆盖,展示业务原因并保留安全输入,显示服务端重试时间,保留上下文和requestId，提供人工重试,FROZEN_V1.2.2
contentPostContentsByIdContactsByChannelAccess,POST,/api/v1/contents/{id}/contacts/{channel}/access,获取/复制联系方式,登录,R07/R13,COMMON-400-VALIDATION;COMMON-401-UNAUTHENTICATED;COMMON-403-FORBIDDEN;COMMON-404-NOT_FOUND;COMMON-409-VERSION_CONFLICT;COMMON-422-BUSINESS_RULE;COMMON-429-RATE_LIMITED;COMMON-500-INTERNAL;CONTENT-409-STATUS_TRANSITION,逐字段映射，不使用通用失败Toast,刷新/重新认证并恢复安全目标,收回操作入口且不泄露资源存在性,进入资源不存在/失效状态,重新加载version和差异，禁止盲目覆盖,展示业务原因并保留安全输入,显示服务端重试时间,保留上下文和requestId，提供人工重试,FROZEN_V1.2.2
contentPostContentsByIdReport,POST,/api/v1/contents/{id}/report,举报内容,登录,R15,COMMON-400-VALIDATION;COMMON-401-UNAUTHENTICATED;COMMON-403-FORBIDDEN;COMMON-404-NOT_FOUND;COMMON-409-VERSION_CONFLICT;COMMON-422-BUSINESS_RULE;COMMON-429-RATE_LIMITED;COMMON-500-INTERNAL;CONTENT-409-STATUS_TRANSITION,逐字段映射，不使用通用失败Toast,刷新/重新认证并恢复安全目标,收回操作入口且不泄露资源存在性,进入资源不存在/失效状态,重新加载version和差异，禁止盲目覆盖,展示业务原因并保留安全输入,显示服务端重试时间,保留上下文和requestId，提供人工重试,FROZEN_V1.2.2
contentPostContentsByIdInvalidFeedback,POST,/api/v1/contents/{id}/invalid-feedback,二维码/链接失效反馈,登录,R10/R15,COMMON-400-VALIDATION;COMMON-401-UNAUTHENTICATED;COMMON-403-FORBIDDEN;COMMON-404-NOT_FOUND;COMMON-409-VERSION_CONFLICT;COMMON-422-BUSINESS_RULE;COMMON-429-RATE_LIMITED;COMMON-500-INTERNAL;CONTENT-409-STATUS_TRANSITION,逐字段映射，不使用通用失败Toast,刷新/重新认证并恢复安全目标,收回操作入口且不泄露资源存在性,进入资源不存在/失效状态,重新加载version和差异，禁止盲目覆盖,展示业务原因并保留安全输入,显示服务端重试时间,保留上下文和requestId，提供人工重试,FROZEN_V1.2.2
contentPostContentsByIdShare,POST,/api/v1/contents/{id}/share,记录分享并返回分享地址,登录,R13,COMMON-400-VALIDATION;COMMON-401-UNAUTHENTICATED;COMMON-403-FORBIDDEN;COMMON-404-NOT_FOUND;COMMON-409-VERSION_CONFLICT;COMMON-422-BUSINESS_RULE;COMMON-429-RATE_LIMITED;COMMON-500-INTERNAL;CONTENT-409-STATUS_TRANSITION,逐字段映射，不使用通用失败Toast,刷新/重新认证并恢复安全目标,收回操作入口且不泄露资源存在性,进入资源不存在/失效状态,重新加载version和差异，禁止盲目覆盖,展示业务原因并保留安全输入,显示服务端重试时间,保留上下文和requestId，提供人工重试,FROZEN_V1.2.2
chatGetConversations,GET,/api/v1/conversations,会话列表,登录,R14,COMMON-400-VALIDATION;COMMON-401-UNAUTHENTICATED;COMMON-403-FORBIDDEN;COMMON-404-NOT_FOUND;COMMON-409-VERSION_CONFLICT;COMMON-422-BUSINESS_RULE;COMMON-429-RATE_LIMITED;COMMON-500-INTERNAL,逐字段映射，不使用通用失败Toast,刷新/重新认证并恢复安全目标,收回操作入口且不泄露资源存在性,进入资源不存在/失效状态,重新加载version和差异，禁止盲目覆盖,展示业务原因并保留安全输入,显示服务端重试时间,保留上下文和requestId，提供人工重试,FROZEN_V1.2.2
chatPostConversationsDirect,POST,/api/v1/conversations/direct,创建/获取私聊会话,登录,R14,COMMON-400-VALIDATION;COMMON-401-UNAUTHENTICATED;COMMON-403-FORBIDDEN;COMMON-404-NOT_FOUND;COMMON-409-VERSION_CONFLICT;COMMON-422-BUSINESS_RULE;COMMON-429-RATE_LIMITED;COMMON-500-INTERNAL,逐字段映射，不使用通用失败Toast,刷新/重新认证并恢复安全目标,收回操作入口且不泄露资源存在性,进入资源不存在/失效状态,重新加载version和差异，禁止盲目覆盖,展示业务原因并保留安全输入,显示服务端重试时间,保留上下文和requestId，提供人工重试,FROZEN_V1.2.2
chatGetConversationsByIdMessages,GET,/api/v1/conversations/{id}/messages,消息分页,登录+成员,R14,COMMON-400-VALIDATION;COMMON-401-UNAUTHENTICATED;COMMON-403-FORBIDDEN;COMMON-404-NOT_FOUND;COMMON-409-VERSION_CONFLICT;COMMON-422-BUSINESS_RULE;COMMON-429-RATE_LIMITED;COMMON-500-INTERNAL,逐字段映射，不使用通用失败Toast,刷新/重新认证并恢复安全目标,收回操作入口且不泄露资源存在性,进入资源不存在/失效状态,重新加载version和差异，禁止盲目覆盖,展示业务原因并保留安全输入,显示服务端重试时间,保留上下文和requestId，提供人工重试,FROZEN_V1.2.2
chatPostConversationsByIdMessages,POST,/api/v1/conversations/{id}/messages,发送消息,登录+成员,R14,COMMON-400-VALIDATION;COMMON-401-UNAUTHENTICATED;COMMON-403-FORBIDDEN;COMMON-404-NOT_FOUND;COMMON-409-VERSION_CONFLICT;COMMON-422-BUSINESS_RULE;COMMON-429-RATE_LIMITED;COMMON-500-INTERNAL,逐字段映射，不使用通用失败Toast,刷新/重新认证并恢复安全目标,收回操作入口且不泄露资源存在性,进入资源不存在/失效状态,重新加载version和差异，禁止盲目覆盖,展示业务原因并保留安全输入,显示服务端重试时间,保留上下文和requestId，提供人工重试,FROZEN_V1.2.2
chatPostConversationsByIdRead,POST,/api/v1/conversations/{id}/read,更新已读,登录+成员,R14,COMMON-400-VALIDATION;COMMON-401-UNAUTHENTICATED;COMMON-403-FORBIDDEN;COMMON-404-NOT_FOUND;COMMON-409-VERSION_CONFLICT;COMMON-422-BUSINESS_RULE;COMMON-429-RATE_LIMITED;COMMON-500-INTERNAL,逐字段映射，不使用通用失败Toast,刷新/重新认证并恢复安全目标,收回操作入口且不泄露资源存在性,进入资源不存在/失效状态,重新加载version和差异，禁止盲目覆盖,展示业务原因并保留安全输入,显示服务端重试时间,保留上下文和requestId，提供人工重试,FROZEN_V1.2.2
chatDeleteConversationsById,DELETE,/api/v1/conversations/{id},删除会话视图,登录+成员,R14,COMMON-400-VALIDATION;COMMON-401-UNAUTHENTICATED;COMMON-403-FORBIDDEN;COMMON-404-NOT_FOUND;COMMON-409-VERSION_CONFLICT;COMMON-422-BUSINESS_RULE;COMMON-429-RATE_LIMITED;COMMON-500-INTERNAL,逐字段映射，不使用通用失败Toast,刷新/重新认证并恢复安全目标,收回操作入口且不泄露资源存在性,进入资源不存在/失效状态,重新加载version和差异，禁止盲目覆盖,展示业务原因并保留安全输入,显示服务端重试时间,保留上下文和requestId，提供人工重试,FROZEN_V1.2.2
chatPostUsersByIdBlock,POST,/api/v1/users/{id}/block,拉黑,登录,R14,COMMON-400-VALIDATION;COMMON-401-UNAUTHENTICATED;COMMON-403-FORBIDDEN;COMMON-404-NOT_FOUND;COMMON-409-VERSION_CONFLICT;COMMON-422-BUSINESS_RULE;COMMON-429-RATE_LIMITED;COMMON-500-INTERNAL,逐字段映射，不使用通用失败Toast,刷新/重新认证并恢复安全目标,收回操作入口且不泄露资源存在性,进入资源不存在/失效状态,重新加载version和差异，禁止盲目覆盖,展示业务原因并保留安全输入,显示服务端重试时间,保留上下文和requestId，提供人工重试,FROZEN_V1.2.2
chatDeleteUsersByIdBlock,DELETE,/api/v1/users/{id}/block,取消拉黑,登录,R14,COMMON-400-VALIDATION;COMMON-401-UNAUTHENTICATED;COMMON-403-FORBIDDEN;COMMON-404-NOT_FOUND;COMMON-409-VERSION_CONFLICT;COMMON-422-BUSINESS_RULE;COMMON-429-RATE_LIMITED;COMMON-500-INTERNAL,逐字段映射，不使用通用失败Toast,刷新/重新认证并恢复安全目标,收回操作入口且不泄露资源存在性,进入资源不存在/失效状态,重新加载version和差异，禁止盲目覆盖,展示业务原因并保留安全输入,显示服务端重试时间,保留上下文和requestId，提供人工重试,FROZEN_V1.2.2
chatPostConversationsByIdReport,POST,/api/v1/conversations/{id}/report,举报聊天,登录+成员,R14,COMMON-400-VALIDATION;COMMON-401-UNAUTHENTICATED;COMMON-403-FORBIDDEN;COMMON-404-NOT_FOUND;COMMON-409-VERSION_CONFLICT;COMMON-422-BUSINESS_RULE;COMMON-429-RATE_LIMITED;COMMON-500-INTERNAL,逐字段映射，不使用通用失败Toast,刷新/重新认证并恢复安全目标,收回操作入口且不泄露资源存在性,进入资源不存在/失效状态,重新加载version和差异，禁止盲目覆盖,展示业务原因并保留安全输入,显示服务端重试时间,保留上下文和requestId，提供人工重试,FROZEN_V1.2.2
notificationGetNotifications,GET,/api/v1/notifications,通知列表,登录,R15,COMMON-400-VALIDATION;COMMON-401-UNAUTHENTICATED;COMMON-403-FORBIDDEN;COMMON-404-NOT_FOUND;COMMON-409-VERSION_CONFLICT;COMMON-422-BUSINESS_RULE;COMMON-429-RATE_LIMITED;COMMON-500-INTERNAL,逐字段映射，不使用通用失败Toast,刷新/重新认证并恢复安全目标,收回操作入口且不泄露资源存在性,进入资源不存在/失效状态,重新加载version和差异，禁止盲目覆盖,展示业务原因并保留安全输入,显示服务端重试时间,保留上下文和requestId，提供人工重试,FROZEN_V1.2.2
notificationPostNotificationsByIdRead,POST,/api/v1/notifications/{id}/read,标记已读,登录,R15,COMMON-400-VALIDATION;COMMON-401-UNAUTHENTICATED;COMMON-403-FORBIDDEN;COMMON-404-NOT_FOUND;COMMON-409-VERSION_CONFLICT;COMMON-422-BUSINESS_RULE;COMMON-429-RATE_LIMITED;COMMON-500-INTERNAL,逐字段映射，不使用通用失败Toast,刷新/重新认证并恢复安全目标,收回操作入口且不泄露资源存在性,进入资源不存在/失效状态,重新加载version和差异，禁止盲目覆盖,展示业务原因并保留安全输入,显示服务端重试时间,保留上下文和requestId，提供人工重试,FROZEN_V1.2.2
notificationPostNotificationsReadAll,POST,/api/v1/notifications/read-all,全部已读,登录,R15,COMMON-400-VALIDATION;COMMON-401-UNAUTHENTICATED;COMMON-403-FORBIDDEN;COMMON-404-NOT_FOUND;COMMON-409-VERSION_CONFLICT;COMMON-422-BUSINESS_RULE;COMMON-429-RATE_LIMITED;COMMON-500-INTERNAL,逐字段映射，不使用通用失败Toast,刷新/重新认证并恢复安全目标,收回操作入口且不泄露资源存在性,进入资源不存在/失效状态,重新加载version和差异，禁止盲目覆盖,展示业务原因并保留安全输入,显示服务端重试时间,保留上下文和requestId，提供人工重试,FROZEN_V1.2.2
notificationGetAnnouncements,GET,/api/v1/announcements,公告列表,登录,R15,COMMON-400-VALIDATION;COMMON-401-UNAUTHENTICATED;COMMON-403-FORBIDDEN;COMMON-404-NOT_FOUND;COMMON-409-VERSION_CONFLICT;COMMON-422-BUSINESS_RULE;COMMON-429-RATE_LIMITED;COMMON-500-INTERNAL,逐字段映射，不使用通用失败Toast,刷新/重新认证并恢复安全目标,收回操作入口且不泄露资源存在性,进入资源不存在/失效状态,重新加载version和差异，禁止盲目覆盖,展示业务原因并保留安全输入,显示服务端重试时间,保留上下文和requestId，提供人工重试,FROZEN_V1.2.2
notificationGetAnnouncementsById,GET,/api/v1/announcements/{id},公告详情,登录,R15,COMMON-400-VALIDATION;COMMON-401-UNAUTHENTICATED;COMMON-403-FORBIDDEN;COMMON-404-NOT_FOUND;COMMON-409-VERSION_CONFLICT;COMMON-422-BUSINESS_RULE;COMMON-429-RATE_LIMITED;COMMON-500-INTERNAL,逐字段映射，不使用通用失败Toast,刷新/重新认证并恢复安全目标,收回操作入口且不泄露资源存在性,进入资源不存在/失效状态,重新加载version和差异，禁止盲目覆盖,展示业务原因并保留安全输入,显示服务端重试时间,保留上下文和requestId，提供人工重试,FROZEN_V1.2.2
membershipGetMembershipSkus,GET,/api/v1/membership/skus,会员SKU和权益,登录,R18,COMMON-400-VALIDATION;COMMON-401-UNAUTHENTICATED;COMMON-403-FORBIDDEN;COMMON-404-NOT_FOUND;COMMON-409-VERSION_CONFLICT;COMMON-422-BUSINESS_RULE;COMMON-429-RATE_LIMITED;COMMON-500-INTERNAL,逐字段映射，不使用通用失败Toast,刷新/重新认证并恢复安全目标,收回操作入口且不泄露资源存在性,进入资源不存在/失效状态,重新加载version和差异，禁止盲目覆盖,展示业务原因并保留安全输入,显示服务端重试时间,保留上下文和requestId，提供人工重试,FROZEN_V1.2.2
membershipGetMeMembership,GET,/api/v1/me/membership,当前会员,登录,R18,COMMON-400-VALIDATION;COMMON-401-UNAUTHENTICATED;COMMON-403-FORBIDDEN;COMMON-404-NOT_FOUND;COMMON-409-VERSION_CONFLICT;COMMON-422-BUSINESS_RULE;COMMON-429-RATE_LIMITED;COMMON-500-INTERNAL,逐字段映射，不使用通用失败Toast,刷新/重新认证并恢复安全目标,收回操作入口且不泄露资源存在性,进入资源不存在/失效状态,重新加载version和差异，禁止盲目覆盖,展示业务原因并保留安全输入,显示服务端重试时间,保留上下文和requestId，提供人工重试,FROZEN_V1.2.2
membershipPostMembershipOrders,POST,/api/v1/membership/orders,创建会员购买订单,登录,R18,COMMON-400-VALIDATION;COMMON-401-UNAUTHENTICATED;COMMON-403-FORBIDDEN;COMMON-404-NOT_FOUND;COMMON-409-VERSION_CONFLICT;COMMON-422-BUSINESS_RULE;COMMON-429-RATE_LIMITED;COMMON-500-INTERNAL,逐字段映射，不使用通用失败Toast,刷新/重新认证并恢复安全目标,收回操作入口且不泄露资源存在性,进入资源不存在/失效状态,重新加载version和差异，禁止盲目覆盖,展示业务原因并保留安全输入,显示服务端重试时间,保留上下文和requestId，提供人工重试,FROZEN_V1.2.2
membershipPostMembershipUpgradeQuotes,POST,/api/v1/membership/upgrade-quotes,生成升级报价,登录,R18,COMMON-400-VALIDATION;COMMON-401-UNAUTHENTICATED;COMMON-403-FORBIDDEN;COMMON-404-NOT_FOUND;COMMON-409-VERSION_CONFLICT;COMMON-422-BUSINESS_RULE;COMMON-429-RATE_LIMITED;COMMON-500-INTERNAL,逐字段映射，不使用通用失败Toast,刷新/重新认证并恢复安全目标,收回操作入口且不泄露资源存在性,进入资源不存在/失效状态,重新加载version和差异，禁止盲目覆盖,展示业务原因并保留安全输入,显示服务端重试时间,保留上下文和requestId，提供人工重试,FROZEN_V1.2.2
membershipPostMembershipUpgradeOrders,POST,/api/v1/membership/upgrade-orders,创建升级订单,登录,R18,COMMON-400-VALIDATION;COMMON-401-UNAUTHENTICATED;COMMON-403-FORBIDDEN;COMMON-404-NOT_FOUND;COMMON-409-VERSION_CONFLICT;COMMON-422-BUSINESS_RULE;COMMON-429-RATE_LIMITED;COMMON-500-INTERNAL,逐字段映射，不使用通用失败Toast,刷新/重新认证并恢复安全目标,收回操作入口且不泄露资源存在性,进入资源不存在/失效状态,重新加载version和差异，禁止盲目覆盖,展示业务原因并保留安全输入,显示服务端重试时间,保留上下文和requestId，提供人工重试,FROZEN_V1.2.2
propGetPropsStore,GET,/api/v1/props/store,道具商城,登录,R19,COMMON-400-VALIDATION;COMMON-401-UNAUTHENTICATED;COMMON-403-FORBIDDEN;COMMON-404-NOT_FOUND;COMMON-409-VERSION_CONFLICT;COMMON-422-BUSINESS_RULE;COMMON-429-RATE_LIMITED;COMMON-500-INTERNAL,逐字段映射，不使用通用失败Toast,刷新/重新认证并恢复安全目标,收回操作入口且不泄露资源存在性,进入资源不存在/失效状态,重新加载version和差异，禁止盲目覆盖,展示业务原因并保留安全输入,显示服务端重试时间,保留上下文和requestId，提供人工重试,FROZEN_V1.2.2
propGetMeProps,GET,/api/v1/me/props,我的道具,登录,R19,COMMON-400-VALIDATION;COMMON-401-UNAUTHENTICATED;COMMON-403-FORBIDDEN;COMMON-404-NOT_FOUND;COMMON-409-VERSION_CONFLICT;COMMON-422-BUSINESS_RULE;COMMON-429-RATE_LIMITED;COMMON-500-INTERNAL,逐字段映射，不使用通用失败Toast,刷新/重新认证并恢复安全目标,收回操作入口且不泄露资源存在性,进入资源不存在/失效状态,重新加载version和差异，禁止盲目覆盖,展示业务原因并保留安全输入,显示服务端重试时间,保留上下文和requestId，提供人工重试,FROZEN_V1.2.2
propPostPropsOrders,POST,/api/v1/props/orders,购买道具订单,登录,R19,COMMON-400-VALIDATION;COMMON-401-UNAUTHENTICATED;COMMON-403-FORBIDDEN;COMMON-404-NOT_FOUND;COMMON-409-VERSION_CONFLICT;COMMON-422-BUSINESS_RULE;COMMON-429-RATE_LIMITED;COMMON-500-INTERNAL,逐字段映射，不使用通用失败Toast,刷新/重新认证并恢复安全目标,收回操作入口且不泄露资源存在性,进入资源不存在/失效状态,重新加载version和差异，禁止盲目覆盖,展示业务原因并保留安全输入,显示服务端重试时间,保留上下文和requestId，提供人工重试,FROZEN_V1.2.2
propPostMePropsByIdUse,POST,/api/v1/me/props/{id}/use,使用道具,登录+所有者,R19,COMMON-400-VALIDATION;COMMON-401-UNAUTHENTICATED;COMMON-403-FORBIDDEN;COMMON-404-NOT_FOUND;COMMON-409-VERSION_CONFLICT;COMMON-422-BUSINESS_RULE;COMMON-429-RATE_LIMITED;COMMON-500-INTERNAL,逐字段映射，不使用通用失败Toast,刷新/重新认证并恢复安全目标,收回操作入口且不泄露资源存在性,进入资源不存在/失效状态,重新加载version和差异，禁止盲目覆盖,展示业务原因并保留安全输入,显示服务端重试时间,保留上下文和requestId，提供人工重试,FROZEN_V1.2.2
redPacketGetRedPacketCampaigns,GET,/api/v1/red-packet-campaigns,红包聚合列表,登录,R20-R23,COMMON-400-VALIDATION;COMMON-401-UNAUTHENTICATED;COMMON-403-FORBIDDEN;COMMON-404-NOT_FOUND;COMMON-409-VERSION_CONFLICT;COMMON-422-BUSINESS_RULE;COMMON-429-RATE_LIMITED;COMMON-500-INTERNAL;REDPACKET-409-STOCK_EXHAUSTED;REDPACKET-409-ALREADY_CLAIMED;REDPACKET-422-VIEW_INVALID,逐字段映射，不使用通用失败Toast,刷新/重新认证并恢复安全目标,收回操作入口且不泄露资源存在性,进入资源不存在/失效状态,重新加载version和差异，禁止盲目覆盖,展示业务原因并保留安全输入,显示服务端重试时间,保留上下文和requestId，提供人工重试,FROZEN_V1.2.2
redPacketPostRedPacketCampaigns,POST,/api/v1/red-packet-campaigns,创建草稿,登录+实名,R20-R23,COMMON-400-VALIDATION;COMMON-401-UNAUTHENTICATED;COMMON-403-FORBIDDEN;COMMON-404-NOT_FOUND;COMMON-409-VERSION_CONFLICT;COMMON-422-BUSINESS_RULE;COMMON-429-RATE_LIMITED;COMMON-500-INTERNAL;IDENTITY-422-NOT_VERIFIED;REDPACKET-409-STOCK_EXHAUSTED;REDPACKET-409-ALREADY_CLAIMED;REDPACKET-422-VIEW_INVALID,逐字段映射，不使用通用失败Toast,刷新/重新认证并恢复安全目标,收回操作入口且不泄露资源存在性,进入资源不存在/失效状态,重新加载version和差异，禁止盲目覆盖,展示业务原因并保留安全输入,显示服务端重试时间,保留上下文和requestId，提供人工重试,FROZEN_V1.2.2
redPacketGetRedPacketCampaignsById,GET,/api/v1/red-packet-campaigns/{id},红包活动详情,登录,R20-R23,COMMON-400-VALIDATION;COMMON-401-UNAUTHENTICATED;COMMON-403-FORBIDDEN;COMMON-404-NOT_FOUND;COMMON-409-VERSION_CONFLICT;COMMON-422-BUSINESS_RULE;COMMON-429-RATE_LIMITED;COMMON-500-INTERNAL;REDPACKET-409-STOCK_EXHAUSTED;REDPACKET-409-ALREADY_CLAIMED;REDPACKET-422-VIEW_INVALID,逐字段映射，不使用通用失败Toast,刷新/重新认证并恢复安全目标,收回操作入口且不泄露资源存在性,进入资源不存在/失效状态,重新加载version和差异，禁止盲目覆盖,展示业务原因并保留安全输入,显示服务端重试时间,保留上下文和requestId，提供人工重试,FROZEN_V1.2.2
redPacketPatchRedPacketCampaignsById,PATCH,/api/v1/red-packet-campaigns/{id},编辑待审草稿,登录+实名+所有者,R20-R23,COMMON-400-VALIDATION;COMMON-401-UNAUTHENTICATED;COMMON-403-FORBIDDEN;COMMON-404-NOT_FOUND;COMMON-409-VERSION_CONFLICT;COMMON-422-BUSINESS_RULE;COMMON-429-RATE_LIMITED;COMMON-500-INTERNAL;IDENTITY-422-NOT_VERIFIED;REDPACKET-409-STOCK_EXHAUSTED;REDPACKET-409-ALREADY_CLAIMED;REDPACKET-422-VIEW_INVALID,逐字段映射，不使用通用失败Toast,刷新/重新认证并恢复安全目标,收回操作入口且不泄露资源存在性,进入资源不存在/失效状态,重新加载version和差异，禁止盲目覆盖,展示业务原因并保留安全输入,显示服务端重试时间,保留上下文和requestId，提供人工重试,FROZEN_V1.2.2
redPacketPostRedPacketCampaignsByIdSubmitReview,POST,/api/v1/red-packet-campaigns/{id}/submit-review,提交预审核,登录+实名+所有者,R20-R23,COMMON-400-VALIDATION;COMMON-401-UNAUTHENTICATED;COMMON-403-FORBIDDEN;COMMON-404-NOT_FOUND;COMMON-409-VERSION_CONFLICT;COMMON-422-BUSINESS_RULE;COMMON-429-RATE_LIMITED;COMMON-500-INTERNAL;IDENTITY-422-NOT_VERIFIED;REDPACKET-409-STOCK_EXHAUSTED;REDPACKET-409-ALREADY_CLAIMED;REDPACKET-422-VIEW_INVALID,逐字段映射，不使用通用失败Toast,刷新/重新认证并恢复安全目标,收回操作入口且不泄露资源存在性,进入资源不存在/失效状态,重新加载version和差异，禁止盲目覆盖,展示业务原因并保留安全输入,显示服务端重试时间,保留上下文和requestId，提供人工重试,FROZEN_V1.2.2
redPacketPostRedPacketCampaignsByIdQuote,POST,/api/v1/red-packet-campaigns/{id}/quote,创建初始报价,登录+实名+所有者,R20-R23,COMMON-400-VALIDATION;COMMON-401-UNAUTHENTICATED;COMMON-403-FORBIDDEN;COMMON-404-NOT_FOUND;COMMON-409-VERSION_CONFLICT;COMMON-422-BUSINESS_RULE;COMMON-429-RATE_LIMITED;COMMON-500-INTERNAL;IDENTITY-422-NOT_VERIFIED;REDPACKET-409-STOCK_EXHAUSTED;REDPACKET-409-ALREADY_CLAIMED;REDPACKET-422-VIEW_INVALID,逐字段映射，不使用通用失败Toast,刷新/重新认证并恢复安全目标,收回操作入口且不泄露资源存在性,进入资源不存在/失效状态,重新加载version和差异，禁止盲目覆盖,展示业务原因并保留安全输入,显示服务端重试时间,保留上下文和requestId，提供人工重试,FROZEN_V1.2.2
redPacketPostRedPacketCampaignsByIdOrders,POST,/api/v1/red-packet-campaigns/{id}/orders,创建红包订单,登录+实名+所有者,R20-R23,COMMON-400-VALIDATION;COMMON-401-UNAUTHENTICATED;COMMON-403-FORBIDDEN;COMMON-404-NOT_FOUND;COMMON-409-VERSION_CONFLICT;COMMON-422-BUSINESS_RULE;COMMON-429-RATE_LIMITED;COMMON-500-INTERNAL;IDENTITY-422-NOT_VERIFIED;REDPACKET-409-STOCK_EXHAUSTED;REDPACKET-409-ALREADY_CLAIMED;REDPACKET-422-VIEW_INVALID,逐字段映射，不使用通用失败Toast,刷新/重新认证并恢复安全目标,收回操作入口且不泄露资源存在性,进入资源不存在/失效状态,重新加载version和差异，禁止盲目覆盖,展示业务原因并保留安全输入,显示服务端重试时间,保留上下文和requestId，提供人工重试,FROZEN_V1.2.2
redPacketPostRedPacketCampaignsByIdPause,POST,/api/v1/red-packet-campaigns/{id}/pause,暂停,登录+所有者,R20-R23,COMMON-400-VALIDATION;COMMON-401-UNAUTHENTICATED;COMMON-403-FORBIDDEN;COMMON-404-NOT_FOUND;COMMON-409-VERSION_CONFLICT;COMMON-422-BUSINESS_RULE;COMMON-429-RATE_LIMITED;COMMON-500-INTERNAL;REDPACKET-409-STOCK_EXHAUSTED;REDPACKET-409-ALREADY_CLAIMED;REDPACKET-422-VIEW_INVALID,逐字段映射，不使用通用失败Toast,刷新/重新认证并恢复安全目标,收回操作入口且不泄露资源存在性,进入资源不存在/失效状态,重新加载version和差异，禁止盲目覆盖,展示业务原因并保留安全输入,显示服务端重试时间,保留上下文和requestId，提供人工重试,FROZEN_V1.2.2
redPacketPostRedPacketCampaignsByIdResume,POST,/api/v1/red-packet-campaigns/{id}/resume,恢复,登录+所有者,R20-R23,COMMON-400-VALIDATION;COMMON-401-UNAUTHENTICATED;COMMON-403-FORBIDDEN;COMMON-404-NOT_FOUND;COMMON-409-VERSION_CONFLICT;COMMON-422-BUSINESS_RULE;COMMON-429-RATE_LIMITED;COMMON-500-INTERNAL;REDPACKET-409-STOCK_EXHAUSTED;REDPACKET-409-ALREADY_CLAIMED;REDPACKET-422-VIEW_INVALID,逐字段映射，不使用通用失败Toast,刷新/重新认证并恢复安全目标,收回操作入口且不泄露资源存在性,进入资源不存在/失效状态,重新加载version和差异，禁止盲目覆盖,展示业务原因并保留安全输入,显示服务端重试时间,保留上下文和requestId，提供人工重试,FROZEN_V1.2.2
redPacketPostRedPacketCampaignsByIdClose,POST,/api/v1/red-packet-campaigns/{id}/close,关闭且不退款,登录+所有者,R20-R23,COMMON-400-VALIDATION;COMMON-401-UNAUTHENTICATED;COMMON-403-FORBIDDEN;COMMON-404-NOT_FOUND;COMMON-409-VERSION_CONFLICT;COMMON-422-BUSINESS_RULE;COMMON-429-RATE_LIMITED;COMMON-500-INTERNAL;REDPACKET-409-STOCK_EXHAUSTED;REDPACKET-409-ALREADY_CLAIMED;REDPACKET-422-VIEW_INVALID,逐字段映射，不使用通用失败Toast,刷新/重新认证并恢复安全目标,收回操作入口且不泄露资源存在性,进入资源不存在/失效状态,重新加载version和差异，禁止盲目覆盖,展示业务原因并保留安全输入,显示服务端重试时间,保留上下文和requestId，提供人工重试,FROZEN_V1.2.2
redPacketPostRedPacketCampaignsByIdIncreaseQuotes,POST,/api/v1/red-packet-campaigns/{id}/increase-quotes,提高金额报价,登录+实名+所有者,R20-R23,COMMON-400-VALIDATION;COMMON-401-UNAUTHENTICATED;COMMON-403-FORBIDDEN;COMMON-404-NOT_FOUND;COMMON-409-VERSION_CONFLICT;COMMON-422-BUSINESS_RULE;COMMON-429-RATE_LIMITED;COMMON-500-INTERNAL;IDENTITY-422-NOT_VERIFIED;REDPACKET-409-STOCK_EXHAUSTED;REDPACKET-409-ALREADY_CLAIMED;REDPACKET-422-VIEW_INVALID,逐字段映射，不使用通用失败Toast,刷新/重新认证并恢复安全目标,收回操作入口且不泄露资源存在性,进入资源不存在/失效状态,重新加载version和差异，禁止盲目覆盖,展示业务原因并保留安全输入,显示服务端重试时间,保留上下文和requestId，提供人工重试,FROZEN_V1.2.2
redPacketPostRedPacketCampaignsByIdIncreaseOrders,POST,/api/v1/red-packet-campaigns/{id}/increase-orders,创建加价订单,登录+实名+所有者,R20-R23,COMMON-400-VALIDATION;COMMON-401-UNAUTHENTICATED;COMMON-403-FORBIDDEN;COMMON-404-NOT_FOUND;COMMON-409-VERSION_CONFLICT;COMMON-422-BUSINESS_RULE;COMMON-429-RATE_LIMITED;COMMON-500-INTERNAL;IDENTITY-422-NOT_VERIFIED;REDPACKET-409-STOCK_EXHAUSTED;REDPACKET-409-ALREADY_CLAIMED;REDPACKET-422-VIEW_INVALID,逐字段映射，不使用通用失败Toast,刷新/重新认证并恢复安全目标,收回操作入口且不泄露资源存在性,进入资源不存在/失效状态,重新加载version和差异，禁止盲目覆盖,展示业务原因并保留安全输入,显示服务端重试时间,保留上下文和requestId，提供人工重试,FROZEN_V1.2.2
redPacketGetMeRedPacketCampaigns,GET,/api/v1/me/red-packet-campaigns,广告主活动列表,登录,R20-R23,COMMON-400-VALIDATION;COMMON-401-UNAUTHENTICATED;COMMON-403-FORBIDDEN;COMMON-404-NOT_FOUND;COMMON-409-VERSION_CONFLICT;COMMON-422-BUSINESS_RULE;COMMON-429-RATE_LIMITED;COMMON-500-INTERNAL;REDPACKET-409-STOCK_EXHAUSTED;REDPACKET-409-ALREADY_CLAIMED;REDPACKET-422-VIEW_INVALID,逐字段映射，不使用通用失败Toast,刷新/重新认证并恢复安全目标,收回操作入口且不泄露资源存在性,进入资源不存在/失效状态,重新加载version和差异，禁止盲目覆盖,展示业务原因并保留安全输入,显示服务端重试时间,保留上下文和requestId，提供人工重试,FROZEN_V1.2.2
redPacketGetMeRedPacketCampaignsByIdAnalytics,GET,/api/v1/me/red-packet-campaigns/{id}/analytics,活动数据,登录+所有者,R20-R23,COMMON-400-VALIDATION;COMMON-401-UNAUTHENTICATED;COMMON-403-FORBIDDEN;COMMON-404-NOT_FOUND;COMMON-409-VERSION_CONFLICT;COMMON-422-BUSINESS_RULE;COMMON-429-RATE_LIMITED;COMMON-500-INTERNAL;REDPACKET-409-STOCK_EXHAUSTED;REDPACKET-409-ALREADY_CLAIMED;REDPACKET-422-VIEW_INVALID,逐字段映射，不使用通用失败Toast,刷新/重新认证并恢复安全目标,收回操作入口且不泄露资源存在性,进入资源不存在/失效状态,重新加载version和差异，禁止盲目覆盖,展示业务原因并保留安全输入,显示服务端重试时间,保留上下文和requestId，提供人工重试,FROZEN_V1.2.2
redPacketPostRedPacketCampaignsByIdViewSessions,POST,/api/v1/red-packet-campaigns/{id}/view-sessions,创建浏览会话并锁定名额,登录+实名,R20-R23,COMMON-400-VALIDATION;COMMON-401-UNAUTHENTICATED;COMMON-403-FORBIDDEN;COMMON-404-NOT_FOUND;COMMON-409-VERSION_CONFLICT;COMMON-422-BUSINESS_RULE;COMMON-429-RATE_LIMITED;COMMON-500-INTERNAL;IDENTITY-422-NOT_VERIFIED;REDPACKET-409-STOCK_EXHAUSTED;REDPACKET-409-ALREADY_CLAIMED;REDPACKET-422-VIEW_INVALID,逐字段映射，不使用通用失败Toast,刷新/重新认证并恢复安全目标,收回操作入口且不泄露资源存在性,进入资源不存在/失效状态,重新加载version和差异，禁止盲目覆盖,展示业务原因并保留安全输入,显示服务端重试时间,保留上下文和requestId，提供人工重试,FROZEN_V1.2.2
redPacketPostRedPacketViewSessionsByIdHeartbeat,POST,/api/v1/red-packet-view-sessions/{id}/heartbeat,浏览心跳,登录,R20-R23,COMMON-400-VALIDATION;COMMON-401-UNAUTHENTICATED;COMMON-403-FORBIDDEN;COMMON-404-NOT_FOUND;COMMON-409-VERSION_CONFLICT;COMMON-422-BUSINESS_RULE;COMMON-429-RATE_LIMITED;COMMON-500-INTERNAL;REDPACKET-409-STOCK_EXHAUSTED;REDPACKET-409-ALREADY_CLAIMED;REDPACKET-422-VIEW_INVALID,逐字段映射，不使用通用失败Toast,刷新/重新认证并恢复安全目标,收回操作入口且不泄露资源存在性,进入资源不存在/失效状态,重新加载version和差异，禁止盲目覆盖,展示业务原因并保留安全输入,显示服务端重试时间,保留上下文和requestId，提供人工重试,FROZEN_V1.2.2
redPacketPostRedPacketViewSessionsByIdClaim,POST,/api/v1/red-packet-view-sessions/{id}/claim,领取红包,登录+实名,R20-R23,COMMON-400-VALIDATION;COMMON-401-UNAUTHENTICATED;COMMON-403-FORBIDDEN;COMMON-404-NOT_FOUND;COMMON-409-VERSION_CONFLICT;COMMON-422-BUSINESS_RULE;COMMON-429-RATE_LIMITED;COMMON-500-INTERNAL;IDENTITY-422-NOT_VERIFIED;REDPACKET-409-STOCK_EXHAUSTED;REDPACKET-409-ALREADY_CLAIMED;REDPACKET-422-VIEW_INVALID,逐字段映射，不使用通用失败Toast,刷新/重新认证并恢复安全目标,收回操作入口且不泄露资源存在性,进入资源不存在/失效状态,重新加载version和差异，禁止盲目覆盖,展示业务原因并保留安全输入,显示服务端重试时间,保留上下文和requestId，提供人工重试,FROZEN_V1.2.2
redPacketPostRedPacketViewSessionsByIdCancel,POST,/api/v1/red-packet-view-sessions/{id}/cancel,取消/释放名额,登录,R20-R23,COMMON-400-VALIDATION;COMMON-401-UNAUTHENTICATED;COMMON-403-FORBIDDEN;COMMON-404-NOT_FOUND;COMMON-409-VERSION_CONFLICT;COMMON-422-BUSINESS_RULE;COMMON-429-RATE_LIMITED;COMMON-500-INTERNAL;REDPACKET-409-STOCK_EXHAUSTED;REDPACKET-409-ALREADY_CLAIMED;REDPACKET-422-VIEW_INVALID,逐字段映射，不使用通用失败Toast,刷新/重新认证并恢复安全目标,收回操作入口且不泄露资源存在性,进入资源不存在/失效状态,重新加载version和差异，禁止盲目覆盖,展示业务原因并保留安全输入,显示服务端重试时间,保留上下文和requestId，提供人工重试,FROZEN_V1.2.2
redPacketGetMeRedPacketClaims,GET,/api/v1/me/red-packet-claims,我的红包记录,登录,R20-R23,COMMON-400-VALIDATION;COMMON-401-UNAUTHENTICATED;COMMON-403-FORBIDDEN;COMMON-404-NOT_FOUND;COMMON-409-VERSION_CONFLICT;COMMON-422-BUSINESS_RULE;COMMON-429-RATE_LIMITED;COMMON-500-INTERNAL;REDPACKET-409-STOCK_EXHAUSTED;REDPACKET-409-ALREADY_CLAIMED;REDPACKET-422-VIEW_INVALID,逐字段映射，不使用通用失败Toast,刷新/重新认证并恢复安全目标,收回操作入口且不泄露资源存在性,进入资源不存在/失效状态,重新加载version和差异，禁止盲目覆盖,展示业务原因并保留安全输入,显示服务端重试时间,保留上下文和requestId，提供人工重试,FROZEN_V1.2.2
orderGetMeOrders,GET,/api/v1/me/orders,订单列表,登录,R16,COMMON-400-VALIDATION;COMMON-401-UNAUTHENTICATED;COMMON-403-FORBIDDEN;COMMON-404-NOT_FOUND;COMMON-409-VERSION_CONFLICT;COMMON-422-BUSINESS_RULE;COMMON-429-RATE_LIMITED;COMMON-500-INTERNAL;PAYMENT-409-AMOUNT_MISMATCH;PAYMENT-422-GATEWAY_REJECTED,逐字段映射，不使用通用失败Toast,刷新/重新认证并恢复安全目标,收回操作入口且不泄露资源存在性,进入资源不存在/失效状态,重新加载version和差异，禁止盲目覆盖,展示业务原因并保留安全输入,显示服务端重试时间,保留上下文和requestId，提供人工重试,FROZEN_V1.2.2
orderGetMeOrdersByOrderno,GET,/api/v1/me/orders/{orderNo},订单详情,登录,R16,COMMON-400-VALIDATION;COMMON-401-UNAUTHENTICATED;COMMON-403-FORBIDDEN;COMMON-404-NOT_FOUND;COMMON-409-VERSION_CONFLICT;COMMON-422-BUSINESS_RULE;COMMON-429-RATE_LIMITED;COMMON-500-INTERNAL;PAYMENT-409-AMOUNT_MISMATCH;PAYMENT-422-GATEWAY_REJECTED,逐字段映射，不使用通用失败Toast,刷新/重新认证并恢复安全目标,收回操作入口且不泄露资源存在性,进入资源不存在/失效状态,重新加载version和差异，禁止盲目覆盖,展示业务原因并保留安全输入,显示服务端重试时间,保留上下文和requestId，提供人工重试,FROZEN_V1.2.2
paymentGetOrdersByOrdernoCashier,GET,/api/v1/orders/{orderNo}/cashier,收银台数据,登录,R17,COMMON-400-VALIDATION;COMMON-401-UNAUTHENTICATED;COMMON-403-FORBIDDEN;COMMON-404-NOT_FOUND;COMMON-409-VERSION_CONFLICT;COMMON-422-BUSINESS_RULE;COMMON-429-RATE_LIMITED;COMMON-500-INTERNAL;PAYMENT-409-AMOUNT_MISMATCH;PAYMENT-422-GATEWAY_REJECTED,逐字段映射，不使用通用失败Toast,刷新/重新认证并恢复安全目标,收回操作入口且不泄露资源存在性,进入资源不存在/失效状态,重新加载version和差异，禁止盲目覆盖,展示业务原因并保留安全输入,显示服务端重试时间,保留上下文和requestId，提供人工重试,FROZEN_V1.2.2
paymentPostOrdersByOrdernoPayments,POST,/api/v1/orders/{orderNo}/payments,创建第三方支付,登录,R17,COMMON-400-VALIDATION;COMMON-401-UNAUTHENTICATED;COMMON-403-FORBIDDEN;COMMON-404-NOT_FOUND;COMMON-409-VERSION_CONFLICT;COMMON-422-BUSINESS_RULE;COMMON-429-RATE_LIMITED;COMMON-500-INTERNAL;PAYMENT-409-AMOUNT_MISMATCH;PAYMENT-422-GATEWAY_REJECTED,逐字段映射，不使用通用失败Toast,刷新/重新认证并恢复安全目标,收回操作入口且不泄露资源存在性,进入资源不存在/失效状态,重新加载version和差异，禁止盲目覆盖,展示业务原因并保留安全输入,显示服务端重试时间,保留上下文和requestId，提供人工重试,FROZEN_V1.2.2
paymentGetOrdersByOrdernoPaymentStatus,GET,/api/v1/orders/{orderNo}/payment-status,查询支付状态,登录,R17,COMMON-400-VALIDATION;COMMON-401-UNAUTHENTICATED;COMMON-403-FORBIDDEN;COMMON-404-NOT_FOUND;COMMON-409-VERSION_CONFLICT;COMMON-422-BUSINESS_RULE;COMMON-429-RATE_LIMITED;COMMON-500-INTERNAL;PAYMENT-409-AMOUNT_MISMATCH;PAYMENT-422-GATEWAY_REJECTED,逐字段映射，不使用通用失败Toast,刷新/重新认证并恢复安全目标,收回操作入口且不泄露资源存在性,进入资源不存在/失效状态,重新加载version和差异，禁止盲目覆盖,展示业务原因并保留安全输入,显示服务端重试时间,保留上下文和requestId，提供人工重试,FROZEN_V1.2.2
paymentPostPaymentByGatewayNotify,POST,/public-api/v1/payment/{gateway}/notify,支付异步回调,供应商签名,R17,COMMON-400-VALIDATION;COMMON-401-UNAUTHENTICATED;COMMON-403-FORBIDDEN;COMMON-404-NOT_FOUND;COMMON-409-VERSION_CONFLICT;COMMON-422-BUSINESS_RULE;COMMON-429-RATE_LIMITED;COMMON-500-INTERNAL;PAYMENT-409-AMOUNT_MISMATCH;PAYMENT-422-GATEWAY_REJECTED,逐字段映射，不使用通用失败Toast,刷新/重新认证并恢复安全目标,收回操作入口且不泄露资源存在性,进入资源不存在/失效状态,重新加载version和差异，禁止盲目覆盖,展示业务原因并保留安全输入,显示服务端重试时间,保留上下文和requestId，提供人工重试,FROZEN_V1.2.2
rewardGetMeRewardAccount,GET,/api/v1/me/reward-account,奖励账户,登录+实名,R24,COMMON-400-VALIDATION;COMMON-401-UNAUTHENTICATED;COMMON-403-FORBIDDEN;COMMON-404-NOT_FOUND;COMMON-409-VERSION_CONFLICT;COMMON-422-BUSINESS_RULE;COMMON-429-RATE_LIMITED;COMMON-500-INTERNAL;IDENTITY-422-NOT_VERIFIED;REWARD-423-RISK_FROZEN,逐字段映射，不使用通用失败Toast,刷新/重新认证并恢复安全目标,收回操作入口且不泄露资源存在性,进入资源不存在/失效状态,重新加载version和差异，禁止盲目覆盖,展示业务原因并保留安全输入,显示服务端重试时间,保留上下文和requestId，提供人工重试,FROZEN_V1.2.2
rewardGetMeRewardLedger,GET,/api/v1/me/reward-ledger,奖励流水,登录+实名,R24,COMMON-400-VALIDATION;COMMON-401-UNAUTHENTICATED;COMMON-403-FORBIDDEN;COMMON-404-NOT_FOUND;COMMON-409-VERSION_CONFLICT;COMMON-422-BUSINESS_RULE;COMMON-429-RATE_LIMITED;COMMON-500-INTERNAL;IDENTITY-422-NOT_VERIFIED;REWARD-423-RISK_FROZEN,逐字段映射，不使用通用失败Toast,刷新/重新认证并恢复安全目标,收回操作入口且不泄露资源存在性,进入资源不存在/失效状态,重新加载version和差异，禁止盲目覆盖,展示业务原因并保留安全输入,显示服务端重试时间,保留上下文和requestId，提供人工重试,FROZEN_V1.2.2
withdrawalGetMePayoutAccount,GET,/api/v1/me/payout-account,支付宝账户,登录+实名,R24,COMMON-400-VALIDATION;COMMON-401-UNAUTHENTICATED;COMMON-403-FORBIDDEN;COMMON-404-NOT_FOUND;COMMON-409-VERSION_CONFLICT;COMMON-422-BUSINESS_RULE;COMMON-429-RATE_LIMITED;COMMON-500-INTERNAL;IDENTITY-422-NOT_VERIFIED;WITHDRAWAL-422-BALANCE_INSUFFICIENT;WITHDRAWAL-409-DUPLICATE,逐字段映射，不使用通用失败Toast,刷新/重新认证并恢复安全目标,收回操作入口且不泄露资源存在性,进入资源不存在/失效状态,重新加载version和差异，禁止盲目覆盖,展示业务原因并保留安全输入,显示服务端重试时间,保留上下文和requestId，提供人工重试,FROZEN_V1.2.2
withdrawalPutMePayoutAccount,PUT,/api/v1/me/payout-account,绑定/修改支付宝,登录+实名,R24,COMMON-400-VALIDATION;COMMON-401-UNAUTHENTICATED;COMMON-403-FORBIDDEN;COMMON-404-NOT_FOUND;COMMON-409-VERSION_CONFLICT;COMMON-422-BUSINESS_RULE;COMMON-429-RATE_LIMITED;COMMON-500-INTERNAL;IDENTITY-422-NOT_VERIFIED;WITHDRAWAL-422-BALANCE_INSUFFICIENT;WITHDRAWAL-409-DUPLICATE,逐字段映射，不使用通用失败Toast,刷新/重新认证并恢复安全目标,收回操作入口且不泄露资源存在性,进入资源不存在/失效状态,重新加载version和差异，禁止盲目覆盖,展示业务原因并保留安全输入,显示服务端重试时间,保留上下文和requestId，提供人工重试,FROZEN_V1.2.2
withdrawalPostWithdrawalsQuote,POST,/api/v1/withdrawals/quote,提现手续费报价,登录+实名,R24,COMMON-400-VALIDATION;COMMON-401-UNAUTHENTICATED;COMMON-403-FORBIDDEN;COMMON-404-NOT_FOUND;COMMON-409-VERSION_CONFLICT;COMMON-422-BUSINESS_RULE;COMMON-429-RATE_LIMITED;COMMON-500-INTERNAL;IDENTITY-422-NOT_VERIFIED;WITHDRAWAL-422-BALANCE_INSUFFICIENT;WITHDRAWAL-409-DUPLICATE,逐字段映射，不使用通用失败Toast,刷新/重新认证并恢复安全目标,收回操作入口且不泄露资源存在性,进入资源不存在/失效状态,重新加载version和差异，禁止盲目覆盖,展示业务原因并保留安全输入,显示服务端重试时间,保留上下文和requestId，提供人工重试,FROZEN_V1.2.2
withdrawalPostWithdrawals,POST,/api/v1/withdrawals,提交提现,登录+实名,R24,COMMON-400-VALIDATION;COMMON-401-UNAUTHENTICATED;COMMON-403-FORBIDDEN;COMMON-404-NOT_FOUND;COMMON-409-VERSION_CONFLICT;COMMON-422-BUSINESS_RULE;COMMON-429-RATE_LIMITED;COMMON-500-INTERNAL;IDENTITY-422-NOT_VERIFIED;WITHDRAWAL-422-BALANCE_INSUFFICIENT;WITHDRAWAL-409-DUPLICATE,逐字段映射，不使用通用失败Toast,刷新/重新认证并恢复安全目标,收回操作入口且不泄露资源存在性,进入资源不存在/失效状态,重新加载version和差异，禁止盲目覆盖,展示业务原因并保留安全输入,显示服务端重试时间,保留上下文和requestId，提供人工重试,FROZEN_V1.2.2
withdrawalGetMeWithdrawals,GET,/api/v1/me/withdrawals,提现记录,登录+实名,R24,COMMON-400-VALIDATION;COMMON-401-UNAUTHENTICATED;COMMON-403-FORBIDDEN;COMMON-404-NOT_FOUND;COMMON-409-VERSION_CONFLICT;COMMON-422-BUSINESS_RULE;COMMON-429-RATE_LIMITED;COMMON-500-INTERNAL;IDENTITY-422-NOT_VERIFIED;WITHDRAWAL-422-BALANCE_INSUFFICIENT;WITHDRAWAL-409-DUPLICATE,逐字段映射，不使用通用失败Toast,刷新/重新认证并恢复安全目标,收回操作入口且不泄露资源存在性,进入资源不存在/失效状态,重新加载version和差异，禁止盲目覆盖,展示业务原因并保留安全输入,显示服务端重试时间,保留上下文和requestId，提供人工重试,FROZEN_V1.2.2
referralGetMeReferralOverview,GET,/api/v1/me/referral/overview,推广概览,登录+实名,R25-R26,COMMON-400-VALIDATION;COMMON-401-UNAUTHENTICATED;COMMON-403-FORBIDDEN;COMMON-404-NOT_FOUND;COMMON-409-VERSION_CONFLICT;COMMON-422-BUSINESS_RULE;COMMON-429-RATE_LIMITED;COMMON-500-INTERNAL;IDENTITY-422-NOT_VERIFIED,逐字段映射，不使用通用失败Toast,刷新/重新认证并恢复安全目标,收回操作入口且不泄露资源存在性,进入资源不存在/失效状态,重新加载version和差异，禁止盲目覆盖,展示业务原因并保留安全输入,显示服务端重试时间,保留上下文和requestId，提供人工重试,FROZEN_V1.2.2
referralGetMeReferralInviteAssets,GET,/api/v1/me/referral/invite-assets,邀请链接二维码文案,登录+实名,R25-R26,COMMON-400-VALIDATION;COMMON-401-UNAUTHENTICATED;COMMON-403-FORBIDDEN;COMMON-404-NOT_FOUND;COMMON-409-VERSION_CONFLICT;COMMON-422-BUSINESS_RULE;COMMON-429-RATE_LIMITED;COMMON-500-INTERNAL;IDENTITY-422-NOT_VERIFIED,逐字段映射，不使用通用失败Toast,刷新/重新认证并恢复安全目标,收回操作入口且不泄露资源存在性,进入资源不存在/失效状态,重新加载version和差异，禁止盲目覆盖,展示业务原因并保留安全输入,显示服务端重试时间,保留上下文和requestId，提供人工重试,FROZEN_V1.2.2
referralGetMeReferralPosters,GET,/api/v1/me/referral/posters,海报模板,登录+实名,R25-R26,COMMON-400-VALIDATION;COMMON-401-UNAUTHENTICATED;COMMON-403-FORBIDDEN;COMMON-404-NOT_FOUND;COMMON-409-VERSION_CONFLICT;COMMON-422-BUSINESS_RULE;COMMON-429-RATE_LIMITED;COMMON-500-INTERNAL;IDENTITY-422-NOT_VERIFIED,逐字段映射，不使用通用失败Toast,刷新/重新认证并恢复安全目标,收回操作入口且不泄露资源存在性,进入资源不存在/失效状态,重新加载version和差异，禁止盲目覆盖,展示业务原因并保留安全输入,显示服务端重试时间,保留上下文和requestId，提供人工重试,FROZEN_V1.2.2
referralGetMeReferralDirectUsers,GET,/api/v1/me/referral/direct-users,直推用户和活跃进度,登录+实名,R25-R26,COMMON-400-VALIDATION;COMMON-401-UNAUTHENTICATED;COMMON-403-FORBIDDEN;COMMON-404-NOT_FOUND;COMMON-409-VERSION_CONFLICT;COMMON-422-BUSINESS_RULE;COMMON-429-RATE_LIMITED;COMMON-500-INTERNAL;IDENTITY-422-NOT_VERIFIED,逐字段映射，不使用通用失败Toast,刷新/重新认证并恢复安全目标,收回操作入口且不泄露资源存在性,进入资源不存在/失效状态,重新加载version和差异，禁止盲目覆盖,展示业务原因并保留安全输入,显示服务端重试时间,保留上下文和requestId，提供人工重试,FROZEN_V1.2.2
referralGetMeReferralLevel2Users,GET,/api/v1/me/referral/level2-users,二级用户,登录+实名,R25-R26,COMMON-400-VALIDATION;COMMON-401-UNAUTHENTICATED;COMMON-403-FORBIDDEN;COMMON-404-NOT_FOUND;COMMON-409-VERSION_CONFLICT;COMMON-422-BUSINESS_RULE;COMMON-429-RATE_LIMITED;COMMON-500-INTERNAL;IDENTITY-422-NOT_VERIFIED,逐字段映射，不使用通用失败Toast,刷新/重新认证并恢复安全目标,收回操作入口且不泄露资源存在性,进入资源不存在/失效状态,重新加载version和差异，禁止盲目覆盖,展示业务原因并保留安全输入,显示服务端重试时间,保留上下文和requestId，提供人工重试,FROZEN_V1.2.2
referralGetMeReferralCommissions,GET,/api/v1/me/referral/commissions,一级二级佣金,登录+实名,R25-R26,COMMON-400-VALIDATION;COMMON-401-UNAUTHENTICATED;COMMON-403-FORBIDDEN;COMMON-404-NOT_FOUND;COMMON-409-VERSION_CONFLICT;COMMON-422-BUSINESS_RULE;COMMON-429-RATE_LIMITED;COMMON-500-INTERNAL;IDENTITY-422-NOT_VERIFIED,逐字段映射，不使用通用失败Toast,刷新/重新认证并恢复安全目标,收回操作入口且不泄露资源存在性,进入资源不存在/失效状态,重新加载version和差异，禁止盲目覆盖,展示业务原因并保留安全输入,显示服务端重试时间,保留上下文和requestId，提供人工重试,FROZEN_V1.2.2
referralGetMeReferralActivityRewards,GET,/api/v1/me/referral/activity-rewards,直推阶梯奖励,登录+实名,R25-R26,COMMON-400-VALIDATION;COMMON-401-UNAUTHENTICATED;COMMON-403-FORBIDDEN;COMMON-404-NOT_FOUND;COMMON-409-VERSION_CONFLICT;COMMON-422-BUSINESS_RULE;COMMON-429-RATE_LIMITED;COMMON-500-INTERNAL;IDENTITY-422-NOT_VERIFIED,逐字段映射，不使用通用失败Toast,刷新/重新认证并恢复安全目标,收回操作入口且不泄露资源存在性,进入资源不存在/失效状态,重新加载version和差异，禁止盲目覆盖,展示业务原因并保留安全输入,显示服务端重试时间,保留上下文和requestId，提供人工重试,FROZEN_V1.2.2
taskGetTasks,GET,/api/v1/tasks,任务列表和进度,登录,R27,COMMON-400-VALIDATION;COMMON-401-UNAUTHENTICATED;COMMON-403-FORBIDDEN;COMMON-404-NOT_FOUND;COMMON-409-VERSION_CONFLICT;COMMON-422-BUSINESS_RULE;COMMON-429-RATE_LIMITED;COMMON-500-INTERNAL,逐字段映射，不使用通用失败Toast,刷新/重新认证并恢复安全目标,收回操作入口且不泄露资源存在性,进入资源不存在/失效状态,重新加载version和差异，禁止盲目覆盖,展示业务原因并保留安全输入,显示服务端重试时间,保留上下文和requestId，提供人工重试,FROZEN_V1.2.2
taskPostTasksByIdClaim,POST,/api/v1/tasks/{id}/claim,领取任务奖励,登录,R27,COMMON-400-VALIDATION;COMMON-401-UNAUTHENTICATED;COMMON-403-FORBIDDEN;COMMON-404-NOT_FOUND;COMMON-409-VERSION_CONFLICT;COMMON-422-BUSINESS_RULE;COMMON-429-RATE_LIMITED;COMMON-500-INTERNAL,逐字段映射，不使用通用失败Toast,刷新/重新认证并恢复安全目标,收回操作入口且不泄露资源存在性,进入资源不存在/失效状态,重新加载version和差异，禁止盲目覆盖,展示业务原因并保留安全输入,显示服务端重试时间,保留上下文和requestId，提供人工重试,FROZEN_V1.2.2
taskGetMePoints,GET,/api/v1/me/points,个人任务积分,登录,R27,COMMON-400-VALIDATION;COMMON-401-UNAUTHENTICATED;COMMON-403-FORBIDDEN;COMMON-404-NOT_FOUND;COMMON-409-VERSION_CONFLICT;COMMON-422-BUSINESS_RULE;COMMON-429-RATE_LIMITED;COMMON-500-INTERNAL,逐字段映射，不使用通用失败Toast,刷新/重新认证并恢复安全目标,收回操作入口且不泄露资源存在性,进入资源不存在/失效状态,重新加载version和差异，禁止盲目覆盖,展示业务原因并保留安全输入,显示服务端重试时间,保留上下文和requestId，提供人工重试,FROZEN_V1.2.2
taskGetMePointLedger,GET,/api/v1/me/point-ledger,积分明细,登录,R27,COMMON-400-VALIDATION;COMMON-401-UNAUTHENTICATED;COMMON-403-FORBIDDEN;COMMON-404-NOT_FOUND;COMMON-409-VERSION_CONFLICT;COMMON-422-BUSINESS_RULE;COMMON-429-RATE_LIMITED;COMMON-500-INTERNAL,逐字段映射，不使用通用失败Toast,刷新/重新认证并恢复安全目标,收回操作入口且不泄露资源存在性,进入资源不存在/失效状态,重新加载version和差异，禁止盲目覆盖,展示业务原因并保留安全输入,显示服务端重试时间,保留上下文和requestId，提供人工重试,FROZEN_V1.2.2
supportGetHelpArticles,GET,/api/v1/help/articles,帮助列表,登录,R15,COMMON-400-VALIDATION;COMMON-401-UNAUTHENTICATED;COMMON-403-FORBIDDEN;COMMON-404-NOT_FOUND;COMMON-409-VERSION_CONFLICT;COMMON-422-BUSINESS_RULE;COMMON-429-RATE_LIMITED;COMMON-500-INTERNAL,逐字段映射，不使用通用失败Toast,刷新/重新认证并恢复安全目标,收回操作入口且不泄露资源存在性,进入资源不存在/失效状态,重新加载version和差异，禁止盲目覆盖,展示业务原因并保留安全输入,显示服务端重试时间,保留上下文和requestId，提供人工重试,FROZEN_V1.2.2
supportGetHelpArticlesById,GET,/api/v1/help/articles/{id},帮助详情,登录,R15,COMMON-400-VALIDATION;COMMON-401-UNAUTHENTICATED;COMMON-403-FORBIDDEN;COMMON-404-NOT_FOUND;COMMON-409-VERSION_CONFLICT;COMMON-422-BUSINESS_RULE;COMMON-429-RATE_LIMITED;COMMON-500-INTERNAL,逐字段映射，不使用通用失败Toast,刷新/重新认证并恢复安全目标,收回操作入口且不泄露资源存在性,进入资源不存在/失效状态,重新加载version和差异，禁止盲目覆盖,展示业务原因并保留安全输入,显示服务端重试时间,保留上下文和requestId，提供人工重试,FROZEN_V1.2.2
supportPostSupportTickets,POST,/api/v1/support/tickets,创建工单,登录,R15,COMMON-400-VALIDATION;COMMON-401-UNAUTHENTICATED;COMMON-403-FORBIDDEN;COMMON-404-NOT_FOUND;COMMON-409-VERSION_CONFLICT;COMMON-422-BUSINESS_RULE;COMMON-429-RATE_LIMITED;COMMON-500-INTERNAL,逐字段映射，不使用通用失败Toast,刷新/重新认证并恢复安全目标,收回操作入口且不泄露资源存在性,进入资源不存在/失效状态,重新加载version和差异，禁止盲目覆盖,展示业务原因并保留安全输入,显示服务端重试时间,保留上下文和requestId，提供人工重试,FROZEN_V1.2.2
supportGetSupportTickets,GET,/api/v1/support/tickets,工单列表,登录,R15,COMMON-400-VALIDATION;COMMON-401-UNAUTHENTICATED;COMMON-403-FORBIDDEN;COMMON-404-NOT_FOUND;COMMON-409-VERSION_CONFLICT;COMMON-422-BUSINESS_RULE;COMMON-429-RATE_LIMITED;COMMON-500-INTERNAL,逐字段映射，不使用通用失败Toast,刷新/重新认证并恢复安全目标,收回操作入口且不泄露资源存在性,进入资源不存在/失效状态,重新加载version和差异，禁止盲目覆盖,展示业务原因并保留安全输入,显示服务端重试时间,保留上下文和requestId，提供人工重试,FROZEN_V1.2.2
supportGetSupportTicketsById,GET,/api/v1/support/tickets/{id},工单详情,登录+所有者,R15,COMMON-400-VALIDATION;COMMON-401-UNAUTHENTICATED;COMMON-403-FORBIDDEN;COMMON-404-NOT_FOUND;COMMON-409-VERSION_CONFLICT;COMMON-422-BUSINESS_RULE;COMMON-429-RATE_LIMITED;COMMON-500-INTERNAL,逐字段映射，不使用通用失败Toast,刷新/重新认证并恢复安全目标,收回操作入口且不泄露资源存在性,进入资源不存在/失效状态,重新加载version和差异，禁止盲目覆盖,展示业务原因并保留安全输入,显示服务端重试时间,保留上下文和requestId，提供人工重试,FROZEN_V1.2.2
supportPostSupportTicketsByIdMessages,POST,/api/v1/support/tickets/{id}/messages,补充消息,登录+所有者,R15,COMMON-400-VALIDATION;COMMON-401-UNAUTHENTICATED;COMMON-403-FORBIDDEN;COMMON-404-NOT_FOUND;COMMON-409-VERSION_CONFLICT;COMMON-422-BUSINESS_RULE;COMMON-429-RATE_LIMITED;COMMON-500-INTERNAL,逐字段映射，不使用通用失败Toast,刷新/重新认证并恢复安全目标,收回操作入口且不泄露资源存在性,进入资源不存在/失效状态,重新加载version和差异，禁止盲目覆盖,展示业务原因并保留安全输入,显示服务端重试时间,保留上下文和requestId，提供人工重试,FROZEN_V1.2.2
appReleaseGetAppVersionCheck,GET,/api/v1/app/version-check,登录后版本检查兼容接口；新客户端优先使用公开版本检查,登录可选,P00/R02/R29,COMMON-400-VALIDATION;COMMON-401-UNAUTHENTICATED;COMMON-403-FORBIDDEN;COMMON-404-NOT_FOUND;COMMON-409-VERSION_CONFLICT;COMMON-422-BUSINESS_RULE;COMMON-429-RATE_LIMITED;COMMON-500-INTERNAL,逐字段映射，不使用通用失败Toast,刷新/重新认证并恢复安全目标,收回操作入口且不泄露资源存在性,进入资源不存在/失效状态,重新加载version和差异，禁止盲目覆盖,展示业务原因并保留安全输入,显示服务端重试时间,保留上下文和requestId，提供人工重试,FROZEN_V1.2.2
publicGetHomePage,GET,/public-api/v1/home-page,H5宣传页配置,公开,R28,COMMON-400-VALIDATION;COMMON-401-UNAUTHENTICATED;COMMON-403-FORBIDDEN;COMMON-404-NOT_FOUND;COMMON-409-VERSION_CONFLICT;COMMON-422-BUSINESS_RULE;COMMON-429-RATE_LIMITED;COMMON-500-INTERNAL,逐字段映射，不使用通用失败Toast,刷新/重新认证并恢复安全目标,收回操作入口且不泄露资源存在性,进入资源不存在/失效状态,重新加载version和差异，禁止盲目覆盖,展示业务原因并保留安全输入,显示服务端重试时间,保留上下文和requestId，提供人工重试,FROZEN_V1.2.2
publicGetAppLatest,GET,/public-api/v1/app/latest,最新APK下载信息,公开,R28,COMMON-400-VALIDATION;COMMON-401-UNAUTHENTICATED;COMMON-403-FORBIDDEN;COMMON-404-NOT_FOUND;COMMON-409-VERSION_CONFLICT;COMMON-422-BUSINESS_RULE;COMMON-429-RATE_LIMITED;COMMON-500-INTERNAL,逐字段映射，不使用通用失败Toast,刷新/重新认证并恢复安全目标,收回操作入口且不泄露资源存在性,进入资源不存在/失效状态,重新加载version和差异，禁止盲目覆盖,展示业务原因并保留安全输入,显示服务端重试时间,保留上下文和requestId，提供人工重试,FROZEN_V1.2.2
publicGetShareContentsById,GET,/public-api/v1/share/contents/{id},分享预览,公开,R28,COMMON-400-VALIDATION;COMMON-401-UNAUTHENTICATED;COMMON-403-FORBIDDEN;COMMON-404-NOT_FOUND;COMMON-409-VERSION_CONFLICT;COMMON-422-BUSINESS_RULE;COMMON-429-RATE_LIMITED;COMMON-500-INTERNAL,逐字段映射，不使用通用失败Toast,刷新/重新认证并恢复安全目标,收回操作入口且不泄露资源存在性,进入资源不存在/失效状态,重新加载version和差异，禁止盲目覆盖,展示业务原因并保留安全输入,显示服务端重试时间,保留上下文和requestId，提供人工重试,FROZEN_V1.2.2
publicGetInviteByCode,GET,/public-api/v1/invite/{code},邀请落地数据,公开,R28,COMMON-400-VALIDATION;COMMON-401-UNAUTHENTICATED;COMMON-403-FORBIDDEN;COMMON-404-NOT_FOUND;COMMON-409-VERSION_CONFLICT;COMMON-422-BUSINESS_RULE;COMMON-429-RATE_LIMITED;COMMON-500-INTERNAL,逐字段映射，不使用通用失败Toast,刷新/重新认证并恢复安全目标,收回操作入口且不泄露资源存在性,进入资源不存在/失效状态,重新加载version和差异，禁止盲目覆盖,展示业务原因并保留安全输入,显示服务端重试时间,保留上下文和requestId，提供人工重试,FROZEN_V1.2.2
publicGetInviteByCodeRegistrationConfig,GET,/public-api/v1/invite/{code}/registration-config,H5注册配置、邀请码状态、协议版本,公开,R28,COMMON-400-VALIDATION;COMMON-401-UNAUTHENTICATED;COMMON-403-FORBIDDEN;COMMON-404-NOT_FOUND;COMMON-409-VERSION_CONFLICT;COMMON-422-BUSINESS_RULE;COMMON-429-RATE_LIMITED;COMMON-500-INTERNAL,逐字段映射，不使用通用失败Toast,刷新/重新认证并恢复安全目标,收回操作入口且不泄露资源存在性,进入资源不存在/失效状态,重新加载version和差异，禁止盲目覆盖,展示业务原因并保留安全输入,显示服务端重试时间,保留上下文和requestId，提供人工重试,FROZEN_V1.2.2
publicGetAgreementsByCode,GET,/public-api/v1/agreements/{code},协议内容,公开,R28,COMMON-400-VALIDATION;COMMON-401-UNAUTHENTICATED;COMMON-403-FORBIDDEN;COMMON-404-NOT_FOUND;COMMON-409-VERSION_CONFLICT;COMMON-422-BUSINESS_RULE;COMMON-429-RATE_LIMITED;COMMON-500-INTERNAL,逐字段映射，不使用通用失败Toast,刷新/重新认证并恢复安全目标,收回操作入口且不泄露资源存在性,进入资源不存在/失效状态,重新加载version和差异，禁止盲目覆盖,展示业务原因并保留安全输入,显示服务端重试时间,保留上下文和requestId，提供人工重试,FROZEN_V1.2.2
publicGetPlatformStatus,GET,/public-api/v1/platform/status,启动维护状态、注册/发布/红包/提现总开关和服务端时间,公开,P00/R02,COMMON-400-VALIDATION;COMMON-401-UNAUTHENTICATED;COMMON-403-FORBIDDEN;COMMON-404-NOT_FOUND;COMMON-409-VERSION_CONFLICT;COMMON-422-BUSINESS_RULE;COMMON-429-RATE_LIMITED;COMMON-500-INTERNAL,逐字段映射，不使用通用失败Toast,刷新/重新认证并恢复安全目标,收回操作入口且不泄露资源存在性,进入资源不存在/失效状态,重新加载version和差异，禁止盲目覆盖,展示业务原因并保留安全输入,显示服务端重试时间,保留上下文和requestId，提供人工重试,FROZEN_V1.2.2
appReleasePostAppVersionCheck,POST,/public-api/v1/app/version-check,按平台、版本号、渠道和环境返回可选/强制更新策略,公开,P00/R02/R29,COMMON-400-VALIDATION;COMMON-401-UNAUTHENTICATED;COMMON-403-FORBIDDEN;COMMON-404-NOT_FOUND;COMMON-409-VERSION_CONFLICT;COMMON-422-BUSINESS_RULE;COMMON-429-RATE_LIMITED;COMMON-500-INTERNAL,逐字段映射，不使用通用失败Toast,刷新/重新认证并恢复安全目标,收回操作入口且不泄露资源存在性,进入资源不存在/失效状态,重新加载version和差异，禁止盲目覆盖,展示业务原因并保留安全输入,显示服务端重试时间,保留上下文和requestId，提供人工重试,FROZEN_V1.2.2
publicGetHelpArticlesById,GET,/public-api/v1/help/articles/{id},公开帮助文章详情,公开,R15/R28,COMMON-400-VALIDATION;COMMON-401-UNAUTHENTICATED;COMMON-403-FORBIDDEN;COMMON-404-NOT_FOUND;COMMON-409-VERSION_CONFLICT;COMMON-422-BUSINESS_RULE;COMMON-429-RATE_LIMITED;COMMON-500-INTERNAL,逐字段映射，不使用通用失败Toast,刷新/重新认证并恢复安全目标,收回操作入口且不泄露资源存在性,进入资源不存在/失效状态,重新加载version和差异，禁止盲目覆盖,展示业务原因并保留安全输入,显示服务端重试时间,保留上下文和requestId，提供人工重试,FROZEN_V1.2.2
adminAdminAuthPostAuthLogin,POST,/admin-api/v1/auth/login,后台登录,公开,R01,COMMON-400-VALIDATION;COMMON-401-UNAUTHENTICATED;COMMON-403-FORBIDDEN;COMMON-404-NOT_FOUND;COMMON-409-VERSION_CONFLICT;COMMON-422-BUSINESS_RULE;COMMON-429-RATE_LIMITED;COMMON-500-INTERNAL,逐字段映射，不使用通用失败Toast,刷新/重新认证并恢复安全目标,收回操作入口且不泄露资源存在性,进入资源不存在/失效状态,重新加载version和差异，禁止盲目覆盖,展示业务原因并保留安全输入,显示服务端重试时间,保留上下文和requestId，提供人工重试,FROZEN_V1.2.2
adminAdminAuthPostAuthMfaVerify,POST,/admin-api/v1/auth/mfa/verify,二次验证,已登录待二次验证,R01,COMMON-400-VALIDATION;COMMON-401-UNAUTHENTICATED;COMMON-403-FORBIDDEN;COMMON-404-NOT_FOUND;COMMON-409-VERSION_CONFLICT;COMMON-422-BUSINESS_RULE;COMMON-429-RATE_LIMITED;COMMON-500-INTERNAL,逐字段映射，不使用通用失败Toast,刷新/重新认证并恢复安全目标,收回操作入口且不泄露资源存在性,进入资源不存在/失效状态,重新加载version和差异，禁止盲目覆盖,展示业务原因并保留安全输入,显示服务端重试时间,保留上下文和requestId，提供人工重试,FROZEN_V1.2.2
adminAdminAuthPostAuthLogout,POST,/admin-api/v1/auth/logout,退出,后台登录,R01,COMMON-400-VALIDATION;COMMON-401-UNAUTHENTICATED;COMMON-403-FORBIDDEN;COMMON-404-NOT_FOUND;COMMON-409-VERSION_CONFLICT;COMMON-422-BUSINESS_RULE;COMMON-429-RATE_LIMITED;COMMON-500-INTERNAL,逐字段映射，不使用通用失败Toast,刷新/重新认证并恢复安全目标,收回操作入口且不泄露资源存在性,进入资源不存在/失效状态,重新加载version和差异，禁止盲目覆盖,展示业务原因并保留安全输入,显示服务端重试时间,保留上下文和requestId，提供人工重试,FROZEN_V1.2.2
adminDashboardGetDashboardSummary,GET,/admin-api/v1/dashboard/summary,总览指标,dashboard.read,R30,COMMON-400-VALIDATION;COMMON-401-UNAUTHENTICATED;COMMON-403-FORBIDDEN;COMMON-404-NOT_FOUND;COMMON-409-VERSION_CONFLICT;COMMON-422-BUSINESS_RULE;COMMON-429-RATE_LIMITED;COMMON-500-INTERNAL,逐字段映射，不使用通用失败Toast,刷新/重新认证并恢复安全目标,收回操作入口且不泄露资源存在性,进入资源不存在/失效状态,重新加载version和差异，禁止盲目覆盖,展示业务原因并保留安全输入,显示服务端重试时间,保留上下文和requestId，提供人工重试,FROZEN_V1.2.2
adminDashboardGetDashboardTodos,GET,/admin-api/v1/dashboard/todos,待办队列,dashboard.read,R30,COMMON-400-VALIDATION;COMMON-401-UNAUTHENTICATED;COMMON-403-FORBIDDEN;COMMON-404-NOT_FOUND;COMMON-409-VERSION_CONFLICT;COMMON-422-BUSINESS_RULE;COMMON-429-RATE_LIMITED;COMMON-500-INTERNAL,逐字段映射，不使用通用失败Toast,刷新/重新认证并恢复安全目标,收回操作入口且不泄露资源存在性,进入资源不存在/失效状态,重新加载version和差异，禁止盲目覆盖,展示业务原因并保留安全输入,显示服务端重试时间,保留上下文和requestId，提供人工重试,FROZEN_V1.2.2
adminUsersGetUsers,GET,/admin-api/v1/users,用户列表,user.read,R02,COMMON-400-VALIDATION;COMMON-401-UNAUTHENTICATED;COMMON-403-FORBIDDEN;COMMON-404-NOT_FOUND;COMMON-409-VERSION_CONFLICT;COMMON-422-BUSINESS_RULE;COMMON-429-RATE_LIMITED;COMMON-500-INTERNAL,逐字段映射，不使用通用失败Toast,刷新/重新认证并恢复安全目标,收回操作入口且不泄露资源存在性,进入资源不存在/失效状态,重新加载version和差异，禁止盲目覆盖,展示业务原因并保留安全输入,显示服务端重试时间,保留上下文和requestId，提供人工重试,FROZEN_V1.2.2
adminUsersGetUsersById,GET,/admin-api/v1/users/{id},用户详情,user.read,R02,COMMON-400-VALIDATION;COMMON-401-UNAUTHENTICATED;COMMON-403-FORBIDDEN;COMMON-404-NOT_FOUND;COMMON-409-VERSION_CONFLICT;COMMON-422-BUSINESS_RULE;COMMON-429-RATE_LIMITED;COMMON-500-INTERNAL,逐字段映射，不使用通用失败Toast,刷新/重新认证并恢复安全目标,收回操作入口且不泄露资源存在性,进入资源不存在/失效状态,重新加载version和差异，禁止盲目覆盖,展示业务原因并保留安全输入,显示服务端重试时间,保留上下文和requestId，提供人工重试,FROZEN_V1.2.2
adminUsersPostUsersByIdRestrictions,POST,/admin-api/v1/users/{id}/restrictions,新增/修改限制,user.restrict,R02,COMMON-400-VALIDATION;COMMON-401-UNAUTHENTICATED;COMMON-403-FORBIDDEN;COMMON-404-NOT_FOUND;COMMON-409-VERSION_CONFLICT;COMMON-422-BUSINESS_RULE;COMMON-429-RATE_LIMITED;COMMON-500-INTERNAL,逐字段映射，不使用通用失败Toast,刷新/重新认证并恢复安全目标,收回操作入口且不泄露资源存在性,进入资源不存在/失效状态,重新加载version和差异，禁止盲目覆盖,展示业务原因并保留安全输入,显示服务端重试时间,保留上下文和requestId，提供人工重试,FROZEN_V1.2.2
adminUsersDeleteUsersByIdRestrictionsByType,DELETE,/admin-api/v1/users/{id}/restrictions/{type},解除限制,user.restrict,R02,COMMON-400-VALIDATION;COMMON-401-UNAUTHENTICATED;COMMON-403-FORBIDDEN;COMMON-404-NOT_FOUND;COMMON-409-VERSION_CONFLICT;COMMON-422-BUSINESS_RULE;COMMON-429-RATE_LIMITED;COMMON-500-INTERNAL,逐字段映射，不使用通用失败Toast,刷新/重新认证并恢复安全目标,收回操作入口且不泄露资源存在性,进入资源不存在/失效状态,重新加载version和差异，禁止盲目覆盖,展示业务原因并保留安全输入,显示服务端重试时间,保留上下文和requestId，提供人工重试,FROZEN_V1.2.2
adminUsersPostUsersByIdFreeze,POST,/admin-api/v1/users/{id}/freeze,冻结账号,user.freeze,R02,COMMON-400-VALIDATION;COMMON-401-UNAUTHENTICATED;COMMON-403-FORBIDDEN;COMMON-404-NOT_FOUND;COMMON-409-VERSION_CONFLICT;COMMON-422-BUSINESS_RULE;COMMON-429-RATE_LIMITED;COMMON-500-INTERNAL,逐字段映射，不使用通用失败Toast,刷新/重新认证并恢复安全目标,收回操作入口且不泄露资源存在性,进入资源不存在/失效状态,重新加载version和差异，禁止盲目覆盖,展示业务原因并保留安全输入,显示服务端重试时间,保留上下文和requestId，提供人工重试,FROZEN_V1.2.2
adminUsersPostUsersByIdUnfreeze,POST,/admin-api/v1/users/{id}/unfreeze,解冻账号,user.freeze,R02,COMMON-400-VALIDATION;COMMON-401-UNAUTHENTICATED;COMMON-403-FORBIDDEN;COMMON-404-NOT_FOUND;COMMON-409-VERSION_CONFLICT;COMMON-422-BUSINESS_RULE;COMMON-429-RATE_LIMITED;COMMON-500-INTERNAL,逐字段映射，不使用通用失败Toast,刷新/重新认证并恢复安全目标,收回操作入口且不泄露资源存在性,进入资源不存在/失效状态,重新加载version和差异，禁止盲目覆盖,展示业务原因并保留安全输入,显示服务端重试时间,保留上下文和requestId，提供人工重试,FROZEN_V1.2.2
adminUsersPostUsersByIdForceLogout,POST,/admin-api/v1/users/{id}/force-logout,强制下线,user.security,R02,COMMON-400-VALIDATION;COMMON-401-UNAUTHENTICATED;COMMON-403-FORBIDDEN;COMMON-404-NOT_FOUND;COMMON-409-VERSION_CONFLICT;COMMON-422-BUSINESS_RULE;COMMON-429-RATE_LIMITED;COMMON-500-INTERNAL,逐字段映射，不使用通用失败Toast,刷新/重新认证并恢复安全目标,收回操作入口且不泄露资源存在性,进入资源不存在/失效状态,重新加载version和差异，禁止盲目覆盖,展示业务原因并保留安全输入,显示服务端重试时间,保留上下文和requestId，提供人工重试,FROZEN_V1.2.2
adminIdentityGetIdentities,GET,/admin-api/v1/identities,实名列表,identity.read,R05,COMMON-400-VALIDATION;COMMON-401-UNAUTHENTICATED;COMMON-403-FORBIDDEN;COMMON-404-NOT_FOUND;COMMON-409-VERSION_CONFLICT;COMMON-422-BUSINESS_RULE;COMMON-429-RATE_LIMITED;COMMON-500-INTERNAL;IDENTITY-422-NOT_VERIFIED,逐字段映射，不使用通用失败Toast,刷新/重新认证并恢复安全目标,收回操作入口且不泄露资源存在性,进入资源不存在/失效状态,重新加载version和差异，禁止盲目覆盖,展示业务原因并保留安全输入,显示服务端重试时间,保留上下文和requestId，提供人工重试,FROZEN_V1.2.2
adminIdentityGetIdentitiesByUserid,GET,/admin-api/v1/identities/{userId},实名详情,identity.read,R05,COMMON-400-VALIDATION;COMMON-401-UNAUTHENTICATED;COMMON-403-FORBIDDEN;COMMON-404-NOT_FOUND;COMMON-409-VERSION_CONFLICT;COMMON-422-BUSINESS_RULE;COMMON-429-RATE_LIMITED;COMMON-500-INTERNAL;IDENTITY-422-NOT_VERIFIED,逐字段映射，不使用通用失败Toast,刷新/重新认证并恢复安全目标,收回操作入口且不泄露资源存在性,进入资源不存在/失效状态,重新加载version和差异，禁止盲目覆盖,展示业务原因并保留安全输入,显示服务端重试时间,保留上下文和requestId，提供人工重试,FROZEN_V1.2.2
adminIdentityPostIdentitiesByUseridMediaAccess,POST,/admin-api/v1/identities/{userId}/media-access,获取短时原图预览,identity.media.view,R05,COMMON-400-VALIDATION;COMMON-401-UNAUTHENTICATED;COMMON-403-FORBIDDEN;COMMON-404-NOT_FOUND;COMMON-409-VERSION_CONFLICT;COMMON-422-BUSINESS_RULE;COMMON-429-RATE_LIMITED;COMMON-500-INTERNAL;IDENTITY-422-NOT_VERIFIED,逐字段映射，不使用通用失败Toast,刷新/重新认证并恢复安全目标,收回操作入口且不泄露资源存在性,进入资源不存在/失效状态,重新加载version和差异，禁止盲目覆盖,展示业务原因并保留安全输入,显示服务端重试时间,保留上下文和requestId，提供人工重试,FROZEN_V1.2.2
adminIdentityPostIdentitySessionsByIdReview,POST,/admin-api/v1/identity-sessions/{id}/review,人工复核,identity.review,R05,COMMON-400-VALIDATION;COMMON-401-UNAUTHENTICATED;COMMON-403-FORBIDDEN;COMMON-404-NOT_FOUND;COMMON-409-VERSION_CONFLICT;COMMON-422-BUSINESS_RULE;COMMON-429-RATE_LIMITED;COMMON-500-INTERNAL;IDENTITY-422-NOT_VERIFIED,逐字段映射，不使用通用失败Toast,刷新/重新认证并恢复安全目标,收回操作入口且不泄露资源存在性,进入资源不存在/失效状态,重新加载version和差异，禁止盲目覆盖,展示业务原因并保留安全输入,显示服务端重试时间,保留上下文和requestId，提供人工重试,FROZEN_V1.2.2
adminIdentityPostIdentitiesByUseridFreeze,POST,/admin-api/v1/identities/{userId}/freeze,冻结实名,identity.freeze,R05,COMMON-400-VALIDATION;COMMON-401-UNAUTHENTICATED;COMMON-403-FORBIDDEN;COMMON-404-NOT_FOUND;COMMON-409-VERSION_CONFLICT;COMMON-422-BUSINESS_RULE;COMMON-429-RATE_LIMITED;COMMON-500-INTERNAL;IDENTITY-422-NOT_VERIFIED,逐字段映射，不使用通用失败Toast,刷新/重新认证并恢复安全目标,收回操作入口且不泄露资源存在性,进入资源不存在/失效状态,重新加载version和差异，禁止盲目覆盖,展示业务原因并保留安全输入,显示服务端重试时间,保留上下文和requestId，提供人工重试,FROZEN_V1.2.2
adminContentGetContents,GET,/admin-api/v1/contents,内容列表,content.read,R06,COMMON-400-VALIDATION;COMMON-401-UNAUTHENTICATED;COMMON-403-FORBIDDEN;COMMON-404-NOT_FOUND;COMMON-409-VERSION_CONFLICT;COMMON-422-BUSINESS_RULE;COMMON-429-RATE_LIMITED;COMMON-500-INTERNAL;CONTENT-409-STATUS_TRANSITION,逐字段映射，不使用通用失败Toast,刷新/重新认证并恢复安全目标,收回操作入口且不泄露资源存在性,进入资源不存在/失效状态,重新加载version和差异，禁止盲目覆盖,展示业务原因并保留安全输入,显示服务端重试时间,保留上下文和requestId，提供人工重试,FROZEN_V1.2.2
adminContentGetContentsById,GET,/admin-api/v1/contents/{id},内容详情与版本,content.read,R06,COMMON-400-VALIDATION;COMMON-401-UNAUTHENTICATED;COMMON-403-FORBIDDEN;COMMON-404-NOT_FOUND;COMMON-409-VERSION_CONFLICT;COMMON-422-BUSINESS_RULE;COMMON-429-RATE_LIMITED;COMMON-500-INTERNAL;CONTENT-409-STATUS_TRANSITION,逐字段映射，不使用通用失败Toast,刷新/重新认证并恢复安全目标,收回操作入口且不泄露资源存在性,进入资源不存在/失效状态,重新加载version和差异，禁止盲目覆盖,展示业务原因并保留安全输入,显示服务端重试时间,保留上下文和requestId，提供人工重试,FROZEN_V1.2.2
adminContentPostContentsByIdOnline,POST,/admin-api/v1/contents/{id}/online,平台上架,content.manage,R06,COMMON-400-VALIDATION;COMMON-401-UNAUTHENTICATED;COMMON-403-FORBIDDEN;COMMON-404-NOT_FOUND;COMMON-409-VERSION_CONFLICT;COMMON-422-BUSINESS_RULE;COMMON-429-RATE_LIMITED;COMMON-500-INTERNAL;CONTENT-409-STATUS_TRANSITION,逐字段映射，不使用通用失败Toast,刷新/重新认证并恢复安全目标,收回操作入口且不泄露资源存在性,进入资源不存在/失效状态,重新加载version和差异，禁止盲目覆盖,展示业务原因并保留安全输入,显示服务端重试时间,保留上下文和requestId，提供人工重试,FROZEN_V1.2.2
adminContentPostContentsByIdOffline,POST,/admin-api/v1/contents/{id}/offline,平台下架,content.manage,R06,COMMON-400-VALIDATION;COMMON-401-UNAUTHENTICATED;COMMON-403-FORBIDDEN;COMMON-404-NOT_FOUND;COMMON-409-VERSION_CONFLICT;COMMON-422-BUSINESS_RULE;COMMON-429-RATE_LIMITED;COMMON-500-INTERNAL;CONTENT-409-STATUS_TRANSITION,逐字段映射，不使用通用失败Toast,刷新/重新认证并恢复安全目标,收回操作入口且不泄露资源存在性,进入资源不存在/失效状态,重新加载version和差异，禁止盲目覆盖,展示业务原因并保留安全输入,显示服务端重试时间,保留上下文和requestId，提供人工重试,FROZEN_V1.2.2
adminContentPostContentsByIdBan,POST,/admin-api/v1/contents/{id}/ban,违规封禁,content.ban,R06,COMMON-400-VALIDATION;COMMON-401-UNAUTHENTICATED;COMMON-403-FORBIDDEN;COMMON-404-NOT_FOUND;COMMON-409-VERSION_CONFLICT;COMMON-422-BUSINESS_RULE;COMMON-429-RATE_LIMITED;COMMON-500-INTERNAL;CONTENT-409-STATUS_TRANSITION,逐字段映射，不使用通用失败Toast,刷新/重新认证并恢复安全目标,收回操作入口且不泄露资源存在性,进入资源不存在/失效状态,重新加载version和差异，禁止盲目覆盖,展示业务原因并保留安全输入,显示服务端重试时间,保留上下文和requestId，提供人工重试,FROZEN_V1.2.2
adminContentPostContentsByIdRecommend,POST,/admin-api/v1/contents/{id}/recommend,运营推荐,content.recommend,R06,COMMON-400-VALIDATION;COMMON-401-UNAUTHENTICATED;COMMON-403-FORBIDDEN;COMMON-404-NOT_FOUND;COMMON-409-VERSION_CONFLICT;COMMON-422-BUSINESS_RULE;COMMON-429-RATE_LIMITED;COMMON-500-INTERNAL;CONTENT-409-STATUS_TRANSITION,逐字段映射，不使用通用失败Toast,刷新/重新认证并恢复安全目标,收回操作入口且不泄露资源存在性,进入资源不存在/失效状态,重新加载version和差异，禁止盲目覆盖,展示业务原因并保留安全输入,显示服务端重试时间,保留上下文和requestId，提供人工重试,FROZEN_V1.2.2
adminContentPostContentsByIdOfficialMark,POST,/admin-api/v1/contents/{id}/official-mark,官方标识,content.official,R06,COMMON-400-VALIDATION;COMMON-401-UNAUTHENTICATED;COMMON-403-FORBIDDEN;COMMON-404-NOT_FOUND;COMMON-409-VERSION_CONFLICT;COMMON-422-BUSINESS_RULE;COMMON-429-RATE_LIMITED;COMMON-500-INTERNAL;CONTENT-409-STATUS_TRANSITION,逐字段映射，不使用通用失败Toast,刷新/重新认证并恢复安全目标,收回操作入口且不泄露资源存在性,进入资源不存在/失效状态,重新加载version和差异，禁止盲目覆盖,展示业务原因并保留安全输入,显示服务端重试时间,保留上下文和requestId，提供人工重试,FROZEN_V1.2.2
adminContentGetContentDictionaries,GET,/admin-api/v1/content-dictionaries,内容字典,content.dict.read,R06,COMMON-400-VALIDATION;COMMON-401-UNAUTHENTICATED;COMMON-403-FORBIDDEN;COMMON-404-NOT_FOUND;COMMON-409-VERSION_CONFLICT;COMMON-422-BUSINESS_RULE;COMMON-429-RATE_LIMITED;COMMON-500-INTERNAL;CONTENT-409-STATUS_TRANSITION,逐字段映射，不使用通用失败Toast,刷新/重新认证并恢复安全目标,收回操作入口且不泄露资源存在性,进入资源不存在/失效状态,重新加载version和差异，禁止盲目覆盖,展示业务原因并保留安全输入,显示服务端重试时间,保留上下文和requestId，提供人工重试,FROZEN_V1.2.2
adminContentPutContentDictionariesByCode,PUT,/admin-api/v1/content-dictionaries/{code},修改字典,content.dict.write,R06,COMMON-400-VALIDATION;COMMON-401-UNAUTHENTICATED;COMMON-403-FORBIDDEN;COMMON-404-NOT_FOUND;COMMON-409-VERSION_CONFLICT;COMMON-422-BUSINESS_RULE;COMMON-429-RATE_LIMITED;COMMON-500-INTERNAL;CONTENT-409-STATUS_TRANSITION,逐字段映射，不使用通用失败Toast,刷新/重新认证并恢复安全目标,收回操作入口且不泄露资源存在性,进入资源不存在/失效状态,重新加载version和差异，禁止盲目覆盖,展示业务原因并保留安全输入,显示服务端重试时间,保留上下文和requestId，提供人工重试,FROZEN_V1.2.2
adminReviewGetReviewsQueue,GET,/admin-api/v1/reviews/queue,统一审核队列,review.read,R12,COMMON-400-VALIDATION;COMMON-401-UNAUTHENTICATED;COMMON-403-FORBIDDEN;COMMON-404-NOT_FOUND;COMMON-409-VERSION_CONFLICT;COMMON-422-BUSINESS_RULE;COMMON-429-RATE_LIMITED;COMMON-500-INTERNAL;CONTENT-409-STATUS_TRANSITION,逐字段映射，不使用通用失败Toast,刷新/重新认证并恢复安全目标,收回操作入口且不泄露资源存在性,进入资源不存在/失效状态,重新加载version和差异，禁止盲目覆盖,展示业务原因并保留安全输入,显示服务端重试时间,保留上下文和requestId，提供人工重试,FROZEN_V1.2.2
adminReviewGetReviewsById,GET,/admin-api/v1/reviews/{id},审核详情,review.read,R12,COMMON-400-VALIDATION;COMMON-401-UNAUTHENTICATED;COMMON-403-FORBIDDEN;COMMON-404-NOT_FOUND;COMMON-409-VERSION_CONFLICT;COMMON-422-BUSINESS_RULE;COMMON-429-RATE_LIMITED;COMMON-500-INTERNAL;CONTENT-409-STATUS_TRANSITION,逐字段映射，不使用通用失败Toast,刷新/重新认证并恢复安全目标,收回操作入口且不泄露资源存在性,进入资源不存在/失效状态,重新加载version和差异，禁止盲目覆盖,展示业务原因并保留安全输入,显示服务端重试时间,保留上下文和requestId，提供人工重试,FROZEN_V1.2.2
adminReviewPostReviewsByIdDecide,POST,/admin-api/v1/reviews/{id}/decide,通过/驳回/二审,review.decide,R12,COMMON-400-VALIDATION;COMMON-401-UNAUTHENTICATED;COMMON-403-FORBIDDEN;COMMON-404-NOT_FOUND;COMMON-409-VERSION_CONFLICT;COMMON-422-BUSINESS_RULE;COMMON-429-RATE_LIMITED;COMMON-500-INTERNAL;CONTENT-409-STATUS_TRANSITION,逐字段映射，不使用通用失败Toast,刷新/重新认证并恢复安全目标,收回操作入口且不泄露资源存在性,进入资源不存在/失效状态,重新加载version和差异，禁止盲目覆盖,展示业务原因并保留安全输入,显示服务端重试时间,保留上下文和requestId，提供人工重试,FROZEN_V1.2.2
adminReviewPostReviewsByIdAssign,POST,/admin-api/v1/reviews/{id}/assign,分配审核员,review.assign,R12,COMMON-400-VALIDATION;COMMON-401-UNAUTHENTICATED;COMMON-403-FORBIDDEN;COMMON-404-NOT_FOUND;COMMON-409-VERSION_CONFLICT;COMMON-422-BUSINESS_RULE;COMMON-429-RATE_LIMITED;COMMON-500-INTERNAL;CONTENT-409-STATUS_TRANSITION,逐字段映射，不使用通用失败Toast,刷新/重新认证并恢复安全目标,收回操作入口且不泄露资源存在性,进入资源不存在/失效状态,重新加载version和差异，禁止盲目覆盖,展示业务原因并保留安全输入,显示服务端重试时间,保留上下文和requestId，提供人工重试,FROZEN_V1.2.2
adminReportsGetContentReports,GET,/admin-api/v1/content-reports,内容举报列表,report.read,R15,COMMON-400-VALIDATION;COMMON-401-UNAUTHENTICATED;COMMON-403-FORBIDDEN;COMMON-404-NOT_FOUND;COMMON-409-VERSION_CONFLICT;COMMON-422-BUSINESS_RULE;COMMON-429-RATE_LIMITED;COMMON-500-INTERNAL,逐字段映射，不使用通用失败Toast,刷新/重新认证并恢复安全目标,收回操作入口且不泄露资源存在性,进入资源不存在/失效状态,重新加载version和差异，禁止盲目覆盖,展示业务原因并保留安全输入,显示服务端重试时间,保留上下文和requestId，提供人工重试,FROZEN_V1.2.2
adminReportsPostContentReportsByIdDecide,POST,/admin-api/v1/content-reports/{id}/decide,处理举报,report.decide,R15,COMMON-400-VALIDATION;COMMON-401-UNAUTHENTICATED;COMMON-403-FORBIDDEN;COMMON-404-NOT_FOUND;COMMON-409-VERSION_CONFLICT;COMMON-422-BUSINESS_RULE;COMMON-429-RATE_LIMITED;COMMON-500-INTERNAL,逐字段映射，不使用通用失败Toast,刷新/重新认证并恢复安全目标,收回操作入口且不泄露资源存在性,进入资源不存在/失效状态,重新加载version和差异，禁止盲目覆盖,展示业务原因并保留安全输入,显示服务端重试时间,保留上下文和requestId，提供人工重试,FROZEN_V1.2.2
adminAppealsGetAppeals,GET,/admin-api/v1/appeals,申诉列表,appeal.read,R15,COMMON-400-VALIDATION;COMMON-401-UNAUTHENTICATED;COMMON-403-FORBIDDEN;COMMON-404-NOT_FOUND;COMMON-409-VERSION_CONFLICT;COMMON-422-BUSINESS_RULE;COMMON-429-RATE_LIMITED;COMMON-500-INTERNAL,逐字段映射，不使用通用失败Toast,刷新/重新认证并恢复安全目标,收回操作入口且不泄露资源存在性,进入资源不存在/失效状态,重新加载version和差异，禁止盲目覆盖,展示业务原因并保留安全输入,显示服务端重试时间,保留上下文和requestId，提供人工重试,FROZEN_V1.2.2
adminAppealsPostAppealsByIdDecide,POST,/admin-api/v1/appeals/{id}/decide,处理申诉,appeal.decide,R15,COMMON-400-VALIDATION;COMMON-401-UNAUTHENTICATED;COMMON-403-FORBIDDEN;COMMON-404-NOT_FOUND;COMMON-409-VERSION_CONFLICT;COMMON-422-BUSINESS_RULE;COMMON-429-RATE_LIMITED;COMMON-500-INTERNAL,逐字段映射，不使用通用失败Toast,刷新/重新认证并恢复安全目标,收回操作入口且不泄露资源存在性,进入资源不存在/失效状态,重新加载version和差异，禁止盲目覆盖,展示业务原因并保留安全输入,显示服务端重试时间,保留上下文和requestId，提供人工重试,FROZEN_V1.2.2
adminRedPacketGetRedPacketCampaigns,GET,/admin-api/v1/red-packet-campaigns,红包活动列表,redpacket.read,R20-R23,COMMON-400-VALIDATION;COMMON-401-UNAUTHENTICATED;COMMON-403-FORBIDDEN;COMMON-404-NOT_FOUND;COMMON-409-VERSION_CONFLICT;COMMON-422-BUSINESS_RULE;COMMON-429-RATE_LIMITED;COMMON-500-INTERNAL;REDPACKET-409-STOCK_EXHAUSTED;REDPACKET-409-ALREADY_CLAIMED;REDPACKET-422-VIEW_INVALID,逐字段映射，不使用通用失败Toast,刷新/重新认证并恢复安全目标,收回操作入口且不泄露资源存在性,进入资源不存在/失效状态,重新加载version和差异，禁止盲目覆盖,展示业务原因并保留安全输入,显示服务端重试时间,保留上下文和requestId，提供人工重试,FROZEN_V1.2.2
adminRedPacketGetRedPacketCampaignsById,GET,/admin-api/v1/red-packet-campaigns/{id},活动详情,redpacket.read,R20-R23,COMMON-400-VALIDATION;COMMON-401-UNAUTHENTICATED;COMMON-403-FORBIDDEN;COMMON-404-NOT_FOUND;COMMON-409-VERSION_CONFLICT;COMMON-422-BUSINESS_RULE;COMMON-429-RATE_LIMITED;COMMON-500-INTERNAL;REDPACKET-409-STOCK_EXHAUSTED;REDPACKET-409-ALREADY_CLAIMED;REDPACKET-422-VIEW_INVALID,逐字段映射，不使用通用失败Toast,刷新/重新认证并恢复安全目标,收回操作入口且不泄露资源存在性,进入资源不存在/失效状态,重新加载version和差异，禁止盲目覆盖,展示业务原因并保留安全输入,显示服务端重试时间,保留上下文和requestId，提供人工重试,FROZEN_V1.2.2
adminRedPacketPostRedPacketCampaignsByIdReview,POST,/admin-api/v1/red-packet-campaigns/{id}/review,预审核,redpacket.review,R20-R23,COMMON-400-VALIDATION;COMMON-401-UNAUTHENTICATED;COMMON-403-FORBIDDEN;COMMON-404-NOT_FOUND;COMMON-409-VERSION_CONFLICT;COMMON-422-BUSINESS_RULE;COMMON-429-RATE_LIMITED;COMMON-500-INTERNAL;REDPACKET-409-STOCK_EXHAUSTED;REDPACKET-409-ALREADY_CLAIMED;REDPACKET-422-VIEW_INVALID,逐字段映射，不使用通用失败Toast,刷新/重新认证并恢复安全目标,收回操作入口且不泄露资源存在性,进入资源不存在/失效状态,重新加载version和差异，禁止盲目覆盖,展示业务原因并保留安全输入,显示服务端重试时间,保留上下文和requestId，提供人工重试,FROZEN_V1.2.2
adminRedPacketPostRedPacketCampaignsByIdPause,POST,/admin-api/v1/red-packet-campaigns/{id}/pause,平台暂停,redpacket.manage,R20-R23,COMMON-400-VALIDATION;COMMON-401-UNAUTHENTICATED;COMMON-403-FORBIDDEN;COMMON-404-NOT_FOUND;COMMON-409-VERSION_CONFLICT;COMMON-422-BUSINESS_RULE;COMMON-429-RATE_LIMITED;COMMON-500-INTERNAL;REDPACKET-409-STOCK_EXHAUSTED;REDPACKET-409-ALREADY_CLAIMED;REDPACKET-422-VIEW_INVALID,逐字段映射，不使用通用失败Toast,刷新/重新认证并恢复安全目标,收回操作入口且不泄露资源存在性,进入资源不存在/失效状态,重新加载version和差异，禁止盲目覆盖,展示业务原因并保留安全输入,显示服务端重试时间,保留上下文和requestId，提供人工重试,FROZEN_V1.2.2
adminRedPacketPostRedPacketCampaignsByIdResume,POST,/admin-api/v1/red-packet-campaigns/{id}/resume,恢复,redpacket.manage,R20-R23,COMMON-400-VALIDATION;COMMON-401-UNAUTHENTICATED;COMMON-403-FORBIDDEN;COMMON-404-NOT_FOUND;COMMON-409-VERSION_CONFLICT;COMMON-422-BUSINESS_RULE;COMMON-429-RATE_LIMITED;COMMON-500-INTERNAL;REDPACKET-409-STOCK_EXHAUSTED;REDPACKET-409-ALREADY_CLAIMED;REDPACKET-422-VIEW_INVALID,逐字段映射，不使用通用失败Toast,刷新/重新认证并恢复安全目标,收回操作入口且不泄露资源存在性,进入资源不存在/失效状态,重新加载version和差异，禁止盲目覆盖,展示业务原因并保留安全输入,显示服务端重试时间,保留上下文和requestId，提供人工重试,FROZEN_V1.2.2
adminRedPacketPostRedPacketCampaignsByIdTerminate,POST,/admin-api/v1/red-packet-campaigns/{id}/terminate,平台终止且不退款,redpacket.terminate,R20-R23,COMMON-400-VALIDATION;COMMON-401-UNAUTHENTICATED;COMMON-403-FORBIDDEN;COMMON-404-NOT_FOUND;COMMON-409-VERSION_CONFLICT;COMMON-422-BUSINESS_RULE;COMMON-429-RATE_LIMITED;COMMON-500-INTERNAL;REDPACKET-409-STOCK_EXHAUSTED;REDPACKET-409-ALREADY_CLAIMED;REDPACKET-422-VIEW_INVALID,逐字段映射，不使用通用失败Toast,刷新/重新认证并恢复安全目标,收回操作入口且不泄露资源存在性,进入资源不存在/失效状态,重新加载version和差异，禁止盲目覆盖,展示业务原因并保留安全输入,显示服务端重试时间,保留上下文和requestId，提供人工重试,FROZEN_V1.2.2
adminRedPacketGetRedPacketCampaignsByIdSessions,GET,/admin-api/v1/red-packet-campaigns/{id}/sessions,浏览会话和锁定,redpacket.read,R20-R23,COMMON-400-VALIDATION;COMMON-401-UNAUTHENTICATED;COMMON-403-FORBIDDEN;COMMON-404-NOT_FOUND;COMMON-409-VERSION_CONFLICT;COMMON-422-BUSINESS_RULE;COMMON-429-RATE_LIMITED;COMMON-500-INTERNAL;REDPACKET-409-STOCK_EXHAUSTED;REDPACKET-409-ALREADY_CLAIMED;REDPACKET-422-VIEW_INVALID,逐字段映射，不使用通用失败Toast,刷新/重新认证并恢复安全目标,收回操作入口且不泄露资源存在性,进入资源不存在/失效状态,重新加载version和差异，禁止盲目覆盖,展示业务原因并保留安全输入,显示服务端重试时间,保留上下文和requestId，提供人工重试,FROZEN_V1.2.2
adminRedPacketGetRedPacketCampaignsByIdClaims,GET,/admin-api/v1/red-packet-campaigns/{id}/claims,领取记录,redpacket.read,R20-R23,COMMON-400-VALIDATION;COMMON-401-UNAUTHENTICATED;COMMON-403-FORBIDDEN;COMMON-404-NOT_FOUND;COMMON-409-VERSION_CONFLICT;COMMON-422-BUSINESS_RULE;COMMON-429-RATE_LIMITED;COMMON-500-INTERNAL;REDPACKET-409-STOCK_EXHAUSTED;REDPACKET-409-ALREADY_CLAIMED;REDPACKET-422-VIEW_INVALID,逐字段映射，不使用通用失败Toast,刷新/重新认证并恢复安全目标,收回操作入口且不泄露资源存在性,进入资源不存在/失效状态,重新加载version和差异，禁止盲目覆盖,展示业务原因并保留安全输入,显示服务端重试时间,保留上下文和requestId，提供人工重试,FROZEN_V1.2.2
adminRedPacketGetRedPacketCampaignsByIdLedger,GET,/admin-api/v1/red-packet-campaigns/{id}/ledger,红包账本,redpacket.finance,R20-R23,COMMON-400-VALIDATION;COMMON-401-UNAUTHENTICATED;COMMON-403-FORBIDDEN;COMMON-404-NOT_FOUND;COMMON-409-VERSION_CONFLICT;COMMON-422-BUSINESS_RULE;COMMON-429-RATE_LIMITED;COMMON-500-INTERNAL;REDPACKET-409-STOCK_EXHAUSTED;REDPACKET-409-ALREADY_CLAIMED;REDPACKET-422-VIEW_INVALID,逐字段映射，不使用通用失败Toast,刷新/重新认证并恢复安全目标,收回操作入口且不泄露资源存在性,进入资源不存在/失效状态,重新加载version和差异，禁止盲目覆盖,展示业务原因并保留安全输入,显示服务端重试时间,保留上下文和requestId，提供人工重试,FROZEN_V1.2.2
adminProductsGetProducts,GET,/admin-api/v1/products,商品列表,product.read,R16,COMMON-400-VALIDATION;COMMON-401-UNAUTHENTICATED;COMMON-403-FORBIDDEN;COMMON-404-NOT_FOUND;COMMON-409-VERSION_CONFLICT;COMMON-422-BUSINESS_RULE;COMMON-429-RATE_LIMITED;COMMON-500-INTERNAL,逐字段映射，不使用通用失败Toast,刷新/重新认证并恢复安全目标,收回操作入口且不泄露资源存在性,进入资源不存在/失效状态,重新加载version和差异，禁止盲目覆盖,展示业务原因并保留安全输入,显示服务端重试时间,保留上下文和requestId，提供人工重试,FROZEN_V1.2.2
adminProductsPostProducts,POST,/admin-api/v1/products,创建商品,product.write,R16,COMMON-400-VALIDATION;COMMON-401-UNAUTHENTICATED;COMMON-403-FORBIDDEN;COMMON-404-NOT_FOUND;COMMON-409-VERSION_CONFLICT;COMMON-422-BUSINESS_RULE;COMMON-429-RATE_LIMITED;COMMON-500-INTERNAL,逐字段映射，不使用通用失败Toast,刷新/重新认证并恢复安全目标,收回操作入口且不泄露资源存在性,进入资源不存在/失效状态,重新加载version和差异，禁止盲目覆盖,展示业务原因并保留安全输入,显示服务端重试时间,保留上下文和requestId，提供人工重试,FROZEN_V1.2.2
adminProductsPatchProductsById,PATCH,/admin-api/v1/products/{id},修改商品,product.write,R16,COMMON-400-VALIDATION;COMMON-401-UNAUTHENTICATED;COMMON-403-FORBIDDEN;COMMON-404-NOT_FOUND;COMMON-409-VERSION_CONFLICT;COMMON-422-BUSINESS_RULE;COMMON-429-RATE_LIMITED;COMMON-500-INTERNAL,逐字段映射，不使用通用失败Toast,刷新/重新认证并恢复安全目标,收回操作入口且不泄露资源存在性,进入资源不存在/失效状态,重新加载version和差异，禁止盲目覆盖,展示业务原因并保留安全输入,显示服务端重试时间,保留上下文和requestId，提供人工重试,FROZEN_V1.2.2
adminProductsGetSkus,GET,/admin-api/v1/skus,SKU列表,product.read,R16,COMMON-400-VALIDATION;COMMON-401-UNAUTHENTICATED;COMMON-403-FORBIDDEN;COMMON-404-NOT_FOUND;COMMON-409-VERSION_CONFLICT;COMMON-422-BUSINESS_RULE;COMMON-429-RATE_LIMITED;COMMON-500-INTERNAL,逐字段映射，不使用通用失败Toast,刷新/重新认证并恢复安全目标,收回操作入口且不泄露资源存在性,进入资源不存在/失效状态,重新加载version和差异，禁止盲目覆盖,展示业务原因并保留安全输入,显示服务端重试时间,保留上下文和requestId，提供人工重试,FROZEN_V1.2.2
adminProductsPostSkus,POST,/admin-api/v1/skus,创建SKU,product.write,R16,COMMON-400-VALIDATION;COMMON-401-UNAUTHENTICATED;COMMON-403-FORBIDDEN;COMMON-404-NOT_FOUND;COMMON-409-VERSION_CONFLICT;COMMON-422-BUSINESS_RULE;COMMON-429-RATE_LIMITED;COMMON-500-INTERNAL,逐字段映射，不使用通用失败Toast,刷新/重新认证并恢复安全目标,收回操作入口且不泄露资源存在性,进入资源不存在/失效状态,重新加载version和差异，禁止盲目覆盖,展示业务原因并保留安全输入,显示服务端重试时间,保留上下文和requestId，提供人工重试,FROZEN_V1.2.2
adminProductsPatchSkusById,PATCH,/admin-api/v1/skus/{id},修改SKU,product.write,R16,COMMON-400-VALIDATION;COMMON-401-UNAUTHENTICATED;COMMON-403-FORBIDDEN;COMMON-404-NOT_FOUND;COMMON-409-VERSION_CONFLICT;COMMON-422-BUSINESS_RULE;COMMON-429-RATE_LIMITED;COMMON-500-INTERNAL,逐字段映射，不使用通用失败Toast,刷新/重新认证并恢复安全目标,收回操作入口且不泄露资源存在性,进入资源不存在/失效状态,重新加载version和差异，禁止盲目覆盖,展示业务原因并保留安全输入,显示服务端重试时间,保留上下文和requestId，提供人工重试,FROZEN_V1.2.2
adminOrdersGetOrders,GET,/admin-api/v1/orders,订单列表,order.read,R16,COMMON-400-VALIDATION;COMMON-401-UNAUTHENTICATED;COMMON-403-FORBIDDEN;COMMON-404-NOT_FOUND;COMMON-409-VERSION_CONFLICT;COMMON-422-BUSINESS_RULE;COMMON-429-RATE_LIMITED;COMMON-500-INTERNAL,逐字段映射，不使用通用失败Toast,刷新/重新认证并恢复安全目标,收回操作入口且不泄露资源存在性,进入资源不存在/失效状态,重新加载version和差异，禁止盲目覆盖,展示业务原因并保留安全输入,显示服务端重试时间,保留上下文和requestId，提供人工重试,FROZEN_V1.2.2
adminOrdersGetOrdersByOrderno,GET,/admin-api/v1/orders/{orderNo},订单详情,order.read,R16,COMMON-400-VALIDATION;COMMON-401-UNAUTHENTICATED;COMMON-403-FORBIDDEN;COMMON-404-NOT_FOUND;COMMON-409-VERSION_CONFLICT;COMMON-422-BUSINESS_RULE;COMMON-429-RATE_LIMITED;COMMON-500-INTERNAL,逐字段映射，不使用通用失败Toast,刷新/重新认证并恢复安全目标,收回操作入口且不泄露资源存在性,进入资源不存在/失效状态,重新加载version和差异，禁止盲目覆盖,展示业务原因并保留安全输入,显示服务端重试时间,保留上下文和requestId，提供人工重试,FROZEN_V1.2.2
adminPaymentsGetPayments,GET,/admin-api/v1/payments,支付交易,payment.read,R17,COMMON-400-VALIDATION;COMMON-401-UNAUTHENTICATED;COMMON-403-FORBIDDEN;COMMON-404-NOT_FOUND;COMMON-409-VERSION_CONFLICT;COMMON-422-BUSINESS_RULE;COMMON-429-RATE_LIMITED;COMMON-500-INTERNAL;PAYMENT-409-AMOUNT_MISMATCH;PAYMENT-422-GATEWAY_REJECTED,逐字段映射，不使用通用失败Toast,刷新/重新认证并恢复安全目标,收回操作入口且不泄露资源存在性,进入资源不存在/失效状态,重新加载version和差异，禁止盲目覆盖,展示业务原因并保留安全输入,显示服务端重试时间,保留上下文和requestId，提供人工重试,FROZEN_V1.2.2
adminPaymentsGetPaymentCallbacks,GET,/admin-api/v1/payment-callbacks,支付回调日志,payment.read,R17,COMMON-400-VALIDATION;COMMON-401-UNAUTHENTICATED;COMMON-403-FORBIDDEN;COMMON-404-NOT_FOUND;COMMON-409-VERSION_CONFLICT;COMMON-422-BUSINESS_RULE;COMMON-429-RATE_LIMITED;COMMON-500-INTERNAL;PAYMENT-409-AMOUNT_MISMATCH;PAYMENT-422-GATEWAY_REJECTED,逐字段映射，不使用通用失败Toast,刷新/重新认证并恢复安全目标,收回操作入口且不泄露资源存在性,进入资源不存在/失效状态,重新加载version和差异，禁止盲目覆盖,展示业务原因并保留安全输入,显示服务端重试时间,保留上下文和requestId，提供人工重试,FROZEN_V1.2.2
adminPaymentsPostPaymentsByIdQuery,POST,/admin-api/v1/payments/{id}/query,主动查单,payment.query,R17,COMMON-400-VALIDATION;COMMON-401-UNAUTHENTICATED;COMMON-403-FORBIDDEN;COMMON-404-NOT_FOUND;COMMON-409-VERSION_CONFLICT;COMMON-422-BUSINESS_RULE;COMMON-429-RATE_LIMITED;COMMON-500-INTERNAL;PAYMENT-409-AMOUNT_MISMATCH;PAYMENT-422-GATEWAY_REJECTED,逐字段映射，不使用通用失败Toast,刷新/重新认证并恢复安全目标,收回操作入口且不泄露资源存在性,进入资源不存在/失效状态,重新加载version和差异，禁止盲目覆盖,展示业务原因并保留安全输入,显示服务端重试时间,保留上下文和requestId，提供人工重试,FROZEN_V1.2.2
adminPaymentsGetPaymentExceptions,GET,/admin-api/v1/payment-exceptions,异常账务,payment.exception.read,R17,COMMON-400-VALIDATION;COMMON-401-UNAUTHENTICATED;COMMON-403-FORBIDDEN;COMMON-404-NOT_FOUND;COMMON-409-VERSION_CONFLICT;COMMON-422-BUSINESS_RULE;COMMON-429-RATE_LIMITED;COMMON-500-INTERNAL;PAYMENT-409-AMOUNT_MISMATCH;PAYMENT-422-GATEWAY_REJECTED,逐字段映射，不使用通用失败Toast,刷新/重新认证并恢复安全目标,收回操作入口且不泄露资源存在性,进入资源不存在/失效状态,重新加载version和差异，禁止盲目覆盖,展示业务原因并保留安全输入,显示服务端重试时间,保留上下文和requestId，提供人工重试,FROZEN_V1.2.2
adminPaymentsPostPaymentExceptionsByIdResolve,POST,/admin-api/v1/payment-exceptions/{id}/resolve,处理异常账务,payment.exception.resolve,R17,COMMON-400-VALIDATION;COMMON-401-UNAUTHENTICATED;COMMON-403-FORBIDDEN;COMMON-404-NOT_FOUND;COMMON-409-VERSION_CONFLICT;COMMON-422-BUSINESS_RULE;COMMON-429-RATE_LIMITED;COMMON-500-INTERNAL;PAYMENT-409-AMOUNT_MISMATCH;PAYMENT-422-GATEWAY_REJECTED,逐字段映射，不使用通用失败Toast,刷新/重新认证并恢复安全目标,收回操作入口且不泄露资源存在性,进入资源不存在/失效状态,重新加载version和差异，禁止盲目覆盖,展示业务原因并保留安全输入,显示服务端重试时间,保留上下文和requestId，提供人工重试,FROZEN_V1.2.2
adminPaymentsPostPaymentReconciliationRun,POST,/admin-api/v1/payment-reconciliation/run,执行对账,payment.reconcile,R17,COMMON-400-VALIDATION;COMMON-401-UNAUTHENTICATED;COMMON-403-FORBIDDEN;COMMON-404-NOT_FOUND;COMMON-409-VERSION_CONFLICT;COMMON-422-BUSINESS_RULE;COMMON-429-RATE_LIMITED;COMMON-500-INTERNAL;PAYMENT-409-AMOUNT_MISMATCH;PAYMENT-422-GATEWAY_REJECTED,逐字段映射，不使用通用失败Toast,刷新/重新认证并恢复安全目标,收回操作入口且不泄露资源存在性,进入资源不存在/失效状态,重新加载version和差异，禁止盲目覆盖,展示业务原因并保留安全输入,显示服务端重试时间,保留上下文和requestId，提供人工重试,FROZEN_V1.2.2
adminRewardsGetRewardAccounts,GET,/admin-api/v1/reward-accounts,奖励账户列表,reward.read,R24,COMMON-400-VALIDATION;COMMON-401-UNAUTHENTICATED;COMMON-403-FORBIDDEN;COMMON-404-NOT_FOUND;COMMON-409-VERSION_CONFLICT;COMMON-422-BUSINESS_RULE;COMMON-429-RATE_LIMITED;COMMON-500-INTERNAL;REWARD-423-RISK_FROZEN,逐字段映射，不使用通用失败Toast,刷新/重新认证并恢复安全目标,收回操作入口且不泄露资源存在性,进入资源不存在/失效状态,重新加载version和差异，禁止盲目覆盖,展示业务原因并保留安全输入,显示服务端重试时间,保留上下文和requestId，提供人工重试,FROZEN_V1.2.2
adminRewardsGetRewardAccountsByUseridLedger,GET,/admin-api/v1/reward-accounts/{userId}/ledger,用户奖励流水,reward.read,R24,COMMON-400-VALIDATION;COMMON-401-UNAUTHENTICATED;COMMON-403-FORBIDDEN;COMMON-404-NOT_FOUND;COMMON-409-VERSION_CONFLICT;COMMON-422-BUSINESS_RULE;COMMON-429-RATE_LIMITED;COMMON-500-INTERNAL;REWARD-423-RISK_FROZEN,逐字段映射，不使用通用失败Toast,刷新/重新认证并恢复安全目标,收回操作入口且不泄露资源存在性,进入资源不存在/失效状态,重新加载version和差异，禁止盲目覆盖,展示业务原因并保留安全输入,显示服务端重试时间,保留上下文和requestId，提供人工重试,FROZEN_V1.2.2
adminRewardsPostRewardAdjustments,POST,/admin-api/v1/reward-adjustments,创建奖励调整申请,reward.adjust.request,R24,COMMON-400-VALIDATION;COMMON-401-UNAUTHENTICATED;COMMON-403-FORBIDDEN;COMMON-404-NOT_FOUND;COMMON-409-VERSION_CONFLICT;COMMON-422-BUSINESS_RULE;COMMON-429-RATE_LIMITED;COMMON-500-INTERNAL;REWARD-423-RISK_FROZEN,逐字段映射，不使用通用失败Toast,刷新/重新认证并恢复安全目标,收回操作入口且不泄露资源存在性,进入资源不存在/失效状态,重新加载version和差异，禁止盲目覆盖,展示业务原因并保留安全输入,显示服务端重试时间,保留上下文和requestId，提供人工重试,FROZEN_V1.2.2
adminWithdrawalsGetWithdrawals,GET,/admin-api/v1/withdrawals,提现列表,withdrawal.read,R24,COMMON-400-VALIDATION;COMMON-401-UNAUTHENTICATED;COMMON-403-FORBIDDEN;COMMON-404-NOT_FOUND;COMMON-409-VERSION_CONFLICT;COMMON-422-BUSINESS_RULE;COMMON-429-RATE_LIMITED;COMMON-500-INTERNAL;WITHDRAWAL-422-BALANCE_INSUFFICIENT;WITHDRAWAL-409-DUPLICATE,逐字段映射，不使用通用失败Toast,刷新/重新认证并恢复安全目标,收回操作入口且不泄露资源存在性,进入资源不存在/失效状态,重新加载version和差异，禁止盲目覆盖,展示业务原因并保留安全输入,显示服务端重试时间,保留上下文和requestId，提供人工重试,FROZEN_V1.2.2
adminWithdrawalsGetWithdrawalsById,GET,/admin-api/v1/withdrawals/{id},提现详情,withdrawal.read,R24,COMMON-400-VALIDATION;COMMON-401-UNAUTHENTICATED;COMMON-403-FORBIDDEN;COMMON-404-NOT_FOUND;COMMON-409-VERSION_CONFLICT;COMMON-422-BUSINESS_RULE;COMMON-429-RATE_LIMITED;COMMON-500-INTERNAL;WITHDRAWAL-422-BALANCE_INSUFFICIENT;WITHDRAWAL-409-DUPLICATE,逐字段映射，不使用通用失败Toast,刷新/重新认证并恢复安全目标,收回操作入口且不泄露资源存在性,进入资源不存在/失效状态,重新加载version和差异，禁止盲目覆盖,展示业务原因并保留安全输入,显示服务端重试时间,保留上下文和requestId，提供人工重试,FROZEN_V1.2.2
adminWithdrawalsPostWithdrawalsByIdRiskReview,POST,/admin-api/v1/withdrawals/{id}/risk-review,风控审核,withdrawal.risk,R24,COMMON-400-VALIDATION;COMMON-401-UNAUTHENTICATED;COMMON-403-FORBIDDEN;COMMON-404-NOT_FOUND;COMMON-409-VERSION_CONFLICT;COMMON-422-BUSINESS_RULE;COMMON-429-RATE_LIMITED;COMMON-500-INTERNAL;WITHDRAWAL-422-BALANCE_INSUFFICIENT;WITHDRAWAL-409-DUPLICATE,逐字段映射，不使用通用失败Toast,刷新/重新认证并恢复安全目标,收回操作入口且不泄露资源存在性,进入资源不存在/失效状态,重新加载version和差异，禁止盲目覆盖,展示业务原因并保留安全输入,显示服务端重试时间,保留上下文和requestId，提供人工重试,FROZEN_V1.2.2
adminWithdrawalsPostWithdrawalsByIdFinanceReview,POST,/admin-api/v1/withdrawals/{id}/finance-review,财务审核,withdrawal.finance,R24,COMMON-400-VALIDATION;COMMON-401-UNAUTHENTICATED;COMMON-403-FORBIDDEN;COMMON-404-NOT_FOUND;COMMON-409-VERSION_CONFLICT;COMMON-422-BUSINESS_RULE;COMMON-429-RATE_LIMITED;COMMON-500-INTERNAL;WITHDRAWAL-422-BALANCE_INSUFFICIENT;WITHDRAWAL-409-DUPLICATE,逐字段映射，不使用通用失败Toast,刷新/重新认证并恢复安全目标,收回操作入口且不泄露资源存在性,进入资源不存在/失效状态,重新加载version和差异，禁止盲目覆盖,展示业务原因并保留安全输入,显示服务端重试时间,保留上下文和requestId，提供人工重试,FROZEN_V1.2.2
adminWithdrawalsPostWithdrawalsByIdPayout,POST,/admin-api/v1/withdrawals/{id}/payout,发起出款,withdrawal.payout,R24,COMMON-400-VALIDATION;COMMON-401-UNAUTHENTICATED;COMMON-403-FORBIDDEN;COMMON-404-NOT_FOUND;COMMON-409-VERSION_CONFLICT;COMMON-422-BUSINESS_RULE;COMMON-429-RATE_LIMITED;COMMON-500-INTERNAL;WITHDRAWAL-422-BALANCE_INSUFFICIENT;WITHDRAWAL-409-DUPLICATE,逐字段映射，不使用通用失败Toast,刷新/重新认证并恢复安全目标,收回操作入口且不泄露资源存在性,进入资源不存在/失效状态,重新加载version和差异，禁止盲目覆盖,展示业务原因并保留安全输入,显示服务端重试时间,保留上下文和requestId，提供人工重试,FROZEN_V1.2.2
adminWithdrawalsPostWithdrawalsByIdQuery,POST,/admin-api/v1/withdrawals/{id}/query,查询出款,withdrawal.payout,R24,COMMON-400-VALIDATION;COMMON-401-UNAUTHENTICATED;COMMON-403-FORBIDDEN;COMMON-404-NOT_FOUND;COMMON-409-VERSION_CONFLICT;COMMON-422-BUSINESS_RULE;COMMON-429-RATE_LIMITED;COMMON-500-INTERNAL;WITHDRAWAL-422-BALANCE_INSUFFICIENT;WITHDRAWAL-409-DUPLICATE,逐字段映射，不使用通用失败Toast,刷新/重新认证并恢复安全目标,收回操作入口且不泄露资源存在性,进入资源不存在/失效状态,重新加载version和差异，禁止盲目覆盖,展示业务原因并保留安全输入,显示服务端重试时间,保留上下文和requestId，提供人工重试,FROZEN_V1.2.2
adminMembershipGetMembershipSkus,GET,/admin-api/v1/membership/skus,会员SKU,membership.read,R18,COMMON-400-VALIDATION;COMMON-401-UNAUTHENTICATED;COMMON-403-FORBIDDEN;COMMON-404-NOT_FOUND;COMMON-409-VERSION_CONFLICT;COMMON-422-BUSINESS_RULE;COMMON-429-RATE_LIMITED;COMMON-500-INTERNAL,逐字段映射，不使用通用失败Toast,刷新/重新认证并恢复安全目标,收回操作入口且不泄露资源存在性,进入资源不存在/失效状态,重新加载version和差异，禁止盲目覆盖,展示业务原因并保留安全输入,显示服务端重试时间,保留上下文和requestId，提供人工重试,FROZEN_V1.2.2
adminMembershipPatchMembershipSkusById,PATCH,/admin-api/v1/membership/skus/{id},价格和期限,membership.write,R18,COMMON-400-VALIDATION;COMMON-401-UNAUTHENTICATED;COMMON-403-FORBIDDEN;COMMON-404-NOT_FOUND;COMMON-409-VERSION_CONFLICT;COMMON-422-BUSINESS_RULE;COMMON-429-RATE_LIMITED;COMMON-500-INTERNAL,逐字段映射，不使用通用失败Toast,刷新/重新认证并恢复安全目标,收回操作入口且不泄露资源存在性,进入资源不存在/失效状态,重新加载version和差异，禁止盲目覆盖,展示业务原因并保留安全输入,显示服务端重试时间,保留上下文和requestId，提供人工重试,FROZEN_V1.2.2
adminMembershipPutMembershipSkusByIdBenefits,PUT,/admin-api/v1/membership/skus/{id}/benefits,权益配置,membership.write,R18,COMMON-400-VALIDATION;COMMON-401-UNAUTHENTICATED;COMMON-403-FORBIDDEN;COMMON-404-NOT_FOUND;COMMON-409-VERSION_CONFLICT;COMMON-422-BUSINESS_RULE;COMMON-429-RATE_LIMITED;COMMON-500-INTERNAL,逐字段映射，不使用通用失败Toast,刷新/重新认证并恢复安全目标,收回操作入口且不泄露资源存在性,进入资源不存在/失效状态,重新加载version和差异，禁止盲目覆盖,展示业务原因并保留安全输入,显示服务端重试时间,保留上下文和requestId，提供人工重试,FROZEN_V1.2.2
adminMembershipGetUserMemberships,GET,/admin-api/v1/user-memberships,用户会员,membership.read,R18,COMMON-400-VALIDATION;COMMON-401-UNAUTHENTICATED;COMMON-403-FORBIDDEN;COMMON-404-NOT_FOUND;COMMON-409-VERSION_CONFLICT;COMMON-422-BUSINESS_RULE;COMMON-429-RATE_LIMITED;COMMON-500-INTERNAL,逐字段映射，不使用通用失败Toast,刷新/重新认证并恢复安全目标,收回操作入口且不泄露资源存在性,进入资源不存在/失效状态,重新加载version和差异，禁止盲目覆盖,展示业务原因并保留安全输入,显示服务端重试时间,保留上下文和requestId，提供人工重试,FROZEN_V1.2.2
adminMembershipPostUserMembershipsGrants,POST,/admin-api/v1/user-memberships/grants,人工赠送,membership.grant,R18,COMMON-400-VALIDATION;COMMON-401-UNAUTHENTICATED;COMMON-403-FORBIDDEN;COMMON-404-NOT_FOUND;COMMON-409-VERSION_CONFLICT;COMMON-422-BUSINESS_RULE;COMMON-429-RATE_LIMITED;COMMON-500-INTERNAL,逐字段映射，不使用通用失败Toast,刷新/重新认证并恢复安全目标,收回操作入口且不泄露资源存在性,进入资源不存在/失效状态,重新加载version和差异，禁止盲目覆盖,展示业务原因并保留安全输入,显示服务端重试时间,保留上下文和requestId，提供人工重试,FROZEN_V1.2.2
adminPropsGetProps,GET,/admin-api/v1/props,道具定义和SKU,prop.read,R19,COMMON-400-VALIDATION;COMMON-401-UNAUTHENTICATED;COMMON-403-FORBIDDEN;COMMON-404-NOT_FOUND;COMMON-409-VERSION_CONFLICT;COMMON-422-BUSINESS_RULE;COMMON-429-RATE_LIMITED;COMMON-500-INTERNAL,逐字段映射，不使用通用失败Toast,刷新/重新认证并恢复安全目标,收回操作入口且不泄露资源存在性,进入资源不存在/失效状态,重新加载version和差异，禁止盲目覆盖,展示业务原因并保留安全输入,显示服务端重试时间,保留上下文和requestId，提供人工重试,FROZEN_V1.2.2
adminPropsPatchPropsById,PATCH,/admin-api/v1/props/{id},修改道具,prop.write,R19,COMMON-400-VALIDATION;COMMON-401-UNAUTHENTICATED;COMMON-403-FORBIDDEN;COMMON-404-NOT_FOUND;COMMON-409-VERSION_CONFLICT;COMMON-422-BUSINESS_RULE;COMMON-429-RATE_LIMITED;COMMON-500-INTERNAL,逐字段映射，不使用通用失败Toast,刷新/重新认证并恢复安全目标,收回操作入口且不泄露资源存在性,进入资源不存在/失效状态,重新加载version和差异，禁止盲目覆盖,展示业务原因并保留安全输入,显示服务端重试时间,保留上下文和requestId，提供人工重试,FROZEN_V1.2.2
adminPropsGetHeadlineSlots,GET,/admin-api/v1/headline-slots,头条资源位,prop.slot.read,R19,COMMON-400-VALIDATION;COMMON-401-UNAUTHENTICATED;COMMON-403-FORBIDDEN;COMMON-404-NOT_FOUND;COMMON-409-VERSION_CONFLICT;COMMON-422-BUSINESS_RULE;COMMON-429-RATE_LIMITED;COMMON-500-INTERNAL,逐字段映射，不使用通用失败Toast,刷新/重新认证并恢复安全目标,收回操作入口且不泄露资源存在性,进入资源不存在/失效状态,重新加载version和差异，禁止盲目覆盖,展示业务原因并保留安全输入,显示服务端重试时间,保留上下文和requestId，提供人工重试,FROZEN_V1.2.2
adminPropsPostHeadlineSlots,POST,/admin-api/v1/headline-slots,创建资源位,prop.slot.write,R19,COMMON-400-VALIDATION;COMMON-401-UNAUTHENTICATED;COMMON-403-FORBIDDEN;COMMON-404-NOT_FOUND;COMMON-409-VERSION_CONFLICT;COMMON-422-BUSINESS_RULE;COMMON-429-RATE_LIMITED;COMMON-500-INTERNAL,逐字段映射，不使用通用失败Toast,刷新/重新认证并恢复安全目标,收回操作入口且不泄露资源存在性,进入资源不存在/失效状态,重新加载version和差异，禁止盲目覆盖,展示业务原因并保留安全输入,显示服务端重试时间,保留上下文和requestId，提供人工重试,FROZEN_V1.2.2
adminPropsGetPropExecutions,GET,/admin-api/v1/prop-executions,执行日志,prop.read,R19,COMMON-400-VALIDATION;COMMON-401-UNAUTHENTICATED;COMMON-403-FORBIDDEN;COMMON-404-NOT_FOUND;COMMON-409-VERSION_CONFLICT;COMMON-422-BUSINESS_RULE;COMMON-429-RATE_LIMITED;COMMON-500-INTERNAL,逐字段映射，不使用通用失败Toast,刷新/重新认证并恢复安全目标,收回操作入口且不泄露资源存在性,进入资源不存在/失效状态,重新加载version和差异，禁止盲目覆盖,展示业务原因并保留安全输入,显示服务端重试时间,保留上下文和requestId，提供人工重试,FROZEN_V1.2.2
adminReferralGetReferralRelations,GET,/admin-api/v1/referral-relations,邀请关系列表,referral.read,R25-R26,COMMON-400-VALIDATION;COMMON-401-UNAUTHENTICATED;COMMON-403-FORBIDDEN;COMMON-404-NOT_FOUND;COMMON-409-VERSION_CONFLICT;COMMON-422-BUSINESS_RULE;COMMON-429-RATE_LIMITED;COMMON-500-INTERNAL,逐字段映射，不使用通用失败Toast,刷新/重新认证并恢复安全目标,收回操作入口且不泄露资源存在性,进入资源不存在/失效状态,重新加载version和差异，禁止盲目覆盖,展示业务原因并保留安全输入,显示服务端重试时间,保留上下文和requestId，提供人工重试,FROZEN_V1.2.2
adminReferralPostReferralRelationsByInviteeidAdjust,POST,/admin-api/v1/referral-relations/{inviteeId}/adjust,纠纷调整关系,referral.adjust,R25-R26,COMMON-400-VALIDATION;COMMON-401-UNAUTHENTICATED;COMMON-403-FORBIDDEN;COMMON-404-NOT_FOUND;COMMON-409-VERSION_CONFLICT;COMMON-422-BUSINESS_RULE;COMMON-429-RATE_LIMITED;COMMON-500-INTERNAL,逐字段映射，不使用通用失败Toast,刷新/重新认证并恢复安全目标,收回操作入口且不泄露资源存在性,进入资源不存在/失效状态,重新加载version和差异，禁止盲目覆盖,展示业务原因并保留安全输入,显示服务端重试时间,保留上下文和requestId，提供人工重试,FROZEN_V1.2.2
adminReferralGetCommissionPolicies,GET,/admin-api/v1/commission-policies,佣金策略,commission.read,R25-R26,COMMON-400-VALIDATION;COMMON-401-UNAUTHENTICATED;COMMON-403-FORBIDDEN;COMMON-404-NOT_FOUND;COMMON-409-VERSION_CONFLICT;COMMON-422-BUSINESS_RULE;COMMON-429-RATE_LIMITED;COMMON-500-INTERNAL,逐字段映射，不使用通用失败Toast,刷新/重新认证并恢复安全目标,收回操作入口且不泄露资源存在性,进入资源不存在/失效状态,重新加载version和差异，禁止盲目覆盖,展示业务原因并保留安全输入,显示服务端重试时间,保留上下文和requestId，提供人工重试,FROZEN_V1.2.2
adminReferralPostCommissionPolicies,POST,/admin-api/v1/commission-policies,创建策略版本,commission.write,R25-R26,COMMON-400-VALIDATION;COMMON-401-UNAUTHENTICATED;COMMON-403-FORBIDDEN;COMMON-404-NOT_FOUND;COMMON-409-VERSION_CONFLICT;COMMON-422-BUSINESS_RULE;COMMON-429-RATE_LIMITED;COMMON-500-INTERNAL,逐字段映射，不使用通用失败Toast,刷新/重新认证并恢复安全目标,收回操作入口且不泄露资源存在性,进入资源不存在/失效状态,重新加载version和差异，禁止盲目覆盖,展示业务原因并保留安全输入,显示服务端重试时间,保留上下文和requestId，提供人工重试,FROZEN_V1.2.2
adminReferralGetCommissions,GET,/admin-api/v1/commissions,佣金记录,commission.read,R25-R26,COMMON-400-VALIDATION;COMMON-401-UNAUTHENTICATED;COMMON-403-FORBIDDEN;COMMON-404-NOT_FOUND;COMMON-409-VERSION_CONFLICT;COMMON-422-BUSINESS_RULE;COMMON-429-RATE_LIMITED;COMMON-500-INTERNAL,逐字段映射，不使用通用失败Toast,刷新/重新认证并恢复安全目标,收回操作入口且不泄露资源存在性,进入资源不存在/失效状态,重新加载version和差异，禁止盲目覆盖,展示业务原因并保留安全输入,显示服务端重试时间,保留上下文和requestId，提供人工重试,FROZEN_V1.2.2
adminReferralActivityGetReferralActivityRules,GET,/admin-api/v1/referral-activity/rules,行为规则,referral.activity.read,R30,COMMON-400-VALIDATION;COMMON-401-UNAUTHENTICATED;COMMON-403-FORBIDDEN;COMMON-404-NOT_FOUND;COMMON-409-VERSION_CONFLICT;COMMON-422-BUSINESS_RULE;COMMON-429-RATE_LIMITED;COMMON-500-INTERNAL,逐字段映射，不使用通用失败Toast,刷新/重新认证并恢复安全目标,收回操作入口且不泄露资源存在性,进入资源不存在/失效状态,重新加载version和差异，禁止盲目覆盖,展示业务原因并保留安全输入,显示服务端重试时间,保留上下文和requestId，提供人工重试,FROZEN_V1.2.2
adminReferralActivityPostReferralActivityRuleVersions,POST,/admin-api/v1/referral-activity/rule-versions,创建规则版本,referral.activity.write,R30,COMMON-400-VALIDATION;COMMON-401-UNAUTHENTICATED;COMMON-403-FORBIDDEN;COMMON-404-NOT_FOUND;COMMON-409-VERSION_CONFLICT;COMMON-422-BUSINESS_RULE;COMMON-429-RATE_LIMITED;COMMON-500-INTERNAL,逐字段映射，不使用通用失败Toast,刷新/重新认证并恢复安全目标,收回操作入口且不泄露资源存在性,进入资源不存在/失效状态,重新加载version和差异，禁止盲目覆盖,展示业务原因并保留安全输入,显示服务端重试时间,保留上下文和requestId，提供人工重试,FROZEN_V1.2.2
adminReferralActivityGetReferralActivityProgress,GET,/admin-api/v1/referral-activity/progress,直推进度,referral.activity.read,R30,COMMON-400-VALIDATION;COMMON-401-UNAUTHENTICATED;COMMON-403-FORBIDDEN;COMMON-404-NOT_FOUND;COMMON-409-VERSION_CONFLICT;COMMON-422-BUSINESS_RULE;COMMON-429-RATE_LIMITED;COMMON-500-INTERNAL,逐字段映射，不使用通用失败Toast,刷新/重新认证并恢复安全目标,收回操作入口且不泄露资源存在性,进入资源不存在/失效状态,重新加载version和差异，禁止盲目覆盖,展示业务原因并保留安全输入,显示服务端重试时间,保留上下文和requestId，提供人工重试,FROZEN_V1.2.2
adminReferralActivityGetReferralActivityMilestones,GET,/admin-api/v1/referral-activity/milestones,档位与矩阵,referral.activity.read,R30,COMMON-400-VALIDATION;COMMON-401-UNAUTHENTICATED;COMMON-403-FORBIDDEN;COMMON-404-NOT_FOUND;COMMON-409-VERSION_CONFLICT;COMMON-422-BUSINESS_RULE;COMMON-429-RATE_LIMITED;COMMON-500-INTERNAL,逐字段映射，不使用通用失败Toast,刷新/重新认证并恢复安全目标,收回操作入口且不泄露资源存在性,进入资源不存在/失效状态,重新加载version和差异，禁止盲目覆盖,展示业务原因并保留安全输入,显示服务端重试时间,保留上下文和requestId，提供人工重试,FROZEN_V1.2.2
adminReferralActivityPutReferralActivityMilestones,PUT,/admin-api/v1/referral-activity/milestones,保存档位矩阵新版本,referral.activity.write,R30,COMMON-400-VALIDATION;COMMON-401-UNAUTHENTICATED;COMMON-403-FORBIDDEN;COMMON-404-NOT_FOUND;COMMON-409-VERSION_CONFLICT;COMMON-422-BUSINESS_RULE;COMMON-429-RATE_LIMITED;COMMON-500-INTERNAL,逐字段映射，不使用通用失败Toast,刷新/重新认证并恢复安全目标,收回操作入口且不泄露资源存在性,进入资源不存在/失效状态,重新加载version和差异，禁止盲目覆盖,展示业务原因并保留安全输入,显示服务端重试时间,保留上下文和requestId，提供人工重试,FROZEN_V1.2.2
adminReferralActivityGetReferralActivityRewards,GET,/admin-api/v1/referral-activity/rewards,阶梯奖励记录,referral.activity.read,R30,COMMON-400-VALIDATION;COMMON-401-UNAUTHENTICATED;COMMON-403-FORBIDDEN;COMMON-404-NOT_FOUND;COMMON-409-VERSION_CONFLICT;COMMON-422-BUSINESS_RULE;COMMON-429-RATE_LIMITED;COMMON-500-INTERNAL,逐字段映射，不使用通用失败Toast,刷新/重新认证并恢复安全目标,收回操作入口且不泄露资源存在性,进入资源不存在/失效状态,重新加载version和差异，禁止盲目覆盖,展示业务原因并保留安全输入,显示服务端重试时间,保留上下文和requestId，提供人工重试,FROZEN_V1.2.2
adminTasksGetTasks,GET,/admin-api/v1/tasks,任务定义,task.read,R27,COMMON-400-VALIDATION;COMMON-401-UNAUTHENTICATED;COMMON-403-FORBIDDEN;COMMON-404-NOT_FOUND;COMMON-409-VERSION_CONFLICT;COMMON-422-BUSINESS_RULE;COMMON-429-RATE_LIMITED;COMMON-500-INTERNAL,逐字段映射，不使用通用失败Toast,刷新/重新认证并恢复安全目标,收回操作入口且不泄露资源存在性,进入资源不存在/失效状态,重新加载version和差异，禁止盲目覆盖,展示业务原因并保留安全输入,显示服务端重试时间,保留上下文和requestId，提供人工重试,FROZEN_V1.2.2
adminTasksPostTasks,POST,/admin-api/v1/tasks,创建任务,task.write,R27,COMMON-400-VALIDATION;COMMON-401-UNAUTHENTICATED;COMMON-403-FORBIDDEN;COMMON-404-NOT_FOUND;COMMON-409-VERSION_CONFLICT;COMMON-422-BUSINESS_RULE;COMMON-429-RATE_LIMITED;COMMON-500-INTERNAL,逐字段映射，不使用通用失败Toast,刷新/重新认证并恢复安全目标,收回操作入口且不泄露资源存在性,进入资源不存在/失效状态,重新加载version和差异，禁止盲目覆盖,展示业务原因并保留安全输入,显示服务端重试时间,保留上下文和requestId，提供人工重试,FROZEN_V1.2.2
adminTasksPatchTasksById,PATCH,/admin-api/v1/tasks/{id},修改任务,task.write,R27,COMMON-400-VALIDATION;COMMON-401-UNAUTHENTICATED;COMMON-403-FORBIDDEN;COMMON-404-NOT_FOUND;COMMON-409-VERSION_CONFLICT;COMMON-422-BUSINESS_RULE;COMMON-429-RATE_LIMITED;COMMON-500-INTERNAL,逐字段映射，不使用通用失败Toast,刷新/重新认证并恢复安全目标,收回操作入口且不泄露资源存在性,进入资源不存在/失效状态,重新加载version和差异，禁止盲目覆盖,展示业务原因并保留安全输入,显示服务端重试时间,保留上下文和requestId，提供人工重试,FROZEN_V1.2.2
adminTasksGetTaskProgress,GET,/admin-api/v1/task-progress,用户任务进度,task.read,R27,COMMON-400-VALIDATION;COMMON-401-UNAUTHENTICATED;COMMON-403-FORBIDDEN;COMMON-404-NOT_FOUND;COMMON-409-VERSION_CONFLICT;COMMON-422-BUSINESS_RULE;COMMON-429-RATE_LIMITED;COMMON-500-INTERNAL,逐字段映射，不使用通用失败Toast,刷新/重新认证并恢复安全目标,收回操作入口且不泄露资源存在性,进入资源不存在/失效状态,重新加载version和差异，禁止盲目覆盖,展示业务原因并保留安全输入,显示服务端重试时间,保留上下文和requestId，提供人工重试,FROZEN_V1.2.2
adminTasksGetGrowthBudgets,GET,/admin-api/v1/growth-budgets,增长预算,task.budget.read,R27,COMMON-400-VALIDATION;COMMON-401-UNAUTHENTICATED;COMMON-403-FORBIDDEN;COMMON-404-NOT_FOUND;COMMON-409-VERSION_CONFLICT;COMMON-422-BUSINESS_RULE;COMMON-429-RATE_LIMITED;COMMON-500-INTERNAL,逐字段映射，不使用通用失败Toast,刷新/重新认证并恢复安全目标,收回操作入口且不泄露资源存在性,进入资源不存在/失效状态,重新加载version和差异，禁止盲目覆盖,展示业务原因并保留安全输入,显示服务端重试时间,保留上下文和requestId，提供人工重试,FROZEN_V1.2.2
adminTasksPutGrowthBudgetsById,PUT,/admin-api/v1/growth-budgets/{id},修改预算,task.budget.write,R27,COMMON-400-VALIDATION;COMMON-401-UNAUTHENTICATED;COMMON-403-FORBIDDEN;COMMON-404-NOT_FOUND;COMMON-409-VERSION_CONFLICT;COMMON-422-BUSINESS_RULE;COMMON-429-RATE_LIMITED;COMMON-500-INTERNAL,逐字段映射，不使用通用失败Toast,刷新/重新认证并恢复安全目标,收回操作入口且不泄露资源存在性,进入资源不存在/失效状态,重新加载version和差异，禁止盲目覆盖,展示业务原因并保留安全输入,显示服务端重试时间,保留上下文和requestId，提供人工重试,FROZEN_V1.2.2
adminChatGetChatReports,GET,/admin-api/v1/chat-reports,聊天举报,chat.report.read,R15,COMMON-400-VALIDATION;COMMON-401-UNAUTHENTICATED;COMMON-403-FORBIDDEN;COMMON-404-NOT_FOUND;COMMON-409-VERSION_CONFLICT;COMMON-422-BUSINESS_RULE;COMMON-429-RATE_LIMITED;COMMON-500-INTERNAL,逐字段映射，不使用通用失败Toast,刷新/重新认证并恢复安全目标,收回操作入口且不泄露资源存在性,进入资源不存在/失效状态,重新加载version和差异，禁止盲目覆盖,展示业务原因并保留安全输入,显示服务端重试时间,保留上下文和requestId，提供人工重试,FROZEN_V1.2.2
adminChatPostChatReportsByIdDecide,POST,/admin-api/v1/chat-reports/{id}/decide,处理聊天举报,chat.report.decide,R15,COMMON-400-VALIDATION;COMMON-401-UNAUTHENTICATED;COMMON-403-FORBIDDEN;COMMON-404-NOT_FOUND;COMMON-409-VERSION_CONFLICT;COMMON-422-BUSINESS_RULE;COMMON-429-RATE_LIMITED;COMMON-500-INTERNAL,逐字段映射，不使用通用失败Toast,刷新/重新认证并恢复安全目标,收回操作入口且不泄露资源存在性,进入资源不存在/失效状态,重新加载version和差异，禁止盲目覆盖,展示业务原因并保留安全输入,显示服务端重试时间,保留上下文和requestId，提供人工重试,FROZEN_V1.2.2
adminSupportGetSupportTickets,GET,/admin-api/v1/support/tickets,工单列表,support.read,R15,COMMON-400-VALIDATION;COMMON-401-UNAUTHENTICATED;COMMON-403-FORBIDDEN;COMMON-404-NOT_FOUND;COMMON-409-VERSION_CONFLICT;COMMON-422-BUSINESS_RULE;COMMON-429-RATE_LIMITED;COMMON-500-INTERNAL,逐字段映射，不使用通用失败Toast,刷新/重新认证并恢复安全目标,收回操作入口且不泄露资源存在性,进入资源不存在/失效状态,重新加载version和差异，禁止盲目覆盖,展示业务原因并保留安全输入,显示服务端重试时间,保留上下文和requestId，提供人工重试,FROZEN_V1.2.2
adminSupportGetSupportTicketsById,GET,/admin-api/v1/support/tickets/{id},工单详情,support.read,R15,COMMON-400-VALIDATION;COMMON-401-UNAUTHENTICATED;COMMON-403-FORBIDDEN;COMMON-404-NOT_FOUND;COMMON-409-VERSION_CONFLICT;COMMON-422-BUSINESS_RULE;COMMON-429-RATE_LIMITED;COMMON-500-INTERNAL,逐字段映射，不使用通用失败Toast,刷新/重新认证并恢复安全目标,收回操作入口且不泄露资源存在性,进入资源不存在/失效状态,重新加载version和差异，禁止盲目覆盖,展示业务原因并保留安全输入,显示服务端重试时间,保留上下文和requestId，提供人工重试,FROZEN_V1.2.2
adminSupportPostSupportTicketsByIdAssign,POST,/admin-api/v1/support/tickets/{id}/assign,分配客服,support.assign,R15,COMMON-400-VALIDATION;COMMON-401-UNAUTHENTICATED;COMMON-403-FORBIDDEN;COMMON-404-NOT_FOUND;COMMON-409-VERSION_CONFLICT;COMMON-422-BUSINESS_RULE;COMMON-429-RATE_LIMITED;COMMON-500-INTERNAL,逐字段映射，不使用通用失败Toast,刷新/重新认证并恢复安全目标,收回操作入口且不泄露资源存在性,进入资源不存在/失效状态,重新加载version和差异，禁止盲目覆盖,展示业务原因并保留安全输入,显示服务端重试时间,保留上下文和requestId，提供人工重试,FROZEN_V1.2.2
adminSupportPostSupportTicketsByIdMessages,POST,/admin-api/v1/support/tickets/{id}/messages,客服回复,support.reply,R15,COMMON-400-VALIDATION;COMMON-401-UNAUTHENTICATED;COMMON-403-FORBIDDEN;COMMON-404-NOT_FOUND;COMMON-409-VERSION_CONFLICT;COMMON-422-BUSINESS_RULE;COMMON-429-RATE_LIMITED;COMMON-500-INTERNAL,逐字段映射，不使用通用失败Toast,刷新/重新认证并恢复安全目标,收回操作入口且不泄露资源存在性,进入资源不存在/失效状态,重新加载version和差异，禁止盲目覆盖,展示业务原因并保留安全输入,显示服务端重试时间,保留上下文和requestId，提供人工重试,FROZEN_V1.2.2
adminSupportPostSupportTicketsByIdClose,POST,/admin-api/v1/support/tickets/{id}/close,关闭工单,support.close,R15,COMMON-400-VALIDATION;COMMON-401-UNAUTHENTICATED;COMMON-403-FORBIDDEN;COMMON-404-NOT_FOUND;COMMON-409-VERSION_CONFLICT;COMMON-422-BUSINESS_RULE;COMMON-429-RATE_LIMITED;COMMON-500-INTERNAL,逐字段映射，不使用通用失败Toast,刷新/重新认证并恢复安全目标,收回操作入口且不泄露资源存在性,进入资源不存在/失效状态,重新加载version和差异，禁止盲目覆盖,展示业务原因并保留安全输入,显示服务端重试时间,保留上下文和requestId，提供人工重试,FROZEN_V1.2.2
adminCMSGetCmsHomeModules,GET,/admin-api/v1/cms/home-modules,首页模块,cms.read,R28,COMMON-400-VALIDATION;COMMON-401-UNAUTHENTICATED;COMMON-403-FORBIDDEN;COMMON-404-NOT_FOUND;COMMON-409-VERSION_CONFLICT;COMMON-422-BUSINESS_RULE;COMMON-429-RATE_LIMITED;COMMON-500-INTERNAL,逐字段映射，不使用通用失败Toast,刷新/重新认证并恢复安全目标,收回操作入口且不泄露资源存在性,进入资源不存在/失效状态,重新加载version和差异，禁止盲目覆盖,展示业务原因并保留安全输入,显示服务端重试时间,保留上下文和requestId，提供人工重试,FROZEN_V1.2.2
adminCMSPutCmsHomeModules,PUT,/admin-api/v1/cms/home-modules,排序和配置,cms.write,R28,COMMON-400-VALIDATION;COMMON-401-UNAUTHENTICATED;COMMON-403-FORBIDDEN;COMMON-404-NOT_FOUND;COMMON-409-VERSION_CONFLICT;COMMON-422-BUSINESS_RULE;COMMON-429-RATE_LIMITED;COMMON-500-INTERNAL,逐字段映射，不使用通用失败Toast,刷新/重新认证并恢复安全目标,收回操作入口且不泄露资源存在性,进入资源不存在/失效状态,重新加载version和差异，禁止盲目覆盖,展示业务原因并保留安全输入,显示服务端重试时间,保留上下文和requestId，提供人工重试,FROZEN_V1.2.2
adminCMSGetCmsBanners,GET,/admin-api/v1/cms/banners,轮播,cms.read,R28,COMMON-400-VALIDATION;COMMON-401-UNAUTHENTICATED;COMMON-403-FORBIDDEN;COMMON-404-NOT_FOUND;COMMON-409-VERSION_CONFLICT;COMMON-422-BUSINESS_RULE;COMMON-429-RATE_LIMITED;COMMON-500-INTERNAL,逐字段映射，不使用通用失败Toast,刷新/重新认证并恢复安全目标,收回操作入口且不泄露资源存在性,进入资源不存在/失效状态,重新加载version和差异，禁止盲目覆盖,展示业务原因并保留安全输入,显示服务端重试时间,保留上下文和requestId，提供人工重试,FROZEN_V1.2.2
adminCMSPostCmsBanners,POST,/admin-api/v1/cms/banners,创建轮播,cms.write,R28,COMMON-400-VALIDATION;COMMON-401-UNAUTHENTICATED;COMMON-403-FORBIDDEN;COMMON-404-NOT_FOUND;COMMON-409-VERSION_CONFLICT;COMMON-422-BUSINESS_RULE;COMMON-429-RATE_LIMITED;COMMON-500-INTERNAL,逐字段映射，不使用通用失败Toast,刷新/重新认证并恢复安全目标,收回操作入口且不泄露资源存在性,进入资源不存在/失效状态,重新加载version和差异，禁止盲目覆盖,展示业务原因并保留安全输入,显示服务端重试时间,保留上下文和requestId，提供人工重试,FROZEN_V1.2.2
adminCMSGetCmsArticles,GET,/admin-api/v1/cms/articles,公告帮助规则,cms.read,R28,COMMON-400-VALIDATION;COMMON-401-UNAUTHENTICATED;COMMON-403-FORBIDDEN;COMMON-404-NOT_FOUND;COMMON-409-VERSION_CONFLICT;COMMON-422-BUSINESS_RULE;COMMON-429-RATE_LIMITED;COMMON-500-INTERNAL,逐字段映射，不使用通用失败Toast,刷新/重新认证并恢复安全目标,收回操作入口且不泄露资源存在性,进入资源不存在/失效状态,重新加载version和差异，禁止盲目覆盖,展示业务原因并保留安全输入,显示服务端重试时间,保留上下文和requestId，提供人工重试,FROZEN_V1.2.2
adminCMSPostCmsArticles,POST,/admin-api/v1/cms/articles,创建文章,cms.write,R28,COMMON-400-VALIDATION;COMMON-401-UNAUTHENTICATED;COMMON-403-FORBIDDEN;COMMON-404-NOT_FOUND;COMMON-409-VERSION_CONFLICT;COMMON-422-BUSINESS_RULE;COMMON-429-RATE_LIMITED;COMMON-500-INTERNAL,逐字段映射，不使用通用失败Toast,刷新/重新认证并恢复安全目标,收回操作入口且不泄露资源存在性,进入资源不存在/失效状态,重新加载version和差异，禁止盲目覆盖,展示业务原因并保留安全输入,显示服务端重试时间,保留上下文和requestId，提供人工重试,FROZEN_V1.2.2
adminCMSGetCmsH5Pages,GET,/admin-api/v1/cms/h5-pages,H5配置,cms.read,R28,COMMON-400-VALIDATION;COMMON-401-UNAUTHENTICATED;COMMON-403-FORBIDDEN;COMMON-404-NOT_FOUND;COMMON-409-VERSION_CONFLICT;COMMON-422-BUSINESS_RULE;COMMON-429-RATE_LIMITED;COMMON-500-INTERNAL,逐字段映射，不使用通用失败Toast,刷新/重新认证并恢复安全目标,收回操作入口且不泄露资源存在性,进入资源不存在/失效状态,重新加载version和差异，禁止盲目覆盖,展示业务原因并保留安全输入,显示服务端重试时间,保留上下文和requestId，提供人工重试,FROZEN_V1.2.2
adminCMSPutCmsH5PagesByCode,PUT,/admin-api/v1/cms/h5-pages/{code},更新H5配置新版本,cms.write,R28,COMMON-400-VALIDATION;COMMON-401-UNAUTHENTICATED;COMMON-403-FORBIDDEN;COMMON-404-NOT_FOUND;COMMON-409-VERSION_CONFLICT;COMMON-422-BUSINESS_RULE;COMMON-429-RATE_LIMITED;COMMON-500-INTERNAL,逐字段映射，不使用通用失败Toast,刷新/重新认证并恢复安全目标,收回操作入口且不泄露资源存在性,进入资源不存在/失效状态,重新加载version和差异，禁止盲目覆盖,展示业务原因并保留安全输入,显示服务端重试时间,保留上下文和requestId，提供人工重试,FROZEN_V1.2.2
adminAgreementsGetAgreements,GET,/admin-api/v1/agreements,协议列表,agreement.read,R28,COMMON-400-VALIDATION;COMMON-401-UNAUTHENTICATED;COMMON-403-FORBIDDEN;COMMON-404-NOT_FOUND;COMMON-409-VERSION_CONFLICT;COMMON-422-BUSINESS_RULE;COMMON-429-RATE_LIMITED;COMMON-500-INTERNAL,逐字段映射，不使用通用失败Toast,刷新/重新认证并恢复安全目标,收回操作入口且不泄露资源存在性,进入资源不存在/失效状态,重新加载version和差异，禁止盲目覆盖,展示业务原因并保留安全输入,显示服务端重试时间,保留上下文和requestId，提供人工重试,FROZEN_V1.2.2
adminAgreementsPostAgreementsByCodeVersions,POST,/admin-api/v1/agreements/{code}/versions,新增协议版本,agreement.write,R28,COMMON-400-VALIDATION;COMMON-401-UNAUTHENTICATED;COMMON-403-FORBIDDEN;COMMON-404-NOT_FOUND;COMMON-409-VERSION_CONFLICT;COMMON-422-BUSINESS_RULE;COMMON-429-RATE_LIMITED;COMMON-500-INTERNAL,逐字段映射，不使用通用失败Toast,刷新/重新认证并恢复安全目标,收回操作入口且不泄露资源存在性,进入资源不存在/失效状态,重新加载version和差异，禁止盲目覆盖,展示业务原因并保留安全输入,显示服务端重试时间,保留上下文和requestId，提供人工重试,FROZEN_V1.2.2
adminAppReleaseGetAppVersions,GET,/admin-api/v1/app-versions,App版本,app.release.read,R29,COMMON-400-VALIDATION;COMMON-401-UNAUTHENTICATED;COMMON-403-FORBIDDEN;COMMON-404-NOT_FOUND;COMMON-409-VERSION_CONFLICT;COMMON-422-BUSINESS_RULE;COMMON-429-RATE_LIMITED;COMMON-500-INTERNAL,逐字段映射，不使用通用失败Toast,刷新/重新认证并恢复安全目标,收回操作入口且不泄露资源存在性,进入资源不存在/失效状态,重新加载version和差异，禁止盲目覆盖,展示业务原因并保留安全输入,显示服务端重试时间,保留上下文和requestId，提供人工重试,FROZEN_V1.2.2
adminAppReleasePostAppVersions,POST,/admin-api/v1/app-versions,创建版本,app.release.write,R29,COMMON-400-VALIDATION;COMMON-401-UNAUTHENTICATED;COMMON-403-FORBIDDEN;COMMON-404-NOT_FOUND;COMMON-409-VERSION_CONFLICT;COMMON-422-BUSINESS_RULE;COMMON-429-RATE_LIMITED;COMMON-500-INTERNAL,逐字段映射，不使用通用失败Toast,刷新/重新认证并恢复安全目标,收回操作入口且不泄露资源存在性,进入资源不存在/失效状态,重新加载version和差异，禁止盲目覆盖,展示业务原因并保留安全输入,显示服务端重试时间,保留上下文和requestId，提供人工重试,FROZEN_V1.2.2
adminAppReleasePostAppVersionsByIdPublish,POST,/admin-api/v1/app-versions/{id}/publish,发布/灰度,app.release.publish,R29,COMMON-400-VALIDATION;COMMON-401-UNAUTHENTICATED;COMMON-403-FORBIDDEN;COMMON-404-NOT_FOUND;COMMON-409-VERSION_CONFLICT;COMMON-422-BUSINESS_RULE;COMMON-429-RATE_LIMITED;COMMON-500-INTERNAL,逐字段映射，不使用通用失败Toast,刷新/重新认证并恢复安全目标,收回操作入口且不泄露资源存在性,进入资源不存在/失效状态,重新加载version和差异，禁止盲目覆盖,展示业务原因并保留安全输入,显示服务端重试时间,保留上下文和requestId，提供人工重试,FROZEN_V1.2.2
adminRiskGetRiskEvents,GET,/admin-api/v1/risk/events,风险事件,risk.read,R31,COMMON-400-VALIDATION;COMMON-401-UNAUTHENTICATED;COMMON-403-FORBIDDEN;COMMON-404-NOT_FOUND;COMMON-409-VERSION_CONFLICT;COMMON-422-BUSINESS_RULE;COMMON-429-RATE_LIMITED;COMMON-500-INTERNAL,逐字段映射，不使用通用失败Toast,刷新/重新认证并恢复安全目标,收回操作入口且不泄露资源存在性,进入资源不存在/失效状态,重新加载version和差异，禁止盲目覆盖,展示业务原因并保留安全输入,显示服务端重试时间,保留上下文和requestId，提供人工重试,FROZEN_V1.2.2
adminRiskPostRiskEventsByIdDecide,POST,/admin-api/v1/risk/events/{id}/decide,人工处置,risk.decide,R31,COMMON-400-VALIDATION;COMMON-401-UNAUTHENTICATED;COMMON-403-FORBIDDEN;COMMON-404-NOT_FOUND;COMMON-409-VERSION_CONFLICT;COMMON-422-BUSINESS_RULE;COMMON-429-RATE_LIMITED;COMMON-500-INTERNAL,逐字段映射，不使用通用失败Toast,刷新/重新认证并恢复安全目标,收回操作入口且不泄露资源存在性,进入资源不存在/失效状态,重新加载version和差异，禁止盲目覆盖,展示业务原因并保留安全输入,显示服务端重试时间,保留上下文和requestId，提供人工重试,FROZEN_V1.2.2
adminRiskGetRiskRuleVersions,GET,/admin-api/v1/risk/rule-versions,规则版本,risk.rule.read,R31,COMMON-400-VALIDATION;COMMON-401-UNAUTHENTICATED;COMMON-403-FORBIDDEN;COMMON-404-NOT_FOUND;COMMON-409-VERSION_CONFLICT;COMMON-422-BUSINESS_RULE;COMMON-429-RATE_LIMITED;COMMON-500-INTERNAL,逐字段映射，不使用通用失败Toast,刷新/重新认证并恢复安全目标,收回操作入口且不泄露资源存在性,进入资源不存在/失效状态,重新加载version和差异，禁止盲目覆盖,展示业务原因并保留安全输入,显示服务端重试时间,保留上下文和requestId，提供人工重试,FROZEN_V1.2.2
adminRiskPostRiskRuleVersions,POST,/admin-api/v1/risk/rule-versions,创建规则版本,risk.rule.write,R31,COMMON-400-VALIDATION;COMMON-401-UNAUTHENTICATED;COMMON-403-FORBIDDEN;COMMON-404-NOT_FOUND;COMMON-409-VERSION_CONFLICT;COMMON-422-BUSINESS_RULE;COMMON-429-RATE_LIMITED;COMMON-500-INTERNAL,逐字段映射，不使用通用失败Toast,刷新/重新认证并恢复安全目标,收回操作入口且不泄露资源存在性,进入资源不存在/失效状态,重新加载version和差异，禁止盲目覆盖,展示业务原因并保留安全输入,显示服务端重试时间,保留上下文和requestId，提供人工重试,FROZEN_V1.2.2
adminRiskGetRiskBlacklists,GET,/admin-api/v1/risk/blacklists,黑名单,risk.list.read,R31,COMMON-400-VALIDATION;COMMON-401-UNAUTHENTICATED;COMMON-403-FORBIDDEN;COMMON-404-NOT_FOUND;COMMON-409-VERSION_CONFLICT;COMMON-422-BUSINESS_RULE;COMMON-429-RATE_LIMITED;COMMON-500-INTERNAL,逐字段映射，不使用通用失败Toast,刷新/重新认证并恢复安全目标,收回操作入口且不泄露资源存在性,进入资源不存在/失效状态,重新加载version和差异，禁止盲目覆盖,展示业务原因并保留安全输入,显示服务端重试时间,保留上下文和requestId，提供人工重试,FROZEN_V1.2.2
adminRiskPostRiskBlacklists,POST,/admin-api/v1/risk/blacklists,新增黑名单,risk.list.write,R31,COMMON-400-VALIDATION;COMMON-401-UNAUTHENTICATED;COMMON-403-FORBIDDEN;COMMON-404-NOT_FOUND;COMMON-409-VERSION_CONFLICT;COMMON-422-BUSINESS_RULE;COMMON-429-RATE_LIMITED;COMMON-500-INTERNAL,逐字段映射，不使用通用失败Toast,刷新/重新认证并恢复安全目标,收回操作入口且不泄露资源存在性,进入资源不存在/失效状态,重新加载version和差异，禁止盲目覆盖,展示业务原因并保留安全输入,显示服务端重试时间,保留上下文和requestId，提供人工重试,FROZEN_V1.2.2
adminRiskDeleteRiskBlacklistsById,DELETE,/admin-api/v1/risk/blacklists/{id},移除黑名单,risk.list.write,R31,COMMON-400-VALIDATION;COMMON-401-UNAUTHENTICATED;COMMON-403-FORBIDDEN;COMMON-404-NOT_FOUND;COMMON-409-VERSION_CONFLICT;COMMON-422-BUSINESS_RULE;COMMON-429-RATE_LIMITED;COMMON-500-INTERNAL,逐字段映射，不使用通用失败Toast,刷新/重新认证并恢复安全目标,收回操作入口且不泄露资源存在性,进入资源不存在/失效状态,重新加载version和差异，禁止盲目覆盖,展示业务原因并保留安全输入,显示服务端重试时间,保留上下文和requestId，提供人工重试,FROZEN_V1.2.2
adminConfigGetConfigs,GET,/admin-api/v1/configs,系统配置,config.read,R30,COMMON-400-VALIDATION;COMMON-401-UNAUTHENTICATED;COMMON-403-FORBIDDEN;COMMON-404-NOT_FOUND;COMMON-409-VERSION_CONFLICT;COMMON-422-BUSINESS_RULE;COMMON-429-RATE_LIMITED;COMMON-500-INTERNAL;CONFIG-409-ACTIVATION_FAILED,逐字段映射，不使用通用失败Toast,刷新/重新认证并恢复安全目标,收回操作入口且不泄露资源存在性,进入资源不存在/失效状态,重新加载version和差异，禁止盲目覆盖,展示业务原因并保留安全输入,显示服务端重试时间,保留上下文和requestId，提供人工重试,FROZEN_V1.2.2
adminConfigPutConfigsByKey,PUT,/admin-api/v1/configs/{key},修改配置并生成版本,config.write,R30,COMMON-400-VALIDATION;COMMON-401-UNAUTHENTICATED;COMMON-403-FORBIDDEN;COMMON-404-NOT_FOUND;COMMON-409-VERSION_CONFLICT;COMMON-422-BUSINESS_RULE;COMMON-429-RATE_LIMITED;COMMON-500-INTERNAL;CONFIG-409-ACTIVATION_FAILED,逐字段映射，不使用通用失败Toast,刷新/重新认证并恢复安全目标,收回操作入口且不泄露资源存在性,进入资源不存在/失效状态,重新加载version和差异，禁止盲目覆盖,展示业务原因并保留安全输入,显示服务端重试时间,保留上下文和requestId，提供人工重试,FROZEN_V1.2.2
adminConfigGetFeatureFlags,GET,/admin-api/v1/feature-flags,功能开关,config.read,R30,COMMON-400-VALIDATION;COMMON-401-UNAUTHENTICATED;COMMON-403-FORBIDDEN;COMMON-404-NOT_FOUND;COMMON-409-VERSION_CONFLICT;COMMON-422-BUSINESS_RULE;COMMON-429-RATE_LIMITED;COMMON-500-INTERNAL;CONFIG-409-ACTIVATION_FAILED,逐字段映射，不使用通用失败Toast,刷新/重新认证并恢复安全目标,收回操作入口且不泄露资源存在性,进入资源不存在/失效状态,重新加载version和差异，禁止盲目覆盖,展示业务原因并保留安全输入,显示服务端重试时间,保留上下文和requestId，提供人工重试,FROZEN_V1.2.2
adminConfigPutFeatureFlagsByKey,PUT,/admin-api/v1/feature-flags/{key},灰度开关,config.write,R30,COMMON-400-VALIDATION;COMMON-401-UNAUTHENTICATED;COMMON-403-FORBIDDEN;COMMON-404-NOT_FOUND;COMMON-409-VERSION_CONFLICT;COMMON-422-BUSINESS_RULE;COMMON-429-RATE_LIMITED;COMMON-500-INTERNAL;CONFIG-409-ACTIVATION_FAILED,逐字段映射，不使用通用失败Toast,刷新/重新认证并恢复安全目标,收回操作入口且不泄露资源存在性,进入资源不存在/失效状态,重新加载version和差异，禁止盲目覆盖,展示业务原因并保留安全输入,显示服务端重试时间,保留上下文和requestId，提供人工重试,FROZEN_V1.2.2
adminRBACGetAdminUsers,GET,/admin-api/v1/admin-users,后台用户,rbac.read,R30,COMMON-400-VALIDATION;COMMON-401-UNAUTHENTICATED;COMMON-403-FORBIDDEN;COMMON-404-NOT_FOUND;COMMON-409-VERSION_CONFLICT;COMMON-422-BUSINESS_RULE;COMMON-429-RATE_LIMITED;COMMON-500-INTERNAL,逐字段映射，不使用通用失败Toast,刷新/重新认证并恢复安全目标,收回操作入口且不泄露资源存在性,进入资源不存在/失效状态,重新加载version和差异，禁止盲目覆盖,展示业务原因并保留安全输入,显示服务端重试时间,保留上下文和requestId，提供人工重试,FROZEN_V1.2.2
adminRBACPostAdminUsers,POST,/admin-api/v1/admin-users,创建后台用户,rbac.write,R30,COMMON-400-VALIDATION;COMMON-401-UNAUTHENTICATED;COMMON-403-FORBIDDEN;COMMON-404-NOT_FOUND;COMMON-409-VERSION_CONFLICT;COMMON-422-BUSINESS_RULE;COMMON-429-RATE_LIMITED;COMMON-500-INTERNAL,逐字段映射，不使用通用失败Toast,刷新/重新认证并恢复安全目标,收回操作入口且不泄露资源存在性,进入资源不存在/失效状态,重新加载version和差异，禁止盲目覆盖,展示业务原因并保留安全输入,显示服务端重试时间,保留上下文和requestId，提供人工重试,FROZEN_V1.2.2
adminRBACGetRoles,GET,/admin-api/v1/roles,角色权限,rbac.read,R30,COMMON-400-VALIDATION;COMMON-401-UNAUTHENTICATED;COMMON-403-FORBIDDEN;COMMON-404-NOT_FOUND;COMMON-409-VERSION_CONFLICT;COMMON-422-BUSINESS_RULE;COMMON-429-RATE_LIMITED;COMMON-500-INTERNAL,逐字段映射，不使用通用失败Toast,刷新/重新认证并恢复安全目标,收回操作入口且不泄露资源存在性,进入资源不存在/失效状态,重新加载version和差异，禁止盲目覆盖,展示业务原因并保留安全输入,显示服务端重试时间,保留上下文和requestId，提供人工重试,FROZEN_V1.2.2
adminRBACPutRolesByIdPermissions,PUT,/admin-api/v1/roles/{id}/permissions,配置权限,rbac.write,R30,COMMON-400-VALIDATION;COMMON-401-UNAUTHENTICATED;COMMON-403-FORBIDDEN;COMMON-404-NOT_FOUND;COMMON-409-VERSION_CONFLICT;COMMON-422-BUSINESS_RULE;COMMON-429-RATE_LIMITED;COMMON-500-INTERNAL,逐字段映射，不使用通用失败Toast,刷新/重新认证并恢复安全目标,收回操作入口且不泄露资源存在性,进入资源不存在/失效状态,重新加载version和差异，禁止盲目覆盖,展示业务原因并保留安全输入,显示服务端重试时间,保留上下文和requestId，提供人工重试,FROZEN_V1.2.2
adminAuditGetAuditLogs,GET,/admin-api/v1/audit/logs,操作日志,audit.read,R30,COMMON-400-VALIDATION;COMMON-401-UNAUTHENTICATED;COMMON-403-FORBIDDEN;COMMON-404-NOT_FOUND;COMMON-409-VERSION_CONFLICT;COMMON-422-BUSINESS_RULE;COMMON-429-RATE_LIMITED;COMMON-500-INTERNAL,逐字段映射，不使用通用失败Toast,刷新/重新认证并恢复安全目标,收回操作入口且不泄露资源存在性,进入资源不存在/失效状态,重新加载version和差异，禁止盲目覆盖,展示业务原因并保留安全输入,显示服务端重试时间,保留上下文和requestId，提供人工重试,FROZEN_V1.2.2
adminApprovalsGetApprovals,GET,/admin-api/v1/approvals,复核申请,approval.read,R30,COMMON-400-VALIDATION;COMMON-401-UNAUTHENTICATED;COMMON-403-FORBIDDEN;COMMON-404-NOT_FOUND;COMMON-409-VERSION_CONFLICT;COMMON-422-BUSINESS_RULE;COMMON-429-RATE_LIMITED;COMMON-500-INTERNAL,逐字段映射，不使用通用失败Toast,刷新/重新认证并恢复安全目标,收回操作入口且不泄露资源存在性,进入资源不存在/失效状态,重新加载version和差异，禁止盲目覆盖,展示业务原因并保留安全输入,显示服务端重试时间,保留上下文和requestId，提供人工重试,FROZEN_V1.2.2
adminApprovalsPostApprovalsByIdDecide,POST,/admin-api/v1/approvals/{id}/decide,同意/拒绝,approval.decide,R30,COMMON-400-VALIDATION;COMMON-401-UNAUTHENTICATED;COMMON-403-FORBIDDEN;COMMON-404-NOT_FOUND;COMMON-409-VERSION_CONFLICT;COMMON-422-BUSINESS_RULE;COMMON-429-RATE_LIMITED;COMMON-500-INTERNAL,逐字段映射，不使用通用失败Toast,刷新/重新认证并恢复安全目标,收回操作入口且不泄露资源存在性,进入资源不存在/失效状态,重新加载version和差异，禁止盲目覆盖,展示业务原因并保留安全输入,显示服务端重试时间,保留上下文和requestId，提供人工重试,FROZEN_V1.2.2
adminJobsGetJobs,GET,/admin-api/v1/jobs,定时任务,job.read,R30,COMMON-400-VALIDATION;COMMON-401-UNAUTHENTICATED;COMMON-403-FORBIDDEN;COMMON-404-NOT_FOUND;COMMON-409-VERSION_CONFLICT;COMMON-422-BUSINESS_RULE;COMMON-429-RATE_LIMITED;COMMON-500-INTERNAL,逐字段映射，不使用通用失败Toast,刷新/重新认证并恢复安全目标,收回操作入口且不泄露资源存在性,进入资源不存在/失效状态,重新加载version和差异，禁止盲目覆盖,展示业务原因并保留安全输入,显示服务端重试时间,保留上下文和requestId，提供人工重试,FROZEN_V1.2.2
adminJobsPostJobsByCodeRun,POST,/admin-api/v1/jobs/{code}/run,手动执行,job.run,R30,COMMON-400-VALIDATION;COMMON-401-UNAUTHENTICATED;COMMON-403-FORBIDDEN;COMMON-404-NOT_FOUND;COMMON-409-VERSION_CONFLICT;COMMON-422-BUSINESS_RULE;COMMON-429-RATE_LIMITED;COMMON-500-INTERNAL,逐字段映射，不使用通用失败Toast,刷新/重新认证并恢复安全目标,收回操作入口且不泄露资源存在性,进入资源不存在/失效状态,重新加载version和差异，禁止盲目覆盖,展示业务原因并保留安全输入,显示服务端重试时间,保留上下文和requestId，提供人工重试,FROZEN_V1.2.2
adminProviderConfigGetProviderConfigs,GET,/admin-api/v1/provider-configs,供应商配置定义和当前激活版本,provider.config.read,R03,COMMON-400-VALIDATION;COMMON-401-UNAUTHENTICATED;COMMON-403-FORBIDDEN;COMMON-404-NOT_FOUND;COMMON-409-VERSION_CONFLICT;COMMON-422-BUSINESS_RULE;COMMON-429-RATE_LIMITED;COMMON-500-INTERNAL;CONFIG-409-ACTIVATION_FAILED,逐字段映射，不使用通用失败Toast,刷新/重新认证并恢复安全目标,收回操作入口且不泄露资源存在性,进入资源不存在/失效状态,重新加载version和差异，禁止盲目覆盖,展示业务原因并保留安全输入,显示服务端重试时间,保留上下文和requestId，提供人工重试,FROZEN_V1.2.2
adminProviderConfigGetProviderConfigsByProvider,GET,/admin-api/v1/provider-configs/{provider},指定供应商配置详情，秘密字段只返回是否已配置,provider.config.read,R03,COMMON-400-VALIDATION;COMMON-401-UNAUTHENTICATED;COMMON-403-FORBIDDEN;COMMON-404-NOT_FOUND;COMMON-409-VERSION_CONFLICT;COMMON-422-BUSINESS_RULE;COMMON-429-RATE_LIMITED;COMMON-500-INTERNAL;CONFIG-409-ACTIVATION_FAILED,逐字段映射，不使用通用失败Toast,刷新/重新认证并恢复安全目标,收回操作入口且不泄露资源存在性,进入资源不存在/失效状态,重新加载version和差异，禁止盲目覆盖,展示业务原因并保留安全输入,显示服务端重试时间,保留上下文和requestId，提供人工重试,FROZEN_V1.2.2
adminProviderConfigPostProviderConfigsByProviderVersions,POST,/admin-api/v1/provider-configs/{provider}/versions,创建供应商配置版本,provider.config.write,R03,COMMON-400-VALIDATION;COMMON-401-UNAUTHENTICATED;COMMON-403-FORBIDDEN;COMMON-404-NOT_FOUND;COMMON-409-VERSION_CONFLICT;COMMON-422-BUSINESS_RULE;COMMON-429-RATE_LIMITED;COMMON-500-INTERNAL;CONFIG-409-ACTIVATION_FAILED,逐字段映射，不使用通用失败Toast,刷新/重新认证并恢复安全目标,收回操作入口且不泄露资源存在性,进入资源不存在/失效状态,重新加载version和差异，禁止盲目覆盖,展示业务原因并保留安全输入,显示服务端重试时间,保留上下文和requestId，提供人工重试,FROZEN_V1.2.2
adminProviderConfigPostProviderConfigsByProviderTest,POST,/admin-api/v1/provider-configs/{provider}/test,连接或发送测试,provider.config.test,R03,COMMON-400-VALIDATION;COMMON-401-UNAUTHENTICATED;COMMON-403-FORBIDDEN;COMMON-404-NOT_FOUND;COMMON-409-VERSION_CONFLICT;COMMON-422-BUSINESS_RULE;COMMON-429-RATE_LIMITED;COMMON-500-INTERNAL;CONFIG-409-ACTIVATION_FAILED,逐字段映射，不使用通用失败Toast,刷新/重新认证并恢复安全目标,收回操作入口且不泄露资源存在性,进入资源不存在/失效状态,重新加载version和差异，禁止盲目覆盖,展示业务原因并保留安全输入,显示服务端重试时间,保留上下文和requestId，提供人工重试,FROZEN_V1.2.2
adminProviderConfigPostProviderConfigsByProviderActivate,POST,/admin-api/v1/provider-configs/{provider}/activate,双人复核后激活配置版本,provider.config.activate,R03,COMMON-400-VALIDATION;COMMON-401-UNAUTHENTICATED;COMMON-403-FORBIDDEN;COMMON-404-NOT_FOUND;COMMON-409-VERSION_CONFLICT;COMMON-422-BUSINESS_RULE;COMMON-429-RATE_LIMITED;COMMON-500-INTERNAL;CONFIG-409-ACTIVATION_FAILED,逐字段映射，不使用通用失败Toast,刷新/重新认证并恢复安全目标,收回操作入口且不泄露资源存在性,进入资源不存在/失效状态,重新加载version和差异，禁止盲目覆盖,展示业务原因并保留安全输入,显示服务端重试时间,保留上下文和requestId，提供人工重试,FROZEN_V1.2.2
adminProviderConfigPostProviderConfigsByProviderRollback,POST,/admin-api/v1/provider-configs/{provider}/rollback,回滚至指定已验证版本,provider.config.activate,R03,COMMON-400-VALIDATION;COMMON-401-UNAUTHENTICATED;COMMON-403-FORBIDDEN;COMMON-404-NOT_FOUND;COMMON-409-VERSION_CONFLICT;COMMON-422-BUSINESS_RULE;COMMON-429-RATE_LIMITED;COMMON-500-INTERNAL;CONFIG-409-ACTIVATION_FAILED,逐字段映射，不使用通用失败Toast,刷新/重新认证并恢复安全目标,收回操作入口且不泄露资源存在性,进入资源不存在/失效状态,重新加载version和差异，禁止盲目覆盖,展示业务原因并保留安全输入,显示服务端重试时间,保留上下文和requestId，提供人工重试,FROZEN_V1.2.2
adminProviderCertificatePostProviderCertificates,POST,/admin-api/v1/provider-certificates,上传加密证书或私钥文件,provider.certificate.write,R03,COMMON-400-VALIDATION;COMMON-401-UNAUTHENTICATED;COMMON-403-FORBIDDEN;COMMON-404-NOT_FOUND;COMMON-409-VERSION_CONFLICT;COMMON-422-BUSINESS_RULE;COMMON-429-RATE_LIMITED;COMMON-500-INTERNAL;CONFIG-409-ACTIVATION_FAILED,逐字段映射，不使用通用失败Toast,刷新/重新认证并恢复安全目标,收回操作入口且不泄露资源存在性,进入资源不存在/失效状态,重新加载version和差异，禁止盲目覆盖,展示业务原因并保留安全输入,显示服务端重试时间,保留上下文和requestId，提供人工重试,FROZEN_V1.2.2
adminProviderCertificateGetProviderCertificates,GET,/admin-api/v1/provider-certificates,证书列表和有效期，不返回原文,provider.certificate.read,R03,COMMON-400-VALIDATION;COMMON-401-UNAUTHENTICATED;COMMON-403-FORBIDDEN;COMMON-404-NOT_FOUND;COMMON-409-VERSION_CONFLICT;COMMON-422-BUSINESS_RULE;COMMON-429-RATE_LIMITED;COMMON-500-INTERNAL;CONFIG-409-ACTIVATION_FAILED,逐字段映射，不使用通用失败Toast,刷新/重新认证并恢复安全目标,收回操作入口且不泄露资源存在性,进入资源不存在/失效状态,重新加载version和差异，禁止盲目覆盖,展示业务原因并保留安全输入,显示服务端重试时间,保留上下文和requestId，提供人工重试,FROZEN_V1.2.2
adminProviderCertificatePostProviderCertificatesByIdRotate,POST,/admin-api/v1/provider-certificates/{id}/rotate,轮换证书并保留审计,provider.certificate.rotate,R03,COMMON-400-VALIDATION;COMMON-401-UNAUTHENTICATED;COMMON-403-FORBIDDEN;COMMON-404-NOT_FOUND;COMMON-409-VERSION_CONFLICT;COMMON-422-BUSINESS_RULE;COMMON-429-RATE_LIMITED;COMMON-500-INTERNAL;CONFIG-409-ACTIVATION_FAILED,逐字段映射，不使用通用失败Toast,刷新/重新认证并恢复安全目标,收回操作入口且不泄露资源存在性,进入资源不存在/失效状态,重新加载version和差异，禁止盲目覆盖,展示业务原因并保留安全输入,显示服务端重试时间,保留上下文和requestId，提供人工重试,FROZEN_V1.2.2
adminDomainConfigGetDomains,GET,/admin-api/v1/domains,环境域名与DNS验证状态,domain.read,R03,COMMON-400-VALIDATION;COMMON-401-UNAUTHENTICATED;COMMON-403-FORBIDDEN;COMMON-404-NOT_FOUND;COMMON-409-VERSION_CONFLICT;COMMON-422-BUSINESS_RULE;COMMON-429-RATE_LIMITED;COMMON-500-INTERNAL;CONFIG-409-ACTIVATION_FAILED,逐字段映射，不使用通用失败Toast,刷新/重新认证并恢复安全目标,收回操作入口且不泄露资源存在性,进入资源不存在/失效状态,重新加载version和差异，禁止盲目覆盖,展示业务原因并保留安全输入,显示服务端重试时间,保留上下文和requestId，提供人工重试,FROZEN_V1.2.2
adminDomainConfigPutDomainsByCode,PUT,/admin-api/v1/domains/{code},更新二级域名计划,domain.write,R03,COMMON-400-VALIDATION;COMMON-401-UNAUTHENTICATED;COMMON-403-FORBIDDEN;COMMON-404-NOT_FOUND;COMMON-409-VERSION_CONFLICT;COMMON-422-BUSINESS_RULE;COMMON-429-RATE_LIMITED;COMMON-500-INTERNAL;CONFIG-409-ACTIVATION_FAILED,逐字段映射，不使用通用失败Toast,刷新/重新认证并恢复安全目标,收回操作入口且不泄露资源存在性,进入资源不存在/失效状态,重新加载version和差异，禁止盲目覆盖,展示业务原因并保留安全输入,显示服务端重试时间,保留上下文和requestId，提供人工重试,FROZEN_V1.2.2
adminDomainConfigGetDomainsDnsActions,GET,/admin-api/v1/domains/dns-actions,生成需要用户解析的DNS操作清单,domain.read,R03,COMMON-400-VALIDATION;COMMON-401-UNAUTHENTICATED;COMMON-403-FORBIDDEN;COMMON-404-NOT_FOUND;COMMON-409-VERSION_CONFLICT;COMMON-422-BUSINESS_RULE;COMMON-429-RATE_LIMITED;COMMON-500-INTERNAL;CONFIG-409-ACTIVATION_FAILED,逐字段映射，不使用通用失败Toast,刷新/重新认证并恢复安全目标,收回操作入口且不泄露资源存在性,进入资源不存在/失效状态,重新加载version和差异，禁止盲目覆盖,展示业务原因并保留安全输入,显示服务端重试时间,保留上下文和requestId，提供人工重试,FROZEN_V1.2.2
adminDomainConfigPostDomainsByCodeVerify,POST,/admin-api/v1/domains/{code}/verify,验证解析和HTTPS可达性,domain.verify,R03,COMMON-400-VALIDATION;COMMON-401-UNAUTHENTICATED;COMMON-403-FORBIDDEN;COMMON-404-NOT_FOUND;COMMON-409-VERSION_CONFLICT;COMMON-422-BUSINESS_RULE;COMMON-429-RATE_LIMITED;COMMON-500-INTERNAL;CONFIG-409-ACTIVATION_FAILED,逐字段映射，不使用通用失败Toast,刷新/重新认证并恢复安全目标,收回操作入口且不泄露资源存在性,进入资源不存在/失效状态,重新加载version和差异，禁止盲目覆盖,展示业务原因并保留安全输入,显示服务端重试时间,保留上下文和requestId，提供人工重试,FROZEN_V1.2.2
adminAppBuildProfileGetAppBuildProfiles,GET,/admin-api/v1/app-build/profiles,App构建Profile列表,app.build.read,R29,COMMON-400-VALIDATION;COMMON-401-UNAUTHENTICATED;COMMON-403-FORBIDDEN;COMMON-404-NOT_FOUND;COMMON-409-VERSION_CONFLICT;COMMON-422-BUSINESS_RULE;COMMON-429-RATE_LIMITED;COMMON-500-INTERNAL,逐字段映射，不使用通用失败Toast,刷新/重新认证并恢复安全目标,收回操作入口且不泄露资源存在性,进入资源不存在/失效状态,重新加载version和差异，禁止盲目覆盖,展示业务原因并保留安全输入,显示服务端重试时间,保留上下文和requestId，提供人工重试,FROZEN_V1.2.2
adminAppBuildProfilePostAppBuildProfiles,POST,/admin-api/v1/app-build/profiles,创建构建Profile,app.build.write,R29,COMMON-400-VALIDATION;COMMON-401-UNAUTHENTICATED;COMMON-403-FORBIDDEN;COMMON-404-NOT_FOUND;COMMON-409-VERSION_CONFLICT;COMMON-422-BUSINESS_RULE;COMMON-429-RATE_LIMITED;COMMON-500-INTERNAL,逐字段映射，不使用通用失败Toast,刷新/重新认证并恢复安全目标,收回操作入口且不泄露资源存在性,进入资源不存在/失效状态,重新加载version和差异，禁止盲目覆盖,展示业务原因并保留安全输入,显示服务端重试时间,保留上下文和requestId，提供人工重试,FROZEN_V1.2.2
adminAppBuildProfilePutAppBuildProfilesById,PUT,/admin-api/v1/app-build/profiles/{id},修改构建Profile,app.build.write,R29,COMMON-400-VALIDATION;COMMON-401-UNAUTHENTICATED;COMMON-403-FORBIDDEN;COMMON-404-NOT_FOUND;COMMON-409-VERSION_CONFLICT;COMMON-422-BUSINESS_RULE;COMMON-429-RATE_LIMITED;COMMON-500-INTERNAL,逐字段映射，不使用通用失败Toast,刷新/重新认证并恢复安全目标,收回操作入口且不泄露资源存在性,进入资源不存在/失效状态,重新加载version和差异，禁止盲目覆盖,展示业务原因并保留安全输入,显示服务端重试时间,保留上下文和requestId，提供人工重试,FROZEN_V1.2.2
adminAppBuildJobGetAppBuildJobs,GET,/admin-api/v1/app-build/jobs,构建任务列表,app.build.read,R29,COMMON-400-VALIDATION;COMMON-401-UNAUTHENTICATED;COMMON-403-FORBIDDEN;COMMON-404-NOT_FOUND;COMMON-409-VERSION_CONFLICT;COMMON-422-BUSINESS_RULE;COMMON-429-RATE_LIMITED;COMMON-500-INTERNAL,逐字段映射，不使用通用失败Toast,刷新/重新认证并恢复安全目标,收回操作入口且不泄露资源存在性,进入资源不存在/失效状态,重新加载version和差异，禁止盲目覆盖,展示业务原因并保留安全输入,显示服务端重试时间,保留上下文和requestId，提供人工重试,FROZEN_V1.2.2
adminAppBuildJobPostAppBuildJobs,POST,/admin-api/v1/app-build/jobs,基于批准Git Ref创建官方App构建任务,app.build.run,R29,COMMON-400-VALIDATION;COMMON-401-UNAUTHENTICATED;COMMON-403-FORBIDDEN;COMMON-404-NOT_FOUND;COMMON-409-VERSION_CONFLICT;COMMON-422-BUSINESS_RULE;COMMON-429-RATE_LIMITED;COMMON-500-INTERNAL,逐字段映射，不使用通用失败Toast,刷新/重新认证并恢复安全目标,收回操作入口且不泄露资源存在性,进入资源不存在/失效状态,重新加载version和差异，禁止盲目覆盖,展示业务原因并保留安全输入,显示服务端重试时间,保留上下文和requestId，提供人工重试,FROZEN_V1.2.2
adminAppBuildJobGetAppBuildJobsById,GET,/admin-api/v1/app-build/jobs/{id},构建任务详情,app.build.read,R29,COMMON-400-VALIDATION;COMMON-401-UNAUTHENTICATED;COMMON-403-FORBIDDEN;COMMON-404-NOT_FOUND;COMMON-409-VERSION_CONFLICT;COMMON-422-BUSINESS_RULE;COMMON-429-RATE_LIMITED;COMMON-500-INTERNAL,逐字段映射，不使用通用失败Toast,刷新/重新认证并恢复安全目标,收回操作入口且不泄露资源存在性,进入资源不存在/失效状态,重新加载version和差异，禁止盲目覆盖,展示业务原因并保留安全输入,显示服务端重试时间,保留上下文和requestId，提供人工重试,FROZEN_V1.2.2
adminAppBuildJobGetAppBuildJobsByIdLogs,GET,/admin-api/v1/app-build/jobs/{id}/logs,构建步骤日志,app.build.read,R29,COMMON-400-VALIDATION;COMMON-401-UNAUTHENTICATED;COMMON-403-FORBIDDEN;COMMON-404-NOT_FOUND;COMMON-409-VERSION_CONFLICT;COMMON-422-BUSINESS_RULE;COMMON-429-RATE_LIMITED;COMMON-500-INTERNAL,逐字段映射，不使用通用失败Toast,刷新/重新认证并恢复安全目标,收回操作入口且不泄露资源存在性,进入资源不存在/失效状态,重新加载version和差异，禁止盲目覆盖,展示业务原因并保留安全输入,显示服务端重试时间,保留上下文和requestId，提供人工重试,FROZEN_V1.2.2
adminAppBuildJobPostAppBuildJobsByIdCancel,POST,/admin-api/v1/app-build/jobs/{id}/cancel,取消可取消的构建任务,app.build.run,R29,COMMON-400-VALIDATION;COMMON-401-UNAUTHENTICATED;COMMON-403-FORBIDDEN;COMMON-404-NOT_FOUND;COMMON-409-VERSION_CONFLICT;COMMON-422-BUSINESS_RULE;COMMON-429-RATE_LIMITED;COMMON-500-INTERNAL,逐字段映射，不使用通用失败Toast,刷新/重新认证并恢复安全目标,收回操作入口且不泄露资源存在性,进入资源不存在/失效状态,重新加载version和差异，禁止盲目覆盖,展示业务原因并保留安全输入,显示服务端重试时间,保留上下文和requestId，提供人工重试,FROZEN_V1.2.2
adminAppBuildJobPostAppBuildJobsByIdRetry,POST,/admin-api/v1/app-build/jobs/{id}/retry,按原Commit重试失败任务,app.build.run,R29,COMMON-400-VALIDATION;COMMON-401-UNAUTHENTICATED;COMMON-403-FORBIDDEN;COMMON-404-NOT_FOUND;COMMON-409-VERSION_CONFLICT;COMMON-422-BUSINESS_RULE;COMMON-429-RATE_LIMITED;COMMON-500-INTERNAL,逐字段映射，不使用通用失败Toast,刷新/重新认证并恢复安全目标,收回操作入口且不泄露资源存在性,进入资源不存在/失效状态,重新加载version和差异，禁止盲目覆盖,展示业务原因并保留安全输入,显示服务端重试时间,保留上下文和requestId，提供人工重试,FROZEN_V1.2.2
adminAppBuildArtifactGetAppBuildArtifacts,GET,/admin-api/v1/app-build/artifacts,构建产物列表,app.build.read,R29,COMMON-400-VALIDATION;COMMON-401-UNAUTHENTICATED;COMMON-403-FORBIDDEN;COMMON-404-NOT_FOUND;COMMON-409-VERSION_CONFLICT;COMMON-422-BUSINESS_RULE;COMMON-429-RATE_LIMITED;COMMON-500-INTERNAL,逐字段映射，不使用通用失败Toast,刷新/重新认证并恢复安全目标,收回操作入口且不泄露资源存在性,进入资源不存在/失效状态,重新加载version和差异，禁止盲目覆盖,展示业务原因并保留安全输入,显示服务端重试时间,保留上下文和requestId，提供人工重试,FROZEN_V1.2.2
adminAppBuildArtifactGetAppBuildArtifactsByIdDownload,GET,/admin-api/v1/app-build/artifacts/{id}/download,获取短期下载URL,app.build.download,R29,COMMON-400-VALIDATION;COMMON-401-UNAUTHENTICATED;COMMON-403-FORBIDDEN;COMMON-404-NOT_FOUND;COMMON-409-VERSION_CONFLICT;COMMON-422-BUSINESS_RULE;COMMON-429-RATE_LIMITED;COMMON-500-INTERNAL,逐字段映射，不使用通用失败Toast,刷新/重新认证并恢复安全目标,收回操作入口且不泄露资源存在性,进入资源不存在/失效状态,重新加载version和差异，禁止盲目覆盖,展示业务原因并保留安全输入,显示服务端重试时间,保留上下文和requestId，提供人工重试,FROZEN_V1.2.2
adminAppBuildReleasePostAppBuildJobsByIdPublishStaging,POST,/admin-api/v1/app-build/jobs/{id}/publish-staging,发布到测试下载渠道,app.release.write,R29,COMMON-400-VALIDATION;COMMON-401-UNAUTHENTICATED;COMMON-403-FORBIDDEN;COMMON-404-NOT_FOUND;COMMON-409-VERSION_CONFLICT;COMMON-422-BUSINESS_RULE;COMMON-429-RATE_LIMITED;COMMON-500-INTERNAL,逐字段映射，不使用通用失败Toast,刷新/重新认证并恢复安全目标,收回操作入口且不泄露资源存在性,进入资源不存在/失效状态,重新加载version和差异，禁止盲目覆盖,展示业务原因并保留安全输入,显示服务端重试时间,保留上下文和requestId，提供人工重试,FROZEN_V1.2.2
adminAppBuildReleasePostAppBuildJobsByIdPromote,POST,/admin-api/v1/app-build/jobs/{id}/promote,双人复核后晋级生产版本,app.release.approve,R29,COMMON-400-VALIDATION;COMMON-401-UNAUTHENTICATED;COMMON-403-FORBIDDEN;COMMON-404-NOT_FOUND;COMMON-409-VERSION_CONFLICT;COMMON-422-BUSINESS_RULE;COMMON-429-RATE_LIMITED;COMMON-500-INTERNAL,逐字段映射，不使用通用失败Toast,刷新/重新认证并恢复安全目标,收回操作入口且不泄露资源存在性,进入资源不存在/失效状态,重新加载version和差异，禁止盲目覆盖,展示业务原因并保留安全输入,显示服务端重试时间,保留上下文和requestId，提供人工重试,FROZEN_V1.2.2
adminAppSigningGetAppBuildSigningProfiles,GET,/admin-api/v1/app-build/signing-profiles,签名Profile元数据列表,app.signing.read,R29,COMMON-400-VALIDATION;COMMON-401-UNAUTHENTICATED;COMMON-403-FORBIDDEN;COMMON-404-NOT_FOUND;COMMON-409-VERSION_CONFLICT;COMMON-422-BUSINESS_RULE;COMMON-429-RATE_LIMITED;COMMON-500-INTERNAL;CONFIG-409-ACTIVATION_FAILED,逐字段映射，不使用通用失败Toast,刷新/重新认证并恢复安全目标,收回操作入口且不泄露资源存在性,进入资源不存在/失效状态,重新加载version和差异，禁止盲目覆盖,展示业务原因并保留安全输入,显示服务端重试时间,保留上下文和requestId，提供人工重试,FROZEN_V1.2.2
adminAppSigningPostAppBuildSigningProfiles,POST,/admin-api/v1/app-build/signing-profiles,创建或导入受保护签名Profile,app.signing.write,R29,COMMON-400-VALIDATION;COMMON-401-UNAUTHENTICATED;COMMON-403-FORBIDDEN;COMMON-404-NOT_FOUND;COMMON-409-VERSION_CONFLICT;COMMON-422-BUSINESS_RULE;COMMON-429-RATE_LIMITED;COMMON-500-INTERNAL;CONFIG-409-ACTIVATION_FAILED,逐字段映射，不使用通用失败Toast,刷新/重新认证并恢复安全目标,收回操作入口且不泄露资源存在性,进入资源不存在/失效状态,重新加载version和差异，禁止盲目覆盖,展示业务原因并保留安全输入,显示服务端重试时间,保留上下文和requestId，提供人工重试,FROZEN_V1.2.2
adminAppSigningPostAppBuildSigningProfilesByIdTest,POST,/admin-api/v1/app-build/signing-profiles/{id}/test,签名测试并返回证书指纹,app.signing.test,R29,COMMON-400-VALIDATION;COMMON-401-UNAUTHENTICATED;COMMON-403-FORBIDDEN;COMMON-404-NOT_FOUND;COMMON-409-VERSION_CONFLICT;COMMON-422-BUSINESS_RULE;COMMON-429-RATE_LIMITED;COMMON-500-INTERNAL;CONFIG-409-ACTIVATION_FAILED,逐字段映射，不使用通用失败Toast,刷新/重新认证并恢复安全目标,收回操作入口且不泄露资源存在性,进入资源不存在/失效状态,重新加载version和差异，禁止盲目覆盖,展示业务原因并保留安全输入,显示服务端重试时间,保留上下文和requestId，提供人工重试,FROZEN_V1.2.2
adminAccountingGetTransactions,GET,/admin-api/v1/accounting/transactions,会计交易列表,accounting.read,R24,COMMON-400-VALIDATION;COMMON-401-UNAUTHENTICATED;COMMON-403-FORBIDDEN;COMMON-404-NOT_FOUND;COMMON-409-VERSION_CONFLICT;COMMON-422-BUSINESS_RULE;COMMON-429-RATE_LIMITED;COMMON-500-INTERNAL,逐字段映射，不使用通用失败Toast,刷新/重新认证并恢复安全目标,收回操作入口且不泄露资源存在性,进入资源不存在/失效状态,重新加载version和差异，禁止盲目覆盖,展示业务原因并保留安全输入,显示服务端重试时间,保留上下文和requestId，提供人工重试,FROZEN_V1.2.2
adminAccountingGetTransactionById,GET,/admin-api/v1/accounting/transactions/{id},会计交易详情,accounting.read,R24,COMMON-400-VALIDATION;COMMON-401-UNAUTHENTICATED;COMMON-403-FORBIDDEN;COMMON-404-NOT_FOUND;COMMON-409-VERSION_CONFLICT;COMMON-422-BUSINESS_RULE;COMMON-429-RATE_LIMITED;COMMON-500-INTERNAL,逐字段映射，不使用通用失败Toast,刷新/重新认证并恢复安全目标,收回操作入口且不泄露资源存在性,进入资源不存在/失效状态,重新加载version和差异，禁止盲目覆盖,展示业务原因并保留安全输入,显示服务端重试时间,保留上下文和requestId，提供人工重试,FROZEN_V1.2.2
adminAccountingGetEntries,GET,/admin-api/v1/accounting/entries,会计分录列表,accounting.read,R24,COMMON-400-VALIDATION;COMMON-401-UNAUTHENTICATED;COMMON-403-FORBIDDEN;COMMON-404-NOT_FOUND;COMMON-409-VERSION_CONFLICT;COMMON-422-BUSINESS_RULE;COMMON-429-RATE_LIMITED;COMMON-500-INTERNAL,逐字段映射，不使用通用失败Toast,刷新/重新认证并恢复安全目标,收回操作入口且不泄露资源存在性,进入资源不存在/失效状态,重新加载version和差异，禁止盲目覆盖,展示业务原因并保留安全输入,显示服务端重试时间,保留上下文和requestId，提供人工重试,FROZEN_V1.2.2
adminAccountingPostReversal,POST,/admin-api/v1/accounting/transactions/{id}/reversals,申请会计冲正,accounting.reversal.request,R24,COMMON-400-VALIDATION;COMMON-401-UNAUTHENTICATED;COMMON-403-FORBIDDEN;COMMON-404-NOT_FOUND;COMMON-409-VERSION_CONFLICT;COMMON-422-BUSINESS_RULE;COMMON-429-RATE_LIMITED;COMMON-500-INTERNAL,逐字段映射，不使用通用失败Toast,刷新/重新认证并恢复安全目标,收回操作入口且不泄露资源存在性,进入资源不存在/失效状态,重新加载version和差异，禁止盲目覆盖,展示业务原因并保留安全输入,显示服务端重试时间,保留上下文和requestId，提供人工重试,FROZEN_V1.2.2
adminRiskRulesGetVersions,GET,/admin-api/v1/risk-rule-versions,风控规则版本列表,risk.rule.read,R31,COMMON-400-VALIDATION;COMMON-401-UNAUTHENTICATED;COMMON-403-FORBIDDEN;COMMON-404-NOT_FOUND;COMMON-409-VERSION_CONFLICT;COMMON-422-BUSINESS_RULE;COMMON-429-RATE_LIMITED;COMMON-500-INTERNAL,逐字段映射，不使用通用失败Toast,刷新/重新认证并恢复安全目标,收回操作入口且不泄露资源存在性,进入资源不存在/失效状态,重新加载version和差异，禁止盲目覆盖,展示业务原因并保留安全输入,显示服务端重试时间,保留上下文和requestId，提供人工重试,FROZEN_V1.2.2
adminRiskRulesPostVersion,POST,/admin-api/v1/risk-rule-versions,创建风控规则版本,risk.rule.manage,R31,COMMON-400-VALIDATION;COMMON-401-UNAUTHENTICATED;COMMON-403-FORBIDDEN;COMMON-404-NOT_FOUND;COMMON-409-VERSION_CONFLICT;COMMON-422-BUSINESS_RULE;COMMON-429-RATE_LIMITED;COMMON-500-INTERNAL,逐字段映射，不使用通用失败Toast,刷新/重新认证并恢复安全目标,收回操作入口且不泄露资源存在性,进入资源不存在/失效状态,重新加载version和差异，禁止盲目覆盖,展示业务原因并保留安全输入,显示服务端重试时间,保留上下文和requestId，提供人工重试,FROZEN_V1.2.2
adminRiskRulesPostSimulation,POST,/admin-api/v1/risk-rule-versions/{id}/simulate,模拟风控规则,risk.rule.simulate,R31,COMMON-400-VALIDATION;COMMON-401-UNAUTHENTICATED;COMMON-403-FORBIDDEN;COMMON-404-NOT_FOUND;COMMON-409-VERSION_CONFLICT;COMMON-422-BUSINESS_RULE;COMMON-429-RATE_LIMITED;COMMON-500-INTERNAL,逐字段映射，不使用通用失败Toast,刷新/重新认证并恢复安全目标,收回操作入口且不泄露资源存在性,进入资源不存在/失效状态,重新加载version和差异，禁止盲目覆盖,展示业务原因并保留安全输入,显示服务端重试时间,保留上下文和requestId，提供人工重试,FROZEN_V1.2.2
adminRiskRulesPostActivate,POST,/admin-api/v1/risk-rule-versions/{id}/activate,激活风控规则版本,risk.rule.activate,R31,COMMON-400-VALIDATION;COMMON-401-UNAUTHENTICATED;COMMON-403-FORBIDDEN;COMMON-404-NOT_FOUND;COMMON-409-VERSION_CONFLICT;COMMON-422-BUSINESS_RULE;COMMON-429-RATE_LIMITED;COMMON-500-INTERNAL,逐字段映射，不使用通用失败Toast,刷新/重新认证并恢复安全目标,收回操作入口且不泄露资源存在性,进入资源不存在/失效状态,重新加载version和差异，禁止盲目覆盖,展示业务原因并保留安全输入,显示服务端重试时间,保留上下文和requestId，提供人工重试,FROZEN_V1.2.2
adminNotificationGetTemplates,GET,/admin-api/v1/notification-templates,通知模板列表,notification.template.read,R30,COMMON-400-VALIDATION;COMMON-401-UNAUTHENTICATED;COMMON-403-FORBIDDEN;COMMON-404-NOT_FOUND;COMMON-409-VERSION_CONFLICT;COMMON-422-BUSINESS_RULE;COMMON-429-RATE_LIMITED;COMMON-500-INTERNAL,逐字段映射，不使用通用失败Toast,刷新/重新认证并恢复安全目标,收回操作入口且不泄露资源存在性,进入资源不存在/失效状态,重新加载version和差异，禁止盲目覆盖,展示业务原因并保留安全输入,显示服务端重试时间,保留上下文和requestId，提供人工重试,FROZEN_V1.2.2
adminNotificationPostTemplate,POST,/admin-api/v1/notification-templates,创建通知模板版本,notification.template.manage,R30,COMMON-400-VALIDATION;COMMON-401-UNAUTHENTICATED;COMMON-403-FORBIDDEN;COMMON-404-NOT_FOUND;COMMON-409-VERSION_CONFLICT;COMMON-422-BUSINESS_RULE;COMMON-429-RATE_LIMITED;COMMON-500-INTERNAL,逐字段映射，不使用通用失败Toast,刷新/重新认证并恢复安全目标,收回操作入口且不泄露资源存在性,进入资源不存在/失效状态,重新加载version和差异，禁止盲目覆盖,展示业务原因并保留安全输入,显示服务端重试时间,保留上下文和requestId，提供人工重试,FROZEN_V1.2.2
adminNotificationPatchTemplate,PATCH,/admin-api/v1/notification-templates/{id},修改通知模板草稿,notification.template.manage,R30,COMMON-400-VALIDATION;COMMON-401-UNAUTHENTICATED;COMMON-403-FORBIDDEN;COMMON-404-NOT_FOUND;COMMON-409-VERSION_CONFLICT;COMMON-422-BUSINESS_RULE;COMMON-429-RATE_LIMITED;COMMON-500-INTERNAL,逐字段映射，不使用通用失败Toast,刷新/重新认证并恢复安全目标,收回操作入口且不泄露资源存在性,进入资源不存在/失效状态,重新加载version和差异，禁止盲目覆盖,展示业务原因并保留安全输入,显示服务端重试时间,保留上下文和requestId，提供人工重试,FROZEN_V1.2.2
adminNotificationGetDeliveries,GET,/admin-api/v1/notification-deliveries,通知发送记录,notification.delivery.read,R30,COMMON-400-VALIDATION;COMMON-401-UNAUTHENTICATED;COMMON-403-FORBIDDEN;COMMON-404-NOT_FOUND;COMMON-409-VERSION_CONFLICT;COMMON-422-BUSINESS_RULE;COMMON-429-RATE_LIMITED;COMMON-500-INTERNAL,逐字段映射，不使用通用失败Toast,刷新/重新认证并恢复安全目标,收回操作入口且不泄露资源存在性,进入资源不存在/失效状态,重新加载version和差异，禁止盲目覆盖,展示业务原因并保留安全输入,显示服务端重试时间,保留上下文和requestId，提供人工重试,FROZEN_V1.2.2
adminNotificationPostDeliveryRetry,POST,/admin-api/v1/notification-deliveries/{id}/retry,重试失败通知,notification.delivery.retry,R30,COMMON-400-VALIDATION;COMMON-401-UNAUTHENTICATED;COMMON-403-FORBIDDEN;COMMON-404-NOT_FOUND;COMMON-409-VERSION_CONFLICT;COMMON-422-BUSINESS_RULE;COMMON-429-RATE_LIMITED;COMMON-500-INTERNAL,逐字段映射，不使用通用失败Toast,刷新/重新认证并恢复安全目标,收回操作入口且不泄露资源存在性,进入资源不存在/失效状态,重新加载version和差异，禁止盲目覆盖,展示业务原因并保留安全输入,显示服务端重试时间,保留上下文和requestId，提供人工重试,FROZEN_V1.2.2
adminExportsGetJobs,GET,/admin-api/v1/export-jobs,导出任务列表,export.read,R30,COMMON-400-VALIDATION;COMMON-401-UNAUTHENTICATED;COMMON-403-FORBIDDEN;COMMON-404-NOT_FOUND;COMMON-409-VERSION_CONFLICT;COMMON-422-BUSINESS_RULE;COMMON-429-RATE_LIMITED;COMMON-500-INTERNAL,逐字段映射，不使用通用失败Toast,刷新/重新认证并恢复安全目标,收回操作入口且不泄露资源存在性,进入资源不存在/失效状态,重新加载version和差异，禁止盲目覆盖,展示业务原因并保留安全输入,显示服务端重试时间,保留上下文和requestId，提供人工重试,FROZEN_V1.2.2
adminExportsPostJob,POST,/admin-api/v1/export-jobs,创建导出任务,export.create,R30,COMMON-400-VALIDATION;COMMON-401-UNAUTHENTICATED;COMMON-403-FORBIDDEN;COMMON-404-NOT_FOUND;COMMON-409-VERSION_CONFLICT;COMMON-422-BUSINESS_RULE;COMMON-429-RATE_LIMITED;COMMON-500-INTERNAL,逐字段映射，不使用通用失败Toast,刷新/重新认证并恢复安全目标,收回操作入口且不泄露资源存在性,进入资源不存在/失效状态,重新加载version和差异，禁止盲目覆盖,展示业务原因并保留安全输入,显示服务端重试时间,保留上下文和requestId，提供人工重试,FROZEN_V1.2.2
adminExportsGetJobById,GET,/admin-api/v1/export-jobs/{id},导出任务详情,export.read,R30,COMMON-400-VALIDATION;COMMON-401-UNAUTHENTICATED;COMMON-403-FORBIDDEN;COMMON-404-NOT_FOUND;COMMON-409-VERSION_CONFLICT;COMMON-422-BUSINESS_RULE;COMMON-429-RATE_LIMITED;COMMON-500-INTERNAL,逐字段映射，不使用通用失败Toast,刷新/重新认证并恢复安全目标,收回操作入口且不泄露资源存在性,进入资源不存在/失效状态,重新加载version和差异，禁止盲目覆盖,展示业务原因并保留安全输入,显示服务端重试时间,保留上下文和requestId，提供人工重试,FROZEN_V1.2.2
adminExportsPostDownloadToken,POST,/admin-api/v1/export-jobs/{id}/download-token,创建一次性下载令牌,export.download,R30,COMMON-400-VALIDATION;COMMON-401-UNAUTHENTICATED;COMMON-403-FORBIDDEN;COMMON-404-NOT_FOUND;COMMON-409-VERSION_CONFLICT;COMMON-422-BUSINESS_RULE;COMMON-429-RATE_LIMITED;COMMON-500-INTERNAL,逐字段映射，不使用通用失败Toast,刷新/重新认证并恢复安全目标,收回操作入口且不泄露资源存在性,进入资源不存在/失效状态,重新加载version和差异，禁止盲目覆盖,展示业务原因并保留安全输入,显示服务端重试时间,保留上下文和requestId，提供人工重试,FROZEN_V1.2.2
adminSelfGetSecurity,GET,/admin-api/v1/me/security,管理员安全概览,admin.self.read,R01,COMMON-400-VALIDATION;COMMON-401-UNAUTHENTICATED;COMMON-403-FORBIDDEN;COMMON-404-NOT_FOUND;COMMON-409-VERSION_CONFLICT;COMMON-422-BUSINESS_RULE;COMMON-429-RATE_LIMITED;COMMON-500-INTERNAL,逐字段映射，不使用通用失败Toast,刷新/重新认证并恢复安全目标,收回操作入口且不泄露资源存在性,进入资源不存在/失效状态,重新加载version和差异，禁止盲目覆盖,展示业务原因并保留安全输入,显示服务端重试时间,保留上下文和requestId，提供人工重试,FROZEN_V1.2.2
adminSelfPostPasswordChange,POST,/admin-api/v1/me/security/password/change,修改管理员密码,admin.self.security,R01,COMMON-400-VALIDATION;COMMON-401-UNAUTHENTICATED;COMMON-403-FORBIDDEN;COMMON-404-NOT_FOUND;COMMON-409-VERSION_CONFLICT;COMMON-422-BUSINESS_RULE;COMMON-429-RATE_LIMITED;COMMON-500-INTERNAL,逐字段映射，不使用通用失败Toast,刷新/重新认证并恢复安全目标,收回操作入口且不泄露资源存在性,进入资源不存在/失效状态,重新加载version和差异，禁止盲目覆盖,展示业务原因并保留安全输入,显示服务端重试时间,保留上下文和requestId，提供人工重试,FROZEN_V1.2.2
adminSelfPostMfaEnroll,POST,/admin-api/v1/me/security/mfa/enroll,开始绑定MFA,admin.self.security,R01,COMMON-400-VALIDATION;COMMON-401-UNAUTHENTICATED;COMMON-403-FORBIDDEN;COMMON-404-NOT_FOUND;COMMON-409-VERSION_CONFLICT;COMMON-422-BUSINESS_RULE;COMMON-429-RATE_LIMITED;COMMON-500-INTERNAL,逐字段映射，不使用通用失败Toast,刷新/重新认证并恢复安全目标,收回操作入口且不泄露资源存在性,进入资源不存在/失效状态,重新加载version和差异，禁止盲目覆盖,展示业务原因并保留安全输入,显示服务端重试时间,保留上下文和requestId，提供人工重试,FROZEN_V1.2.2
adminSelfPostMfaConfirm,POST,/admin-api/v1/me/security/mfa/confirm,确认绑定MFA,admin.self.security,R01,COMMON-400-VALIDATION;COMMON-401-UNAUTHENTICATED;COMMON-403-FORBIDDEN;COMMON-404-NOT_FOUND;COMMON-409-VERSION_CONFLICT;COMMON-422-BUSINESS_RULE;COMMON-429-RATE_LIMITED;COMMON-500-INTERNAL,逐字段映射，不使用通用失败Toast,刷新/重新认证并恢复安全目标,收回操作入口且不泄露资源存在性,进入资源不存在/失效状态,重新加载version和差异，禁止盲目覆盖,展示业务原因并保留安全输入,显示服务端重试时间,保留上下文和requestId，提供人工重试,FROZEN_V1.2.2
adminSelfPostMfaDisable,POST,/admin-api/v1/me/security/mfa/disable,解绑MFA,admin.self.security,R01,COMMON-400-VALIDATION;COMMON-401-UNAUTHENTICATED;COMMON-403-FORBIDDEN;COMMON-404-NOT_FOUND;COMMON-409-VERSION_CONFLICT;COMMON-422-BUSINESS_RULE;COMMON-429-RATE_LIMITED;COMMON-500-INTERNAL,逐字段映射，不使用通用失败Toast,刷新/重新认证并恢复安全目标,收回操作入口且不泄露资源存在性,进入资源不存在/失效状态,重新加载version和差异，禁止盲目覆盖,展示业务原因并保留安全输入,显示服务端重试时间,保留上下文和requestId，提供人工重试,FROZEN_V1.2.2
